  0
SECTION
  2
HEADER
  9
$ANGBASE
  50
0.0
  9
$ANGDIR
  70
1
  9
$MEASUREMENT
  70
0
  0
ENDSEC
  0
SECTION
  2
TABLES
  0
TABLE
  2
LTYPE
  70
4
  0
LTYPE
  5
40F
  2
CONTINUOUS
  70
0
  3
Solid line
  72
65
  73
0
  40
0.0
  0
LTYPE
  5
410
  2
DASHDOT
 70
0
  3
Dash Dot ____ _ ____ _
 72
65
 73
4
 40
2.0
 49
1.25
 49
-0.25
 49
0.25
 49
-0.25
  0
LTYPE
  5
411
  2
DASHED
 70
0
  3
Dashed __ __ __ __ __
 72
65
 73
2
 40
0.75
 49
0.5
 49
-0.25
  0
LTYPE
  5
43B
  2
DOTTED
 70
0
  3
Dotted .  .  .  .
 72
65
 73
2
 40
0.2
 49
0.0
 49
-0.2
  0
ENDTAB
  0
TABLE
  2
STYLE
  70
4
  0
STYLE
  2
KICAD
  70
0
  40
0
  41
1
  42
1
  50
0
  71
0
  3
isocp.shx
  0
STYLE
  2
KICADB
  70
0
  40
0
  41
1
  42
1
  50
0
  71
0
  3
isocp.shx
  0
STYLE
  2
KICADI
  70
0
  40
0
  41
1
  42
1
  50
15
  71
0
  3
isocp.shx
  0
STYLE
  2
KICADBI
  70
0
  40
0
  41
1
  42
1
  50
15
  71
0
  3
isocp.shx
  0
ENDTAB
  0
TABLE
  2
LAYER
  70
1
  0
LAYER
  2
BLACK
  70
0
  62
7
  6
CONTINUOUS
  0
ENDTAB
  0
ENDSEC
  0
SECTION
  2
ENTITIES
0
LINE
8
BLACK
6
CONTINUOUS
10
1.5321732283464566
20
0.1218818897637795
11
1.5427592125984251
21
0.121188031496063
0
LINE
8
BLACK
6
CONTINUOUS
10
1.5427592125984251
20
0.121188031496063
11
1.5531640551181103
21
0.1191183858267716
0
LINE
8
BLACK
6
CONTINUOUS
10
1.5531640551181103
20
0.1191183858267716
11
1.5632097637795275
21
0.1157083464566929
0
LINE
8
BLACK
6
CONTINUOUS
10
1.5632097637795275
20
0.1157083464566929
11
1.5727244094488189
21
0.1110162204724409
0
LINE
8
BLACK
6
CONTINUOUS
10
1.5727244094488189
20
0.1110162204724409
11
1.5815452362204725
21
0.1051223622047244
0
LINE
8
BLACK
6
CONTINUOUS
10
1.5815452362204725
20
0.1051223622047244
11
1.5895212598425197
21
0.0981275590551181
0
LINE
8
BLACK
6
CONTINUOUS
10
1.5895212598425197
20
0.0981275590551181
11
1.596516062992126
21
0.0901515354330709
0
LINE
8
BLACK
6
CONTINUOUS
10
1.596516062992126
20
0.0901515354330709
11
1.6024099212598424
21
0.0813307086614173
0
LINE
8
BLACK
6
CONTINUOUS
10
1.6024099212598424
20
0.0813307086614173
11
1.6071020472440944
21
0.071816062992126
0
LINE
8
BLACK
6
CONTINUOUS
10
1.6071020472440944
20
0.071816062992126
11
1.6105120866141731
21
0.0617703543307087
0
LINE
8
BLACK
6
CONTINUOUS
10
1.6105120866141731
20
0.0617703543307087
11
1.6125817322834646
21
0.0513655118110236
0
LINE
8
BLACK
6
CONTINUOUS
10
1.6125817322834646
20
0.0513655118110236
11
1.613120748031496
21
0.0431417322834646
0
LINE
8
BLACK
6
CONTINUOUS
10
1.613120748031496
20
0.0431417322834646
11
1.7290236220472441
21
0.0431417322834646
0
LINE
8
BLACK
6
CONTINUOUS
10
1.7290236220472441
20
0.0431417322834646
11
1.730693937007874
21
0.042449842519685
0
LINE
8
BLACK
6
CONTINUOUS
10
1.730693937007874
20
0.042449842519685
11
1.7313858267716535
21
0.0407795275590551
0
LINE
8
BLACK
6
CONTINUOUS
10
1.7313858267716535
20
0.0407795275590551
11
1.730693937007874
21
0.0391092125984252
0
LINE
8
BLACK
6
CONTINUOUS
10
1.730693937007874
20
0.0391092125984252
11
1.7290236220472441
21
0.0384173228346457
0
LINE
8
BLACK
6
CONTINUOUS
10
1.7290236220472441
20
0.0384173228346457
11
1.6109133858267717
21
0.0384173228346457
0
LINE
8
BLACK
6
CONTINUOUS
10
1.6109133858267717
20
0.0384173228346457
11
1.610634251968504
21
0.0385329527559055
0
LINE
8
BLACK
6
CONTINUOUS
10
1.610634251968504
20
0.0385329527559055
11
1.6101834251968503
21
0.0385329527559055
0
LINE
8
BLACK
6
CONTINUOUS
10
1.6101834251968503
20
0.0385329527559055
11
1.6095854724409449
21
0.0389673622047244
0
LINE
8
BLACK
6
CONTINUOUS
10
1.6095854724409449
20
0.0389673622047244
11
1.6092430708661416
21
0.0391092125984252
0
LINE
8
BLACK
6
CONTINUOUS
10
1.6092430708661416
20
0.0391092125984252
11
1.60917968503937
21
0.0392621653543307
0
LINE
8
BLACK
6
CONTINUOUS
10
1.60917968503937
20
0.0392621653543307
11
1.6090023228346457
21
0.039391062992126
0
LINE
8
BLACK
6
CONTINUOUS
10
1.6090023228346457
20
0.039391062992126
11
1.6085511811023621
21
0.0407795275590551
0
LINE
8
BLACK
6
CONTINUOUS
10
1.6085511811023621
20
0.0407795275590551
11
1.6085511811023621
21
0.0457855905511811
0
LINE
8
BLACK
6
CONTINUOUS
10
1.6085511811023621
20
0.0457855905511811
11
1.6072443307086615
21
0.0557120866141732
0
LINE
8
BLACK
6
CONTINUOUS
10
1.6072443307086615
20
0.0557120866141732
11
1.604653031496063
21
0.0653831102362205
0
LINE
8
BLACK
6
CONTINUOUS
10
1.604653031496063
20
0.0653831102362205
11
1.6008215354330708
21
0.0746331102362205
0
LINE
8
BLACK
6
CONTINUOUS
10
1.6008215354330708
20
0.0746331102362205
11
1.595815433070866
21
0.0833038976377953
0
LINE
8
BLACK
6
CONTINUOUS
10
1.595815433070866
20
0.0833038976377953
11
1.5897204330708661
21
0.0912470866141732
0
LINE
8
BLACK
6
CONTINUOUS
10
1.5897204330708661
20
0.0912470866141732
11
1.5826407874015749
21
0.0983267322834646
0
LINE
8
BLACK
6
CONTINUOUS
10
1.5826407874015749
20
0.0983267322834646
11
1.5746975984251967
21
0.1044217322834646
0
LINE
8
BLACK
6
CONTINUOUS
10
1.5746975984251967
20
0.1044217322834646
11
1.566026811023622
21
0.1094278346456693
0
LINE
8
BLACK
6
CONTINUOUS
10
1.566026811023622
20
0.1094278346456693
11
1.556776811023622
21
0.1132593307086614
0
LINE
8
BLACK
6
CONTINUOUS
10
1.556776811023622
20
0.1132593307086614
11
1.5471057874015748
21
0.1158506299212598
0
LINE
8
BLACK
6
CONTINUOUS
10
1.5471057874015748
20
0.1158506299212598
11
1.5371792913385827
21
0.1171574803149606
0
LINE
8
BLACK
6
CONTINUOUS
10
1.5371792913385827
20
0.1171574803149606
11
1.5321732283464566
21
0.1171574803149606
0
LINE
8
BLACK
6
CONTINUOUS
10
1.5321732283464566
20
0.1171574803149606
11
1.1384724409448819
21
0.1171574803149606
0
LINE
8
BLACK
6
CONTINUOUS
10
1.1384724409448819
20
0.1171574803149606
11
1.1334663779527558
21
0.1171574803149606
0
LINE
8
BLACK
6
CONTINUOUS
10
1.1334663779527558
20
0.1171574803149606
11
1.1235398818897637
21
0.1158506299212598
0
LINE
8
BLACK
6
CONTINUOUS
10
1.1235398818897637
20
0.1158506299212598
11
1.1138688582677165
21
0.1132593307086614
0
LINE
8
BLACK
6
CONTINUOUS
10
1.1138688582677165
20
0.1132593307086614
11
1.1046188582677166
21
0.1094278346456693
0
LINE
8
BLACK
6
CONTINUOUS
10
1.1046188582677166
20
0.1094278346456693
11
1.0959480708661418
21
0.1044217322834646
0
LINE
8
BLACK
6
CONTINUOUS
10
1.0959480708661418
20
0.1044217322834646
11
1.0880048818897639
21
0.0983267322834646
0
LINE
8
BLACK
6
CONTINUOUS
10
1.0880048818897639
20
0.0983267322834646
11
1.0809252362204724
21
0.0912470866141732
0
LINE
8
BLACK
6
CONTINUOUS
10
1.0809252362204724
20
0.0912470866141732
11
1.0748302362204725
21
0.0833038976377953
0
LINE
8
BLACK
6
CONTINUOUS
10
1.0748302362204725
20
0.0833038976377953
11
1.0698241338582677
21
0.0746331102362205
0
LINE
8
BLACK
6
CONTINUOUS
10
1.0698241338582677
20
0.0746331102362205
11
1.0659926377952755
21
0.0653831102362205
0
LINE
8
BLACK
6
CONTINUOUS
10
1.0659926377952755
20
0.0653831102362205
11
1.063401338582677
21
0.0557120866141732
0
LINE
8
BLACK
6
CONTINUOUS
10
1.063401338582677
20
0.0557120866141732
11
1.0620944881889764
21
0.0457855905511811
0
LINE
8
BLACK
6
CONTINUOUS
10
1.0620944881889764
20
0.0457855905511811
11
1.0620944881889764
21
0.0407795275590551
0
LINE
8
BLACK
6
CONTINUOUS
10
1.0620944881889764
20
0.0407795275590551
11
1.0616433464566928
21
0.039391062992126
0
LINE
8
BLACK
6
CONTINUOUS
10
1.0616433464566928
20
0.039391062992126
11
1.0604622440944882
21
0.0385329527559055
0
LINE
8
BLACK
6
CONTINUOUS
10
1.0604622440944882
20
0.0385329527559055
11
1.0590023228346457
21
0.0385329527559055
0
LINE
8
BLACK
6
CONTINUOUS
10
1.0590023228346457
20
0.0385329527559055
11
1.0578212204724409
21
0.039391062992126
0
LINE
8
BLACK
6
CONTINUOUS
10
1.0578212204724409
20
0.039391062992126
11
1.0573700787401574
21
0.0407795275590551
0
LINE
8
BLACK
6
CONTINUOUS
10
1.0573700787401574
20
0.0407795275590551
11
1.0580639370078739
21
0.0513655118110236
0
LINE
8
BLACK
6
CONTINUOUS
10
1.0580639370078739
20
0.0513655118110236
11
1.0601335826771654
21
0.0617703543307087
0
LINE
8
BLACK
6
CONTINUOUS
10
1.0601335826771654
20
0.0617703543307087
11
1.0635436220472441
21
0.071816062992126
0
LINE
8
BLACK
6
CONTINUOUS
10
1.0635436220472441
20
0.071816062992126
11
1.0682357480314961
21
0.0813307086614173
0
LINE
8
BLACK
6
CONTINUOUS
10
1.0682357480314961
20
0.0813307086614173
11
1.0741296062992125
21
0.0901515354330709
0
LINE
8
BLACK
6
CONTINUOUS
10
1.0741296062992125
20
0.0901515354330709
11
1.0811244094488188
21
0.0981275590551181
0
LINE
8
BLACK
6
CONTINUOUS
10
1.0811244094488188
20
0.0981275590551181
11
1.089100433070866
21
0.1051223622047244
0
LINE
8
BLACK
6
CONTINUOUS
10
1.089100433070866
20
0.1051223622047244
11
1.0979212598425196
21
0.1110162204724409
0
LINE
8
BLACK
6
CONTINUOUS
10
1.0979212598425196
20
0.1110162204724409
11
1.107435905511811
21
0.1157083464566929
0
LINE
8
BLACK
6
CONTINUOUS
10
1.107435905511811
20
0.1157083464566929
11
1.1174816141732282
21
0.1191183858267716
0
LINE
8
BLACK
6
CONTINUOUS
10
1.1174816141732282
20
0.1191183858267716
11
1.1278864566929134
21
0.121188031496063
0
LINE
8
BLACK
6
CONTINUOUS
10
1.1278864566929134
20
0.121188031496063
11
1.1384724409448819
21
0.1218818897637795
0
LINE
8
BLACK
6
CONTINUOUS
10
1.1384724409448819
20
0.1218818897637795
11
1.5321732283464566
21
0.1218818897637795
0
LINE
8
BLACK
6
CONTINUOUS
10
1.6125837007874015
20
0.4361506299212599
11
1.6132755905511811
21
0.4344803149606299
0
LINE
8
BLACK
6
CONTINUOUS
10
1.6132755905511811
20
0.4344803149606299
11
1.6132755905511811
21
0.1195196850393701
0
LINE
8
BLACK
6
CONTINUOUS
10
1.6132755905511811
20
0.1195196850393701
11
1.6125837007874015
21
0.1178493700787401
0
LINE
8
BLACK
6
CONTINUOUS
10
1.6125837007874015
20
0.1178493700787401
11
1.6109133858267717
21
0.1171574803149606
0
LINE
8
BLACK
6
CONTINUOUS
10
1.6109133858267717
20
0.1171574803149606
11
1.6092430708661416
21
0.1178493700787401
0
LINE
8
BLACK
6
CONTINUOUS
10
1.6092430708661416
20
0.1178493700787401
11
1.6085511811023621
21
0.1195196850393701
0
LINE
8
BLACK
6
CONTINUOUS
10
1.6085511811023621
20
0.1195196850393701
11
1.6085511811023621
21
0.4344803149606299
0
LINE
8
BLACK
6
CONTINUOUS
10
1.6085511811023621
20
0.4344803149606299
11
1.6092430708661416
21
0.4361506299212599
0
LINE
8
BLACK
6
CONTINUOUS
10
1.6092430708661416
20
0.4361506299212599
11
1.6109133858267717
21
0.4368425196850393
0
LINE
8
BLACK
6
CONTINUOUS
10
1.6109133858267717
20
0.4368425196850393
11
1.6125837007874015
21
0.4361506299212599
0
LINE
8
BLACK
6
CONTINUOUS
10
1.5732136220472441
20
0.3967805511811023
11
1.5739055118110237
21
0.3951102362204724
0
LINE
8
BLACK
6
CONTINUOUS
10
1.5739055118110237
20
0.3951102362204724
11
1.5739055118110237
21
0.1588897637795275
0
LINE
8
BLACK
6
CONTINUOUS
10
1.5739055118110237
20
0.1588897637795275
11
1.5732136220472441
21
0.1572194488188976
0
LINE
8
BLACK
6
CONTINUOUS
10
1.5732136220472441
20
0.1572194488188976
11
1.571543307086614
21
0.1565275590551181
0
LINE
8
BLACK
6
CONTINUOUS
10
1.571543307086614
20
0.1565275590551181
11
1.5698729921259842
21
0.1572194488188976
0
LINE
8
BLACK
6
CONTINUOUS
10
1.5698729921259842
20
0.1572194488188976
11
1.5691811023622046
21
0.1588897637795275
0
LINE
8
BLACK
6
CONTINUOUS
10
1.5691811023622046
20
0.1588897637795275
11
1.5691811023622046
21
0.3951102362204724
0
LINE
8
BLACK
6
CONTINUOUS
10
1.5691811023622046
20
0.3951102362204724
11
1.5698729921259842
21
0.3967805511811023
0
LINE
8
BLACK
6
CONTINUOUS
10
1.5698729921259842
20
0.3967805511811023
11
1.571543307086614
21
0.3974724409448819
0
LINE
8
BLACK
6
CONTINUOUS
10
1.571543307086614
20
0.3974724409448819
11
1.5732136220472441
21
0.3967805511811023
0
LINE
8
BLACK
6
CONTINUOUS
10
0.4282619291338582
20
0.2069879527559055
11
0.4289527559055118
21
0.2050899606299212
0
LINE
8
BLACK
6
CONTINUOUS
10
0.4289527559055118
20
0.2050899606299212
11
0.4289527559055118
21
0.1930446062992126
0
LINE
8
BLACK
6
CONTINUOUS
10
0.4289527559055118
20
0.1930446062992126
11
0.4409981496062992
21
0.1930446062992126
0
LINE
8
BLACK
6
CONTINUOUS
10
0.4409981496062992
20
0.1930446062992126
11
0.4420080708661417
21
0.1928665354330709
0
LINE
8
BLACK
6
CONTINUOUS
10
0.4420080708661417
20
0.1928665354330709
11
0.4435553149606299
21
0.1915682283464567
0
LINE
8
BLACK
6
CONTINUOUS
10
0.4435553149606299
20
0.1915682283464567
11
0.443906062992126
21
0.189579094488189
0
LINE
8
BLACK
6
CONTINUOUS
10
0.443906062992126
20
0.189579094488189
11
0.4428961417322835
21
0.1878299212598425
0
LINE
8
BLACK
6
CONTINUOUS
10
0.4428961417322835
20
0.1878299212598425
11
0.4409981496062992
21
0.187139094488189
0
LINE
8
BLACK
6
CONTINUOUS
10
0.4409981496062992
20
0.187139094488189
11
0.4289527559055118
21
0.187139094488189
0
LINE
8
BLACK
6
CONTINUOUS
10
0.4289527559055118
20
0.187139094488189
11
0.4289527559055118
21
0.1750937007874016
0
LINE
8
BLACK
6
CONTINUOUS
10
0.4289527559055118
20
0.1750937007874016
11
0.4287746850393701
21
0.174083779527559
0
LINE
8
BLACK
6
CONTINUOUS
10
0.4287746850393701
20
0.174083779527559
11
0.4274763779527559
21
0.1725365354330709
0
LINE
8
BLACK
6
CONTINUOUS
10
0.4274763779527559
20
0.1725365354330709
11
0.4254872440944882
21
0.1721857874015748
0
LINE
8
BLACK
6
CONTINUOUS
10
0.4254872440944882
20
0.1721857874015748
11
0.4237380708661417
21
0.1731957086614173
0
LINE
8
BLACK
6
CONTINUOUS
10
0.4237380708661417
20
0.1731957086614173
11
0.4230472440944882
21
0.1750937007874016
0
LINE
8
BLACK
6
CONTINUOUS
10
0.4230472440944882
20
0.1750937007874016
11
0.4230472440944882
21
0.187139094488189
0
LINE
8
BLACK
6
CONTINUOUS
10
0.4230472440944882
20
0.187139094488189
11
0.4110018897637795
21
0.187139094488189
0
LINE
8
BLACK
6
CONTINUOUS
10
0.4110018897637795
20
0.187139094488189
11
0.409991968503937
21
0.1873171653543307
0
LINE
8
BLACK
6
CONTINUOUS
10
0.409991968503937
20
0.1873171653543307
11
0.4084447244094488
21
0.1886154724409449
0
LINE
8
BLACK
6
CONTINUOUS
10
0.4084447244094488
20
0.1886154724409449
11
0.4080939763779527
21
0.1906046062992126
0
LINE
8
BLACK
6
CONTINUOUS
10
0.4080939763779527
20
0.1906046062992126
11
0.4091038976377953
21
0.1923537795275591
0
LINE
8
BLACK
6
CONTINUOUS
10
0.4091038976377953
20
0.1923537795275591
11
0.4110018897637795
21
0.1930446062992126
0
LINE
8
BLACK
6
CONTINUOUS
10
0.4110018897637795
20
0.1930446062992126
11
0.4230472440944882
21
0.1930446062992126
0
LINE
8
BLACK
6
CONTINUOUS
10
0.4230472440944882
20
0.1930446062992126
11
0.4230472440944882
21
0.2050899606299212
0
LINE
8
BLACK
6
CONTINUOUS
10
0.4230472440944882
20
0.2050899606299212
11
0.4232253149606299
21
0.2060998818897638
0
LINE
8
BLACK
6
CONTINUOUS
10
0.4232253149606299
20
0.2060998818897638
11
0.4245236220472441
21
0.207647125984252
0
LINE
8
BLACK
6
CONTINUOUS
10
0.4245236220472441
20
0.207647125984252
11
0.4265127559055118
21
0.207997874015748
0
LINE
8
BLACK
6
CONTINUOUS
10
0.4265127559055118
20
0.207997874015748
11
0.4282619291338582
21
0.2069879527559055
0
LINE
8
BLACK
6
CONTINUOUS
10
1.5338435433070865
20
0.3574104724409449
11
1.534535433070866
21
0.355740157480315
0
LINE
8
BLACK
6
CONTINUOUS
10
1.534535433070866
20
0.355740157480315
11
1.534535433070866
21
0.198259842519685
0
LINE
8
BLACK
6
CONTINUOUS
10
1.534535433070866
20
0.198259842519685
11
1.5338435433070865
21
0.1965895275590551
0
LINE
8
BLACK
6
CONTINUOUS
10
1.5338435433070865
20
0.1965895275590551
11
1.5321732283464566
21
0.1958976377952756
0
LINE
8
BLACK
6
CONTINUOUS
10
1.5321732283464566
20
0.1958976377952756
11
1.5305029133858268
21
0.1965895275590551
0
LINE
8
BLACK
6
CONTINUOUS
10
1.5305029133858268
20
0.1965895275590551
11
1.5298110236220472
21
0.198259842519685
0
LINE
8
BLACK
6
CONTINUOUS
10
1.5298110236220472
20
0.198259842519685
11
1.5298110236220472
21
0.355740157480315
0
LINE
8
BLACK
6
CONTINUOUS
10
1.5298110236220472
20
0.355740157480315
11
1.5305029133858268
21
0.3574104724409449
0
LINE
8
BLACK
6
CONTINUOUS
10
1.5305029133858268
20
0.3574104724409449
11
1.5321732283464566
21
0.3581023622047244
0
LINE
8
BLACK
6
CONTINUOUS
10
1.5321732283464566
20
0.3581023622047244
11
1.5338435433070865
21
0.3574104724409449
0
LINE
8
BLACK
6
CONTINUOUS
10
1.4944734645669291
20
0.3180403937007874
11
1.4951653543307086
21
0.3163700787401575
0
LINE
8
BLACK
6
CONTINUOUS
10
1.4951653543307086
20
0.3163700787401575
11
1.4951653543307086
21
0.2376299212598425
0
LINE
8
BLACK
6
CONTINUOUS
10
1.4951653543307086
20
0.2376299212598425
11
1.4944734645669291
21
0.2359596062992126
0
LINE
8
BLACK
6
CONTINUOUS
10
1.4944734645669291
20
0.2359596062992126
11
1.4928031496062992
21
0.2352677165354331
0
LINE
8
BLACK
6
CONTINUOUS
10
1.4928031496062992
20
0.2352677165354331
11
1.4911328346456691
21
0.2359596062992126
0
LINE
8
BLACK
6
CONTINUOUS
10
1.4911328346456691
20
0.2359596062992126
11
1.4904409448818898
21
0.2376299212598425
0
LINE
8
BLACK
6
CONTINUOUS
10
1.4904409448818898
20
0.2376299212598425
11
1.4904409448818898
21
0.3163700787401575
0
LINE
8
BLACK
6
CONTINUOUS
10
1.4904409448818898
20
0.3163700787401575
11
1.4911328346456691
21
0.3180403937007874
0
LINE
8
BLACK
6
CONTINUOUS
10
1.4911328346456691
20
0.3180403937007874
11
1.4928031496062992
21
0.3187322834645669
0
LINE
8
BLACK
6
CONTINUOUS
10
1.4928031496062992
20
0.3187322834645669
11
1.4944734645669291
21
0.3180403937007874
0
LINE
8
BLACK
6
CONTINUOUS
10
0.6580762598425197
20
0.3032384645669291
11
0.6582114960629921
21
0.3031249606299213
0
LINE
8
BLACK
6
CONTINUOUS
10
0.6582114960629921
20
0.3031249606299213
11
0.6583868503937008
21
0.3031048031496063
0
LINE
8
BLACK
6
CONTINUOUS
10
0.6583868503937008
20
0.3031048031496063
11
0.6621363779527559
21
0.3012300393700788
0
LINE
8
BLACK
6
CONTINUOUS
10
0.6621363779527559
20
0.3012300393700788
11
0.6628454330708661
21
0.300704094488189
0
LINE
8
BLACK
6
CONTINUOUS
10
0.6628454330708661
20
0.300704094488189
11
0.6629037795275591
21
0.3006769291338582
0
LINE
8
BLACK
6
CONTINUOUS
10
0.6629037795275591
20
0.3006769291338582
11
0.6647785433070866
21
0.2988021653543307
0
LINE
8
BLACK
6
CONTINUOUS
10
0.6647785433070866
20
0.2988021653543307
11
0.6652848031496063
21
0.2980790551181102
0
LINE
8
BLACK
6
CONTINUOUS
10
0.6652848031496063
20
0.2980790551181102
11
0.665331653543307
21
0.2980347637795275
0
LINE
8
BLACK
6
CONTINUOUS
10
0.665331653543307
20
0.2980347637795275
11
0.6672064173228346
21
0.2942852362204724
0
LINE
8
BLACK
6
CONTINUOUS
10
0.6672064173228346
20
0.2942852362204724
11
0.6674987795275591
21
0.2933023228346457
0
LINE
8
BLACK
6
CONTINUOUS
10
0.6674987795275591
20
0.2933023228346457
11
0.6674577559055118
21
0.2931305905511811
0
LINE
8
BLACK
6
CONTINUOUS
10
0.6674577559055118
20
0.2931305905511811
11
0.6675181496062992
21
0.2929647244094488
0
LINE
8
BLACK
6
CONTINUOUS
10
0.6675181496062992
20
0.2929647244094488
11
0.6675181496062992
21
0.2892151968503937
0
LINE
8
BLACK
6
CONTINUOUS
10
0.6675181496062992
20
0.2892151968503937
11
0.6673400787401574
21
0.2882052755905512
0
LINE
8
BLACK
6
CONTINUOUS
10
0.6673400787401574
20
0.2882052755905512
11
0.6672265748031496
21
0.28807
0
LINE
8
BLACK
6
CONTINUOUS
10
0.6672265748031496
20
0.28807
11
0.6672064173228346
21
0.28789468503937
0
LINE
8
BLACK
6
CONTINUOUS
10
0.6672064173228346
20
0.28789468503937
11
0.665331653543307
21
0.2841451574803149
0
LINE
8
BLACK
6
CONTINUOUS
10
0.665331653543307
20
0.2841451574803149
11
0.6648057480314961
21
0.283436062992126
0
LINE
8
BLACK
6
CONTINUOUS
10
0.6648057480314961
20
0.283436062992126
11
0.6647785433070866
21
0.2833777559055118
0
LINE
8
BLACK
6
CONTINUOUS
10
0.6647785433070866
20
0.2833777559055118
11
0.6638961811023621
21
0.2824953937007874
0
LINE
8
BLACK
6
CONTINUOUS
10
0.6638961811023621
20
0.2824953937007874
11
0.6645261417322834
21
0.2821543307086614
0
LINE
8
BLACK
6
CONTINUOUS
10
0.6645261417322834
20
0.2821543307086614
11
0.6646185433070866
21
0.2820038582677165
0
LINE
8
BLACK
6
CONTINUOUS
10
0.6646185433070866
20
0.2820038582677165
11
0.6647785433070866
21
0.2819292913385827
0
LINE
8
BLACK
6
CONTINUOUS
10
0.6647785433070866
20
0.2819292913385827
11
0.6666533070866142
21
0.2800545275590551
0
LINE
8
BLACK
6
CONTINUOUS
10
0.6666533070866142
20
0.2800545275590551
11
0.6671595669291338
21
0.2793314173228346
0
LINE
8
BLACK
6
CONTINUOUS
10
0.6671595669291338
20
0.2793314173228346
11
0.6672064173228346
21
0.279287125984252
0
LINE
8
BLACK
6
CONTINUOUS
10
0.6672064173228346
20
0.279287125984252
11
0.6690811811023621
21
0.2755375984251968
0
LINE
8
BLACK
6
CONTINUOUS
10
0.6690811811023621
20
0.2755375984251968
11
0.6693735433070866
21
0.2745546850393701
0
LINE
8
BLACK
6
CONTINUOUS
10
0.6693735433070866
20
0.2745546850393701
11
0.6693325196850394
21
0.2743829527559055
0
LINE
8
BLACK
6
CONTINUOUS
10
0.6693325196850394
20
0.2743829527559055
11
0.6693929133858267
21
0.2742170866141732
0
LINE
8
BLACK
6
CONTINUOUS
10
0.6693929133858267
20
0.2742170866141732
11
0.6693929133858267
21
0.2685927952755905
0
LINE
8
BLACK
6
CONTINUOUS
10
0.6693929133858267
20
0.2685927952755905
11
0.669214842519685
21
0.267582874015748
0
LINE
8
BLACK
6
CONTINUOUS
10
0.669214842519685
20
0.267582874015748
11
0.6691013385826772
21
0.2674475984251968
0
LINE
8
BLACK
6
CONTINUOUS
10
0.6691013385826772
20
0.2674475984251968
11
0.6690811811023621
21
0.2672722834645669
0
LINE
8
BLACK
6
CONTINUOUS
10
0.6690811811023621
20
0.2672722834645669
11
0.6672064173228346
21
0.2635227559055118
0
LINE
8
BLACK
6
CONTINUOUS
10
0.6672064173228346
20
0.2635227559055118
11
0.6666805118110236
21
0.2628136614173228
0
LINE
8
BLACK
6
CONTINUOUS
10
0.6666805118110236
20
0.2628136614173228
11
0.6666533070866142
21
0.2627553543307087
0
LINE
8
BLACK
6
CONTINUOUS
10
0.6666533070866142
20
0.2627553543307087
11
0.6647785433070866
21
0.2608805905511811
0
LINE
8
BLACK
6
CONTINUOUS
10
0.6647785433070866
20
0.2608805905511811
11
0.6640555511811024
21
0.2603743700787401
0
LINE
8
BLACK
6
CONTINUOUS
10
0.6640555511811024
20
0.2603743700787401
11
0.6640111811023622
21
0.2603274803149606
0
LINE
8
BLACK
6
CONTINUOUS
10
0.6640111811023622
20
0.2603274803149606
11
0.6602616535433071
21
0.2584526771653543
0
LINE
8
BLACK
6
CONTINUOUS
10
0.6602616535433071
20
0.2584526771653543
11
0.6592787007874016
21
0.2581603149606299
0
LINE
8
BLACK
6
CONTINUOUS
10
0.6592787007874016
20
0.2581603149606299
11
0.659106968503937
21
0.2582012992125984
0
LINE
8
BLACK
6
CONTINUOUS
10
0.659106968503937
20
0.2582012992125984
11
0.6589411023622047
21
0.2581409448818898
0
LINE
8
BLACK
6
CONTINUOUS
10
0.6589411023622047
20
0.2581409448818898
11
0.6439429921259843
21
0.2581409448818898
0
LINE
8
BLACK
6
CONTINUOUS
10
0.6439429921259843
20
0.2581409448818898
11
0.6435594488188976
21
0.2582085433070866
0
LINE
8
BLACK
6
CONTINUOUS
10
0.6435594488188976
20
0.2582085433070866
11
0.6434302362204725
21
0.2581857874015748
0
LINE
8
BLACK
6
CONTINUOUS
10
0.6434302362204725
20
0.2581857874015748
11
0.6433166141732284
21
0.2582513779527559
0
LINE
8
BLACK
6
CONTINUOUS
10
0.6433166141732284
20
0.2582513779527559
11
0.6429330708661417
21
0.2583190157480315
0
LINE
8
BLACK
6
CONTINUOUS
10
0.6429330708661417
20
0.2583190157480315
11
0.6423453543307086
21
0.258812125984252
0
LINE
8
BLACK
6
CONTINUOUS
10
0.6423453543307086
20
0.258812125984252
11
0.641681062992126
21
0.2591957086614173
0
LINE
8
BLACK
6
CONTINUOUS
10
0.641681062992126
20
0.2591957086614173
11
0.6415899212598425
21
0.2594460236220472
0
LINE
8
BLACK
6
CONTINUOUS
10
0.6415899212598425
20
0.2594460236220472
11
0.6413858267716536
21
0.2596173228346457
0
LINE
8
BLACK
6
CONTINUOUS
10
0.6413858267716536
20
0.2596173228346457
11
0.6412525590551181
21
0.260372874015748
0
LINE
8
BLACK
6
CONTINUOUS
10
0.6412525590551181
20
0.260372874015748
11
0.6409902362204725
21
0.2610937007874016
0
LINE
8
BLACK
6
CONTINUOUS
10
0.6409902362204725
20
0.2610937007874016
11
0.6409902362204725
21
0.300463779527559
0
LINE
8
BLACK
6
CONTINUOUS
10
0.6409902362204725
20
0.300463779527559
11
0.6410578346456692
21
0.3008472834645669
0
LINE
8
BLACK
6
CONTINUOUS
10
0.6410578346456692
20
0.3008472834645669
11
0.6410350787401574
21
0.3009765354330708
0
LINE
8
BLACK
6
CONTINUOUS
10
0.6410350787401574
20
0.3009765354330708
11
0.6411006692913386
21
0.3010901181102362
0
LINE
8
BLACK
6
CONTINUOUS
10
0.6411006692913386
20
0.3010901181102362
11
0.6411683070866142
21
0.3014737007874015
0
LINE
8
BLACK
6
CONTINUOUS
10
0.6411683070866142
20
0.3014737007874015
11
0.6416614173228347
21
0.3020613779527559
0
LINE
8
BLACK
6
CONTINUOUS
10
0.6416614173228347
20
0.3020613779527559
11
0.642045
21
0.3027257086614173
0
LINE
8
BLACK
6
CONTINUOUS
10
0.642045
20
0.3027257086614173
11
0.6422953149606299
21
0.3028168110236221
0
LINE
8
BLACK
6
CONTINUOUS
10
0.6422953149606299
20
0.3028168110236221
11
0.6424666141732284
21
0.3030209448818897
0
LINE
8
BLACK
6
CONTINUOUS
10
0.6424666141732284
20
0.3030209448818897
11
0.6432221653543307
21
0.3031541732283464
0
LINE
8
BLACK
6
CONTINUOUS
10
0.6432221653543307
20
0.3031541732283464
11
0.6439429921259843
21
0.3034165354330708
0
LINE
8
BLACK
6
CONTINUOUS
10
0.6439429921259843
20
0.3034165354330708
11
0.6570663385826772
21
0.3034165354330708
0
LINE
8
BLACK
6
CONTINUOUS
10
0.6570663385826772
20
0.3034165354330708
11
0.6580762598425197
21
0.3032384645669291
0
LINE
8
BLACK
6
CONTINUOUS
10
0.6468957480314961
20
0.2640464566929134
11
0.6582440157480315
21
0.2640464566929134
0
LINE
8
BLACK
6
CONTINUOUS
10
0.6582440157480315
20
0.2640464566929134
11
0.6609414960629921
21
0.2653951968503937
0
LINE
8
BLACK
6
CONTINUOUS
10
0.6609414960629921
20
0.2653951968503937
11
0.6621386614173228
21
0.2665923622047244
0
LINE
8
BLACK
6
CONTINUOUS
10
0.6621386614173228
20
0.2665923622047244
11
0.6634874015748031
21
0.269289842519685
0
LINE
8
BLACK
6
CONTINUOUS
10
0.6634874015748031
20
0.269289842519685
11
0.6634874015748031
21
0.2735200393700787
0
LINE
8
BLACK
6
CONTINUOUS
10
0.6634874015748031
20
0.2735200393700787
11
0.6621386614173228
21
0.2762175196850394
0
LINE
8
BLACK
6
CONTINUOUS
10
0.6621386614173228
20
0.2762175196850394
11
0.6610955905511811
21
0.2772605511811024
0
LINE
8
BLACK
6
CONTINUOUS
10
0.6610955905511811
20
0.2772605511811024
11
0.6565872047244095
21
0.2787633858267716
0
LINE
8
BLACK
6
CONTINUOUS
10
0.6565872047244095
20
0.2787633858267716
11
0.6468957480314961
21
0.2787633858267716
0
LINE
8
BLACK
6
CONTINUOUS
10
0.6468957480314961
20
0.2787633858267716
11
0.6468957480314961
21
0.2640464566929134
0
LINE
8
BLACK
6
CONTINUOUS
10
0.6468957480314961
20
0.2846688976377953
11
0.6563692913385827
21
0.2846688976377953
0
LINE
8
BLACK
6
CONTINUOUS
10
0.6563692913385827
20
0.2846688976377953
11
0.6590667716535433
21
0.2860176377952756
0
LINE
8
BLACK
6
CONTINUOUS
10
0.6590667716535433
20
0.2860176377952756
11
0.6602638976377952
21
0.2872147637795275
0
LINE
8
BLACK
6
CONTINUOUS
10
0.6602638976377952
20
0.2872147637795275
11
0.6616126377952756
21
0.2899122440944882
0
LINE
8
BLACK
6
CONTINUOUS
10
0.6616126377952756
20
0.2899122440944882
11
0.6616126377952756
21
0.2922676771653543
0
LINE
8
BLACK
6
CONTINUOUS
10
0.6616126377952756
20
0.2922676771653543
11
0.6602638976377952
21
0.2949651574803149
0
LINE
8
BLACK
6
CONTINUOUS
10
0.6602638976377952
20
0.2949651574803149
11
0.6590667716535433
21
0.2961622834645669
0
LINE
8
BLACK
6
CONTINUOUS
10
0.6590667716535433
20
0.2961622834645669
11
0.6563692913385827
21
0.2975110236220472
0
LINE
8
BLACK
6
CONTINUOUS
10
0.6563692913385827
20
0.2975110236220472
11
0.6468957480314961
21
0.2975110236220472
0
LINE
8
BLACK
6
CONTINUOUS
10
0.6468957480314961
20
0.2975110236220472
11
0.6468957480314961
21
0.2846688976377953
0
LINE
8
BLACK
6
CONTINUOUS
10
0.7230286614173228
20
0.3033422047244094
11
0.723195905511811
21
0.3033716929133858
0
LINE
8
BLACK
6
CONTINUOUS
10
0.723195905511811
20
0.3033716929133858
11
0.7239379527559054
21
0.3029432283464567
0
LINE
8
BLACK
6
CONTINUOUS
10
0.7239379527559054
20
0.3029432283464567
11
0.7247227952755906
21
0.3025988976377953
0
LINE
8
BLACK
6
CONTINUOUS
10
0.7247227952755906
20
0.3025988976377953
11
0.7247980314960629
21
0.3024466141732283
0
LINE
8
BLACK
6
CONTINUOUS
10
0.7247980314960629
20
0.3024466141732283
11
0.7249450787401575
21
0.3023617716535433
0
LINE
8
BLACK
6
CONTINUOUS
10
0.7249450787401575
20
0.3023617716535433
11
0.7252381496062992
21
0.3015564960629921
0
LINE
8
BLACK
6
CONTINUOUS
10
0.7252381496062992
20
0.3015564960629921
11
0.7256179921259842
21
0.3007883070866142
0
LINE
8
BLACK
6
CONTINUOUS
10
0.7256179921259842
20
0.3007883070866142
11
0.7255777952755905
21
0.3006233464566929
0
LINE
8
BLACK
6
CONTINUOUS
10
0.7255777952755905
20
0.3006233464566929
11
0.725635905511811
21
0.300463779527559
0
LINE
8
BLACK
6
CONTINUOUS
10
0.725635905511811
20
0.300463779527559
11
0.725635905511811
21
0.2640464566929134
0
LINE
8
BLACK
6
CONTINUOUS
10
0.725635905511811
20
0.2640464566929134
11
0.7339317322834645
21
0.2640464566929134
0
LINE
8
BLACK
6
CONTINUOUS
10
0.7339317322834645
20
0.2640464566929134
11
0.7349416535433071
21
0.2638683858267716
0
LINE
8
BLACK
6
CONTINUOUS
10
0.7349416535433071
20
0.2638683858267716
11
0.7364888976377952
21
0.2625700787401575
0
LINE
8
BLACK
6
CONTINUOUS
10
0.7364888976377952
20
0.2625700787401575
11
0.7368396456692913
21
0.2605809448818898
0
LINE
8
BLACK
6
CONTINUOUS
10
0.7368396456692913
20
0.2605809448818898
11
0.7358297244094488
21
0.2588317716535433
0
LINE
8
BLACK
6
CONTINUOUS
10
0.7358297244094488
20
0.2588317716535433
11
0.7339317322834645
21
0.2581409448818898
0
LINE
8
BLACK
6
CONTINUOUS
10
0.7339317322834645
20
0.2581409448818898
11
0.7114345669291339
21
0.2581409448818898
0
LINE
8
BLACK
6
CONTINUOUS
10
0.7114345669291339
20
0.2581409448818898
11
0.7104246456692913
21
0.2583190157480315
0
LINE
8
BLACK
6
CONTINUOUS
10
0.7104246456692913
20
0.2583190157480315
11
0.7088774015748032
21
0.2596173228346457
0
LINE
8
BLACK
6
CONTINUOUS
10
0.7088774015748032
20
0.2596173228346457
11
0.708526653543307
21
0.2616064566929134
0
LINE
8
BLACK
6
CONTINUOUS
10
0.708526653543307
20
0.2616064566929134
11
0.7095365748031496
21
0.2633556299212598
0
LINE
8
BLACK
6
CONTINUOUS
10
0.7095365748031496
20
0.2633556299212598
11
0.7114345669291339
21
0.2640464566929134
0
LINE
8
BLACK
6
CONTINUOUS
10
0.7114345669291339
20
0.2640464566929134
11
0.7197303937007874
21
0.2640464566929134
0
LINE
8
BLACK
6
CONTINUOUS
10
0.7197303937007874
20
0.2640464566929134
11
0.7197303937007874
21
0.2914604330708661
0
LINE
8
BLACK
6
CONTINUOUS
10
0.7197303937007874
20
0.2914604330708661
11
0.7172720078740157
21
0.2890020472440945
0
LINE
8
BLACK
6
CONTINUOUS
10
0.7172720078740157
20
0.2890020472440945
11
0.7165488976377953
21
0.2884957480314961
0
LINE
8
BLACK
6
CONTINUOUS
10
0.7165488976377953
20
0.2884957480314961
11
0.7165046062992125
21
0.288448937007874
0
LINE
8
BLACK
6
CONTINUOUS
10
0.7165046062992125
20
0.288448937007874
11
0.7127550787401574
21
0.2865741732283464
0
LINE
8
BLACK
6
CONTINUOUS
10
0.7127550787401574
20
0.2865741732283464
11
0.711772125984252
21
0.286281811023622
0
LINE
8
BLACK
6
CONTINUOUS
10
0.711772125984252
20
0.286281811023622
11
0.7098076377952756
21
0.2867511023622047
0
LINE
8
BLACK
6
CONTINUOUS
10
0.7098076377952756
20
0.2867511023622047
11
0.7086043307086614
21
0.2883733464566929
0
LINE
8
BLACK
6
CONTINUOUS
10
0.7086043307086614
20
0.2883733464566929
11
0.7087253937007874
21
0.2903895275590551
0
LINE
8
BLACK
6
CONTINUOUS
10
0.7087253937007874
20
0.2903895275590551
11
0.7101140551181102
21
0.2918562204724409
0
LINE
8
BLACK
6
CONTINUOUS
10
0.7101140551181102
20
0.2918562204724409
11
0.7134349999999999
21
0.2935166929133858
0
LINE
8
BLACK
6
CONTINUOUS
10
0.7134349999999999
20
0.2935166929133858
11
0.7166388976377953
21
0.2967205905511811
0
LINE
8
BLACK
6
CONTINUOUS
10
0.7166388976377953
20
0.2967205905511811
11
0.7202262992125984
21
0.3021016929133858
0
LINE
8
BLACK
6
CONTINUOUS
10
0.7202262992125984
20
0.3021016929133858
11
0.7209346850393701
21
0.3028432283464567
0
LINE
8
BLACK
6
CONTINUOUS
10
0.7209346850393701
20
0.3028432283464567
11
0.7210976377952756
21
0.302890905511811
0
LINE
8
BLACK
6
CONTINUOUS
10
0.7210976377952756
20
0.302890905511811
11
0.7212067716535433
21
0.3030209448818897
0
LINE
8
BLACK
6
CONTINUOUS
10
0.7212067716535433
20
0.3030209448818897
11
0.7220505511811024
21
0.3031697244094488
0
LINE
8
BLACK
6
CONTINUOUS
10
0.7220505511811024
20
0.3031697244094488
11
0.722873188976378
21
0.3034104330708661
0
LINE
8
BLACK
6
CONTINUOUS
10
0.722873188976378
20
0.3034104330708661
11
0.7230286614173228
21
0.3033422047244094
0
LINE
8
BLACK
6
CONTINUOUS
10
0.7011958661417322
20
0.3032384645669291
11
0.7027431102362205
21
0.3019401574803149
0
LINE
8
BLACK
6
CONTINUOUS
10
0.7027431102362205
20
0.3019401574803149
11
0.7030938582677165
21
0.2999510236220472
0
LINE
8
BLACK
6
CONTINUOUS
10
0.7030938582677165
20
0.2999510236220472
11
0.702083937007874
21
0.2982018503937008
0
LINE
8
BLACK
6
CONTINUOUS
10
0.702083937007874
20
0.2982018503937008
11
0.7001859448818898
21
0.2975110236220472
0
LINE
8
BLACK
6
CONTINUOUS
10
0.7001859448818898
20
0.2975110236220472
11
0.6918901181102362
21
0.2975110236220472
0
LINE
8
BLACK
6
CONTINUOUS
10
0.6918901181102362
20
0.2975110236220472
11
0.6918901181102362
21
0.2610937007874016
0
LINE
8
BLACK
6
CONTINUOUS
10
0.6918901181102362
20
0.2610937007874016
11
0.6917120472440945
21
0.2600837795275591
0
LINE
8
BLACK
6
CONTINUOUS
10
0.6917120472440945
20
0.2600837795275591
11
0.6904137401574802
21
0.2585365354330709
0
LINE
8
BLACK
6
CONTINUOUS
10
0.6904137401574802
20
0.2585365354330709
11
0.6884246062992125
21
0.2581857874015748
0
LINE
8
BLACK
6
CONTINUOUS
10
0.6884246062992125
20
0.2581857874015748
11
0.6866754330708661
21
0.2591957086614173
0
LINE
8
BLACK
6
CONTINUOUS
10
0.6866754330708661
20
0.2591957086614173
11
0.6859846062992125
21
0.2610937007874016
0
LINE
8
BLACK
6
CONTINUOUS
10
0.6859846062992125
20
0.2610937007874016
11
0.6859846062992125
21
0.2975110236220472
0
LINE
8
BLACK
6
CONTINUOUS
10
0.6859846062992125
20
0.2975110236220472
11
0.677688779527559
21
0.2975110236220472
0
LINE
8
BLACK
6
CONTINUOUS
10
0.677688779527559
20
0.2975110236220472
11
0.6766788582677166
21
0.297689094488189
0
LINE
8
BLACK
6
CONTINUOUS
10
0.6766788582677166
20
0.297689094488189
11
0.6751316141732283
21
0.2989874015748031
0
LINE
8
BLACK
6
CONTINUOUS
10
0.6751316141732283
20
0.2989874015748031
11
0.6747808661417323
21
0.3009765354330708
0
LINE
8
BLACK
6
CONTINUOUS
10
0.6747808661417323
20
0.3009765354330708
11
0.6757907874015748
21
0.3027257086614173
0
LINE
8
BLACK
6
CONTINUOUS
10
0.6757907874015748
20
0.3027257086614173
11
0.677688779527559
21
0.3034165354330708
0
LINE
8
BLACK
6
CONTINUOUS
10
0.677688779527559
20
0.3034165354330708
11
0.7001859448818898
21
0.3034165354330708
0
LINE
8
BLACK
6
CONTINUOUS
10
0.7001859448818898
20
0.3034165354330708
11
0.7011958661417322
21
0.3032384645669291
0
LINE
8
BLACK
6
CONTINUOUS
10
1.730693937007874
20
0.5148907874015748
11
1.7313858267716535
21
0.5132204724409448
0
LINE
8
BLACK
6
CONTINUOUS
10
1.7313858267716535
20
0.5132204724409448
11
1.730693937007874
21
0.511550157480315
0
LINE
8
BLACK
6
CONTINUOUS
10
1.730693937007874
20
0.511550157480315
11
1.7290236220472441
21
0.5108582677165354
0
LINE
8
BLACK
6
CONTINUOUS
10
1.7290236220472441
20
0.5108582677165354
11
1.613120748031496
21
0.5108582677165354
0
LINE
8
BLACK
6
CONTINUOUS
10
1.613120748031496
20
0.5108582677165354
11
1.6125817322834646
21
0.5026344881889764
0
LINE
8
BLACK
6
CONTINUOUS
10
1.6125817322834646
20
0.5026344881889764
11
1.6105120866141731
21
0.4922296456692913
0
LINE
8
BLACK
6
CONTINUOUS
10
1.6105120866141731
20
0.4922296456692913
11
1.6071020472440944
21
0.482183937007874
0
LINE
8
BLACK
6
CONTINUOUS
10
1.6071020472440944
20
0.482183937007874
11
1.6024099212598424
21
0.4726692913385827
0
LINE
8
BLACK
6
CONTINUOUS
10
1.6024099212598424
20
0.4726692913385827
11
1.596516062992126
21
0.4638484645669291
0
LINE
8
BLACK
6
CONTINUOUS
10
1.596516062992126
20
0.4638484645669291
11
1.5895212598425197
21
0.4558724409448819
0
LINE
8
BLACK
6
CONTINUOUS
10
1.5895212598425197
20
0.4558724409448819
11
1.5815452362204725
21
0.4488776377952756
0
LINE
8
BLACK
6
CONTINUOUS
10
1.5815452362204725
20
0.4488776377952756
11
1.5727244094488189
21
0.442983779527559
0
LINE
8
BLACK
6
CONTINUOUS
10
1.5727244094488189
20
0.442983779527559
11
1.5632097637795275
21
0.4382916535433071
0
LINE
8
BLACK
6
CONTINUOUS
10
1.5632097637795275
20
0.4382916535433071
11
1.5531640551181103
21
0.4348816141732283
0
LINE
8
BLACK
6
CONTINUOUS
10
1.5531640551181103
20
0.4348816141732283
11
1.5427592125984251
21
0.432811968503937
0
LINE
8
BLACK
6
CONTINUOUS
10
1.5427592125984251
20
0.432811968503937
11
1.5321732283464566
21
0.4321181102362205
0
LINE
8
BLACK
6
CONTINUOUS
10
1.5321732283464566
20
0.4321181102362205
11
1.1384724409448819
21
0.4321181102362205
0
LINE
8
BLACK
6
CONTINUOUS
10
1.1384724409448819
20
0.4321181102362205
11
1.1278864566929134
21
0.432811968503937
0
LINE
8
BLACK
6
CONTINUOUS
10
1.1278864566929134
20
0.432811968503937
11
1.1174816141732282
21
0.4348816141732283
0
LINE
8
BLACK
6
CONTINUOUS
10
1.1174816141732282
20
0.4348816141732283
11
1.107435905511811
21
0.4382916535433071
0
LINE
8
BLACK
6
CONTINUOUS
10
1.107435905511811
20
0.4382916535433071
11
1.0979212598425196
21
0.442983779527559
0
LINE
8
BLACK
6
CONTINUOUS
10
1.0979212598425196
20
0.442983779527559
11
1.089100433070866
21
0.4488776377952756
0
LINE
8
BLACK
6
CONTINUOUS
10
1.089100433070866
20
0.4488776377952756
11
1.0811244094488188
21
0.4558724409448819
0
LINE
8
BLACK
6
CONTINUOUS
10
1.0811244094488188
20
0.4558724409448819
11
1.0741296062992125
21
0.4638484645669291
0
LINE
8
BLACK
6
CONTINUOUS
10
1.0741296062992125
20
0.4638484645669291
11
1.0682357480314961
21
0.4726692913385827
0
LINE
8
BLACK
6
CONTINUOUS
10
1.0682357480314961
20
0.4726692913385827
11
1.0635436220472441
21
0.482183937007874
0
LINE
8
BLACK
6
CONTINUOUS
10
1.0635436220472441
20
0.482183937007874
11
1.0601335826771654
21
0.4922296456692913
0
LINE
8
BLACK
6
CONTINUOUS
10
1.0601335826771654
20
0.4922296456692913
11
1.0580639370078739
21
0.5026344881889764
0
LINE
8
BLACK
6
CONTINUOUS
10
1.0580639370078739
20
0.5026344881889764
11
1.0573700787401574
21
0.5132204724409448
0
LINE
8
BLACK
6
CONTINUOUS
10
1.0573700787401574
20
0.5132204724409448
11
1.0578212204724409
21
0.514608937007874
0
LINE
8
BLACK
6
CONTINUOUS
10
1.0578212204724409
20
0.514608937007874
11
1.0590023228346457
21
0.5154670472440944
0
LINE
8
BLACK
6
CONTINUOUS
10
1.0590023228346457
20
0.5154670472440944
11
1.0604622440944882
21
0.5154670472440944
0
LINE
8
BLACK
6
CONTINUOUS
10
1.0604622440944882
20
0.5154670472440944
11
1.0616433464566928
21
0.514608937007874
0
LINE
8
BLACK
6
CONTINUOUS
10
1.0616433464566928
20
0.514608937007874
11
1.0620944881889764
21
0.5132204724409448
0
LINE
8
BLACK
6
CONTINUOUS
10
1.0620944881889764
20
0.5132204724409448
11
1.0620944881889764
21
0.5082144094488189
0
LINE
8
BLACK
6
CONTINUOUS
10
1.0620944881889764
20
0.5082144094488189
11
1.063401338582677
21
0.4982879133858268
0
LINE
8
BLACK
6
CONTINUOUS
10
1.063401338582677
20
0.4982879133858268
11
1.0659926377952755
21
0.4886168897637795
0
LINE
8
BLACK
6
CONTINUOUS
10
1.0659926377952755
20
0.4886168897637795
11
1.0698241338582677
21
0.4793668897637795
0
LINE
8
BLACK
6
CONTINUOUS
10
1.0698241338582677
20
0.4793668897637795
11
1.0748302362204725
21
0.4706961023622047
0
LINE
8
BLACK
6
CONTINUOUS
10
1.0748302362204725
20
0.4706961023622047
11
1.0809252362204724
21
0.4627529133858267
0
LINE
8
BLACK
6
CONTINUOUS
10
1.0809252362204724
20
0.4627529133858267
11
1.0880048818897639
21
0.4556732677165354
0
LINE
8
BLACK
6
CONTINUOUS
10
1.0880048818897639
20
0.4556732677165354
11
1.0959480708661418
21
0.4495782677165354
0
LINE
8
BLACK
6
CONTINUOUS
10
1.0959480708661418
20
0.4495782677165354
11
1.1046188582677166
21
0.4445721653543307
0
LINE
8
BLACK
6
CONTINUOUS
10
1.1046188582677166
20
0.4445721653543307
11
1.1138688582677165
21
0.4407406692913386
0
LINE
8
BLACK
6
CONTINUOUS
10
1.1138688582677165
20
0.4407406692913386
11
1.1235398818897637
21
0.4381493700787402
0
LINE
8
BLACK
6
CONTINUOUS
10
1.1235398818897637
20
0.4381493700787402
11
1.1334663779527558
21
0.4368425196850393
0
LINE
8
BLACK
6
CONTINUOUS
10
1.1334663779527558
20
0.4368425196850393
11
1.1384724409448819
21
0.4368425196850393
0
LINE
8
BLACK
6
CONTINUOUS
10
1.1384724409448819
20
0.4368425196850393
11
1.5321732283464566
21
0.4368425196850393
0
LINE
8
BLACK
6
CONTINUOUS
10
1.5321732283464566
20
0.4368425196850393
11
1.5371792913385827
21
0.4368425196850393
0
LINE
8
BLACK
6
CONTINUOUS
10
1.5371792913385827
20
0.4368425196850393
11
1.5471057874015748
21
0.4381493700787402
0
LINE
8
BLACK
6
CONTINUOUS
10
1.5471057874015748
20
0.4381493700787402
11
1.556776811023622
21
0.4407406692913386
0
LINE
8
BLACK
6
CONTINUOUS
10
1.556776811023622
20
0.4407406692913386
11
1.566026811023622
21
0.4445721653543307
0
LINE
8
BLACK
6
CONTINUOUS
10
1.566026811023622
20
0.4445721653543307
11
1.5746975984251967
21
0.4495782677165354
0
LINE
8
BLACK
6
CONTINUOUS
10
1.5746975984251967
20
0.4495782677165354
11
1.5826407874015749
21
0.4556732677165354
0
LINE
8
BLACK
6
CONTINUOUS
10
1.5826407874015749
20
0.4556732677165354
11
1.5897204330708661
21
0.4627529133858267
0
LINE
8
BLACK
6
CONTINUOUS
10
1.5897204330708661
20
0.4627529133858267
11
1.595815433070866
21
0.4706961023622047
0
LINE
8
BLACK
6
CONTINUOUS
10
1.595815433070866
20
0.4706961023622047
11
1.6008215354330708
21
0.4793668897637795
0
LINE
8
BLACK
6
CONTINUOUS
10
1.6008215354330708
20
0.4793668897637795
11
1.604653031496063
21
0.4886168897637795
0
LINE
8
BLACK
6
CONTINUOUS
10
1.604653031496063
20
0.4886168897637795
11
1.6072443307086615
21
0.4982879133858268
0
LINE
8
BLACK
6
CONTINUOUS
10
1.6072443307086615
20
0.4982879133858268
11
1.6085511811023621
21
0.5082144094488189
0
LINE
8
BLACK
6
CONTINUOUS
10
1.6085511811023621
20
0.5082144094488189
11
1.6085511811023621
21
0.5132204724409448
0
LINE
8
BLACK
6
CONTINUOUS
10
1.6085511811023621
20
0.5132204724409448
11
1.6090023228346457
21
0.514608937007874
0
LINE
8
BLACK
6
CONTINUOUS
10
1.6090023228346457
20
0.514608937007874
11
1.60917968503937
21
0.5147377952755905
0
LINE
8
BLACK
6
CONTINUOUS
10
1.60917968503937
20
0.5147377952755905
11
1.6092430708661416
21
0.5148907874015748
0
LINE
8
BLACK
6
CONTINUOUS
10
1.6092430708661416
20
0.5148907874015748
11
1.6095854724409449
21
0.5150325984251969
0
LINE
8
BLACK
6
CONTINUOUS
10
1.6095854724409449
20
0.5150325984251969
11
1.6101834251968503
21
0.5154670472440944
0
LINE
8
BLACK
6
CONTINUOUS
10
1.6101834251968503
20
0.5154670472440944
11
1.610634251968504
21
0.5154670472440944
0
LINE
8
BLACK
6
CONTINUOUS
10
1.610634251968504
20
0.5154670472440944
11
1.6109133858267717
21
0.5155826771653543
0
LINE
8
BLACK
6
CONTINUOUS
10
1.6109133858267717
20
0.5155826771653543
11
1.7290236220472441
21
0.5155826771653543
0
LINE
8
BLACK
6
CONTINUOUS
10
1.7290236220472441
20
0.5155826771653543
11
1.730693937007874
21
0.5148907874015748
0
LINE
8
BLACK
6
CONTINUOUS
10
1.7547244094488188
20
0.5352362204724409
11
1.7563947244094489
21
0.5345443307086614
0
LINE
8
BLACK
6
CONTINUOUS
10
1.7563947244094489
20
0.5345443307086614
11
1.7570866141732282
21
0.5328740157480315
0
LINE
8
BLACK
6
CONTINUOUS
10
1.7570866141732282
20
0.5328740157480315
11
1.7570866141732282
21
0.0171259842519685
0
LINE
8
BLACK
6
CONTINUOUS
10
1.7570866141732282
20
0.0171259842519685
11
1.7563947244094489
21
0.0154556692913386
0
LINE
8
BLACK
6
CONTINUOUS
10
1.7563947244094489
20
0.0154556692913386
11
1.7547244094488188
21
0.0147637795275591
0
LINE
8
BLACK
6
CONTINUOUS
10
1.7547244094488188
20
0.0147637795275591
11
1.7530540944881889
21
0.0154556692913386
0
LINE
8
BLACK
6
CONTINUOUS
10
1.7530540944881889
20
0.0154556692913386
11
1.7525252755905512
21
0.0167322834645669
0
LINE
8
BLACK
6
CONTINUOUS
10
1.7525252755905512
20
0.0167322834645669
11
0.3474747244094488
21
0.0167322834645669
0
LINE
8
BLACK
6
CONTINUOUS
10
0.3474747244094488
20
0.0167322834645669
11
0.346945905511811
21
0.0154556692913386
0
LINE
8
BLACK
6
CONTINUOUS
10
0.346945905511811
20
0.0154556692913386
11
0.3452755905511811
21
0.0147637795275591
0
LINE
8
BLACK
6
CONTINUOUS
10
0.3452755905511811
20
0.0147637795275591
11
0.3436052755905512
21
0.0154556692913386
0
LINE
8
BLACK
6
CONTINUOUS
10
0.3436052755905512
20
0.0154556692913386
11
0.3429133858267717
21
0.0171259842519685
0
LINE
8
BLACK
6
CONTINUOUS
10
0.3429133858267717
20
0.0171259842519685
11
0.3429133858267717
21
0.0374173228346457
0
LINE
8
BLACK
6
CONTINUOUS
10
0.3429133858267717
20
0.0374173228346457
11
0.3422598425196851
21
0.0374173228346457
0
LINE
8
BLACK
6
CONTINUOUS
10
0.3422598425196851
20
0.0374173228346457
11
0.3405895275590551
21
0.0381092125984252
0
LINE
8
BLACK
6
CONTINUOUS
10
0.3405895275590551
20
0.0381092125984252
11
0.3398976377952756
21
0.0397795275590551
0
LINE
8
BLACK
6
CONTINUOUS
10
0.3398976377952756
20
0.0397795275590551
11
0.3405895275590551
21
0.041449842519685
0
LINE
8
BLACK
6
CONTINUOUS
10
0.3405895275590551
20
0.041449842519685
11
0.3422598425196851
21
0.0421417322834646
0
LINE
8
BLACK
6
CONTINUOUS
10
0.3422598425196851
20
0.0421417322834646
11
0.3429133858267717
21
0.0421417322834646
0
LINE
8
BLACK
6
CONTINUOUS
10
0.3429133858267717
20
0.0421417322834646
11
0.3429133858267717
21
0.1948976377952756
0
LINE
8
BLACK
6
CONTINUOUS
10
0.3429133858267717
20
0.1948976377952756
11
0.3422598425196851
21
0.1948976377952756
0
LINE
8
BLACK
6
CONTINUOUS
10
0.3422598425196851
20
0.1948976377952756
11
0.3405895275590551
21
0.1955895275590551
0
LINE
8
BLACK
6
CONTINUOUS
10
0.3405895275590551
20
0.1955895275590551
11
0.3398976377952756
21
0.197259842519685
0
LINE
8
BLACK
6
CONTINUOUS
10
0.3398976377952756
20
0.197259842519685
11
0.3405895275590551
21
0.198930157480315
0
LINE
8
BLACK
6
CONTINUOUS
10
0.3405895275590551
20
0.198930157480315
11
0.3422598425196851
21
0.1996220472440945
0
LINE
8
BLACK
6
CONTINUOUS
10
0.3422598425196851
20
0.1996220472440945
11
0.3429133858267717
21
0.1996220472440945
0
LINE
8
BLACK
6
CONTINUOUS
10
0.3429133858267717
20
0.1996220472440945
11
0.3429133858267717
21
0.3523779527559055
0
LINE
8
BLACK
6
CONTINUOUS
10
0.3429133858267717
20
0.3523779527559055
11
0.3422598425196851
21
0.3523779527559055
0
LINE
8
BLACK
6
CONTINUOUS
10
0.3422598425196851
20
0.3523779527559055
11
0.3405895275590551
21
0.353069842519685
0
LINE
8
BLACK
6
CONTINUOUS
10
0.3405895275590551
20
0.353069842519685
11
0.3398976377952756
21
0.354740157480315
0
LINE
8
BLACK
6
CONTINUOUS
10
0.3398976377952756
20
0.354740157480315
11
0.3405895275590551
21
0.3564104724409449
0
LINE
8
BLACK
6
CONTINUOUS
10
0.3405895275590551
20
0.3564104724409449
11
0.3422598425196851
21
0.3571023622047244
0
LINE
8
BLACK
6
CONTINUOUS
10
0.3422598425196851
20
0.3571023622047244
11
0.3429133858267717
21
0.3571023622047244
0
LINE
8
BLACK
6
CONTINUOUS
10
0.3429133858267717
20
0.3571023622047244
11
0.3429133858267717
21
0.5098582677165354
0
LINE
8
BLACK
6
CONTINUOUS
10
0.3429133858267717
20
0.5098582677165354
11
0.3422598425196851
21
0.5098582677165354
0
LINE
8
BLACK
6
CONTINUOUS
10
0.3422598425196851
20
0.5098582677165354
11
0.3405895275590551
21
0.510550157480315
0
LINE
8
BLACK
6
CONTINUOUS
10
0.3405895275590551
20
0.510550157480315
11
0.3398976377952756
21
0.5122204724409448
0
LINE
8
BLACK
6
CONTINUOUS
10
0.3398976377952756
20
0.5122204724409448
11
0.3405895275590551
21
0.5138907874015748
0
LINE
8
BLACK
6
CONTINUOUS
10
0.3405895275590551
20
0.5138907874015748
11
0.3422598425196851
21
0.5145826771653543
0
LINE
8
BLACK
6
CONTINUOUS
10
0.3422598425196851
20
0.5145826771653543
11
0.3429133858267717
21
0.5145826771653543
0
LINE
8
BLACK
6
CONTINUOUS
10
0.3429133858267717
20
0.5145826771653543
11
0.3429133858267717
21
0.5328740157480315
0
LINE
8
BLACK
6
CONTINUOUS
10
0.3429133858267717
20
0.5328740157480315
11
0.3436052755905512
21
0.5345443307086614
0
LINE
8
BLACK
6
CONTINUOUS
10
0.3436052755905512
20
0.5345443307086614
11
0.3452755905511811
21
0.5352362204724409
0
LINE
8
BLACK
6
CONTINUOUS
10
0.3452755905511811
20
0.5352362204724409
11
1.7547244094488188
21
0.5352362204724409
0
LINE
8
BLACK
6
CONTINUOUS
10
0.3476377952755905
20
0.530511811023622
11
0.3476377952755905
21
0.5145826771653543
0
LINE
8
BLACK
6
CONTINUOUS
10
0.3476377952755905
20
0.5145826771653543
11
0.4603700787401575
21
0.5145826771653543
0
LINE
8
BLACK
6
CONTINUOUS
10
0.4603700787401575
20
0.5145826771653543
11
0.4606492125984252
21
0.5144670472440944
0
LINE
8
BLACK
6
CONTINUOUS
10
0.4606492125984252
20
0.5144670472440944
11
0.4611000393700787
21
0.5144670472440944
0
LINE
8
BLACK
6
CONTINUOUS
10
0.4611000393700787
20
0.5144670472440944
11
0.4616979527559055
21
0.5140325984251969
0
LINE
8
BLACK
6
CONTINUOUS
10
0.4616979527559055
20
0.5140325984251969
11
0.4620403937007874
21
0.5138907874015748
0
LINE
8
BLACK
6
CONTINUOUS
10
0.4620403937007874
20
0.5138907874015748
11
0.4621037401574803
21
0.5137377952755905
0
LINE
8
BLACK
6
CONTINUOUS
10
0.4621037401574803
20
0.5137377952755905
11
0.4622811417322835
21
0.513608937007874
0
LINE
8
BLACK
6
CONTINUOUS
10
0.4622811417322835
20
0.513608937007874
11
0.4627322834645669
21
0.5122204724409448
0
LINE
8
BLACK
6
CONTINUOUS
10
0.4627322834645669
20
0.5122204724409448
11
0.4627322834645669
21
0.5072144094488189
0
LINE
8
BLACK
6
CONTINUOUS
10
0.4627322834645669
20
0.5072144094488189
11
0.4640391338582677
21
0.4972879133858268
0
LINE
8
BLACK
6
CONTINUOUS
10
0.4640391338582677
20
0.4972879133858268
11
0.4666304330708662
21
0.4876168897637795
0
LINE
8
BLACK
6
CONTINUOUS
10
0.4666304330708662
20
0.4876168897637795
11
0.4704619291338583
21
0.4783668897637795
0
LINE
8
BLACK
6
CONTINUOUS
10
0.4704619291338583
20
0.4783668897637795
11
0.475468031496063
21
0.4696961023622047
0
LINE
8
BLACK
6
CONTINUOUS
10
0.475468031496063
20
0.4696961023622047
11
0.481563031496063
21
0.4617529133858267
0
LINE
8
BLACK
6
CONTINUOUS
10
0.481563031496063
20
0.4617529133858267
11
0.4886426771653543
21
0.4546732677165354
0
LINE
8
BLACK
6
CONTINUOUS
10
0.4886426771653543
20
0.4546732677165354
11
0.4965858661417323
21
0.4485782677165354
0
LINE
8
BLACK
6
CONTINUOUS
10
0.4965858661417323
20
0.4485782677165354
11
0.5052566535433071
21
0.4435721653543307
0
LINE
8
BLACK
6
CONTINUOUS
10
0.5052566535433071
20
0.4435721653543307
11
0.514506653543307
21
0.4397406692913386
0
LINE
8
BLACK
6
CONTINUOUS
10
0.514506653543307
20
0.4397406692913386
11
0.5241776771653543
21
0.4371493700787402
0
LINE
8
BLACK
6
CONTINUOUS
10
0.5241776771653543
20
0.4371493700787402
11
0.5341041732283465
21
0.4358425196850393
0
LINE
8
BLACK
6
CONTINUOUS
10
0.5341041732283465
20
0.4358425196850393
11
0.5391102362204724
21
0.4358425196850393
0
LINE
8
BLACK
6
CONTINUOUS
10
0.5391102362204724
20
0.4358425196850393
11
0.9328110236220473
21
0.4358425196850393
0
LINE
8
BLACK
6
CONTINUOUS
10
0.9328110236220473
20
0.4358425196850393
11
0.9378170866141732
21
0.4358425196850393
0
LINE
8
BLACK
6
CONTINUOUS
10
0.9378170866141732
20
0.4358425196850393
11
0.9477435826771653
21
0.4371493700787402
0
LINE
8
BLACK
6
CONTINUOUS
10
0.9477435826771653
20
0.4371493700787402
11
0.9574146062992126
21
0.4397406692913386
0
LINE
8
BLACK
6
CONTINUOUS
10
0.9574146062992126
20
0.4397406692913386
11
0.9666646062992126
21
0.4435721653543307
0
LINE
8
BLACK
6
CONTINUOUS
10
0.9666646062992126
20
0.4435721653543307
11
0.9753353937007874
21
0.4485782677165354
0
LINE
8
BLACK
6
CONTINUOUS
10
0.9753353937007874
20
0.4485782677165354
11
0.9832785826771653
21
0.4546732677165354
0
LINE
8
BLACK
6
CONTINUOUS
10
0.9832785826771653
20
0.4546732677165354
11
0.9903582283464567
21
0.4617529133858267
0
LINE
8
BLACK
6
CONTINUOUS
10
0.9903582283464567
20
0.4617529133858267
11
0.9964532283464567
21
0.4696961023622047
0
LINE
8
BLACK
6
CONTINUOUS
10
0.9964532283464567
20
0.4696961023622047
11
1.0014593307086614
21
0.4783668897637795
0
LINE
8
BLACK
6
CONTINUOUS
10
1.0014593307086614
20
0.4783668897637795
11
1.0052908267716536
21
0.4876168897637795
0
LINE
8
BLACK
6
CONTINUOUS
10
1.0052908267716536
20
0.4876168897637795
11
1.0078821259842519
21
0.4972879133858268
0
LINE
8
BLACK
6
CONTINUOUS
10
1.0078821259842519
20
0.4972879133858268
11
1.0091889763779527
21
0.5072144094488189
0
LINE
8
BLACK
6
CONTINUOUS
10
1.0091889763779527
20
0.5072144094488189
11
1.0091889763779527
21
0.5122204724409448
0
LINE
8
BLACK
6
CONTINUOUS
10
1.0091889763779527
20
0.5122204724409448
11
1.0096401181102361
21
0.513608937007874
0
LINE
8
BLACK
6
CONTINUOUS
10
1.0096401181102361
20
0.513608937007874
11
1.0108212204724409
21
0.5144670472440944
0
LINE
8
BLACK
6
CONTINUOUS
10
1.0108212204724409
20
0.5144670472440944
11
1.0122811417322835
21
0.5144670472440944
0
LINE
8
BLACK
6
CONTINUOUS
10
1.0122811417322835
20
0.5144670472440944
11
1.0134622440944883
21
0.513608937007874
0
LINE
8
BLACK
6
CONTINUOUS
10
1.0134622440944883
20
0.513608937007874
11
1.0139133858267717
21
0.5122204724409448
0
LINE
8
BLACK
6
CONTINUOUS
10
1.0139133858267717
20
0.5122204724409448
11
1.0132195275590552
21
0.5016344881889764
0
LINE
8
BLACK
6
CONTINUOUS
10
1.0132195275590552
20
0.5016344881889764
11
1.0111498818897637
21
0.4912296456692913
0
LINE
8
BLACK
6
CONTINUOUS
10
1.0111498818897637
20
0.4912296456692913
11
1.0077398425196851
21
0.481183937007874
0
LINE
8
BLACK
6
CONTINUOUS
10
1.0077398425196851
20
0.481183937007874
11
1.003047716535433
21
0.4716692913385827
0
LINE
8
BLACK
6
CONTINUOUS
10
1.003047716535433
20
0.4716692913385827
11
0.9971538582677165
21
0.4628484645669291
0
LINE
8
BLACK
6
CONTINUOUS
10
0.9971538582677165
20
0.4628484645669291
11
0.9901590551181102
21
0.4548724409448819
0
LINE
8
BLACK
6
CONTINUOUS
10
0.9901590551181102
20
0.4548724409448819
11
0.982183031496063
21
0.4478776377952756
0
LINE
8
BLACK
6
CONTINUOUS
10
0.982183031496063
20
0.4478776377952756
11
0.9733622047244094
21
0.441983779527559
0
LINE
8
BLACK
6
CONTINUOUS
10
0.9733622047244094
20
0.441983779527559
11
0.9638475590551181
21
0.4372916535433071
0
LINE
8
BLACK
6
CONTINUOUS
10
0.9638475590551181
20
0.4372916535433071
11
0.9538018503937008
21
0.4338816141732283
0
LINE
8
BLACK
6
CONTINUOUS
10
0.9538018503937008
20
0.4338816141732283
11
0.9433970078740157
21
0.431811968503937
0
LINE
8
BLACK
6
CONTINUOUS
10
0.9433970078740157
20
0.431811968503937
11
0.9328110236220473
21
0.4311181102362205
0
LINE
8
BLACK
6
CONTINUOUS
10
0.9328110236220473
20
0.4311181102362205
11
0.5391102362204724
21
0.4311181102362205
0
LINE
8
BLACK
6
CONTINUOUS
10
0.5391102362204724
20
0.4311181102362205
11
0.5285242519685039
21
0.431811968503937
0
LINE
8
BLACK
6
CONTINUOUS
10
0.5285242519685039
20
0.431811968503937
11
0.5181194094488188
21
0.4338816141732283
0
LINE
8
BLACK
6
CONTINUOUS
10
0.5181194094488188
20
0.4338816141732283
11
0.5080737007874015
21
0.4372916535433071
0
LINE
8
BLACK
6
CONTINUOUS
10
0.5080737007874015
20
0.4372916535433071
11
0.4985590551181102
21
0.441983779527559
0
LINE
8
BLACK
6
CONTINUOUS
10
0.4985590551181102
20
0.441983779527559
11
0.4897382283464567
21
0.4478776377952756
0
LINE
8
BLACK
6
CONTINUOUS
10
0.4897382283464567
20
0.4478776377952756
11
0.4817622047244094
21
0.4548724409448819
0
LINE
8
BLACK
6
CONTINUOUS
10
0.4817622047244094
20
0.4548724409448819
11
0.4747674015748031
21
0.4628484645669291
0
LINE
8
BLACK
6
CONTINUOUS
10
0.4747674015748031
20
0.4628484645669291
11
0.4688735433070866
21
0.4716692913385827
0
LINE
8
BLACK
6
CONTINUOUS
10
0.4688735433070866
20
0.4716692913385827
11
0.4641814173228346
21
0.481183937007874
0
LINE
8
BLACK
6
CONTINUOUS
10
0.4641814173228346
20
0.481183937007874
11
0.4607713779527559
21
0.4912296456692913
0
LINE
8
BLACK
6
CONTINUOUS
10
0.4607713779527559
20
0.4912296456692913
11
0.4587017322834646
21
0.5016344881889764
0
LINE
8
BLACK
6
CONTINUOUS
10
0.4587017322834646
20
0.5016344881889764
11
0.4581627165354331
21
0.5098582677165354
0
LINE
8
BLACK
6
CONTINUOUS
10
0.4581627165354331
20
0.5098582677165354
11
0.3476377952755905
21
0.5098582677165354
0
LINE
8
BLACK
6
CONTINUOUS
10
0.3476377952755905
20
0.5098582677165354
11
0.3476377952755905
21
0.3571023622047244
0
LINE
8
BLACK
6
CONTINUOUS
10
0.3476377952755905
20
0.3571023622047244
11
0.3816299212598425
21
0.3571023622047244
0
LINE
8
BLACK
6
CONTINUOUS
10
0.3816299212598425
20
0.3571023622047244
11
0.3833002362204724
21
0.3564104724409449
0
LINE
8
BLACK
6
CONTINUOUS
10
0.3833002362204724
20
0.3564104724409449
11
0.383992125984252
21
0.354740157480315
0
LINE
8
BLACK
6
CONTINUOUS
10
0.383992125984252
20
0.354740157480315
11
0.3833002362204724
21
0.353069842519685
0
LINE
8
BLACK
6
CONTINUOUS
10
0.3833002362204724
20
0.353069842519685
11
0.3816299212598425
21
0.3523779527559055
0
LINE
8
BLACK
6
CONTINUOUS
10
0.3816299212598425
20
0.3523779527559055
11
0.3476377952755905
21
0.3523779527559055
0
LINE
8
BLACK
6
CONTINUOUS
10
0.3476377952755905
20
0.3523779527559055
11
0.3476377952755905
21
0.1996220472440945
0
LINE
8
BLACK
6
CONTINUOUS
10
0.3476377952755905
20
0.1996220472440945
11
0.3816299212598425
21
0.1996220472440945
0
LINE
8
BLACK
6
CONTINUOUS
10
0.3816299212598425
20
0.1996220472440945
11
0.3833002362204724
21
0.198930157480315
0
LINE
8
BLACK
6
CONTINUOUS
10
0.3833002362204724
20
0.198930157480315
11
0.383992125984252
21
0.197259842519685
0
LINE
8
BLACK
6
CONTINUOUS
10
0.383992125984252
20
0.197259842519685
11
0.3833002362204724
21
0.1955895275590551
0
LINE
8
BLACK
6
CONTINUOUS
10
0.3833002362204724
20
0.1955895275590551
11
0.3816299212598425
21
0.1948976377952756
0
LINE
8
BLACK
6
CONTINUOUS
10
0.3816299212598425
20
0.1948976377952756
11
0.3476377952755905
21
0.1948976377952756
0
LINE
8
BLACK
6
CONTINUOUS
10
0.3476377952755905
20
0.1948976377952756
11
0.3476377952755905
21
0.0421417322834646
0
LINE
8
BLACK
6
CONTINUOUS
10
0.3476377952755905
20
0.0421417322834646
11
0.4581627165354331
21
0.0421417322834646
0
LINE
8
BLACK
6
CONTINUOUS
10
0.4581627165354331
20
0.0421417322834646
11
0.4587017322834646
21
0.0503655118110236
0
LINE
8
BLACK
6
CONTINUOUS
10
0.4587017322834646
20
0.0503655118110236
11
0.4607713779527559
21
0.0607703543307087
0
LINE
8
BLACK
6
CONTINUOUS
10
0.4607713779527559
20
0.0607703543307087
11
0.4641814173228346
21
0.070816062992126
0
LINE
8
BLACK
6
CONTINUOUS
10
0.4641814173228346
20
0.070816062992126
11
0.4688735433070866
21
0.0803307086614173
0
LINE
8
BLACK
6
CONTINUOUS
10
0.4688735433070866
20
0.0803307086614173
11
0.4747674015748031
21
0.0891515354330709
0
LINE
8
BLACK
6
CONTINUOUS
10
0.4747674015748031
20
0.0891515354330709
11
0.4817622047244094
21
0.0971275590551181
0
LINE
8
BLACK
6
CONTINUOUS
10
0.4817622047244094
20
0.0971275590551181
11
0.4897382283464567
21
0.1041223622047244
0
LINE
8
BLACK
6
CONTINUOUS
10
0.4897382283464567
20
0.1041223622047244
11
0.4985590551181102
21
0.1100162204724409
0
LINE
8
BLACK
6
CONTINUOUS
10
0.4985590551181102
20
0.1100162204724409
11
0.5080737007874015
21
0.1147083464566929
0
LINE
8
BLACK
6
CONTINUOUS
10
0.5080737007874015
20
0.1147083464566929
11
0.5181194094488188
21
0.1181183858267717
0
LINE
8
BLACK
6
CONTINUOUS
10
0.5181194094488188
20
0.1181183858267717
11
0.5285242519685039
21
0.120188031496063
0
LINE
8
BLACK
6
CONTINUOUS
10
0.5285242519685039
20
0.120188031496063
11
0.5391102362204724
21
0.1208818897637795
0
LINE
8
BLACK
6
CONTINUOUS
10
0.5391102362204724
20
0.1208818897637795
11
0.9328110236220473
21
0.1208818897637795
0
LINE
8
BLACK
6
CONTINUOUS
10
0.9328110236220473
20
0.1208818897637795
11
0.9433970078740157
21
0.120188031496063
0
LINE
8
BLACK
6
CONTINUOUS
10
0.9433970078740157
20
0.120188031496063
11
0.9538018503937008
21
0.1181183858267717
0
LINE
8
BLACK
6
CONTINUOUS
10
0.9538018503937008
20
0.1181183858267717
11
0.9638475590551181
21
0.1147083464566929
0
LINE
8
BLACK
6
CONTINUOUS
10
0.9638475590551181
20
0.1147083464566929
11
0.9733622047244094
21
0.1100162204724409
0
LINE
8
BLACK
6
CONTINUOUS
10
0.9733622047244094
20
0.1100162204724409
11
0.982183031496063
21
0.1041223622047244
0
LINE
8
BLACK
6
CONTINUOUS
10
0.982183031496063
20
0.1041223622047244
11
0.9901590551181102
21
0.0971275590551181
0
LINE
8
BLACK
6
CONTINUOUS
10
0.9901590551181102
20
0.0971275590551181
11
0.9971538582677165
21
0.0891515354330709
0
LINE
8
BLACK
6
CONTINUOUS
10
0.9971538582677165
20
0.0891515354330709
11
1.003047716535433
21
0.0803307086614173
0
LINE
8
BLACK
6
CONTINUOUS
10
1.003047716535433
20
0.0803307086614173
11
1.0077398425196851
21
0.070816062992126
0
LINE
8
BLACK
6
CONTINUOUS
10
1.0077398425196851
20
0.070816062992126
11
1.0111498818897637
21
0.0607703543307087
0
LINE
8
BLACK
6
CONTINUOUS
10
1.0111498818897637
20
0.0607703543307087
11
1.0132195275590552
21
0.0503655118110236
0
LINE
8
BLACK
6
CONTINUOUS
10
1.0132195275590552
20
0.0503655118110236
11
1.0139133858267717
21
0.0397795275590551
0
LINE
8
BLACK
6
CONTINUOUS
10
1.0139133858267717
20
0.0397795275590551
11
1.0134622440944883
21
0.038391062992126
0
LINE
8
BLACK
6
CONTINUOUS
10
1.0134622440944883
20
0.038391062992126
11
1.0122811417322835
21
0.0375329527559055
0
LINE
8
BLACK
6
CONTINUOUS
10
1.0122811417322835
20
0.0375329527559055
11
1.0108212204724409
21
0.0375329527559055
0
LINE
8
BLACK
6
CONTINUOUS
10
1.0108212204724409
20
0.0375329527559055
11
1.0096401181102361
21
0.038391062992126
0
LINE
8
BLACK
6
CONTINUOUS
10
1.0096401181102361
20
0.038391062992126
11
1.0091889763779527
21
0.0397795275590551
0
LINE
8
BLACK
6
CONTINUOUS
10
1.0091889763779527
20
0.0397795275590551
11
1.0091889763779527
21
0.0447855905511811
0
LINE
8
BLACK
6
CONTINUOUS
10
1.0091889763779527
20
0.0447855905511811
11
1.0078821259842519
21
0.0547120866141732
0
LINE
8
BLACK
6
CONTINUOUS
10
1.0078821259842519
20
0.0547120866141732
11
1.0052908267716536
21
0.0643831102362205
0
LINE
8
BLACK
6
CONTINUOUS
10
1.0052908267716536
20
0.0643831102362205
11
1.0014593307086614
21
0.0736331102362205
0
LINE
8
BLACK
6
CONTINUOUS
10
1.0014593307086614
20
0.0736331102362205
11
0.9964532283464567
21
0.0823038976377953
0
LINE
8
BLACK
6
CONTINUOUS
10
0.9964532283464567
20
0.0823038976377953
11
0.9903582283464567
21
0.0902470866141732
0
LINE
8
BLACK
6
CONTINUOUS
10
0.9903582283464567
20
0.0902470866141732
11
0.9832785826771653
21
0.0973267322834646
0
LINE
8
BLACK
6
CONTINUOUS
10
0.9832785826771653
20
0.0973267322834646
11
0.9753353937007874
21
0.1034217322834646
0
LINE
8
BLACK
6
CONTINUOUS
10
0.9753353937007874
20
0.1034217322834646
11
0.9666646062992126
21
0.1084278346456693
0
LINE
8
BLACK
6
CONTINUOUS
10
0.9666646062992126
20
0.1084278346456693
11
0.9574146062992126
21
0.1122593307086614
0
LINE
8
BLACK
6
CONTINUOUS
10
0.9574146062992126
20
0.1122593307086614
11
0.9477435826771653
21
0.1148506299212598
0
LINE
8
BLACK
6
CONTINUOUS
10
0.9477435826771653
20
0.1148506299212598
11
0.9378170866141732
21
0.1161574803149606
0
LINE
8
BLACK
6
CONTINUOUS
10
0.9378170866141732
20
0.1161574803149606
11
0.9328110236220473
21
0.1161574803149606
0
LINE
8
BLACK
6
CONTINUOUS
10
0.9328110236220473
20
0.1161574803149606
11
0.5391102362204724
21
0.1161574803149606
0
LINE
8
BLACK
6
CONTINUOUS
10
0.5391102362204724
20
0.1161574803149606
11
0.5341041732283465
21
0.1161574803149606
0
LINE
8
BLACK
6
CONTINUOUS
10
0.5341041732283465
20
0.1161574803149606
11
0.5241776771653543
21
0.1148506299212598
0
LINE
8
BLACK
6
CONTINUOUS
10
0.5241776771653543
20
0.1148506299212598
11
0.514506653543307
21
0.1122593307086614
0
LINE
8
BLACK
6
CONTINUOUS
10
0.514506653543307
20
0.1122593307086614
11
0.5052566535433071
21
0.1084278346456693
0
LINE
8
BLACK
6
CONTINUOUS
10
0.5052566535433071
20
0.1084278346456693
11
0.4965858661417323
21
0.1034217322834646
0
LINE
8
BLACK
6
CONTINUOUS
10
0.4965858661417323
20
0.1034217322834646
11
0.4886426771653543
21
0.0973267322834646
0
LINE
8
BLACK
6
CONTINUOUS
10
0.4886426771653543
20
0.0973267322834646
11
0.481563031496063
21
0.0902470866141732
0
LINE
8
BLACK
6
CONTINUOUS
10
0.481563031496063
20
0.0902470866141732
11
0.475468031496063
21
0.0823038976377953
0
LINE
8
BLACK
6
CONTINUOUS
10
0.475468031496063
20
0.0823038976377953
11
0.4704619291338583
21
0.0736331102362205
0
LINE
8
BLACK
6
CONTINUOUS
10
0.4704619291338583
20
0.0736331102362205
11
0.4666304330708662
21
0.0643831102362205
0
LINE
8
BLACK
6
CONTINUOUS
10
0.4666304330708662
20
0.0643831102362205
11
0.4640391338582677
21
0.0547120866141732
0
LINE
8
BLACK
6
CONTINUOUS
10
0.4640391338582677
20
0.0547120866141732
11
0.4627322834645669
21
0.0447855905511811
0
LINE
8
BLACK
6
CONTINUOUS
10
0.4627322834645669
20
0.0447855905511811
11
0.4627322834645669
21
0.0397795275590551
0
LINE
8
BLACK
6
CONTINUOUS
10
0.4627322834645669
20
0.0397795275590551
11
0.4622811417322835
21
0.038391062992126
0
LINE
8
BLACK
6
CONTINUOUS
10
0.4622811417322835
20
0.038391062992126
11
0.4621037401574803
21
0.0382621653543307
0
LINE
8
BLACK
6
CONTINUOUS
10
0.4621037401574803
20
0.0382621653543307
11
0.4620403937007874
21
0.0381092125984252
0
LINE
8
BLACK
6
CONTINUOUS
10
0.4620403937007874
20
0.0381092125984252
11
0.4616979527559055
21
0.0379673622047244
0
LINE
8
BLACK
6
CONTINUOUS
10
0.4616979527559055
20
0.0379673622047244
11
0.4611000393700787
21
0.0375329527559055
0
LINE
8
BLACK
6
CONTINUOUS
10
0.4611000393700787
20
0.0375329527559055
11
0.4606492125984252
21
0.0375329527559055
0
LINE
8
BLACK
6
CONTINUOUS
10
0.4606492125984252
20
0.0375329527559055
11
0.4603700787401575
21
0.0374173228346457
0
LINE
8
BLACK
6
CONTINUOUS
10
0.4603700787401575
20
0.0374173228346457
11
0.3476377952755905
21
0.0374173228346457
0
LINE
8
BLACK
6
CONTINUOUS
10
0.3476377952755905
20
0.0374173228346457
11
0.3476377952755905
21
0.0214566929133858
0
LINE
8
BLACK
6
CONTINUOUS
10
0.3476377952755905
20
0.0214566929133858
11
1.7523622047244094
21
0.0214566929133858
0
LINE
8
BLACK
6
CONTINUOUS
10
1.7523622047244094
20
0.0214566929133858
11
1.7523622047244094
21
0.530511811023622
0
LINE
8
BLACK
6
CONTINUOUS
10
1.7523622047244094
20
0.530511811023622
11
0.3476377952755905
21
0.530511811023622
0
LINE
8
BLACK
6
CONTINUOUS
10
2.0417683858267717
20
0.086131062992126
11
2.0430982677165352
21
0.085858937007874
0
LINE
8
BLACK
6
CONTINUOUS
10
2.0430982677165352
20
0.085858937007874
11
2.0487225590551179
21
0.083046811023622
0
LINE
8
BLACK
6
CONTINUOUS
10
2.0487225590551179
20
0.083046811023622
11
2.049433937007874
21
0.0824159448818898
0
LINE
8
BLACK
6
CONTINUOUS
10
2.049433937007874
20
0.0824159448818898
11
2.0502573622047242
21
0.0819405905511811
0
LINE
8
BLACK
6
CONTINUOUS
10
2.0502573622047242
20
0.0819405905511811
11
2.0530695275590549
21
0.0791284251968504
0
LINE
8
BLACK
6
CONTINUOUS
10
2.0530695275590549
20
0.0791284251968504
11
2.0535448818897639
21
0.078305
0
LINE
8
BLACK
6
CONTINUOUS
10
2.0535448818897639
20
0.078305
11
2.0541757480314962
21
0.0775936220472441
0
LINE
8
BLACK
6
CONTINUOUS
10
2.0541757480314962
20
0.0775936220472441
11
2.0569878740157481
21
0.0719692913385827
0
LINE
8
BLACK
6
CONTINUOUS
10
2.0569878740157481
20
0.0719692913385827
11
2.0572599606299211
21
0.0706395275590551
0
LINE
8
BLACK
6
CONTINUOUS
10
2.0572599606299211
20
0.0706395275590551
11
2.0576113385826771
21
0.0693283070866142
0
LINE
8
BLACK
6
CONTINUOUS
10
2.0576113385826771
20
0.0693283070866142
11
2.0576113385826771
21
0.0580797244094488
0
LINE
8
BLACK
6
CONTINUOUS
10
2.0576113385826771
20
0.0580797244094488
11
2.0572599606299211
21
0.0567684645669291
0
LINE
8
BLACK
6
CONTINUOUS
10
2.0572599606299211
20
0.0567684645669291
11
2.0569878740157481
21
0.0554387401574803
0
LINE
8
BLACK
6
CONTINUOUS
10
2.0569878740157481
20
0.0554387401574803
11
2.0541757480314962
21
0.0498144094488189
0
LINE
8
BLACK
6
CONTINUOUS
10
2.0541757480314962
20
0.0498144094488189
11
2.0535448818897639
21
0.0491029921259842
0
LINE
8
BLACK
6
CONTINUOUS
10
2.0535448818897639
20
0.0491029921259842
11
2.0530695275590549
21
0.0482796062992126
0
LINE
8
BLACK
6
CONTINUOUS
10
2.0530695275590549
20
0.0482796062992126
11
2.0502573622047242
21
0.0454674409448819
0
LINE
8
BLACK
6
CONTINUOUS
10
2.0502573622047242
20
0.0454674409448819
11
2.0494338976377953
21
0.0449920078740157
0
LINE
8
BLACK
6
CONTINUOUS
10
2.0494338976377953
20
0.0449920078740157
11
2.0487225590551179
21
0.0443612204724409
0
LINE
8
BLACK
6
CONTINUOUS
10
2.0487225590551179
20
0.0443612204724409
11
2.0430982677165352
21
0.0415490551181102
0
LINE
8
BLACK
6
CONTINUOUS
10
2.0430982677165352
20
0.0415490551181102
11
2.0417683070866142
21
0.0412768897637795
0
LINE
8
BLACK
6
CONTINUOUS
10
2.0417683070866142
20
0.0412768897637795
11
2.0404572440944881
21
0.0409255905511811
0
LINE
8
BLACK
6
CONTINUOUS
10
2.0404572440944881
20
0.0409255905511811
11
1.9926507086614174
21
0.0409255905511811
0
LINE
8
BLACK
6
CONTINUOUS
10
1.9926507086614174
20
0.0409255905511811
11
1.9896979527559056
21
0.0417167716535433
0
LINE
8
BLACK
6
CONTINUOUS
10
1.9896979527559056
20
0.0417167716535433
11
1.987536377952756
21
0.0438783464566929
0
LINE
8
BLACK
6
CONTINUOUS
10
1.987536377952756
20
0.0438783464566929
11
1.9867451968503937
21
0.0468311023622047
0
LINE
8
BLACK
6
CONTINUOUS
10
1.9867451968503937
20
0.0468311023622047
11
1.987536377952756
21
0.0497838582677165
0
LINE
8
BLACK
6
CONTINUOUS
10
1.987536377952756
20
0.0497838582677165
11
1.9896979527559056
21
0.0519454330708661
0
LINE
8
BLACK
6
CONTINUOUS
10
1.9896979527559056
20
0.0519454330708661
11
1.9926507086614174
21
0.0527366141732283
0
LINE
8
BLACK
6
CONTINUOUS
10
1.9926507086614174
20
0.0527366141732283
11
2.039063149606299
21
0.0527366141732283
0
LINE
8
BLACK
6
CONTINUOUS
10
2.039063149606299
20
0.0527366141732283
11
2.0425833464566927
21
0.0544967322834646
0
LINE
8
BLACK
6
CONTINUOUS
10
2.0425833464566927
20
0.0544967322834646
11
2.0440401968503936
21
0.0559535826771654
0
LINE
8
BLACK
6
CONTINUOUS
10
2.0440401968503936
20
0.0559535826771654
11
2.0458003149606299
21
0.0594737795275591
0
LINE
8
BLACK
6
CONTINUOUS
10
2.0458003149606299
20
0.0594737795275591
11
2.0458003149606299
21
0.0679342125984252
0
LINE
8
BLACK
6
CONTINUOUS
10
2.0458003149606299
20
0.0679342125984252
11
2.0440401968503936
21
0.0714544094488189
0
LINE
8
BLACK
6
CONTINUOUS
10
2.0440401968503936
20
0.0714544094488189
11
2.042583307086614
21
0.0729112992125984
0
LINE
8
BLACK
6
CONTINUOUS
10
2.042583307086614
20
0.0729112992125984
11
2.039063149606299
21
0.0746713779527559
0
LINE
8
BLACK
6
CONTINUOUS
10
2.039063149606299
20
0.0746713779527559
11
1.9926507086614174
21
0.0746713779527559
0
LINE
8
BLACK
6
CONTINUOUS
10
1.9926507086614174
20
0.0746713779527559
11
1.9896979527559056
21
0.0754625590551181
0
LINE
8
BLACK
6
CONTINUOUS
10
1.9896979527559056
20
0.0754625590551181
11
1.987536377952756
21
0.0776241338582677
0
LINE
8
BLACK
6
CONTINUOUS
10
1.987536377952756
20
0.0776241338582677
11
1.9867451968503937
21
0.0805768897637795
0
LINE
8
BLACK
6
CONTINUOUS
10
1.9867451968503937
20
0.0805768897637795
11
1.987536377952756
21
0.0835296456692913
0
LINE
8
BLACK
6
CONTINUOUS
10
1.987536377952756
20
0.0835296456692913
11
1.9896979527559056
21
0.0856912204724409
0
LINE
8
BLACK
6
CONTINUOUS
10
1.9896979527559056
20
0.0856912204724409
11
1.9926507086614174
21
0.0864824015748031
0
LINE
8
BLACK
6
CONTINUOUS
10
1.9926507086614174
20
0.0864824015748031
11
2.0404572440944881
21
0.0864824015748031
0
LINE
8
BLACK
6
CONTINUOUS
10
2.0404572440944881
20
0.0864824015748031
11
2.0417683858267717
21
0.086131062992126
0
LINE
8
BLACK
6
CONTINUOUS
10
1.855
20
0.07
11
1.7949999999999999
21
0.07
0
LINE
8
BLACK
6
CONTINUOUS
10
1.7949999999999999
20
0.07
11
1.7949999999999999
21
0.13
0
LINE
8
BLACK
6
CONTINUOUS
10
1.7949999999999999
20
0.13
11
1.855
21
0.13
0
LINE
8
BLACK
6
CONTINUOUS
10
1.855
20
0.13
11
1.855
21
0.07
0
LINE
8
BLACK
6
CONTINUOUS
10
1.9549999999999998
20
0.07
11
1.895
21
0.07
0
LINE
8
BLACK
6
CONTINUOUS
10
1.895
20
0.07
11
1.895
21
0.13
0
LINE
8
BLACK
6
CONTINUOUS
10
1.895
20
0.13
11
1.9549999999999998
21
0.13
0
LINE
8
BLACK
6
CONTINUOUS
10
1.9549999999999998
20
0.13
11
1.9549999999999998
21
0.07
0
LINE
8
BLACK
6
CONTINUOUS
10
1.855
20
0.17
11
1.7949999999999999
21
0.17
0
LINE
8
BLACK
6
CONTINUOUS
10
1.7949999999999999
20
0.17
11
1.7949999999999999
21
0.23
0
LINE
8
BLACK
6
CONTINUOUS
10
1.7949999999999999
20
0.23
11
1.855
21
0.23
0
LINE
8
BLACK
6
CONTINUOUS
10
1.855
20
0.23
11
1.855
21
0.17
0
LINE
8
BLACK
6
CONTINUOUS
10
1.9549999999999998
20
0.17
11
1.895
21
0.17
0
LINE
8
BLACK
6
CONTINUOUS
10
1.895
20
0.17
11
1.895
21
0.23
0
LINE
8
BLACK
6
CONTINUOUS
10
1.895
20
0.23
11
1.9549999999999998
21
0.23
0
LINE
8
BLACK
6
CONTINUOUS
10
1.9549999999999998
20
0.23
11
1.9549999999999998
21
0.17
0
LINE
8
BLACK
6
CONTINUOUS
10
1.9753835039370078
20
0.2528851181102362
11
1.9755127559055117
21
0.2529079133858267
0
LINE
8
BLACK
6
CONTINUOUS
10
1.9755127559055117
20
0.2529079133858267
11
1.9756263385826771
21
0.2528422834645669
0
LINE
8
BLACK
6
CONTINUOUS
10
1.9756263385826771
20
0.2528422834645669
11
1.9760099212598425
21
0.2527746850393701
0
LINE
8
BLACK
6
CONTINUOUS
10
1.9760099212598425
20
0.2527746850393701
11
1.9765975984251969
21
0.2522815354330709
0
LINE
8
BLACK
6
CONTINUOUS
10
1.9765975984251969
20
0.2522815354330709
11
1.9772619291338582
21
0.2518979921259842
0
LINE
8
BLACK
6
CONTINUOUS
10
1.9772619291338582
20
0.2518979921259842
11
1.977353031496063
21
0.2516476377952756
0
LINE
8
BLACK
6
CONTINUOUS
10
1.977353031496063
20
0.2516476377952756
11
1.9775571653543307
21
0.2514763779527559
0
LINE
8
BLACK
6
CONTINUOUS
10
1.9775571653543307
20
0.2514763779527559
11
1.9776903937007873
21
0.2507207874015748
0
LINE
8
BLACK
6
CONTINUOUS
10
1.9776903937007873
20
0.2507207874015748
11
1.9779527559055117
21
0.25
0
LINE
8
BLACK
6
CONTINUOUS
10
1.9779527559055117
20
0.25
11
1.9779527559055117
21
0.15
0
LINE
8
BLACK
6
CONTINUOUS
10
1.9779527559055117
20
0.15
11
1.9779527559055117
21
0.05
0
LINE
8
BLACK
6
CONTINUOUS
10
1.9779527559055117
20
0.05
11
1.9778851181102362
21
0.0496164566929134
0
LINE
8
BLACK
6
CONTINUOUS
10
1.9778851181102362
20
0.0496164566929134
11
1.9779079133858268
21
0.0494872440944882
0
LINE
8
BLACK
6
CONTINUOUS
10
1.9779079133858268
20
0.0494872440944882
11
1.9778422834645668
21
0.0493736220472441
0
LINE
8
BLACK
6
CONTINUOUS
10
1.9778422834645668
20
0.0493736220472441
11
1.97777468503937
21
0.0489900787401575
0
LINE
8
BLACK
6
CONTINUOUS
10
1.97777468503937
20
0.0489900787401575
11
1.9772815354330708
21
0.0484023622047244
0
LINE
8
BLACK
6
CONTINUOUS
10
1.9772815354330708
20
0.0484023622047244
11
1.9768979921259842
21
0.0477380708661417
0
LINE
8
BLACK
6
CONTINUOUS
10
1.9768979921259842
20
0.0477380708661417
11
1.9766476377952755
21
0.0476469291338583
0
LINE
8
BLACK
6
CONTINUOUS
10
1.9766476377952755
20
0.0476469291338583
11
1.9764763779527559
21
0.0474428346456693
0
LINE
8
BLACK
6
CONTINUOUS
10
1.9764763779527559
20
0.0474428346456693
11
1.9757207874015748
21
0.0473095669291339
0
LINE
8
BLACK
6
CONTINUOUS
10
1.9757207874015748
20
0.0473095669291339
11
1.9749999999999999
21
0.0470472440944882
0
LINE
8
BLACK
6
CONTINUOUS
10
1.9749999999999999
20
0.0470472440944882
11
1.7749999999999999
21
0.0470472440944882
0
LINE
8
BLACK
6
CONTINUOUS
10
1.7749999999999999
20
0.0470472440944882
11
1.7746164566929132
21
0.047114842519685
0
LINE
8
BLACK
6
CONTINUOUS
10
1.7746164566929132
20
0.047114842519685
11
1.7744872440944881
21
0.0470920866141732
0
LINE
8
BLACK
6
CONTINUOUS
10
1.7744872440944881
20
0.0470920866141732
11
1.7743736220472441
21
0.0471576771653543
0
LINE
8
BLACK
6
CONTINUOUS
10
1.7743736220472441
20
0.0471576771653543
11
1.7739900787401575
21
0.0472253149606299
0
LINE
8
BLACK
6
CONTINUOUS
10
1.7739900787401575
20
0.0472253149606299
11
1.7734023622047244
21
0.0477184251968504
0
LINE
8
BLACK
6
CONTINUOUS
10
1.7734023622047244
20
0.0477184251968504
11
1.7727380708661418
21
0.0481020078740157
0
LINE
8
BLACK
6
CONTINUOUS
10
1.7727380708661418
20
0.0481020078740157
11
1.7726469291338582
21
0.0483523228346457
0
LINE
8
BLACK
6
CONTINUOUS
10
1.7726469291338582
20
0.0483523228346457
11
1.7724428346456693
21
0.0485236220472441
0
LINE
8
BLACK
6
CONTINUOUS
10
1.7724428346456693
20
0.0485236220472441
11
1.7723095669291338
21
0.0492791732283465
0
LINE
8
BLACK
6
CONTINUOUS
10
1.7723095669291338
20
0.0492791732283465
11
1.7720472440944881
21
0.05
0
LINE
8
BLACK
6
CONTINUOUS
10
1.7720472440944881
20
0.05
11
1.7720472440944881
21
0.15
0
LINE
8
BLACK
6
CONTINUOUS
10
1.7720472440944881
20
0.15
11
1.7720472440944881
21
0.25
0
LINE
8
BLACK
6
CONTINUOUS
10
1.7720472440944881
20
0.25
11
1.7721148425196851
21
0.2503835039370079
0
LINE
8
BLACK
6
CONTINUOUS
10
1.7721148425196851
20
0.2503835039370079
11
1.7720920866141732
21
0.2505127559055118
0
LINE
8
BLACK
6
CONTINUOUS
10
1.7720920866141732
20
0.2505127559055118
11
1.7721576771653542
21
0.2506263385826771
0
LINE
8
BLACK
6
CONTINUOUS
10
1.7721576771653542
20
0.2506263385826771
11
1.77222531496063
21
0.2510099212598425
0
LINE
8
BLACK
6
CONTINUOUS
10
1.77222531496063
20
0.2510099212598425
11
1.7727184251968504
21
0.2515975984251969
0
LINE
8
BLACK
6
CONTINUOUS
10
1.7727184251968504
20
0.2515975984251969
11
1.7731020078740156
21
0.2522619291338583
0
LINE
8
BLACK
6
CONTINUOUS
10
1.7731020078740156
20
0.2522619291338583
11
1.7733523228346457
21
0.252353031496063
0
LINE
8
BLACK
6
CONTINUOUS
10
1.7733523228346457
20
0.252353031496063
11
1.7735236220472441
21
0.2525571653543307
0
LINE
8
BLACK
6
CONTINUOUS
10
1.7735236220472441
20
0.2525571653543307
11
1.7742791732283465
21
0.2526903937007874
0
LINE
8
BLACK
6
CONTINUOUS
10
1.7742791732283465
20
0.2526903937007874
11
1.7749999999999999
21
0.2529527559055118
0
LINE
8
BLACK
6
CONTINUOUS
10
1.7749999999999999
20
0.2529527559055118
11
1.9749999999999999
21
0.2529527559055118
0
LINE
8
BLACK
6
CONTINUOUS
10
1.9749999999999999
20
0.2529527559055118
11
1.9753835039370078
21
0.2528851181102362
0
LINE
8
BLACK
6
CONTINUOUS
10
1.7779527559055117
20
0.1470472440944882
11
1.7779527559055117
21
0.0529527559055118
0
LINE
8
BLACK
6
CONTINUOUS
10
1.7779527559055117
20
0.0529527559055118
11
1.9720472440944881
21
0.0529527559055118
0
LINE
8
BLACK
6
CONTINUOUS
10
1.9720472440944881
20
0.0529527559055118
11
1.9720472440944881
21
0.1470472440944882
0
LINE
8
BLACK
6
CONTINUOUS
10
1.9720472440944881
20
0.1470472440944882
11
1.7779527559055117
21
0.1470472440944882
0
LINE
8
BLACK
6
CONTINUOUS
10
1.7779527559055117
20
0.2470472440944882
11
1.7779527559055117
21
0.1529527559055118
0
LINE
8
BLACK
6
CONTINUOUS
10
1.7779527559055117
20
0.1529527559055118
11
1.9720472440944881
21
0.1529527559055118
0
LINE
8
BLACK
6
CONTINUOUS
10
1.9720472440944881
20
0.1529527559055118
11
1.9720472440944881
21
0.2470472440944882
0
LINE
8
BLACK
6
CONTINUOUS
10
1.9720472440944881
20
0.2470472440944882
11
1.7779527559055117
21
0.2470472440944882
0
LINE
8
BLACK
6
CONTINUOUS
10
2.0349735433070864
20
0.1475585039370079
11
2.037135118110236
21
0.1453969291338583
0
LINE
8
BLACK
6
CONTINUOUS
10
2.037135118110236
20
0.1453969291338583
11
2.0379262992125984
21
0.1424441732283465
0
LINE
8
BLACK
6
CONTINUOUS
10
2.0379262992125984
20
0.1424441732283465
11
2.0379262992125984
21
0.1399132677165354
0
LINE
8
BLACK
6
CONTINUOUS
10
2.0379262992125984
20
0.1399132677165354
11
2.0517058267716535
21
0.1399132677165354
0
LINE
8
BLACK
6
CONTINUOUS
10
2.0517058267716535
20
0.1399132677165354
11
2.0546585826771655
21
0.1391220866141732
0
LINE
8
BLACK
6
CONTINUOUS
10
2.0546585826771655
20
0.1391220866141732
11
2.0568201574803151
21
0.1369605118110236
0
LINE
8
BLACK
6
CONTINUOUS
10
2.0568201574803151
20
0.1369605118110236
11
2.0576113385826771
21
0.1340077559055118
0
LINE
8
BLACK
6
CONTINUOUS
10
2.0576113385826771
20
0.1340077559055118
11
2.0568201574803151
21
0.131055
0
LINE
8
BLACK
6
CONTINUOUS
10
2.0568201574803151
20
0.131055
11
2.0546585826771655
21
0.1288934251968504
0
LINE
8
BLACK
6
CONTINUOUS
10
2.0546585826771655
20
0.1288934251968504
11
2.0517058267716535
21
0.1281022440944882
0
LINE
8
BLACK
6
CONTINUOUS
10
2.0517058267716535
20
0.1281022440944882
11
2.0379262992125984
21
0.1281022440944882
0
LINE
8
BLACK
6
CONTINUOUS
10
2.0379262992125984
20
0.1281022440944882
11
2.0379262992125984
21
0.1058862598425197
0
LINE
8
BLACK
6
CONTINUOUS
10
2.0379262992125984
20
0.1058862598425197
11
2.0376801574803149
21
0.1049677165354331
0
LINE
8
BLACK
6
CONTINUOUS
10
2.0376801574803149
20
0.1049677165354331
11
2.0376232283464568
21
0.1040187795275591
0
LINE
8
BLACK
6
CONTINUOUS
10
2.0376232283464568
20
0.1040187795275591
11
2.0372911417322834
21
0.1035157874015748
0
LINE
8
BLACK
6
CONTINUOUS
10
2.0372911417322834
20
0.1035157874015748
11
2.037135118110236
21
0.1029335039370079
0
LINE
8
BLACK
6
CONTINUOUS
10
2.037135118110236
20
0.1029335039370079
11
2.0364626771653542
21
0.102261062992126
0
LINE
8
BLACK
6
CONTINUOUS
10
2.0364626771653542
20
0.102261062992126
11
2.035938897637795
21
0.1014677559055118
0
LINE
8
BLACK
6
CONTINUOUS
10
2.035938897637795
20
0.1014677559055118
11
2.0353998031496063
21
0.1011981889763779
0
LINE
8
BLACK
6
CONTINUOUS
10
2.0353998031496063
20
0.1011981889763779
11
2.0349735433070864
21
0.1007719291338583
0
LINE
8
BLACK
6
CONTINUOUS
10
2.0349735433070864
20
0.1007719291338583
11
2.0340551181102362
21
0.1005258267716535
0
LINE
8
BLACK
6
CONTINUOUS
10
2.0340551181102362
20
0.1005258267716535
11
2.0332047244094489
21
0.1001006299212598
0
LINE
8
BLACK
6
CONTINUOUS
10
2.0332047244094489
20
0.1001006299212598
11
2.0326029921259843
21
0.1001367322834646
0
LINE
8
BLACK
6
CONTINUOUS
10
2.0326029921259843
20
0.1001367322834646
11
2.0320207874015748
21
0.0999807480314961
0
LINE
8
BLACK
6
CONTINUOUS
10
2.0320207874015748
20
0.0999807480314961
11
2.0311023228346454
21
0.100226811023622
0
LINE
8
BLACK
6
CONTINUOUS
10
2.0311023228346454
20
0.100226811023622
11
2.0301532677165355
21
0.1002838188976378
0
LINE
8
BLACK
6
CONTINUOUS
10
2.0301532677165355
20
0.1002838188976378
11
1.9879711023622046
21
0.1143445669291339
0
LINE
8
BLACK
6
CONTINUOUS
10
1.9879711023622046
20
0.1143445669291339
11
1.9854200393700787
21
0.1160288582677165
0
LINE
8
BLACK
6
CONTINUOUS
10
1.9854200393700787
20
0.1160288582677165
11
1.9840529527559054
21
0.1187630708661417
0
LINE
8
BLACK
6
CONTINUOUS
10
1.9840529527559054
20
0.1187630708661417
11
1.9842361417322834
21
0.1218144881889764
0
LINE
8
BLACK
6
CONTINUOUS
10
1.9842361417322834
20
0.1218144881889764
11
1.9859204330708662
21
0.1243655511811024
0
LINE
8
BLACK
6
CONTINUOUS
10
1.9859204330708662
20
0.1243655511811024
11
1.9886546456692913
21
0.1257326377952756
0
LINE
8
BLACK
6
CONTINUOUS
10
1.9886546456692913
20
0.1257326377952756
11
1.9917060629921259
21
0.1255494488188976
0
LINE
8
BLACK
6
CONTINUOUS
10
1.9917060629921259
20
0.1255494488188976
11
2.0261152755905512
21
0.1140797244094488
0
LINE
8
BLACK
6
CONTINUOUS
10
2.0261152755905512
20
0.1140797244094488
11
2.0261152755905512
21
0.1281022440944882
0
LINE
8
BLACK
6
CONTINUOUS
10
2.0261152755905512
20
0.1281022440944882
11
2.0123357480314961
21
0.1281022440944882
0
LINE
8
BLACK
6
CONTINUOUS
10
2.0123357480314961
20
0.1281022440944882
11
2.009382992125984
21
0.1288934251968504
0
LINE
8
BLACK
6
CONTINUOUS
10
2.009382992125984
20
0.1288934251968504
11
2.0072214173228344
21
0.131055
0
LINE
8
BLACK
6
CONTINUOUS
10
2.0072214173228344
20
0.131055
11
2.0064302362204725
21
0.1340077559055118
0
LINE
8
BLACK
6
CONTINUOUS
10
2.0064302362204725
20
0.1340077559055118
11
2.0072214173228344
21
0.1369605118110236
0
LINE
8
BLACK
6
CONTINUOUS
10
2.0072214173228344
20
0.1369605118110236
11
2.009382992125984
21
0.1391220866141732
0
LINE
8
BLACK
6
CONTINUOUS
10
2.009382992125984
20
0.1391220866141732
11
2.0123357480314961
21
0.1399132677165354
0
LINE
8
BLACK
6
CONTINUOUS
10
2.0123357480314961
20
0.1399132677165354
11
2.0261152755905512
21
0.1399132677165354
0
LINE
8
BLACK
6
CONTINUOUS
10
2.0261152755905512
20
0.1399132677165354
11
2.0261152755905512
21
0.1424441732283465
0
LINE
8
BLACK
6
CONTINUOUS
10
2.0261152755905512
20
0.1424441732283465
11
2.0269064566929131
21
0.1453969291338583
0
LINE
8
BLACK
6
CONTINUOUS
10
2.0269064566929131
20
0.1453969291338583
11
2.0290680314960627
21
0.1475585039370079
0
LINE
8
BLACK
6
CONTINUOUS
10
2.0290680314960627
20
0.1475585039370079
11
2.0320207874015748
21
0.1483496850393701
0
LINE
8
BLACK
6
CONTINUOUS
10
2.0320207874015748
20
0.1483496850393701
11
2.0349735433070864
21
0.1475585039370079
0
LINE
8
BLACK
6
CONTINUOUS
10
2.0417683858267717
20
0.211131062992126
11
2.0430982677165352
21
0.210858937007874
0
LINE
8
BLACK
6
CONTINUOUS
10
2.0430982677165352
20
0.210858937007874
11
2.0487225590551179
21
0.208046811023622
0
LINE
8
BLACK
6
CONTINUOUS
10
2.0487225590551179
20
0.208046811023622
11
2.049433937007874
21
0.2074159448818897
0
LINE
8
BLACK
6
CONTINUOUS
10
2.049433937007874
20
0.2074159448818897
11
2.0502573622047242
21
0.2069405905511811
0
LINE
8
BLACK
6
CONTINUOUS
10
2.0502573622047242
20
0.2069405905511811
11
2.0530695275590549
21
0.2041284251968504
0
LINE
8
BLACK
6
CONTINUOUS
10
2.0530695275590549
20
0.2041284251968504
11
2.0535448818897639
21
0.203305
0
LINE
8
BLACK
6
CONTINUOUS
10
2.0535448818897639
20
0.203305
11
2.0541757480314962
21
0.2025936220472441
0
LINE
8
BLACK
6
CONTINUOUS
10
2.0541757480314962
20
0.2025936220472441
11
2.0569878740157481
21
0.1969692913385827
0
LINE
8
BLACK
6
CONTINUOUS
10
2.0569878740157481
20
0.1969692913385827
11
2.0572599606299211
21
0.1956395275590551
0
LINE
8
BLACK
6
CONTINUOUS
10
2.0572599606299211
20
0.1956395275590551
11
2.0576113385826771
21
0.1943283070866142
0
LINE
8
BLACK
6
CONTINUOUS
10
2.0576113385826771
20
0.1943283070866142
11
2.0576113385826771
21
0.1830797244094488
0
LINE
8
BLACK
6
CONTINUOUS
10
2.0576113385826771
20
0.1830797244094488
11
2.0572599606299211
21
0.1817684645669291
0
LINE
8
BLACK
6
CONTINUOUS
10
2.0572599606299211
20
0.1817684645669291
11
2.0569878740157481
21
0.1804387401574803
0
LINE
8
BLACK
6
CONTINUOUS
10
2.0569878740157481
20
0.1804387401574803
11
2.0541757480314962
21
0.1748144094488189
0
LINE
8
BLACK
6
CONTINUOUS
10
2.0541757480314962
20
0.1748144094488189
11
2.0535448818897639
21
0.1741029921259842
0
LINE
8
BLACK
6
CONTINUOUS
10
2.0535448818897639
20
0.1741029921259842
11
2.0530695275590549
21
0.1732796062992126
0
LINE
8
BLACK
6
CONTINUOUS
10
2.0530695275590549
20
0.1732796062992126
11
2.0502573622047242
21
0.1704674409448819
0
LINE
8
BLACK
6
CONTINUOUS
10
2.0502573622047242
20
0.1704674409448819
11
2.0494338976377953
21
0.1699920078740157
0
LINE
8
BLACK
6
CONTINUOUS
10
2.0494338976377953
20
0.1699920078740157
11
2.0487225590551179
21
0.169361220472441
0
LINE
8
BLACK
6
CONTINUOUS
10
2.0487225590551179
20
0.169361220472441
11
2.0430982677165352
21
0.1665490551181102
0
LINE
8
BLACK
6
CONTINUOUS
10
2.0430982677165352
20
0.1665490551181102
11
2.0417683070866142
21
0.1662768897637795
0
LINE
8
BLACK
6
CONTINUOUS
10
2.0417683070866142
20
0.1662768897637795
11
2.0404572440944881
21
0.1659255905511811
0
LINE
8
BLACK
6
CONTINUOUS
10
2.0404572440944881
20
0.1659255905511811
11
1.9926507086614174
21
0.1659255905511811
0
LINE
8
BLACK
6
CONTINUOUS
10
1.9926507086614174
20
0.1659255905511811
11
1.9896979527559056
21
0.1667167716535433
0
LINE
8
BLACK
6
CONTINUOUS
10
1.9896979527559056
20
0.1667167716535433
11
1.987536377952756
21
0.1688783464566929
0
LINE
8
BLACK
6
CONTINUOUS
10
1.987536377952756
20
0.1688783464566929
11
1.9867451968503937
21
0.1718311023622047
0
LINE
8
BLACK
6
CONTINUOUS
10
1.9867451968503937
20
0.1718311023622047
11
1.987536377952756
21
0.1747838582677165
0
LINE
8
BLACK
6
CONTINUOUS
10
1.987536377952756
20
0.1747838582677165
11
1.9896979527559056
21
0.1769454330708661
0
LINE
8
BLACK
6
CONTINUOUS
10
1.9896979527559056
20
0.1769454330708661
11
1.9926507086614174
21
0.1777366141732283
0
LINE
8
BLACK
6
CONTINUOUS
10
1.9926507086614174
20
0.1777366141732283
11
2.039063149606299
21
0.1777366141732283
0
LINE
8
BLACK
6
CONTINUOUS
10
2.039063149606299
20
0.1777366141732283
11
2.0425833464566927
21
0.1794967322834645
0
LINE
8
BLACK
6
CONTINUOUS
10
2.0425833464566927
20
0.1794967322834645
11
2.0440401968503936
21
0.1809535826771654
0
LINE
8
BLACK
6
CONTINUOUS
10
2.0440401968503936
20
0.1809535826771654
11
2.0458003149606299
21
0.1844737795275591
0
LINE
8
BLACK
6
CONTINUOUS
10
2.0458003149606299
20
0.1844737795275591
11
2.0458003149606299
21
0.1929342125984252
0
LINE
8
BLACK
6
CONTINUOUS
10
2.0458003149606299
20
0.1929342125984252
11
2.0440401968503936
21
0.1964544094488189
0
LINE
8
BLACK
6
CONTINUOUS
10
2.0440401968503936
20
0.1964544094488189
11
2.042583307086614
21
0.1979112992125984
0
LINE
8
BLACK
6
CONTINUOUS
10
2.042583307086614
20
0.1979112992125984
11
2.039063149606299
21
0.1996713779527559
0
LINE
8
BLACK
6
CONTINUOUS
10
2.039063149606299
20
0.1996713779527559
11
1.9926507086614174
21
0.1996713779527559
0
LINE
8
BLACK
6
CONTINUOUS
10
1.9926507086614174
20
0.1996713779527559
11
1.9896979527559056
21
0.2004625590551181
0
LINE
8
BLACK
6
CONTINUOUS
10
1.9896979527559056
20
0.2004625590551181
11
1.987536377952756
21
0.2026241338582677
0
LINE
8
BLACK
6
CONTINUOUS
10
1.987536377952756
20
0.2026241338582677
11
1.9867451968503937
21
0.2055768897637795
0
LINE
8
BLACK
6
CONTINUOUS
10
1.9867451968503937
20
0.2055768897637795
11
1.987536377952756
21
0.2085296456692913
0
LINE
8
BLACK
6
CONTINUOUS
10
1.987536377952756
20
0.2085296456692913
11
1.9896979527559056
21
0.2106912204724409
0
LINE
8
BLACK
6
CONTINUOUS
10
1.9896979527559056
20
0.2106912204724409
11
1.9926507086614174
21
0.2114824015748031
0
LINE
8
BLACK
6
CONTINUOUS
10
1.9926507086614174
20
0.2114824015748031
11
2.0404572440944881
21
0.2114824015748031
0
LINE
8
BLACK
6
CONTINUOUS
10
2.0404572440944881
20
0.2114824015748031
11
2.0417683858267717
21
0.211131062992126
0
LINE
8
BLACK
6
CONTINUOUS
10
2.0417683070866142
20
0.270186220472441
11
2.0430982677165352
21
0.269914094488189
0
LINE
8
BLACK
6
CONTINUOUS
10
2.0430982677165352
20
0.269914094488189
11
2.0487225590551179
21
0.2671019291338583
0
LINE
8
BLACK
6
CONTINUOUS
10
2.0487225590551179
20
0.2671019291338583
11
2.0494338976377953
21
0.2664711023622047
0
LINE
8
BLACK
6
CONTINUOUS
10
2.0494338976377953
20
0.2664711023622047
11
2.0502573228346455
21
0.2659957480314961
0
LINE
8
BLACK
6
CONTINUOUS
10
2.0502573228346455
20
0.2659957480314961
11
2.0530694881889762
21
0.2631836220472441
0
LINE
8
BLACK
6
CONTINUOUS
10
2.0530694881889762
20
0.2631836220472441
11
2.0535449606299214
21
0.2623600787401575
0
LINE
8
BLACK
6
CONTINUOUS
10
2.0535449606299214
20
0.2623600787401575
11
2.0541757480314962
21
0.2616487401574803
0
LINE
8
BLACK
6
CONTINUOUS
10
2.0541757480314962
20
0.2616487401574803
11
2.0569879133858269
21
0.2560244094488189
0
LINE
8
BLACK
6
CONTINUOUS
10
2.0569879133858269
20
0.2560244094488189
11
2.0572600787401574
21
0.2546942913385827
0
LINE
8
BLACK
6
CONTINUOUS
10
2.0572600787401574
20
0.2546942913385827
11
2.0576113385826771
21
0.2533834251968504
0
LINE
8
BLACK
6
CONTINUOUS
10
2.0576113385826771
20
0.2533834251968504
11
2.0576113385826771
21
0.2365105511811024
0
LINE
8
BLACK
6
CONTINUOUS
10
2.0576113385826771
20
0.2365105511811024
11
2.0572599606299211
21
0.2351992913385827
0
LINE
8
BLACK
6
CONTINUOUS
10
2.0572599606299211
20
0.2351992913385827
11
2.0569878740157481
21
0.2338695669291339
0
LINE
8
BLACK
6
CONTINUOUS
10
2.0569878740157481
20
0.2338695669291339
11
2.0541757480314962
21
0.2282452362204724
0
LINE
8
BLACK
6
CONTINUOUS
10
2.0541757480314962
20
0.2282452362204724
11
2.0535448818897639
21
0.2275338188976378
0
LINE
8
BLACK
6
CONTINUOUS
10
2.0535448818897639
20
0.2275338188976378
11
2.0530695275590549
21
0.2267104330708661
0
LINE
8
BLACK
6
CONTINUOUS
10
2.0530695275590549
20
0.2267104330708661
11
2.0502573622047242
21
0.2238982677165354
0
LINE
8
BLACK
6
CONTINUOUS
10
2.0502573622047242
20
0.2238982677165354
11
2.0476100000000002
21
0.2223698031496063
0
LINE
8
BLACK
6
CONTINUOUS
10
2.0476100000000002
20
0.2223698031496063
11
2.0445530708661415
21
0.2223698031496063
0
LINE
8
BLACK
6
CONTINUOUS
10
2.0445530708661415
20
0.2223698031496063
11
2.0419057086614174
21
0.2238982677165354
0
LINE
8
BLACK
6
CONTINUOUS
10
2.0419057086614174
20
0.2238982677165354
11
2.0403772440944881
21
0.2265456299212598
0
LINE
8
BLACK
6
CONTINUOUS
10
2.0403772440944881
20
0.2265456299212598
11
2.0403772440944881
21
0.2296025590551181
0
LINE
8
BLACK
6
CONTINUOUS
10
2.0403772440944881
20
0.2296025590551181
11
2.0419057086614174
21
0.2322499212598425
0
LINE
8
BLACK
6
CONTINUOUS
10
2.0419057086614174
20
0.2322499212598425
11
2.0440401968503936
21
0.2343844094488189
0
LINE
8
BLACK
6
CONTINUOUS
10
2.0440401968503936
20
0.2343844094488189
11
2.0458003149606299
21
0.2379046062992126
0
LINE
8
BLACK
6
CONTINUOUS
10
2.0458003149606299
20
0.2379046062992126
11
2.0458003149606299
21
0.2519893307086614
0
LINE
8
BLACK
6
CONTINUOUS
10
2.0458003149606299
20
0.2519893307086614
11
2.0440402362204724
21
0.2555094881889764
0
LINE
8
BLACK
6
CONTINUOUS
10
2.0440402362204724
20
0.2555094881889764
11
2.0425833858267715
21
0.2569663779527559
0
LINE
8
BLACK
6
CONTINUOUS
10
2.0425833858267715
20
0.2569663779527559
11
2.039063149606299
21
0.2587265354330708
0
LINE
8
BLACK
6
CONTINUOUS
10
2.039063149606299
20
0.2587265354330708
11
2.0277905905511813
21
0.2587265354330708
0
LINE
8
BLACK
6
CONTINUOUS
10
2.0277905905511813
20
0.2587265354330708
11
2.0242703543307088
21
0.2569663779527559
0
LINE
8
BLACK
6
CONTINUOUS
10
2.0242703543307088
20
0.2569663779527559
11
2.0228135039370079
21
0.2555095669291338
0
LINE
8
BLACK
6
CONTINUOUS
10
2.0228135039370079
20
0.2555095669291338
11
2.0210534251968504
21
0.2519893700787402
0
LINE
8
BLACK
6
CONTINUOUS
10
2.0210534251968504
20
0.2519893700787402
11
2.0210534251968504
21
0.2449470078740157
0
LINE
8
BLACK
6
CONTINUOUS
10
2.0210534251968504
20
0.2449470078740157
11
2.0209024015748032
21
0.2443834251968504
0
LINE
8
BLACK
6
CONTINUOUS
10
2.0209024015748032
20
0.2443834251968504
11
2.0209412204724408
21
0.2438013779527559
0
LINE
8
BLACK
6
CONTINUOUS
10
2.0209412204724408
20
0.2438013779527559
11
2.0205132677165354
21
0.2429311811023622
0
LINE
8
BLACK
6
CONTINUOUS
10
2.0205132677165354
20
0.2429311811023622
11
2.020262244094488
21
0.2419942519685039
0
LINE
8
BLACK
6
CONTINUOUS
10
2.020262244094488
20
0.2419942519685039
11
2.0198496062992124
21
0.2415816141732283
0
LINE
8
BLACK
6
CONTINUOUS
10
2.0198496062992124
20
0.2415816141732283
11
2.019592244094488
21
0.2410582283464567
0
LINE
8
BLACK
6
CONTINUOUS
10
2.019592244094488
20
0.2410582283464567
11
2.0187865748031495
21
0.2405185826771654
0
LINE
8
BLACK
6
CONTINUOUS
10
2.0187865748031495
20
0.2405185826771654
11
2.0181006692913384
21
0.2398326771653543
0
LINE
8
BLACK
6
CONTINUOUS
10
2.0181006692913384
20
0.2398326771653543
11
2.0175370866141731
21
0.2396816535433071
0
LINE
8
BLACK
6
CONTINUOUS
10
2.0175370866141731
20
0.2396816535433071
11
2.017052440944882
21
0.2393570472440945
0
LINE
8
BLACK
6
CONTINUOUS
10
2.017052440944882
20
0.2393570472440945
11
2.0160848031496061
21
0.2392925196850394
0
LINE
8
BLACK
6
CONTINUOUS
10
2.0160848031496061
20
0.2392925196850394
11
2.0151479133858268
21
0.2390414960629921
0
LINE
8
BLACK
6
CONTINUOUS
10
2.0151479133858268
20
0.2390414960629921
11
2.0145843307086615
21
0.2391924803149606
0
LINE
8
BLACK
6
CONTINUOUS
10
2.0145843307086615
20
0.2391924803149606
11
2.014002283464567
21
0.2391537007874016
0
LINE
8
BLACK
6
CONTINUOUS
10
2.014002283464567
20
0.2391537007874016
11
2.0131320472440946
21
0.2395816141732283
0
LINE
8
BLACK
6
CONTINUOUS
10
2.0131320472440946
20
0.2395816141732283
11
2.0121951574803147
21
0.2398326771653543
0
LINE
8
BLACK
6
CONTINUOUS
10
2.0121951574803147
20
0.2398326771653543
11
2.0117825590551179
21
0.2402452362204724
0
LINE
8
BLACK
6
CONTINUOUS
10
2.0117825590551179
20
0.2402452362204724
11
2.0112590944881887
21
0.2405026771653543
0
LINE
8
BLACK
6
CONTINUOUS
10
2.0112590944881887
20
0.2405026771653543
11
1.998556220472441
21
0.2516176377952756
0
LINE
8
BLACK
6
CONTINUOUS
10
1.998556220472441
20
0.2516176377952756
11
1.998556220472441
21
0.228074094488189
0
LINE
8
BLACK
6
CONTINUOUS
10
1.998556220472441
20
0.228074094488189
11
1.9977650393700788
21
0.2251213385826772
0
LINE
8
BLACK
6
CONTINUOUS
10
1.9977650393700788
20
0.2251213385826772
11
1.9956034645669292
21
0.2229597637795276
0
LINE
8
BLACK
6
CONTINUOUS
10
1.9956034645669292
20
0.2229597637795276
11
1.9926507086614174
21
0.2221685826771654
0
LINE
8
BLACK
6
CONTINUOUS
10
1.9926507086614174
20
0.2221685826771654
11
1.9896979527559056
21
0.2229597637795276
0
LINE
8
BLACK
6
CONTINUOUS
10
1.9896979527559056
20
0.2229597637795276
11
1.987536377952756
21
0.2251213385826772
0
LINE
8
BLACK
6
CONTINUOUS
10
1.987536377952756
20
0.2251213385826772
11
1.9867451968503937
21
0.228074094488189
0
LINE
8
BLACK
6
CONTINUOUS
10
1.9867451968503937
20
0.228074094488189
11
1.9867451968503937
21
0.2646320472440945
0
LINE
8
BLACK
6
CONTINUOUS
10
1.9867451968503937
20
0.2646320472440945
11
1.9868961417322835
21
0.2651954724409449
0
LINE
8
BLACK
6
CONTINUOUS
10
1.9868961417322835
20
0.2651954724409449
11
1.9868573622047243
21
0.2657776771653543
0
LINE
8
BLACK
6
CONTINUOUS
10
1.9868573622047243
20
0.2657776771653543
11
1.9872853543307085
21
0.2666480708661417
0
LINE
8
BLACK
6
CONTINUOUS
10
1.9872853543307085
20
0.2666480708661417
11
1.987536377952756
21
0.2675848031496063
0
LINE
8
BLACK
6
CONTINUOUS
10
1.987536377952756
20
0.2675848031496063
11
1.9879488582677165
21
0.2679972834645669
0
LINE
8
BLACK
6
CONTINUOUS
10
1.9879488582677165
20
0.2679972834645669
11
1.9882063385826771
21
0.2685208661417323
0
LINE
8
BLACK
6
CONTINUOUS
10
1.9882063385826771
20
0.2685208661417323
11
1.9890122047244094
21
0.2690606299212598
0
LINE
8
BLACK
6
CONTINUOUS
10
1.9890122047244094
20
0.2690606299212598
11
1.9896979527559056
21
0.2697463779527559
0
LINE
8
BLACK
6
CONTINUOUS
10
1.9896979527559056
20
0.2697463779527559
11
1.9902614173228346
21
0.2698973228346457
0
LINE
8
BLACK
6
CONTINUOUS
10
1.9902614173228346
20
0.2698973228346457
11
1.9907461811023621
21
0.2702220472440945
0
LINE
8
BLACK
6
CONTINUOUS
10
1.9907461811023621
20
0.2702220472440945
11
1.9917139763779528
21
0.2702865354330709
0
LINE
8
BLACK
6
CONTINUOUS
10
1.9917139763779528
20
0.2702865354330709
11
1.9926507086614174
21
0.2705375590551181
0
LINE
8
BLACK
6
CONTINUOUS
10
1.9926507086614174
20
0.2705375590551181
11
1.9932141338582676
21
0.2703865748031496
0
LINE
8
BLACK
6
CONTINUOUS
10
1.9932141338582676
20
0.2703865748031496
11
1.9937963385826771
21
0.2704253937007874
0
LINE
8
BLACK
6
CONTINUOUS
10
1.9937963385826771
20
0.2704253937007874
11
1.9946667322834646
21
0.2699973622047244
0
LINE
8
BLACK
6
CONTINUOUS
10
1.9946667322834646
20
0.2699973622047244
11
1.9956034645669292
21
0.2697463779527559
0
LINE
8
BLACK
6
CONTINUOUS
10
1.9956034645669292
20
0.2697463779527559
11
1.9960159448818897
21
0.2693338582677166
0
LINE
8
BLACK
6
CONTINUOUS
10
1.9960159448818897
20
0.2693338582677166
11
1.9965395275590552
21
0.2690764173228347
0
LINE
8
BLACK
6
CONTINUOUS
10
1.9965395275590552
20
0.2690764173228347
11
2.0103498031496061
21
0.2569923622047244
0
LINE
8
BLACK
6
CONTINUOUS
10
2.0103498031496061
20
0.2569923622047244
11
2.0126779921259841
21
0.261648779527559
0
LINE
8
BLACK
6
CONTINUOUS
10
2.0126779921259841
20
0.261648779527559
11
2.0133088188976376
21
0.2623601574803149
0
LINE
8
BLACK
6
CONTINUOUS
10
2.0133088188976376
20
0.2623601574803149
11
2.0137842519685041
21
0.2631836220472441
0
LINE
8
BLACK
6
CONTINUOUS
10
2.0137842519685041
20
0.2631836220472441
11
2.0165964173228348
21
0.2659957480314961
0
LINE
8
BLACK
6
CONTINUOUS
10
2.0165964173228348
20
0.2659957480314961
11
2.0174198031496062
21
0.2664711023622047
0
LINE
8
BLACK
6
CONTINUOUS
10
2.0174198031496062
20
0.2664711023622047
11
2.0181311811023623
21
0.2671019291338583
0
LINE
8
BLACK
6
CONTINUOUS
10
2.0181311811023623
20
0.2671019291338583
11
2.0237554330708662
21
0.269914094488189
0
LINE
8
BLACK
6
CONTINUOUS
10
2.0237554330708662
20
0.269914094488189
11
2.0250854330708661
21
0.2701862598425197
0
LINE
8
BLACK
6
CONTINUOUS
10
2.0250854330708661
20
0.2701862598425197
11
2.0263964960629921
21
0.2705375590551181
0
LINE
8
BLACK
6
CONTINUOUS
10
2.0263964960629921
20
0.2705375590551181
11
2.0404572440944881
21
0.2705375590551181
0
LINE
8
BLACK
6
CONTINUOUS
10
2.0404572440944881
20
0.2705375590551181
11
2.0417683070866142
21
0.270186220472441
0
LINE
8
BLACK
6
CONTINUOUS
10
0.097570905511811
20
0.4129034251968504
11
0.0989008661417323
21
0.4126312992125984
0
LINE
8
BLACK
6
CONTINUOUS
10
0.0989008661417323
20
0.4126312992125984
11
0.1045251968503937
21
0.4098191338582677
0
LINE
8
BLACK
6
CONTINUOUS
10
0.1045251968503937
20
0.4098191338582677
11
0.1052365748031496
21
0.4091882677165354
0
LINE
8
BLACK
6
CONTINUOUS
10
0.1052365748031496
20
0.4091882677165354
11
0.10606
21
0.4087129133858268
0
LINE
8
BLACK
6
CONTINUOUS
10
0.10606
20
0.4087129133858268
11
0.108872125984252
21
0.4059007874015748
0
LINE
8
BLACK
6
CONTINUOUS
10
0.108872125984252
20
0.4059007874015748
11
0.1093475196850394
21
0.4050773228346456
0
LINE
8
BLACK
6
CONTINUOUS
10
0.1093475196850394
20
0.4050773228346456
11
0.1099783464566929
21
0.4043659842519685
0
LINE
8
BLACK
6
CONTINUOUS
10
0.1099783464566929
20
0.4043659842519685
11
0.1127905118110236
21
0.3987417322834645
0
LINE
8
BLACK
6
CONTINUOUS
10
0.1127905118110236
20
0.3987417322834645
11
0.1130626771653543
21
0.3974116929133858
0
LINE
8
BLACK
6
CONTINUOUS
10
0.1130626771653543
20
0.3974116929133858
11
0.1134139763779528
21
0.3961006692913386
0
LINE
8
BLACK
6
CONTINUOUS
10
0.1134139763779528
20
0.3961006692913386
11
0.1134139763779528
21
0.3904763779527559
0
LINE
8
BLACK
6
CONTINUOUS
10
0.1134139763779528
20
0.3904763779527559
11
0.113167874015748
21
0.3895579133858267
0
LINE
8
BLACK
6
CONTINUOUS
10
0.113167874015748
20
0.3895579133858267
11
0.113110905511811
21
0.3886088582677165
0
LINE
8
BLACK
6
CONTINUOUS
10
0.113110905511811
20
0.3886088582677165
11
0.1102987401574803
21
0.3801724409448819
0
LINE
8
BLACK
6
CONTINUOUS
10
0.1102987401574803
20
0.3801724409448819
11
0.1095508267716535
21
0.3790396456692913
0
LINE
8
BLACK
6
CONTINUOUS
10
0.1095508267716535
20
0.3790396456692913
11
0.108872125984252
21
0.377864094488189
0
LINE
8
BLACK
6
CONTINUOUS
10
0.108872125984252
20
0.377864094488189
11
0.0852076771653543
21
0.3541996456692914
0
LINE
8
BLACK
6
CONTINUOUS
10
0.0852076771653543
20
0.3541996456692914
11
0.1075084645669291
21
0.3541996456692914
0
LINE
8
BLACK
6
CONTINUOUS
10
0.1075084645669291
20
0.3541996456692914
11
0.1104612204724409
21
0.3534084645669291
0
LINE
8
BLACK
6
CONTINUOUS
10
0.1104612204724409
20
0.3534084645669291
11
0.1126227952755905
21
0.3512468897637795
0
LINE
8
BLACK
6
CONTINUOUS
10
0.1126227952755905
20
0.3512468897637795
11
0.1134139763779528
21
0.3482941338582677
0
LINE
8
BLACK
6
CONTINUOUS
10
0.1134139763779528
20
0.3482941338582677
11
0.1126227952755905
21
0.3453413779527559
0
LINE
8
BLACK
6
CONTINUOUS
10
0.1126227952755905
20
0.3453413779527559
11
0.1104612204724409
21
0.3431798031496063
0
LINE
8
BLACK
6
CONTINUOUS
10
0.1104612204724409
20
0.3431798031496063
11
0.1075084645669291
21
0.3423886220472441
0
LINE
8
BLACK
6
CONTINUOUS
10
0.1075084645669291
20
0.3423886220472441
11
0.0709505118110236
21
0.3423886220472441
0
LINE
8
BLACK
6
CONTINUOUS
10
0.0709505118110236
20
0.3423886220472441
11
0.0701995275590551
21
0.3425898425196851
0
LINE
8
BLACK
6
CONTINUOUS
10
0.0701995275590551
20
0.3425898425196851
11
0.0694220472440945
21
0.3425898425196851
0
LINE
8
BLACK
6
CONTINUOUS
10
0.0694220472440945
20
0.3425898425196851
11
0.0687487007874016
21
0.3429785433070866
0
LINE
8
BLACK
6
CONTINUOUS
10
0.0687487007874016
20
0.3429785433070866
11
0.0679977559055118
21
0.3431798031496063
0
LINE
8
BLACK
6
CONTINUOUS
10
0.0679977559055118
20
0.3431798031496063
11
0.0674479527559055
21
0.3437295669291339
0
LINE
8
BLACK
6
CONTINUOUS
10
0.0674479527559055
20
0.3437295669291339
11
0.0667746850393701
21
0.3441183070866142
0
LINE
8
BLACK
6
CONTINUOUS
10
0.0667746850393701
20
0.3441183070866142
11
0.0663859448818898
21
0.3447915748031496
0
LINE
8
BLACK
6
CONTINUOUS
10
0.0663859448818898
20
0.3447915748031496
11
0.0658361811023622
21
0.3453413779527559
0
LINE
8
BLACK
6
CONTINUOUS
10
0.0658361811023622
20
0.3453413779527559
11
0.0656349212598425
21
0.3460923228346456
0
LINE
8
BLACK
6
CONTINUOUS
10
0.0656349212598425
20
0.3460923228346456
11
0.0652462204724409
21
0.3467656692913386
0
LINE
8
BLACK
6
CONTINUOUS
10
0.0652462204724409
20
0.3467656692913386
11
0.0652462204724409
21
0.3475431496062992
0
LINE
8
BLACK
6
CONTINUOUS
10
0.0652462204724409
20
0.3475431496062992
11
0.065045
21
0.3482941338582677
0
LINE
8
BLACK
6
CONTINUOUS
10
0.065045
20
0.3482941338582677
11
0.0652462204724409
21
0.3490450787401575
0
LINE
8
BLACK
6
CONTINUOUS
10
0.0652462204724409
20
0.3490450787401575
11
0.0652462204724409
21
0.3498225984251969
0
LINE
8
BLACK
6
CONTINUOUS
10
0.0652462204724409
20
0.3498225984251969
11
0.0656349212598425
21
0.350495905511811
0
LINE
8
BLACK
6
CONTINUOUS
10
0.0656349212598425
20
0.350495905511811
11
0.0658361811023622
21
0.3512468897637795
0
LINE
8
BLACK
6
CONTINUOUS
10
0.0658361811023622
20
0.3512468897637795
11
0.0663859448818898
21
0.3517966535433071
0
LINE
8
BLACK
6
CONTINUOUS
10
0.0663859448818898
20
0.3517966535433071
11
0.0667746850393701
21
0.3524699606299213
0
LINE
8
BLACK
6
CONTINUOUS
10
0.0667746850393701
20
0.3524699606299213
11
0.0995346850393701
21
0.3852299606299213
0
LINE
8
BLACK
6
CONTINUOUS
10
0.0995346850393701
20
0.3852299606299213
11
0.1016029527559055
21
0.3914347244094488
0
LINE
8
BLACK
6
CONTINUOUS
10
0.1016029527559055
20
0.3914347244094488
11
0.1016029527559055
21
0.3947065354330709
0
LINE
8
BLACK
6
CONTINUOUS
10
0.1016029527559055
20
0.3947065354330709
11
0.0998428346456693
21
0.3982267322834646
0
LINE
8
BLACK
6
CONTINUOUS
10
0.0998428346456693
20
0.3982267322834646
11
0.0983859842519685
21
0.3996836220472441
0
LINE
8
BLACK
6
CONTINUOUS
10
0.0983859842519685
20
0.3996836220472441
11
0.0948657480314961
21
0.4014437401574803
0
LINE
8
BLACK
6
CONTINUOUS
10
0.0948657480314961
20
0.4014437401574803
11
0.0835932283464567
21
0.4014437401574803
0
LINE
8
BLACK
6
CONTINUOUS
10
0.0835932283464567
20
0.4014437401574803
11
0.0800729921259842
21
0.3996836220472441
0
LINE
8
BLACK
6
CONTINUOUS
10
0.0800729921259842
20
0.3996836220472441
11
0.0779385039370079
21
0.3975491338582677
0
LINE
8
BLACK
6
CONTINUOUS
10
0.0779385039370079
20
0.3975491338582677
11
0.0752911417322835
21
0.3960206692913386
0
LINE
8
BLACK
6
CONTINUOUS
10
0.0752911417322835
20
0.3960206692913386
11
0.0722342125984252
21
0.3960206692913386
0
LINE
8
BLACK
6
CONTINUOUS
10
0.0722342125984252
20
0.3960206692913386
11
0.0695868503937008
21
0.3975491338582677
0
LINE
8
BLACK
6
CONTINUOUS
10
0.0695868503937008
20
0.3975491338582677
11
0.0680583858267717
21
0.4001964960629921
0
LINE
8
BLACK
6
CONTINUOUS
10
0.0680583858267717
20
0.4001964960629921
11
0.0680583858267717
21
0.4032534251968504
0
LINE
8
BLACK
6
CONTINUOUS
10
0.0680583858267717
20
0.4032534251968504
11
0.0695868503937008
21
0.4059007874015748
0
LINE
8
BLACK
6
CONTINUOUS
10
0.0695868503937008
20
0.4059007874015748
11
0.0723989763779528
21
0.4087129133858268
0
LINE
8
BLACK
6
CONTINUOUS
10
0.0723989763779528
20
0.4087129133858268
11
0.0732223622047244
21
0.4091882677165354
0
LINE
8
BLACK
6
CONTINUOUS
10
0.0732223622047244
20
0.4091882677165354
11
0.0739337795275591
21
0.4098191338582677
0
LINE
8
BLACK
6
CONTINUOUS
10
0.0739337795275591
20
0.4098191338582677
11
0.0795581102362205
21
0.4126312992125984
0
LINE
8
BLACK
6
CONTINUOUS
10
0.0795581102362205
20
0.4126312992125984
11
0.080888031496063
21
0.4129034251968504
0
LINE
8
BLACK
6
CONTINUOUS
10
0.080888031496063
20
0.4129034251968504
11
0.0821991338582677
21
0.4132547637795275
0
LINE
8
BLACK
6
CONTINUOUS
10
0.0821991338582677
20
0.4132547637795275
11
0.096259842519685
21
0.4132547637795275
0
LINE
8
BLACK
6
CONTINUOUS
10
0.096259842519685
20
0.4132547637795275
11
0.097570905511811
21
0.4129034251968504
0
LINE
8
BLACK
6
CONTINUOUS
10
0.1510017322834646
20
0.4129034251968504
11
0.1523316929133858
21
0.4126312992125984
0
LINE
8
BLACK
6
CONTINUOUS
10
0.1523316929133858
20
0.4126312992125984
11
0.1579559842519685
21
0.4098191338582677
0
LINE
8
BLACK
6
CONTINUOUS
10
0.1579559842519685
20
0.4098191338582677
11
0.1586673228346457
21
0.4091883070866142
0
LINE
8
BLACK
6
CONTINUOUS
10
0.1586673228346457
20
0.4091883070866142
11
0.1594907480314961
21
0.4087129527559055
0
LINE
8
BLACK
6
CONTINUOUS
10
0.1594907480314961
20
0.4087129527559055
11
0.1623029133858268
21
0.4059008267716535
0
LINE
8
BLACK
6
CONTINUOUS
10
0.1623029133858268
20
0.4059008267716535
11
0.1627783070866142
21
0.4050773622047244
0
LINE
8
BLACK
6
CONTINUOUS
10
0.1627783070866142
20
0.4050773622047244
11
0.1634091732283464
21
0.4043659842519685
0
LINE
8
BLACK
6
CONTINUOUS
10
0.1634091732283464
20
0.4043659842519685
11
0.1662212992125984
21
0.3987416535433071
0
LINE
8
BLACK
6
CONTINUOUS
10
0.1662212992125984
20
0.3987416535433071
11
0.166351968503937
21
0.3981029133858268
0
LINE
8
BLACK
6
CONTINUOUS
10
0.166351968503937
20
0.3981029133858268
11
0.1666684251968504
21
0.3975329527559055
0
LINE
8
BLACK
6
CONTINUOUS
10
0.1666684251968504
20
0.3975329527559055
11
0.1694805905511811
21
0.3862843700787402
0
LINE
8
BLACK
6
CONTINUOUS
10
0.1694805905511811
20
0.3862843700787402
11
0.1694683070866142
21
0.3855558267716535
0
LINE
8
BLACK
6
CONTINUOUS
10
0.1694683070866142
20
0.3855558267716535
11
0.1696569291338583
21
0.3848520472440945
0
LINE
8
BLACK
6
CONTINUOUS
10
0.1696569291338583
20
0.3848520472440945
11
0.1696569291338583
21
0.3707913385826772
0
LINE
8
BLACK
6
CONTINUOUS
10
0.1696569291338583
20
0.3707913385826772
11
0.1694683070866142
21
0.3700875196850393
0
LINE
8
BLACK
6
CONTINUOUS
10
0.1694683070866142
20
0.3700875196850393
11
0.1694805905511811
21
0.3693590157480315
0
LINE
8
BLACK
6
CONTINUOUS
10
0.1694805905511811
20
0.3693590157480315
11
0.1666684251968504
21
0.3581104330708662
0
LINE
8
BLACK
6
CONTINUOUS
10
0.1666684251968504
20
0.3581104330708662
11
0.166351968503937
21
0.3575404330708661
0
LINE
8
BLACK
6
CONTINUOUS
10
0.166351968503937
20
0.3575404330708661
11
0.1662212992125984
21
0.3569017322834646
0
LINE
8
BLACK
6
CONTINUOUS
10
0.1662212992125984
20
0.3569017322834646
11
0.1634091732283464
21
0.3512774015748031
0
LINE
8
BLACK
6
CONTINUOUS
10
0.1634091732283464
20
0.3512774015748031
11
0.1627783070866142
21
0.3505659842519685
0
LINE
8
BLACK
6
CONTINUOUS
10
0.1627783070866142
20
0.3505659842519685
11
0.1623029133858268
21
0.3497425590551181
0
LINE
8
BLACK
6
CONTINUOUS
10
0.1623029133858268
20
0.3497425590551181
11
0.1594907480314961
21
0.3469304330708661
0
LINE
8
BLACK
6
CONTINUOUS
10
0.1594907480314961
20
0.3469304330708661
11
0.1586673228346457
21
0.3464550393700787
0
LINE
8
BLACK
6
CONTINUOUS
10
0.1586673228346457
20
0.3464550393700787
11
0.1579559842519685
21
0.3458242519685039
0
LINE
8
BLACK
6
CONTINUOUS
10
0.1579559842519685
20
0.3458242519685039
11
0.1523316929133858
21
0.3430120866141732
0
LINE
8
BLACK
6
CONTINUOUS
10
0.1523316929133858
20
0.3430120866141732
11
0.1510017322834646
21
0.3427399212598425
0
LINE
8
BLACK
6
CONTINUOUS
10
0.1510017322834646
20
0.3427399212598425
11
0.1496906692913386
21
0.3423886220472441
0
LINE
8
BLACK
6
CONTINUOUS
10
0.1496906692913386
20
0.3423886220472441
11
0.1440663779527559
21
0.3423886220472441
0
LINE
8
BLACK
6
CONTINUOUS
10
0.1440663779527559
20
0.3423886220472441
11
0.1427553149606299
21
0.3427398818897638
0
LINE
8
BLACK
6
CONTINUOUS
10
0.1427553149606299
20
0.3427398818897638
11
0.1414253149606299
21
0.3430120866141732
0
LINE
8
BLACK
6
CONTINUOUS
10
0.1414253149606299
20
0.3430120866141732
11
0.135801062992126
21
0.3458242519685039
0
LINE
8
BLACK
6
CONTINUOUS
10
0.135801062992126
20
0.3458242519685039
11
0.1350896850393701
21
0.3464550393700787
0
LINE
8
BLACK
6
CONTINUOUS
10
0.1350896850393701
20
0.3464550393700787
11
0.1342662992125984
21
0.3469304330708661
0
LINE
8
BLACK
6
CONTINUOUS
10
0.1342662992125984
20
0.3469304330708661
11
0.1314541338582677
21
0.3497425590551181
0
LINE
8
BLACK
6
CONTINUOUS
10
0.1314541338582677
20
0.3497425590551181
11
0.1309786614173228
21
0.3505660236220473
0
LINE
8
BLACK
6
CONTINUOUS
10
0.1309786614173228
20
0.3505660236220473
11
0.130347874015748
21
0.3512774015748031
0
LINE
8
BLACK
6
CONTINUOUS
10
0.130347874015748
20
0.3512774015748031
11
0.1275357086614173
21
0.3569016929133858
0
LINE
8
BLACK
6
CONTINUOUS
10
0.1275357086614173
20
0.3569016929133858
11
0.1274049606299213
21
0.3575404330708661
0
LINE
8
BLACK
6
CONTINUOUS
10
0.1274049606299213
20
0.3575404330708661
11
0.1270885826771654
21
0.3581104330708662
0
LINE
8
BLACK
6
CONTINUOUS
10
0.1270885826771654
20
0.3581104330708662
11
0.1242764566929134
21
0.3693590551181102
0
LINE
8
BLACK
6
CONTINUOUS
10
0.1242764566929134
20
0.3693590551181102
11
0.1242887007874016
21
0.3700874803149606
0
LINE
8
BLACK
6
CONTINUOUS
10
0.1242887007874016
20
0.3700874803149606
11
0.1241001181102362
21
0.3707913385826772
0
LINE
8
BLACK
6
CONTINUOUS
10
0.1241001181102362
20
0.3707913385826772
11
0.1241001181102362
21
0.3848520472440945
0
LINE
8
BLACK
6
CONTINUOUS
10
0.1241001181102362
20
0.3848520472440945
11
0.1242887007874016
21
0.3855558661417323
0
LINE
8
BLACK
6
CONTINUOUS
10
0.1242887007874016
20
0.3855558661417323
11
0.1242764566929134
21
0.3862843307086614
0
LINE
8
BLACK
6
CONTINUOUS
10
0.1242764566929134
20
0.3862843307086614
11
0.1270885826771654
21
0.3975329527559055
0
LINE
8
BLACK
6
CONTINUOUS
10
0.1270885826771654
20
0.3975329527559055
11
0.1274049606299213
21
0.3981029133858268
0
LINE
8
BLACK
6
CONTINUOUS
10
0.1274049606299213
20
0.3981029133858268
11
0.1275357086614173
21
0.3987416929133858
0
LINE
8
BLACK
6
CONTINUOUS
10
0.1275357086614173
20
0.3987416929133858
11
0.130347874015748
21
0.4043659842519685
0
LINE
8
BLACK
6
CONTINUOUS
10
0.130347874015748
20
0.4043659842519685
11
0.1309786614173228
21
0.4050773228346456
0
LINE
8
BLACK
6
CONTINUOUS
10
0.1309786614173228
20
0.4050773228346456
11
0.1314541338582677
21
0.4059008267716535
0
LINE
8
BLACK
6
CONTINUOUS
10
0.1314541338582677
20
0.4059008267716535
11
0.1342662992125984
21
0.4087129527559055
0
LINE
8
BLACK
6
CONTINUOUS
10
0.1342662992125984
20
0.4087129527559055
11
0.1350896850393701
21
0.4091883070866142
0
LINE
8
BLACK
6
CONTINUOUS
10
0.1350896850393701
20
0.4091883070866142
11
0.135801062992126
21
0.4098191338582677
0
LINE
8
BLACK
6
CONTINUOUS
10
0.135801062992126
20
0.4098191338582677
11
0.1414253149606299
21
0.4126312992125984
0
LINE
8
BLACK
6
CONTINUOUS
10
0.1414253149606299
20
0.4126312992125984
11
0.1427553149606299
21
0.4129034645669291
0
LINE
8
BLACK
6
CONTINUOUS
10
0.1427553149606299
20
0.4129034645669291
11
0.1440663779527559
21
0.4132547637795275
0
LINE
8
BLACK
6
CONTINUOUS
10
0.1440663779527559
20
0.4132547637795275
11
0.1496906692913386
21
0.4132547637795275
0
LINE
8
BLACK
6
CONTINUOUS
10
0.1496906692913386
20
0.4132547637795275
11
0.1510017322834646
21
0.4129034251968504
0
LINE
8
BLACK
6
CONTINUOUS
10
0.1419402362204724
20
0.3996835826771654
11
0.1404833858267716
21
0.3982267716535433
0
LINE
8
BLACK
6
CONTINUOUS
10
0.1404833858267716
20
0.3982267716535433
11
0.1383896456692913
21
0.3940393700787401
0
LINE
8
BLACK
6
CONTINUOUS
10
0.1383896456692913
20
0.3940393700787401
11
0.1359111417322835
21
0.3841251181102362
0
LINE
8
BLACK
6
CONTINUOUS
10
0.1359111417322835
20
0.3841251181102362
11
0.1359111417322835
21
0.3715182283464567
0
LINE
8
BLACK
6
CONTINUOUS
10
0.1359111417322835
20
0.3715182283464567
11
0.1383896456692913
21
0.3616039763779528
0
LINE
8
BLACK
6
CONTINUOUS
10
0.1383896456692913
20
0.3616039763779528
11
0.1404833858267716
21
0.3574165748031496
0
LINE
8
BLACK
6
CONTINUOUS
10
0.1404833858267716
20
0.3574165748031496
11
0.1419402362204724
21
0.3559597637795275
0
LINE
8
BLACK
6
CONTINUOUS
10
0.1419402362204724
20
0.3559597637795275
11
0.1454604724409449
21
0.3541996456692914
0
LINE
8
BLACK
6
CONTINUOUS
10
0.1454604724409449
20
0.3541996456692914
11
0.1482965748031496
21
0.3541996456692914
0
LINE
8
BLACK
6
CONTINUOUS
10
0.1482965748031496
20
0.3541996456692914
11
0.151816811023622
21
0.3559597637795275
0
LINE
8
BLACK
6
CONTINUOUS
10
0.151816811023622
20
0.3559597637795275
11
0.1532736614173228
21
0.3574166141732283
0
LINE
8
BLACK
6
CONTINUOUS
10
0.1532736614173228
20
0.3574166141732283
11
0.1553672834645669
21
0.361603937007874
0
LINE
8
BLACK
6
CONTINUOUS
10
0.1553672834645669
20
0.361603937007874
11
0.157845905511811
21
0.3715182677165354
0
LINE
8
BLACK
6
CONTINUOUS
10
0.157845905511811
20
0.3715182677165354
11
0.157845905511811
21
0.3841250787401574
0
LINE
8
BLACK
6
CONTINUOUS
10
0.157845905511811
20
0.3841250787401574
11
0.1553672834645669
21
0.3940394094488189
0
LINE
8
BLACK
6
CONTINUOUS
10
0.1553672834645669
20
0.3940394094488189
11
0.1532736614173228
21
0.3982267322834646
0
LINE
8
BLACK
6
CONTINUOUS
10
0.1532736614173228
20
0.3982267322834646
11
0.151816811023622
21
0.3996835826771654
0
LINE
8
BLACK
6
CONTINUOUS
10
0.151816811023622
20
0.3996835826771654
11
0.1482965748031496
21
0.4014437401574803
0
LINE
8
BLACK
6
CONTINUOUS
10
0.1482965748031496
20
0.4014437401574803
11
0.1454604724409449
21
0.4014437401574803
0
LINE
8
BLACK
6
CONTINUOUS
10
0.1454604724409449
20
0.4014437401574803
11
0.1419402362204724
21
0.3996835826771654
0
LINE
8
BLACK
6
CONTINUOUS
10
0.2033099606299213
20
0.4132042125984252
11
0.2035015354330709
21
0.4132425590551181
0
LINE
8
BLACK
6
CONTINUOUS
10
0.2035015354330709
20
0.4132425590551181
11
0.2047756692913386
21
0.4128114960629921
0
LINE
8
BLACK
6
CONTINUOUS
10
0.2047756692913386
20
0.4128114960629921
11
0.2060742125984252
21
0.4124635826771653
0
LINE
8
BLACK
6
CONTINUOUS
10
0.2060742125984252
20
0.4124635826771653
11
0.2062122440944882
21
0.4123255118110236
0
LINE
8
BLACK
6
CONTINUOUS
10
0.2062122440944882
20
0.4123255118110236
11
0.2063972440944882
21
0.4122629527559055
0
LINE
8
BLACK
6
CONTINUOUS
10
0.2063972440944882
20
0.4122629527559055
11
0.2072851181102362
21
0.4112526377952756
0
LINE
8
BLACK
6
CONTINUOUS
10
0.2072851181102362
20
0.4112526377952756
11
0.2082357874015748
21
0.4103020078740157
0
LINE
8
BLACK
6
CONTINUOUS
10
0.2082357874015748
20
0.4103020078740157
11
0.2082862992125984
21
0.4101134645669291
0
LINE
8
BLACK
6
CONTINUOUS
10
0.2082862992125984
20
0.4101134645669291
11
0.2084152362204724
21
0.4099667716535433
0
LINE
8
BLACK
6
CONTINUOUS
10
0.2084152362204724
20
0.4099667716535433
11
0.2086789763779527
21
0.408647874015748
0
LINE
8
BLACK
6
CONTINUOUS
10
0.2086789763779527
20
0.408647874015748
11
0.209026968503937
21
0.4073492519685039
0
LINE
8
BLACK
6
CONTINUOUS
10
0.209026968503937
20
0.4073492519685039
11
0.209026968503937
21
0.3541996456692914
0
LINE
8
BLACK
6
CONTINUOUS
10
0.209026968503937
20
0.3541996456692914
11
0.2199943700787401
21
0.3541996456692914
0
LINE
8
BLACK
6
CONTINUOUS
10
0.2199943700787401
20
0.3541996456692914
11
0.222947125984252
21
0.3534084645669291
0
LINE
8
BLACK
6
CONTINUOUS
10
0.222947125984252
20
0.3534084645669291
11
0.2251087007874016
21
0.3512468897637795
0
LINE
8
BLACK
6
CONTINUOUS
10
0.2251087007874016
20
0.3512468897637795
11
0.2258998818897638
21
0.3482941338582677
0
LINE
8
BLACK
6
CONTINUOUS
10
0.2258998818897638
20
0.3482941338582677
11
0.2251087007874016
21
0.3453413779527559
0
LINE
8
BLACK
6
CONTINUOUS
10
0.2251087007874016
20
0.3453413779527559
11
0.222947125984252
21
0.3431798031496063
0
LINE
8
BLACK
6
CONTINUOUS
10
0.222947125984252
20
0.3431798031496063
11
0.2199943700787401
21
0.3423886220472441
0
LINE
8
BLACK
6
CONTINUOUS
10
0.2199943700787401
20
0.3423886220472441
11
0.2031214566929134
21
0.3423886220472441
0
LINE
8
BLACK
6
CONTINUOUS
10
0.2031214566929134
20
0.3423886220472441
11
0.1862485826771653
21
0.3423886220472441
0
LINE
8
BLACK
6
CONTINUOUS
10
0.1862485826771653
20
0.3423886220472441
11
0.1832958267716535
21
0.3431798031496063
0
LINE
8
BLACK
6
CONTINUOUS
10
0.1832958267716535
20
0.3431798031496063
11
0.1811342519685039
21
0.3453413779527559
0
LINE
8
BLACK
6
CONTINUOUS
10
0.1811342519685039
20
0.3453413779527559
11
0.1803430708661417
21
0.3482941338582677
0
LINE
8
BLACK
6
CONTINUOUS
10
0.1803430708661417
20
0.3482941338582677
11
0.1811342519685039
21
0.3512468897637795
0
LINE
8
BLACK
6
CONTINUOUS
10
0.1811342519685039
20
0.3512468897637795
11
0.1832958267716535
21
0.3534084645669291
0
LINE
8
BLACK
6
CONTINUOUS
10
0.1832958267716535
20
0.3534084645669291
11
0.1862485826771653
21
0.3541996456692914
0
LINE
8
BLACK
6
CONTINUOUS
10
0.1862485826771653
20
0.3541996456692914
11
0.1972159448818898
21
0.3541996456692914
0
LINE
8
BLACK
6
CONTINUOUS
10
0.1972159448818898
20
0.3541996456692914
11
0.1972159448818898
21
0.3902799212598425
0
LINE
8
BLACK
6
CONTINUOUS
10
0.1972159448818898
20
0.3902799212598425
11
0.1960487007874016
21
0.3891126771653543
0
LINE
8
BLACK
6
CONTINUOUS
10
0.1960487007874016
20
0.3891126771653543
11
0.1952252755905512
21
0.3886372834645669
0
LINE
8
BLACK
6
CONTINUOUS
10
0.1952252755905512
20
0.3886372834645669
11
0.1945138976377953
21
0.3880064566929134
0
LINE
8
BLACK
6
CONTINUOUS
10
0.1945138976377953
20
0.3880064566929134
11
0.1888896062992126
21
0.3851943307086614
0
LINE
8
BLACK
6
CONTINUOUS
10
0.1888896062992126
20
0.3851943307086614
11
0.1858947244094488
21
0.3845814566929134
0
LINE
8
BLACK
6
CONTINUOUS
10
0.1858947244094488
20
0.3845814566929134
11
0.1829946850393701
21
0.3855481496062992
0
LINE
8
BLACK
6
CONTINUOUS
10
0.1829946850393701
20
0.3855481496062992
11
0.1809665354330709
21
0.3878353543307086
0
LINE
8
BLACK
6
CONTINUOUS
10
0.1809665354330709
20
0.3878353543307086
11
0.1803536614173228
21
0.3908302362204724
0
LINE
8
BLACK
6
CONTINUOUS
10
0.1803536614173228
20
0.3908302362204724
11
0.1813203543307086
21
0.3937302755905512
0
LINE
8
BLACK
6
CONTINUOUS
10
0.1813203543307086
20
0.3937302755905512
11
0.1836075590551181
21
0.3957584251968504
0
LINE
8
BLACK
6
CONTINUOUS
10
0.1836075590551181
20
0.3957584251968504
11
0.1883746456692913
21
0.3981419291338583
0
LINE
8
BLACK
6
CONTINUOUS
10
0.1883746456692913
20
0.3981419291338583
11
0.1929077952755905
21
0.4026750787401575
0
LINE
8
BLACK
6
CONTINUOUS
10
0.1929077952755905
20
0.4026750787401575
11
0.1982077952755905
21
0.4106250393700787
0
LINE
8
BLACK
6
CONTINUOUS
10
0.1982077952755905
20
0.4106250393700787
11
0.1992177559055118
21
0.4115126377952756
0
LINE
8
BLACK
6
CONTINUOUS
10
0.1992177559055118
20
0.4115126377952756
11
0.2001687007874016
21
0.4124635826771653
0
LINE
8
BLACK
6
CONTINUOUS
10
0.2001687007874016
20
0.4124635826771653
11
0.2003572834645669
21
0.412514094488189
0
LINE
8
BLACK
6
CONTINUOUS
10
0.2003572834645669
20
0.412514094488189
11
0.2005039763779528
21
0.412643031496063
0
LINE
8
BLACK
6
CONTINUOUS
10
0.2005039763779528
20
0.412643031496063
11
0.2018229133858268
21
0.412906811023622
0
LINE
8
BLACK
6
CONTINUOUS
10
0.2018229133858268
20
0.412906811023622
11
0.2031214566929134
21
0.4132547637795275
0
LINE
8
BLACK
6
CONTINUOUS
10
0.2031214566929134
20
0.4132547637795275
11
0.2033099606299213
21
0.4132042125984252
0
LINE
8
BLACK
6
CONTINUOUS
10
0.2662997637795276
20
0.4129034251968504
11
0.2676297244094488
21
0.4126312992125984
0
LINE
8
BLACK
6
CONTINUOUS
10
0.2676297244094488
20
0.4126312992125984
11
0.2732540551181102
21
0.4098191338582677
0
LINE
8
BLACK
6
CONTINUOUS
10
0.2732540551181102
20
0.4098191338582677
11
0.2739654330708661
21
0.4091882677165354
0
LINE
8
BLACK
6
CONTINUOUS
10
0.2739654330708661
20
0.4091882677165354
11
0.2747888582677165
21
0.4087129133858268
0
LINE
8
BLACK
6
CONTINUOUS
10
0.2747888582677165
20
0.4087129133858268
11
0.2776009842519685
21
0.4059007874015748
0
LINE
8
BLACK
6
CONTINUOUS
10
0.2776009842519685
20
0.4059007874015748
11
0.2780763779527559
21
0.4050773228346456
0
LINE
8
BLACK
6
CONTINUOUS
10
0.2780763779527559
20
0.4050773228346456
11
0.2787072047244095
21
0.4043659842519685
0
LINE
8
BLACK
6
CONTINUOUS
10
0.2787072047244095
20
0.4043659842519685
11
0.2815193700787402
21
0.3987417322834645
0
LINE
8
BLACK
6
CONTINUOUS
10
0.2815193700787402
20
0.3987417322834645
11
0.2817915354330708
21
0.3974116929133858
0
LINE
8
BLACK
6
CONTINUOUS
10
0.2817915354330708
20
0.3974116929133858
11
0.2821428346456693
21
0.3961006692913386
0
LINE
8
BLACK
6
CONTINUOUS
10
0.2821428346456693
20
0.3961006692913386
11
0.2821428346456693
21
0.3932885039370079
0
LINE
8
BLACK
6
CONTINUOUS
10
0.2821428346456693
20
0.3932885039370079
11
0.2817915354330708
21
0.3919774409448819
0
LINE
8
BLACK
6
CONTINUOUS
10
0.2817915354330708
20
0.3919774409448819
11
0.2815193700787402
21
0.3906474409448819
0
LINE
8
BLACK
6
CONTINUOUS
10
0.2815193700787402
20
0.3906474409448819
11
0.2787072047244095
21
0.3850231889763779
0
LINE
8
BLACK
6
CONTINUOUS
10
0.2787072047244095
20
0.3850231889763779
11
0.2780763779527559
21
0.3843118110236221
0
LINE
8
BLACK
6
CONTINUOUS
10
0.2780763779527559
20
0.3843118110236221
11
0.2776010236220472
21
0.3834884251968504
0
LINE
8
BLACK
6
CONTINUOUS
10
0.2776010236220472
20
0.3834884251968504
11
0.2761525196850393
21
0.3820398818897638
0
LINE
8
BLACK
6
CONTINUOUS
10
0.2761525196850393
20
0.3820398818897638
11
0.2776009842519685
21
0.3805914566929134
0
LINE
8
BLACK
6
CONTINUOUS
10
0.2776009842519685
20
0.3805914566929134
11
0.2780763779527559
21
0.3797679921259842
0
LINE
8
BLACK
6
CONTINUOUS
10
0.2780763779527559
20
0.3797679921259842
11
0.2787072047244095
21
0.3790566535433071
0
LINE
8
BLACK
6
CONTINUOUS
10
0.2787072047244095
20
0.3790566535433071
11
0.2815193700787402
21
0.3734324015748031
0
LINE
8
BLACK
6
CONTINUOUS
10
0.2815193700787402
20
0.3734324015748031
11
0.2817915354330708
21
0.3721023622047244
0
LINE
8
BLACK
6
CONTINUOUS
10
0.2817915354330708
20
0.3721023622047244
11
0.2821428346456693
21
0.3707913385826772
0
LINE
8
BLACK
6
CONTINUOUS
10
0.2821428346456693
20
0.3707913385826772
11
0.2821428346456693
21
0.3595427165354331
0
LINE
8
BLACK
6
CONTINUOUS
10
0.2821428346456693
20
0.3595427165354331
11
0.2817915354330708
21
0.3582316535433071
0
LINE
8
BLACK
6
CONTINUOUS
10
0.2817915354330708
20
0.3582316535433071
11
0.2815193700787402
21
0.3569016535433071
0
LINE
8
BLACK
6
CONTINUOUS
10
0.2815193700787402
20
0.3569016535433071
11
0.2787072047244095
21
0.3512774015748031
0
LINE
8
BLACK
6
CONTINUOUS
10
0.2787072047244095
20
0.3512774015748031
11
0.2780763779527559
21
0.3505660236220473
0
LINE
8
BLACK
6
CONTINUOUS
10
0.2780763779527559
20
0.3505660236220473
11
0.2776009842519685
21
0.3497425984251968
0
LINE
8
BLACK
6
CONTINUOUS
10
0.2776009842519685
20
0.3497425984251968
11
0.2747888582677165
21
0.3469304724409449
0
LINE
8
BLACK
6
CONTINUOUS
10
0.2747888582677165
20
0.3469304724409449
11
0.2739654330708661
21
0.3464550787401575
0
LINE
8
BLACK
6
CONTINUOUS
10
0.2739654330708661
20
0.3464550787401575
11
0.2732540551181102
21
0.3458242519685039
0
LINE
8
BLACK
6
CONTINUOUS
10
0.2732540551181102
20
0.3458242519685039
11
0.2676297244094488
21
0.3430120866141732
0
LINE
8
BLACK
6
CONTINUOUS
10
0.2676297244094488
20
0.3430120866141732
11
0.2662997637795276
21
0.3427399212598425
0
LINE
8
BLACK
6
CONTINUOUS
10
0.2662997637795276
20
0.3427399212598425
11
0.2649887007874016
21
0.3423886220472441
0
LINE
8
BLACK
6
CONTINUOUS
10
0.2649887007874016
20
0.3423886220472441
11
0.2537401181102362
21
0.3423886220472441
0
LINE
8
BLACK
6
CONTINUOUS
10
0.2537401181102362
20
0.3423886220472441
11
0.2524290551181103
21
0.3427398818897638
0
LINE
8
BLACK
6
CONTINUOUS
10
0.2524290551181103
20
0.3427398818897638
11
0.2510990551181102
21
0.3430120866141732
0
LINE
8
BLACK
6
CONTINUOUS
10
0.2510990551181102
20
0.3430120866141732
11
0.2454748031496063
21
0.3458242519685039
0
LINE
8
BLACK
6
CONTINUOUS
10
0.2454748031496063
20
0.3458242519685039
11
0.2447634251968504
21
0.3464550393700787
0
LINE
8
BLACK
6
CONTINUOUS
10
0.2447634251968504
20
0.3464550393700787
11
0.2439400393700787
21
0.3469304330708661
0
LINE
8
BLACK
6
CONTINUOUS
10
0.2439400393700787
20
0.3469304330708661
11
0.241127874015748
21
0.3497425590551181
0
LINE
8
BLACK
6
CONTINUOUS
10
0.241127874015748
20
0.3497425590551181
11
0.2406524409448819
21
0.3505659842519685
0
LINE
8
BLACK
6
CONTINUOUS
10
0.2406524409448819
20
0.3505659842519685
11
0.2400216141732283
21
0.3512774015748031
0
LINE
8
BLACK
6
CONTINUOUS
10
0.2400216141732283
20
0.3512774015748031
11
0.2372094881889764
21
0.3569016929133858
0
LINE
8
BLACK
6
CONTINUOUS
10
0.2372094881889764
20
0.3569016929133858
11
0.2369373228346457
21
0.3582315354330708
0
LINE
8
BLACK
6
CONTINUOUS
10
0.2369373228346457
20
0.3582315354330708
11
0.2365860236220472
21
0.3595427165354331
0
LINE
8
BLACK
6
CONTINUOUS
10
0.2365860236220472
20
0.3595427165354331
11
0.2365860236220472
21
0.3707913385826772
0
LINE
8
BLACK
6
CONTINUOUS
10
0.2365860236220472
20
0.3707913385826772
11
0.2369373228346457
21
0.3721024803149606
0
LINE
8
BLACK
6
CONTINUOUS
10
0.2369373228346457
20
0.3721024803149606
11
0.2372094881889764
21
0.3734323622047244
0
LINE
8
BLACK
6
CONTINUOUS
10
0.2372094881889764
20
0.3734323622047244
11
0.2400216141732283
21
0.3790566535433071
0
LINE
8
BLACK
6
CONTINUOUS
10
0.2400216141732283
20
0.3790566535433071
11
0.2406524409448819
21
0.379768031496063
0
LINE
8
BLACK
6
CONTINUOUS
10
0.2406524409448819
20
0.379768031496063
11
0.241127874015748
21
0.3805914960629921
0
LINE
8
BLACK
6
CONTINUOUS
10
0.241127874015748
20
0.3805914960629921
11
0.2425762992125984
21
0.3820398818897638
0
LINE
8
BLACK
6
CONTINUOUS
10
0.2425762992125984
20
0.3820398818897638
11
0.2411278346456693
21
0.3834883858267716
0
LINE
8
BLACK
6
CONTINUOUS
10
0.2411278346456693
20
0.3834883858267716
11
0.2406524409448819
21
0.3843117716535433
0
LINE
8
BLACK
6
CONTINUOUS
10
0.2406524409448819
20
0.3843117716535433
11
0.2400216141732283
21
0.3850231889763779
0
LINE
8
BLACK
6
CONTINUOUS
10
0.2400216141732283
20
0.3850231889763779
11
0.2372094881889764
21
0.3906474803149606
0
LINE
8
BLACK
6
CONTINUOUS
10
0.2372094881889764
20
0.3906474803149606
11
0.2369373228346457
21
0.3919773228346456
0
LINE
8
BLACK
6
CONTINUOUS
10
0.2369373228346457
20
0.3919773228346456
11
0.2365860236220472
21
0.3932885039370079
0
LINE
8
BLACK
6
CONTINUOUS
10
0.2365860236220472
20
0.3932885039370079
11
0.2365860236220472
21
0.3961006692913386
0
LINE
8
BLACK
6
CONTINUOUS
10
0.2365860236220472
20
0.3961006692913386
11
0.2369373228346457
21
0.3974118110236221
0
LINE
8
BLACK
6
CONTINUOUS
10
0.2369373228346457
20
0.3974118110236221
11
0.2372094881889764
21
0.3987416929133858
0
LINE
8
BLACK
6
CONTINUOUS
10
0.2372094881889764
20
0.3987416929133858
11
0.2400216141732283
21
0.4043659842519685
0
LINE
8
BLACK
6
CONTINUOUS
10
0.2400216141732283
20
0.4043659842519685
11
0.2406524409448819
21
0.4050773622047244
0
LINE
8
BLACK
6
CONTINUOUS
10
0.2406524409448819
20
0.4050773622047244
11
0.241127874015748
21
0.4059008267716535
0
LINE
8
BLACK
6
CONTINUOUS
10
0.241127874015748
20
0.4059008267716535
11
0.2439400393700787
21
0.4087129527559055
0
LINE
8
BLACK
6
CONTINUOUS
10
0.2439400393700787
20
0.4087129527559055
11
0.2447634251968504
21
0.4091883070866142
0
LINE
8
BLACK
6
CONTINUOUS
10
0.2447634251968504
20
0.4091883070866142
11
0.2454748031496063
21
0.4098191338582677
0
LINE
8
BLACK
6
CONTINUOUS
10
0.2454748031496063
20
0.4098191338582677
11
0.2510990551181102
21
0.4126312992125984
0
LINE
8
BLACK
6
CONTINUOUS
10
0.2510990551181102
20
0.4126312992125984
11
0.2524290551181103
21
0.4129034645669291
0
LINE
8
BLACK
6
CONTINUOUS
10
0.2524290551181103
20
0.4129034645669291
11
0.2537401181102362
21
0.4132547637795275
0
LINE
8
BLACK
6
CONTINUOUS
10
0.2537401181102362
20
0.4132547637795275
11
0.2649887007874016
21
0.4132547637795275
0
LINE
8
BLACK
6
CONTINUOUS
10
0.2649887007874016
20
0.4132547637795275
11
0.2662997637795276
21
0.4129034251968504
0
LINE
8
BLACK
6
CONTINUOUS
10
0.2516139763779527
20
0.3743742519685039
11
0.2501570866141732
21
0.3729173622047244
0
LINE
8
BLACK
6
CONTINUOUS
10
0.2501570866141732
20
0.3729173622047244
11
0.2483970472440945
21
0.3693972440944882
0
LINE
8
BLACK
6
CONTINUOUS
10
0.2483970472440945
20
0.3693972440944882
11
0.2483970472440945
21
0.3609367716535433
0
LINE
8
BLACK
6
CONTINUOUS
10
0.2483970472440945
20
0.3609367716535433
11
0.2501570866141732
21
0.3574166535433071
0
LINE
8
BLACK
6
CONTINUOUS
10
0.2501570866141732
20
0.3574166535433071
11
0.2516139763779527
21
0.3559597637795275
0
LINE
8
BLACK
6
CONTINUOUS
10
0.2516139763779527
20
0.3559597637795275
11
0.2551342125984252
21
0.3541996456692914
0
LINE
8
BLACK
6
CONTINUOUS
10
0.2551342125984252
20
0.3541996456692914
11
0.2635946062992126
21
0.3541996456692914
0
LINE
8
BLACK
6
CONTINUOUS
10
0.2635946062992126
20
0.3541996456692914
11
0.267114842519685
21
0.3559597637795275
0
LINE
8
BLACK
6
CONTINUOUS
10
0.267114842519685
20
0.3559597637795275
11
0.2685716929133858
21
0.3574166141732283
0
LINE
8
BLACK
6
CONTINUOUS
10
0.2685716929133858
20
0.3574166141732283
11
0.270331811023622
21
0.360936811023622
0
LINE
8
BLACK
6
CONTINUOUS
10
0.270331811023622
20
0.360936811023622
11
0.270331811023622
21
0.3693972047244095
0
LINE
8
BLACK
6
CONTINUOUS
10
0.270331811023622
20
0.3693972047244095
11
0.2685716929133858
21
0.3729174015748031
0
LINE
8
BLACK
6
CONTINUOUS
10
0.2685716929133858
20
0.3729174015748031
11
0.267114842519685
21
0.3743742913385827
0
LINE
8
BLACK
6
CONTINUOUS
10
0.267114842519685
20
0.3743742913385827
11
0.2635946062992126
21
0.3761344094488189
0
LINE
8
BLACK
6
CONTINUOUS
10
0.2635946062992126
20
0.3761344094488189
11
0.2551342125984252
21
0.3761344094488189
0
LINE
8
BLACK
6
CONTINUOUS
10
0.2551342125984252
20
0.3761344094488189
11
0.2516139763779527
21
0.3743742519685039
0
LINE
8
BLACK
6
CONTINUOUS
10
0.2516139763779527
20
0.3996835826771654
11
0.2501570866141732
21
0.3982266929133858
0
LINE
8
BLACK
6
CONTINUOUS
10
0.2501570866141732
20
0.3982266929133858
11
0.2483970472440945
21
0.3947065748031496
0
LINE
8
BLACK
6
CONTINUOUS
10
0.2483970472440945
20
0.3947065748031496
11
0.2483970472440945
21
0.3946825590551181
0
LINE
8
BLACK
6
CONTINUOUS
10
0.2483970472440945
20
0.3946825590551181
11
0.2501570866141732
21
0.3911624015748031
0
LINE
8
BLACK
6
CONTINUOUS
10
0.2501570866141732
20
0.3911624015748031
11
0.2516139763779527
21
0.3897055118110236
0
LINE
8
BLACK
6
CONTINUOUS
10
0.2516139763779527
20
0.3897055118110236
11
0.2551342125984252
21
0.3879454330708662
0
LINE
8
BLACK
6
CONTINUOUS
10
0.2551342125984252
20
0.3879454330708662
11
0.2635946456692913
21
0.3879454330708662
0
LINE
8
BLACK
6
CONTINUOUS
10
0.2635946456692913
20
0.3879454330708662
11
0.267114842519685
21
0.3897055118110236
0
LINE
8
BLACK
6
CONTINUOUS
10
0.267114842519685
20
0.3897055118110236
11
0.2685716535433071
21
0.3911623622047244
0
LINE
8
BLACK
6
CONTINUOUS
10
0.2685716535433071
20
0.3911623622047244
11
0.270331811023622
21
0.3946825984251968
0
LINE
8
BLACK
6
CONTINUOUS
10
0.270331811023622
20
0.3946825984251968
11
0.270331811023622
21
0.3947065354330709
0
LINE
8
BLACK
6
CONTINUOUS
10
0.270331811023622
20
0.3947065354330709
11
0.2685716929133858
21
0.3982267322834646
0
LINE
8
BLACK
6
CONTINUOUS
10
0.2685716929133858
20
0.3982267322834646
11
0.267114842519685
21
0.3996836220472441
0
LINE
8
BLACK
6
CONTINUOUS
10
0.267114842519685
20
0.3996836220472441
11
0.2635946062992126
21
0.4014437401574803
0
LINE
8
BLACK
6
CONTINUOUS
10
0.2635946062992126
20
0.4014437401574803
11
0.2551342125984252
21
0.4014437401574803
0
LINE
8
BLACK
6
CONTINUOUS
10
0.2551342125984252
20
0.4014437401574803
11
0.2516139763779527
21
0.3996835826771654
0
LINE
8
BLACK
6
CONTINUOUS
10
1.855
20
0.37
11
1.7949999999999999
21
0.37
0
LINE
8
BLACK
6
CONTINUOUS
10
1.7949999999999999
20
0.37
11
1.7949999999999999
21
0.43
0
LINE
8
BLACK
6
CONTINUOUS
10
1.7949999999999999
20
0.43
11
1.855
21
0.43
0
LINE
8
BLACK
6
CONTINUOUS
10
1.855
20
0.43
11
1.855
21
0.37
0
LINE
8
BLACK
6
CONTINUOUS
10
1.855
20
0.47
11
1.7949999999999999
21
0.47
0
LINE
8
BLACK
6
CONTINUOUS
10
1.7949999999999999
20
0.47
11
1.7949999999999999
21
0.53
0
LINE
8
BLACK
6
CONTINUOUS
10
1.7949999999999999
20
0.53
11
1.855
21
0.53
0
LINE
8
BLACK
6
CONTINUOUS
10
1.855
20
0.53
11
1.855
21
0.47
0
LINE
8
BLACK
6
CONTINUOUS
10
1.8753835039370079
20
0.5528851181102362
11
1.8755127559055118
21
0.5529079133858268
0
LINE
8
BLACK
6
CONTINUOUS
10
1.8755127559055118
20
0.5529079133858268
11
1.875626338582677
21
0.5528422834645669
0
LINE
8
BLACK
6
CONTINUOUS
10
1.875626338582677
20
0.5528422834645669
11
1.8760099212598425
21
0.5527746850393701
0
LINE
8
BLACK
6
CONTINUOUS
10
1.8760099212598425
20
0.5527746850393701
11
1.8765975984251968
21
0.5522815354330709
0
LINE
8
BLACK
6
CONTINUOUS
10
1.8765975984251968
20
0.5522815354330709
11
1.8772619291338581
21
0.5518979921259842
0
LINE
8
BLACK
6
CONTINUOUS
10
1.8772619291338581
20
0.5518979921259842
11
1.8773530314960629
21
0.5516476377952756
0
LINE
8
BLACK
6
CONTINUOUS
10
1.8773530314960629
20
0.5516476377952756
11
1.8775571653543306
21
0.5514763779527559
0
LINE
8
BLACK
6
CONTINUOUS
10
1.8775571653543306
20
0.5514763779527559
11
1.8776903937007874
21
0.5507207874015748
0
LINE
8
BLACK
6
CONTINUOUS
10
1.8776903937007874
20
0.5507207874015748
11
1.8779527559055118
21
0.5499999999999999
0
LINE
8
BLACK
6
CONTINUOUS
10
1.8779527559055118
20
0.5499999999999999
11
1.8779527559055118
21
0.35
0
LINE
8
BLACK
6
CONTINUOUS
10
1.8779527559055118
20
0.35
11
1.8778851181102363
21
0.3496164566929134
0
LINE
8
BLACK
6
CONTINUOUS
10
1.8778851181102363
20
0.3496164566929134
11
1.8779079133858267
21
0.3494872440944882
0
LINE
8
BLACK
6
CONTINUOUS
10
1.8779079133858267
20
0.3494872440944882
11
1.8778422834645669
21
0.3493736220472441
0
LINE
8
BLACK
6
CONTINUOUS
10
1.8778422834645669
20
0.3493736220472441
11
1.87777468503937
21
0.3489900787401575
0
LINE
8
BLACK
6
CONTINUOUS
10
1.87777468503937
20
0.3489900787401575
11
1.8772815354330707
21
0.3484023622047244
0
LINE
8
BLACK
6
CONTINUOUS
10
1.8772815354330707
20
0.3484023622047244
11
1.8768979921259843
21
0.3477380708661417
0
LINE
8
BLACK
6
CONTINUOUS
10
1.8768979921259843
20
0.3477380708661417
11
1.8766476377952757
21
0.3476469291338583
0
LINE
8
BLACK
6
CONTINUOUS
10
1.8766476377952757
20
0.3476469291338583
11
1.8764763779527558
21
0.3474428346456693
0
LINE
8
BLACK
6
CONTINUOUS
10
1.8764763779527558
20
0.3474428346456693
11
1.8757207874015747
21
0.3473095669291338
0
LINE
8
BLACK
6
CONTINUOUS
10
1.8757207874015747
20
0.3473095669291338
11
1.875
21
0.3470472440944882
0
LINE
8
BLACK
6
CONTINUOUS
10
1.875
20
0.3470472440944882
11
1.7749999999999999
21
0.3470472440944882
0
LINE
8
BLACK
6
CONTINUOUS
10
1.7749999999999999
20
0.3470472440944882
11
1.7746164566929132
21
0.3471148425196851
0
LINE
8
BLACK
6
CONTINUOUS
10
1.7746164566929132
20
0.3471148425196851
11
1.7744872440944881
21
0.3470920866141732
0
LINE
8
BLACK
6
CONTINUOUS
10
1.7744872440944881
20
0.3470920866141732
11
1.7743736220472441
21
0.3471576771653543
0
LINE
8
BLACK
6
CONTINUOUS
10
1.7743736220472441
20
0.3471576771653543
11
1.7739900787401575
21
0.3472253149606299
0
LINE
8
BLACK
6
CONTINUOUS
10
1.7739900787401575
20
0.3472253149606299
11
1.7734023622047244
21
0.3477184251968504
0
LINE
8
BLACK
6
CONTINUOUS
10
1.7734023622047244
20
0.3477184251968504
11
1.7727380708661418
21
0.3481020078740157
0
LINE
8
BLACK
6
CONTINUOUS
10
1.7727380708661418
20
0.3481020078740157
11
1.7726469291338582
21
0.3483523228346457
0
LINE
8
BLACK
6
CONTINUOUS
10
1.7726469291338582
20
0.3483523228346457
11
1.7724428346456693
21
0.3485236220472441
0
LINE
8
BLACK
6
CONTINUOUS
10
1.7724428346456693
20
0.3485236220472441
11
1.7723095669291338
21
0.3492791732283465
0
LINE
8
BLACK
6
CONTINUOUS
10
1.7723095669291338
20
0.3492791732283465
11
1.7720472440944881
21
0.35
0
LINE
8
BLACK
6
CONTINUOUS
10
1.7720472440944881
20
0.35
11
1.7720472440944881
21
0.5499999999999999
0
LINE
8
BLACK
6
CONTINUOUS
10
1.7720472440944881
20
0.5499999999999999
11
1.7721148425196851
21
0.5503835039370079
0
LINE
8
BLACK
6
CONTINUOUS
10
1.7721148425196851
20
0.5503835039370079
11
1.7720920866141732
21
0.5505127559055119
0
LINE
8
BLACK
6
CONTINUOUS
10
1.7720920866141732
20
0.5505127559055119
11
1.7721576771653542
21
0.5506263385826772
0
LINE
8
BLACK
6
CONTINUOUS
10
1.7721576771653542
20
0.5506263385826772
11
1.77222531496063
21
0.5510099212598425
0
LINE
8
BLACK
6
CONTINUOUS
10
1.77222531496063
20
0.5510099212598425
11
1.7727184251968504
21
0.5515975984251968
0
LINE
8
BLACK
6
CONTINUOUS
10
1.7727184251968504
20
0.5515975984251968
11
1.7731020078740156
21
0.5522619291338583
0
LINE
8
BLACK
6
CONTINUOUS
10
1.7731020078740156
20
0.5522619291338583
11
1.7733523228346457
21
0.552353031496063
0
LINE
8
BLACK
6
CONTINUOUS
10
1.7733523228346457
20
0.552353031496063
11
1.7735236220472441
21
0.5525571653543307
0
LINE
8
BLACK
6
CONTINUOUS
10
1.7735236220472441
20
0.5525571653543307
11
1.7742791732283465
21
0.5526903937007874
0
LINE
8
BLACK
6
CONTINUOUS
10
1.7742791732283465
20
0.5526903937007874
11
1.7749999999999999
21
0.5529527559055119
0
LINE
8
BLACK
6
CONTINUOUS
10
1.7749999999999999
20
0.5529527559055119
11
1.875
21
0.5529527559055119
0
LINE
8
BLACK
6
CONTINUOUS
10
1.875
20
0.5529527559055119
11
1.8753835039370079
21
0.5528851181102362
0
LINE
8
BLACK
6
CONTINUOUS
10
1.7779527559055117
20
0.5470472440944881
11
1.7779527559055117
21
0.3529527559055118
0
LINE
8
BLACK
6
CONTINUOUS
10
1.7779527559055117
20
0.3529527559055118
11
1.8720472440944882
21
0.3529527559055118
0
LINE
8
BLACK
6
CONTINUOUS
10
1.8720472440944882
20
0.3529527559055118
11
1.8720472440944882
21
0.5470472440944881
0
LINE
8
BLACK
6
CONTINUOUS
10
1.8720472440944882
20
0.5470472440944881
11
1.7779527559055117
21
0.5470472440944881
0
LINE
8
BLACK
6
CONTINUOUS
10
2.3673228346456692
20
0.5519685039370079
11
2.368993149606299
21
0.5512766141732284
0
LINE
8
BLACK
6
CONTINUOUS
10
2.368993149606299
20
0.5512766141732284
11
2.3696850393700788
21
0.5496062992125984
0
LINE
8
BLACK
6
CONTINUOUS
10
2.3696850393700788
20
0.5496062992125984
11
2.3696850393700788
21
0.35
0
LINE
8
BLACK
6
CONTINUOUS
10
2.3696850393700788
20
0.35
11
2.368993149606299
21
0.3483296850393701
0
LINE
8
BLACK
6
CONTINUOUS
10
2.368993149606299
20
0.3483296850393701
11
2.3673228346456692
21
0.3476377952755905
0
LINE
8
BLACK
6
CONTINUOUS
10
2.3673228346456692
20
0.3476377952755905
11
1.9826771653543307
21
0.3476377952755905
0
LINE
8
BLACK
6
CONTINUOUS
10
1.9826771653543307
20
0.3476377952755905
11
1.9810068503937008
21
0.3483296850393701
0
LINE
8
BLACK
6
CONTINUOUS
10
1.9810068503937008
20
0.3483296850393701
11
1.9803149606299213
21
0.35
0
LINE
8
BLACK
6
CONTINUOUS
10
1.9803149606299213
20
0.35
11
1.9803149606299213
21
0.5496062992125984
0
LINE
8
BLACK
6
CONTINUOUS
10
1.9803149606299213
20
0.5496062992125984
11
1.9810068503937008
21
0.5512766141732284
0
LINE
8
BLACK
6
CONTINUOUS
10
1.9810068503937008
20
0.5512766141732284
11
1.9826771653543307
21
0.5519685039370079
0
LINE
8
BLACK
6
CONTINUOUS
10
1.9826771653543307
20
0.5519685039370079
11
2.3673228346456692
21
0.5519685039370079
0
LINE
8
BLACK
6
CONTINUOUS
10
2.0874307874015749
20
0.547244094488189
11
2.0794060629921258
21
0.523169842519685
0
LINE
8
BLACK
6
CONTINUOUS
10
2.0794060629921258
20
0.523169842519685
11
2.0911042125984252
21
0.523169842519685
0
LINE
8
BLACK
6
CONTINUOUS
10
2.0911042125984252
20
0.523169842519685
11
2.0911042125984252
21
0.5333404330708661
0
LINE
8
BLACK
6
CONTINUOUS
10
2.0911042125984252
20
0.5333404330708661
11
2.091282283464567
21
0.5343503543307087
0
LINE
8
BLACK
6
CONTINUOUS
10
2.091282283464567
20
0.5343503543307087
11
2.0925805905511812
21
0.5358975984251968
0
LINE
8
BLACK
6
CONTINUOUS
10
2.0925805905511812
20
0.5358975984251968
11
2.0945697244094488
21
0.5362483464566929
0
LINE
8
BLACK
6
CONTINUOUS
10
2.0945697244094488
20
0.5362483464566929
11
2.0963188976377953
21
0.5352384251968504
0
LINE
8
BLACK
6
CONTINUOUS
10
2.0963188976377953
20
0.5352384251968504
11
2.0970097244094488
21
0.5333404330708661
0
LINE
8
BLACK
6
CONTINUOUS
10
2.0970097244094488
20
0.5333404330708661
11
2.0970097244094488
21
0.523169842519685
0
LINE
8
BLACK
6
CONTINUOUS
10
2.0970097244094488
20
0.523169842519685
11
2.0996812598425199
21
0.523169842519685
0
LINE
8
BLACK
6
CONTINUOUS
10
2.0996812598425199
20
0.523169842519685
11
2.1006911811023623
21
0.5229917716535433
0
LINE
8
BLACK
6
CONTINUOUS
10
2.1006911811023623
20
0.5229917716535433
11
2.1022384251968504
21
0.5216934645669291
0
LINE
8
BLACK
6
CONTINUOUS
10
2.1022384251968504
20
0.5216934645669291
11
2.1025891732283464
21
0.5197043307086614
0
LINE
8
BLACK
6
CONTINUOUS
10
2.1025891732283464
20
0.5197043307086614
11
2.1015792519685039
21
0.517955157480315
0
LINE
8
BLACK
6
CONTINUOUS
10
2.1015792519685039
20
0.517955157480315
11
2.0996812598425199
21
0.5172643307086614
0
LINE
8
BLACK
6
CONTINUOUS
10
2.0996812598425199
20
0.5172643307086614
11
2.0970097244094488
21
0.5172643307086614
0
LINE
8
BLACK
6
CONTINUOUS
10
2.0970097244094488
20
0.5172643307086614
11
2.0970097244094488
21
0.5070937007874016
0
LINE
8
BLACK
6
CONTINUOUS
10
2.0970097244094488
20
0.5070937007874016
11
2.0968316535433069
21
0.506083779527559
0
LINE
8
BLACK
6
CONTINUOUS
10
2.0968316535433069
20
0.506083779527559
11
2.0955333464566928
21
0.5045365354330709
0
LINE
8
BLACK
6
CONTINUOUS
10
2.0955333464566928
20
0.5045365354330709
11
2.0935442125984252
21
0.5041857874015748
0
LINE
8
BLACK
6
CONTINUOUS
10
2.0935442125984252
20
0.5041857874015748
11
2.0917950393700786
21
0.5051957086614173
0
LINE
8
BLACK
6
CONTINUOUS
10
2.0917950393700786
20
0.5051957086614173
11
2.0911042125984252
21
0.5070937007874016
0
LINE
8
BLACK
6
CONTINUOUS
10
2.0911042125984252
20
0.5070937007874016
11
2.0911042125984252
21
0.5172643307086614
0
LINE
8
BLACK
6
CONTINUOUS
10
2.0911042125984252
20
0.5172643307086614
11
2.0753093307086612
21
0.5172643307086614
0
LINE
8
BLACK
6
CONTINUOUS
10
2.0753093307086612
20
0.5172643307086614
11
2.0742994094488187
21
0.5174424015748031
0
LINE
8
BLACK
6
CONTINUOUS
10
2.0742994094488187
20
0.5174424015748031
11
2.0741265354330709
21
0.5175874409448818
0
LINE
8
BLACK
6
CONTINUOUS
10
2.0741265354330709
20
0.5175874409448818
11
2.073903307086614
21
0.5176205511811024
0
LINE
8
BLACK
6
CONTINUOUS
10
2.073903307086614
20
0.5176205511811024
11
2.0733689763779526
21
0.5182231102362205
0
LINE
8
BLACK
6
CONTINUOUS
10
2.0733689763779526
20
0.5182231102362205
11
2.0727521653543306
21
0.5187407086614173
0
LINE
8
BLACK
6
CONTINUOUS
10
2.0727521653543306
20
0.5187407086614173
11
2.0727129527559054
21
0.5189629133858268
0
LINE
8
BLACK
6
CONTINUOUS
10
2.0727129527559054
20
0.5189629133858268
11
2.0725632677165353
21
0.5191317716535433
0
LINE
8
BLACK
6
CONTINUOUS
10
2.0725632677165353
20
0.5191317716535433
11
2.0725412598425197
21
0.5199366535433071
0
LINE
8
BLACK
6
CONTINUOUS
10
2.0725412598425197
20
0.5199366535433071
11
2.0724014173228347
21
0.520729842519685
0
LINE
8
BLACK
6
CONTINUOUS
10
2.0724014173228347
20
0.520729842519685
11
2.0725142519685038
21
0.5209252755905511
0
LINE
8
BLACK
6
CONTINUOUS
10
2.0725142519685038
20
0.5209252755905511
11
2.0725081102362206
21
0.5211508267716536
0
LINE
8
BLACK
6
CONTINUOUS
10
2.0725081102362206
20
0.5211508267716536
11
2.0812058661417323
21
0.547244094488189
0
LINE
8
BLACK
6
CONTINUOUS
10
2.0812058661417323
20
0.547244094488189
11
2.0668151181102363
21
0.547244094488189
0
LINE
8
BLACK
6
CONTINUOUS
10
2.0668151181102363
20
0.547244094488189
11
2.0668619291338581
21
0.5455300393700787
0
LINE
8
BLACK
6
CONTINUOUS
10
2.0668619291338581
20
0.5455300393700787
11
2.0537385826771652
21
0.5061599606299213
0
LINE
8
BLACK
6
CONTINUOUS
10
2.0537385826771652
20
0.5061599606299213
11
2.0532502755905511
21
0.505258188976378
0
LINE
8
BLACK
6
CONTINUOUS
10
2.0532502755905511
20
0.505258188976378
11
2.0531778346456693
21
0.5052136614173228
0
LINE
8
BLACK
6
CONTINUOUS
10
2.0531778346456693
20
0.5052136614173228
11
2.0531466141732282
21
0.5051346456692913
0
LINE
8
BLACK
6
CONTINUOUS
10
2.0531466141732282
20
0.5051346456692913
11
2.052325118110236
21
0.5046898031496063
0
LINE
8
BLACK
6
CONTINUOUS
10
2.052325118110236
20
0.5046898031496063
11
2.0515293307086613
21
0.504200905511811
0
LINE
8
BLACK
6
CONTINUOUS
10
2.0515293307086613
20
0.504200905511811
11
2.0514452362204723
21
0.5042133464566929
0
LINE
8
BLACK
6
CONTINUOUS
10
2.0514452362204723
20
0.5042133464566929
11
2.0513704724409449
21
0.5041728740157481
0
LINE
8
BLACK
6
CONTINUOUS
10
2.0513704724409449
20
0.5041728740157481
11
2.0504553543307087
21
0.5043601181102362
0
LINE
8
BLACK
6
CONTINUOUS
10
2.0504553543307087
20
0.5043601181102362
11
2.049531338582677
21
0.5044971653543306
0
LINE
8
BLACK
6
CONTINUOUS
10
2.049531338582677
20
0.5044971653543306
11
2.0494748818897639
21
0.5045607874015748
0
LINE
8
BLACK
6
CONTINUOUS
10
2.0494748818897639
20
0.5045607874015748
11
2.0493916929133857
21
0.5045778346456693
0
LINE
8
BLACK
6
CONTINUOUS
10
2.0493916929133857
20
0.5045778346456693
11
2.0488113385826772
21
0.5053090944881889
0
LINE
8
BLACK
6
CONTINUOUS
10
2.0488113385826772
20
0.5053090944881889
11
2.0481912992125983
21
0.5060083858267717
0
LINE
8
BLACK
6
CONTINUOUS
10
2.0481912992125983
20
0.5060083858267717
11
2.0481889763779528
21
0.5060933464566929
0
LINE
8
BLACK
6
CONTINUOUS
10
2.0481889763779528
20
0.5060933464566929
11
2.0481361417322832
21
0.5061599606299213
0
LINE
8
BLACK
6
CONTINUOUS
10
2.0481361417322832
20
0.5061599606299213
11
2.0350127952755903
21
0.5455300393700787
0
LINE
8
BLACK
6
CONTINUOUS
10
2.0350127952755903
20
0.5455300393700787
11
2.0348623622047244
21
0.5465444488188976
0
LINE
8
BLACK
6
CONTINUOUS
10
2.0348623622047244
20
0.5465444488188976
11
2.0351388976377951
21
0.547244094488189
0
LINE
8
BLACK
6
CONTINUOUS
10
2.0351388976377951
20
0.547244094488189
11
2.0241082677165352
21
0.547244094488189
0
LINE
8
BLACK
6
CONTINUOUS
10
2.0241082677165352
20
0.547244094488189
11
2.0241363779527557
21
0.5472300393700787
0
LINE
8
BLACK
6
CONTINUOUS
10
2.0241363779527557
20
0.5472300393700787
11
2.0248454330708663
21
0.546704094488189
0
LINE
8
BLACK
6
CONTINUOUS
10
2.0248454330708663
20
0.546704094488189
11
2.0249037795275591
21
0.5466769291338582
0
LINE
8
BLACK
6
CONTINUOUS
10
2.0249037795275591
20
0.5466769291338582
11
2.0267785433070866
21
0.5448021653543307
0
LINE
8
BLACK
6
CONTINUOUS
10
2.0267785433070866
20
0.5448021653543307
11
2.0272848031496062
21
0.5440790551181103
0
LINE
8
BLACK
6
CONTINUOUS
10
2.0272848031496062
20
0.5440790551181103
11
2.0273316535433072
21
0.5440347637795275
0
LINE
8
BLACK
6
CONTINUOUS
10
2.0273316535433072
20
0.5440347637795275
11
2.0292064173228348
21
0.5402852362204724
0
LINE
8
BLACK
6
CONTINUOUS
10
2.0292064173228348
20
0.5402852362204724
11
2.0294987795275592
21
0.5393023228346456
0
LINE
8
BLACK
6
CONTINUOUS
10
2.0294987795275592
20
0.5393023228346456
11
2.0294577559055118
21
0.5391305905511811
0
LINE
8
BLACK
6
CONTINUOUS
10
2.0294577559055118
20
0.5391305905511811
11
2.0295181496062993
21
0.5389647244094488
0
LINE
8
BLACK
6
CONTINUOUS
10
2.0295181496062993
20
0.5389647244094488
11
2.0295181496062993
21
0.5333404330708661
0
LINE
8
BLACK
6
CONTINUOUS
10
2.0295181496062993
20
0.5333404330708661
11
2.0293400787401574
21
0.5323305118110236
0
LINE
8
BLACK
6
CONTINUOUS
10
2.0293400787401574
20
0.5323305118110236
11
2.0292265748031495
21
0.5321952362204724
0
LINE
8
BLACK
6
CONTINUOUS
10
2.0292265748031495
20
0.5321952362204724
11
2.0292064173228348
21
0.5320199212598425
0
LINE
8
BLACK
6
CONTINUOUS
10
2.0292064173228348
20
0.5320199212598425
11
2.0273316535433072
21
0.5282703937007874
0
LINE
8
BLACK
6
CONTINUOUS
10
2.0273316535433072
20
0.5282703937007874
11
2.0268057480314958
21
0.5275612992125984
0
LINE
8
BLACK
6
CONTINUOUS
10
2.0268057480314958
20
0.5275612992125984
11
2.0267785433070866
21
0.5275029921259843
0
LINE
8
BLACK
6
CONTINUOUS
10
2.0267785433070866
20
0.5275029921259843
11
2.0249037795275591
21
0.5256282283464567
0
LINE
8
BLACK
6
CONTINUOUS
10
2.0249037795275591
20
0.5256282283464567
11
2.0241806692913387
21
0.5251219291338582
0
LINE
8
BLACK
6
CONTINUOUS
10
2.0241806692913387
20
0.5251219291338582
11
2.0241363779527557
21
0.5250751181102362
0
LINE
8
BLACK
6
CONTINUOUS
10
2.0241363779527557
20
0.5250751181102362
11
2.0203868503937006
21
0.5232003543307087
0
LINE
8
BLACK
6
CONTINUOUS
10
2.0203868503937006
20
0.5232003543307087
11
2.0194038976377953
21
0.5229079921259843
0
LINE
8
BLACK
6
CONTINUOUS
10
2.0194038976377953
20
0.5229079921259843
11
2.0192322047244096
21
0.5229489763779528
0
LINE
8
BLACK
6
CONTINUOUS
10
2.0192322047244096
20
0.5229489763779528
11
2.0191037007874013
21
0.5229022047244094
0
LINE
8
BLACK
6
CONTINUOUS
10
2.0191037007874013
20
0.5229022047244094
11
2.0289844094488187
21
0.508786968503937
0
LINE
8
BLACK
6
CONTINUOUS
10
2.0289844094488187
20
0.508786968503937
11
2.0294176771653545
21
0.5078575196850393
0
LINE
8
BLACK
6
CONTINUOUS
10
2.0294176771653545
20
0.5078575196850393
11
2.0292413385826773
21
0.5058454330708662
0
LINE
8
BLACK
6
CONTINUOUS
10
2.0292413385826773
20
0.5058454330708662
11
2.0278129133858269
21
0.5044174015748032
0
LINE
8
BLACK
6
CONTINUOUS
10
2.0278129133858269
20
0.5044174015748032
11
2.0258007874015749
21
0.5042416535433071
0
LINE
8
BLACK
6
CONTINUOUS
10
2.0258007874015749
20
0.5042416535433071
11
2.0241464173228345
21
0.5054003937007874
0
LINE
8
BLACK
6
CONTINUOUS
10
2.0241464173228345
20
0.5054003937007874
11
2.01190468503937
21
0.5228886220472441
0
LINE
8
BLACK
6
CONTINUOUS
10
2.01190468503937
20
0.5228886220472441
11
2.0070209842519686
21
0.5228886220472441
0
LINE
8
BLACK
6
CONTINUOUS
10
2.0070209842519686
20
0.5228886220472441
11
2.0070209842519686
21
0.5070937007874016
0
LINE
8
BLACK
6
CONTINUOUS
10
2.0070209842519686
20
0.5070937007874016
11
2.0068429133858268
21
0.506083779527559
0
LINE
8
BLACK
6
CONTINUOUS
10
2.0068429133858268
20
0.506083779527559
11
2.0055446062992126
21
0.5045365354330709
0
LINE
8
BLACK
6
CONTINUOUS
10
2.0055446062992126
20
0.5045365354330709
11
2.003555472440945
21
0.5041857874015748
0
LINE
8
BLACK
6
CONTINUOUS
10
2.003555472440945
20
0.5041857874015748
11
2.0018062992125985
21
0.5051957086614173
0
LINE
8
BLACK
6
CONTINUOUS
10
2.0018062992125985
20
0.5051957086614173
11
2.001115472440945
21
0.5070937007874016
0
LINE
8
BLACK
6
CONTINUOUS
10
2.001115472440945
20
0.5070937007874016
11
2.001115472440945
21
0.5464637795275591
0
LINE
8
BLACK
6
CONTINUOUS
10
2.001115472440945
20
0.5464637795275591
11
2.0011830708661416
21
0.5468472834645669
0
LINE
8
BLACK
6
CONTINUOUS
10
2.0011830708661416
20
0.5468472834645669
11
2.0011603149606301
21
0.5469765354330709
0
LINE
8
BLACK
6
CONTINUOUS
10
2.0011603149606301
20
0.5469765354330709
11
2.0012259055118111
21
0.5470901181102362
0
LINE
8
BLACK
6
CONTINUOUS
10
2.0012259055118111
20
0.5470901181102362
11
2.0012530708661416
21
0.547244094488189
0
LINE
8
BLACK
6
CONTINUOUS
10
2.0012530708661416
20
0.547244094488189
11
1.9850393700787401
21
0.547244094488189
0
LINE
8
BLACK
6
CONTINUOUS
10
1.9850393700787401
20
0.547244094488189
11
1.9850393700787401
21
0.3523622047244094
0
LINE
8
BLACK
6
CONTINUOUS
10
1.9850393700787401
20
0.3523622047244094
11
2.36496062992126
21
0.3523622047244094
0
LINE
8
BLACK
6
CONTINUOUS
10
2.36496062992126
20
0.3523622047244094
11
2.36496062992126
21
0.547244094488189
0
LINE
8
BLACK
6
CONTINUOUS
10
2.36496062992126
20
0.547244094488189
11
2.0874307874015749
21
0.547244094488189
0
LINE
8
BLACK
6
CONTINUOUS
10
2.0406663779527561
20
0.547244094488189
11
2.0509373622047242
21
0.5164311023622047
0
LINE
8
BLACK
6
CONTINUOUS
10
2.0509373622047242
20
0.5164311023622047
11
2.0612083464566928
21
0.547244094488189
0
LINE
8
BLACK
6
CONTINUOUS
10
2.0612083464566928
20
0.547244094488189
11
2.0406663779527561
21
0.547244094488189
0
LINE
8
BLACK
6
CONTINUOUS
10
2.0070209842519686
20
0.5287941338582677
11
2.0183692913385824
21
0.5287941338582677
0
LINE
8
BLACK
6
CONTINUOUS
10
2.0183692913385824
20
0.5287941338582677
11
2.0210667716535431
21
0.530142874015748
0
LINE
8
BLACK
6
CONTINUOUS
10
2.0210667716535431
20
0.530142874015748
11
2.0222638976377953
21
0.53134
0
LINE
8
BLACK
6
CONTINUOUS
10
2.0222638976377953
20
0.53134
11
2.0236126377952757
21
0.5340374803149606
0
LINE
8
BLACK
6
CONTINUOUS
10
2.0236126377952757
20
0.5340374803149606
11
2.0236126377952757
21
0.5382676771653543
0
LINE
8
BLACK
6
CONTINUOUS
10
2.0236126377952757
20
0.5382676771653543
11
2.0222638976377953
21
0.5409651574803149
0
LINE
8
BLACK
6
CONTINUOUS
10
2.0222638976377953
20
0.5409651574803149
11
2.0210667716535431
21
0.542162283464567
0
LINE
8
BLACK
6
CONTINUOUS
10
2.0210667716535431
20
0.542162283464567
11
2.0183692913385824
21
0.5435110236220473
0
LINE
8
BLACK
6
CONTINUOUS
10
2.0183692913385824
20
0.5435110236220473
11
2.0070209842519686
21
0.5435110236220473
0
LINE
8
BLACK
6
CONTINUOUS
10
2.0070209842519686
20
0.5435110236220473
11
2.0070209842519686
21
0.5287941338582677
0
LINE
8
BLACK
6
CONTINUOUS
10
1.9417683858267716
20
0.461131062992126
11
1.9430982677165354
21
0.460858937007874
0
LINE
8
BLACK
6
CONTINUOUS
10
1.9430982677165354
20
0.460858937007874
11
1.948722559055118
21
0.458046811023622
0
LINE
8
BLACK
6
CONTINUOUS
10
1.948722559055118
20
0.458046811023622
11
1.9494339370078739
21
0.4574159448818897
0
LINE
8
BLACK
6
CONTINUOUS
10
1.9494339370078739
20
0.4574159448818897
11
1.9502573622047243
21
0.4569405905511811
0
LINE
8
BLACK
6
CONTINUOUS
10
1.9502573622047243
20
0.4569405905511811
11
1.9530695275590551
21
0.4541284251968504
0
LINE
8
BLACK
6
CONTINUOUS
10
1.9530695275590551
20
0.4541284251968504
11
1.9535448818897638
21
0.453305
0
LINE
8
BLACK
6
CONTINUOUS
10
1.9535448818897638
20
0.453305
11
1.9541757480314961
21
0.4525936220472441
0
LINE
8
BLACK
6
CONTINUOUS
10
1.9541757480314961
20
0.4525936220472441
11
1.956987874015748
21
0.4469692913385827
0
LINE
8
BLACK
6
CONTINUOUS
10
1.956987874015748
20
0.4469692913385827
11
1.9572599606299212
21
0.4456395275590551
0
LINE
8
BLACK
6
CONTINUOUS
10
1.9572599606299212
20
0.4456395275590551
11
1.9576113385826772
21
0.4443283070866141
0
LINE
8
BLACK
6
CONTINUOUS
10
1.9576113385826772
20
0.4443283070866141
11
1.9576113385826772
21
0.4330797244094488
0
LINE
8
BLACK
6
CONTINUOUS
10
1.9576113385826772
20
0.4330797244094488
11
1.9572599606299212
21
0.4317684645669291
0
LINE
8
BLACK
6
CONTINUOUS
10
1.9572599606299212
20
0.4317684645669291
11
1.956987874015748
21
0.4304387401574803
0
LINE
8
BLACK
6
CONTINUOUS
10
1.956987874015748
20
0.4304387401574803
11
1.9541757480314961
21
0.4248144094488189
0
LINE
8
BLACK
6
CONTINUOUS
10
1.9541757480314961
20
0.4248144094488189
11
1.9535448818897638
21
0.4241029921259842
0
LINE
8
BLACK
6
CONTINUOUS
10
1.9535448818897638
20
0.4241029921259842
11
1.9530695275590551
21
0.4232796062992126
0
LINE
8
BLACK
6
CONTINUOUS
10
1.9530695275590551
20
0.4232796062992126
11
1.9502573622047243
21
0.4204674409448819
0
LINE
8
BLACK
6
CONTINUOUS
10
1.9502573622047243
20
0.4204674409448819
11
1.9494338976377952
21
0.4199920078740157
0
LINE
8
BLACK
6
CONTINUOUS
10
1.9494338976377952
20
0.4199920078740157
11
1.948722559055118
21
0.419361220472441
0
LINE
8
BLACK
6
CONTINUOUS
10
1.948722559055118
20
0.419361220472441
11
1.9430982677165354
21
0.4165490551181102
0
LINE
8
BLACK
6
CONTINUOUS
10
1.9430982677165354
20
0.4165490551181102
11
1.9417683070866141
21
0.4162768897637795
0
LINE
8
BLACK
6
CONTINUOUS
10
1.9417683070866141
20
0.4162768897637795
11
1.9404572440944881
21
0.4159255905511811
0
LINE
8
BLACK
6
CONTINUOUS
10
1.9404572440944881
20
0.4159255905511811
11
1.8926507086614173
21
0.4159255905511811
0
LINE
8
BLACK
6
CONTINUOUS
10
1.8926507086614173
20
0.4159255905511811
11
1.8896979527559055
21
0.4167167716535433
0
LINE
8
BLACK
6
CONTINUOUS
10
1.8896979527559055
20
0.4167167716535433
11
1.8875363779527559
21
0.4188783464566929
0
LINE
8
BLACK
6
CONTINUOUS
10
1.8875363779527559
20
0.4188783464566929
11
1.8867451968503937
21
0.4218311023622047
0
LINE
8
BLACK
6
CONTINUOUS
10
1.8867451968503937
20
0.4218311023622047
11
1.8875363779527559
21
0.4247838582677165
0
LINE
8
BLACK
6
CONTINUOUS
10
1.8875363779527559
20
0.4247838582677165
11
1.8896979527559055
21
0.4269454330708661
0
LINE
8
BLACK
6
CONTINUOUS
10
1.8896979527559055
20
0.4269454330708661
11
1.8926507086614173
21
0.4277366141732283
0
LINE
8
BLACK
6
CONTINUOUS
10
1.8926507086614173
20
0.4277366141732283
11
1.9390631496062991
21
0.4277366141732283
0
LINE
8
BLACK
6
CONTINUOUS
10
1.9390631496062991
20
0.4277366141732283
11
1.9425833464566928
21
0.4294967322834646
0
LINE
8
BLACK
6
CONTINUOUS
10
1.9425833464566928
20
0.4294967322834646
11
1.9440401968503938
21
0.4309535826771653
0
LINE
8
BLACK
6
CONTINUOUS
10
1.9440401968503938
20
0.4309535826771653
11
1.9458003149606298
21
0.4344737795275591
0
LINE
8
BLACK
6
CONTINUOUS
10
1.9458003149606298
20
0.4344737795275591
11
1.9458003149606298
21
0.4429342125984252
0
LINE
8
BLACK
6
CONTINUOUS
10
1.9458003149606298
20
0.4429342125984252
11
1.9440401968503938
21
0.4464544094488189
0
LINE
8
BLACK
6
CONTINUOUS
10
1.9440401968503938
20
0.4464544094488189
11
1.9425833070866141
21
0.4479112992125984
0
LINE
8
BLACK
6
CONTINUOUS
10
1.9425833070866141
20
0.4479112992125984
11
1.9390631496062991
21
0.4496713779527559
0
LINE
8
BLACK
6
CONTINUOUS
10
1.9390631496062991
20
0.4496713779527559
11
1.8926507086614173
21
0.4496713779527559
0
LINE
8
BLACK
6
CONTINUOUS
10
1.8926507086614173
20
0.4496713779527559
11
1.8896979527559055
21
0.4504625590551181
0
LINE
8
BLACK
6
CONTINUOUS
10
1.8896979527559055
20
0.4504625590551181
11
1.8875363779527559
21
0.4526241338582677
0
LINE
8
BLACK
6
CONTINUOUS
10
1.8875363779527559
20
0.4526241338582677
11
1.8867451968503937
21
0.4555768897637795
0
LINE
8
BLACK
6
CONTINUOUS
10
1.8867451968503937
20
0.4555768897637795
11
1.8875363779527559
21
0.4585296456692913
0
LINE
8
BLACK
6
CONTINUOUS
10
1.8875363779527559
20
0.4585296456692913
11
1.8896979527559055
21
0.4606912204724409
0
LINE
8
BLACK
6
CONTINUOUS
10
1.8896979527559055
20
0.4606912204724409
11
1.8926507086614173
21
0.4614824015748031
0
LINE
8
BLACK
6
CONTINUOUS
10
1.8926507086614173
20
0.4614824015748031
11
1.9404572440944881
21
0.4614824015748031
0
LINE
8
BLACK
6
CONTINUOUS
10
1.9404572440944881
20
0.4614824015748031
11
1.9417683858267716
21
0.461131062992126
0
LINE
8
BLACK
6
CONTINUOUS
10
0.0696850393700787
20
0.5124635826771653
11
0.0718466141732284
21
0.5103020078740157
0
LINE
8
BLACK
6
CONTINUOUS
10
0.0718466141732284
20
0.5103020078740157
11
0.0726377952755906
21
0.5073492519685039
0
LINE
8
BLACK
6
CONTINUOUS
10
0.0726377952755906
20
0.5073492519685039
11
0.0726377952755906
21
0.4651670078740157
0
LINE
8
BLACK
6
CONTINUOUS
10
0.0726377952755906
20
0.4651670078740157
11
0.0723916929133858
21
0.4642485433070866
0
LINE
8
BLACK
6
CONTINUOUS
10
0.0723916929133858
20
0.4642485433070866
11
0.0723347244094488
21
0.4632994881889764
0
LINE
8
BLACK
6
CONTINUOUS
10
0.0723347244094488
20
0.4632994881889764
11
0.0695225590551181
21
0.4548630708661417
0
LINE
8
BLACK
6
CONTINUOUS
10
0.0695225590551181
20
0.4548630708661417
11
0.0687746850393701
21
0.4537303543307086
0
LINE
8
BLACK
6
CONTINUOUS
10
0.0687746850393701
20
0.4537303543307086
11
0.0680959448818898
21
0.4525547637795275
0
LINE
8
BLACK
6
CONTINUOUS
10
0.0680959448818898
20
0.4525547637795275
11
0.0624716535433071
21
0.4469304724409449
0
LINE
8
BLACK
6
CONTINUOUS
10
0.0624716535433071
20
0.4469304724409449
11
0.0612961811023622
21
0.446251811023622
0
LINE
8
BLACK
6
CONTINUOUS
10
0.0612961811023622
20
0.446251811023622
11
0.0601633070866142
21
0.4455038188976378
0
LINE
8
BLACK
6
CONTINUOUS
10
0.0601633070866142
20
0.4455038188976378
11
0.0517268503937008
21
0.4426916929133858
0
LINE
8
BLACK
6
CONTINUOUS
10
0.0517268503937008
20
0.4426916929133858
11
0.0507777952755906
21
0.4426346850393701
0
LINE
8
BLACK
6
CONTINUOUS
10
0.0507777952755906
20
0.4426346850393701
11
0.0498593700787402
21
0.4423886220472441
0
LINE
8
BLACK
6
CONTINUOUS
10
0.0498593700787402
20
0.4423886220472441
11
0.0442350787401575
21
0.4423886220472441
0
LINE
8
BLACK
6
CONTINUOUS
10
0.0442350787401575
20
0.4423886220472441
11
0.0412823228346457
21
0.4431798031496063
0
LINE
8
BLACK
6
CONTINUOUS
10
0.0412823228346457
20
0.4431798031496063
11
0.0391207480314961
21
0.4453413779527559
0
LINE
8
BLACK
6
CONTINUOUS
10
0.0391207480314961
20
0.4453413779527559
11
0.0383295669291339
21
0.4482941338582677
0
LINE
8
BLACK
6
CONTINUOUS
10
0.0383295669291339
20
0.4482941338582677
11
0.0391207480314961
21
0.4512468897637795
0
LINE
8
BLACK
6
CONTINUOUS
10
0.0391207480314961
20
0.4512468897637795
11
0.0412823228346457
21
0.4534084645669291
0
LINE
8
BLACK
6
CONTINUOUS
10
0.0412823228346457
20
0.4534084645669291
11
0.0442350787401575
21
0.4541996456692913
0
LINE
8
BLACK
6
CONTINUOUS
10
0.0442350787401575
20
0.4541996456692913
11
0.0489011023622047
21
0.4541996456692913
0
LINE
8
BLACK
6
CONTINUOUS
10
0.0489011023622047
20
0.4541996456692913
11
0.0551057480314961
21
0.456267874015748
0
LINE
8
BLACK
6
CONTINUOUS
10
0.0551057480314961
20
0.456267874015748
11
0.0587585039370079
21
0.4599206299212598
0
LINE
8
BLACK
6
CONTINUOUS
10
0.0587585039370079
20
0.4599206299212598
11
0.0608267716535433
21
0.4661252755905512
0
LINE
8
BLACK
6
CONTINUOUS
10
0.0608267716535433
20
0.4661252755905512
11
0.0608267716535433
21
0.5073492519685039
0
LINE
8
BLACK
6
CONTINUOUS
10
0.0608267716535433
20
0.5073492519685039
11
0.0616179527559055
21
0.5103020078740157
0
LINE
8
BLACK
6
CONTINUOUS
10
0.0616179527559055
20
0.5103020078740157
11
0.0637795275590551
21
0.5124635826771653
0
LINE
8
BLACK
6
CONTINUOUS
10
0.0637795275590551
20
0.5124635826771653
11
0.0667322834645669
21
0.5132547637795275
0
LINE
8
BLACK
6
CONTINUOUS
10
0.0667322834645669
20
0.5132547637795275
11
0.0696850393700787
21
0.5124635826771653
0
LINE
8
BLACK
6
CONTINUOUS
10
0.168888031496063
20
0.5130086614173228
11
0.1698370866141732
21
0.5129516929133858
0
LINE
8
BLACK
6
CONTINUOUS
10
0.1698370866141732
20
0.5129516929133858
11
0.1782735433070866
21
0.5101395669291339
0
LINE
8
BLACK
6
CONTINUOUS
10
0.1782735433070866
20
0.5101395669291339
11
0.1794064173228346
21
0.5093915354330708
0
LINE
8
BLACK
6
CONTINUOUS
10
0.1794064173228346
20
0.5093915354330708
11
0.1805818897637795
21
0.5087129133858268
0
LINE
8
BLACK
6
CONTINUOUS
10
0.1805818897637795
20
0.5087129133858268
11
0.1833940157480315
21
0.5059007874015747
0
LINE
8
BLACK
6
CONTINUOUS
10
0.1833940157480315
20
0.5059007874015747
11
0.1849224803149606
21
0.5032534251968503
0
LINE
8
BLACK
6
CONTINUOUS
10
0.1849224803149606
20
0.5032534251968503
11
0.1849224803149606
21
0.5001964960629921
0
LINE
8
BLACK
6
CONTINUOUS
10
0.1849224803149606
20
0.5001964960629921
11
0.1833940157480315
21
0.4975491338582677
0
LINE
8
BLACK
6
CONTINUOUS
10
0.1833940157480315
20
0.4975491338582677
11
0.1807466535433071
21
0.4960206692913386
0
LINE
8
BLACK
6
CONTINUOUS
10
0.1807466535433071
20
0.4960206692913386
11
0.1776897244094488
21
0.4960206692913386
0
LINE
8
BLACK
6
CONTINUOUS
10
0.1776897244094488
20
0.4960206692913386
11
0.1750423622047244
21
0.4975491338582677
0
LINE
8
BLACK
6
CONTINUOUS
10
0.1750423622047244
20
0.4975491338582677
11
0.1732159842519685
21
0.4993754724409449
0
LINE
8
BLACK
6
CONTINUOUS
10
0.1732159842519685
20
0.4993754724409449
11
0.1670113385826772
21
0.5014437401574803
0
LINE
8
BLACK
6
CONTINUOUS
10
0.1670113385826772
20
0.5014437401574803
11
0.1633037007874016
21
0.5014437401574803
0
LINE
8
BLACK
6
CONTINUOUS
10
0.1633037007874016
20
0.5014437401574803
11
0.1570988976377953
21
0.4993754724409449
0
LINE
8
BLACK
6
CONTINUOUS
10
0.1570988976377953
20
0.4993754724409449
11
0.153138031496063
21
0.4954146062992126
0
LINE
8
BLACK
6
CONTINUOUS
10
0.153138031496063
20
0.4954146062992126
11
0.1510442913385827
21
0.4912272047244094
0
LINE
8
BLACK
6
CONTINUOUS
10
0.1510442913385827
20
0.4912272047244094
11
0.1485657874015748
21
0.4813129921259842
0
LINE
8
BLACK
6
CONTINUOUS
10
0.1485657874015748
20
0.4813129921259842
11
0.1485657874015748
21
0.4743303543307086
0
LINE
8
BLACK
6
CONTINUOUS
10
0.1485657874015748
20
0.4743303543307086
11
0.1510442913385827
21
0.4644161417322835
0
LINE
8
BLACK
6
CONTINUOUS
10
0.1510442913385827
20
0.4644161417322835
11
0.153138031496063
21
0.4602287401574803
0
LINE
8
BLACK
6
CONTINUOUS
10
0.153138031496063
20
0.4602287401574803
11
0.1570988976377953
21
0.456267874015748
0
LINE
8
BLACK
6
CONTINUOUS
10
0.1570988976377953
20
0.456267874015748
11
0.1633037007874016
21
0.4541996456692913
0
LINE
8
BLACK
6
CONTINUOUS
10
0.1633037007874016
20
0.4541996456692913
11
0.1670113385826772
21
0.4541996456692913
0
LINE
8
BLACK
6
CONTINUOUS
10
0.1670113385826772
20
0.4541996456692913
11
0.1732159842519685
21
0.456267874015748
0
LINE
8
BLACK
6
CONTINUOUS
10
0.1732159842519685
20
0.456267874015748
11
0.1750423622047244
21
0.458094251968504
0
LINE
8
BLACK
6
CONTINUOUS
10
0.1750423622047244
20
0.458094251968504
11
0.1776897244094488
21
0.4596227165354331
0
LINE
8
BLACK
6
CONTINUOUS
10
0.1776897244094488
20
0.4596227165354331
11
0.1807466535433071
21
0.4596227165354331
0
LINE
8
BLACK
6
CONTINUOUS
10
0.1807466535433071
20
0.4596227165354331
11
0.1833940157480315
21
0.458094251968504
0
LINE
8
BLACK
6
CONTINUOUS
10
0.1833940157480315
20
0.458094251968504
11
0.1849224803149606
21
0.4554468897637795
0
LINE
8
BLACK
6
CONTINUOUS
10
0.1849224803149606
20
0.4554468897637795
11
0.1849224803149606
21
0.4523899606299213
0
LINE
8
BLACK
6
CONTINUOUS
10
0.1849224803149606
20
0.4523899606299213
11
0.1833940157480315
21
0.4497425984251968
0
LINE
8
BLACK
6
CONTINUOUS
10
0.1833940157480315
20
0.4497425984251968
11
0.1805818897637795
21
0.4469304724409449
0
LINE
8
BLACK
6
CONTINUOUS
10
0.1805818897637795
20
0.4469304724409449
11
0.1794064173228346
21
0.446251811023622
0
LINE
8
BLACK
6
CONTINUOUS
10
0.1794064173228346
20
0.446251811023622
11
0.1782735433070866
21
0.4455038188976378
0
LINE
8
BLACK
6
CONTINUOUS
10
0.1782735433070866
20
0.4455038188976378
11
0.1698370866141732
21
0.4426916929133858
0
LINE
8
BLACK
6
CONTINUOUS
10
0.1698370866141732
20
0.4426916929133858
11
0.168888031496063
21
0.4426346850393701
0
LINE
8
BLACK
6
CONTINUOUS
10
0.168888031496063
20
0.4426346850393701
11
0.1679696062992126
21
0.4423886220472441
0
LINE
8
BLACK
6
CONTINUOUS
10
0.1679696062992126
20
0.4423886220472441
11
0.1623453149606299
21
0.4423886220472441
0
LINE
8
BLACK
6
CONTINUOUS
10
0.1623453149606299
20
0.4423886220472441
11
0.1614268503937008
21
0.4426346850393701
0
LINE
8
BLACK
6
CONTINUOUS
10
0.1614268503937008
20
0.4426346850393701
11
0.1604777952755906
21
0.4426916929133858
0
LINE
8
BLACK
6
CONTINUOUS
10
0.1604777952755906
20
0.4426916929133858
11
0.1520413779527559
21
0.4455038582677165
0
LINE
8
BLACK
6
CONTINUOUS
10
0.1520413779527559
20
0.4455038582677165
11
0.1509085826771653
21
0.4462517322834645
0
LINE
8
BLACK
6
CONTINUOUS
10
0.1509085826771653
20
0.4462517322834645
11
0.149733031496063
21
0.4469304724409449
0
LINE
8
BLACK
6
CONTINUOUS
10
0.149733031496063
20
0.4469304724409449
11
0.1441087401574803
21
0.4525547637795275
0
LINE
8
BLACK
6
CONTINUOUS
10
0.1441087401574803
20
0.4525547637795275
11
0.1436333070866142
21
0.4533781889763779
0
LINE
8
BLACK
6
CONTINUOUS
10
0.1436333070866142
20
0.4533781889763779
11
0.1430025196850394
21
0.4540895669291338
0
LINE
8
BLACK
6
CONTINUOUS
10
0.1430025196850394
20
0.4540895669291338
11
0.1401903543307087
21
0.4597138582677165
0
LINE
8
BLACK
6
CONTINUOUS
10
0.1401903543307087
20
0.4597138582677165
11
0.1400596062992126
21
0.4603525984251968
0
LINE
8
BLACK
6
CONTINUOUS
10
0.1400596062992126
20
0.4603525984251968
11
0.1397432283464567
21
0.4609225984251968
0
LINE
8
BLACK
6
CONTINUOUS
10
0.1397432283464567
20
0.4609225984251968
11
0.1369311023622047
21
0.4721711811023622
0
LINE
8
BLACK
6
CONTINUOUS
10
0.1369311023622047
20
0.4721711811023622
11
0.1369433464566929
21
0.4728996062992126
0
LINE
8
BLACK
6
CONTINUOUS
10
0.1369433464566929
20
0.4728996062992126
11
0.1367547637795276
21
0.4736034645669291
0
LINE
8
BLACK
6
CONTINUOUS
10
0.1367547637795276
20
0.4736034645669291
11
0.1367547637795276
21
0.4820399212598425
0
LINE
8
BLACK
6
CONTINUOUS
10
0.1367547637795276
20
0.4820399212598425
11
0.1369433464566929
21
0.4827437401574803
0
LINE
8
BLACK
6
CONTINUOUS
10
0.1369433464566929
20
0.4827437401574803
11
0.1369311023622047
21
0.4834722047244094
0
LINE
8
BLACK
6
CONTINUOUS
10
0.1369311023622047
20
0.4834722047244094
11
0.1397432283464567
21
0.4947207874015748
0
LINE
8
BLACK
6
CONTINUOUS
10
0.1397432283464567
20
0.4947207874015748
11
0.1400596062992126
21
0.495290748031496
0
LINE
8
BLACK
6
CONTINUOUS
10
0.1400596062992126
20
0.495290748031496
11
0.1401903543307087
21
0.4959295275590551
0
LINE
8
BLACK
6
CONTINUOUS
10
0.1401903543307087
20
0.4959295275590551
11
0.1430025196850394
21
0.5015538188976378
0
LINE
8
BLACK
6
CONTINUOUS
10
0.1430025196850394
20
0.5015538188976378
11
0.1436333070866142
21
0.502265157480315
0
LINE
8
BLACK
6
CONTINUOUS
10
0.1436333070866142
20
0.502265157480315
11
0.1441087401574803
21
0.5030886220472441
0
LINE
8
BLACK
6
CONTINUOUS
10
0.1441087401574803
20
0.5030886220472441
11
0.149733031496063
21
0.5087129133858268
0
LINE
8
BLACK
6
CONTINUOUS
10
0.149733031496063
20
0.5087129133858268
11
0.1509085826771653
21
0.5093916141732283
0
LINE
8
BLACK
6
CONTINUOUS
10
0.1509085826771653
20
0.5093916141732283
11
0.1520413779527559
21
0.5101395275590551
0
LINE
8
BLACK
6
CONTINUOUS
10
0.1520413779527559
20
0.5101395275590551
11
0.1604777952755906
21
0.5129516929133858
0
LINE
8
BLACK
6
CONTINUOUS
10
0.1604777952755906
20
0.5129516929133858
11
0.1614268503937008
21
0.5130086614173228
0
LINE
8
BLACK
6
CONTINUOUS
10
0.1614268503937008
20
0.5130086614173228
11
0.1623453149606299
21
0.5132547637795275
0
LINE
8
BLACK
6
CONTINUOUS
10
0.1623453149606299
20
0.5132547637795275
11
0.1679696062992126
21
0.5132547637795275
0
LINE
8
BLACK
6
CONTINUOUS
10
0.1679696062992126
20
0.5132547637795275
11
0.168888031496063
21
0.5130086614173228
0
LINE
8
BLACK
6
CONTINUOUS
10
0.241226062992126
20
0.5124635826771653
11
0.2433876377952756
21
0.5103020078740157
0
LINE
8
BLACK
6
CONTINUOUS
10
0.2433876377952756
20
0.5103020078740157
11
0.2441788188976378
21
0.5073492519685039
0
LINE
8
BLACK
6
CONTINUOUS
10
0.2441788188976378
20
0.5073492519685039
11
0.2441788188976378
21
0.4482941338582677
0
LINE
8
BLACK
6
CONTINUOUS
10
0.2441788188976378
20
0.4482941338582677
11
0.2433876377952756
21
0.4453413779527559
0
LINE
8
BLACK
6
CONTINUOUS
10
0.2433876377952756
20
0.4453413779527559
11
0.241226062992126
21
0.4431798031496063
0
LINE
8
BLACK
6
CONTINUOUS
10
0.241226062992126
20
0.4431798031496063
11
0.2382733070866142
21
0.4423886220472441
0
LINE
8
BLACK
6
CONTINUOUS
10
0.2382733070866142
20
0.4423886220472441
11
0.2353205511811023
21
0.4431798031496063
0
LINE
8
BLACK
6
CONTINUOUS
10
0.2353205511811023
20
0.4431798031496063
11
0.2331589763779527
21
0.4453413779527559
0
LINE
8
BLACK
6
CONTINUOUS
10
0.2331589763779527
20
0.4453413779527559
11
0.2323677952755905
21
0.4482941338582677
0
LINE
8
BLACK
6
CONTINUOUS
10
0.2323677952755905
20
0.4482941338582677
11
0.2323677952755905
21
0.4733222440944882
0
LINE
8
BLACK
6
CONTINUOUS
10
0.2323677952755905
20
0.4733222440944882
11
0.210433031496063
21
0.4733222440944882
0
LINE
8
BLACK
6
CONTINUOUS
10
0.210433031496063
20
0.4733222440944882
11
0.210433031496063
21
0.4482941338582677
0
LINE
8
BLACK
6
CONTINUOUS
10
0.210433031496063
20
0.4482941338582677
11
0.2096418503937008
21
0.4453413779527559
0
LINE
8
BLACK
6
CONTINUOUS
10
0.2096418503937008
20
0.4453413779527559
11
0.2074802755905512
21
0.4431798031496063
0
LINE
8
BLACK
6
CONTINUOUS
10
0.2074802755905512
20
0.4431798031496063
11
0.2045275196850394
21
0.4423886220472441
0
LINE
8
BLACK
6
CONTINUOUS
10
0.2045275196850394
20
0.4423886220472441
11
0.2015747637795275
21
0.4431798031496063
0
LINE
8
BLACK
6
CONTINUOUS
10
0.2015747637795275
20
0.4431798031496063
11
0.1994131889763779
21
0.4453413779527559
0
LINE
8
BLACK
6
CONTINUOUS
10
0.1994131889763779
20
0.4453413779527559
11
0.1986220078740157
21
0.4482941338582677
0
LINE
8
BLACK
6
CONTINUOUS
10
0.1986220078740157
20
0.4482941338582677
11
0.1986220078740157
21
0.5073492519685039
0
LINE
8
BLACK
6
CONTINUOUS
10
0.1986220078740157
20
0.5073492519685039
11
0.1994131889763779
21
0.5103020078740157
0
LINE
8
BLACK
6
CONTINUOUS
10
0.1994131889763779
20
0.5103020078740157
11
0.2015747637795275
21
0.5124635826771653
0
LINE
8
BLACK
6
CONTINUOUS
10
0.2015747637795275
20
0.5124635826771653
11
0.2045275196850394
21
0.5132547637795275
0
LINE
8
BLACK
6
CONTINUOUS
10
0.2045275196850394
20
0.5132547637795275
11
0.2074802755905512
21
0.5124635826771653
0
LINE
8
BLACK
6
CONTINUOUS
10
0.2074802755905512
20
0.5124635826771653
11
0.2096418503937008
21
0.5103020078740157
0
LINE
8
BLACK
6
CONTINUOUS
10
0.2096418503937008
20
0.5103020078740157
11
0.210433031496063
21
0.5073492519685039
0
LINE
8
BLACK
6
CONTINUOUS
10
0.210433031496063
20
0.5073492519685039
11
0.210433031496063
21
0.4851332677165354
0
LINE
8
BLACK
6
CONTINUOUS
10
0.210433031496063
20
0.4851332677165354
11
0.2323677952755905
21
0.4851332677165354
0
LINE
8
BLACK
6
CONTINUOUS
10
0.2323677952755905
20
0.4851332677165354
11
0.2323677952755905
21
0.5073492519685039
0
LINE
8
BLACK
6
CONTINUOUS
10
0.2323677952755905
20
0.5073492519685039
11
0.2331589763779527
21
0.5103020078740157
0
LINE
8
BLACK
6
CONTINUOUS
10
0.2331589763779527
20
0.5103020078740157
11
0.2353205511811023
21
0.5124635826771653
0
LINE
8
BLACK
6
CONTINUOUS
10
0.2353205511811023
20
0.5124635826771653
11
0.2382733070866142
21
0.5132547637795275
0
LINE
8
BLACK
6
CONTINUOUS
10
0.2382733070866142
20
0.5132547637795275
11
0.241226062992126
21
0.5124635826771653
0
LINE
8
BLACK
6
CONTINUOUS
10
0.2902030708661417
20
0.5129034251968504
11
0.291533031496063
21
0.5126312992125984
0
LINE
8
BLACK
6
CONTINUOUS
10
0.291533031496063
20
0.5126312992125984
11
0.2971573228346457
21
0.5098191338582677
0
LINE
8
BLACK
6
CONTINUOUS
10
0.2971573228346457
20
0.5098191338582677
11
0.2978686614173228
21
0.5091883070866141
0
LINE
8
BLACK
6
CONTINUOUS
10
0.2978686614173228
20
0.5091883070866141
11
0.298692125984252
21
0.5087129133858268
0
LINE
8
BLACK
6
CONTINUOUS
10
0.298692125984252
20
0.5087129133858268
11
0.3043164173228347
21
0.5030886220472441
0
LINE
8
BLACK
6
CONTINUOUS
10
0.3043164173228347
20
0.5030886220472441
11
0.3043420472440945
21
0.5030441732283465
0
LINE
8
BLACK
6
CONTINUOUS
10
0.3043420472440945
20
0.5030441732283465
11
0.3043860629921259
21
0.5030177952755905
0
LINE
8
BLACK
6
CONTINUOUS
10
0.3043860629921259
20
0.5030177952755905
11
0.3051044881889764
21
0.5017235826771653
0
LINE
8
BLACK
6
CONTINUOUS
10
0.3051044881889764
20
0.5017235826771653
11
0.3058448818897638
21
0.5004412598425196
0
LINE
8
BLACK
6
CONTINUOUS
10
0.3058448818897638
20
0.5004412598425196
11
0.3058448818897638
21
0.5003899212598425
0
LINE
8
BLACK
6
CONTINUOUS
10
0.3058448818897638
20
0.5003899212598425
11
0.3058697637795276
21
0.5003451181102362
0
LINE
8
BLACK
6
CONTINUOUS
10
0.3058697637795276
20
0.5003451181102362
11
0.3086819291338583
21
0.4890965354330709
0
LINE
8
BLACK
6
CONTINUOUS
10
0.3086819291338583
20
0.4890965354330709
11
0.3086696456692913
21
0.4883679921259843
0
LINE
8
BLACK
6
CONTINUOUS
10
0.3086696456692913
20
0.4883679921259843
11
0.3088582677165354
21
0.4876642125984252
0
LINE
8
BLACK
6
CONTINUOUS
10
0.3088582677165354
20
0.4876642125984252
11
0.3088582677165354
21
0.4679791732283464
0
LINE
8
BLACK
6
CONTINUOUS
10
0.3088582677165354
20
0.4679791732283464
11
0.3086696456692913
21
0.4672753543307087
0
LINE
8
BLACK
6
CONTINUOUS
10
0.3086696456692913
20
0.4672753543307087
11
0.3086819291338583
21
0.4665468503937008
0
LINE
8
BLACK
6
CONTINUOUS
10
0.3086819291338583
20
0.4665468503937008
11
0.3058697637795276
21
0.4552982677165354
0
LINE
8
BLACK
6
CONTINUOUS
10
0.3058697637795276
20
0.4552982677165354
11
0.3058448818897638
21
0.4552534251968504
0
LINE
8
BLACK
6
CONTINUOUS
10
0.3058448818897638
20
0.4552534251968504
11
0.3058448818897638
21
0.455202125984252
0
LINE
8
BLACK
6
CONTINUOUS
10
0.3058448818897638
20
0.455202125984252
11
0.3051044881889764
21
0.4539197637795275
0
LINE
8
BLACK
6
CONTINUOUS
10
0.3051044881889764
20
0.4539197637795275
11
0.3043860629921259
21
0.4526255905511811
0
LINE
8
BLACK
6
CONTINUOUS
10
0.3043860629921259
20
0.4526255905511811
11
0.3043420472440945
21
0.4525991732283465
0
LINE
8
BLACK
6
CONTINUOUS
10
0.3043420472440945
20
0.4525991732283465
11
0.3043164173228347
21
0.4525547637795275
0
LINE
8
BLACK
6
CONTINUOUS
10
0.3043164173228347
20
0.4525547637795275
11
0.298692125984252
21
0.4469304724409449
0
LINE
8
BLACK
6
CONTINUOUS
10
0.298692125984252
20
0.4469304724409449
11
0.2978686614173228
21
0.4464550393700787
0
LINE
8
BLACK
6
CONTINUOUS
10
0.2978686614173228
20
0.4464550393700787
11
0.2971573228346457
21
0.4458242519685039
0
LINE
8
BLACK
6
CONTINUOUS
10
0.2971573228346457
20
0.4458242519685039
11
0.291533031496063
21
0.4430120866141732
0
LINE
8
BLACK
6
CONTINUOUS
10
0.291533031496063
20
0.4430120866141732
11
0.2902030708661417
21
0.4427399212598425
0
LINE
8
BLACK
6
CONTINUOUS
10
0.2902030708661417
20
0.4427399212598425
11
0.2888920078740158
21
0.4423886220472441
0
LINE
8
BLACK
6
CONTINUOUS
10
0.2888920078740158
20
0.4423886220472441
11
0.2776434251968504
21
0.4423886220472441
0
LINE
8
BLACK
6
CONTINUOUS
10
0.2776434251968504
20
0.4423886220472441
11
0.2763323622047244
21
0.4427398818897638
0
LINE
8
BLACK
6
CONTINUOUS
10
0.2763323622047244
20
0.4427398818897638
11
0.2750023622047244
21
0.4430120866141732
0
LINE
8
BLACK
6
CONTINUOUS
10
0.2750023622047244
20
0.4430120866141732
11
0.2693781102362205
21
0.4458242519685039
0
LINE
8
BLACK
6
CONTINUOUS
10
0.2693781102362205
20
0.4458242519685039
11
0.2686666929133858
21
0.4464550393700787
0
LINE
8
BLACK
6
CONTINUOUS
10
0.2686666929133858
20
0.4464550393700787
11
0.2678433070866142
21
0.4469304724409449
0
LINE
8
BLACK
6
CONTINUOUS
10
0.2678433070866142
20
0.4469304724409449
11
0.2622189763779528
21
0.4525547637795275
0
LINE
8
BLACK
6
CONTINUOUS
10
0.2622189763779528
20
0.4525547637795275
11
0.2621933070866141
21
0.4525991732283465
0
LINE
8
BLACK
6
CONTINUOUS
10
0.2621933070866141
20
0.4525991732283465
11
0.2621493307086614
21
0.4526255905511811
0
LINE
8
BLACK
6
CONTINUOUS
10
0.2621493307086614
20
0.4526255905511811
11
0.2614311417322834
21
0.4539192913385827
0
LINE
8
BLACK
6
CONTINUOUS
10
0.2614311417322834
20
0.4539192913385827
11
0.2606905118110236
21
0.455202125984252
0
LINE
8
BLACK
6
CONTINUOUS
10
0.2606905118110236
20
0.455202125984252
11
0.2606905118110236
21
0.4552534645669291
0
LINE
8
BLACK
6
CONTINUOUS
10
0.2606905118110236
20
0.4552534645669291
11
0.2606656299212599
21
0.4552983070866142
0
LINE
8
BLACK
6
CONTINUOUS
10
0.2606656299212599
20
0.4552983070866142
11
0.2578535039370078
21
0.4665468897637795
0
LINE
8
BLACK
6
CONTINUOUS
10
0.2578535039370078
20
0.4665468897637795
11
0.257865748031496
21
0.4672753149606299
0
LINE
8
BLACK
6
CONTINUOUS
10
0.257865748031496
20
0.4672753149606299
11
0.2576771653543307
21
0.4679791732283464
0
LINE
8
BLACK
6
CONTINUOUS
10
0.2576771653543307
20
0.4679791732283464
11
0.2576771653543307
21
0.4876642125984252
0
LINE
8
BLACK
6
CONTINUOUS
10
0.2576771653543307
20
0.4876642125984252
11
0.257865748031496
21
0.488368031496063
0
LINE
8
BLACK
6
CONTINUOUS
10
0.257865748031496
20
0.488368031496063
11
0.2578535039370078
21
0.4890964960629921
0
LINE
8
BLACK
6
CONTINUOUS
10
0.2578535039370078
20
0.4890964960629921
11
0.2606656299212599
21
0.5003450787401574
0
LINE
8
BLACK
6
CONTINUOUS
10
0.2606656299212599
20
0.5003450787401574
11
0.2606905118110236
21
0.5003898818897637
0
LINE
8
BLACK
6
CONTINUOUS
10
0.2606905118110236
20
0.5003898818897637
11
0.2606905118110236
21
0.5004412598425196
0
LINE
8
BLACK
6
CONTINUOUS
10
0.2606905118110236
20
0.5004412598425196
11
0.2614311417322834
21
0.5017240551181102
0
LINE
8
BLACK
6
CONTINUOUS
10
0.2614311417322834
20
0.5017240551181102
11
0.2621493307086614
21
0.5030177952755905
0
LINE
8
BLACK
6
CONTINUOUS
10
0.2621493307086614
20
0.5030177952755905
11
0.2621933070866141
21
0.5030441732283465
0
LINE
8
BLACK
6
CONTINUOUS
10
0.2621933070866141
20
0.5030441732283465
11
0.2622189763779528
21
0.5030886220472441
0
LINE
8
BLACK
6
CONTINUOUS
10
0.2622189763779528
20
0.5030886220472441
11
0.2678433070866142
21
0.5087129133858268
0
LINE
8
BLACK
6
CONTINUOUS
10
0.2678433070866142
20
0.5087129133858268
11
0.2686666929133858
21
0.5091883070866141
0
LINE
8
BLACK
6
CONTINUOUS
10
0.2686666929133858
20
0.5091883070866141
11
0.2693781102362205
21
0.5098191338582677
0
LINE
8
BLACK
6
CONTINUOUS
10
0.2693781102362205
20
0.5098191338582677
11
0.2750023622047244
21
0.5126312992125984
0
LINE
8
BLACK
6
CONTINUOUS
10
0.2750023622047244
20
0.5126312992125984
11
0.2763323622047244
21
0.5129034645669291
0
LINE
8
BLACK
6
CONTINUOUS
10
0.2763323622047244
20
0.5129034645669291
11
0.2776434251968504
21
0.5132547637795275
0
LINE
8
BLACK
6
CONTINUOUS
10
0.2776434251968504
20
0.5132547637795275
11
0.2888920078740158
21
0.5132547637795275
0
LINE
8
BLACK
6
CONTINUOUS
10
0.2888920078740158
20
0.5132547637795275
11
0.2902030708661417
21
0.5129034251968504
0
LINE
8
BLACK
6
CONTINUOUS
10
0.2755172834645669
20
0.4996836220472441
11
0.2717272440944882
21
0.4958935433070866
0
LINE
8
BLACK
6
CONTINUOUS
10
0.2717272440944882
20
0.4958935433070866
11
0.2694881889763779
21
0.4869372834645669
0
LINE
8
BLACK
6
CONTINUOUS
10
0.2694881889763779
20
0.4869372834645669
11
0.2694881889763779
21
0.468706062992126
0
LINE
8
BLACK
6
CONTINUOUS
10
0.2694881889763779
20
0.468706062992126
11
0.2717272440944882
21
0.4597498031496063
0
LINE
8
BLACK
6
CONTINUOUS
10
0.2717272440944882
20
0.4597498031496063
11
0.2755172834645669
21
0.4559597244094488
0
LINE
8
BLACK
6
CONTINUOUS
10
0.2755172834645669
20
0.4559597244094488
11
0.2790375196850394
21
0.4541996456692913
0
LINE
8
BLACK
6
CONTINUOUS
10
0.2790375196850394
20
0.4541996456692913
11
0.2874979133858268
21
0.4541996456692913
0
LINE
8
BLACK
6
CONTINUOUS
10
0.2874979133858268
20
0.4541996456692913
11
0.2910181102362205
21
0.4559597637795276
0
LINE
8
BLACK
6
CONTINUOUS
10
0.2910181102362205
20
0.4559597637795276
11
0.2948081102362204
21
0.4597497637795275
0
LINE
8
BLACK
6
CONTINUOUS
10
0.2948081102362204
20
0.4597497637795275
11
0.2970472440944882
21
0.4687061023622047
0
LINE
8
BLACK
6
CONTINUOUS
10
0.2970472440944882
20
0.4687061023622047
11
0.2970472440944882
21
0.4869372440944882
0
LINE
8
BLACK
6
CONTINUOUS
10
0.2970472440944882
20
0.4869372440944882
11
0.2948081102362204
21
0.4958935826771653
0
LINE
8
BLACK
6
CONTINUOUS
10
0.2948081102362204
20
0.4958935826771653
11
0.2910181102362205
21
0.4996835826771653
0
LINE
8
BLACK
6
CONTINUOUS
10
0.2910181102362205
20
0.4996835826771653
11
0.2874979133858268
21
0.5014437401574803
0
LINE
8
BLACK
6
CONTINUOUS
10
0.2874979133858268
20
0.5014437401574803
11
0.2790375196850394
21
0.5014437401574803
0
LINE
8
BLACK
6
CONTINUOUS
10
0.2790375196850394
20
0.5014437401574803
11
0.2755172834645669
21
0.4996836220472441
0
LINE
8
BLACK
6
CONTINUOUS
10
0.1076092913385827
20
0.5129733464566929
11
0.107969842519685
21
0.5129517322834646
0
LINE
8
BLACK
6
CONTINUOUS
10
0.107969842519685
20
0.5129517322834646
11
0.1089597637795276
21
0.5122981102362204
0
LINE
8
BLACK
6
CONTINUOUS
10
0.1089597637795276
20
0.5122981102362204
11
0.1100205118110236
21
0.5117677559055118
0
LINE
8
BLACK
6
CONTINUOUS
10
0.1100205118110236
20
0.5117677559055118
11
0.1102194488188976
21
0.5114664173228346
0
LINE
8
BLACK
6
CONTINUOUS
10
0.1102194488188976
20
0.5114664173228346
11
0.110520905511811
21
0.5112674015748031
0
LINE
8
BLACK
6
CONTINUOUS
10
0.110520905511811
20
0.5112674015748031
11
0.1110514173228346
21
0.5102062992125984
0
LINE
8
BLACK
6
CONTINUOUS
10
0.1110514173228346
20
0.5102062992125984
11
0.1117048031496063
21
0.5092167322834645
0
LINE
8
BLACK
6
CONTINUOUS
10
0.1117048031496063
20
0.5092167322834645
11
0.1313898818897638
21
0.4501616141732284
0
LINE
8
BLACK
6
CONTINUOUS
10
0.1313898818897638
20
0.4501616141732284
11
0.131573031496063
21
0.4471101968503937
0
LINE
8
BLACK
6
CONTINUOUS
10
0.131573031496063
20
0.4471101968503937
11
0.1302059448818898
21
0.4443759842519685
0
LINE
8
BLACK
6
CONTINUOUS
10
0.1302059448818898
20
0.4443759842519685
11
0.1276548818897638
21
0.4426916535433071
0
LINE
8
BLACK
6
CONTINUOUS
10
0.1276548818897638
20
0.4426916535433071
11
0.1246034645669291
21
0.4425085039370079
0
LINE
8
BLACK
6
CONTINUOUS
10
0.1246034645669291
20
0.4425085039370079
11
0.1218692519685039
21
0.4438755905511811
0
LINE
8
BLACK
6
CONTINUOUS
10
0.1218692519685039
20
0.4438755905511811
11
0.1201849606299213
21
0.4464266535433071
0
LINE
8
BLACK
6
CONTINUOUS
10
0.1201849606299213
20
0.4464266535433071
11
0.1159066929133858
21
0.4592614960629921
0
LINE
8
BLACK
6
CONTINUOUS
10
0.1159066929133858
20
0.4592614960629921
11
0.0962980708661417
21
0.4592614960629921
0
LINE
8
BLACK
6
CONTINUOUS
10
0.0962980708661417
20
0.4592614960629921
11
0.0920197637795276
21
0.4464266535433071
0
LINE
8
BLACK
6
CONTINUOUS
10
0.0920197637795276
20
0.4464266535433071
11
0.0903354724409449
21
0.4438756299212598
0
LINE
8
BLACK
6
CONTINUOUS
10
0.0903354724409449
20
0.4438756299212598
11
0.0876012598425197
21
0.4425085039370079
0
LINE
8
BLACK
6
CONTINUOUS
10
0.0876012598425197
20
0.4425085039370079
11
0.084549842519685
21
0.4426916929133858
0
LINE
8
BLACK
6
CONTINUOUS
10
0.084549842519685
20
0.4426916929133858
11
0.0819988188976378
21
0.4443759842519685
0
LINE
8
BLACK
6
CONTINUOUS
10
0.0819988188976378
20
0.4443759842519685
11
0.0806316929133858
21
0.4471101968503937
0
LINE
8
BLACK
6
CONTINUOUS
10
0.0806316929133858
20
0.4471101968503937
11
0.0808148818897638
21
0.4501616141732284
0
LINE
8
BLACK
6
CONTINUOUS
10
0.0808148818897638
20
0.4501616141732284
11
0.1004999212598425
21
0.5092167322834645
0
LINE
8
BLACK
6
CONTINUOUS
10
0.1004999212598425
20
0.5092167322834645
11
0.1011533858267716
21
0.5102064960629921
0
LINE
8
BLACK
6
CONTINUOUS
10
0.1011533858267716
20
0.5102064960629921
11
0.1016838582677165
21
0.5112674015748031
0
LINE
8
BLACK
6
CONTINUOUS
10
0.1016838582677165
20
0.5112674015748031
11
0.101985157480315
21
0.5114663385826772
0
LINE
8
BLACK
6
CONTINUOUS
10
0.101985157480315
20
0.5114663385826772
11
0.1021842125984252
21
0.5117677952755906
0
LINE
8
BLACK
6
CONTINUOUS
10
0.1021842125984252
20
0.5117677952755906
11
0.1032452755905512
21
0.5122983070866142
0
LINE
8
BLACK
6
CONTINUOUS
10
0.1032452755905512
20
0.5122983070866142
11
0.1042348818897638
21
0.5129516929133858
0
LINE
8
BLACK
6
CONTINUOUS
10
0.1042348818897638
20
0.5129516929133858
11
0.1045953149606299
21
0.5129733070866141
0
LINE
8
BLACK
6
CONTINUOUS
10
0.1045953149606299
20
0.5129733070866141
11
0.1049184251968504
21
0.5131348818897637
0
LINE
8
BLACK
6
CONTINUOUS
10
0.1049184251968504
20
0.5131348818897637
11
0.1061024803149606
21
0.513063779527559
0
LINE
8
BLACK
6
CONTINUOUS
10
0.1061024803149606
20
0.513063779527559
11
0.1072862992125984
21
0.5131348818897637
0
LINE
8
BLACK
6
CONTINUOUS
10
0.1072862992125984
20
0.5131348818897637
11
0.1076092913385827
21
0.5129733464566929
0
LINE
8
BLACK
6
CONTINUOUS
10
0.1002350787401575
20
0.4710725196850394
11
0.1119696850393701
21
0.4710725196850394
0
LINE
8
BLACK
6
CONTINUOUS
10
0.1119696850393701
20
0.4710725196850394
11
0.1061023622047244
21
0.4886743700787402
0
LINE
8
BLACK
6
CONTINUOUS
10
0.1061023622047244
20
0.4886743700787402
11
0.1002350787401575
21
0.4710725196850394
0
LINE
8
BLACK
6
CONTINUOUS
10
1.9349735433070865
20
0.5225585039370079
11
1.9371351181102361
21
0.5203969291338583
0
LINE
8
BLACK
6
CONTINUOUS
10
1.9371351181102361
20
0.5203969291338583
11
1.9379262992125983
21
0.5174441732283465
0
LINE
8
BLACK
6
CONTINUOUS
10
1.9379262992125983
20
0.5174441732283465
11
1.9379262992125983
21
0.5149132677165354
0
LINE
8
BLACK
6
CONTINUOUS
10
1.9379262992125983
20
0.5149132677165354
11
1.9517058267716536
21
0.5149132677165354
0
LINE
8
BLACK
6
CONTINUOUS
10
1.9517058267716536
20
0.5149132677165354
11
1.9546585826771654
21
0.5141220866141732
0
LINE
8
BLACK
6
CONTINUOUS
10
1.9546585826771654
20
0.5141220866141732
11
1.956820157480315
21
0.5119605118110236
0
LINE
8
BLACK
6
CONTINUOUS
10
1.956820157480315
20
0.5119605118110236
11
1.9576113385826772
21
0.5090077559055118
0
LINE
8
BLACK
6
CONTINUOUS
10
1.9576113385826772
20
0.5090077559055118
11
1.956820157480315
21
0.506055
0
LINE
8
BLACK
6
CONTINUOUS
10
1.956820157480315
20
0.506055
11
1.9546585826771654
21
0.5038934251968504
0
LINE
8
BLACK
6
CONTINUOUS
10
1.9546585826771654
20
0.5038934251968504
11
1.9517058267716536
21
0.5031022440944882
0
LINE
8
BLACK
6
CONTINUOUS
10
1.9517058267716536
20
0.5031022440944882
11
1.9379262992125983
21
0.5031022440944882
0
LINE
8
BLACK
6
CONTINUOUS
10
1.9379262992125983
20
0.5031022440944882
11
1.9379262992125983
21
0.4808862598425196
0
LINE
8
BLACK
6
CONTINUOUS
10
1.9379262992125983
20
0.4808862598425196
11
1.9376801574803149
21
0.4799677165354331
0
LINE
8
BLACK
6
CONTINUOUS
10
1.9376801574803149
20
0.4799677165354331
11
1.9376232283464567
21
0.4790187795275591
0
LINE
8
BLACK
6
CONTINUOUS
10
1.9376232283464567
20
0.4790187795275591
11
1.9372911417322833
21
0.4785157874015748
0
LINE
8
BLACK
6
CONTINUOUS
10
1.9372911417322833
20
0.4785157874015748
11
1.9371351181102361
21
0.4779335039370078
0
LINE
8
BLACK
6
CONTINUOUS
10
1.9371351181102361
20
0.4779335039370078
11
1.9364626771653544
21
0.477261062992126
0
LINE
8
BLACK
6
CONTINUOUS
10
1.9364626771653544
20
0.477261062992126
11
1.9359388976377951
21
0.4764677559055118
0
LINE
8
BLACK
6
CONTINUOUS
10
1.9359388976377951
20
0.4764677559055118
11
1.9353998031496062
21
0.4761981889763779
0
LINE
8
BLACK
6
CONTINUOUS
10
1.9353998031496062
20
0.4761981889763779
11
1.9349735433070865
21
0.4757719291338582
0
LINE
8
BLACK
6
CONTINUOUS
10
1.9349735433070865
20
0.4757719291338582
11
1.9340551181102361
21
0.4755258267716536
0
LINE
8
BLACK
6
CONTINUOUS
10
1.9340551181102361
20
0.4755258267716536
11
1.9332047244094488
21
0.4751006299212598
0
LINE
8
BLACK
6
CONTINUOUS
10
1.9332047244094488
20
0.4751006299212598
11
1.9326029921259842
21
0.4751367322834645
0
LINE
8
BLACK
6
CONTINUOUS
10
1.9326029921259842
20
0.4751367322834645
11
1.9320207874015747
21
0.474980748031496
0
LINE
8
BLACK
6
CONTINUOUS
10
1.9320207874015747
20
0.474980748031496
11
1.9311023228346456
21
0.475226811023622
0
LINE
8
BLACK
6
CONTINUOUS
10
1.9311023228346456
20
0.475226811023622
11
1.9301532677165354
21
0.4752838188976378
0
LINE
8
BLACK
6
CONTINUOUS
10
1.9301532677165354
20
0.4752838188976378
11
1.8879711023622048
21
0.4893445669291339
0
LINE
8
BLACK
6
CONTINUOUS
10
1.8879711023622048
20
0.4893445669291339
11
1.8854200393700786
21
0.4910288582677165
0
LINE
8
BLACK
6
CONTINUOUS
10
1.8854200393700786
20
0.4910288582677165
11
1.8840529527559056
21
0.4937630708661417
0
LINE
8
BLACK
6
CONTINUOUS
10
1.8840529527559056
20
0.4937630708661417
11
1.8842361417322835
21
0.4968144881889764
0
LINE
8
BLACK
6
CONTINUOUS
10
1.8842361417322835
20
0.4968144881889764
11
1.8859204330708661
21
0.4993655511811024
0
LINE
8
BLACK
6
CONTINUOUS
10
1.8859204330708661
20
0.4993655511811024
11
1.8886546456692912
21
0.5007326377952755
0
LINE
8
BLACK
6
CONTINUOUS
10
1.8886546456692912
20
0.5007326377952755
11
1.8917060629921258
21
0.5005494488188976
0
LINE
8
BLACK
6
CONTINUOUS
10
1.8917060629921258
20
0.5005494488188976
11
1.9261152755905511
21
0.4890797244094488
0
LINE
8
BLACK
6
CONTINUOUS
10
1.9261152755905511
20
0.4890797244094488
11
1.9261152755905511
21
0.5031022440944882
0
LINE
8
BLACK
6
CONTINUOUS
10
1.9261152755905511
20
0.5031022440944882
11
1.912335748031496
21
0.5031022440944882
0
LINE
8
BLACK
6
CONTINUOUS
10
1.912335748031496
20
0.5031022440944882
11
1.9093829921259842
21
0.5038934251968504
0
LINE
8
BLACK
6
CONTINUOUS
10
1.9093829921259842
20
0.5038934251968504
11
1.9072214173228346
21
0.506055
0
LINE
8
BLACK
6
CONTINUOUS
10
1.9072214173228346
20
0.506055
11
1.9064302362204724
21
0.5090077559055118
0
LINE
8
BLACK
6
CONTINUOUS
10
1.9064302362204724
20
0.5090077559055118
11
1.9072214173228346
21
0.5119605118110236
0
LINE
8
BLACK
6
CONTINUOUS
10
1.9072214173228346
20
0.5119605118110236
11
1.9093829921259842
21
0.5141220866141732
0
LINE
8
BLACK
6
CONTINUOUS
10
1.9093829921259842
20
0.5141220866141732
11
1.912335748031496
21
0.5149132677165354
0
LINE
8
BLACK
6
CONTINUOUS
10
1.912335748031496
20
0.5149132677165354
11
1.9261152755905511
21
0.5149132677165354
0
LINE
8
BLACK
6
CONTINUOUS
10
1.9261152755905511
20
0.5149132677165354
11
1.9261152755905511
21
0.5174441732283465
0
LINE
8
BLACK
6
CONTINUOUS
10
1.9261152755905511
20
0.5174441732283465
11
1.9269064566929133
21
0.5203969291338583
0
LINE
8
BLACK
6
CONTINUOUS
10
1.9269064566929133
20
0.5203969291338583
11
1.9290680314960629
21
0.5225585039370079
0
LINE
8
BLACK
6
CONTINUOUS
10
1.9290680314960629
20
0.5225585039370079
11
1.9320207874015747
21
0.5233496850393701
0
LINE
8
BLACK
6
CONTINUOUS
10
1.9320207874015747
20
0.5233496850393701
11
1.9349735433070865
21
0.5225585039370079
0
LINE
8
BLACK
6
CONTINUOUS
10
0.636527559055118
20
0.6428818897637795
11
0.6471135433070866
21
0.642188031496063
0
LINE
8
BLACK
6
CONTINUOUS
10
0.6471135433070866
20
0.642188031496063
11
0.6575183858267717
21
0.6401183858267716
0
LINE
8
BLACK
6
CONTINUOUS
10
0.6575183858267717
20
0.6401183858267716
11
0.667564094488189
21
0.6367083464566929
0
LINE
8
BLACK
6
CONTINUOUS
10
0.667564094488189
20
0.6367083464566929
11
0.6770787401574803
21
0.6320162204724409
0
LINE
8
BLACK
6
CONTINUOUS
10
0.6770787401574803
20
0.6320162204724409
11
0.6858995669291339
21
0.6261223622047244
0
LINE
8
BLACK
6
CONTINUOUS
10
0.6858995669291339
20
0.6261223622047244
11
0.6938755905511811
21
0.6191275590551181
0
LINE
8
BLACK
6
CONTINUOUS
10
0.6938755905511811
20
0.6191275590551181
11
0.7008703937007874
21
0.6111515354330709
0
LINE
8
BLACK
6
CONTINUOUS
10
0.7008703937007874
20
0.6111515354330709
11
0.7067642519685039
21
0.6023307086614174
0
LINE
8
BLACK
6
CONTINUOUS
10
0.7067642519685039
20
0.6023307086614174
11
0.7114563779527558
21
0.592816062992126
0
LINE
8
BLACK
6
CONTINUOUS
10
0.7114563779527558
20
0.592816062992126
11
0.7148664173228346
21
0.5827703543307087
0
LINE
8
BLACK
6
CONTINUOUS
10
0.7148664173228346
20
0.5827703543307087
11
0.716936062992126
21
0.5723655118110236
0
LINE
8
BLACK
6
CONTINUOUS
10
0.716936062992126
20
0.5723655118110236
11
0.7176299212598425
21
0.5617795275590551
0
LINE
8
BLACK
6
CONTINUOUS
10
0.7176299212598425
20
0.5617795275590551
11
0.717178779527559
21
0.5603910629921259
0
LINE
8
BLACK
6
CONTINUOUS
10
0.717178779527559
20
0.5603910629921259
11
0.7159976771653543
21
0.5595329527559055
0
LINE
8
BLACK
6
CONTINUOUS
10
0.7159976771653543
20
0.5595329527559055
11
0.7145377559055118
21
0.5595329527559055
0
LINE
8
BLACK
6
CONTINUOUS
10
0.7145377559055118
20
0.5595329527559055
11
0.713356653543307
21
0.5603910629921259
0
LINE
8
BLACK
6
CONTINUOUS
10
0.713356653543307
20
0.5603910629921259
11
0.7129055118110236
21
0.5617795275590551
0
LINE
8
BLACK
6
CONTINUOUS
10
0.7129055118110236
20
0.5617795275590551
11
0.7129055118110236
21
0.5667855905511811
0
LINE
8
BLACK
6
CONTINUOUS
10
0.7129055118110236
20
0.5667855905511811
11
0.7115986614173229
21
0.5767120866141732
0
LINE
8
BLACK
6
CONTINUOUS
10
0.7115986614173229
20
0.5767120866141732
11
0.7090073622047244
21
0.5863831102362205
0
LINE
8
BLACK
6
CONTINUOUS
10
0.7090073622047244
20
0.5863831102362205
11
0.7051758661417322
21
0.5956331102362205
0
LINE
8
BLACK
6
CONTINUOUS
10
0.7051758661417322
20
0.5956331102362205
11
0.7001697637795276
21
0.6043038976377952
0
LINE
8
BLACK
6
CONTINUOUS
10
0.7001697637795276
20
0.6043038976377952
11
0.6940747637795276
21
0.6122470866141733
0
LINE
8
BLACK
6
CONTINUOUS
10
0.6940747637795276
20
0.6122470866141733
11
0.6869951181102362
21
0.6193267322834646
0
LINE
8
BLACK
6
CONTINUOUS
10
0.6869951181102362
20
0.6193267322834646
11
0.6790519291338583
21
0.6254217322834645
0
LINE
8
BLACK
6
CONTINUOUS
10
0.6790519291338583
20
0.6254217322834645
11
0.6703811417322835
21
0.6304278346456693
0
LINE
8
BLACK
6
CONTINUOUS
10
0.6703811417322835
20
0.6304278346456693
11
0.6611311417322835
21
0.6342593307086614
0
LINE
8
BLACK
6
CONTINUOUS
10
0.6611311417322835
20
0.6342593307086614
11
0.6514601181102362
21
0.6368506299212598
0
LINE
8
BLACK
6
CONTINUOUS
10
0.6514601181102362
20
0.6368506299212598
11
0.6415336220472441
21
0.6381574803149607
0
LINE
8
BLACK
6
CONTINUOUS
10
0.6415336220472441
20
0.6381574803149607
11
0.636527559055118
21
0.6381574803149607
0
LINE
8
BLACK
6
CONTINUOUS
10
0.636527559055118
20
0.6381574803149607
11
0.2428267716535433
21
0.6381574803149607
0
LINE
8
BLACK
6
CONTINUOUS
10
0.2428267716535433
20
0.6381574803149607
11
0.2378207086614173
21
0.6381574803149607
0
LINE
8
BLACK
6
CONTINUOUS
10
0.2378207086614173
20
0.6381574803149607
11
0.2278942125984252
21
0.6368506299212598
0
LINE
8
BLACK
6
CONTINUOUS
10
0.2278942125984252
20
0.6368506299212598
11
0.2182231889763779
21
0.6342593307086614
0
LINE
8
BLACK
6
CONTINUOUS
10
0.2182231889763779
20
0.6342593307086614
11
0.208973188976378
21
0.6304278346456693
0
LINE
8
BLACK
6
CONTINUOUS
10
0.208973188976378
20
0.6304278346456693
11
0.2003024015748031
21
0.6254217322834645
0
LINE
8
BLACK
6
CONTINUOUS
10
0.2003024015748031
20
0.6254217322834645
11
0.1923592125984252
21
0.6193267322834646
0
LINE
8
BLACK
6
CONTINUOUS
10
0.1923592125984252
20
0.6193267322834646
11
0.1852795669291339
21
0.6122470866141733
0
LINE
8
BLACK
6
CONTINUOUS
10
0.1852795669291339
20
0.6122470866141733
11
0.1791845669291338
21
0.6043038976377952
0
LINE
8
BLACK
6
CONTINUOUS
10
0.1791845669291338
20
0.6043038976377952
11
0.1741784645669291
21
0.5956331102362205
0
LINE
8
BLACK
6
CONTINUOUS
10
0.1741784645669291
20
0.5956331102362205
11
0.170346968503937
21
0.5863831102362205
0
LINE
8
BLACK
6
CONTINUOUS
10
0.170346968503937
20
0.5863831102362205
11
0.1677556692913386
21
0.5767120866141732
0
LINE
8
BLACK
6
CONTINUOUS
10
0.1677556692913386
20
0.5767120866141732
11
0.1664488188976378
21
0.5667855905511811
0
LINE
8
BLACK
6
CONTINUOUS
10
0.1664488188976378
20
0.5667855905511811
11
0.1664488188976378
21
0.5617795275590551
0
LINE
8
BLACK
6
CONTINUOUS
10
0.1664488188976378
20
0.5617795275590551
11
0.1659976771653543
21
0.5603910629921259
0
LINE
8
BLACK
6
CONTINUOUS
10
0.1659976771653543
20
0.5603910629921259
11
0.1658202755905512
21
0.5602621653543307
0
LINE
8
BLACK
6
CONTINUOUS
10
0.1658202755905512
20
0.5602621653543307
11
0.1657569291338583
21
0.5601092125984252
0
LINE
8
BLACK
6
CONTINUOUS
10
0.1657569291338583
20
0.5601092125984252
11
0.1654144881889764
21
0.5599673622047244
0
LINE
8
BLACK
6
CONTINUOUS
10
0.1654144881889764
20
0.5599673622047244
11
0.1648165748031496
21
0.5595329527559055
0
LINE
8
BLACK
6
CONTINUOUS
10
0.1648165748031496
20
0.5595329527559055
11
0.1643657480314961
21
0.5595329527559055
0
LINE
8
BLACK
6
CONTINUOUS
10
0.1643657480314961
20
0.5595329527559055
11
0.1640866141732283
21
0.5594173228346456
0
LINE
8
BLACK
6
CONTINUOUS
10
0.1640866141732283
20
0.5594173228346456
11
0.0459763779527559
21
0.5594173228346456
0
LINE
8
BLACK
6
CONTINUOUS
10
0.0459763779527559
20
0.5594173228346456
11
0.044306062992126
21
0.5601092125984252
0
LINE
8
BLACK
6
CONTINUOUS
10
0.044306062992126
20
0.5601092125984252
11
0.0436141732283465
21
0.5617795275590551
0
LINE
8
BLACK
6
CONTINUOUS
10
0.0436141732283465
20
0.5617795275590551
11
0.044306062992126
21
0.563449842519685
0
LINE
8
BLACK
6
CONTINUOUS
10
0.044306062992126
20
0.563449842519685
11
0.0459763779527559
21
0.5641417322834645
0
LINE
8
BLACK
6
CONTINUOUS
10
0.0459763779527559
20
0.5641417322834645
11
0.1618792519685039
21
0.5641417322834645
0
LINE
8
BLACK
6
CONTINUOUS
10
0.1618792519685039
20
0.5641417322834645
11
0.1624182677165354
21
0.5723655118110236
0
LINE
8
BLACK
6
CONTINUOUS
10
0.1624182677165354
20
0.5723655118110236
11
0.1644879133858268
21
0.5827703543307087
0
LINE
8
BLACK
6
CONTINUOUS
10
0.1644879133858268
20
0.5827703543307087
11
0.1678979527559055
21
0.592816062992126
0
LINE
8
BLACK
6
CONTINUOUS
10
0.1678979527559055
20
0.592816062992126
11
0.1725900787401575
21
0.6023307086614174
0
LINE
8
BLACK
6
CONTINUOUS
10
0.1725900787401575
20
0.6023307086614174
11
0.178483937007874
21
0.6111515354330709
0
LINE
8
BLACK
6
CONTINUOUS
10
0.178483937007874
20
0.6111515354330709
11
0.1854787401574803
21
0.6191275590551181
0
LINE
8
BLACK
6
CONTINUOUS
10
0.1854787401574803
20
0.6191275590551181
11
0.1934547637795276
21
0.6261223622047244
0
LINE
8
BLACK
6
CONTINUOUS
10
0.1934547637795276
20
0.6261223622047244
11
0.2022755905511811
21
0.6320162204724409
0
LINE
8
BLACK
6
CONTINUOUS
10
0.2022755905511811
20
0.6320162204724409
11
0.2117902362204724
21
0.6367083464566929
0
LINE
8
BLACK
6
CONTINUOUS
10
0.2117902362204724
20
0.6367083464566929
11
0.2218359448818898
21
0.6401183858267716
0
LINE
8
BLACK
6
CONTINUOUS
10
0.2218359448818898
20
0.6401183858267716
11
0.2322407874015748
21
0.642188031496063
0
LINE
8
BLACK
6
CONTINUOUS
10
0.2322407874015748
20
0.642188031496063
11
0.2428267716535433
21
0.6428818897637795
0
LINE
8
BLACK
6
CONTINUOUS
10
0.2428267716535433
20
0.6428818897637795
11
0.636527559055118
21
0.6428818897637795
0
LINE
8
BLACK
6
CONTINUOUS
10
0.1657569291338583
20
0.9571506299212598
11
0.1664488188976378
21
0.9554803149606299
0
LINE
8
BLACK
6
CONTINUOUS
10
0.1664488188976378
20
0.9554803149606299
11
0.1664488188976378
21
0.6405196850393701
0
LINE
8
BLACK
6
CONTINUOUS
10
0.1664488188976378
20
0.6405196850393701
11
0.1657569291338583
21
0.6388493700787401
0
LINE
8
BLACK
6
CONTINUOUS
10
0.1657569291338583
20
0.6388493700787401
11
0.1640866141732283
21
0.6381574803149607
0
LINE
8
BLACK
6
CONTINUOUS
10
0.1640866141732283
20
0.6381574803149607
11
0.1624162992125984
21
0.6388493700787401
0
LINE
8
BLACK
6
CONTINUOUS
10
0.1624162992125984
20
0.6388493700787401
11
0.1617244094488189
21
0.6405196850393701
0
LINE
8
BLACK
6
CONTINUOUS
10
0.1617244094488189
20
0.6405196850393701
11
0.1617244094488189
21
0.9554803149606299
0
LINE
8
BLACK
6
CONTINUOUS
10
0.1617244094488189
20
0.9554803149606299
11
0.1624162992125984
21
0.9571506299212598
0
LINE
8
BLACK
6
CONTINUOUS
10
0.1624162992125984
20
0.9571506299212598
11
0.1640866141732283
21
0.9578425196850393
0
LINE
8
BLACK
6
CONTINUOUS
10
0.1640866141732283
20
0.9578425196850393
11
0.1657569291338583
21
0.9571506299212598
0
LINE
8
BLACK
6
CONTINUOUS
10
0.2051270078740157
20
0.9177805511811024
11
0.2058188976377953
21
0.9161102362204724
0
LINE
8
BLACK
6
CONTINUOUS
10
0.2058188976377953
20
0.9161102362204724
11
0.2058188976377953
21
0.6798897637795276
0
LINE
8
BLACK
6
CONTINUOUS
10
0.2058188976377953
20
0.6798897637795276
11
0.2051270078740157
21
0.6782194488188976
0
LINE
8
BLACK
6
CONTINUOUS
10
0.2051270078740157
20
0.6782194488188976
11
0.2034566929133858
21
0.6775275590551181
0
LINE
8
BLACK
6
CONTINUOUS
10
0.2034566929133858
20
0.6775275590551181
11
0.2017863779527559
21
0.6782194488188976
0
LINE
8
BLACK
6
CONTINUOUS
10
0.2017863779527559
20
0.6782194488188976
11
0.2010944881889764
21
0.6798897637795276
0
LINE
8
BLACK
6
CONTINUOUS
10
0.2010944881889764
20
0.6798897637795276
11
0.2010944881889764
21
0.9161102362204724
0
LINE
8
BLACK
6
CONTINUOUS
10
0.2010944881889764
20
0.9161102362204724
11
0.2017863779527559
21
0.9177805511811024
0
LINE
8
BLACK
6
CONTINUOUS
10
0.2017863779527559
20
0.9177805511811024
11
0.2034566929133858
21
0.9184724409448819
0
LINE
8
BLACK
6
CONTINUOUS
10
0.2034566929133858
20
0.9184724409448819
11
0.2051270078740157
21
0.9177805511811024
0
LINE
8
BLACK
6
CONTINUOUS
10
0.2444970866141732
20
0.8784104724409448
11
0.2451889763779528
21
0.876740157480315
0
LINE
8
BLACK
6
CONTINUOUS
10
0.2451889763779528
20
0.876740157480315
11
0.2451889763779528
21
0.719259842519685
0
LINE
8
BLACK
6
CONTINUOUS
10
0.2451889763779528
20
0.719259842519685
11
0.2444970866141732
21
0.7175895275590551
0
LINE
8
BLACK
6
CONTINUOUS
10
0.2444970866141732
20
0.7175895275590551
11
0.2428267716535433
21
0.7168976377952756
0
LINE
8
BLACK
6
CONTINUOUS
10
0.2428267716535433
20
0.7168976377952756
11
0.2411564566929134
21
0.7175895275590551
0
LINE
8
BLACK
6
CONTINUOUS
10
0.2411564566929134
20
0.7175895275590551
11
0.2404645669291338
21
0.719259842519685
0
LINE
8
BLACK
6
CONTINUOUS
10
0.2404645669291338
20
0.719259842519685
11
0.2404645669291338
21
0.876740157480315
0
LINE
8
BLACK
6
CONTINUOUS
10
0.2404645669291338
20
0.876740157480315
11
0.2411564566929134
21
0.8784104724409448
0
LINE
8
BLACK
6
CONTINUOUS
10
0.2411564566929134
20
0.8784104724409448
11
0.2428267716535433
21
0.8791023622047244
0
LINE
8
BLACK
6
CONTINUOUS
10
0.2428267716535433
20
0.8791023622047244
11
0.2444970866141732
21
0.8784104724409448
0
LINE
8
BLACK
6
CONTINUOUS
10
0.3500185433070866
20
0.7880086614173228
11
0.3509675984251969
21
0.7879516929133858
0
LINE
8
BLACK
6
CONTINUOUS
10
0.3509675984251969
20
0.7879516929133858
11
0.3594040551181102
21
0.7851395669291339
0
LINE
8
BLACK
6
CONTINUOUS
10
0.3594040551181102
20
0.7851395669291339
11
0.3619550787401575
21
0.7834552362204724
0
LINE
8
BLACK
6
CONTINUOUS
10
0.3619550787401575
20
0.7834552362204724
11
0.3633222047244095
21
0.7807210236220472
0
LINE
8
BLACK
6
CONTINUOUS
10
0.3633222047244095
20
0.7807210236220472
11
0.3631390157480315
21
0.7776696062992126
0
LINE
8
BLACK
6
CONTINUOUS
10
0.3631390157480315
20
0.7776696062992126
11
0.3614546850393701
21
0.7751185433070866
0
LINE
8
BLACK
6
CONTINUOUS
10
0.3614546850393701
20
0.7751185433070866
11
0.3587204724409448
21
0.7737514566929133
0
LINE
8
BLACK
6
CONTINUOUS
10
0.3587204724409448
20
0.7737514566929133
11
0.3556690551181103
21
0.7739346456692913
0
LINE
8
BLACK
6
CONTINUOUS
10
0.3556690551181103
20
0.7739346456692913
11
0.3481418503937008
21
0.7764437401574803
0
LINE
8
BLACK
6
CONTINUOUS
10
0.3481418503937008
20
0.7764437401574803
11
0.3364334645669291
21
0.7764437401574803
0
LINE
8
BLACK
6
CONTINUOUS
10
0.3364334645669291
20
0.7764437401574803
11
0.3329132283464567
21
0.7746835826771653
0
LINE
8
BLACK
6
CONTINUOUS
10
0.3329132283464567
20
0.7746835826771653
11
0.3314563385826771
21
0.7732266929133859
0
LINE
8
BLACK
6
CONTINUOUS
10
0.3314563385826771
20
0.7732266929133859
11
0.3296962992125984
21
0.7697065748031496
0
LINE
8
BLACK
6
CONTINUOUS
10
0.3296962992125984
20
0.7697065748031496
11
0.3296962992125984
21
0.7668704330708661
0
LINE
8
BLACK
6
CONTINUOUS
10
0.3296962992125984
20
0.7668704330708661
11
0.3314563779527559
21
0.7633501968503937
0
LINE
8
BLACK
6
CONTINUOUS
10
0.3314563779527559
20
0.7633501968503937
11
0.3329132283464567
21
0.7618933858267717
0
LINE
8
BLACK
6
CONTINUOUS
10
0.3329132283464567
20
0.7618933858267717
11
0.3371006299212598
21
0.75979968503937
0
LINE
8
BLACK
6
CONTINUOUS
10
0.3371006299212598
20
0.75979968503937
11
0.3477202362204724
21
0.7571448031496063
0
LINE
8
BLACK
6
CONTINUOUS
10
0.3477202362204724
20
0.7571448031496063
11
0.3482901968503937
21
0.7568283858267716
0
LINE
8
BLACK
6
CONTINUOUS
10
0.3482901968503937
20
0.7568283858267716
11
0.3489289763779527
21
0.7566976771653543
0
LINE
8
BLACK
6
CONTINUOUS
10
0.3489289763779527
20
0.7566976771653543
11
0.3545533070866141
21
0.7538855118110236
0
LINE
8
BLACK
6
CONTINUOUS
10
0.3545533070866141
20
0.7538855118110236
11
0.3552646850393701
21
0.7532546456692913
0
LINE
8
BLACK
6
CONTINUOUS
10
0.3552646850393701
20
0.7532546456692913
11
0.3560881102362204
21
0.7527792913385827
0
LINE
8
BLACK
6
CONTINUOUS
10
0.3560881102362204
20
0.7527792913385827
11
0.3589002362204725
21
0.7499671653543307
0
LINE
8
BLACK
6
CONTINUOUS
10
0.3589002362204725
20
0.7499671653543307
11
0.3593755905511811
21
0.7491437401574803
0
LINE
8
BLACK
6
CONTINUOUS
10
0.3593755905511811
20
0.7491437401574803
11
0.3600064566929134
21
0.7484323622047244
0
LINE
8
BLACK
6
CONTINUOUS
10
0.3600064566929134
20
0.7484323622047244
11
0.3628186220472441
21
0.742808031496063
0
LINE
8
BLACK
6
CONTINUOUS
10
0.3628186220472441
20
0.742808031496063
11
0.363090748031496
21
0.7414780708661417
0
LINE
8
BLACK
6
CONTINUOUS
10
0.363090748031496
20
0.7414780708661417
11
0.3634420866141732
21
0.7401670078740157
0
LINE
8
BLACK
6
CONTINUOUS
10
0.3634420866141732
20
0.7401670078740157
11
0.3634420866141732
21
0.734542716535433
0
LINE
8
BLACK
6
CONTINUOUS
10
0.3634420866141732
20
0.734542716535433
11
0.3630907874015748
21
0.7332316535433071
0
LINE
8
BLACK
6
CONTINUOUS
10
0.3630907874015748
20
0.7332316535433071
11
0.3628186220472441
21
0.7319016535433071
0
LINE
8
BLACK
6
CONTINUOUS
10
0.3628186220472441
20
0.7319016535433071
11
0.3600064566929134
21
0.7262774015748031
0
LINE
8
BLACK
6
CONTINUOUS
10
0.3600064566929134
20
0.7262774015748031
11
0.3593756299212598
21
0.7255660236220473
0
LINE
8
BLACK
6
CONTINUOUS
10
0.3593756299212598
20
0.7255660236220473
11
0.3589002362204725
21
0.7247425984251968
0
LINE
8
BLACK
6
CONTINUOUS
10
0.3589002362204725
20
0.7247425984251968
11
0.3560881102362204
21
0.7219304724409449
0
LINE
8
BLACK
6
CONTINUOUS
10
0.3560881102362204
20
0.7219304724409449
11
0.3552646850393701
21
0.7214550787401575
0
LINE
8
BLACK
6
CONTINUOUS
10
0.3552646850393701
20
0.7214550787401575
11
0.3545533070866141
21
0.720824251968504
0
LINE
8
BLACK
6
CONTINUOUS
10
0.3545533070866141
20
0.720824251968504
11
0.3489289763779527
21
0.7180120866141733
0
LINE
8
BLACK
6
CONTINUOUS
10
0.3489289763779527
20
0.7180120866141733
11
0.3475990157480315
21
0.7177399212598425
0
LINE
8
BLACK
6
CONTINUOUS
10
0.3475990157480315
20
0.7177399212598425
11
0.3462879527559055
21
0.7173886220472441
0
LINE
8
BLACK
6
CONTINUOUS
10
0.3462879527559055
20
0.7173886220472441
11
0.3322272440944882
21
0.7173886220472441
0
LINE
8
BLACK
6
CONTINUOUS
10
0.3322272440944882
20
0.7173886220472441
11
0.331308779527559
21
0.7176346850393701
0
LINE
8
BLACK
6
CONTINUOUS
10
0.331308779527559
20
0.7176346850393701
11
0.3303597244094488
21
0.7176916929133859
0
LINE
8
BLACK
6
CONTINUOUS
10
0.3303597244094488
20
0.7176916929133859
11
0.3219233070866142
21
0.7205038582677166
0
LINE
8
BLACK
6
CONTINUOUS
10
0.3219233070866142
20
0.7205038582677166
11
0.3193722440944882
21
0.7221881496062992
0
LINE
8
BLACK
6
CONTINUOUS
10
0.3193722440944882
20
0.7221881496062992
11
0.3180051574803149
21
0.7249223622047244
0
LINE
8
BLACK
6
CONTINUOUS
10
0.3180051574803149
20
0.7249223622047244
11
0.3181883464566929
21
0.727973779527559
0
LINE
8
BLACK
6
CONTINUOUS
10
0.3181883464566929
20
0.727973779527559
11
0.3198726377952756
21
0.730524842519685
0
LINE
8
BLACK
6
CONTINUOUS
10
0.3198726377952756
20
0.730524842519685
11
0.3226068503937008
21
0.7318919291338583
0
LINE
8
BLACK
6
CONTINUOUS
10
0.3226068503937008
20
0.7318919291338583
11
0.3256582677165354
21
0.7317087401574803
0
LINE
8
BLACK
6
CONTINUOUS
10
0.3256582677165354
20
0.7317087401574803
11
0.3331856299212598
21
0.7291996456692913
0
LINE
8
BLACK
6
CONTINUOUS
10
0.3331856299212598
20
0.7291996456692913
11
0.3448938582677165
21
0.7291996456692913
0
LINE
8
BLACK
6
CONTINUOUS
10
0.3448938582677165
20
0.7291996456692913
11
0.3484140944881889
21
0.7309597637795275
0
LINE
8
BLACK
6
CONTINUOUS
10
0.3484140944881889
20
0.7309597637795275
11
0.3498709448818897
21
0.7324166141732283
0
LINE
8
BLACK
6
CONTINUOUS
10
0.3498709448818897
20
0.7324166141732283
11
0.351631062992126
21
0.7359368110236221
0
LINE
8
BLACK
6
CONTINUOUS
10
0.351631062992126
20
0.7359368110236221
11
0.351631062992126
21
0.7387729133858267
0
LINE
8
BLACK
6
CONTINUOUS
10
0.351631062992126
20
0.7387729133858267
11
0.3498709448818897
21
0.7422931496062992
0
LINE
8
BLACK
6
CONTINUOUS
10
0.3498709448818897
20
0.7422931496062992
11
0.3484140944881889
21
0.74375
0
LINE
8
BLACK
6
CONTINUOUS
10
0.3484140944881889
20
0.74375
11
0.3442266929133858
21
0.7458436614173228
0
LINE
8
BLACK
6
CONTINUOUS
10
0.3442266929133858
20
0.7458436614173228
11
0.3336070866141732
21
0.7484985826771653
0
LINE
8
BLACK
6
CONTINUOUS
10
0.3336070866141732
20
0.7484985826771653
11
0.3330371259842519
21
0.7488149606299213
0
LINE
8
BLACK
6
CONTINUOUS
10
0.3330371259842519
20
0.7488149606299213
11
0.3323983070866142
21
0.7489457086614173
0
LINE
8
BLACK
6
CONTINUOUS
10
0.3323983070866142
20
0.7489457086614173
11
0.3267740551181103
21
0.751757874015748
0
LINE
8
BLACK
6
CONTINUOUS
10
0.3267740551181103
20
0.751757874015748
11
0.3260626771653543
21
0.7523886614173229
0
LINE
8
BLACK
6
CONTINUOUS
10
0.3260626771653543
20
0.7523886614173229
11
0.3252392913385826
21
0.7528640551181102
0
LINE
8
BLACK
6
CONTINUOUS
10
0.3252392913385826
20
0.7528640551181102
11
0.3224271259842519
21
0.7556761811023622
0
LINE
8
BLACK
6
CONTINUOUS
10
0.3224271259842519
20
0.7556761811023622
11
0.3219516929133858
21
0.7564996062992125
0
LINE
8
BLACK
6
CONTINUOUS
10
0.3219516929133858
20
0.7564996062992125
11
0.3213208661417323
21
0.7572110236220472
0
LINE
8
BLACK
6
CONTINUOUS
10
0.3213208661417323
20
0.7572110236220472
11
0.3185087401574803
21
0.7628353937007873
0
LINE
8
BLACK
6
CONTINUOUS
10
0.3185087401574803
20
0.7628353937007873
11
0.3182366141732283
21
0.7641651181102362
0
LINE
8
BLACK
6
CONTINUOUS
10
0.3182366141732283
20
0.7641651181102362
11
0.3178852755905512
21
0.7654763779527559
0
LINE
8
BLACK
6
CONTINUOUS
10
0.3178852755905512
20
0.7654763779527559
11
0.3178852755905512
21
0.7711006692913386
0
LINE
8
BLACK
6
CONTINUOUS
10
0.3178852755905512
20
0.7711006692913386
11
0.3182365748031496
21
0.772411811023622
0
LINE
8
BLACK
6
CONTINUOUS
10
0.3182365748031496
20
0.772411811023622
11
0.3185087401574803
21
0.7737416929133858
0
LINE
8
BLACK
6
CONTINUOUS
10
0.3185087401574803
20
0.7737416929133858
11
0.3213208661417323
21
0.7793659842519685
0
LINE
8
BLACK
6
CONTINUOUS
10
0.3213208661417323
20
0.7793659842519685
11
0.3219516929133858
21
0.7800773622047243
0
LINE
8
BLACK
6
CONTINUOUS
10
0.3219516929133858
20
0.7800773622047243
11
0.3224271259842519
21
0.7809008267716535
0
LINE
8
BLACK
6
CONTINUOUS
10
0.3224271259842519
20
0.7809008267716535
11
0.3252392913385826
21
0.7837129527559055
0
LINE
8
BLACK
6
CONTINUOUS
10
0.3252392913385826
20
0.7837129527559055
11
0.3260626771653543
21
0.7841883070866141
0
LINE
8
BLACK
6
CONTINUOUS
10
0.3260626771653543
20
0.7841883070866141
11
0.3267740551181103
21
0.7848191338582677
0
LINE
8
BLACK
6
CONTINUOUS
10
0.3267740551181103
20
0.7848191338582677
11
0.3323983070866142
21
0.7876312992125984
0
LINE
8
BLACK
6
CONTINUOUS
10
0.3323983070866142
20
0.7876312992125984
11
0.3337283070866142
21
0.7879034645669292
0
LINE
8
BLACK
6
CONTINUOUS
10
0.3337283070866142
20
0.7879034645669292
11
0.3350393700787401
21
0.7882547637795275
0
LINE
8
BLACK
6
CONTINUOUS
10
0.3350393700787401
20
0.7882547637795275
11
0.3491001181102362
21
0.7882547637795275
0
LINE
8
BLACK
6
CONTINUOUS
10
0.3491001181102362
20
0.7882547637795275
11
0.3500185433070866
21
0.7880086614173228
0
LINE
8
BLACK
6
CONTINUOUS
10
0.3857986220472441
20
0.7874635826771653
11
0.3879601968503937
21
0.7853020078740157
0
LINE
8
BLACK
6
CONTINUOUS
10
0.3879601968503937
20
0.7853020078740157
11
0.3887513779527559
21
0.7823492519685039
0
LINE
8
BLACK
6
CONTINUOUS
10
0.3887513779527559
20
0.7823492519685039
11
0.3887513779527559
21
0.7232941338582677
0
LINE
8
BLACK
6
CONTINUOUS
10
0.3887513779527559
20
0.7232941338582677
11
0.3879601968503937
21
0.7203413779527559
0
LINE
8
BLACK
6
CONTINUOUS
10
0.3879601968503937
20
0.7203413779527559
11
0.3857986220472441
21
0.7181798031496063
0
LINE
8
BLACK
6
CONTINUOUS
10
0.3857986220472441
20
0.7181798031496063
11
0.3828458661417323
21
0.7173886220472441
0
LINE
8
BLACK
6
CONTINUOUS
10
0.3828458661417323
20
0.7173886220472441
11
0.3798931102362205
21
0.7181798031496063
0
LINE
8
BLACK
6
CONTINUOUS
10
0.3798931102362205
20
0.7181798031496063
11
0.3777315354330709
21
0.7203413779527559
0
LINE
8
BLACK
6
CONTINUOUS
10
0.3777315354330709
20
0.7203413779527559
11
0.3769403543307087
21
0.7232941338582677
0
LINE
8
BLACK
6
CONTINUOUS
10
0.3769403543307087
20
0.7232941338582677
11
0.3769403543307087
21
0.7823492519685039
0
LINE
8
BLACK
6
CONTINUOUS
10
0.3769403543307087
20
0.7823492519685039
11
0.3777315354330709
21
0.7853020078740157
0
LINE
8
BLACK
6
CONTINUOUS
10
0.3777315354330709
20
0.7853020078740157
11
0.3798931102362205
21
0.7874635826771653
0
LINE
8
BLACK
6
CONTINUOUS
10
0.3798931102362205
20
0.7874635826771653
11
0.3828458661417323
21
0.7882547637795275
0
LINE
8
BLACK
6
CONTINUOUS
10
0.3828458661417323
20
0.7882547637795275
11
0.3857986220472441
21
0.7874635826771653
0
LINE
8
BLACK
6
CONTINUOUS
10
0.4347756299212598
20
0.7879034251968504
11
0.4361055905511811
21
0.7876312992125984
0
LINE
8
BLACK
6
CONTINUOUS
10
0.4361055905511811
20
0.7876312992125984
11
0.4417298818897638
21
0.7848191338582677
0
LINE
8
BLACK
6
CONTINUOUS
10
0.4417298818897638
20
0.7848191338582677
11
0.4424412204724409
21
0.7841883070866141
0
LINE
8
BLACK
6
CONTINUOUS
10
0.4424412204724409
20
0.7841883070866141
11
0.4432646456692913
21
0.7837129527559055
0
LINE
8
BLACK
6
CONTINUOUS
10
0.4432646456692913
20
0.7837129527559055
11
0.446076811023622
21
0.7809008267716535
0
LINE
8
BLACK
6
CONTINUOUS
10
0.446076811023622
20
0.7809008267716535
11
0.4465522047244094
21
0.7800773622047243
0
LINE
8
BLACK
6
CONTINUOUS
10
0.4465522047244094
20
0.7800773622047243
11
0.4471830708661417
21
0.7793659842519685
0
LINE
8
BLACK
6
CONTINUOUS
10
0.4471830708661417
20
0.7793659842519685
11
0.4499951968503937
21
0.773741653543307
0
LINE
8
BLACK
6
CONTINUOUS
10
0.4499951968503937
20
0.773741653543307
11
0.4502672834645669
21
0.7724118897637795
0
LINE
8
BLACK
6
CONTINUOUS
10
0.4502672834645669
20
0.7724118897637795
11
0.4506186614173228
21
0.7711006692913386
0
LINE
8
BLACK
6
CONTINUOUS
10
0.4506186614173228
20
0.7711006692913386
11
0.4506186614173228
21
0.7626642125984252
0
LINE
8
BLACK
6
CONTINUOUS
10
0.4506186614173228
20
0.7626642125984252
11
0.4502672834645669
21
0.7613529527559055
0
LINE
8
BLACK
6
CONTINUOUS
10
0.4502672834645669
20
0.7613529527559055
11
0.4499951968503937
21
0.7600232283464566
0
LINE
8
BLACK
6
CONTINUOUS
10
0.4499951968503937
20
0.7600232283464566
11
0.4471830708661417
21
0.7543988976377952
0
LINE
8
BLACK
6
CONTINUOUS
10
0.4471830708661417
20
0.7543988976377952
11
0.4465522047244094
21
0.7536874803149606
0
LINE
8
BLACK
6
CONTINUOUS
10
0.4465522047244094
20
0.7536874803149606
11
0.4460768503937008
21
0.7528640944881889
0
LINE
8
BLACK
6
CONTINUOUS
10
0.4460768503937008
20
0.7528640944881889
11
0.4432646850393701
21
0.7500519291338582
0
LINE
8
BLACK
6
CONTINUOUS
10
0.4432646850393701
20
0.7500519291338582
11
0.4424412598425197
21
0.7495765354330709
0
LINE
8
BLACK
6
CONTINUOUS
10
0.4424412598425197
20
0.7495765354330709
11
0.4417298818897638
21
0.7489457086614173
0
LINE
8
BLACK
6
CONTINUOUS
10
0.4417298818897638
20
0.7489457086614173
11
0.4361055905511811
21
0.7461335826771653
0
LINE
8
BLACK
6
CONTINUOUS
10
0.4361055905511811
20
0.7461335826771653
11
0.4347757086614173
21
0.7458614173228346
0
LINE
8
BLACK
6
CONTINUOUS
10
0.4347757086614173
20
0.7458614173228346
11
0.4334645669291338
21
0.7455101181102362
0
LINE
8
BLACK
6
CONTINUOUS
10
0.4334645669291338
20
0.7455101181102362
11
0.416872874015748
21
0.7455101181102362
0
LINE
8
BLACK
6
CONTINUOUS
10
0.416872874015748
20
0.7455101181102362
11
0.416872874015748
21
0.7232941338582677
0
LINE
8
BLACK
6
CONTINUOUS
10
0.416872874015748
20
0.7232941338582677
11
0.4160816929133858
21
0.7203413779527559
0
LINE
8
BLACK
6
CONTINUOUS
10
0.4160816929133858
20
0.7203413779527559
11
0.4139201181102362
21
0.7181798031496063
0
LINE
8
BLACK
6
CONTINUOUS
10
0.4139201181102362
20
0.7181798031496063
11
0.4109673622047244
21
0.7173886220472441
0
LINE
8
BLACK
6
CONTINUOUS
10
0.4109673622047244
20
0.7173886220472441
11
0.4080146062992126
21
0.7181798031496063
0
LINE
8
BLACK
6
CONTINUOUS
10
0.4080146062992126
20
0.7181798031496063
11
0.405853031496063
21
0.7203413779527559
0
LINE
8
BLACK
6
CONTINUOUS
10
0.405853031496063
20
0.7203413779527559
11
0.4050618503937008
21
0.7232941338582677
0
LINE
8
BLACK
6
CONTINUOUS
10
0.4050618503937008
20
0.7232941338582677
11
0.4050618503937008
21
0.7823492519685039
0
LINE
8
BLACK
6
CONTINUOUS
10
0.4050618503937008
20
0.7823492519685039
11
0.405853031496063
21
0.7853020078740157
0
LINE
8
BLACK
6
CONTINUOUS
10
0.405853031496063
20
0.7853020078740157
11
0.4080146062992126
21
0.7874635826771653
0
LINE
8
BLACK
6
CONTINUOUS
10
0.4080146062992126
20
0.7874635826771653
11
0.4109673622047244
21
0.7882547637795275
0
LINE
8
BLACK
6
CONTINUOUS
10
0.4109673622047244
20
0.7882547637795275
11
0.4334645669291338
21
0.7882547637795275
0
LINE
8
BLACK
6
CONTINUOUS
10
0.4334645669291338
20
0.7882547637795275
11
0.4347756299212598
21
0.7879034251968504
0
LINE
8
BLACK
6
CONTINUOUS
10
0.416872874015748
20
0.7573211417322835
11
0.4320704724409449
21
0.7573211417322835
0
LINE
8
BLACK
6
CONTINUOUS
10
0.4320704724409449
20
0.7573211417322835
11
0.4355906299212599
21
0.7590811811023622
0
LINE
8
BLACK
6
CONTINUOUS
10
0.4355906299212599
20
0.7590811811023622
11
0.4370475196850394
21
0.7605380708661417
0
LINE
8
BLACK
6
CONTINUOUS
10
0.4370475196850394
20
0.7605380708661417
11
0.4388076377952756
21
0.7640582677165354
0
LINE
8
BLACK
6
CONTINUOUS
10
0.4388076377952756
20
0.7640582677165354
11
0.4388076377952756
21
0.7697065748031496
0
LINE
8
BLACK
6
CONTINUOUS
10
0.4388076377952756
20
0.7697065748031496
11
0.4370475590551181
21
0.7732267322834645
0
LINE
8
BLACK
6
CONTINUOUS
10
0.4370475590551181
20
0.7732267322834645
11
0.4355907086614173
21
0.7746835826771653
0
LINE
8
BLACK
6
CONTINUOUS
10
0.4355907086614173
20
0.7746835826771653
11
0.4320704724409449
21
0.7764437401574803
0
LINE
8
BLACK
6
CONTINUOUS
10
0.4320704724409449
20
0.7764437401574803
11
0.416872874015748
21
0.7764437401574803
0
LINE
8
BLACK
6
CONTINUOUS
10
0.416872874015748
20
0.7764437401574803
11
0.416872874015748
21
0.7573211417322835
0
LINE
8
BLACK
6
CONTINUOUS
10
0.5106288582677165
20
0.7879234645669291
11
0.5118899212598426
21
0.787700748031496
0
LINE
8
BLACK
6
CONTINUOUS
10
0.5118899212598426
20
0.787700748031496
11
0.5120913385826772
21
0.7875316141732284
0
LINE
8
BLACK
6
CONTINUOUS
10
0.5120913385826772
20
0.7875316141732284
11
0.51234531496063
21
0.7874635826771653
0
LINE
8
BLACK
6
CONTINUOUS
10
0.51234531496063
20
0.7874635826771653
11
0.5132504724409449
21
0.7865583858267716
0
LINE
8
BLACK
6
CONTINUOUS
10
0.5132504724409449
20
0.7865583858267716
11
0.514231062992126
21
0.7857351181102362
0
LINE
8
BLACK
6
CONTINUOUS
10
0.514231062992126
20
0.7857351181102362
11
0.514320905511811
21
0.7854879527559054
0
LINE
8
BLACK
6
CONTINUOUS
10
0.514320905511811
20
0.7854879527559054
11
0.5145068897637796
21
0.7853020078740157
0
LINE
8
BLACK
6
CONTINUOUS
10
0.5145068897637796
20
0.7853020078740157
11
0.5148382283464567
21
0.7840653937007874
0
LINE
8
BLACK
6
CONTINUOUS
10
0.5148382283464567
20
0.7840653937007874
11
0.515275748031496
21
0.7828622440944881
0
LINE
8
BLACK
6
CONTINUOUS
10
0.515275748031496
20
0.7828622440944881
11
0.51523
21
0.7826032677165354
0
LINE
8
BLACK
6
CONTINUOUS
10
0.51523
20
0.7826032677165354
11
0.5152980708661418
21
0.7823492519685039
0
LINE
8
BLACK
6
CONTINUOUS
10
0.5152980708661418
20
0.7823492519685039
11
0.5152980708661418
21
0.7232941338582677
0
LINE
8
BLACK
6
CONTINUOUS
10
0.5152980708661418
20
0.7232941338582677
11
0.5145068897637796
21
0.7203413779527559
0
LINE
8
BLACK
6
CONTINUOUS
10
0.5145068897637796
20
0.7203413779527559
11
0.51234531496063
21
0.7181798031496063
0
LINE
8
BLACK
6
CONTINUOUS
10
0.51234531496063
20
0.7181798031496063
11
0.509392559055118
21
0.7173886220472441
0
LINE
8
BLACK
6
CONTINUOUS
10
0.509392559055118
20
0.7173886220472441
11
0.5064398031496062
21
0.7181798031496063
0
LINE
8
BLACK
6
CONTINUOUS
10
0.5064398031496062
20
0.7181798031496063
11
0.5042782283464566
21
0.7203413779527559
0
LINE
8
BLACK
6
CONTINUOUS
10
0.5042782283464566
20
0.7203413779527559
11
0.5034870472440944
21
0.7232941338582677
0
LINE
8
BLACK
6
CONTINUOUS
10
0.5034870472440944
20
0.7232941338582677
11
0.5034870472440944
21
0.7557297637795275
0
LINE
8
BLACK
6
CONTINUOUS
10
0.5034870472440944
20
0.7557297637795275
11
0.4950589763779528
21
0.7376696456692913
0
LINE
8
BLACK
6
CONTINUOUS
10
0.4950589763779528
20
0.7376696456692913
11
0.4947240551181102
21
0.7372707480314961
0
LINE
8
BLACK
6
CONTINUOUS
10
0.4947240551181102
20
0.7372707480314961
11
0.4945460236220472
21
0.7367811417322835
0
LINE
8
BLACK
6
CONTINUOUS
10
0.4945460236220472
20
0.7367811417322835
11
0.4937562204724409
21
0.736118031496063
0
LINE
8
BLACK
6
CONTINUOUS
10
0.4937562204724409
20
0.736118031496063
11
0.4930933464566929
21
0.7353285039370079
0
LINE
8
BLACK
6
CONTINUOUS
10
0.4930933464566929
20
0.7353285039370079
11
0.4926038582677165
21
0.7351505118110236
0
LINE
8
BLACK
6
CONTINUOUS
10
0.4926038582677165
20
0.7351505118110236
11
0.4922048818897637
21
0.7348155118110236
0
LINE
8
BLACK
6
CONTINUOUS
10
0.4922048818897637
20
0.7348155118110236
11
0.4911892913385827
21
0.7346361023622047
0
LINE
8
BLACK
6
CONTINUOUS
10
0.4911892913385827
20
0.7346361023622047
11
0.4902204724409449
21
0.7342838188976378
0
LINE
8
BLACK
6
CONTINUOUS
10
0.4902204724409449
20
0.7342838188976378
11
0.4897075984251968
21
0.7343743700787402
0
LINE
8
BLACK
6
CONTINUOUS
10
0.4897075984251968
20
0.7343743700787402
11
0.4891945669291338
21
0.7342837795275591
0
LINE
8
BLACK
6
CONTINUOUS
10
0.4891945669291338
20
0.7342837795275591
11
0.4882252755905512
21
0.7346362204724409
0
LINE
8
BLACK
6
CONTINUOUS
10
0.4882252755905512
20
0.7346362204724409
11
0.4872101574803149
21
0.7348155511811023
0
LINE
8
BLACK
6
CONTINUOUS
10
0.4872101574803149
20
0.7348155511811023
11
0.4868112992125984
21
0.7351503937007874
0
LINE
8
BLACK
6
CONTINUOUS
10
0.4868112992125984
20
0.7351503937007874
11
0.4863216929133858
21
0.7353284645669291
0
LINE
8
BLACK
6
CONTINUOUS
10
0.4863216929133858
20
0.7353284645669291
11
0.4856585826771653
21
0.7361182283464567
0
LINE
8
BLACK
6
CONTINUOUS
10
0.4856585826771653
20
0.7361182283464567
11
0.4848690157480315
21
0.7367811811023622
0
LINE
8
BLACK
6
CONTINUOUS
10
0.4848690157480315
20
0.7367811811023622
11
0.4846909842519685
21
0.7372707086614173
0
LINE
8
BLACK
6
CONTINUOUS
10
0.4846909842519685
20
0.7372707086614173
11
0.484356062992126
21
0.7376696456692913
0
LINE
8
BLACK
6
CONTINUOUS
10
0.484356062992126
20
0.7376696456692913
11
0.4759279921259842
21
0.7557298031496062
0
LINE
8
BLACK
6
CONTINUOUS
10
0.4759279921259842
20
0.7557298031496062
11
0.4759279921259842
21
0.7232941338582677
0
LINE
8
BLACK
6
CONTINUOUS
10
0.4759279921259842
20
0.7232941338582677
11
0.475136811023622
21
0.7203413779527559
0
LINE
8
BLACK
6
CONTINUOUS
10
0.475136811023622
20
0.7203413779527559
11
0.4729752362204724
21
0.7181798031496063
0
LINE
8
BLACK
6
CONTINUOUS
10
0.4729752362204724
20
0.7181798031496063
11
0.4700224803149606
21
0.7173886220472441
0
LINE
8
BLACK
6
CONTINUOUS
10
0.4700224803149606
20
0.7173886220472441
11
0.4670697244094488
21
0.7181798031496063
0
LINE
8
BLACK
6
CONTINUOUS
10
0.4670697244094488
20
0.7181798031496063
11
0.4649081496062992
21
0.7203413779527559
0
LINE
8
BLACK
6
CONTINUOUS
10
0.4649081496062992
20
0.7203413779527559
11
0.464116968503937
21
0.7232941338582677
0
LINE
8
BLACK
6
CONTINUOUS
10
0.464116968503937
20
0.7232941338582677
11
0.464116968503937
21
0.7823492519685039
0
LINE
8
BLACK
6
CONTINUOUS
10
0.464116968503937
20
0.7823492519685039
11
0.464185
21
0.7826032283464567
0
LINE
8
BLACK
6
CONTINUOUS
10
0.464185
20
0.7826032283464567
11
0.4641392913385827
21
0.7828622047244095
0
LINE
8
BLACK
6
CONTINUOUS
10
0.4641392913385827
20
0.7828622047244095
11
0.4645767322834646
21
0.7840652362204724
0
LINE
8
BLACK
6
CONTINUOUS
10
0.4645767322834646
20
0.7840652362204724
11
0.4649081496062992
21
0.7853020078740157
0
LINE
8
BLACK
6
CONTINUOUS
10
0.4649081496062992
20
0.7853020078740157
11
0.4650940944881889
21
0.7854879527559054
0
LINE
8
BLACK
6
CONTINUOUS
10
0.4650940944881889
20
0.7854879527559054
11
0.4651839763779527
21
0.7857350787401575
0
LINE
8
BLACK
6
CONTINUOUS
10
0.4651839763779527
20
0.7857350787401575
11
0.4661642913385827
21
0.7865581496062992
0
LINE
8
BLACK
6
CONTINUOUS
10
0.4661642913385827
20
0.7865581496062992
11
0.4670697244094488
21
0.7874635826771653
0
LINE
8
BLACK
6
CONTINUOUS
10
0.4670697244094488
20
0.7874635826771653
11
0.4673237401574803
21
0.7875316141732284
0
LINE
8
BLACK
6
CONTINUOUS
10
0.4673237401574803
20
0.7875316141732284
11
0.4675251181102362
21
0.7877007086614173
0
LINE
8
BLACK
6
CONTINUOUS
10
0.4675251181102362
20
0.7877007086614173
11
0.4687857086614173
21
0.7879233464566929
0
LINE
8
BLACK
6
CONTINUOUS
10
0.4687857086614173
20
0.7879233464566929
11
0.4700224803149606
21
0.7882547637795275
0
LINE
8
BLACK
6
CONTINUOUS
10
0.4700224803149606
20
0.7882547637795275
11
0.4702764566929134
21
0.7881866929133858
0
LINE
8
BLACK
6
CONTINUOUS
10
0.4702764566929134
20
0.7881866929133858
11
0.4705354330708661
21
0.7882324409448819
0
LINE
8
BLACK
6
CONTINUOUS
10
0.4705354330708661
20
0.7882324409448819
11
0.4717384645669291
21
0.7877949606299213
0
LINE
8
BLACK
6
CONTINUOUS
10
0.4717384645669291
20
0.7877949606299213
11
0.4729752362204724
21
0.7874635826771653
0
LINE
8
BLACK
6
CONTINUOUS
10
0.4729752362204724
20
0.7874635826771653
11
0.4731611811023622
21
0.7872775984251968
0
LINE
8
BLACK
6
CONTINUOUS
10
0.4731611811023622
20
0.7872775984251968
11
0.4734083070866142
21
0.7871877559055118
0
LINE
8
BLACK
6
CONTINUOUS
10
0.4734083070866142
20
0.7871877559055118
11
0.4742313779527559
21
0.7862074015748032
0
LINE
8
BLACK
6
CONTINUOUS
10
0.4742313779527559
20
0.7862074015748032
11
0.475136811023622
21
0.7853020078740157
0
LINE
8
BLACK
6
CONTINUOUS
10
0.475136811023622
20
0.7853020078740157
11
0.475204842519685
21
0.7850479527559054
0
LINE
8
BLACK
6
CONTINUOUS
10
0.475204842519685
20
0.7850479527559054
11
0.475373937007874
21
0.7848466141732283
0
LINE
8
BLACK
6
CONTINUOUS
10
0.475373937007874
20
0.7848466141732283
11
0.4897075196850393
21
0.7541317716535433
0
LINE
8
BLACK
6
CONTINUOUS
10
0.4897075196850393
20
0.7541317716535433
11
0.5040411023622047
21
0.7848466141732283
0
LINE
8
BLACK
6
CONTINUOUS
10
0.5040411023622047
20
0.7848466141732283
11
0.5042101574803149
21
0.7850479527559054
0
LINE
8
BLACK
6
CONTINUOUS
10
0.5042101574803149
20
0.7850479527559054
11
0.5042782283464566
21
0.7853020078740157
0
LINE
8
BLACK
6
CONTINUOUS
10
0.5042782283464566
20
0.7853020078740157
11
0.5051835039370078
21
0.7862072834645669
0
LINE
8
BLACK
6
CONTINUOUS
10
0.5051835039370078
20
0.7862072834645669
11
0.5060067322834646
21
0.7871877952755906
0
LINE
8
BLACK
6
CONTINUOUS
10
0.5060067322834646
20
0.7871877952755906
11
0.5062538582677165
21
0.7872776377952756
0
LINE
8
BLACK
6
CONTINUOUS
10
0.5062538582677165
20
0.7872776377952756
11
0.5064398031496062
21
0.7874635826771653
0
LINE
8
BLACK
6
CONTINUOUS
10
0.5064398031496062
20
0.7874635826771653
11
0.5076761417322835
21
0.787794842519685
0
LINE
8
BLACK
6
CONTINUOUS
10
0.5076761417322835
20
0.787794842519685
11
0.5088796062992126
21
0.7882324803149606
0
LINE
8
BLACK
6
CONTINUOUS
10
0.5088796062992126
20
0.7882324803149606
11
0.5091386220472441
21
0.7881866929133858
0
LINE
8
BLACK
6
CONTINUOUS
10
0.5091386220472441
20
0.7881866929133858
11
0.509392559055118
21
0.7882547637795275
0
LINE
8
BLACK
6
CONTINUOUS
10
0.509392559055118
20
0.7882547637795275
11
0.5106288582677165
21
0.7879234645669291
0
LINE
8
BLACK
6
CONTINUOUS
10
0.5613223228346457
20
0.7879034251968504
11
0.562652283464567
21
0.7876312992125984
0
LINE
8
BLACK
6
CONTINUOUS
10
0.562652283464567
20
0.7876312992125984
11
0.5682765748031496
21
0.7848191338582677
0
LINE
8
BLACK
6
CONTINUOUS
10
0.5682765748031496
20
0.7848191338582677
11
0.5689879133858268
21
0.7841883070866141
0
LINE
8
BLACK
6
CONTINUOUS
10
0.5689879133858268
20
0.7841883070866141
11
0.5698113385826772
21
0.7837129527559055
0
LINE
8
BLACK
6
CONTINUOUS
10
0.5698113385826772
20
0.7837129527559055
11
0.5726235039370079
21
0.7809008267716535
0
LINE
8
BLACK
6
CONTINUOUS
10
0.5726235039370079
20
0.7809008267716535
11
0.5730988976377953
21
0.7800773622047243
0
LINE
8
BLACK
6
CONTINUOUS
10
0.5730988976377953
20
0.7800773622047243
11
0.5737297637795276
21
0.7793659842519685
0
LINE
8
BLACK
6
CONTINUOUS
10
0.5737297637795276
20
0.7793659842519685
11
0.5765418897637795
21
0.773741653543307
0
LINE
8
BLACK
6
CONTINUOUS
10
0.5765418897637795
20
0.773741653543307
11
0.5768139763779527
21
0.7724118897637795
0
LINE
8
BLACK
6
CONTINUOUS
10
0.5768139763779527
20
0.7724118897637795
11
0.5771653543307087
21
0.7711006692913386
0
LINE
8
BLACK
6
CONTINUOUS
10
0.5771653543307087
20
0.7711006692913386
11
0.5771653543307087
21
0.7626642125984252
0
LINE
8
BLACK
6
CONTINUOUS
10
0.5771653543307087
20
0.7626642125984252
11
0.5768139763779527
21
0.7613529527559055
0
LINE
8
BLACK
6
CONTINUOUS
10
0.5768139763779527
20
0.7613529527559055
11
0.5765418897637795
21
0.7600232283464566
0
LINE
8
BLACK
6
CONTINUOUS
10
0.5765418897637795
20
0.7600232283464566
11
0.5737297637795276
21
0.7543988976377952
0
LINE
8
BLACK
6
CONTINUOUS
10
0.5737297637795276
20
0.7543988976377952
11
0.5730988976377953
21
0.7536874803149606
0
LINE
8
BLACK
6
CONTINUOUS
10
0.5730988976377953
20
0.7536874803149606
11
0.5726235433070866
21
0.7528640944881889
0
LINE
8
BLACK
6
CONTINUOUS
10
0.5726235433070866
20
0.7528640944881889
11
0.5698113779527559
21
0.7500519291338582
0
LINE
8
BLACK
6
CONTINUOUS
10
0.5698113779527559
20
0.7500519291338582
11
0.5689879527559055
21
0.7495765354330709
0
LINE
8
BLACK
6
CONTINUOUS
10
0.5689879527559055
20
0.7495765354330709
11
0.5682765748031496
21
0.7489457086614173
0
LINE
8
BLACK
6
CONTINUOUS
10
0.5682765748031496
20
0.7489457086614173
11
0.562652283464567
21
0.7461335826771653
0
LINE
8
BLACK
6
CONTINUOUS
10
0.562652283464567
20
0.7461335826771653
11
0.5613224015748032
21
0.7458614173228346
0
LINE
8
BLACK
6
CONTINUOUS
10
0.5613224015748032
20
0.7458614173228346
11
0.5600112598425196
21
0.7455101181102362
0
LINE
8
BLACK
6
CONTINUOUS
10
0.5600112598425196
20
0.7455101181102362
11
0.5434195669291338
21
0.7455101181102362
0
LINE
8
BLACK
6
CONTINUOUS
10
0.5434195669291338
20
0.7455101181102362
11
0.5434195669291338
21
0.7232941338582677
0
LINE
8
BLACK
6
CONTINUOUS
10
0.5434195669291338
20
0.7232941338582677
11
0.5426283858267716
21
0.7203413779527559
0
LINE
8
BLACK
6
CONTINUOUS
10
0.5426283858267716
20
0.7203413779527559
11
0.540466811023622
21
0.7181798031496063
0
LINE
8
BLACK
6
CONTINUOUS
10
0.540466811023622
20
0.7181798031496063
11
0.5375140551181102
21
0.7173886220472441
0
LINE
8
BLACK
6
CONTINUOUS
10
0.5375140551181102
20
0.7173886220472441
11
0.5345612992125984
21
0.7181798031496063
0
LINE
8
BLACK
6
CONTINUOUS
10
0.5345612992125984
20
0.7181798031496063
11
0.5323997244094488
21
0.7203413779527559
0
LINE
8
BLACK
6
CONTINUOUS
10
0.5323997244094488
20
0.7203413779527559
11
0.5316085433070866
21
0.7232941338582677
0
LINE
8
BLACK
6
CONTINUOUS
10
0.5316085433070866
20
0.7232941338582677
11
0.5316085433070866
21
0.7823492519685039
0
LINE
8
BLACK
6
CONTINUOUS
10
0.5316085433070866
20
0.7823492519685039
11
0.5323997244094488
21
0.7853020078740157
0
LINE
8
BLACK
6
CONTINUOUS
10
0.5323997244094488
20
0.7853020078740157
11
0.5345612992125984
21
0.7874635826771653
0
LINE
8
BLACK
6
CONTINUOUS
10
0.5345612992125984
20
0.7874635826771653
11
0.5375140551181102
21
0.7882547637795275
0
LINE
8
BLACK
6
CONTINUOUS
10
0.5375140551181102
20
0.7882547637795275
11
0.5600112598425196
21
0.7882547637795275
0
LINE
8
BLACK
6
CONTINUOUS
10
0.5600112598425196
20
0.7882547637795275
11
0.5613223228346457
21
0.7879034251968504
0
LINE
8
BLACK
6
CONTINUOUS
10
0.5434195669291338
20
0.7573211417322835
11
0.5586171653543307
21
0.7573211417322835
0
LINE
8
BLACK
6
CONTINUOUS
10
0.5586171653543307
20
0.7573211417322835
11
0.5621373228346457
21
0.7590811811023622
0
LINE
8
BLACK
6
CONTINUOUS
10
0.5621373228346457
20
0.7590811811023622
11
0.5635942125984252
21
0.7605380708661417
0
LINE
8
BLACK
6
CONTINUOUS
10
0.5635942125984252
20
0.7605380708661417
11
0.5653543307086614
21
0.7640582677165354
0
LINE
8
BLACK
6
CONTINUOUS
10
0.5653543307086614
20
0.7640582677165354
11
0.5653543307086614
21
0.7697065748031496
0
LINE
8
BLACK
6
CONTINUOUS
10
0.5653543307086614
20
0.7697065748031496
11
0.5635942519685039
21
0.7732267322834645
0
LINE
8
BLACK
6
CONTINUOUS
10
0.5635942519685039
20
0.7732267322834645
11
0.5621374015748032
21
0.7746835826771653
0
LINE
8
BLACK
6
CONTINUOUS
10
0.5621374015748032
20
0.7746835826771653
11
0.5586171653543307
21
0.7764437401574803
0
LINE
8
BLACK
6
CONTINUOUS
10
0.5586171653543307
20
0.7764437401574803
11
0.5434195669291338
21
0.7764437401574803
0
LINE
8
BLACK
6
CONTINUOUS
10
0.5434195669291338
20
0.7764437401574803
11
0.5434195669291338
21
0.7573211417322835
0
LINE
8
BLACK
6
CONTINUOUS
10
0.6203774409448819
20
0.7879034251968504
11
0.6217074015748031
21
0.7876312992125984
0
LINE
8
BLACK
6
CONTINUOUS
10
0.6217074015748031
20
0.7876312992125984
11
0.6273316929133859
21
0.7848191338582677
0
LINE
8
BLACK
6
CONTINUOUS
10
0.6273316929133859
20
0.7848191338582677
11
0.628043031496063
21
0.7841883070866141
0
LINE
8
BLACK
6
CONTINUOUS
10
0.628043031496063
20
0.7841883070866141
11
0.6288664960629922
21
0.7837129133858267
0
LINE
8
BLACK
6
CONTINUOUS
10
0.6288664960629922
20
0.7837129133858267
11
0.6344907874015748
21
0.778088622047244
0
LINE
8
BLACK
6
CONTINUOUS
10
0.6344907874015748
20
0.778088622047244
11
0.6345164173228346
21
0.7780441732283464
0
LINE
8
BLACK
6
CONTINUOUS
10
0.6345164173228346
20
0.7780441732283464
11
0.6345604330708662
21
0.7780177952755906
0
LINE
8
BLACK
6
CONTINUOUS
10
0.6345604330708662
20
0.7780177952755906
11
0.6352788582677166
21
0.7767235826771653
0
LINE
8
BLACK
6
CONTINUOUS
10
0.6352788582677166
20
0.7767235826771653
11
0.636019251968504
21
0.7754412598425197
0
LINE
8
BLACK
6
CONTINUOUS
10
0.636019251968504
20
0.7754412598425197
11
0.636019251968504
21
0.7753899212598425
0
LINE
8
BLACK
6
CONTINUOUS
10
0.636019251968504
20
0.7753899212598425
11
0.6360441338582677
21
0.7753451181102362
0
LINE
8
BLACK
6
CONTINUOUS
10
0.6360441338582677
20
0.7753451181102362
11
0.6388562992125985
21
0.7640965354330709
0
LINE
8
BLACK
6
CONTINUOUS
10
0.6388562992125985
20
0.7640965354330709
11
0.6388440157480315
21
0.7633679921259843
0
LINE
8
BLACK
6
CONTINUOUS
10
0.6388440157480315
20
0.7633679921259843
11
0.6390326377952755
21
0.7626642125984252
0
LINE
8
BLACK
6
CONTINUOUS
10
0.6390326377952755
20
0.7626642125984252
11
0.6390326377952755
21
0.7429791732283464
0
LINE
8
BLACK
6
CONTINUOUS
10
0.6390326377952755
20
0.7429791732283464
11
0.6388440157480315
21
0.7422753543307087
0
LINE
8
BLACK
6
CONTINUOUS
10
0.6388440157480315
20
0.7422753543307087
11
0.6388562992125985
21
0.7415468503937007
0
LINE
8
BLACK
6
CONTINUOUS
10
0.6388562992125985
20
0.7415468503937007
11
0.6360441338582677
21
0.7302982677165354
0
LINE
8
BLACK
6
CONTINUOUS
10
0.6360441338582677
20
0.7302982677165354
11
0.636019251968504
21
0.7302534251968503
0
LINE
8
BLACK
6
CONTINUOUS
10
0.636019251968504
20
0.7302534251968503
11
0.636019251968504
21
0.7302021259842519
0
LINE
8
BLACK
6
CONTINUOUS
10
0.636019251968504
20
0.7302021259842519
11
0.6352788582677166
21
0.7289197637795275
0
LINE
8
BLACK
6
CONTINUOUS
10
0.6352788582677166
20
0.7289197637795275
11
0.6345604330708662
21
0.727625590551181
0
LINE
8
BLACK
6
CONTINUOUS
10
0.6345604330708662
20
0.727625590551181
11
0.6345164173228346
21
0.7275991732283464
0
LINE
8
BLACK
6
CONTINUOUS
10
0.6345164173228346
20
0.7275991732283464
11
0.6344907874015748
21
0.7275547637795275
0
LINE
8
BLACK
6
CONTINUOUS
10
0.6344907874015748
20
0.7275547637795275
11
0.6288664960629922
21
0.7219304724409449
0
LINE
8
BLACK
6
CONTINUOUS
10
0.6288664960629922
20
0.7219304724409449
11
0.628043031496063
21
0.7214550393700787
0
LINE
8
BLACK
6
CONTINUOUS
10
0.628043031496063
20
0.7214550393700787
11
0.6273316929133859
21
0.720824251968504
0
LINE
8
BLACK
6
CONTINUOUS
10
0.6273316929133859
20
0.720824251968504
11
0.6217074015748031
21
0.7180120866141733
0
LINE
8
BLACK
6
CONTINUOUS
10
0.6217074015748031
20
0.7180120866141733
11
0.6203774409448819
21
0.7177399212598425
0
LINE
8
BLACK
6
CONTINUOUS
10
0.6203774409448819
20
0.7177399212598425
11
0.6190663779527559
21
0.7173886220472441
0
LINE
8
BLACK
6
CONTINUOUS
10
0.6190663779527559
20
0.7173886220472441
11
0.6078177952755905
21
0.7173886220472441
0
LINE
8
BLACK
6
CONTINUOUS
10
0.6078177952755905
20
0.7173886220472441
11
0.6065067322834645
21
0.7177398818897638
0
LINE
8
BLACK
6
CONTINUOUS
10
0.6065067322834645
20
0.7177398818897638
11
0.6051767322834646
21
0.7180120866141733
0
LINE
8
BLACK
6
CONTINUOUS
10
0.6051767322834646
20
0.7180120866141733
11
0.5995524803149607
21
0.720824251968504
0
LINE
8
BLACK
6
CONTINUOUS
10
0.5995524803149607
20
0.720824251968504
11
0.5988410629921259
21
0.7214550393700787
0
LINE
8
BLACK
6
CONTINUOUS
10
0.5988410629921259
20
0.7214550393700787
11
0.5980176771653544
21
0.7219304724409449
0
LINE
8
BLACK
6
CONTINUOUS
10
0.5980176771653544
20
0.7219304724409449
11
0.5923933464566929
21
0.7275547637795275
0
LINE
8
BLACK
6
CONTINUOUS
10
0.5923933464566929
20
0.7275547637795275
11
0.5923676771653543
21
0.7275991732283464
0
LINE
8
BLACK
6
CONTINUOUS
10
0.5923676771653543
20
0.7275991732283464
11
0.5923237007874016
21
0.727625590551181
0
LINE
8
BLACK
6
CONTINUOUS
10
0.5923237007874016
20
0.727625590551181
11
0.5916055118110236
21
0.7289192913385827
0
LINE
8
BLACK
6
CONTINUOUS
10
0.5916055118110236
20
0.7289192913385827
11
0.5908648818897637
21
0.7302021259842519
0
LINE
8
BLACK
6
CONTINUOUS
10
0.5908648818897637
20
0.7302021259842519
11
0.5908648818897637
21
0.7302534645669291
0
LINE
8
BLACK
6
CONTINUOUS
10
0.5908648818897637
20
0.7302534645669291
11
0.59084
21
0.7302983070866141
0
LINE
8
BLACK
6
CONTINUOUS
10
0.59084
20
0.7302983070866141
11
0.588027874015748
21
0.7415468897637795
0
LINE
8
BLACK
6
CONTINUOUS
10
0.588027874015748
20
0.7415468897637795
11
0.5880401181102362
21
0.7422753149606299
0
LINE
8
BLACK
6
CONTINUOUS
10
0.5880401181102362
20
0.7422753149606299
11
0.5878515354330709
21
0.7429791732283464
0
LINE
8
BLACK
6
CONTINUOUS
10
0.5878515354330709
20
0.7429791732283464
11
0.5878515354330709
21
0.7626642125984252
0
LINE
8
BLACK
6
CONTINUOUS
10
0.5878515354330709
20
0.7626642125984252
11
0.5880401181102362
21
0.763368031496063
0
LINE
8
BLACK
6
CONTINUOUS
10
0.5880401181102362
20
0.763368031496063
11
0.588027874015748
21
0.7640964960629921
0
LINE
8
BLACK
6
CONTINUOUS
10
0.588027874015748
20
0.7640964960629921
11
0.59084
21
0.7753450787401575
0
LINE
8
BLACK
6
CONTINUOUS
10
0.59084
20
0.7753450787401575
11
0.5908648818897637
21
0.7753898818897638
0
LINE
8
BLACK
6
CONTINUOUS
10
0.5908648818897637
20
0.7753898818897638
11
0.5908648818897637
21
0.7754412598425197
0
LINE
8
BLACK
6
CONTINUOUS
10
0.5908648818897637
20
0.7754412598425197
11
0.5916055118110236
21
0.7767240551181103
0
LINE
8
BLACK
6
CONTINUOUS
10
0.5916055118110236
20
0.7767240551181103
11
0.5923237007874016
21
0.7780177952755906
0
LINE
8
BLACK
6
CONTINUOUS
10
0.5923237007874016
20
0.7780177952755906
11
0.5923676771653543
21
0.7780441732283464
0
LINE
8
BLACK
6
CONTINUOUS
10
0.5923676771653543
20
0.7780441732283464
11
0.5923933464566929
21
0.778088622047244
0
LINE
8
BLACK
6
CONTINUOUS
10
0.5923933464566929
20
0.778088622047244
11
0.5980176771653544
21
0.7837129133858267
0
LINE
8
BLACK
6
CONTINUOUS
10
0.5980176771653544
20
0.7837129133858267
11
0.5988410629921259
21
0.7841883070866141
0
LINE
8
BLACK
6
CONTINUOUS
10
0.5988410629921259
20
0.7841883070866141
11
0.5995524803149607
21
0.7848191338582677
0
LINE
8
BLACK
6
CONTINUOUS
10
0.5995524803149607
20
0.7848191338582677
11
0.6051767322834646
21
0.7876312992125984
0
LINE
8
BLACK
6
CONTINUOUS
10
0.6051767322834646
20
0.7876312992125984
11
0.6065067322834645
21
0.7879034645669292
0
LINE
8
BLACK
6
CONTINUOUS
10
0.6065067322834645
20
0.7879034645669292
11
0.6078177952755905
21
0.7882547637795275
0
LINE
8
BLACK
6
CONTINUOUS
10
0.6078177952755905
20
0.7882547637795275
11
0.6190663779527559
21
0.7882547637795275
0
LINE
8
BLACK
6
CONTINUOUS
10
0.6190663779527559
20
0.7882547637795275
11
0.6203774409448819
21
0.7879034251968504
0
LINE
8
BLACK
6
CONTINUOUS
10
0.6056916535433071
20
0.7746836220472441
11
0.6019016141732283
21
0.7708935433070866
0
LINE
8
BLACK
6
CONTINUOUS
10
0.6019016141732283
20
0.7708935433070866
11
0.5996625590551181
21
0.7619372834645669
0
LINE
8
BLACK
6
CONTINUOUS
10
0.5996625590551181
20
0.7619372834645669
11
0.5996625590551181
21
0.7437060629921259
0
LINE
8
BLACK
6
CONTINUOUS
10
0.5996625590551181
20
0.7437060629921259
11
0.6019016141732283
21
0.7347498031496063
0
LINE
8
BLACK
6
CONTINUOUS
10
0.6019016141732283
20
0.7347498031496063
11
0.6056916535433071
21
0.7309597244094488
0
LINE
8
BLACK
6
CONTINUOUS
10
0.6056916535433071
20
0.7309597244094488
11
0.6092118897637795
21
0.7291996456692913
0
LINE
8
BLACK
6
CONTINUOUS
10
0.6092118897637795
20
0.7291996456692913
11
0.6176722834645669
21
0.7291996456692913
0
LINE
8
BLACK
6
CONTINUOUS
10
0.6176722834645669
20
0.7291996456692913
11
0.6211924803149607
21
0.7309597637795275
0
LINE
8
BLACK
6
CONTINUOUS
10
0.6211924803149607
20
0.7309597637795275
11
0.6249824803149606
21
0.7347497637795275
0
LINE
8
BLACK
6
CONTINUOUS
10
0.6249824803149606
20
0.7347497637795275
11
0.6272216141732283
21
0.7437061023622047
0
LINE
8
BLACK
6
CONTINUOUS
10
0.6272216141732283
20
0.7437061023622047
11
0.6272216141732283
21
0.7619372440944882
0
LINE
8
BLACK
6
CONTINUOUS
10
0.6272216141732283
20
0.7619372440944882
11
0.6249824803149606
21
0.7708935826771653
0
LINE
8
BLACK
6
CONTINUOUS
10
0.6249824803149606
20
0.7708935826771653
11
0.6211924803149607
21
0.7746835826771653
0
LINE
8
BLACK
6
CONTINUOUS
10
0.6211924803149607
20
0.7746835826771653
11
0.6176722834645669
21
0.7764437401574803
0
LINE
8
BLACK
6
CONTINUOUS
10
0.6176722834645669
20
0.7764437401574803
11
0.6092118897637795
21
0.7764437401574803
0
LINE
8
BLACK
6
CONTINUOUS
10
0.6092118897637795
20
0.7764437401574803
11
0.6056916535433071
21
0.7746836220472441
0
LINE
8
BLACK
6
CONTINUOUS
10
0.7570022834645669
20
0.7874635826771653
11
0.7591638582677165
21
0.7853020078740157
0
LINE
8
BLACK
6
CONTINUOUS
10
0.7591638582677165
20
0.7853020078740157
11
0.7599550393700787
21
0.7823492519685039
0
LINE
8
BLACK
6
CONTINUOUS
10
0.7599550393700787
20
0.7823492519685039
11
0.7591638582677165
21
0.7793964960629921
0
LINE
8
BLACK
6
CONTINUOUS
10
0.7591638582677165
20
0.7793964960629921
11
0.7570022834645669
21
0.7772349212598425
0
LINE
8
BLACK
6
CONTINUOUS
10
0.7570022834645669
20
0.7772349212598425
11
0.7540495275590551
21
0.7764437401574803
0
LINE
8
BLACK
6
CONTINUOUS
10
0.7540495275590551
20
0.7764437401574803
11
0.7318335433070866
21
0.7764437401574803
0
LINE
8
BLACK
6
CONTINUOUS
10
0.7318335433070866
20
0.7764437401574803
11
0.7318335433070866
21
0.7601332677165354
0
LINE
8
BLACK
6
CONTINUOUS
10
0.7318335433070866
20
0.7601332677165354
11
0.7456130708661417
21
0.7601332677165354
0
LINE
8
BLACK
6
CONTINUOUS
10
0.7456130708661417
20
0.7601332677165354
11
0.7485658267716535
21
0.7593420866141732
0
LINE
8
BLACK
6
CONTINUOUS
10
0.7485658267716535
20
0.7593420866141732
11
0.7507274015748031
21
0.7571805118110236
0
LINE
8
BLACK
6
CONTINUOUS
10
0.7507274015748031
20
0.7571805118110236
11
0.7515185826771653
21
0.7542277559055118
0
LINE
8
BLACK
6
CONTINUOUS
10
0.7515185826771653
20
0.7542277559055118
11
0.7507274015748031
21
0.751275
0
LINE
8
BLACK
6
CONTINUOUS
10
0.7507274015748031
20
0.751275
11
0.7485658267716535
21
0.7491134251968504
0
LINE
8
BLACK
6
CONTINUOUS
10
0.7485658267716535
20
0.7491134251968504
11
0.7456130708661417
21
0.7483222440944882
0
LINE
8
BLACK
6
CONTINUOUS
10
0.7456130708661417
20
0.7483222440944882
11
0.7318335433070866
21
0.7483222440944882
0
LINE
8
BLACK
6
CONTINUOUS
10
0.7318335433070866
20
0.7483222440944882
11
0.7318335433070866
21
0.7291996456692913
0
LINE
8
BLACK
6
CONTINUOUS
10
0.7318335433070866
20
0.7291996456692913
11
0.7540495275590551
21
0.7291996456692913
0
LINE
8
BLACK
6
CONTINUOUS
10
0.7540495275590551
20
0.7291996456692913
11
0.7570022834645669
21
0.7284084645669291
0
LINE
8
BLACK
6
CONTINUOUS
10
0.7570022834645669
20
0.7284084645669291
11
0.7591638582677165
21
0.7262468897637795
0
LINE
8
BLACK
6
CONTINUOUS
10
0.7591638582677165
20
0.7262468897637795
11
0.7599550393700787
21
0.7232941338582677
0
LINE
8
BLACK
6
CONTINUOUS
10
0.7599550393700787
20
0.7232941338582677
11
0.7591638582677165
21
0.7203413779527559
0
LINE
8
BLACK
6
CONTINUOUS
10
0.7591638582677165
20
0.7203413779527559
11
0.7570022834645669
21
0.7181798031496063
0
LINE
8
BLACK
6
CONTINUOUS
10
0.7570022834645669
20
0.7181798031496063
11
0.7540495275590551
21
0.7173886220472441
0
LINE
8
BLACK
6
CONTINUOUS
10
0.7540495275590551
20
0.7173886220472441
11
0.725928031496063
21
0.7173886220472441
0
LINE
8
BLACK
6
CONTINUOUS
10
0.725928031496063
20
0.7173886220472441
11
0.7229752755905512
21
0.7181798031496063
0
LINE
8
BLACK
6
CONTINUOUS
10
0.7229752755905512
20
0.7181798031496063
11
0.7208137007874016
21
0.7203413779527559
0
LINE
8
BLACK
6
CONTINUOUS
10
0.7208137007874016
20
0.7203413779527559
11
0.7200225196850394
21
0.7232941338582677
0
LINE
8
BLACK
6
CONTINUOUS
10
0.7200225196850394
20
0.7232941338582677
11
0.7200225196850394
21
0.7823492519685039
0
LINE
8
BLACK
6
CONTINUOUS
10
0.7200225196850394
20
0.7823492519685039
11
0.7208137007874016
21
0.7853020078740157
0
LINE
8
BLACK
6
CONTINUOUS
10
0.7208137007874016
20
0.7853020078740157
11
0.7229752755905512
21
0.7874635826771653
0
LINE
8
BLACK
6
CONTINUOUS
10
0.7229752755905512
20
0.7874635826771653
11
0.725928031496063
21
0.7882547637795275
0
LINE
8
BLACK
6
CONTINUOUS
10
0.725928031496063
20
0.7882547637795275
11
0.7540495275590551
21
0.7882547637795275
0
LINE
8
BLACK
6
CONTINUOUS
10
0.7540495275590551
20
0.7882547637795275
11
0.7570022834645669
21
0.7874635826771653
0
LINE
8
BLACK
6
CONTINUOUS
10
0.803167125984252
20
0.7879034251968504
11
0.8044970866141732
21
0.7876312992125984
0
LINE
8
BLACK
6
CONTINUOUS
10
0.8044970866141732
20
0.7876312992125984
11
0.8101213779527559
21
0.7848191338582677
0
LINE
8
BLACK
6
CONTINUOUS
10
0.8101213779527559
20
0.7848191338582677
11
0.8108327165354331
21
0.7841883070866141
0
LINE
8
BLACK
6
CONTINUOUS
10
0.8108327165354331
20
0.7841883070866141
11
0.8116561417322834
21
0.7837129527559055
0
LINE
8
BLACK
6
CONTINUOUS
10
0.8116561417322834
20
0.7837129527559055
11
0.8144683070866141
21
0.7809008267716535
0
LINE
8
BLACK
6
CONTINUOUS
10
0.8144683070866141
20
0.7809008267716535
11
0.8149437007874015
21
0.7800773622047243
0
LINE
8
BLACK
6
CONTINUOUS
10
0.8149437007874015
20
0.7800773622047243
11
0.8155745669291339
21
0.7793659842519685
0
LINE
8
BLACK
6
CONTINUOUS
10
0.8155745669291339
20
0.7793659842519685
11
0.8183866929133858
21
0.773741653543307
0
LINE
8
BLACK
6
CONTINUOUS
10
0.8183866929133858
20
0.773741653543307
11
0.8186587795275591
21
0.7724118897637795
0
LINE
8
BLACK
6
CONTINUOUS
10
0.8186587795275591
20
0.7724118897637795
11
0.8190101574803149
21
0.7711006692913386
0
LINE
8
BLACK
6
CONTINUOUS
10
0.8190101574803149
20
0.7711006692913386
11
0.8190101574803149
21
0.7626642125984252
0
LINE
8
BLACK
6
CONTINUOUS
10
0.8190101574803149
20
0.7626642125984252
11
0.8186587795275591
21
0.7613529527559055
0
LINE
8
BLACK
6
CONTINUOUS
10
0.8186587795275591
20
0.7613529527559055
11
0.8183866929133858
21
0.7600232283464566
0
LINE
8
BLACK
6
CONTINUOUS
10
0.8183866929133858
20
0.7600232283464566
11
0.8155745669291339
21
0.7543988976377952
0
LINE
8
BLACK
6
CONTINUOUS
10
0.8155745669291339
20
0.7543988976377952
11
0.8149437007874015
21
0.7536874803149606
0
LINE
8
BLACK
6
CONTINUOUS
10
0.8149437007874015
20
0.7536874803149606
11
0.8144683464566929
21
0.7528640944881889
0
LINE
8
BLACK
6
CONTINUOUS
10
0.8144683464566929
20
0.7528640944881889
11
0.8116561811023622
21
0.7500519291338582
0
LINE
8
BLACK
6
CONTINUOUS
10
0.8116561811023622
20
0.7500519291338582
11
0.8108327559055117
21
0.7495765354330709
0
LINE
8
BLACK
6
CONTINUOUS
10
0.8108327559055117
20
0.7495765354330709
11
0.8101213779527559
21
0.7489457086614173
0
LINE
8
BLACK
6
CONTINUOUS
10
0.8101213779527559
20
0.7489457086614173
11
0.8044970866141732
21
0.7461335826771653
0
LINE
8
BLACK
6
CONTINUOUS
10
0.8044970866141732
20
0.7461335826771653
11
0.8043470866141732
21
0.746102874015748
0
LINE
8
BLACK
6
CONTINUOUS
10
0.8043470866141732
20
0.746102874015748
11
0.8179426377952755
21
0.7266807086614173
0
LINE
8
BLACK
6
CONTINUOUS
10
0.8179426377952755
20
0.7266807086614173
11
0.8189877559055118
21
0.723808031496063
0
LINE
8
BLACK
6
CONTINUOUS
10
0.8189877559055118
20
0.723808031496063
11
0.8184564960629921
21
0.7207975984251969
0
LINE
8
BLACK
6
CONTINUOUS
10
0.8184564960629921
20
0.7207975984251969
11
0.8164912204724409
21
0.7184561417322834
0
LINE
8
BLACK
6
CONTINUOUS
10
0.8164912204724409
20
0.7184561417322834
11
0.8136185433070866
21
0.7174110236220472
0
LINE
8
BLACK
6
CONTINUOUS
10
0.8136185433070866
20
0.7174110236220472
11
0.8106081102362205
21
0.7179422834645669
0
LINE
8
BLACK
6
CONTINUOUS
10
0.8106081102362205
20
0.7179422834645669
11
0.8082666535433071
21
0.7199075590551181
0
LINE
8
BLACK
6
CONTINUOUS
10
0.8082666535433071
20
0.7199075590551181
11
0.7903448818897637
21
0.7455101181102362
0
LINE
8
BLACK
6
CONTINUOUS
10
0.7903448818897637
20
0.7455101181102362
11
0.7852643700787402
21
0.7455101181102362
0
LINE
8
BLACK
6
CONTINUOUS
10
0.7852643700787402
20
0.7455101181102362
11
0.7852643700787402
21
0.7232941338582677
0
LINE
8
BLACK
6
CONTINUOUS
10
0.7852643700787402
20
0.7232941338582677
11
0.784473188976378
21
0.7203413779527559
0
LINE
8
BLACK
6
CONTINUOUS
10
0.784473188976378
20
0.7203413779527559
11
0.7823116141732284
21
0.7181798031496063
0
LINE
8
BLACK
6
CONTINUOUS
10
0.7823116141732284
20
0.7181798031496063
11
0.7793588582677166
21
0.7173886220472441
0
LINE
8
BLACK
6
CONTINUOUS
10
0.7793588582677166
20
0.7173886220472441
11
0.7764061023622048
21
0.7181798031496063
0
LINE
8
BLACK
6
CONTINUOUS
10
0.7764061023622048
20
0.7181798031496063
11
0.7742445275590552
21
0.7203413779527559
0
LINE
8
BLACK
6
CONTINUOUS
10
0.7742445275590552
20
0.7203413779527559
11
0.7734533464566929
21
0.7232941338582677
0
LINE
8
BLACK
6
CONTINUOUS
10
0.7734533464566929
20
0.7232941338582677
11
0.7734533464566929
21
0.7823492519685039
0
LINE
8
BLACK
6
CONTINUOUS
10
0.7734533464566929
20
0.7823492519685039
11
0.7742445275590552
21
0.7853020078740157
0
LINE
8
BLACK
6
CONTINUOUS
10
0.7742445275590552
20
0.7853020078740157
11
0.7764061023622048
21
0.7874635826771653
0
LINE
8
BLACK
6
CONTINUOUS
10
0.7764061023622048
20
0.7874635826771653
11
0.7793588582677166
21
0.7882547637795275
0
LINE
8
BLACK
6
CONTINUOUS
10
0.7793588582677166
20
0.7882547637795275
11
0.801856062992126
21
0.7882547637795275
0
LINE
8
BLACK
6
CONTINUOUS
10
0.801856062992126
20
0.7882547637795275
11
0.803167125984252
21
0.7879034251968504
0
LINE
8
BLACK
6
CONTINUOUS
10
0.7852643700787402
20
0.7573211417322835
11
0.800461968503937
21
0.7573211417322835
0
LINE
8
BLACK
6
CONTINUOUS
10
0.800461968503937
20
0.7573211417322835
11
0.803982125984252
21
0.7590811811023622
0
LINE
8
BLACK
6
CONTINUOUS
10
0.803982125984252
20
0.7590811811023622
11
0.8054390157480315
21
0.7605380708661417
0
LINE
8
BLACK
6
CONTINUOUS
10
0.8054390157480315
20
0.7605380708661417
11
0.8071991338582677
21
0.7640582677165354
0
LINE
8
BLACK
6
CONTINUOUS
10
0.8071991338582677
20
0.7640582677165354
11
0.8071991338582677
21
0.7697065748031496
0
LINE
8
BLACK
6
CONTINUOUS
10
0.8071991338582677
20
0.7697065748031496
11
0.8054390551181102
21
0.7732267322834645
0
LINE
8
BLACK
6
CONTINUOUS
10
0.8054390551181102
20
0.7732267322834645
11
0.8039822047244094
21
0.7746835826771653
0
LINE
8
BLACK
6
CONTINUOUS
10
0.8039822047244094
20
0.7746835826771653
11
0.800461968503937
21
0.7764437401574803
0
LINE
8
BLACK
6
CONTINUOUS
10
0.800461968503937
20
0.7764437401574803
11
0.7852643700787402
21
0.7764437401574803
0
LINE
8
BLACK
6
CONTINUOUS
10
0.7852643700787402
20
0.7764437401574803
11
0.7852643700787402
21
0.7573211417322835
0
LINE
8
BLACK
6
CONTINUOUS
10
0.8565979527559054
20
0.7879034251968504
11
0.8579279133858267
21
0.7876312992125984
0
LINE
8
BLACK
6
CONTINUOUS
10
0.8579279133858267
20
0.7876312992125984
11
0.8635522047244094
21
0.7848191338582677
0
LINE
8
BLACK
6
CONTINUOUS
10
0.8635522047244094
20
0.7848191338582677
11
0.8642635433070865
21
0.7841883070866141
0
LINE
8
BLACK
6
CONTINUOUS
10
0.8642635433070865
20
0.7841883070866141
11
0.865086968503937
21
0.7837129527559055
0
LINE
8
BLACK
6
CONTINUOUS
10
0.865086968503937
20
0.7837129527559055
11
0.8678991338582677
21
0.7809008267716535
0
LINE
8
BLACK
6
CONTINUOUS
10
0.8678991338582677
20
0.7809008267716535
11
0.8683745275590551
21
0.7800773622047243
0
LINE
8
BLACK
6
CONTINUOUS
10
0.8683745275590551
20
0.7800773622047243
11
0.8690053937007873
21
0.7793659842519685
0
LINE
8
BLACK
6
CONTINUOUS
10
0.8690053937007873
20
0.7793659842519685
11
0.8718175196850394
21
0.773741653543307
0
LINE
8
BLACK
6
CONTINUOUS
10
0.8718175196850394
20
0.773741653543307
11
0.8719481889763779
21
0.7731029133858267
0
LINE
8
BLACK
6
CONTINUOUS
10
0.8719481889763779
20
0.7731029133858267
11
0.8722646456692913
21
0.7725329527559055
0
LINE
8
BLACK
6
CONTINUOUS
10
0.8722646456692913
20
0.7725329527559055
11
0.875076811023622
21
0.7612843700787402
0
LINE
8
BLACK
6
CONTINUOUS
10
0.875076811023622
20
0.7612843700787402
11
0.8750645275590551
21
0.7605558267716536
0
LINE
8
BLACK
6
CONTINUOUS
10
0.8750645275590551
20
0.7605558267716536
11
0.8752531496062992
21
0.7598520472440945
0
LINE
8
BLACK
6
CONTINUOUS
10
0.8752531496062992
20
0.7598520472440945
11
0.8752531496062992
21
0.7457913385826771
0
LINE
8
BLACK
6
CONTINUOUS
10
0.8752531496062992
20
0.7457913385826771
11
0.8750645275590551
21
0.7450875196850394
0
LINE
8
BLACK
6
CONTINUOUS
10
0.8750645275590551
20
0.7450875196850394
11
0.875076811023622
21
0.7443590157480314
0
LINE
8
BLACK
6
CONTINUOUS
10
0.875076811023622
20
0.7443590157480314
11
0.8722646456692913
21
0.7331104330708661
0
LINE
8
BLACK
6
CONTINUOUS
10
0.8722646456692913
20
0.7331104330708661
11
0.8719481889763779
21
0.7325404330708661
0
LINE
8
BLACK
6
CONTINUOUS
10
0.8719481889763779
20
0.7325404330708661
11
0.8718175196850394
21
0.7319017322834646
0
LINE
8
BLACK
6
CONTINUOUS
10
0.8718175196850394
20
0.7319017322834646
11
0.8690053937007873
21
0.7262774015748031
0
LINE
8
BLACK
6
CONTINUOUS
10
0.8690053937007873
20
0.7262774015748031
11
0.8683745275590551
21
0.7255659842519685
0
LINE
8
BLACK
6
CONTINUOUS
10
0.8683745275590551
20
0.7255659842519685
11
0.8678991338582677
21
0.7247425590551181
0
LINE
8
BLACK
6
CONTINUOUS
10
0.8678991338582677
20
0.7247425590551181
11
0.865086968503937
21
0.7219304330708661
0
LINE
8
BLACK
6
CONTINUOUS
10
0.865086968503937
20
0.7219304330708661
11
0.8642635433070865
21
0.7214550393700787
0
LINE
8
BLACK
6
CONTINUOUS
10
0.8642635433070865
20
0.7214550393700787
11
0.8635522047244094
21
0.720824251968504
0
LINE
8
BLACK
6
CONTINUOUS
10
0.8635522047244094
20
0.720824251968504
11
0.8579279133858267
21
0.7180120866141733
0
LINE
8
BLACK
6
CONTINUOUS
10
0.8579279133858267
20
0.7180120866141733
11
0.8565979527559054
21
0.7177399212598425
0
LINE
8
BLACK
6
CONTINUOUS
10
0.8565979527559054
20
0.7177399212598425
11
0.8552868897637795
21
0.7173886220472441
0
LINE
8
BLACK
6
CONTINUOUS
10
0.8552868897637795
20
0.7173886220472441
11
0.8496625984251969
21
0.7173886220472441
0
LINE
8
BLACK
6
CONTINUOUS
10
0.8496625984251969
20
0.7173886220472441
11
0.8483515354330708
21
0.7177398818897638
0
LINE
8
BLACK
6
CONTINUOUS
10
0.8483515354330708
20
0.7177398818897638
11
0.8470215354330708
21
0.7180120866141733
0
LINE
8
BLACK
6
CONTINUOUS
10
0.8470215354330708
20
0.7180120866141733
11
0.8413972834645669
21
0.720824251968504
0
LINE
8
BLACK
6
CONTINUOUS
10
0.8413972834645669
20
0.720824251968504
11
0.840685905511811
21
0.7214550393700787
0
LINE
8
BLACK
6
CONTINUOUS
10
0.840685905511811
20
0.7214550393700787
11
0.8398625196850393
21
0.7219304330708661
0
LINE
8
BLACK
6
CONTINUOUS
10
0.8398625196850393
20
0.7219304330708661
11
0.8370503543307086
21
0.7247425590551181
0
LINE
8
BLACK
6
CONTINUOUS
10
0.8370503543307086
20
0.7247425590551181
11
0.8365748818897638
21
0.7255660236220473
0
LINE
8
BLACK
6
CONTINUOUS
10
0.8365748818897638
20
0.7255660236220473
11
0.835944094488189
21
0.7262774015748031
0
LINE
8
BLACK
6
CONTINUOUS
10
0.835944094488189
20
0.7262774015748031
11
0.8331319291338583
21
0.7319016929133858
0
LINE
8
BLACK
6
CONTINUOUS
10
0.8331319291338583
20
0.7319016929133858
11
0.8330011811023622
21
0.7325404330708661
0
LINE
8
BLACK
6
CONTINUOUS
10
0.8330011811023622
20
0.7325404330708661
11
0.8326848031496062
21
0.7331104330708661
0
LINE
8
BLACK
6
CONTINUOUS
10
0.8326848031496062
20
0.7331104330708661
11
0.8298726771653543
21
0.7443590551181102
0
LINE
8
BLACK
6
CONTINUOUS
10
0.8298726771653543
20
0.7443590551181102
11
0.8298849212598425
21
0.7450874803149606
0
LINE
8
BLACK
6
CONTINUOUS
10
0.8298849212598425
20
0.7450874803149606
11
0.8296963385826771
21
0.7457913385826771
0
LINE
8
BLACK
6
CONTINUOUS
10
0.8296963385826771
20
0.7457913385826771
11
0.8296963385826771
21
0.7598520472440945
0
LINE
8
BLACK
6
CONTINUOUS
10
0.8296963385826771
20
0.7598520472440945
11
0.8298849212598425
21
0.7605558661417323
0
LINE
8
BLACK
6
CONTINUOUS
10
0.8298849212598425
20
0.7605558661417323
11
0.8298726771653543
21
0.7612843307086614
0
LINE
8
BLACK
6
CONTINUOUS
10
0.8298726771653543
20
0.7612843307086614
11
0.8326848031496062
21
0.7725329527559055
0
LINE
8
BLACK
6
CONTINUOUS
10
0.8326848031496062
20
0.7725329527559055
11
0.8330011811023622
21
0.7731029133858267
0
LINE
8
BLACK
6
CONTINUOUS
10
0.8330011811023622
20
0.7731029133858267
11
0.8331319291338583
21
0.7737416929133858
0
LINE
8
BLACK
6
CONTINUOUS
10
0.8331319291338583
20
0.7737416929133858
11
0.835944094488189
21
0.7793659842519685
0
LINE
8
BLACK
6
CONTINUOUS
10
0.835944094488189
20
0.7793659842519685
11
0.8365748818897638
21
0.7800773228346457
0
LINE
8
BLACK
6
CONTINUOUS
10
0.8365748818897638
20
0.7800773228346457
11
0.8370503543307086
21
0.7809008267716535
0
LINE
8
BLACK
6
CONTINUOUS
10
0.8370503543307086
20
0.7809008267716535
11
0.8398625196850393
21
0.7837129527559055
0
LINE
8
BLACK
6
CONTINUOUS
10
0.8398625196850393
20
0.7837129527559055
11
0.840685905511811
21
0.7841883070866141
0
LINE
8
BLACK
6
CONTINUOUS
10
0.840685905511811
20
0.7841883070866141
11
0.8413972834645669
21
0.7848191338582677
0
LINE
8
BLACK
6
CONTINUOUS
10
0.8413972834645669
20
0.7848191338582677
11
0.8470215354330708
21
0.7876312992125984
0
LINE
8
BLACK
6
CONTINUOUS
10
0.8470215354330708
20
0.7876312992125984
11
0.8483515354330708
21
0.7879034645669292
0
LINE
8
BLACK
6
CONTINUOUS
10
0.8483515354330708
20
0.7879034645669292
11
0.8496625984251969
21
0.7882547637795275
0
LINE
8
BLACK
6
CONTINUOUS
10
0.8496625984251969
20
0.7882547637795275
11
0.8552868897637795
21
0.7882547637795275
0
LINE
8
BLACK
6
CONTINUOUS
10
0.8552868897637795
20
0.7882547637795275
11
0.8565979527559054
21
0.7879034251968504
0
LINE
8
BLACK
6
CONTINUOUS
10
0.8475364566929133
20
0.7746835826771653
11
0.8460796062992125
21
0.7732267716535433
0
LINE
8
BLACK
6
CONTINUOUS
10
0.8460796062992125
20
0.7732267716535433
11
0.8439858661417322
21
0.7690393700787401
0
LINE
8
BLACK
6
CONTINUOUS
10
0.8439858661417322
20
0.7690393700787401
11
0.8415073622047244
21
0.7591251181102362
0
LINE
8
BLACK
6
CONTINUOUS
10
0.8415073622047244
20
0.7591251181102362
11
0.8415073622047244
21
0.7465182283464566
0
LINE
8
BLACK
6
CONTINUOUS
10
0.8415073622047244
20
0.7465182283464566
11
0.8439858661417322
21
0.7366039763779527
0
LINE
8
BLACK
6
CONTINUOUS
10
0.8439858661417322
20
0.7366039763779527
11
0.8460796062992125
21
0.7324165748031496
0
LINE
8
BLACK
6
CONTINUOUS
10
0.8460796062992125
20
0.7324165748031496
11
0.8475364566929133
21
0.7309597637795275
0
LINE
8
BLACK
6
CONTINUOUS
10
0.8475364566929133
20
0.7309597637795275
11
0.8510566929133858
21
0.7291996456692913
0
LINE
8
BLACK
6
CONTINUOUS
10
0.8510566929133858
20
0.7291996456692913
11
0.8538927952755905
21
0.7291996456692913
0
LINE
8
BLACK
6
CONTINUOUS
10
0.8538927952755905
20
0.7291996456692913
11
0.857413031496063
21
0.7309597637795275
0
LINE
8
BLACK
6
CONTINUOUS
10
0.857413031496063
20
0.7309597637795275
11
0.8588698818897638
21
0.7324166141732283
0
LINE
8
BLACK
6
CONTINUOUS
10
0.8588698818897638
20
0.7324166141732283
11
0.8609635039370078
21
0.736603937007874
0
LINE
8
BLACK
6
CONTINUOUS
10
0.8609635039370078
20
0.736603937007874
11
0.863442125984252
21
0.7465182677165354
0
LINE
8
BLACK
6
CONTINUOUS
10
0.863442125984252
20
0.7465182677165354
11
0.863442125984252
21
0.7591250787401574
0
LINE
8
BLACK
6
CONTINUOUS
10
0.863442125984252
20
0.7591250787401574
11
0.8609635039370078
21
0.7690394094488189
0
LINE
8
BLACK
6
CONTINUOUS
10
0.8609635039370078
20
0.7690394094488189
11
0.8588698818897638
21
0.7732267322834645
0
LINE
8
BLACK
6
CONTINUOUS
10
0.8588698818897638
20
0.7732267322834645
11
0.857413031496063
21
0.7746835826771653
0
LINE
8
BLACK
6
CONTINUOUS
10
0.857413031496063
20
0.7746835826771653
11
0.8538927952755905
21
0.7764437401574803
0
LINE
8
BLACK
6
CONTINUOUS
10
0.8538927952755905
20
0.7764437401574803
11
0.8510566929133858
21
0.7764437401574803
0
LINE
8
BLACK
6
CONTINUOUS
10
0.8510566929133858
20
0.7764437401574803
11
0.8475364566929133
21
0.7746835826771653
0
LINE
8
BLACK
6
CONTINUOUS
10
0.9089061811023622
20
0.7882042125984252
11
0.9090977559055118
21
0.7882425590551181
0
LINE
8
BLACK
6
CONTINUOUS
10
0.9090977559055118
20
0.7882425590551181
11
0.9103718897637795
21
0.7878114960629921
0
LINE
8
BLACK
6
CONTINUOUS
10
0.9103718897637795
20
0.7878114960629921
11
0.9116704330708661
21
0.7874635826771653
0
LINE
8
BLACK
6
CONTINUOUS
10
0.9116704330708661
20
0.7874635826771653
11
0.9118084645669291
21
0.7873255118110236
0
LINE
8
BLACK
6
CONTINUOUS
10
0.9118084645669291
20
0.7873255118110236
11
0.9119934645669291
21
0.7872629527559055
0
LINE
8
BLACK
6
CONTINUOUS
10
0.9119934645669291
20
0.7872629527559055
11
0.9128813385826772
21
0.7862526377952755
0
LINE
8
BLACK
6
CONTINUOUS
10
0.9128813385826772
20
0.7862526377952755
11
0.9138320078740158
21
0.7853020078740157
0
LINE
8
BLACK
6
CONTINUOUS
10
0.9138320078740158
20
0.7853020078740157
11
0.9138825196850393
21
0.7851134645669291
0
LINE
8
BLACK
6
CONTINUOUS
10
0.9138825196850393
20
0.7851134645669291
11
0.9140114566929134
21
0.7849667716535433
0
LINE
8
BLACK
6
CONTINUOUS
10
0.9140114566929134
20
0.7849667716535433
11
0.9142751968503937
21
0.783647874015748
0
LINE
8
BLACK
6
CONTINUOUS
10
0.9142751968503937
20
0.783647874015748
11
0.914623188976378
21
0.7823492519685039
0
LINE
8
BLACK
6
CONTINUOUS
10
0.914623188976378
20
0.7823492519685039
11
0.914623188976378
21
0.7291996456692913
0
LINE
8
BLACK
6
CONTINUOUS
10
0.914623188976378
20
0.7291996456692913
11
0.9255905905511811
21
0.7291996456692913
0
LINE
8
BLACK
6
CONTINUOUS
10
0.9255905905511811
20
0.7291996456692913
11
0.9285433464566929
21
0.7284084645669291
0
LINE
8
BLACK
6
CONTINUOUS
10
0.9285433464566929
20
0.7284084645669291
11
0.9307049212598425
21
0.7262468897637795
0
LINE
8
BLACK
6
CONTINUOUS
10
0.9307049212598425
20
0.7262468897637795
11
0.9314961023622047
21
0.7232941338582677
0
LINE
8
BLACK
6
CONTINUOUS
10
0.9314961023622047
20
0.7232941338582677
11
0.9307049212598425
21
0.7203413779527559
0
LINE
8
BLACK
6
CONTINUOUS
10
0.9307049212598425
20
0.7203413779527559
11
0.9285433464566929
21
0.7181798031496063
0
LINE
8
BLACK
6
CONTINUOUS
10
0.9285433464566929
20
0.7181798031496063
11
0.9255905905511811
21
0.7173886220472441
0
LINE
8
BLACK
6
CONTINUOUS
10
0.9255905905511811
20
0.7173886220472441
11
0.9087176771653543
21
0.7173886220472441
0
LINE
8
BLACK
6
CONTINUOUS
10
0.9087176771653543
20
0.7173886220472441
11
0.8918448031496062
21
0.7173886220472441
0
LINE
8
BLACK
6
CONTINUOUS
10
0.8918448031496062
20
0.7173886220472441
11
0.8888920472440944
21
0.7181798031496063
0
LINE
8
BLACK
6
CONTINUOUS
10
0.8888920472440944
20
0.7181798031496063
11
0.8867304724409448
21
0.7203413779527559
0
LINE
8
BLACK
6
CONTINUOUS
10
0.8867304724409448
20
0.7203413779527559
11
0.8859392913385826
21
0.7232941338582677
0
LINE
8
BLACK
6
CONTINUOUS
10
0.8859392913385826
20
0.7232941338582677
11
0.8867304724409448
21
0.7262468897637795
0
LINE
8
BLACK
6
CONTINUOUS
10
0.8867304724409448
20
0.7262468897637795
11
0.8888920472440944
21
0.7284084645669291
0
LINE
8
BLACK
6
CONTINUOUS
10
0.8888920472440944
20
0.7284084645669291
11
0.8918448031496062
21
0.7291996456692913
0
LINE
8
BLACK
6
CONTINUOUS
10
0.8918448031496062
20
0.7291996456692913
11
0.9028121653543307
21
0.7291996456692913
0
LINE
8
BLACK
6
CONTINUOUS
10
0.9028121653543307
20
0.7291996456692913
11
0.9028121653543307
21
0.7652799212598425
0
LINE
8
BLACK
6
CONTINUOUS
10
0.9028121653543307
20
0.7652799212598425
11
0.9016449212598425
21
0.7641126771653544
0
LINE
8
BLACK
6
CONTINUOUS
10
0.9016449212598425
20
0.7641126771653544
11
0.9008214960629921
21
0.7636372834645669
0
LINE
8
BLACK
6
CONTINUOUS
10
0.9008214960629921
20
0.7636372834645669
11
0.9001101181102362
21
0.7630064566929133
0
LINE
8
BLACK
6
CONTINUOUS
10
0.9001101181102362
20
0.7630064566929133
11
0.8944858267716536
21
0.7601943307086614
0
LINE
8
BLACK
6
CONTINUOUS
10
0.8944858267716536
20
0.7601943307086614
11
0.8914909448818897
21
0.7595814566929133
0
LINE
8
BLACK
6
CONTINUOUS
10
0.8914909448818897
20
0.7595814566929133
11
0.888590905511811
21
0.7605481496062992
0
LINE
8
BLACK
6
CONTINUOUS
10
0.888590905511811
20
0.7605481496062992
11
0.8865627559055118
21
0.7628353543307086
0
LINE
8
BLACK
6
CONTINUOUS
10
0.8865627559055118
20
0.7628353543307086
11
0.8859498818897638
21
0.7658302362204724
0
LINE
8
BLACK
6
CONTINUOUS
10
0.8859498818897638
20
0.7658302362204724
11
0.8869165748031496
21
0.7687302755905512
0
LINE
8
BLACK
6
CONTINUOUS
10
0.8869165748031496
20
0.7687302755905512
11
0.889203779527559
21
0.7707584251968503
0
LINE
8
BLACK
6
CONTINUOUS
10
0.889203779527559
20
0.7707584251968503
11
0.8939708661417323
21
0.7731419291338583
0
LINE
8
BLACK
6
CONTINUOUS
10
0.8939708661417323
20
0.7731419291338583
11
0.8985040157480315
21
0.7776750787401575
0
LINE
8
BLACK
6
CONTINUOUS
10
0.8985040157480315
20
0.7776750787401575
11
0.9038040157480315
21
0.7856250393700788
0
LINE
8
BLACK
6
CONTINUOUS
10
0.9038040157480315
20
0.7856250393700788
11
0.9048139763779527
21
0.7865126377952756
0
LINE
8
BLACK
6
CONTINUOUS
10
0.9048139763779527
20
0.7865126377952756
11
0.9057649212598425
21
0.7874635826771653
0
LINE
8
BLACK
6
CONTINUOUS
10
0.9057649212598425
20
0.7874635826771653
11
0.9059535039370078
21
0.787514094488189
0
LINE
8
BLACK
6
CONTINUOUS
10
0.9059535039370078
20
0.787514094488189
11
0.9061001968503937
21
0.787643031496063
0
LINE
8
BLACK
6
CONTINUOUS
10
0.9061001968503937
20
0.787643031496063
11
0.9074191338582677
21
0.787906811023622
0
LINE
8
BLACK
6
CONTINUOUS
10
0.9074191338582677
20
0.787906811023622
11
0.9087176771653543
21
0.7882547637795275
0
LINE
8
BLACK
6
CONTINUOUS
10
0.9087176771653543
20
0.7882547637795275
11
0.9089061811023622
21
0.7882042125984252
0
LINE
8
BLACK
6
CONTINUOUS
10
0.9636554330708661
20
0.7879733464566929
11
0.9640159842519684
21
0.7879517322834646
0
LINE
8
BLACK
6
CONTINUOUS
10
0.9640159842519684
20
0.7879517322834646
11
0.965005905511811
21
0.7872981102362204
0
LINE
8
BLACK
6
CONTINUOUS
10
0.965005905511811
20
0.7872981102362204
11
0.9660666535433071
21
0.7867677559055118
0
LINE
8
BLACK
6
CONTINUOUS
10
0.9660666535433071
20
0.7867677559055118
11
0.9662655905511811
21
0.7864664173228346
0
LINE
8
BLACK
6
CONTINUOUS
10
0.9662655905511811
20
0.7864664173228346
11
0.9665670472440945
21
0.7862674015748031
0
LINE
8
BLACK
6
CONTINUOUS
10
0.9665670472440945
20
0.7862674015748031
11
0.9670975590551181
21
0.7852062992125984
0
LINE
8
BLACK
6
CONTINUOUS
10
0.9670975590551181
20
0.7852062992125984
11
0.9677509448818897
21
0.7842167322834646
0
LINE
8
BLACK
6
CONTINUOUS
10
0.9677509448818897
20
0.7842167322834646
11
0.9874360236220472
21
0.7251616141732283
0
LINE
8
BLACK
6
CONTINUOUS
10
0.9874360236220472
20
0.7251616141732283
11
0.9876191732283465
21
0.7221101968503937
0
LINE
8
BLACK
6
CONTINUOUS
10
0.9876191732283465
20
0.7221101968503937
11
0.9862520866141732
21
0.7193759842519685
0
LINE
8
BLACK
6
CONTINUOUS
10
0.9862520866141732
20
0.7193759842519685
11
0.9837010236220473
21
0.7176916535433071
0
LINE
8
BLACK
6
CONTINUOUS
10
0.9837010236220473
20
0.7176916535433071
11
0.9806496062992126
21
0.7175085039370078
0
LINE
8
BLACK
6
CONTINUOUS
10
0.9806496062992126
20
0.7175085039370078
11
0.9779153937007874
21
0.7188755905511811
0
LINE
8
BLACK
6
CONTINUOUS
10
0.9779153937007874
20
0.7188755905511811
11
0.9762311023622047
21
0.721426653543307
0
LINE
8
BLACK
6
CONTINUOUS
10
0.9762311023622047
20
0.721426653543307
11
0.9719528346456693
21
0.7342614960629921
0
LINE
8
BLACK
6
CONTINUOUS
10
0.9719528346456693
20
0.7342614960629921
11
0.9523442125984252
21
0.7342614960629921
0
LINE
8
BLACK
6
CONTINUOUS
10
0.9523442125984252
20
0.7342614960629921
11
0.948065905511811
21
0.721426653543307
0
LINE
8
BLACK
6
CONTINUOUS
10
0.948065905511811
20
0.721426653543307
11
0.9463816141732283
21
0.7188756299212599
0
LINE
8
BLACK
6
CONTINUOUS
10
0.9463816141732283
20
0.7188756299212599
11
0.9436474015748031
21
0.7175085039370078
0
LINE
8
BLACK
6
CONTINUOUS
10
0.9436474015748031
20
0.7175085039370078
11
0.9405959842519684
21
0.7176916929133859
0
LINE
8
BLACK
6
CONTINUOUS
10
0.9405959842519684
20
0.7176916929133859
11
0.9380449606299213
21
0.7193759842519685
0
LINE
8
BLACK
6
CONTINUOUS
10
0.9380449606299213
20
0.7193759842519685
11
0.9366778346456692
21
0.7221101968503937
0
LINE
8
BLACK
6
CONTINUOUS
10
0.9366778346456692
20
0.7221101968503937
11
0.9368610236220473
21
0.7251616141732283
0
LINE
8
BLACK
6
CONTINUOUS
10
0.9368610236220473
20
0.7251616141732283
11
0.956546062992126
21
0.7842167322834646
0
LINE
8
BLACK
6
CONTINUOUS
10
0.956546062992126
20
0.7842167322834646
11
0.9571995275590551
21
0.7852064960629921
0
LINE
8
BLACK
6
CONTINUOUS
10
0.9571995275590551
20
0.7852064960629921
11
0.95773
21
0.7862674015748031
0
LINE
8
BLACK
6
CONTINUOUS
10
0.95773
20
0.7862674015748031
11
0.9580312992125984
21
0.7864663385826771
0
LINE
8
BLACK
6
CONTINUOUS
10
0.9580312992125984
20
0.7864663385826771
11
0.9582303543307087
21
0.7867677952755905
0
LINE
8
BLACK
6
CONTINUOUS
10
0.9582303543307087
20
0.7867677952755905
11
0.9592914173228346
21
0.7872983070866142
0
LINE
8
BLACK
6
CONTINUOUS
10
0.9592914173228346
20
0.7872983070866142
11
0.9602810236220473
21
0.7879516929133858
0
LINE
8
BLACK
6
CONTINUOUS
10
0.9602810236220473
20
0.7879516929133858
11
0.9606414566929133
21
0.7879733070866142
0
LINE
8
BLACK
6
CONTINUOUS
10
0.9606414566929133
20
0.7879733070866142
11
0.9609645669291338
21
0.7881348818897638
0
LINE
8
BLACK
6
CONTINUOUS
10
0.9609645669291338
20
0.7881348818897638
11
0.9621486220472441
21
0.788063779527559
0
LINE
8
BLACK
6
CONTINUOUS
10
0.9621486220472441
20
0.788063779527559
11
0.9633324409448819
21
0.7881348818897638
0
LINE
8
BLACK
6
CONTINUOUS
10
0.9633324409448819
20
0.7881348818897638
11
0.9636554330708661
21
0.7879733464566929
0
LINE
8
BLACK
6
CONTINUOUS
10
0.9562812204724409
20
0.7460725196850394
11
0.9680158267716535
21
0.7460725196850394
0
LINE
8
BLACK
6
CONTINUOUS
10
0.9680158267716535
20
0.7460725196850394
11
0.9621485039370079
21
0.7636743700787402
0
LINE
8
BLACK
6
CONTINUOUS
10
0.9621485039370079
20
0.7636743700787402
11
0.9562812204724409
21
0.7460725196850394
0
LINE
8
BLACK
6
CONTINUOUS
10
0.7074879133858267
20
0.7866405905511811
11
0.7090900393700788
21
0.7840371259842519
0
LINE
8
BLACK
6
CONTINUOUS
10
0.7090900393700788
20
0.7840371259842519
11
0.7091757874015748
21
0.7809814173228347
0
LINE
8
BLACK
6
CONTINUOUS
10
0.7091757874015748
20
0.7809814173228347
11
0.6951150393700787
21
0.7219262992125984
0
LINE
8
BLACK
6
CONTINUOUS
10
0.6951150393700787
20
0.7219262992125984
11
0.6950726377952756
21
0.721847874015748
0
LINE
8
BLACK
6
CONTINUOUS
10
0.6950726377952756
20
0.721847874015748
11
0.6950725590551181
21
0.7217588582677166
0
LINE
8
BLACK
6
CONTINUOUS
10
0.6950725590551181
20
0.7217588582677166
11
0.694348779527559
21
0.7205087007874016
0
LINE
8
BLACK
6
CONTINUOUS
10
0.694348779527559
20
0.7205087007874016
11
0.6936614566929133
21
0.7192370866141732
0
LINE
8
BLACK
6
CONTINUOUS
10
0.6936614566929133
20
0.7192370866141732
11
0.6935855511811023
21
0.7191903543307087
0
LINE
8
BLACK
6
CONTINUOUS
10
0.6935855511811023
20
0.7191903543307087
11
0.6935409448818898
21
0.7191133070866141
0
LINE
8
BLACK
6
CONTINUOUS
10
0.6935409448818898
20
0.7191133070866141
11
0.6922890551181102
21
0.7183925196850394
0
LINE
8
BLACK
6
CONTINUOUS
10
0.6922890551181102
20
0.7183925196850394
11
0.6910579921259843
21
0.7176349606299213
0
LINE
8
BLACK
6
CONTINUOUS
10
0.6910579921259843
20
0.7176349606299213
11
0.6909688976377952
21
0.7176324409448819
0
LINE
8
BLACK
6
CONTINUOUS
10
0.6909688976377952
20
0.7176324409448819
11
0.6908917322834646
21
0.717588031496063
0
LINE
8
BLACK
6
CONTINUOUS
10
0.6908917322834646
20
0.717588031496063
11
0.689447283464567
21
0.7175897244094488
0
LINE
8
BLACK
6
CONTINUOUS
10
0.689447283464567
20
0.7175897244094488
11
0.6880022834645669
21
0.7175492125984252
0
LINE
8
BLACK
6
CONTINUOUS
10
0.6880022834645669
20
0.7175492125984252
11
0.6879238582677165
21
0.7175915748031496
0
LINE
8
BLACK
6
CONTINUOUS
10
0.6879238582677165
20
0.7175915748031496
11
0.6878348425196851
21
0.7175916929133858
0
LINE
8
BLACK
6
CONTINUOUS
10
0.6878348425196851
20
0.7175916929133858
11
0.6865846850393701
21
0.7183154330708661
0
LINE
8
BLACK
6
CONTINUOUS
10
0.6865846850393701
20
0.7183154330708661
11
0.6853130708661417
21
0.7190027952755905
0
LINE
8
BLACK
6
CONTINUOUS
10
0.6853130708661417
20
0.7190027952755905
11
0.6852663385826772
21
0.7190786614173228
0
LINE
8
BLACK
6
CONTINUOUS
10
0.6852663385826772
20
0.7190786614173228
11
0.6851892913385826
21
0.7191233070866142
0
LINE
8
BLACK
6
CONTINUOUS
10
0.6851892913385826
20
0.7191233070866142
11
0.6844685039370079
21
0.720375157480315
0
LINE
8
BLACK
6
CONTINUOUS
10
0.6844685039370079
20
0.720375157480315
11
0.6837109448818898
21
0.7216062598425197
0
LINE
8
BLACK
6
CONTINUOUS
10
0.6837109448818898
20
0.7216062598425197
11
0.6837084251968504
21
0.7216953149606299
0
LINE
8
BLACK
6
CONTINUOUS
10
0.6837084251968504
20
0.7216953149606299
11
0.6836640157480315
21
0.7217725196850393
0
LINE
8
BLACK
6
CONTINUOUS
10
0.6836640157480315
20
0.7217725196850393
11
0.6781214960629921
21
0.7425568503937008
0
LINE
8
BLACK
6
CONTINUOUS
10
0.6781214960629921
20
0.7425568503937008
11
0.6725790157480315
21
0.7217725196850393
0
LINE
8
BLACK
6
CONTINUOUS
10
0.6725790157480315
20
0.7217725196850393
11
0.6725345669291338
21
0.7216953149606299
0
LINE
8
BLACK
6
CONTINUOUS
10
0.6725345669291338
20
0.7216953149606299
11
0.6725320866141732
21
0.7216062598425197
0
LINE
8
BLACK
6
CONTINUOUS
10
0.6725320866141732
20
0.7216062598425197
11
0.6717744881889763
21
0.720375157480315
0
LINE
8
BLACK
6
CONTINUOUS
10
0.6717744881889763
20
0.720375157480315
11
0.6710537401574803
21
0.7191233070866142
0
LINE
8
BLACK
6
CONTINUOUS
10
0.6710537401574803
20
0.7191233070866142
11
0.670976653543307
21
0.7190786614173228
0
LINE
8
BLACK
6
CONTINUOUS
10
0.670976653543307
20
0.7190786614173228
11
0.6709299606299213
21
0.7190027952755905
0
LINE
8
BLACK
6
CONTINUOUS
10
0.6709299606299213
20
0.7190027952755905
11
0.6696583070866141
21
0.7183154330708661
0
LINE
8
BLACK
6
CONTINUOUS
10
0.6696583070866141
20
0.7183154330708661
11
0.668408188976378
21
0.7175916929133858
0
LINE
8
BLACK
6
CONTINUOUS
10
0.668408188976378
20
0.7175916929133858
11
0.6683191338582677
21
0.7175915748031496
0
LINE
8
BLACK
6
CONTINUOUS
10
0.6683191338582677
20
0.7175915748031496
11
0.668240748031496
21
0.7175492125984252
0
LINE
8
BLACK
6
CONTINUOUS
10
0.668240748031496
20
0.7175492125984252
11
0.6667957086614174
21
0.7175897244094488
0
LINE
8
BLACK
6
CONTINUOUS
10
0.6667957086614174
20
0.7175897244094488
11
0.6653512992125984
21
0.717588031496063
0
LINE
8
BLACK
6
CONTINUOUS
10
0.6653512992125984
20
0.717588031496063
11
0.665274094488189
21
0.7176324409448819
0
LINE
8
BLACK
6
CONTINUOUS
10
0.665274094488189
20
0.7176324409448819
11
0.6651850393700788
21
0.7176349606299213
0
LINE
8
BLACK
6
CONTINUOUS
10
0.6651850393700788
20
0.7176349606299213
11
0.663953937007874
21
0.7183925196850394
0
LINE
8
BLACK
6
CONTINUOUS
10
0.663953937007874
20
0.7183925196850394
11
0.6627020866141732
21
0.7191133070866141
0
LINE
8
BLACK
6
CONTINUOUS
10
0.6627020866141732
20
0.7191133070866141
11
0.6626574409448819
21
0.7191903543307087
0
LINE
8
BLACK
6
CONTINUOUS
10
0.6626574409448819
20
0.7191903543307087
11
0.6625815748031496
21
0.7192370866141732
0
LINE
8
BLACK
6
CONTINUOUS
10
0.6625815748031496
20
0.7192370866141732
11
0.6618942125984252
21
0.7205087007874016
0
LINE
8
BLACK
6
CONTINUOUS
10
0.6618942125984252
20
0.7205087007874016
11
0.6611704724409448
21
0.7217588582677166
0
LINE
8
BLACK
6
CONTINUOUS
10
0.6611704724409448
20
0.7217588582677166
11
0.6611703543307087
21
0.721847874015748
0
LINE
8
BLACK
6
CONTINUOUS
10
0.6611703543307087
20
0.721847874015748
11
0.6611279921259843
21
0.7219262992125984
0
LINE
8
BLACK
6
CONTINUOUS
10
0.6611279921259843
20
0.7219262992125984
11
0.6470672440944881
21
0.7809814173228347
0
LINE
8
BLACK
6
CONTINUOUS
10
0.6470672440944881
20
0.7809814173228347
11
0.6471529921259842
21
0.7840371259842519
0
LINE
8
BLACK
6
CONTINUOUS
10
0.6471529921259842
20
0.7840371259842519
11
0.6487551181102362
21
0.7866405905511811
0
LINE
8
BLACK
6
CONTINUOUS
10
0.6487551181102362
20
0.7866405905511811
11
0.6514443307086614
21
0.7880941732283464
0
LINE
8
BLACK
6
CONTINUOUS
10
0.6514443307086614
20
0.7880941732283464
11
0.6545000393700787
21
0.7880084251968503
0
LINE
8
BLACK
6
CONTINUOUS
10
0.6545000393700787
20
0.7880084251968503
11
0.6571035039370079
21
0.7864062992125984
0
LINE
8
BLACK
6
CONTINUOUS
10
0.6571035039370079
20
0.7864062992125984
11
0.6585570866141732
21
0.7837170866141732
0
LINE
8
BLACK
6
CONTINUOUS
10
0.6585570866141732
20
0.7837170866141732
11
0.6671970472440945
21
0.7474292125984252
0
LINE
8
BLACK
6
CONTINUOUS
10
0.6671970472440945
20
0.7474292125984252
11
0.6724153937007874
21
0.7669979921259842
0
LINE
8
BLACK
6
CONTINUOUS
10
0.6724153937007874
20
0.7669979921259842
11
0.6724189763779528
21
0.767004251968504
0
LINE
8
BLACK
6
CONTINUOUS
10
0.6724189763779528
20
0.767004251968504
11
0.6724190157480315
21
0.767011653543307
0
LINE
8
BLACK
6
CONTINUOUS
10
0.6724190157480315
20
0.767011653543307
11
0.6731849212598425
21
0.7683345669291338
0
LINE
8
BLACK
6
CONTINUOUS
10
0.6731849212598425
20
0.7683345669291338
11
0.6739406692913386
21
0.7696472047244094
0
LINE
8
BLACK
6
CONTINUOUS
10
0.6739406692913386
20
0.7696472047244094
11
0.673946968503937
21
0.7696508661417323
0
LINE
8
BLACK
6
CONTINUOUS
10
0.673946968503937
20
0.7696508661417323
11
0.6739506692913386
21
0.7696572047244095
0
LINE
8
BLACK
6
CONTINUOUS
10
0.6739506692913386
20
0.7696572047244095
11
0.6752632677165354
21
0.7704129133858267
0
LINE
8
BLACK
6
CONTINUOUS
10
0.6752632677165354
20
0.7704129133858267
11
0.6765862204724409
21
0.7711788582677165
0
LINE
8
BLACK
6
CONTINUOUS
10
0.6765862204724409
20
0.7711788582677165
11
0.6765935826771653
21
0.7711788582677165
0
LINE
8
BLACK
6
CONTINUOUS
10
0.6765935826771653
20
0.7711788582677165
11
0.6765998818897637
21
0.7711824803149606
0
LINE
8
BLACK
6
CONTINUOUS
10
0.6765998818897637
20
0.7711824803149606
11
0.6781214960629921
21
0.7711806692913385
0
LINE
8
BLACK
6
CONTINUOUS
10
0.6781214960629921
20
0.7711806692913385
11
0.6796431102362205
21
0.7711824803149606
0
LINE
8
BLACK
6
CONTINUOUS
10
0.6796431102362205
20
0.7711824803149606
11
0.6796493700787402
21
0.7711788582677165
0
LINE
8
BLACK
6
CONTINUOUS
10
0.6796493700787402
20
0.7711788582677165
11
0.6796567716535433
21
0.7711788582677165
0
LINE
8
BLACK
6
CONTINUOUS
10
0.6796567716535433
20
0.7711788582677165
11
0.68097968503937
21
0.7704129133858267
0
LINE
8
BLACK
6
CONTINUOUS
10
0.68097968503937
20
0.7704129133858267
11
0.6822923228346457
21
0.7696572047244095
0
LINE
8
BLACK
6
CONTINUOUS
10
0.6822923228346457
20
0.7696572047244095
11
0.6822959842519685
21
0.7696508661417323
0
LINE
8
BLACK
6
CONTINUOUS
10
0.6822959842519685
20
0.7696508661417323
11
0.6823023228346456
21
0.7696472047244094
0
LINE
8
BLACK
6
CONTINUOUS
10
0.6823023228346456
20
0.7696472047244094
11
0.6830616141732283
21
0.7683283858267717
0
LINE
8
BLACK
6
CONTINUOUS
10
0.6830616141732283
20
0.7683283858267717
11
0.683823937007874
21
0.767011653543307
0
LINE
8
BLACK
6
CONTINUOUS
10
0.683823937007874
20
0.767011653543307
11
0.683823937007874
21
0.7670043307086614
0
LINE
8
BLACK
6
CONTINUOUS
10
0.683823937007874
20
0.7670043307086614
11
0.6838275984251968
21
0.7669979921259842
0
LINE
8
BLACK
6
CONTINUOUS
10
0.6838275984251968
20
0.7669979921259842
11
0.6890459448818897
21
0.7474291732283465
0
LINE
8
BLACK
6
CONTINUOUS
10
0.6890459448818897
20
0.7474291732283465
11
0.6976859448818897
21
0.7837170866141732
0
LINE
8
BLACK
6
CONTINUOUS
10
0.6976859448818897
20
0.7837170866141732
11
0.6991395275590551
21
0.7864062992125984
0
LINE
8
BLACK
6
CONTINUOUS
10
0.6991395275590551
20
0.7864062992125984
11
0.7017429921259842
21
0.7880084251968503
0
LINE
8
BLACK
6
CONTINUOUS
10
0.7017429921259842
20
0.7880084251968503
11
0.7047987007874016
21
0.7880941732283464
0
LINE
8
BLACK
6
CONTINUOUS
10
0.7047987007874016
20
0.7880941732283464
11
0.7074879133858267
21
0.7866405905511811
0
LINE
8
BLACK
6
CONTINUOUS
10
0.2838671653543307
20
0.8390403937007874
11
0.2845590551181102
21
0.8373700787401575
0
LINE
8
BLACK
6
CONTINUOUS
10
0.2845590551181102
20
0.8373700787401575
11
0.2845590551181102
21
0.7586299212598425
0
LINE
8
BLACK
6
CONTINUOUS
10
0.2845590551181102
20
0.7586299212598425
11
0.2838671653543307
21
0.7569596062992126
0
LINE
8
BLACK
6
CONTINUOUS
10
0.2838671653543307
20
0.7569596062992126
11
0.2821968503937008
21
0.756267716535433
0
LINE
8
BLACK
6
CONTINUOUS
10
0.2821968503937008
20
0.756267716535433
11
0.2805265354330709
21
0.7569596062992126
0
LINE
8
BLACK
6
CONTINUOUS
10
0.2805265354330709
20
0.7569596062992126
11
0.2798346456692913
21
0.7586299212598425
0
LINE
8
BLACK
6
CONTINUOUS
10
0.2798346456692913
20
0.7586299212598425
11
0.2798346456692913
21
0.8373700787401575
0
LINE
8
BLACK
6
CONTINUOUS
10
0.2798346456692913
20
0.8373700787401575
11
0.2805265354330709
21
0.8390403937007874
0
LINE
8
BLACK
6
CONTINUOUS
10
0.2805265354330709
20
0.8390403937007874
11
0.2821968503937008
21
0.839732283464567
0
LINE
8
BLACK
6
CONTINUOUS
10
0.2821968503937008
20
0.839732283464567
11
0.2838671653543307
21
0.8390403937007874
0
LINE
8
BLACK
6
CONTINUOUS
10
1.0570762598425196
20
0.8202384645669291
11
1.0572114960629921
21
0.8201249606299212
0
LINE
8
BLACK
6
CONTINUOUS
10
1.0572114960629921
20
0.8201249606299212
11
1.0573868503937007
21
0.8201048031496063
0
LINE
8
BLACK
6
CONTINUOUS
10
1.0573868503937007
20
0.8201048031496063
11
1.0611363779527558
21
0.8182300393700788
0
LINE
8
BLACK
6
CONTINUOUS
10
1.0611363779527558
20
0.8182300393700788
11
1.0618454330708662
21
0.8177040944881889
0
LINE
8
BLACK
6
CONTINUOUS
10
1.0618454330708662
20
0.8177040944881889
11
1.061903779527559
21
0.8176769291338583
0
LINE
8
BLACK
6
CONTINUOUS
10
1.061903779527559
20
0.8176769291338583
11
1.0637785433070865
21
0.8158021653543307
0
LINE
8
BLACK
6
CONTINUOUS
10
1.0637785433070865
20
0.8158021653543307
11
1.0642848031496064
21
0.8150790551181102
0
LINE
8
BLACK
6
CONTINUOUS
10
1.0642848031496064
20
0.8150790551181102
11
1.0643316535433072
21
0.8150347637795275
0
LINE
8
BLACK
6
CONTINUOUS
10
1.0643316535433072
20
0.8150347637795275
11
1.0662064173228347
21
0.8112852362204724
0
LINE
8
BLACK
6
CONTINUOUS
10
1.0662064173228347
20
0.8112852362204724
11
1.0664987795275591
21
0.8103023228346456
0
LINE
8
BLACK
6
CONTINUOUS
10
1.0664987795275591
20
0.8103023228346456
11
1.0664577559055117
21
0.8101305905511811
0
LINE
8
BLACK
6
CONTINUOUS
10
1.0664577559055117
20
0.8101305905511811
11
1.0665181496062992
21
0.8099647244094488
0
LINE
8
BLACK
6
CONTINUOUS
10
1.0665181496062992
20
0.8099647244094488
11
1.0665181496062992
21
0.8062151968503937
0
LINE
8
BLACK
6
CONTINUOUS
10
1.0665181496062992
20
0.8062151968503937
11
1.0663400787401573
21
0.8052052755905512
0
LINE
8
BLACK
6
CONTINUOUS
10
1.0663400787401573
20
0.8052052755905512
11
1.0662265748031496
21
0.80507
0
LINE
8
BLACK
6
CONTINUOUS
10
1.0662265748031496
20
0.80507
11
1.0662064173228347
21
0.80489468503937
0
LINE
8
BLACK
6
CONTINUOUS
10
1.0662064173228347
20
0.80489468503937
11
1.0643316535433072
21
0.8011451574803149
0
LINE
8
BLACK
6
CONTINUOUS
10
1.0643316535433072
20
0.8011451574803149
11
1.063805748031496
21
0.800436062992126
0
LINE
8
BLACK
6
CONTINUOUS
10
1.063805748031496
20
0.800436062992126
11
1.0637785433070865
21
0.8003777559055117
0
LINE
8
BLACK
6
CONTINUOUS
10
1.0637785433070865
20
0.8003777559055117
11
1.0628961811023623
21
0.7994953937007874
0
LINE
8
BLACK
6
CONTINUOUS
10
1.0628961811023623
20
0.7994953937007874
11
1.0635261417322834
21
0.7991543307086614
0
LINE
8
BLACK
6
CONTINUOUS
10
1.0635261417322834
20
0.7991543307086614
11
1.0636185433070866
21
0.7990038582677165
0
LINE
8
BLACK
6
CONTINUOUS
10
1.0636185433070866
20
0.7990038582677165
11
1.0637785433070865
21
0.7989292913385827
0
LINE
8
BLACK
6
CONTINUOUS
10
1.0637785433070865
20
0.7989292913385827
11
1.0656533070866141
21
0.7970545275590551
0
LINE
8
BLACK
6
CONTINUOUS
10
1.0656533070866141
20
0.7970545275590551
11
1.0661595669291339
21
0.7963314173228346
0
LINE
8
BLACK
6
CONTINUOUS
10
1.0661595669291339
20
0.7963314173228346
11
1.0662064173228347
21
0.796287125984252
0
LINE
8
BLACK
6
CONTINUOUS
10
1.0662064173228347
20
0.796287125984252
11
1.0680811811023623
21
0.7925375984251969
0
LINE
8
BLACK
6
CONTINUOUS
10
1.0680811811023623
20
0.7925375984251969
11
1.0683735433070867
21
0.7915546850393701
0
LINE
8
BLACK
6
CONTINUOUS
10
1.0683735433070867
20
0.7915546850393701
11
1.0683325196850393
21
0.7913829527559055
0
LINE
8
BLACK
6
CONTINUOUS
10
1.0683325196850393
20
0.7913829527559055
11
1.0683929133858268
21
0.7912170866141732
0
LINE
8
BLACK
6
CONTINUOUS
10
1.0683929133858268
20
0.7912170866141732
11
1.0683929133858268
21
0.7855927952755906
0
LINE
8
BLACK
6
CONTINUOUS
10
1.0683929133858268
20
0.7855927952755906
11
1.0682148425196851
21
0.784582874015748
0
LINE
8
BLACK
6
CONTINUOUS
10
1.0682148425196851
20
0.784582874015748
11
1.0681013385826772
21
0.7844475984251968
0
LINE
8
BLACK
6
CONTINUOUS
10
1.0681013385826772
20
0.7844475984251968
11
1.0680811811023623
21
0.7842722834645669
0
LINE
8
BLACK
6
CONTINUOUS
10
1.0680811811023623
20
0.7842722834645669
11
1.0662064173228347
21
0.7805227559055118
0
LINE
8
BLACK
6
CONTINUOUS
10
1.0662064173228347
20
0.7805227559055118
11
1.0656805118110235
21
0.7798136614173228
0
LINE
8
BLACK
6
CONTINUOUS
10
1.0656805118110235
20
0.7798136614173228
11
1.0656533070866141
21
0.7797553543307086
0
LINE
8
BLACK
6
CONTINUOUS
10
1.0656533070866141
20
0.7797553543307086
11
1.0637785433070865
21
0.7778805905511811
0
LINE
8
BLACK
6
CONTINUOUS
10
1.0637785433070865
20
0.7778805905511811
11
1.0630555511811024
21
0.7773743700787401
0
LINE
8
BLACK
6
CONTINUOUS
10
1.0630555511811024
20
0.7773743700787401
11
1.0630111811023621
21
0.7773274803149606
0
LINE
8
BLACK
6
CONTINUOUS
10
1.0630111811023621
20
0.7773274803149606
11
1.059261653543307
21
0.7754526771653543
0
LINE
8
BLACK
6
CONTINUOUS
10
1.059261653543307
20
0.7754526771653543
11
1.0582787007874015
21
0.7751603149606299
0
LINE
8
BLACK
6
CONTINUOUS
10
1.0582787007874015
20
0.7751603149606299
11
1.058106968503937
21
0.7752012992125984
0
LINE
8
BLACK
6
CONTINUOUS
10
1.058106968503937
20
0.7752012992125984
11
1.0579411023622047
21
0.7751409448818898
0
LINE
8
BLACK
6
CONTINUOUS
10
1.0579411023622047
20
0.7751409448818898
11
1.0429429921259843
21
0.7751409448818898
0
LINE
8
BLACK
6
CONTINUOUS
10
1.0429429921259843
20
0.7751409448818898
11
1.0425594488188976
21
0.7752085433070866
0
LINE
8
BLACK
6
CONTINUOUS
10
1.0425594488188976
20
0.7752085433070866
11
1.0424302362204725
21
0.7751857874015747
0
LINE
8
BLACK
6
CONTINUOUS
10
1.0424302362204725
20
0.7751857874015747
11
1.0423166141732283
21
0.7752513779527559
0
LINE
8
BLACK
6
CONTINUOUS
10
1.0423166141732283
20
0.7752513779527559
11
1.0419330708661416
21
0.7753190157480315
0
LINE
8
BLACK
6
CONTINUOUS
10
1.0419330708661416
20
0.7753190157480315
11
1.0413453543307087
21
0.775812125984252
0
LINE
8
BLACK
6
CONTINUOUS
10
1.0413453543307087
20
0.775812125984252
11
1.0406810629921259
21
0.7761957086614173
0
LINE
8
BLACK
6
CONTINUOUS
10
1.0406810629921259
20
0.7761957086614173
11
1.0405899212598424
21
0.7764460236220472
0
LINE
8
BLACK
6
CONTINUOUS
10
1.0405899212598424
20
0.7764460236220472
11
1.0403858267716535
21
0.7766173228346457
0
LINE
8
BLACK
6
CONTINUOUS
10
1.0403858267716535
20
0.7766173228346457
11
1.0402525590551182
21
0.7773728740157481
0
LINE
8
BLACK
6
CONTINUOUS
10
1.0402525590551182
20
0.7773728740157481
11
1.0399902362204725
21
0.7780937007874016
0
LINE
8
BLACK
6
CONTINUOUS
10
1.0399902362204725
20
0.7780937007874016
11
1.0399902362204725
21
0.817463779527559
0
LINE
8
BLACK
6
CONTINUOUS
10
1.0399902362204725
20
0.817463779527559
11
1.0400578346456693
21
0.8178472834645669
0
LINE
8
BLACK
6
CONTINUOUS
10
1.0400578346456693
20
0.8178472834645669
11
1.0400350787401575
21
0.8179765354330708
0
LINE
8
BLACK
6
CONTINUOUS
10
1.0400350787401575
20
0.8179765354330708
11
1.0401006692913386
21
0.8180901181102362
0
LINE
8
BLACK
6
CONTINUOUS
10
1.0401006692913386
20
0.8180901181102362
11
1.0401683070866141
21
0.8184737007874016
0
LINE
8
BLACK
6
CONTINUOUS
10
1.0401683070866141
20
0.8184737007874016
11
1.0406614173228346
21
0.8190613779527559
0
LINE
8
BLACK
6
CONTINUOUS
10
1.0406614173228346
20
0.8190613779527559
11
1.041045
21
0.8197257086614173
0
LINE
8
BLACK
6
CONTINUOUS
10
1.041045
20
0.8197257086614173
11
1.0412953149606299
21
0.819816811023622
0
LINE
8
BLACK
6
CONTINUOUS
10
1.0412953149606299
20
0.819816811023622
11
1.0414666141732283
21
0.8200209448818897
0
LINE
8
BLACK
6
CONTINUOUS
10
1.0414666141732283
20
0.8200209448818897
11
1.0422221653543307
21
0.8201541732283464
0
LINE
8
BLACK
6
CONTINUOUS
10
1.0422221653543307
20
0.8201541732283464
11
1.0429429921259843
21
0.8204165354330708
0
LINE
8
BLACK
6
CONTINUOUS
10
1.0429429921259843
20
0.8204165354330708
11
1.0560663385826772
21
0.8204165354330708
0
LINE
8
BLACK
6
CONTINUOUS
10
1.0560663385826772
20
0.8204165354330708
11
1.0570762598425196
21
0.8202384645669291
0
LINE
8
BLACK
6
CONTINUOUS
10
1.0458957480314961
20
0.7810464566929134
11
1.0572440157480314
21
0.7810464566929134
0
LINE
8
BLACK
6
CONTINUOUS
10
1.0572440157480314
20
0.7810464566929134
11
1.059941496062992
21
0.7823951968503937
0
LINE
8
BLACK
6
CONTINUOUS
10
1.059941496062992
20
0.7823951968503937
11
1.0611386614173228
21
0.7835923622047244
0
LINE
8
BLACK
6
CONTINUOUS
10
1.0611386614173228
20
0.7835923622047244
11
1.0624874015748031
21
0.786289842519685
0
LINE
8
BLACK
6
CONTINUOUS
10
1.0624874015748031
20
0.786289842519685
11
1.0624874015748031
21
0.7905200393700788
0
LINE
8
BLACK
6
CONTINUOUS
10
1.0624874015748031
20
0.7905200393700788
11
1.0611386614173228
21
0.7932175196850394
0
LINE
8
BLACK
6
CONTINUOUS
10
1.0611386614173228
20
0.7932175196850394
11
1.0600955905511811
21
0.7942605511811024
0
LINE
8
BLACK
6
CONTINUOUS
10
1.0600955905511811
20
0.7942605511811024
11
1.0555872047244095
21
0.7957633858267716
0
LINE
8
BLACK
6
CONTINUOUS
10
1.0555872047244095
20
0.7957633858267716
11
1.0458957480314961
21
0.7957633858267716
0
LINE
8
BLACK
6
CONTINUOUS
10
1.0458957480314961
20
0.7957633858267716
11
1.0458957480314961
21
0.7810464566929134
0
LINE
8
BLACK
6
CONTINUOUS
10
1.0458957480314961
20
0.8016688976377953
11
1.0553692913385826
21
0.8016688976377953
0
LINE
8
BLACK
6
CONTINUOUS
10
1.0553692913385826
20
0.8016688976377953
11
1.0580667716535432
21
0.8030176377952756
0
LINE
8
BLACK
6
CONTINUOUS
10
1.0580667716535432
20
0.8030176377952756
11
1.0592638976377953
21
0.8042147637795275
0
LINE
8
BLACK
6
CONTINUOUS
10
1.0592638976377953
20
0.8042147637795275
11
1.0606126377952756
21
0.8069122440944881
0
LINE
8
BLACK
6
CONTINUOUS
10
1.0606126377952756
20
0.8069122440944881
11
1.0606126377952756
21
0.8092676771653543
0
LINE
8
BLACK
6
CONTINUOUS
10
1.0606126377952756
20
0.8092676771653543
11
1.0592638976377953
21
0.8119651574803149
0
LINE
8
BLACK
6
CONTINUOUS
10
1.0592638976377953
20
0.8119651574803149
11
1.0580667716535432
21
0.8131622834645669
0
LINE
8
BLACK
6
CONTINUOUS
10
1.0580667716535432
20
0.8131622834645669
11
1.0553692913385826
21
0.8145110236220472
0
LINE
8
BLACK
6
CONTINUOUS
10
1.0553692913385826
20
0.8145110236220472
11
1.0458957480314961
21
0.8145110236220472
0
LINE
8
BLACK
6
CONTINUOUS
10
1.0458957480314961
20
0.8145110236220472
11
1.0458957480314961
21
0.8016688976377953
0
LINE
8
BLACK
6
CONTINUOUS
10
1.1264425984251969
20
0.8202384645669291
11
1.1265778346456692
21
0.8201249606299212
0
LINE
8
BLACK
6
CONTINUOUS
10
1.1265778346456692
20
0.8201249606299212
11
1.126753188976378
21
0.8201048031496063
0
LINE
8
BLACK
6
CONTINUOUS
10
1.126753188976378
20
0.8201048031496063
11
1.1305027165354331
21
0.8182300393700788
0
LINE
8
BLACK
6
CONTINUOUS
10
1.1305027165354331
20
0.8182300393700788
11
1.1312117716535433
21
0.8177040944881889
0
LINE
8
BLACK
6
CONTINUOUS
10
1.1312117716535433
20
0.8177040944881889
11
1.1312701181102363
21
0.8176769291338583
0
LINE
8
BLACK
6
CONTINUOUS
10
1.1312701181102363
20
0.8176769291338583
11
1.1331448818897638
21
0.8158021653543307
0
LINE
8
BLACK
6
CONTINUOUS
10
1.1331448818897638
20
0.8158021653543307
11
1.1336511417322834
21
0.8150790551181102
0
LINE
8
BLACK
6
CONTINUOUS
10
1.1336511417322834
20
0.8150790551181102
11
1.1336979921259842
21
0.8150347637795275
0
LINE
8
BLACK
6
CONTINUOUS
10
1.1336979921259842
20
0.8150347637795275
11
1.1355727559055118
21
0.8112852362204724
0
LINE
8
BLACK
6
CONTINUOUS
10
1.1355727559055118
20
0.8112852362204724
11
1.1358651181102362
21
0.8103023228346456
0
LINE
8
BLACK
6
CONTINUOUS
10
1.1358651181102362
20
0.8103023228346456
11
1.135824094488189
21
0.8101305905511811
0
LINE
8
BLACK
6
CONTINUOUS
10
1.135824094488189
20
0.8101305905511811
11
1.1358844881889762
21
0.8099647244094488
0
LINE
8
BLACK
6
CONTINUOUS
10
1.1358844881889762
20
0.8099647244094488
11
1.1358844881889762
21
0.8062151968503937
0
LINE
8
BLACK
6
CONTINUOUS
10
1.1358844881889762
20
0.8062151968503937
11
1.1357311811023623
21
0.8053457874015748
0
LINE
8
BLACK
6
CONTINUOUS
10
1.1357311811023623
20
0.8053457874015748
11
1.1357329527559055
21
0.8052814173228346
0
LINE
8
BLACK
6
CONTINUOUS
10
1.1357329527559055
20
0.8052814173228346
11
1.1338581889763779
21
0.7996571653543307
0
LINE
8
BLACK
6
CONTINUOUS
10
1.1338581889763779
20
0.7996571653543307
11
1.1333698818897637
21
0.7987553937007874
0
LINE
8
BLACK
6
CONTINUOUS
10
1.1333698818897637
20
0.7987553937007874
11
1.1332194881889763
21
0.7986629921259842
0
LINE
8
BLACK
6
CONTINUOUS
10
1.1332194881889763
20
0.7986629921259842
11
1.1331448818897638
21
0.7985029921259842
0
LINE
8
BLACK
6
CONTINUOUS
10
1.1331448818897638
20
0.7985029921259842
11
1.1156883858267717
21
0.7810464566929134
0
LINE
8
BLACK
6
CONTINUOUS
10
1.1156883858267717
20
0.7810464566929134
11
1.1329317322834644
21
0.7810464566929134
0
LINE
8
BLACK
6
CONTINUOUS
10
1.1329317322834644
20
0.7810464566929134
11
1.1339416535433071
21
0.7808683858267716
0
LINE
8
BLACK
6
CONTINUOUS
10
1.1339416535433071
20
0.7808683858267716
11
1.1354888976377953
21
0.7795700787401575
0
LINE
8
BLACK
6
CONTINUOUS
10
1.1354888976377953
20
0.7795700787401575
11
1.1358396456692914
21
0.7775809448818898
0
LINE
8
BLACK
6
CONTINUOUS
10
1.1358396456692914
20
0.7775809448818898
11
1.1348297244094487
21
0.7758317716535433
0
LINE
8
BLACK
6
CONTINUOUS
10
1.1348297244094487
20
0.7758317716535433
11
1.1329317322834644
21
0.7751409448818898
0
LINE
8
BLACK
6
CONTINUOUS
10
1.1329317322834644
20
0.7751409448818898
11
1.1085598031496062
21
0.7751409448818898
0
LINE
8
BLACK
6
CONTINUOUS
10
1.1085598031496062
20
0.7751409448818898
11
1.1079250393700788
21
0.7752528346456693
0
LINE
8
BLACK
6
CONTINUOUS
10
1.1079250393700788
20
0.7752528346456693
11
1.1077955905511812
21
0.7752415354330708
0
LINE
8
BLACK
6
CONTINUOUS
10
1.1077955905511812
20
0.7752415354330708
11
1.1077303543307087
21
0.7752871653543307
0
LINE
8
BLACK
6
CONTINUOUS
10
1.1077303543307087
20
0.7752871653543307
11
1.1075498818897638
21
0.7753190157480315
0
LINE
8
BLACK
6
CONTINUOUS
10
1.1075498818897638
20
0.7753190157480315
11
1.1068690157480314
21
0.7758902755905511
0
LINE
8
BLACK
6
CONTINUOUS
10
1.1068690157480314
20
0.7758902755905511
11
1.1061410236220472
21
0.7764000787401575
0
LINE
8
BLACK
6
CONTINUOUS
10
1.1061410236220472
20
0.7764000787401575
11
1.106106062992126
21
0.7765305118110236
0
LINE
8
BLACK
6
CONTINUOUS
10
1.106106062992126
20
0.7765305118110236
11
1.1060026377952756
21
0.7766173228346457
0
LINE
8
BLACK
6
CONTINUOUS
10
1.1060026377952756
20
0.7766173228346457
11
1.1058482677165353
21
0.7774926377952756
0
LINE
8
BLACK
6
CONTINUOUS
10
1.1058482677165353
20
0.7774926377952756
11
1.1056183070866141
21
0.7783510236220472
0
LINE
8
BLACK
6
CONTINUOUS
10
1.1056183070866141
20
0.7783510236220472
11
1.1056753543307087
21
0.7784733464566929
0
LINE
8
BLACK
6
CONTINUOUS
10
1.1056753543307087
20
0.7784733464566929
11
1.1056518897637795
21
0.7786064566929134
0
LINE
8
BLACK
6
CONTINUOUS
10
1.1056518897637795
20
0.7786064566929134
11
1.1060963779527559
21
0.7793763385826772
0
LINE
8
BLACK
6
CONTINUOUS
10
1.1060963779527559
20
0.7793763385826772
11
1.1064718897637795
21
0.7801816141732283
0
LINE
8
BLACK
6
CONTINUOUS
10
1.1064718897637795
20
0.7801816141732283
11
1.1284761417322835
21
0.802185905511811
0
LINE
8
BLACK
6
CONTINUOUS
10
1.1284761417322835
20
0.802185905511811
11
1.1299789763779526
21
0.8066943307086614
0
LINE
8
BLACK
6
CONTINUOUS
10
1.1299789763779526
20
0.8066943307086614
11
1.1299789763779526
21
0.8092676771653543
0
LINE
8
BLACK
6
CONTINUOUS
10
1.1299789763779526
20
0.8092676771653543
11
1.1286302362204723
21
0.8119651574803149
0
LINE
8
BLACK
6
CONTINUOUS
10
1.1286302362204723
20
0.8119651574803149
11
1.1274331102362205
21
0.8131622834645669
0
LINE
8
BLACK
6
CONTINUOUS
10
1.1274331102362205
20
0.8131622834645669
11
1.1247356299212599
21
0.8145110236220472
0
LINE
8
BLACK
6
CONTINUOUS
10
1.1247356299212599
20
0.8145110236220472
11
1.116755905511811
21
0.8145110236220472
0
LINE
8
BLACK
6
CONTINUOUS
10
1.116755905511811
20
0.8145110236220472
11
1.1140584251968504
21
0.8131622834645669
0
LINE
8
BLACK
6
CONTINUOUS
10
1.1140584251968504
20
0.8131622834645669
11
1.1125224803149607
21
0.8116263385826772
0
LINE
8
BLACK
6
CONTINUOUS
10
1.1125224803149607
20
0.8116263385826772
11
1.1116824409448818
21
0.8110381496062992
0
LINE
8
BLACK
6
CONTINUOUS
10
1.1116824409448818
20
0.8110381496062992
11
1.1096703543307087
21
0.8108620866141732
0
LINE
8
BLACK
6
CONTINUOUS
10
1.1096703543307087
20
0.8108620866141732
11
1.1080157874015748
21
0.8120206299212598
0
LINE
8
BLACK
6
CONTINUOUS
10
1.1080157874015748
20
0.8120206299212598
11
1.1074930708661417
21
0.8139715748031496
0
LINE
8
BLACK
6
CONTINUOUS
10
1.1074930708661417
20
0.8139715748031496
11
1.1083466535433071
21
0.8158021653543307
0
LINE
8
BLACK
6
CONTINUOUS
10
1.1083466535433071
20
0.8158021653543307
11
1.1102214173228346
21
0.8176769291338583
0
LINE
8
BLACK
6
CONTINUOUS
10
1.1102214173228346
20
0.8176769291338583
11
1.1109444881889763
21
0.818183188976378
0
LINE
8
BLACK
6
CONTINUOUS
10
1.1109444881889763
20
0.818183188976378
11
1.1109888188976378
21
0.8182300393700788
0
LINE
8
BLACK
6
CONTINUOUS
10
1.1109888188976378
20
0.8182300393700788
11
1.1147383464566929
21
0.8201048031496063
0
LINE
8
BLACK
6
CONTINUOUS
10
1.1147383464566929
20
0.8201048031496063
11
1.1157212598425197
21
0.8203971653543307
0
LINE
8
BLACK
6
CONTINUOUS
10
1.1157212598425197
20
0.8203971653543307
11
1.1158929527559054
21
0.8203561417322834
0
LINE
8
BLACK
6
CONTINUOUS
10
1.1158929527559054
20
0.8203561417322834
11
1.1160588582677164
21
0.8204165354330708
0
LINE
8
BLACK
6
CONTINUOUS
10
1.1160588582677164
20
0.8204165354330708
11
1.1254326771653542
21
0.8204165354330708
0
LINE
8
BLACK
6
CONTINUOUS
10
1.1254326771653542
20
0.8204165354330708
11
1.1264425984251969
21
0.8202384645669291
0
LINE
8
BLACK
6
CONTINUOUS
10
1.1001958661417321
20
0.8202384645669291
11
1.1017431102362205
21
0.8189401574803149
0
LINE
8
BLACK
6
CONTINUOUS
10
1.1017431102362205
20
0.8189401574803149
11
1.1020938582677164
21
0.8169510236220472
0
LINE
8
BLACK
6
CONTINUOUS
10
1.1020938582677164
20
0.8169510236220472
11
1.101083937007874
21
0.8152018503937007
0
LINE
8
BLACK
6
CONTINUOUS
10
1.101083937007874
20
0.8152018503937007
11
1.0991859448818897
21
0.8145110236220472
0
LINE
8
BLACK
6
CONTINUOUS
10
1.0991859448818897
20
0.8145110236220472
11
1.0908901181102362
21
0.8145110236220472
0
LINE
8
BLACK
6
CONTINUOUS
10
1.0908901181102362
20
0.8145110236220472
11
1.0908901181102362
21
0.7780937007874016
0
LINE
8
BLACK
6
CONTINUOUS
10
1.0908901181102362
20
0.7780937007874016
11
1.0907120472440945
21
0.777083779527559
0
LINE
8
BLACK
6
CONTINUOUS
10
1.0907120472440945
20
0.777083779527559
11
1.0894137401574804
21
0.7755365354330709
0
LINE
8
BLACK
6
CONTINUOUS
10
1.0894137401574804
20
0.7755365354330709
11
1.0874246062992126
21
0.7751857874015747
0
LINE
8
BLACK
6
CONTINUOUS
10
1.0874246062992126
20
0.7751857874015747
11
1.0856754330708662
21
0.7761957086614173
0
LINE
8
BLACK
6
CONTINUOUS
10
1.0856754330708662
20
0.7761957086614173
11
1.0849846062992126
21
0.7780937007874016
0
LINE
8
BLACK
6
CONTINUOUS
10
1.0849846062992126
20
0.7780937007874016
11
1.0849846062992126
21
0.8145110236220472
0
LINE
8
BLACK
6
CONTINUOUS
10
1.0849846062992126
20
0.8145110236220472
11
1.076688779527559
21
0.8145110236220472
0
LINE
8
BLACK
6
CONTINUOUS
10
1.076688779527559
20
0.8145110236220472
11
1.0756788582677166
21
0.8146890944881889
0
LINE
8
BLACK
6
CONTINUOUS
10
1.0756788582677166
20
0.8146890944881889
11
1.0741316141732282
21
0.8159874015748031
0
LINE
8
BLACK
6
CONTINUOUS
10
1.0741316141732282
20
0.8159874015748031
11
1.0737808661417323
21
0.8179765354330708
0
LINE
8
BLACK
6
CONTINUOUS
10
1.0737808661417323
20
0.8179765354330708
11
1.0747907874015747
21
0.8197257086614173
0
LINE
8
BLACK
6
CONTINUOUS
10
1.0747907874015747
20
0.8197257086614173
11
1.076688779527559
21
0.8204165354330708
0
LINE
8
BLACK
6
CONTINUOUS
10
1.076688779527559
20
0.8204165354330708
11
1.0991859448818897
21
0.8204165354330708
0
LINE
8
BLACK
6
CONTINUOUS
10
1.0991859448818897
20
0.8204165354330708
11
1.1001958661417321
21
0.8202384645669291
0
LINE
8
BLACK
6
CONTINUOUS
10
0.4954713779527559
20
0.9129234645669291
11
0.4967324409448819
21
0.912700748031496
0
LINE
8
BLACK
6
CONTINUOUS
10
0.4967324409448819
20
0.912700748031496
11
0.4969338582677165
21
0.9125316141732284
0
LINE
8
BLACK
6
CONTINUOUS
10
0.4969338582677165
20
0.9125316141732284
11
0.4971878346456693
21
0.9124635826771653
0
LINE
8
BLACK
6
CONTINUOUS
10
0.4971878346456693
20
0.9124635826771653
11
0.4980929921259842
21
0.9115583858267716
0
LINE
8
BLACK
6
CONTINUOUS
10
0.4980929921259842
20
0.9115583858267716
11
0.4990735826771653
21
0.9107351181102362
0
LINE
8
BLACK
6
CONTINUOUS
10
0.4990735826771653
20
0.9107351181102362
11
0.4991634251968504
21
0.9104879527559054
0
LINE
8
BLACK
6
CONTINUOUS
10
0.4991634251968504
20
0.9104879527559054
11
0.4993494094488189
21
0.9103020078740157
0
LINE
8
BLACK
6
CONTINUOUS
10
0.4993494094488189
20
0.9103020078740157
11
0.499680748031496
21
0.9090653937007874
0
LINE
8
BLACK
6
CONTINUOUS
10
0.499680748031496
20
0.9090653937007874
11
0.5001182677165354
21
0.9078622440944881
0
LINE
8
BLACK
6
CONTINUOUS
10
0.5001182677165354
20
0.9078622440944881
11
0.5000725196850394
21
0.9076032677165354
0
LINE
8
BLACK
6
CONTINUOUS
10
0.5000725196850394
20
0.9076032677165354
11
0.5001405905511811
21
0.9073492519685039
0
LINE
8
BLACK
6
CONTINUOUS
10
0.5001405905511811
20
0.9073492519685039
11
0.5001405905511811
21
0.8482941338582677
0
LINE
8
BLACK
6
CONTINUOUS
10
0.5001405905511811
20
0.8482941338582677
11
0.4993494094488189
21
0.8453413779527559
0
LINE
8
BLACK
6
CONTINUOUS
10
0.4993494094488189
20
0.8453413779527559
11
0.4971878346456693
21
0.8431798031496063
0
LINE
8
BLACK
6
CONTINUOUS
10
0.4971878346456693
20
0.8431798031496063
11
0.4942350787401575
21
0.8423886220472441
0
LINE
8
BLACK
6
CONTINUOUS
10
0.4942350787401575
20
0.8423886220472441
11
0.4912823228346457
21
0.8431798031496063
0
LINE
8
BLACK
6
CONTINUOUS
10
0.4912823228346457
20
0.8431798031496063
11
0.4891207480314961
21
0.8453413779527559
0
LINE
8
BLACK
6
CONTINUOUS
10
0.4891207480314961
20
0.8453413779527559
11
0.4883295669291339
21
0.8482941338582677
0
LINE
8
BLACK
6
CONTINUOUS
10
0.4883295669291339
20
0.8482941338582677
11
0.4883295669291339
21
0.8807297637795275
0
LINE
8
BLACK
6
CONTINUOUS
10
0.4883295669291339
20
0.8807297637795275
11
0.4799014960629921
21
0.8626696456692913
0
LINE
8
BLACK
6
CONTINUOUS
10
0.4799014960629921
20
0.8626696456692913
11
0.4795665748031496
21
0.8622707480314961
0
LINE
8
BLACK
6
CONTINUOUS
10
0.4795665748031496
20
0.8622707480314961
11
0.4793885433070866
21
0.8617811417322835
0
LINE
8
BLACK
6
CONTINUOUS
10
0.4793885433070866
20
0.8617811417322835
11
0.4785987401574803
21
0.8611180314960629
0
LINE
8
BLACK
6
CONTINUOUS
10
0.4785987401574803
20
0.8611180314960629
11
0.4779358661417323
21
0.8603285039370079
0
LINE
8
BLACK
6
CONTINUOUS
10
0.4779358661417323
20
0.8603285039370079
11
0.4774463779527559
21
0.8601505118110236
0
LINE
8
BLACK
6
CONTINUOUS
10
0.4774463779527559
20
0.8601505118110236
11
0.4770474015748031
21
0.8598155118110236
0
LINE
8
BLACK
6
CONTINUOUS
10
0.4770474015748031
20
0.8598155118110236
11
0.476031811023622
21
0.8596361023622047
0
LINE
8
BLACK
6
CONTINUOUS
10
0.476031811023622
20
0.8596361023622047
11
0.4750629921259842
21
0.8592838188976378
0
LINE
8
BLACK
6
CONTINUOUS
10
0.4750629921259842
20
0.8592838188976378
11
0.4745501181102362
21
0.8593743700787402
0
LINE
8
BLACK
6
CONTINUOUS
10
0.4745501181102362
20
0.8593743700787402
11
0.4740370866141732
21
0.8592837795275591
0
LINE
8
BLACK
6
CONTINUOUS
10
0.4740370866141732
20
0.8592837795275591
11
0.4730677952755906
21
0.8596362204724409
0
LINE
8
BLACK
6
CONTINUOUS
10
0.4730677952755906
20
0.8596362204724409
11
0.4720526771653543
21
0.8598155511811023
0
LINE
8
BLACK
6
CONTINUOUS
10
0.4720526771653543
20
0.8598155511811023
11
0.4716538188976378
21
0.8601503937007874
0
LINE
8
BLACK
6
CONTINUOUS
10
0.4716538188976378
20
0.8601503937007874
11
0.4711642125984252
21
0.8603284645669291
0
LINE
8
BLACK
6
CONTINUOUS
10
0.4711642125984252
20
0.8603284645669291
11
0.4705011023622047
21
0.8611182283464567
0
LINE
8
BLACK
6
CONTINUOUS
10
0.4705011023622047
20
0.8611182283464567
11
0.4697115354330709
21
0.8617811811023622
0
LINE
8
BLACK
6
CONTINUOUS
10
0.4697115354330709
20
0.8617811811023622
11
0.4695335039370079
21
0.8622707086614173
0
LINE
8
BLACK
6
CONTINUOUS
10
0.4695335039370079
20
0.8622707086614173
11
0.4691985826771654
21
0.8626696456692913
0
LINE
8
BLACK
6
CONTINUOUS
10
0.4691985826771654
20
0.8626696456692913
11
0.4607705118110236
21
0.8807298031496062
0
LINE
8
BLACK
6
CONTINUOUS
10
0.4607705118110236
20
0.8807298031496062
11
0.4607705118110236
21
0.8482941338582677
0
LINE
8
BLACK
6
CONTINUOUS
10
0.4607705118110236
20
0.8482941338582677
11
0.4599793307086614
21
0.8453413779527559
0
LINE
8
BLACK
6
CONTINUOUS
10
0.4599793307086614
20
0.8453413779527559
11
0.4578177559055118
21
0.8431798031496063
0
LINE
8
BLACK
6
CONTINUOUS
10
0.4578177559055118
20
0.8431798031496063
11
0.454865
21
0.8423886220472441
0
LINE
8
BLACK
6
CONTINUOUS
10
0.454865
20
0.8423886220472441
11
0.4519122440944882
21
0.8431798031496063
0
LINE
8
BLACK
6
CONTINUOUS
10
0.4519122440944882
20
0.8431798031496063
11
0.4497506692913386
21
0.8453413779527559
0
LINE
8
BLACK
6
CONTINUOUS
10
0.4497506692913386
20
0.8453413779527559
11
0.4489594881889764
21
0.8482941338582677
0
LINE
8
BLACK
6
CONTINUOUS
10
0.4489594881889764
20
0.8482941338582677
11
0.4489594881889764
21
0.9073492519685039
0
LINE
8
BLACK
6
CONTINUOUS
10
0.4489594881889764
20
0.9073492519685039
11
0.4490275196850393
21
0.9076032283464567
0
LINE
8
BLACK
6
CONTINUOUS
10
0.4490275196850393
20
0.9076032283464567
11
0.4489818110236221
21
0.9078622047244095
0
LINE
8
BLACK
6
CONTINUOUS
10
0.4489818110236221
20
0.9078622047244095
11
0.4494192519685039
21
0.9090652362204724
0
LINE
8
BLACK
6
CONTINUOUS
10
0.4494192519685039
20
0.9090652362204724
11
0.4497506692913386
21
0.9103020078740157
0
LINE
8
BLACK
6
CONTINUOUS
10
0.4497506692913386
20
0.9103020078740157
11
0.4499366141732283
21
0.9104879527559054
0
LINE
8
BLACK
6
CONTINUOUS
10
0.4499366141732283
20
0.9104879527559054
11
0.4500264960629921
21
0.9107350787401575
0
LINE
8
BLACK
6
CONTINUOUS
10
0.4500264960629921
20
0.9107350787401575
11
0.4510068110236221
21
0.9115581496062992
0
LINE
8
BLACK
6
CONTINUOUS
10
0.4510068110236221
20
0.9115581496062992
11
0.4519122440944882
21
0.9124635826771653
0
LINE
8
BLACK
6
CONTINUOUS
10
0.4519122440944882
20
0.9124635826771653
11
0.4521662598425197
21
0.9125316141732284
0
LINE
8
BLACK
6
CONTINUOUS
10
0.4521662598425197
20
0.9125316141732284
11
0.4523676377952756
21
0.9127007086614173
0
LINE
8
BLACK
6
CONTINUOUS
10
0.4523676377952756
20
0.9127007086614173
11
0.4536282283464567
21
0.9129233464566929
0
LINE
8
BLACK
6
CONTINUOUS
10
0.4536282283464567
20
0.9129233464566929
11
0.454865
21
0.9132547637795275
0
LINE
8
BLACK
6
CONTINUOUS
10
0.454865
20
0.9132547637795275
11
0.4551189763779527
21
0.9131866929133858
0
LINE
8
BLACK
6
CONTINUOUS
10
0.4551189763779527
20
0.9131866929133858
11
0.4553779527559055
21
0.9132324409448819
0
LINE
8
BLACK
6
CONTINUOUS
10
0.4553779527559055
20
0.9132324409448819
11
0.4565809842519685
21
0.9127949606299213
0
LINE
8
BLACK
6
CONTINUOUS
10
0.4565809842519685
20
0.9127949606299213
11
0.4578177559055118
21
0.9124635826771653
0
LINE
8
BLACK
6
CONTINUOUS
10
0.4578177559055118
20
0.9124635826771653
11
0.4580037007874015
21
0.9122775984251968
0
LINE
8
BLACK
6
CONTINUOUS
10
0.4580037007874015
20
0.9122775984251968
11
0.4582508267716535
21
0.9121877559055118
0
LINE
8
BLACK
6
CONTINUOUS
10
0.4582508267716535
20
0.9121877559055118
11
0.4590738976377953
21
0.9112074015748032
0
LINE
8
BLACK
6
CONTINUOUS
10
0.4590738976377953
20
0.9112074015748032
11
0.4599793307086614
21
0.9103020078740157
0
LINE
8
BLACK
6
CONTINUOUS
10
0.4599793307086614
20
0.9103020078740157
11
0.4600473622047244
21
0.9100479527559054
0
LINE
8
BLACK
6
CONTINUOUS
10
0.4600473622047244
20
0.9100479527559054
11
0.4602164566929134
21
0.9098466141732283
0
LINE
8
BLACK
6
CONTINUOUS
10
0.4602164566929134
20
0.9098466141732283
11
0.4745500393700787
21
0.8791317716535433
0
LINE
8
BLACK
6
CONTINUOUS
10
0.4745500393700787
20
0.8791317716535433
11
0.4888836220472441
21
0.9098466141732283
0
LINE
8
BLACK
6
CONTINUOUS
10
0.4888836220472441
20
0.9098466141732283
11
0.4890526771653543
21
0.9100479527559054
0
LINE
8
BLACK
6
CONTINUOUS
10
0.4890526771653543
20
0.9100479527559054
11
0.4891207480314961
21
0.9103020078740157
0
LINE
8
BLACK
6
CONTINUOUS
10
0.4891207480314961
20
0.9103020078740157
11
0.4900260236220472
21
0.9112072834645669
0
LINE
8
BLACK
6
CONTINUOUS
10
0.4900260236220472
20
0.9112072834645669
11
0.4908492519685039
21
0.9121877952755906
0
LINE
8
BLACK
6
CONTINUOUS
10
0.4908492519685039
20
0.9121877952755906
11
0.4910963779527559
21
0.9122776377952756
0
LINE
8
BLACK
6
CONTINUOUS
10
0.4910963779527559
20
0.9122776377952756
11
0.4912823228346457
21
0.9124635826771653
0
LINE
8
BLACK
6
CONTINUOUS
10
0.4912823228346457
20
0.9124635826771653
11
0.4925186614173228
21
0.912794842519685
0
LINE
8
BLACK
6
CONTINUOUS
10
0.4925186614173228
20
0.912794842519685
11
0.493722125984252
21
0.9132324803149606
0
LINE
8
BLACK
6
CONTINUOUS
10
0.493722125984252
20
0.9132324803149606
11
0.4939811417322835
21
0.9131866929133858
0
LINE
8
BLACK
6
CONTINUOUS
10
0.4939811417322835
20
0.9131866929133858
11
0.4942350787401575
21
0.9132547637795275
0
LINE
8
BLACK
6
CONTINUOUS
10
0.4942350787401575
20
0.9132547637795275
11
0.4954713779527559
21
0.9129234645669291
0
LINE
8
BLACK
6
CONTINUOUS
10
0.5253093307086614
20
0.9124635826771653
11
0.527470905511811
21
0.9103020078740157
0
LINE
8
BLACK
6
CONTINUOUS
10
0.527470905511811
20
0.9103020078740157
11
0.5282620866141732
21
0.9073492519685039
0
LINE
8
BLACK
6
CONTINUOUS
10
0.5282620866141732
20
0.9073492519685039
11
0.5282620866141732
21
0.8541996456692913
0
LINE
8
BLACK
6
CONTINUOUS
10
0.5282620866141732
20
0.8541996456692913
11
0.5504780708661418
21
0.8541996456692913
0
LINE
8
BLACK
6
CONTINUOUS
10
0.5504780708661418
20
0.8541996456692913
11
0.5534308267716536
21
0.8534084645669291
0
LINE
8
BLACK
6
CONTINUOUS
10
0.5534308267716536
20
0.8534084645669291
11
0.5555924015748032
21
0.8512468897637795
0
LINE
8
BLACK
6
CONTINUOUS
10
0.5555924015748032
20
0.8512468897637795
11
0.5560801181102362
21
0.8494266141732283
0
LINE
8
BLACK
6
CONTINUOUS
10
0.5560801181102362
20
0.8494266141732283
11
0.5561242519685039
21
0.8501616141732283
0
LINE
8
BLACK
6
CONTINUOUS
10
0.5561242519685039
20
0.8501616141732283
11
0.5758092913385827
21
0.9092167322834646
0
LINE
8
BLACK
6
CONTINUOUS
10
0.5758092913385827
20
0.9092167322834646
11
0.5764627559055118
21
0.9102064960629921
0
LINE
8
BLACK
6
CONTINUOUS
10
0.5764627559055118
20
0.9102064960629921
11
0.5769932283464567
21
0.9112674015748031
0
LINE
8
BLACK
6
CONTINUOUS
10
0.5769932283464567
20
0.9112674015748031
11
0.5772945275590551
21
0.9114663385826771
0
LINE
8
BLACK
6
CONTINUOUS
10
0.5772945275590551
20
0.9114663385826771
11
0.5774935826771653
21
0.9117677952755905
0
LINE
8
BLACK
6
CONTINUOUS
10
0.5774935826771653
20
0.9117677952755905
11
0.5785546456692914
21
0.9122983070866142
0
LINE
8
BLACK
6
CONTINUOUS
10
0.5785546456692914
20
0.9122983070866142
11
0.5795442519685039
21
0.9129516929133858
0
LINE
8
BLACK
6
CONTINUOUS
10
0.5795442519685039
20
0.9129516929133858
11
0.5799046850393701
21
0.9129733070866142
0
LINE
8
BLACK
6
CONTINUOUS
10
0.5799046850393701
20
0.9129733070866142
11
0.5802277952755905
21
0.9131348818897638
0
LINE
8
BLACK
6
CONTINUOUS
10
0.5802277952755905
20
0.9131348818897638
11
0.5814118503937008
21
0.913063779527559
0
LINE
8
BLACK
6
CONTINUOUS
10
0.5814118503937008
20
0.913063779527559
11
0.5825956692913385
21
0.9131348818897638
0
LINE
8
BLACK
6
CONTINUOUS
10
0.5825956692913385
20
0.9131348818897638
11
0.5829186614173228
21
0.9129733464566929
0
LINE
8
BLACK
6
CONTINUOUS
10
0.5829186614173228
20
0.9129733464566929
11
0.5832792125984252
21
0.9129517322834646
0
LINE
8
BLACK
6
CONTINUOUS
10
0.5832792125984252
20
0.9129517322834646
11
0.5842691338582677
21
0.9122981102362204
0
LINE
8
BLACK
6
CONTINUOUS
10
0.5842691338582677
20
0.9122981102362204
11
0.5853298818897638
21
0.9117677559055118
0
LINE
8
BLACK
6
CONTINUOUS
10
0.5853298818897638
20
0.9117677559055118
11
0.5855288188976377
21
0.9114664173228346
0
LINE
8
BLACK
6
CONTINUOUS
10
0.5855288188976377
20
0.9114664173228346
11
0.5858302755905511
21
0.9112674015748031
0
LINE
8
BLACK
6
CONTINUOUS
10
0.5858302755905511
20
0.9112674015748031
11
0.5863607874015748
21
0.9102062992125984
0
LINE
8
BLACK
6
CONTINUOUS
10
0.5863607874015748
20
0.9102062992125984
11
0.5870141732283465
21
0.9092167322834646
0
LINE
8
BLACK
6
CONTINUOUS
10
0.5870141732283465
20
0.9092167322834646
11
0.6066992519685039
21
0.8501616141732283
0
LINE
8
BLACK
6
CONTINUOUS
10
0.6066992519685039
20
0.8501616141732283
11
0.6068824015748031
21
0.8471101968503937
0
LINE
8
BLACK
6
CONTINUOUS
10
0.6068824015748031
20
0.8471101968503937
11
0.6055153149606299
21
0.8443759842519685
0
LINE
8
BLACK
6
CONTINUOUS
10
0.6055153149606299
20
0.8443759842519685
11
0.6029642519685039
21
0.8426916535433071
0
LINE
8
BLACK
6
CONTINUOUS
10
0.6029642519685039
20
0.8426916535433071
11
0.5999128346456692
21
0.8425085039370078
0
LINE
8
BLACK
6
CONTINUOUS
10
0.5999128346456692
20
0.8425085039370078
11
0.597178622047244
21
0.8438755905511811
0
LINE
8
BLACK
6
CONTINUOUS
10
0.597178622047244
20
0.8438755905511811
11
0.5954943307086614
21
0.846426653543307
0
LINE
8
BLACK
6
CONTINUOUS
10
0.5954943307086614
20
0.846426653543307
11
0.5912160629921259
21
0.8592614960629921
0
LINE
8
BLACK
6
CONTINUOUS
10
0.5912160629921259
20
0.8592614960629921
11
0.5716074409448819
21
0.8592614960629921
0
LINE
8
BLACK
6
CONTINUOUS
10
0.5716074409448819
20
0.8592614960629921
11
0.5673291338582677
21
0.846426653543307
0
LINE
8
BLACK
6
CONTINUOUS
10
0.5673291338582677
20
0.846426653543307
11
0.5656448425196851
21
0.8438756299212599
0
LINE
8
BLACK
6
CONTINUOUS
10
0.5656448425196851
20
0.8438756299212599
11
0.5629106299212598
21
0.8425085039370078
0
LINE
8
BLACK
6
CONTINUOUS
10
0.5629106299212598
20
0.8425085039370078
11
0.5598592125984252
21
0.8426916929133859
0
LINE
8
BLACK
6
CONTINUOUS
10
0.5598592125984252
20
0.8426916929133859
11
0.5573081889763779
21
0.8443759842519685
0
LINE
8
BLACK
6
CONTINUOUS
10
0.5573081889763779
20
0.8443759842519685
11
0.5560225984251969
21
0.8469470472440944
0
LINE
8
BLACK
6
CONTINUOUS
10
0.5560225984251969
20
0.8469470472440944
11
0.5555924015748032
21
0.8453413779527559
0
LINE
8
BLACK
6
CONTINUOUS
10
0.5555924015748032
20
0.8453413779527559
11
0.5534308267716536
21
0.8431798031496063
0
LINE
8
BLACK
6
CONTINUOUS
10
0.5534308267716536
20
0.8431798031496063
11
0.5504780708661418
21
0.8423886220472441
0
LINE
8
BLACK
6
CONTINUOUS
10
0.5504780708661418
20
0.8423886220472441
11
0.5223565748031496
21
0.8423886220472441
0
LINE
8
BLACK
6
CONTINUOUS
10
0.5223565748031496
20
0.8423886220472441
11
0.5194038188976378
21
0.8431798031496063
0
LINE
8
BLACK
6
CONTINUOUS
10
0.5194038188976378
20
0.8431798031496063
11
0.5172422440944882
21
0.8453413779527559
0
LINE
8
BLACK
6
CONTINUOUS
10
0.5172422440944882
20
0.8453413779527559
11
0.516451062992126
21
0.8482941338582677
0
LINE
8
BLACK
6
CONTINUOUS
10
0.516451062992126
20
0.8482941338582677
11
0.516451062992126
21
0.9073492519685039
0
LINE
8
BLACK
6
CONTINUOUS
10
0.516451062992126
20
0.9073492519685039
11
0.5172422440944882
21
0.9103020078740157
0
LINE
8
BLACK
6
CONTINUOUS
10
0.5172422440944882
20
0.9103020078740157
11
0.5194038188976378
21
0.9124635826771653
0
LINE
8
BLACK
6
CONTINUOUS
10
0.5194038188976378
20
0.9124635826771653
11
0.5223565748031496
21
0.9132547637795275
0
LINE
8
BLACK
6
CONTINUOUS
10
0.5223565748031496
20
0.9132547637795275
11
0.5253093307086614
21
0.9124635826771653
0
LINE
8
BLACK
6
CONTINUOUS
10
0.5755444488188977
20
0.8710725196850394
11
0.5872790551181102
21
0.8710725196850394
0
LINE
8
BLACK
6
CONTINUOUS
10
0.5872790551181102
20
0.8710725196850394
11
0.5814117322834645
21
0.8886743700787402
0
LINE
8
BLACK
6
CONTINUOUS
10
0.5814117322834645
20
0.8886743700787402
11
0.5755444488188977
21
0.8710725196850394
0
LINE
8
BLACK
6
CONTINUOUS
10
0.641777874015748
20
0.9129034251968504
11
0.6431078346456692
21
0.9126312992125984
0
LINE
8
BLACK
6
CONTINUOUS
10
0.6431078346456692
20
0.9126312992125984
11
0.6487321653543306
21
0.9098191338582677
0
LINE
8
BLACK
6
CONTINUOUS
10
0.6487321653543306
20
0.9098191338582677
11
0.6494435433070866
21
0.9091882677165354
0
LINE
8
BLACK
6
CONTINUOUS
10
0.6494435433070866
20
0.9091882677165354
11
0.6502669685039369
21
0.9087129133858267
0
LINE
8
BLACK
6
CONTINUOUS
10
0.6502669685039369
20
0.9087129133858267
11
0.653079094488189
21
0.9059007874015748
0
LINE
8
BLACK
6
CONTINUOUS
10
0.653079094488189
20
0.9059007874015748
11
0.6535544881889763
21
0.9050773228346457
0
LINE
8
BLACK
6
CONTINUOUS
10
0.6535544881889763
20
0.9050773228346457
11
0.6541853149606299
21
0.9043659842519685
0
LINE
8
BLACK
6
CONTINUOUS
10
0.6541853149606299
20
0.9043659842519685
11
0.6569974803149606
21
0.8987417322834645
0
LINE
8
BLACK
6
CONTINUOUS
10
0.6569974803149606
20
0.8987417322834645
11
0.6572696456692914
21
0.8974116929133859
0
LINE
8
BLACK
6
CONTINUOUS
10
0.6572696456692914
20
0.8974116929133859
11
0.6576209448818897
21
0.8961006692913386
0
LINE
8
BLACK
6
CONTINUOUS
10
0.6576209448818897
20
0.8961006692913386
11
0.6576209448818897
21
0.8904763779527559
0
LINE
8
BLACK
6
CONTINUOUS
10
0.6576209448818897
20
0.8904763779527559
11
0.6572696062992126
21
0.8891652755905511
0
LINE
8
BLACK
6
CONTINUOUS
10
0.6572696062992126
20
0.8891652755905511
11
0.6569974803149606
21
0.8878353543307086
0
LINE
8
BLACK
6
CONTINUOUS
10
0.6569974803149606
20
0.8878353543307086
11
0.6541853149606299
21
0.8822110236220472
0
LINE
8
BLACK
6
CONTINUOUS
10
0.6541853149606299
20
0.8822110236220472
11
0.6535544488188976
21
0.8814996062992125
0
LINE
8
BLACK
6
CONTINUOUS
10
0.6535544488188976
20
0.8814996062992125
11
0.653079094488189
21
0.8806762204724409
0
LINE
8
BLACK
6
CONTINUOUS
10
0.653079094488189
20
0.8806762204724409
11
0.6530253543307086
21
0.8806224803149606
0
LINE
8
BLACK
6
CONTINUOUS
10
0.6530253543307086
20
0.8806224803149606
11
0.653079094488189
21
0.8805914566929134
0
LINE
8
BLACK
6
CONTINUOUS
10
0.653079094488189
20
0.8805914566929134
11
0.6558912598425197
21
0.8777792913385827
0
LINE
8
BLACK
6
CONTINUOUS
10
0.6558912598425197
20
0.8777792913385827
11
0.6563666141732283
21
0.8769558661417323
0
LINE
8
BLACK
6
CONTINUOUS
10
0.6563666141732283
20
0.8769558661417323
11
0.6569974803149606
21
0.8762444881889764
0
LINE
8
BLACK
6
CONTINUOUS
10
0.6569974803149606
20
0.8762444881889764
11
0.6598096062992126
21
0.870620157480315
0
LINE
8
BLACK
6
CONTINUOUS
10
0.6598096062992126
20
0.870620157480315
11
0.6600816929133858
21
0.8692903937007874
0
LINE
8
BLACK
6
CONTINUOUS
10
0.6600816929133858
20
0.8692903937007874
11
0.6604330708661417
21
0.8679791732283464
0
LINE
8
BLACK
6
CONTINUOUS
10
0.6604330708661417
20
0.8679791732283464
11
0.6604330708661417
21
0.859542716535433
0
LINE
8
BLACK
6
CONTINUOUS
10
0.6604330708661417
20
0.859542716535433
11
0.6600816929133858
21
0.8582314566929133
0
LINE
8
BLACK
6
CONTINUOUS
10
0.6600816929133858
20
0.8582314566929133
11
0.6598096062992126
21
0.8569017322834646
0
LINE
8
BLACK
6
CONTINUOUS
10
0.6598096062992126
20
0.8569017322834646
11
0.6569974803149606
21
0.8512774015748031
0
LINE
8
BLACK
6
CONTINUOUS
10
0.6569974803149606
20
0.8512774015748031
11
0.6563666141732283
21
0.8505659842519685
0
LINE
8
BLACK
6
CONTINUOUS
10
0.6563666141732283
20
0.8505659842519685
11
0.655891220472441
21
0.8497425590551181
0
LINE
8
BLACK
6
CONTINUOUS
10
0.655891220472441
20
0.8497425590551181
11
0.6530790551181103
21
0.8469304330708661
0
LINE
8
BLACK
6
CONTINUOUS
10
0.6530790551181103
20
0.8469304330708661
11
0.6522556299212598
21
0.8464550393700787
0
LINE
8
BLACK
6
CONTINUOUS
10
0.6522556299212598
20
0.8464550393700787
11
0.6515442913385827
21
0.845824251968504
0
LINE
8
BLACK
6
CONTINUOUS
10
0.6515442913385827
20
0.845824251968504
11
0.6459199999999999
21
0.8430120866141733
0
LINE
8
BLACK
6
CONTINUOUS
10
0.6459199999999999
20
0.8430120866141733
11
0.6445900393700787
21
0.8427399212598425
0
LINE
8
BLACK
6
CONTINUOUS
10
0.6445900393700787
20
0.8427399212598425
11
0.6432789763779527
21
0.8423886220472441
0
LINE
8
BLACK
6
CONTINUOUS
10
0.6432789763779527
20
0.8423886220472441
11
0.6207817716535433
21
0.8423886220472441
0
LINE
8
BLACK
6
CONTINUOUS
10
0.6207817716535433
20
0.8423886220472441
11
0.6178290157480315
21
0.8431798031496063
0
LINE
8
BLACK
6
CONTINUOUS
10
0.6178290157480315
20
0.8431798031496063
11
0.6156674409448819
21
0.8453413779527559
0
LINE
8
BLACK
6
CONTINUOUS
10
0.6156674409448819
20
0.8453413779527559
11
0.6148762598425197
21
0.8482941338582677
0
LINE
8
BLACK
6
CONTINUOUS
10
0.6148762598425197
20
0.8482941338582677
11
0.6148762598425197
21
0.9073492519685039
0
LINE
8
BLACK
6
CONTINUOUS
10
0.6148762598425197
20
0.9073492519685039
11
0.6156674409448819
21
0.9103020078740157
0
LINE
8
BLACK
6
CONTINUOUS
10
0.6156674409448819
20
0.9103020078740157
11
0.6178290157480315
21
0.9124635826771653
0
LINE
8
BLACK
6
CONTINUOUS
10
0.6178290157480315
20
0.9124635826771653
11
0.6207817716535433
21
0.9132547637795275
0
LINE
8
BLACK
6
CONTINUOUS
10
0.6207817716535433
20
0.9132547637795275
11
0.640466811023622
21
0.9132547637795275
0
LINE
8
BLACK
6
CONTINUOUS
10
0.640466811023622
20
0.9132547637795275
11
0.641777874015748
21
0.9129034251968504
0
LINE
8
BLACK
6
CONTINUOUS
10
0.6266872834645669
20
0.8541996456692913
11
0.6418848818897638
21
0.8541996456692913
0
LINE
8
BLACK
6
CONTINUOUS
10
0.6418848818897638
20
0.8541996456692913
11
0.6454051181102362
21
0.8559597637795275
0
LINE
8
BLACK
6
CONTINUOUS
10
0.6454051181102362
20
0.8559597637795275
11
0.646861968503937
21
0.8574166141732283
0
LINE
8
BLACK
6
CONTINUOUS
10
0.646861968503937
20
0.8574166141732283
11
0.6486220472440944
21
0.8609367716535433
0
LINE
8
BLACK
6
CONTINUOUS
10
0.6486220472440944
20
0.8609367716535433
11
0.6486220472440944
21
0.8665850787401574
0
LINE
8
BLACK
6
CONTINUOUS
10
0.6486220472440944
20
0.8665850787401574
11
0.6468619291338582
21
0.8701052755905512
0
LINE
8
BLACK
6
CONTINUOUS
10
0.6468619291338582
20
0.8701052755905512
11
0.6457132283464567
21
0.8712539763779528
0
LINE
8
BLACK
6
CONTINUOUS
10
0.6457132283464567
20
0.8712539763779528
11
0.6395084251968504
21
0.8733222440944882
0
LINE
8
BLACK
6
CONTINUOUS
10
0.6395084251968504
20
0.8733222440944882
11
0.6266872834645669
21
0.8733222440944882
0
LINE
8
BLACK
6
CONTINUOUS
10
0.6266872834645669
20
0.8733222440944882
11
0.6266872834645669
21
0.8541996456692913
0
LINE
8
BLACK
6
CONTINUOUS
10
0.6266872834645669
20
0.8851332677165354
11
0.6390727165354331
21
0.8851332677165354
0
LINE
8
BLACK
6
CONTINUOUS
10
0.6390727165354331
20
0.8851332677165354
11
0.6425929527559054
21
0.8868933858267717
0
LINE
8
BLACK
6
CONTINUOUS
10
0.6425929527559054
20
0.8868933858267717
11
0.6440498031496062
21
0.8883502362204724
0
LINE
8
BLACK
6
CONTINUOUS
10
0.6440498031496062
20
0.8883502362204724
11
0.6458099212598425
21
0.8918704724409449
0
LINE
8
BLACK
6
CONTINUOUS
10
0.6458099212598425
20
0.8918704724409449
11
0.6458099212598425
21
0.8947065354330709
0
LINE
8
BLACK
6
CONTINUOUS
10
0.6458099212598425
20
0.8947065354330709
11
0.6440498031496062
21
0.8982267322834645
0
LINE
8
BLACK
6
CONTINUOUS
10
0.6440498031496062
20
0.8982267322834645
11
0.6425929527559054
21
0.8996836220472441
0
LINE
8
BLACK
6
CONTINUOUS
10
0.6425929527559054
20
0.8996836220472441
11
0.6390727165354331
21
0.9014437401574803
0
LINE
8
BLACK
6
CONTINUOUS
10
0.6390727165354331
20
0.9014437401574803
11
0.6266872834645669
21
0.9014437401574803
0
LINE
8
BLACK
6
CONTINUOUS
10
0.6266872834645669
20
0.9014437401574803
11
0.6266872834645669
21
0.8851332677165354
0
LINE
8
BLACK
6
CONTINUOUS
10
0.6805878740157481
20
0.8596227165354331
11
0.6813653149606299
21
0.8596227165354331
0
LINE
8
BLACK
6
CONTINUOUS
10
0.6813653149606299
20
0.8596227165354331
11
0.6813653543307087
21
0.8596227165354331
0
LINE
8
BLACK
6
CONTINUOUS
10
0.6813653543307087
20
0.8596227165354331
11
0.6820386614173228
21
0.8592339763779527
0
LINE
8
BLACK
6
CONTINUOUS
10
0.6820386614173228
20
0.8592339763779527
11
0.6827896456692913
21
0.8590327559055118
0
LINE
8
BLACK
6
CONTINUOUS
10
0.6827896456692913
20
0.8590327559055118
11
0.6833393700787401
21
0.8584829921259842
0
LINE
8
BLACK
6
CONTINUOUS
10
0.6833393700787401
20
0.8584829921259842
11
0.6840126771653543
21
0.8580942913385826
0
LINE
8
BLACK
6
CONTINUOUS
10
0.6840126771653543
20
0.8580942913385826
11
0.686824842519685
21
0.8552821653543307
0
LINE
8
BLACK
6
CONTINUOUS
10
0.686824842519685
20
0.8552821653543307
11
0.686824842519685
21
0.8552821259842519
0
LINE
8
BLACK
6
CONTINUOUS
10
0.686824842519685
20
0.8552821259842519
11
0.6868248818897638
21
0.8552821259842519
0
LINE
8
BLACK
6
CONTINUOUS
10
0.6868248818897638
20
0.8552821259842519
11
0.686871062992126
21
0.8552021259842519
0
LINE
8
BLACK
6
CONTINUOUS
10
0.686871062992126
20
0.8552021259842519
11
0.6883533464566929
21
0.8526348031496063
0
LINE
8
BLACK
6
CONTINUOUS
10
0.6883533464566929
20
0.8526348031496063
11
0.6883533464566929
21
0.8526347637795275
0
LINE
8
BLACK
6
CONTINUOUS
10
0.6883533464566929
20
0.8526347637795275
11
0.6883533464566929
21
0.8495778346456693
0
LINE
8
BLACK
6
CONTINUOUS
10
0.6883533464566929
20
0.8495778346456693
11
0.6878164566929134
21
0.8486479527559055
0
LINE
8
BLACK
6
CONTINUOUS
10
0.6878164566929134
20
0.8486479527559055
11
0.6873572047244094
21
0.8478524409448819
0
LINE
8
BLACK
6
CONTINUOUS
10
0.6873572047244094
20
0.8478524409448819
11
0.6868248818897638
21
0.8469304724409449
0
LINE
8
BLACK
6
CONTINUOUS
10
0.6868248818897638
20
0.8469304724409449
11
0.6840127165354331
21
0.8441183070866142
0
LINE
8
BLACK
6
CONTINUOUS
10
0.6840127165354331
20
0.8441183070866142
11
0.6840126771653543
21
0.8441182677165354
0
LINE
8
BLACK
6
CONTINUOUS
10
0.6840126771653543
20
0.8441182677165354
11
0.6835924015748032
21
0.8438756299212599
0
LINE
8
BLACK
6
CONTINUOUS
10
0.6835924015748032
20
0.8438756299212599
11
0.6833394094488189
21
0.8437295669291338
0
LINE
8
BLACK
6
CONTINUOUS
10
0.6833394094488189
20
0.8437295669291338
11
0.6827896456692913
21
0.8431798031496063
0
LINE
8
BLACK
6
CONTINUOUS
10
0.6827896456692913
20
0.8431798031496063
11
0.6820386614173228
21
0.8429785433070865
0
LINE
8
BLACK
6
CONTINUOUS
10
0.6820386614173228
20
0.8429785433070865
11
0.6813653543307087
21
0.8425898425196851
0
LINE
8
BLACK
6
CONTINUOUS
10
0.6813653543307087
20
0.8425898425196851
11
0.6805878740157481
21
0.8425898425196851
0
LINE
8
BLACK
6
CONTINUOUS
10
0.6805878740157481
20
0.8425898425196851
11
0.6798368897637795
21
0.8423886220472441
0
LINE
8
BLACK
6
CONTINUOUS
10
0.6798368897637795
20
0.8423886220472441
11
0.679085905511811
21
0.8425898425196851
0
LINE
8
BLACK
6
CONTINUOUS
10
0.679085905511811
20
0.8425898425196851
11
0.6783084251968504
21
0.8425898425196851
0
LINE
8
BLACK
6
CONTINUOUS
10
0.6783084251968504
20
0.8425898425196851
11
0.6783083858267717
21
0.8425898425196851
0
LINE
8
BLACK
6
CONTINUOUS
10
0.6783083858267717
20
0.8425898425196851
11
0.6776350393700787
21
0.8429785826771653
0
LINE
8
BLACK
6
CONTINUOUS
10
0.6776350393700787
20
0.8429785826771653
11
0.6768841338582677
21
0.8431798031496063
0
LINE
8
BLACK
6
CONTINUOUS
10
0.6768841338582677
20
0.8431798031496063
11
0.6763343307086614
21
0.8437295669291338
0
LINE
8
BLACK
6
CONTINUOUS
10
0.6763343307086614
20
0.8437295669291338
11
0.6760814566929134
21
0.8438755905511811
0
LINE
8
BLACK
6
CONTINUOUS
10
0.6760814566929134
20
0.8438755905511811
11
0.6756610629921259
21
0.8441183070866142
0
LINE
8
BLACK
6
CONTINUOUS
10
0.6756610629921259
20
0.8441183070866142
11
0.6756610236220473
21
0.8441183464566929
0
LINE
8
BLACK
6
CONTINUOUS
10
0.6756610236220473
20
0.8441183464566929
11
0.6728488976377952
21
0.8469305118110236
0
LINE
8
BLACK
6
CONTINUOUS
10
0.6728488976377952
20
0.8469305118110236
11
0.6718573622047244
21
0.8486479527559055
0
LINE
8
BLACK
6
CONTINUOUS
10
0.6718573622047244
20
0.8486479527559055
11
0.6713204724409448
21
0.8495778346456693
0
LINE
8
BLACK
6
CONTINUOUS
10
0.6713204724409448
20
0.8495778346456693
11
0.6713204724409448
21
0.8526347637795275
0
LINE
8
BLACK
6
CONTINUOUS
10
0.6713204724409448
20
0.8526347637795275
11
0.6713204724409448
21
0.8526348031496063
0
LINE
8
BLACK
6
CONTINUOUS
10
0.6713204724409448
20
0.8526348031496063
11
0.6728027559055118
21
0.8552021259842519
0
LINE
8
BLACK
6
CONTINUOUS
10
0.6728027559055118
20
0.8552021259842519
11
0.672848937007874
21
0.8552821259842519
0
LINE
8
BLACK
6
CONTINUOUS
10
0.672848937007874
20
0.8552821259842519
11
0.6756610629921259
21
0.8580942519685039
0
LINE
8
BLACK
6
CONTINUOUS
10
0.6756610629921259
20
0.8580942519685039
11
0.6763343307086614
21
0.8584829527559055
0
LINE
8
BLACK
6
CONTINUOUS
10
0.6763343307086614
20
0.8584829527559055
11
0.6768841338582677
21
0.8590327559055118
0
LINE
8
BLACK
6
CONTINUOUS
10
0.6768841338582677
20
0.8590327559055118
11
0.6776350393700787
21
0.859233937007874
0
LINE
8
BLACK
6
CONTINUOUS
10
0.6776350393700787
20
0.859233937007874
11
0.6783083858267717
21
0.8596227165354331
0
LINE
8
BLACK
6
CONTINUOUS
10
0.6783083858267717
20
0.8596227165354331
11
0.679085905511811
21
0.8596227165354331
0
LINE
8
BLACK
6
CONTINUOUS
10
0.679085905511811
20
0.8596227165354331
11
0.6798368897637795
21
0.859823937007874
0
LINE
8
BLACK
6
CONTINUOUS
10
0.6798368897637795
20
0.859823937007874
11
0.6805878740157481
21
0.8596227165354331
0
LINE
8
BLACK
6
CONTINUOUS
10
0.7313740157480315
20
0.9130086614173228
11
0.7323230708661417
21
0.9129516929133858
0
LINE
8
BLACK
6
CONTINUOUS
10
0.7323230708661417
20
0.9129516929133858
11
0.7407595275590551
21
0.9101395669291339
0
LINE
8
BLACK
6
CONTINUOUS
10
0.7407595275590551
20
0.9101395669291339
11
0.7418924015748032
21
0.9093915354330708
0
LINE
8
BLACK
6
CONTINUOUS
10
0.7418924015748032
20
0.9093915354330708
11
0.743067874015748
21
0.9087129133858267
0
LINE
8
BLACK
6
CONTINUOUS
10
0.743067874015748
20
0.9087129133858267
11
0.74588
21
0.9059007874015748
0
LINE
8
BLACK
6
CONTINUOUS
10
0.74588
20
0.9059007874015748
11
0.7474084645669291
21
0.9032534251968504
0
LINE
8
BLACK
6
CONTINUOUS
10
0.7474084645669291
20
0.9032534251968504
11
0.7474084645669291
21
0.9001964960629921
0
LINE
8
BLACK
6
CONTINUOUS
10
0.7474084645669291
20
0.9001964960629921
11
0.74588
21
0.8975491338582677
0
LINE
8
BLACK
6
CONTINUOUS
10
0.74588
20
0.8975491338582677
11
0.7432326377952756
21
0.8960206692913386
0
LINE
8
BLACK
6
CONTINUOUS
10
0.7432326377952756
20
0.8960206692913386
11
0.7401757086614174
21
0.8960206692913386
0
LINE
8
BLACK
6
CONTINUOUS
10
0.7401757086614174
20
0.8960206692913386
11
0.7375283464566929
21
0.8975491338582677
0
LINE
8
BLACK
6
CONTINUOUS
10
0.7375283464566929
20
0.8975491338582677
11
0.735701968503937
21
0.8993754724409448
0
LINE
8
BLACK
6
CONTINUOUS
10
0.735701968503937
20
0.8993754724409448
11
0.7294973228346456
21
0.9014437401574803
0
LINE
8
BLACK
6
CONTINUOUS
10
0.7294973228346456
20
0.9014437401574803
11
0.72578968503937
21
0.9014437401574803
0
LINE
8
BLACK
6
CONTINUOUS
10
0.72578968503937
20
0.9014437401574803
11
0.7195848818897638
21
0.8993754724409448
0
LINE
8
BLACK
6
CONTINUOUS
10
0.7195848818897638
20
0.8993754724409448
11
0.7156240157480315
21
0.8954146062992125
0
LINE
8
BLACK
6
CONTINUOUS
10
0.7156240157480315
20
0.8954146062992125
11
0.7135302755905512
21
0.8912272047244094
0
LINE
8
BLACK
6
CONTINUOUS
10
0.7135302755905512
20
0.8912272047244094
11
0.7110517716535433
21
0.8813129921259842
0
LINE
8
BLACK
6
CONTINUOUS
10
0.7110517716535433
20
0.8813129921259842
11
0.7110517716535433
21
0.8743303543307086
0
LINE
8
BLACK
6
CONTINUOUS
10
0.7110517716535433
20
0.8743303543307086
11
0.7135302755905512
21
0.8644161417322834
0
LINE
8
BLACK
6
CONTINUOUS
10
0.7135302755905512
20
0.8644161417322834
11
0.7156240157480315
21
0.8602287401574803
0
LINE
8
BLACK
6
CONTINUOUS
10
0.7156240157480315
20
0.8602287401574803
11
0.7195848818897638
21
0.856267874015748
0
LINE
8
BLACK
6
CONTINUOUS
10
0.7195848818897638
20
0.856267874015748
11
0.72578968503937
21
0.8541996456692913
0
LINE
8
BLACK
6
CONTINUOUS
10
0.72578968503937
20
0.8541996456692913
11
0.7294973228346456
21
0.8541996456692913
0
LINE
8
BLACK
6
CONTINUOUS
10
0.7294973228346456
20
0.8541996456692913
11
0.735701968503937
21
0.856267874015748
0
LINE
8
BLACK
6
CONTINUOUS
10
0.735701968503937
20
0.856267874015748
11
0.7375283464566929
21
0.8580942519685039
0
LINE
8
BLACK
6
CONTINUOUS
10
0.7375283464566929
20
0.8580942519685039
11
0.7401757086614174
21
0.8596227165354331
0
LINE
8
BLACK
6
CONTINUOUS
10
0.7401757086614174
20
0.8596227165354331
11
0.7432326377952756
21
0.8596227165354331
0
LINE
8
BLACK
6
CONTINUOUS
10
0.7432326377952756
20
0.8596227165354331
11
0.74588
21
0.8580942519685039
0
LINE
8
BLACK
6
CONTINUOUS
10
0.74588
20
0.8580942519685039
11
0.7474084645669291
21
0.8554468897637795
0
LINE
8
BLACK
6
CONTINUOUS
10
0.7474084645669291
20
0.8554468897637795
11
0.7474084645669291
21
0.8523899606299212
0
LINE
8
BLACK
6
CONTINUOUS
10
0.7474084645669291
20
0.8523899606299212
11
0.74588
21
0.8497425984251968
0
LINE
8
BLACK
6
CONTINUOUS
10
0.74588
20
0.8497425984251968
11
0.743067874015748
21
0.8469304724409449
0
LINE
8
BLACK
6
CONTINUOUS
10
0.743067874015748
20
0.8469304724409449
11
0.7418924015748032
21
0.846251811023622
0
LINE
8
BLACK
6
CONTINUOUS
10
0.7418924015748032
20
0.846251811023622
11
0.7407595275590551
21
0.8455038188976378
0
LINE
8
BLACK
6
CONTINUOUS
10
0.7407595275590551
20
0.8455038188976378
11
0.7323230708661417
21
0.8426916929133859
0
LINE
8
BLACK
6
CONTINUOUS
10
0.7323230708661417
20
0.8426916929133859
11
0.7313740157480315
21
0.8426346850393701
0
LINE
8
BLACK
6
CONTINUOUS
10
0.7313740157480315
20
0.8426346850393701
11
0.730455590551181
21
0.8423886220472441
0
LINE
8
BLACK
6
CONTINUOUS
10
0.730455590551181
20
0.8423886220472441
11
0.7248312992125984
21
0.8423886220472441
0
LINE
8
BLACK
6
CONTINUOUS
10
0.7248312992125984
20
0.8423886220472441
11
0.7239128346456692
21
0.8426346850393701
0
LINE
8
BLACK
6
CONTINUOUS
10
0.7239128346456692
20
0.8426346850393701
11
0.7229637795275591
21
0.8426916929133859
0
LINE
8
BLACK
6
CONTINUOUS
10
0.7229637795275591
20
0.8426916929133859
11
0.7145273622047243
21
0.8455038582677166
0
LINE
8
BLACK
6
CONTINUOUS
10
0.7145273622047243
20
0.8455038582677166
11
0.7133945669291338
21
0.8462517322834645
0
LINE
8
BLACK
6
CONTINUOUS
10
0.7133945669291338
20
0.8462517322834645
11
0.7122190157480315
21
0.8469304724409449
0
LINE
8
BLACK
6
CONTINUOUS
10
0.7122190157480315
20
0.8469304724409449
11
0.7065947244094488
21
0.8525547637795275
0
LINE
8
BLACK
6
CONTINUOUS
10
0.7065947244094488
20
0.8525547637795275
11
0.7061192913385826
21
0.853378188976378
0
LINE
8
BLACK
6
CONTINUOUS
10
0.7061192913385826
20
0.853378188976378
11
0.7054885039370079
21
0.8540895669291338
0
LINE
8
BLACK
6
CONTINUOUS
10
0.7054885039370079
20
0.8540895669291338
11
0.7026763385826772
21
0.8597138582677165
0
LINE
8
BLACK
6
CONTINUOUS
10
0.7026763385826772
20
0.8597138582677165
11
0.702545590551181
21
0.8603525984251968
0
LINE
8
BLACK
6
CONTINUOUS
10
0.702545590551181
20
0.8603525984251968
11
0.7022292125984252
21
0.8609225984251968
0
LINE
8
BLACK
6
CONTINUOUS
10
0.7022292125984252
20
0.8609225984251968
11
0.6994170866141732
21
0.8721711811023621
0
LINE
8
BLACK
6
CONTINUOUS
10
0.6994170866141732
20
0.8721711811023621
11
0.6994293307086614
21
0.8728996062992126
0
LINE
8
BLACK
6
CONTINUOUS
10
0.6994293307086614
20
0.8728996062992126
11
0.6992407480314961
21
0.8736034645669292
0
LINE
8
BLACK
6
CONTINUOUS
10
0.6992407480314961
20
0.8736034645669292
11
0.6992407480314961
21
0.8820399212598425
0
LINE
8
BLACK
6
CONTINUOUS
10
0.6992407480314961
20
0.8820399212598425
11
0.6994293307086614
21
0.8827437401574803
0
LINE
8
BLACK
6
CONTINUOUS
10
0.6994293307086614
20
0.8827437401574803
11
0.6994170866141732
21
0.8834722047244095
0
LINE
8
BLACK
6
CONTINUOUS
10
0.6994170866141732
20
0.8834722047244095
11
0.7022292125984252
21
0.8947207874015748
0
LINE
8
BLACK
6
CONTINUOUS
10
0.7022292125984252
20
0.8947207874015748
11
0.702545590551181
21
0.895290748031496
0
LINE
8
BLACK
6
CONTINUOUS
10
0.702545590551181
20
0.895290748031496
11
0.7026763385826772
21
0.8959295275590551
0
LINE
8
BLACK
6
CONTINUOUS
10
0.7026763385826772
20
0.8959295275590551
11
0.7054885039370079
21
0.9015538188976377
0
LINE
8
BLACK
6
CONTINUOUS
10
0.7054885039370079
20
0.9015538188976377
11
0.7061192913385826
21
0.902265157480315
0
LINE
8
BLACK
6
CONTINUOUS
10
0.7061192913385826
20
0.902265157480315
11
0.7065947244094488
21
0.903088622047244
0
LINE
8
BLACK
6
CONTINUOUS
10
0.7065947244094488
20
0.903088622047244
11
0.7122190157480315
21
0.9087129133858267
0
LINE
8
BLACK
6
CONTINUOUS
10
0.7122190157480315
20
0.9087129133858267
11
0.7133945669291338
21
0.9093916141732283
0
LINE
8
BLACK
6
CONTINUOUS
10
0.7133945669291338
20
0.9093916141732283
11
0.7145273622047243
21
0.9101395275590551
0
LINE
8
BLACK
6
CONTINUOUS
10
0.7145273622047243
20
0.9101395275590551
11
0.7229637795275591
21
0.9129516929133858
0
LINE
8
BLACK
6
CONTINUOUS
10
0.7229637795275591
20
0.9129516929133858
11
0.7239128346456692
21
0.9130086614173228
0
LINE
8
BLACK
6
CONTINUOUS
10
0.7239128346456692
20
0.9130086614173228
11
0.7248312992125984
21
0.9132547637795275
0
LINE
8
BLACK
6
CONTINUOUS
10
0.7248312992125984
20
0.9132547637795275
11
0.730455590551181
21
0.9132547637795275
0
LINE
8
BLACK
6
CONTINUOUS
10
0.730455590551181
20
0.9132547637795275
11
0.7313740157480315
21
0.9130086614173228
0
LINE
8
BLACK
6
CONTINUOUS
10
0.800947874015748
20
0.9132042125984252
11
0.8011393700787401
21
0.9132425196850393
0
LINE
8
BLACK
6
CONTINUOUS
10
0.8011393700787401
20
0.9132425196850393
11
0.8024131889763779
21
0.9128115748031496
0
LINE
8
BLACK
6
CONTINUOUS
10
0.8024131889763779
20
0.9128115748031496
11
0.8037120472440945
21
0.9124635826771653
0
LINE
8
BLACK
6
CONTINUOUS
10
0.8037120472440945
20
0.9124635826771653
11
0.8038500787401575
21
0.9123255118110236
0
LINE
8
BLACK
6
CONTINUOUS
10
0.8038500787401575
20
0.9123255118110236
11
0.8040350787401574
21
0.9122629527559055
0
LINE
8
BLACK
6
CONTINUOUS
10
0.8040350787401574
20
0.9122629527559055
11
0.8049228346456693
21
0.9112527559055118
0
LINE
8
BLACK
6
CONTINUOUS
10
0.8049228346456693
20
0.9112527559055118
11
0.8058736220472441
21
0.9103020078740157
0
LINE
8
BLACK
6
CONTINUOUS
10
0.8058736220472441
20
0.9103020078740157
11
0.8059241338582677
21
0.9101134251968503
0
LINE
8
BLACK
6
CONTINUOUS
10
0.8059241338582677
20
0.9101134251968503
11
0.8060530708661418
21
0.9099667322834646
0
LINE
8
BLACK
6
CONTINUOUS
10
0.8060530708661418
20
0.9099667322834646
11
0.8063167716535433
21
0.9086479921259842
0
LINE
8
BLACK
6
CONTINUOUS
10
0.8063167716535433
20
0.9086479921259842
11
0.8066648031496063
21
0.9073492519685039
0
LINE
8
BLACK
6
CONTINUOUS
10
0.8066648031496063
20
0.9073492519685039
11
0.8066142519685039
21
0.9071606299212598
0
LINE
8
BLACK
6
CONTINUOUS
10
0.8066142519685039
20
0.9071606299212598
11
0.8066525590551181
21
0.9069691732283465
0
LINE
8
BLACK
6
CONTINUOUS
10
0.8066525590551181
20
0.9069691732283465
11
0.8062216141732284
21
0.9056953149606299
0
LINE
8
BLACK
6
CONTINUOUS
10
0.8062216141732284
20
0.9056953149606299
11
0.8058736220472441
21
0.9043964960629921
0
LINE
8
BLACK
6
CONTINUOUS
10
0.8058736220472441
20
0.9043964960629921
11
0.8057355511811023
21
0.9042584251968504
0
LINE
8
BLACK
6
CONTINUOUS
10
0.8057355511811023
20
0.9042584251968504
11
0.8056729921259842
21
0.9040734645669292
0
LINE
8
BLACK
6
CONTINUOUS
10
0.8056729921259842
20
0.9040734645669292
11
0.772423779527559
21
0.8541996456692913
0
LINE
8
BLACK
6
CONTINUOUS
10
0.772423779527559
20
0.8541996456692913
11
0.8007592913385827
21
0.8541996456692913
0
LINE
8
BLACK
6
CONTINUOUS
10
0.8007592913385827
20
0.8541996456692913
11
0.8037120472440945
21
0.8534084645669291
0
LINE
8
BLACK
6
CONTINUOUS
10
0.8037120472440945
20
0.8534084645669291
11
0.8058736220472441
21
0.8512468897637795
0
LINE
8
BLACK
6
CONTINUOUS
10
0.8058736220472441
20
0.8512468897637795
11
0.8066648031496063
21
0.8482941338582677
0
LINE
8
BLACK
6
CONTINUOUS
10
0.8066648031496063
20
0.8482941338582677
11
0.8058736220472441
21
0.8453413779527559
0
LINE
8
BLACK
6
CONTINUOUS
10
0.8058736220472441
20
0.8453413779527559
11
0.8037120472440945
21
0.8431798031496063
0
LINE
8
BLACK
6
CONTINUOUS
10
0.8037120472440945
20
0.8431798031496063
11
0.8007592913385827
21
0.8423886220472441
0
LINE
8
BLACK
6
CONTINUOUS
10
0.8007592913385827
20
0.8423886220472441
11
0.7613892125984252
21
0.8423886220472441
0
LINE
8
BLACK
6
CONTINUOUS
10
0.7613892125984252
20
0.8423886220472441
11
0.7612005905511811
21
0.8424391338582677
0
LINE
8
BLACK
6
CONTINUOUS
10
0.7612005905511811
20
0.8424391338582677
11
0.7610091338582677
21
0.8424008661417323
0
LINE
8
BLACK
6
CONTINUOUS
10
0.7610091338582677
20
0.8424008661417323
11
0.7597352755905512
21
0.8428317716535433
0
LINE
8
BLACK
6
CONTINUOUS
10
0.7597352755905512
20
0.8428317716535433
11
0.7584364566929134
21
0.8431798031496063
0
LINE
8
BLACK
6
CONTINUOUS
10
0.7584364566929134
20
0.8431798031496063
11
0.7582983858267717
21
0.8433178346456692
0
LINE
8
BLACK
6
CONTINUOUS
10
0.7582983858267717
20
0.8433178346456692
11
0.7581134251968503
21
0.8433804330708661
0
LINE
8
BLACK
6
CONTINUOUS
10
0.7581134251968503
20
0.8433804330708661
11
0.7572256299212599
21
0.844390590551181
0
LINE
8
BLACK
6
CONTINUOUS
10
0.7572256299212599
20
0.844390590551181
11
0.7562748818897638
21
0.8453413779527559
0
LINE
8
BLACK
6
CONTINUOUS
10
0.7562748818897638
20
0.8453413779527559
11
0.7562243307086614
21
0.8455299212598425
0
LINE
8
BLACK
6
CONTINUOUS
10
0.7562243307086614
20
0.8455299212598425
11
0.7560954330708661
21
0.8456766535433071
0
LINE
8
BLACK
6
CONTINUOUS
10
0.7560954330708661
20
0.8456766535433071
11
0.7558316929133858
21
0.8469953543307086
0
LINE
8
BLACK
6
CONTINUOUS
10
0.7558316929133858
20
0.8469953543307086
11
0.7554837007874016
21
0.8482941338582677
0
LINE
8
BLACK
6
CONTINUOUS
10
0.7554837007874016
20
0.8482941338582677
11
0.7555342125984251
21
0.8484827165354331
0
LINE
8
BLACK
6
CONTINUOUS
10
0.7555342125984251
20
0.8484827165354331
11
0.7554959448818898
21
0.8486742125984251
0
LINE
8
BLACK
6
CONTINUOUS
10
0.7554959448818898
20
0.8486742125984251
11
0.7559268503937008
21
0.849948031496063
0
LINE
8
BLACK
6
CONTINUOUS
10
0.7559268503937008
20
0.849948031496063
11
0.7562748818897638
21
0.8512468897637795
0
LINE
8
BLACK
6
CONTINUOUS
10
0.7562748818897638
20
0.8512468897637795
11
0.7564129133858267
21
0.8513849212598426
0
LINE
8
BLACK
6
CONTINUOUS
10
0.7564129133858267
20
0.8513849212598426
11
0.7564755118110236
21
0.8515699212598425
0
LINE
8
BLACK
6
CONTINUOUS
10
0.7564755118110236
20
0.8515699212598425
11
0.7897247637795275
21
0.9014437401574803
0
LINE
8
BLACK
6
CONTINUOUS
10
0.7897247637795275
20
0.9014437401574803
11
0.7613892125984252
21
0.9014437401574803
0
LINE
8
BLACK
6
CONTINUOUS
10
0.7613892125984252
20
0.9014437401574803
11
0.7584364566929134
21
0.9022349212598425
0
LINE
8
BLACK
6
CONTINUOUS
10
0.7584364566929134
20
0.9022349212598425
11
0.7562748818897638
21
0.9043964960629921
0
LINE
8
BLACK
6
CONTINUOUS
10
0.7562748818897638
20
0.9043964960629921
11
0.7554837007874016
21
0.9073492519685039
0
LINE
8
BLACK
6
CONTINUOUS
10
0.7554837007874016
20
0.9073492519685039
11
0.7562748818897638
21
0.9103020078740157
0
LINE
8
BLACK
6
CONTINUOUS
10
0.7562748818897638
20
0.9103020078740157
11
0.7584364566929134
21
0.9124635826771653
0
LINE
8
BLACK
6
CONTINUOUS
10
0.7584364566929134
20
0.9124635826771653
11
0.7613892125984252
21
0.9132547637795275
0
LINE
8
BLACK
6
CONTINUOUS
10
0.7613892125984252
20
0.9132547637795275
11
0.8007592913385827
21
0.9132547637795275
0
LINE
8
BLACK
6
CONTINUOUS
10
0.8007592913385827
20
0.9132547637795275
11
0.800947874015748
21
0.9132042125984252
0
LINE
8
BLACK
6
CONTINUOUS
10
1.3512619291338583
20
0.8959879527559055
11
1.3519527559055118
21
0.8940899606299212
0
LINE
8
BLACK
6
CONTINUOUS
10
1.3519527559055118
20
0.8940899606299212
11
1.3519527559055118
21
0.8820446062992126
0
LINE
8
BLACK
6
CONTINUOUS
10
1.3519527559055118
20
0.8820446062992126
11
1.3639981496062992
21
0.8820446062992126
0
LINE
8
BLACK
6
CONTINUOUS
10
1.3639981496062992
20
0.8820446062992126
11
1.3650080708661416
21
0.8818665354330708
0
LINE
8
BLACK
6
CONTINUOUS
10
1.3650080708661416
20
0.8818665354330708
11
1.36655531496063
21
0.8805682283464566
0
LINE
8
BLACK
6
CONTINUOUS
10
1.36655531496063
20
0.8805682283464566
11
1.3669060629921259
21
0.8785790944881889
0
LINE
8
BLACK
6
CONTINUOUS
10
1.3669060629921259
20
0.8785790944881889
11
1.3658961417322835
21
0.8768299212598425
0
LINE
8
BLACK
6
CONTINUOUS
10
1.3658961417322835
20
0.8768299212598425
11
1.3639981496062992
21
0.8761390944881889
0
LINE
8
BLACK
6
CONTINUOUS
10
1.3639981496062992
20
0.8761390944881889
11
1.3519527559055118
21
0.8761390944881889
0
LINE
8
BLACK
6
CONTINUOUS
10
1.3519527559055118
20
0.8761390944881889
11
1.3519527559055118
21
0.8640937007874016
0
LINE
8
BLACK
6
CONTINUOUS
10
1.3519527559055118
20
0.8640937007874016
11
1.3517746850393701
21
0.863083779527559
0
LINE
8
BLACK
6
CONTINUOUS
10
1.3517746850393701
20
0.863083779527559
11
1.3504763779527558
21
0.8615365354330708
0
LINE
8
BLACK
6
CONTINUOUS
10
1.3504763779527558
20
0.8615365354330708
11
1.3484872440944882
21
0.8611857874015748
0
LINE
8
BLACK
6
CONTINUOUS
10
1.3484872440944882
20
0.8611857874015748
11
1.3467380708661416
21
0.8621957086614173
0
LINE
8
BLACK
6
CONTINUOUS
10
1.3467380708661416
20
0.8621957086614173
11
1.3460472440944882
21
0.8640937007874016
0
LINE
8
BLACK
6
CONTINUOUS
10
1.3460472440944882
20
0.8640937007874016
11
1.3460472440944882
21
0.8761390944881889
0
LINE
8
BLACK
6
CONTINUOUS
10
1.3460472440944882
20
0.8761390944881889
11
1.3340018897637795
21
0.8761390944881889
0
LINE
8
BLACK
6
CONTINUOUS
10
1.3340018897637795
20
0.8761390944881889
11
1.3329919685039371
21
0.8763171653543307
0
LINE
8
BLACK
6
CONTINUOUS
10
1.3329919685039371
20
0.8763171653543307
11
1.3314447244094487
21
0.8776154724409448
0
LINE
8
BLACK
6
CONTINUOUS
10
1.3314447244094487
20
0.8776154724409448
11
1.3310939763779528
21
0.8796046062992126
0
LINE
8
BLACK
6
CONTINUOUS
10
1.3310939763779528
20
0.8796046062992126
11
1.3321038976377952
21
0.881353779527559
0
LINE
8
BLACK
6
CONTINUOUS
10
1.3321038976377952
20
0.881353779527559
11
1.3340018897637795
21
0.8820446062992126
0
LINE
8
BLACK
6
CONTINUOUS
10
1.3340018897637795
20
0.8820446062992126
11
1.3460472440944882
21
0.8820446062992126
0
LINE
8
BLACK
6
CONTINUOUS
10
1.3460472440944882
20
0.8820446062992126
11
1.3460472440944882
21
0.8940899606299212
0
LINE
8
BLACK
6
CONTINUOUS
10
1.3460472440944882
20
0.8940899606299212
11
1.3462253149606298
21
0.8950998818897637
0
LINE
8
BLACK
6
CONTINUOUS
10
1.3462253149606298
20
0.8950998818897637
11
1.347523622047244
21
0.896647125984252
0
LINE
8
BLACK
6
CONTINUOUS
10
1.347523622047244
20
0.896647125984252
11
1.3495127559055118
21
0.896997874015748
0
LINE
8
BLACK
6
CONTINUOUS
10
1.3495127559055118
20
0.896997874015748
11
1.3512619291338583
21
0.8959879527559055
0
LINE
8
BLACK
6
CONTINUOUS
10
0.1643657480314961
20
1.0364670472440944
11
0.1648165748031496
21
1.0364670472440944
0
LINE
8
BLACK
6
CONTINUOUS
10
0.1648165748031496
20
1.0364670472440944
11
0.1654144881889764
21
1.0360325984251968
0
LINE
8
BLACK
6
CONTINUOUS
10
0.1654144881889764
20
1.0360325984251968
11
0.1657569291338583
21
1.0358907874015748
0
LINE
8
BLACK
6
CONTINUOUS
10
0.1657569291338583
20
1.0358907874015748
11
0.1658202755905512
21
1.0357377952755906
0
LINE
8
BLACK
6
CONTINUOUS
10
0.1658202755905512
20
1.0357377952755906
11
0.1659976771653543
21
1.035608937007874
0
LINE
8
BLACK
6
CONTINUOUS
10
0.1659976771653543
20
1.035608937007874
11
0.1664488188976378
21
1.0342204724409449
0
LINE
8
BLACK
6
CONTINUOUS
10
0.1664488188976378
20
1.0342204724409449
11
0.1664488188976378
21
1.0292144094488189
0
LINE
8
BLACK
6
CONTINUOUS
10
0.1664488188976378
20
1.0292144094488189
11
0.1677556692913386
21
1.0192879133858268
0
LINE
8
BLACK
6
CONTINUOUS
10
0.1677556692913386
20
1.0192879133858268
11
0.170346968503937
21
1.0096168897637796
0
LINE
8
BLACK
6
CONTINUOUS
10
0.170346968503937
20
1.0096168897637796
11
0.1741784645669291
21
1.0003668897637794
0
LINE
8
BLACK
6
CONTINUOUS
10
0.1741784645669291
20
1.0003668897637794
11
0.1791845669291338
21
0.9916961023622047
0
LINE
8
BLACK
6
CONTINUOUS
10
0.1791845669291338
20
0.9916961023622047
11
0.1852795669291339
21
0.9837529133858267
0
LINE
8
BLACK
6
CONTINUOUS
10
0.1852795669291339
20
0.9837529133858267
11
0.1923592125984252
21
0.9766732677165354
0
LINE
8
BLACK
6
CONTINUOUS
10
0.1923592125984252
20
0.9766732677165354
11
0.2003024015748031
21
0.9705782677165354
0
LINE
8
BLACK
6
CONTINUOUS
10
0.2003024015748031
20
0.9705782677165354
11
0.208973188976378
21
0.9655721653543307
0
LINE
8
BLACK
6
CONTINUOUS
10
0.208973188976378
20
0.9655721653543307
11
0.2182231889763779
21
0.9617406692913386
0
LINE
8
BLACK
6
CONTINUOUS
10
0.2182231889763779
20
0.9617406692913386
11
0.2278942125984252
21
0.9591493700787401
0
LINE
8
BLACK
6
CONTINUOUS
10
0.2278942125984252
20
0.9591493700787401
11
0.2378207086614173
21
0.9578425196850393
0
LINE
8
BLACK
6
CONTINUOUS
10
0.2378207086614173
20
0.9578425196850393
11
0.2428267716535433
21
0.9578425196850393
0
LINE
8
BLACK
6
CONTINUOUS
10
0.2428267716535433
20
0.9578425196850393
11
0.636527559055118
21
0.9578425196850393
0
LINE
8
BLACK
6
CONTINUOUS
10
0.636527559055118
20
0.9578425196850393
11
0.6415336220472441
21
0.9578425196850393
0
LINE
8
BLACK
6
CONTINUOUS
10
0.6415336220472441
20
0.9578425196850393
11
0.6514601181102362
21
0.9591493700787401
0
LINE
8
BLACK
6
CONTINUOUS
10
0.6514601181102362
20
0.9591493700787401
11
0.6611311417322835
21
0.9617406692913386
0
LINE
8
BLACK
6
CONTINUOUS
10
0.6611311417322835
20
0.9617406692913386
11
0.6703811417322835
21
0.9655721653543307
0
LINE
8
BLACK
6
CONTINUOUS
10
0.6703811417322835
20
0.9655721653543307
11
0.6790519291338583
21
0.9705782677165354
0
LINE
8
BLACK
6
CONTINUOUS
10
0.6790519291338583
20
0.9705782677165354
11
0.6869951181102362
21
0.9766732677165354
0
LINE
8
BLACK
6
CONTINUOUS
10
0.6869951181102362
20
0.9766732677165354
11
0.6940747637795276
21
0.9837529133858267
0
LINE
8
BLACK
6
CONTINUOUS
10
0.6940747637795276
20
0.9837529133858267
11
0.7001697637795276
21
0.9916961023622047
0
LINE
8
BLACK
6
CONTINUOUS
10
0.7001697637795276
20
0.9916961023622047
11
0.7051758661417322
21
1.0003668897637794
0
LINE
8
BLACK
6
CONTINUOUS
10
0.7051758661417322
20
1.0003668897637794
11
0.7090073622047244
21
1.0096168897637796
0
LINE
8
BLACK
6
CONTINUOUS
10
0.7090073622047244
20
1.0096168897637796
11
0.7115986614173229
21
1.0192879133858268
0
LINE
8
BLACK
6
CONTINUOUS
10
0.7115986614173229
20
1.0192879133858268
11
0.7129055118110236
21
1.0292144094488189
0
LINE
8
BLACK
6
CONTINUOUS
10
0.7129055118110236
20
1.0292144094488189
11
0.7129055118110236
21
1.0342204724409449
0
LINE
8
BLACK
6
CONTINUOUS
10
0.7129055118110236
20
1.0342204724409449
11
0.713356653543307
21
1.035608937007874
0
LINE
8
BLACK
6
CONTINUOUS
10
0.713356653543307
20
1.035608937007874
11
0.7145377559055118
21
1.0364670472440944
0
LINE
8
BLACK
6
CONTINUOUS
10
0.7145377559055118
20
1.0364670472440944
11
0.7159976771653543
21
1.0364670472440944
0
LINE
8
BLACK
6
CONTINUOUS
10
0.7159976771653543
20
1.0364670472440944
11
0.717178779527559
21
1.035608937007874
0
LINE
8
BLACK
6
CONTINUOUS
10
0.717178779527559
20
1.035608937007874
11
0.7176299212598425
21
1.0342204724409449
0
LINE
8
BLACK
6
CONTINUOUS
10
0.7176299212598425
20
1.0342204724409449
11
0.716936062992126
21
1.0236344881889763
0
LINE
8
BLACK
6
CONTINUOUS
10
0.716936062992126
20
1.0236344881889763
11
0.7148664173228346
21
1.0132296456692913
0
LINE
8
BLACK
6
CONTINUOUS
10
0.7148664173228346
20
1.0132296456692913
11
0.7114563779527558
21
1.0031839370078739
0
LINE
8
BLACK
6
CONTINUOUS
10
0.7114563779527558
20
1.0031839370078739
11
0.7067642519685039
21
0.9936692913385826
0
LINE
8
BLACK
6
CONTINUOUS
10
0.7067642519685039
20
0.9936692913385826
11
0.7008703937007874
21
0.9848484645669291
0
LINE
8
BLACK
6
CONTINUOUS
10
0.7008703937007874
20
0.9848484645669291
11
0.6938755905511811
21
0.9768724409448819
0
LINE
8
BLACK
6
CONTINUOUS
10
0.6938755905511811
20
0.9768724409448819
11
0.6858995669291339
21
0.9698776377952756
0
LINE
8
BLACK
6
CONTINUOUS
10
0.6858995669291339
20
0.9698776377952756
11
0.6770787401574803
21
0.963983779527559
0
LINE
8
BLACK
6
CONTINUOUS
10
0.6770787401574803
20
0.963983779527559
11
0.667564094488189
21
0.959291653543307
0
LINE
8
BLACK
6
CONTINUOUS
10
0.667564094488189
20
0.959291653543307
11
0.6575183858267717
21
0.9558816141732284
0
LINE
8
BLACK
6
CONTINUOUS
10
0.6575183858267717
20
0.9558816141732284
11
0.6471135433070866
21
0.953811968503937
0
LINE
8
BLACK
6
CONTINUOUS
10
0.6471135433070866
20
0.953811968503937
11
0.636527559055118
21
0.9531181102362205
0
LINE
8
BLACK
6
CONTINUOUS
10
0.636527559055118
20
0.9531181102362205
11
0.2428267716535433
21
0.9531181102362205
0
LINE
8
BLACK
6
CONTINUOUS
10
0.2428267716535433
20
0.9531181102362205
11
0.2322407874015748
21
0.953811968503937
0
LINE
8
BLACK
6
CONTINUOUS
10
0.2322407874015748
20
0.953811968503937
11
0.2218359448818898
21
0.9558816141732284
0
LINE
8
BLACK
6
CONTINUOUS
10
0.2218359448818898
20
0.9558816141732284
11
0.2117902362204724
21
0.959291653543307
0
LINE
8
BLACK
6
CONTINUOUS
10
0.2117902362204724
20
0.959291653543307
11
0.2022755905511811
21
0.963983779527559
0
LINE
8
BLACK
6
CONTINUOUS
10
0.2022755905511811
20
0.963983779527559
11
0.1934547637795276
21
0.9698776377952756
0
LINE
8
BLACK
6
CONTINUOUS
10
0.1934547637795276
20
0.9698776377952756
11
0.1854787401574803
21
0.9768724409448819
0
LINE
8
BLACK
6
CONTINUOUS
10
0.1854787401574803
20
0.9768724409448819
11
0.178483937007874
21
0.9848484645669291
0
LINE
8
BLACK
6
CONTINUOUS
10
0.178483937007874
20
0.9848484645669291
11
0.1725900787401575
21
0.9936692913385826
0
LINE
8
BLACK
6
CONTINUOUS
10
0.1725900787401575
20
0.9936692913385826
11
0.1678979527559055
21
1.0031839370078739
0
LINE
8
BLACK
6
CONTINUOUS
10
0.1678979527559055
20
1.0031839370078739
11
0.1644879133858268
21
1.0132296456692913
0
LINE
8
BLACK
6
CONTINUOUS
10
0.1644879133858268
20
1.0132296456692913
11
0.1624182677165354
21
1.0236344881889763
0
LINE
8
BLACK
6
CONTINUOUS
10
0.1624182677165354
20
1.0236344881889763
11
0.1618792519685039
21
1.0318582677165353
0
LINE
8
BLACK
6
CONTINUOUS
10
0.1618792519685039
20
1.0318582677165353
11
0.0459763779527559
21
1.0318582677165353
0
LINE
8
BLACK
6
CONTINUOUS
10
0.0459763779527559
20
1.0318582677165353
11
0.044306062992126
21
1.0325501574803149
0
LINE
8
BLACK
6
CONTINUOUS
10
0.044306062992126
20
1.0325501574803149
11
0.0436141732283465
21
1.0342204724409449
0
LINE
8
BLACK
6
CONTINUOUS
10
0.0436141732283465
20
1.0342204724409449
11
0.044306062992126
21
1.0358907874015748
0
LINE
8
BLACK
6
CONTINUOUS
10
0.044306062992126
20
1.0358907874015748
11
0.0459763779527559
21
1.0365826771653543
0
LINE
8
BLACK
6
CONTINUOUS
10
0.0459763779527559
20
1.0365826771653543
11
0.1640866141732283
21
1.0365826771653543
0
LINE
8
BLACK
6
CONTINUOUS
10
0.1640866141732283
20
1.0365826771653543
11
0.1643657480314961
21
1.0364670472440944
0
LINE
8
BLACK
6
CONTINUOUS
10
1.4313947244094487
20
1.0595443307086614
11
1.4320866141732282
21
1.0578740157480315
0
LINE
8
BLACK
6
CONTINUOUS
10
1.4320866141732282
20
1.0578740157480315
11
1.4320866141732282
21
1.0375826771653542
0
LINE
8
BLACK
6
CONTINUOUS
10
1.4320866141732282
20
1.0375826771653542
11
1.4327401574803149
21
1.0375826771653542
0
LINE
8
BLACK
6
CONTINUOUS
10
1.4327401574803149
20
1.0375826771653542
11
1.4344104724409448
21
1.0368907874015747
0
LINE
8
BLACK
6
CONTINUOUS
10
1.4344104724409448
20
1.0368907874015747
11
1.4351023622047243
21
1.0352204724409448
0
LINE
8
BLACK
6
CONTINUOUS
10
1.4351023622047243
20
1.0352204724409448
11
1.4344104724409448
21
1.033550157480315
0
LINE
8
BLACK
6
CONTINUOUS
10
1.4344104724409448
20
1.033550157480315
11
1.4327401574803149
21
1.0328582677165354
0
LINE
8
BLACK
6
CONTINUOUS
10
1.4327401574803149
20
1.0328582677165354
11
1.4320866141732282
21
1.0328582677165354
0
LINE
8
BLACK
6
CONTINUOUS
10
1.4320866141732282
20
1.0328582677165354
11
1.4320866141732282
21
0.8801023622047244
0
LINE
8
BLACK
6
CONTINUOUS
10
1.4320866141732282
20
0.8801023622047244
11
1.4327401574803149
21
0.8801023622047244
0
LINE
8
BLACK
6
CONTINUOUS
10
1.4327401574803149
20
0.8801023622047244
11
1.4344104724409448
21
0.8794104724409448
0
LINE
8
BLACK
6
CONTINUOUS
10
1.4344104724409448
20
0.8794104724409448
11
1.4351023622047243
21
0.877740157480315
0
LINE
8
BLACK
6
CONTINUOUS
10
1.4351023622047243
20
0.877740157480315
11
1.4344104724409448
21
0.876069842519685
0
LINE
8
BLACK
6
CONTINUOUS
10
1.4344104724409448
20
0.876069842519685
11
1.4327401574803149
21
0.8753779527559055
0
LINE
8
BLACK
6
CONTINUOUS
10
1.4327401574803149
20
0.8753779527559055
11
1.4320866141732282
21
0.8753779527559055
0
LINE
8
BLACK
6
CONTINUOUS
10
1.4320866141732282
20
0.8753779527559055
11
1.4320866141732282
21
0.7226220472440945
0
LINE
8
BLACK
6
CONTINUOUS
10
1.4320866141732282
20
0.7226220472440945
11
1.4327401574803149
21
0.7226220472440945
0
LINE
8
BLACK
6
CONTINUOUS
10
1.4327401574803149
20
0.7226220472440945
11
1.4344104724409448
21
0.721930157480315
0
LINE
8
BLACK
6
CONTINUOUS
10
1.4344104724409448
20
0.721930157480315
11
1.4351023622047243
21
0.720259842519685
0
LINE
8
BLACK
6
CONTINUOUS
10
1.4351023622047243
20
0.720259842519685
11
1.4344104724409448
21
0.7185895275590551
0
LINE
8
BLACK
6
CONTINUOUS
10
1.4344104724409448
20
0.7185895275590551
11
1.4327401574803149
21
0.7178976377952756
0
LINE
8
BLACK
6
CONTINUOUS
10
1.4327401574803149
20
0.7178976377952756
11
1.4320866141732282
21
0.7178976377952756
0
LINE
8
BLACK
6
CONTINUOUS
10
1.4320866141732282
20
0.7178976377952756
11
1.4320866141732282
21
0.5651417322834645
0
LINE
8
BLACK
6
CONTINUOUS
10
1.4320866141732282
20
0.5651417322834645
11
1.4327401574803149
21
0.5651417322834645
0
LINE
8
BLACK
6
CONTINUOUS
10
1.4327401574803149
20
0.5651417322834645
11
1.4344104724409448
21
0.564449842519685
0
LINE
8
BLACK
6
CONTINUOUS
10
1.4344104724409448
20
0.564449842519685
11
1.4351023622047243
21
0.5627795275590551
0
LINE
8
BLACK
6
CONTINUOUS
10
1.4351023622047243
20
0.5627795275590551
11
1.4344104724409448
21
0.5611092125984252
0
LINE
8
BLACK
6
CONTINUOUS
10
1.4344104724409448
20
0.5611092125984252
11
1.4327401574803149
21
0.5604173228346456
0
LINE
8
BLACK
6
CONTINUOUS
10
1.4327401574803149
20
0.5604173228346456
11
1.4320866141732282
21
0.5604173228346456
0
LINE
8
BLACK
6
CONTINUOUS
10
1.4320866141732282
20
0.5604173228346456
11
1.4320866141732282
21
0.5421259842519685
0
LINE
8
BLACK
6
CONTINUOUS
10
1.4320866141732282
20
0.5421259842519685
11
1.4313947244094487
21
0.5404556692913386
0
LINE
8
BLACK
6
CONTINUOUS
10
1.4313947244094487
20
0.5404556692913386
11
1.4297244094488188
21
0.5397637795275591
0
LINE
8
BLACK
6
CONTINUOUS
10
1.4297244094488188
20
0.5397637795275591
11
0.0202755905511811
21
0.5397637795275591
0
LINE
8
BLACK
6
CONTINUOUS
10
0.0202755905511811
20
0.5397637795275591
11
0.0186052755905512
21
0.5404556692913386
0
LINE
8
BLACK
6
CONTINUOUS
10
0.0186052755905512
20
0.5404556692913386
11
0.0179133858267717
21
0.5421259842519685
0
LINE
8
BLACK
6
CONTINUOUS
10
0.0179133858267717
20
0.5421259842519685
11
0.0179133858267717
21
1.0578740157480315
0
LINE
8
BLACK
6
CONTINUOUS
10
0.0179133858267717
20
1.0578740157480315
11
0.0186052755905512
21
1.0595443307086614
0
LINE
8
BLACK
6
CONTINUOUS
10
0.0186052755905512
20
1.0595443307086614
11
0.0202755905511811
21
1.0602362204724409
0
LINE
8
BLACK
6
CONTINUOUS
10
0.0202755905511811
20
1.0602362204724409
11
0.021945905511811
21
1.0595443307086614
0
LINE
8
BLACK
6
CONTINUOUS
10
0.021945905511811
20
1.0595443307086614
11
0.0224747244094488
21
1.0582677165354331
0
LINE
8
BLACK
6
CONTINUOUS
10
0.0224747244094488
20
1.0582677165354331
11
1.4275252755905512
21
1.0582677165354331
0
LINE
8
BLACK
6
CONTINUOUS
10
1.4275252755905512
20
1.0582677165354331
11
1.428054094488189
21
1.0595443307086614
0
LINE
8
BLACK
6
CONTINUOUS
10
1.428054094488189
20
1.0595443307086614
11
1.4297244094488188
21
1.0602362204724409
0
LINE
8
BLACK
6
CONTINUOUS
10
1.4297244094488188
20
1.0602362204724409
11
1.4313947244094487
21
1.0595443307086614
0
LINE
8
BLACK
6
CONTINUOUS
10
0.0226377952755905
20
1.0535433070866143
11
0.0226377952755905
21
0.544488188976378
0
LINE
8
BLACK
6
CONTINUOUS
10
0.0226377952755905
20
0.544488188976378
11
1.4273622047244094
21
0.544488188976378
0
LINE
8
BLACK
6
CONTINUOUS
10
1.4273622047244094
20
0.544488188976378
11
1.4273622047244094
21
0.5604173228346456
0
LINE
8
BLACK
6
CONTINUOUS
10
1.4273622047244094
20
0.5604173228346456
11
1.3146299212598425
21
0.5604173228346456
0
LINE
8
BLACK
6
CONTINUOUS
10
1.3146299212598425
20
0.5604173228346456
11
1.3143507874015747
21
0.5605329527559055
0
LINE
8
BLACK
6
CONTINUOUS
10
1.3143507874015747
20
0.5605329527559055
11
1.3138999606299213
21
0.5605329527559055
0
LINE
8
BLACK
6
CONTINUOUS
10
1.3138999606299213
20
0.5605329527559055
11
1.3133020078740156
21
0.5609673622047244
0
LINE
8
BLACK
6
CONTINUOUS
10
1.3133020078740156
20
0.5609673622047244
11
1.3129596062992126
21
0.5611092125984252
0
LINE
8
BLACK
6
CONTINUOUS
10
1.3129596062992126
20
0.5611092125984252
11
1.3128962204724408
21
0.5612621653543307
0
LINE
8
BLACK
6
CONTINUOUS
10
1.3128962204724408
20
0.5612621653543307
11
1.3127188582677165
21
0.5613910629921259
0
LINE
8
BLACK
6
CONTINUOUS
10
1.3127188582677165
20
0.5613910629921259
11
1.3122677165354331
21
0.5627795275590551
0
LINE
8
BLACK
6
CONTINUOUS
10
1.3122677165354331
20
0.5627795275590551
11
1.3122677165354331
21
0.5677855905511811
0
LINE
8
BLACK
6
CONTINUOUS
10
1.3122677165354331
20
0.5677855905511811
11
1.3109608661417322
21
0.5777120866141732
0
LINE
8
BLACK
6
CONTINUOUS
10
1.3109608661417322
20
0.5777120866141732
11
1.3083695669291338
21
0.5873831102362205
0
LINE
8
BLACK
6
CONTINUOUS
10
1.3083695669291338
20
0.5873831102362205
11
1.3045380708661416
21
0.5966331102362205
0
LINE
8
BLACK
6
CONTINUOUS
10
1.3045380708661416
20
0.5966331102362205
11
1.299531968503937
21
0.6053038976377952
0
LINE
8
BLACK
6
CONTINUOUS
10
1.299531968503937
20
0.6053038976377952
11
1.2934369685039371
21
0.6132470866141733
0
LINE
8
BLACK
6
CONTINUOUS
10
1.2934369685039371
20
0.6132470866141733
11
1.2863573228346457
21
0.6203267322834646
0
LINE
8
BLACK
6
CONTINUOUS
10
1.2863573228346457
20
0.6203267322834646
11
1.2784141338582677
21
0.6264217322834645
0
LINE
8
BLACK
6
CONTINUOUS
10
1.2784141338582677
20
0.6264217322834645
11
1.269743346456693
21
0.6314278346456693
0
LINE
8
BLACK
6
CONTINUOUS
10
1.269743346456693
20
0.6314278346456693
11
1.260493346456693
21
0.6352593307086614
0
LINE
8
BLACK
6
CONTINUOUS
10
1.260493346456693
20
0.6352593307086614
11
1.2508223228346456
21
0.6378506299212598
0
LINE
8
BLACK
6
CONTINUOUS
10
1.2508223228346456
20
0.6378506299212598
11
1.2408958267716534
21
0.6391574803149607
0
LINE
8
BLACK
6
CONTINUOUS
10
1.2408958267716534
20
0.6391574803149607
11
1.2358897637795276
21
0.6391574803149607
0
LINE
8
BLACK
6
CONTINUOUS
10
1.2358897637795276
20
0.6391574803149607
11
0.8421889763779528
21
0.6391574803149607
0
LINE
8
BLACK
6
CONTINUOUS
10
0.8421889763779528
20
0.6391574803149607
11
0.8371829133858267
21
0.6391574803149607
0
LINE
8
BLACK
6
CONTINUOUS
10
0.8371829133858267
20
0.6391574803149607
11
0.8272564173228346
21
0.6378506299212598
0
LINE
8
BLACK
6
CONTINUOUS
10
0.8272564173228346
20
0.6378506299212598
11
0.8175853937007874
21
0.6352593307086614
0
LINE
8
BLACK
6
CONTINUOUS
10
0.8175853937007874
20
0.6352593307086614
11
0.8083353937007873
21
0.6314278346456693
0
LINE
8
BLACK
6
CONTINUOUS
10
0.8083353937007873
20
0.6314278346456693
11
0.7996646062992125
21
0.6264217322834645
0
LINE
8
BLACK
6
CONTINUOUS
10
0.7996646062992125
20
0.6264217322834645
11
0.7917214173228346
21
0.6203267322834646
0
LINE
8
BLACK
6
CONTINUOUS
10
0.7917214173228346
20
0.6203267322834646
11
0.7846417716535433
21
0.6132470866141733
0
LINE
8
BLACK
6
CONTINUOUS
10
0.7846417716535433
20
0.6132470866141733
11
0.7785467716535432
21
0.6053038976377952
0
LINE
8
BLACK
6
CONTINUOUS
10
0.7785467716535432
20
0.6053038976377952
11
0.7735406692913386
21
0.5966331102362205
0
LINE
8
BLACK
6
CONTINUOUS
10
0.7735406692913386
20
0.5966331102362205
11
0.7697091732283464
21
0.5873831102362205
0
LINE
8
BLACK
6
CONTINUOUS
10
0.7697091732283464
20
0.5873831102362205
11
0.767117874015748
21
0.5777120866141732
0
LINE
8
BLACK
6
CONTINUOUS
10
0.767117874015748
20
0.5777120866141732
11
0.7658110236220472
21
0.5677855905511811
0
LINE
8
BLACK
6
CONTINUOUS
10
0.7658110236220472
20
0.5677855905511811
11
0.7658110236220472
21
0.5627795275590551
0
LINE
8
BLACK
6
CONTINUOUS
10
0.7658110236220472
20
0.5627795275590551
11
0.7653598818897638
21
0.5613910629921259
0
LINE
8
BLACK
6
CONTINUOUS
10
0.7653598818897638
20
0.5613910629921259
11
0.7641787795275591
21
0.5605329527559055
0
LINE
8
BLACK
6
CONTINUOUS
10
0.7641787795275591
20
0.5605329527559055
11
0.7627188582677166
21
0.5605329527559055
0
LINE
8
BLACK
6
CONTINUOUS
10
0.7627188582677166
20
0.5605329527559055
11
0.7615377559055118
21
0.5613910629921259
0
LINE
8
BLACK
6
CONTINUOUS
10
0.7615377559055118
20
0.5613910629921259
11
0.7610866141732283
21
0.5627795275590551
0
LINE
8
BLACK
6
CONTINUOUS
10
0.7610866141732283
20
0.5627795275590551
11
0.7617804724409448
21
0.5733655118110236
0
LINE
8
BLACK
6
CONTINUOUS
10
0.7617804724409448
20
0.5733655118110236
11
0.7638501181102362
21
0.5837703543307087
0
LINE
8
BLACK
6
CONTINUOUS
10
0.7638501181102362
20
0.5837703543307087
11
0.767260157480315
21
0.593816062992126
0
LINE
8
BLACK
6
CONTINUOUS
10
0.767260157480315
20
0.593816062992126
11
0.7719522834645669
21
0.6033307086614174
0
LINE
8
BLACK
6
CONTINUOUS
10
0.7719522834645669
20
0.6033307086614174
11
0.7778461417322834
21
0.6121515354330709
0
LINE
8
BLACK
6
CONTINUOUS
10
0.7778461417322834
20
0.6121515354330709
11
0.7848409448818897
21
0.6201275590551181
0
LINE
8
BLACK
6
CONTINUOUS
10
0.7848409448818897
20
0.6201275590551181
11
0.792816968503937
21
0.6271223622047244
0
LINE
8
BLACK
6
CONTINUOUS
10
0.792816968503937
20
0.6271223622047244
11
0.8016377952755905
21
0.6330162204724409
0
LINE
8
BLACK
6
CONTINUOUS
10
0.8016377952755905
20
0.6330162204724409
11
0.8111524409448819
21
0.6377083464566929
0
LINE
8
BLACK
6
CONTINUOUS
10
0.8111524409448819
20
0.6377083464566929
11
0.8211981496062992
21
0.6411183858267716
0
LINE
8
BLACK
6
CONTINUOUS
10
0.8211981496062992
20
0.6411183858267716
11
0.8316029921259842
21
0.643188031496063
0
LINE
8
BLACK
6
CONTINUOUS
10
0.8316029921259842
20
0.643188031496063
11
0.8421889763779528
21
0.6438818897637795
0
LINE
8
BLACK
6
CONTINUOUS
10
0.8421889763779528
20
0.6438818897637795
11
1.2358897637795276
21
0.6438818897637795
0
LINE
8
BLACK
6
CONTINUOUS
10
1.2358897637795276
20
0.6438818897637795
11
1.2464757480314961
21
0.643188031496063
0
LINE
8
BLACK
6
CONTINUOUS
10
1.2464757480314961
20
0.643188031496063
11
1.2568805905511811
21
0.6411183858267716
0
LINE
8
BLACK
6
CONTINUOUS
10
1.2568805905511811
20
0.6411183858267716
11
1.2669262992125985
21
0.6377083464566929
0
LINE
8
BLACK
6
CONTINUOUS
10
1.2669262992125985
20
0.6377083464566929
11
1.2764409448818896
21
0.6330162204724409
0
LINE
8
BLACK
6
CONTINUOUS
10
1.2764409448818896
20
0.6330162204724409
11
1.2852617716535433
21
0.6271223622047244
0
LINE
8
BLACK
6
CONTINUOUS
10
1.2852617716535433
20
0.6271223622047244
11
1.2932377952755905
21
0.6201275590551181
0
LINE
8
BLACK
6
CONTINUOUS
10
1.2932377952755905
20
0.6201275590551181
11
1.3002325984251968
21
0.6121515354330709
0
LINE
8
BLACK
6
CONTINUOUS
10
1.3002325984251968
20
0.6121515354330709
11
1.3061264566929134
21
0.6033307086614174
0
LINE
8
BLACK
6
CONTINUOUS
10
1.3061264566929134
20
0.6033307086614174
11
1.3108185826771652
21
0.593816062992126
0
LINE
8
BLACK
6
CONTINUOUS
10
1.3108185826771652
20
0.593816062992126
11
1.3142286220472441
21
0.5837703543307087
0
LINE
8
BLACK
6
CONTINUOUS
10
1.3142286220472441
20
0.5837703543307087
11
1.3162982677165354
21
0.5733655118110236
0
LINE
8
BLACK
6
CONTINUOUS
10
1.3162982677165354
20
0.5733655118110236
11
1.316837283464567
21
0.5651417322834645
0
LINE
8
BLACK
6
CONTINUOUS
10
1.316837283464567
20
0.5651417322834645
11
1.4273622047244094
21
0.5651417322834645
0
LINE
8
BLACK
6
CONTINUOUS
10
1.4273622047244094
20
0.5651417322834645
11
1.4273622047244094
21
0.7178976377952756
0
LINE
8
BLACK
6
CONTINUOUS
10
1.4273622047244094
20
0.7178976377952756
11
1.3933700787401575
21
0.7178976377952756
0
LINE
8
BLACK
6
CONTINUOUS
10
1.3933700787401575
20
0.7178976377952756
11
1.3916997637795274
21
0.7185895275590551
0
LINE
8
BLACK
6
CONTINUOUS
10
1.3916997637795274
20
0.7185895275590551
11
1.3910078740157481
21
0.720259842519685
0
LINE
8
BLACK
6
CONTINUOUS
10
1.3910078740157481
20
0.720259842519685
11
1.3916997637795274
21
0.721930157480315
0
LINE
8
BLACK
6
CONTINUOUS
10
1.3916997637795274
20
0.721930157480315
11
1.3933700787401575
21
0.7226220472440945
0
LINE
8
BLACK
6
CONTINUOUS
10
1.3933700787401575
20
0.7226220472440945
11
1.4273622047244094
21
0.7226220472440945
0
LINE
8
BLACK
6
CONTINUOUS
10
1.4273622047244094
20
0.7226220472440945
11
1.4273622047244094
21
0.8753779527559055
0
LINE
8
BLACK
6
CONTINUOUS
10
1.4273622047244094
20
0.8753779527559055
11
1.3933700787401575
21
0.8753779527559055
0
LINE
8
BLACK
6
CONTINUOUS
10
1.3933700787401575
20
0.8753779527559055
11
1.3916997637795274
21
0.876069842519685
0
LINE
8
BLACK
6
CONTINUOUS
10
1.3916997637795274
20
0.876069842519685
11
1.3910078740157481
21
0.877740157480315
0
LINE
8
BLACK
6
CONTINUOUS
10
1.3910078740157481
20
0.877740157480315
11
1.3916997637795274
21
0.8794104724409448
0
LINE
8
BLACK
6
CONTINUOUS
10
1.3916997637795274
20
0.8794104724409448
11
1.3933700787401575
21
0.8801023622047244
0
LINE
8
BLACK
6
CONTINUOUS
10
1.3933700787401575
20
0.8801023622047244
11
1.4273622047244094
21
0.8801023622047244
0
LINE
8
BLACK
6
CONTINUOUS
10
1.4273622047244094
20
0.8801023622047244
11
1.4273622047244094
21
1.0328582677165354
0
LINE
8
BLACK
6
CONTINUOUS
10
1.4273622047244094
20
1.0328582677165354
11
1.316837283464567
21
1.0328582677165354
0
LINE
8
BLACK
6
CONTINUOUS
10
1.316837283464567
20
1.0328582677165354
11
1.3162982677165354
21
1.0246344881889764
0
LINE
8
BLACK
6
CONTINUOUS
10
1.3162982677165354
20
1.0246344881889764
11
1.3142286220472441
21
1.0142296456692914
0
LINE
8
BLACK
6
CONTINUOUS
10
1.3142286220472441
20
1.0142296456692914
11
1.3108185826771652
21
1.004183937007874
0
LINE
8
BLACK
6
CONTINUOUS
10
1.3108185826771652
20
1.004183937007874
11
1.3061264566929134
21
0.9946692913385826
0
LINE
8
BLACK
6
CONTINUOUS
10
1.3061264566929134
20
0.9946692913385826
11
1.3002325984251968
21
0.9858484645669291
0
LINE
8
BLACK
6
CONTINUOUS
10
1.3002325984251968
20
0.9858484645669291
11
1.2932377952755905
21
0.9778724409448819
0
LINE
8
BLACK
6
CONTINUOUS
10
1.2932377952755905
20
0.9778724409448819
11
1.2852617716535433
21
0.9708776377952756
0
LINE
8
BLACK
6
CONTINUOUS
10
1.2852617716535433
20
0.9708776377952756
11
1.2764409448818896
21
0.964983779527559
0
LINE
8
BLACK
6
CONTINUOUS
10
1.2764409448818896
20
0.964983779527559
11
1.2669262992125985
21
0.960291653543307
0
LINE
8
BLACK
6
CONTINUOUS
10
1.2669262992125985
20
0.960291653543307
11
1.2568805905511811
21
0.9568816141732284
0
LINE
8
BLACK
6
CONTINUOUS
10
1.2568805905511811
20
0.9568816141732284
11
1.2464757480314961
21
0.954811968503937
0
LINE
8
BLACK
6
CONTINUOUS
10
1.2464757480314961
20
0.954811968503937
11
1.2358897637795276
21
0.9541181102362204
0
LINE
8
BLACK
6
CONTINUOUS
10
1.2358897637795276
20
0.9541181102362204
11
0.8421889763779528
21
0.9541181102362204
0
LINE
8
BLACK
6
CONTINUOUS
10
0.8421889763779528
20
0.9541181102362204
11
0.8316029921259842
21
0.954811968503937
0
LINE
8
BLACK
6
CONTINUOUS
10
0.8316029921259842
20
0.954811968503937
11
0.8211981496062992
21
0.9568816141732284
0
LINE
8
BLACK
6
CONTINUOUS
10
0.8211981496062992
20
0.9568816141732284
11
0.8111524409448819
21
0.960291653543307
0
LINE
8
BLACK
6
CONTINUOUS
10
0.8111524409448819
20
0.960291653543307
11
0.8016377952755905
21
0.964983779527559
0
LINE
8
BLACK
6
CONTINUOUS
10
0.8016377952755905
20
0.964983779527559
11
0.792816968503937
21
0.9708776377952756
0
LINE
8
BLACK
6
CONTINUOUS
10
0.792816968503937
20
0.9708776377952756
11
0.7848409448818897
21
0.9778724409448819
0
LINE
8
BLACK
6
CONTINUOUS
10
0.7848409448818897
20
0.9778724409448819
11
0.7778461417322834
21
0.9858484645669291
0
LINE
8
BLACK
6
CONTINUOUS
10
0.7778461417322834
20
0.9858484645669291
11
0.7719522834645669
21
0.9946692913385826
0
LINE
8
BLACK
6
CONTINUOUS
10
0.7719522834645669
20
0.9946692913385826
11
0.767260157480315
21
1.004183937007874
0
LINE
8
BLACK
6
CONTINUOUS
10
0.767260157480315
20
1.004183937007874
11
0.7638501181102362
21
1.0142296456692914
0
LINE
8
BLACK
6
CONTINUOUS
10
0.7638501181102362
20
1.0142296456692914
11
0.7617804724409448
21
1.0246344881889764
0
LINE
8
BLACK
6
CONTINUOUS
10
0.7617804724409448
20
1.0246344881889764
11
0.7610866141732283
21
1.0352204724409448
0
LINE
8
BLACK
6
CONTINUOUS
10
0.7610866141732283
20
1.0352204724409448
11
0.7615377559055118
21
1.0366089370078739
0
LINE
8
BLACK
6
CONTINUOUS
10
0.7615377559055118
20
1.0366089370078739
11
0.7627188582677166
21
1.0374670472440946
0
LINE
8
BLACK
6
CONTINUOUS
10
0.7627188582677166
20
1.0374670472440946
11
0.7641787795275591
21
1.0374670472440946
0
LINE
8
BLACK
6
CONTINUOUS
10
0.7641787795275591
20
1.0374670472440946
11
0.7653598818897638
21
1.0366089370078739
0
LINE
8
BLACK
6
CONTINUOUS
10
0.7653598818897638
20
1.0366089370078739
11
0.7658110236220472
21
1.0352204724409448
0
LINE
8
BLACK
6
CONTINUOUS
10
0.7658110236220472
20
1.0352204724409448
11
0.7658110236220472
21
1.0302144094488188
0
LINE
8
BLACK
6
CONTINUOUS
10
0.7658110236220472
20
1.0302144094488188
11
0.767117874015748
21
1.0202879133858267
0
LINE
8
BLACK
6
CONTINUOUS
10
0.767117874015748
20
1.0202879133858267
11
0.7697091732283464
21
1.0106168897637795
0
LINE
8
BLACK
6
CONTINUOUS
10
0.7697091732283464
20
1.0106168897637795
11
0.7735406692913386
21
1.0013668897637795
0
LINE
8
BLACK
6
CONTINUOUS
10
0.7735406692913386
20
1.0013668897637795
11
0.7785467716535432
21
0.9926961023622047
0
LINE
8
BLACK
6
CONTINUOUS
10
0.7785467716535432
20
0.9926961023622047
11
0.7846417716535433
21
0.9847529133858267
0
LINE
8
BLACK
6
CONTINUOUS
10
0.7846417716535433
20
0.9847529133858267
11
0.7917214173228346
21
0.9776732677165354
0
LINE
8
BLACK
6
CONTINUOUS
10
0.7917214173228346
20
0.9776732677165354
11
0.7996646062992125
21
0.9715782677165354
0
LINE
8
BLACK
6
CONTINUOUS
10
0.7996646062992125
20
0.9715782677165354
11
0.8083353937007873
21
0.9665721653543307
0
LINE
8
BLACK
6
CONTINUOUS
10
0.8083353937007873
20
0.9665721653543307
11
0.8175853937007874
21
0.9627406692913386
0
LINE
8
BLACK
6
CONTINUOUS
10
0.8175853937007874
20
0.9627406692913386
11
0.8272564173228346
21
0.9601493700787401
0
LINE
8
BLACK
6
CONTINUOUS
10
0.8272564173228346
20
0.9601493700787401
11
0.8371829133858267
21
0.9588425196850393
0
LINE
8
BLACK
6
CONTINUOUS
10
0.8371829133858267
20
0.9588425196850393
11
0.8421889763779528
21
0.9588425196850393
0
LINE
8
BLACK
6
CONTINUOUS
10
0.8421889763779528
20
0.9588425196850393
11
1.2358897637795276
21
0.9588425196850393
0
LINE
8
BLACK
6
CONTINUOUS
10
1.2358897637795276
20
0.9588425196850393
11
1.2408958267716534
21
0.9588425196850393
0
LINE
8
BLACK
6
CONTINUOUS
10
1.2408958267716534
20
0.9588425196850393
11
1.2508223228346456
21
0.9601493700787401
0
LINE
8
BLACK
6
CONTINUOUS
10
1.2508223228346456
20
0.9601493700787401
11
1.260493346456693
21
0.9627406692913386
0
LINE
8
BLACK
6
CONTINUOUS
10
1.260493346456693
20
0.9627406692913386
11
1.269743346456693
21
0.9665721653543307
0
LINE
8
BLACK
6
CONTINUOUS
10
1.269743346456693
20
0.9665721653543307
11
1.2784141338582677
21
0.9715782677165354
0
LINE
8
BLACK
6
CONTINUOUS
10
1.2784141338582677
20
0.9715782677165354
11
1.2863573228346457
21
0.9776732677165354
0
LINE
8
BLACK
6
CONTINUOUS
10
1.2863573228346457
20
0.9776732677165354
11
1.2934369685039371
21
0.9847529133858267
0
LINE
8
BLACK
6
CONTINUOUS
10
1.2934369685039371
20
0.9847529133858267
11
1.299531968503937
21
0.9926961023622047
0
LINE
8
BLACK
6
CONTINUOUS
10
1.299531968503937
20
0.9926961023622047
11
1.3045380708661416
21
1.0013668897637795
0
LINE
8
BLACK
6
CONTINUOUS
10
1.3045380708661416
20
1.0013668897637795
11
1.3083695669291338
21
1.0106168897637795
0
LINE
8
BLACK
6
CONTINUOUS
10
1.3083695669291338
20
1.0106168897637795
11
1.3109608661417322
21
1.0202879133858267
0
LINE
8
BLACK
6
CONTINUOUS
10
1.3109608661417322
20
1.0202879133858267
11
1.3122677165354331
21
1.0302144094488188
0
LINE
8
BLACK
6
CONTINUOUS
10
1.3122677165354331
20
1.0302144094488188
11
1.3122677165354331
21
1.0352204724409448
0
LINE
8
BLACK
6
CONTINUOUS
10
1.3122677165354331
20
1.0352204724409448
11
1.3127188582677165
21
1.0366089370078739
0
LINE
8
BLACK
6
CONTINUOUS
10
1.3127188582677165
20
1.0366089370078739
11
1.3128962204724408
21
1.0367377952755905
0
LINE
8
BLACK
6
CONTINUOUS
10
1.3128962204724408
20
1.0367377952755905
11
1.3129596062992126
21
1.0368907874015747
0
LINE
8
BLACK
6
CONTINUOUS
10
1.3129596062992126
20
1.0368907874015747
11
1.3133020078740156
21
1.0370325984251969
0
LINE
8
BLACK
6
CONTINUOUS
10
1.3133020078740156
20
1.0370325984251969
11
1.3138999606299213
21
1.0374670472440946
0
LINE
8
BLACK
6
CONTINUOUS
10
1.3138999606299213
20
1.0374670472440946
11
1.3143507874015747
21
1.0374670472440946
0
LINE
8
BLACK
6
CONTINUOUS
10
1.3143507874015747
20
1.0374670472440946
11
1.3146299212598425
21
1.0375826771653542
0
LINE
8
BLACK
6
CONTINUOUS
10
1.3146299212598425
20
1.0375826771653542
11
1.4273622047244094
21
1.0375826771653542
0
LINE
8
BLACK
6
CONTINUOUS
10
1.4273622047244094
20
1.0375826771653542
11
1.4273622047244094
21
1.0535433070866143
0
LINE
8
BLACK
6
CONTINUOUS
10
1.4273622047244094
20
1.0535433070866143
11
0.0226377952755905
21
1.0535433070866143
0
LINE
8
BLACK
6
CONTINUOUS
10
2.3673228346456692
20
0.7769685039370079
11
2.368993149606299
21
0.7762766141732284
0
LINE
8
BLACK
6
CONTINUOUS
10
2.368993149606299
20
0.7762766141732284
11
2.3696850393700788
21
0.7746062992125984
0
LINE
8
BLACK
6
CONTINUOUS
10
2.3696850393700788
20
0.7746062992125984
11
2.3696850393700788
21
0.575
0
LINE
8
BLACK
6
CONTINUOUS
10
2.3696850393700788
20
0.575
11
2.368993149606299
21
0.5733296850393701
0
LINE
8
BLACK
6
CONTINUOUS
10
2.368993149606299
20
0.5733296850393701
11
2.3673228346456692
21
0.5726377952755906
0
LINE
8
BLACK
6
CONTINUOUS
10
2.3673228346456692
20
0.5726377952755906
11
1.9826771653543307
21
0.5726377952755906
0
LINE
8
BLACK
6
CONTINUOUS
10
1.9826771653543307
20
0.5726377952755906
11
1.9810068503937008
21
0.5733296850393701
0
LINE
8
BLACK
6
CONTINUOUS
10
1.9810068503937008
20
0.5733296850393701
11
1.9803149606299213
21
0.575
0
LINE
8
BLACK
6
CONTINUOUS
10
1.9803149606299213
20
0.575
11
1.9803149606299213
21
0.7746062992125984
0
LINE
8
BLACK
6
CONTINUOUS
10
1.9803149606299213
20
0.7746062992125984
11
1.9810068503937008
21
0.7762766141732284
0
LINE
8
BLACK
6
CONTINUOUS
10
1.9810068503937008
20
0.7762766141732284
11
1.9826771653543307
21
0.7769685039370079
0
LINE
8
BLACK
6
CONTINUOUS
10
1.9826771653543307
20
0.7769685039370079
11
2.3673228346456692
21
0.7769685039370079
0
LINE
8
BLACK
6
CONTINUOUS
10
2.1004863779527558
20
0.772244094488189
11
2.1005018897637795
21
0.7721561811023622
0
LINE
8
BLACK
6
CONTINUOUS
10
2.1005018897637795
20
0.7721561811023622
11
2.1007586220472438
21
0.7714026771653543
0
LINE
8
BLACK
6
CONTINUOUS
10
2.1007586220472438
20
0.7714026771653543
11
2.1006734645669289
21
0.7711830314960629
0
LINE
8
BLACK
6
CONTINUOUS
10
2.1006734645669289
20
0.7711830314960629
11
2.1007144094488188
21
0.7709510236220473
0
LINE
8
BLACK
6
CONTINUOUS
10
2.1007144094488188
20
0.7709510236220473
11
2.1003162992125985
21
0.7702615354330709
0
LINE
8
BLACK
6
CONTINUOUS
10
2.1003162992125985
20
0.7702615354330709
11
2.1000286614173227
21
0.7695193700787402
0
LINE
8
BLACK
6
CONTINUOUS
10
2.1000286614173227
20
0.7695193700787402
11
2.0910723228346457
21
0.7592835433070866
0
LINE
8
BLACK
6
CONTINUOUS
10
2.0910723228346457
20
0.7592835433070866
11
2.0913173622047245
21
0.7592403543307087
0
LINE
8
BLACK
6
CONTINUOUS
10
2.0913173622047245
20
0.7592403543307087
11
2.0914525984251968
21
0.7591268503937008
0
LINE
8
BLACK
6
CONTINUOUS
10
2.0914525984251968
20
0.7591268503937008
11
2.0916279527559056
21
0.7591066929133858
0
LINE
8
BLACK
6
CONTINUOUS
10
2.0916279527559056
20
0.7591066929133858
11
2.0953774803149607
21
0.7572319291338583
0
LINE
8
BLACK
6
CONTINUOUS
10
2.0953774803149607
20
0.7572319291338583
11
2.0960865354330709
21
0.7567059842519684
0
LINE
8
BLACK
6
CONTINUOUS
10
2.0960865354330709
20
0.7567059842519684
11
2.0961448818897637
21
0.7566788188976378
0
LINE
8
BLACK
6
CONTINUOUS
10
2.0961448818897637
20
0.7566788188976378
11
2.0980196456692912
21
0.7548040551181102
0
LINE
8
BLACK
6
CONTINUOUS
10
2.0980196456692912
20
0.7548040551181102
11
2.0985259055118108
21
0.7540809448818897
0
LINE
8
BLACK
6
CONTINUOUS
10
2.0985259055118108
20
0.7540809448818897
11
2.0985727559055118
21
0.7540366535433071
0
LINE
8
BLACK
6
CONTINUOUS
10
2.0985727559055118
20
0.7540366535433071
11
2.1004475196850394
21
0.750287125984252
0
LINE
8
BLACK
6
CONTINUOUS
10
2.1004475196850394
20
0.750287125984252
11
2.1007398818897638
21
0.7493042125984252
0
LINE
8
BLACK
6
CONTINUOUS
10
2.1007398818897638
20
0.7493042125984252
11
2.1006988582677164
21
0.7491324803149606
0
LINE
8
BLACK
6
CONTINUOUS
10
2.1006988582677164
20
0.7491324803149606
11
2.1007592519685039
21
0.7489666141732283
0
LINE
8
BLACK
6
CONTINUOUS
10
2.1007592519685039
20
0.7489666141732283
11
2.1007592519685039
21
0.7395927952755905
0
LINE
8
BLACK
6
CONTINUOUS
10
2.1007592519685039
20
0.7395927952755905
11
2.100581181102362
21
0.7385828740157481
0
LINE
8
BLACK
6
CONTINUOUS
10
2.100581181102362
20
0.7385828740157481
11
2.1004676771653541
21
0.7384475984251968
0
LINE
8
BLACK
6
CONTINUOUS
10
2.1004676771653541
20
0.7384475984251968
11
2.1004475196850394
21
0.7382722834645669
0
LINE
8
BLACK
6
CONTINUOUS
10
2.1004475196850394
20
0.7382722834645669
11
2.0985727559055118
21
0.7345227559055117
0
LINE
8
BLACK
6
CONTINUOUS
10
2.0985727559055118
20
0.7345227559055117
11
2.0980468503937009
21
0.7338136614173228
0
LINE
8
BLACK
6
CONTINUOUS
10
2.0980468503937009
20
0.7338136614173228
11
2.0980196456692912
21
0.7337553543307086
0
LINE
8
BLACK
6
CONTINUOUS
10
2.0980196456692912
20
0.7337553543307086
11
2.0961448818897637
21
0.731880590551181
0
LINE
8
BLACK
6
CONTINUOUS
10
2.0961448818897637
20
0.731880590551181
11
2.0954218897637795
21
0.7313743700787402
0
LINE
8
BLACK
6
CONTINUOUS
10
2.0954218897637795
20
0.7313743700787402
11
2.0953775196850395
21
0.7313274803149606
0
LINE
8
BLACK
6
CONTINUOUS
10
2.0953775196850395
20
0.7313274803149606
11
2.0916279921259844
21
0.7294526771653543
0
LINE
8
BLACK
6
CONTINUOUS
10
2.0916279921259844
20
0.7294526771653543
11
2.0906450393700786
21
0.7291603149606299
0
LINE
8
BLACK
6
CONTINUOUS
10
2.0906450393700786
20
0.7291603149606299
11
2.0904733070866142
21
0.7292012992125985
0
LINE
8
BLACK
6
CONTINUOUS
10
2.0904733070866142
20
0.7292012992125985
11
2.0903074409448816
21
0.7291409448818897
0
LINE
8
BLACK
6
CONTINUOUS
10
2.0903074409448816
20
0.7291409448818897
11
2.0790588582677163
21
0.7291409448818897
0
LINE
8
BLACK
6
CONTINUOUS
10
2.0790588582677163
20
0.7291409448818897
11
2.0780489370078739
21
0.7293190157480315
0
LINE
8
BLACK
6
CONTINUOUS
10
2.0780489370078739
20
0.7293190157480315
11
2.0779136614173228
21
0.7294324803149607
0
LINE
8
BLACK
6
CONTINUOUS
10
2.0779136614173228
20
0.7294324803149607
11
2.0777383464566928
21
0.7294526771653543
0
LINE
8
BLACK
6
CONTINUOUS
10
2.0777383464566928
20
0.7294526771653543
11
2.0739887795275589
21
0.7313274803149606
0
LINE
8
BLACK
6
CONTINUOUS
10
2.0739887795275589
20
0.7313274803149606
11
2.0732797637795275
21
0.7318533464566929
0
LINE
8
BLACK
6
CONTINUOUS
10
2.0732797637795275
20
0.7318533464566929
11
2.0732214173228347
21
0.731880590551181
0
LINE
8
BLACK
6
CONTINUOUS
10
2.0732214173228347
20
0.731880590551181
11
2.0713466535433072
21
0.7337553543307086
0
LINE
8
BLACK
6
CONTINUOUS
10
2.0713466535433072
20
0.7337553543307086
11
2.070758464566929
21
0.7345953937007874
0
LINE
8
BLACK
6
CONTINUOUS
10
2.070758464566929
20
0.7345953937007874
11
2.0705824015748031
21
0.7366074803149606
0
LINE
8
BLACK
6
CONTINUOUS
10
2.0705824015748031
20
0.7366074803149606
11
2.0717409448818898
21
0.7382620472440945
0
LINE
8
BLACK
6
CONTINUOUS
10
2.0717409448818898
20
0.7382620472440945
11
2.0736918897637793
21
0.7387847637795275
0
LINE
8
BLACK
6
CONTINUOUS
10
2.0736918897637793
20
0.7387847637795275
11
2.0755224803149606
21
0.7379311811023622
0
LINE
8
BLACK
6
CONTINUOUS
10
2.0755224803149606
20
0.7379311811023622
11
2.0770583858267715
21
0.7363952362204724
0
LINE
8
BLACK
6
CONTINUOUS
10
2.0770583858267715
20
0.7363952362204724
11
2.0797559448818896
21
0.7350464566929134
0
LINE
8
BLACK
6
CONTINUOUS
10
2.0797559448818896
20
0.7350464566929134
11
2.0896103543307087
21
0.7350464566929134
0
LINE
8
BLACK
6
CONTINUOUS
10
2.0896103543307087
20
0.7350464566929134
11
2.0923078346456694
21
0.7363951968503937
0
LINE
8
BLACK
6
CONTINUOUS
10
2.0923078346456694
20
0.7363951968503937
11
2.0935049999999999
21
0.7375923622047243
0
LINE
8
BLACK
6
CONTINUOUS
10
2.0935049999999999
20
0.7375923622047243
11
2.0948537401574803
21
0.740289842519685
0
LINE
8
BLACK
6
CONTINUOUS
10
2.0948537401574803
20
0.740289842519685
11
2.0948537401574803
21
0.7482695669291338
0
LINE
8
BLACK
6
CONTINUOUS
10
2.0948537401574803
20
0.7482695669291338
11
2.0935049999999999
21
0.7509670472440945
0
LINE
8
BLACK
6
CONTINUOUS
10
2.0935049999999999
20
0.7509670472440945
11
2.0923078740157481
21
0.7521641732283464
0
LINE
8
BLACK
6
CONTINUOUS
10
2.0923078740157481
20
0.7521641732283464
11
2.0896103937007875
21
0.7535129133858267
0
LINE
8
BLACK
6
CONTINUOUS
10
2.0896103937007875
20
0.7535129133858267
11
2.084683149606299
21
0.7535129133858267
0
LINE
8
BLACK
6
CONTINUOUS
10
2.084683149606299
20
0.7535129133858267
11
2.0842457874015747
21
0.75359
0
LINE
8
BLACK
6
CONTINUOUS
10
2.0842457874015747
20
0.75359
11
2.0841103149606299
21
0.7535690157480315
0
LINE
8
BLACK
6
CONTINUOUS
10
2.0841103149606299
20
0.7535690157480315
11
2.0840056299212599
21
0.7536323622047244
0
LINE
8
BLACK
6
CONTINUOUS
10
2.0840056299212599
20
0.7536323622047244
11
2.0836732283464565
21
0.7536909842519685
0
LINE
8
BLACK
6
CONTINUOUS
10
2.0836732283464565
20
0.7536909842519685
11
2.0830634251968503
21
0.7542026377952755
0
LINE
8
BLACK
6
CONTINUOUS
10
2.0830634251968503
20
0.7542026377952755
11
2.0823824015748031
21
0.7546148818897638
0
LINE
8
BLACK
6
CONTINUOUS
10
2.0823824015748031
20
0.7546148818897638
11
2.0823064173228345
21
0.754837874015748
0
LINE
8
BLACK
6
CONTINUOUS
10
2.0823064173228345
20
0.754837874015748
11
2.0821259842519684
21
0.7549892913385826
0
LINE
8
BLACK
6
CONTINUOUS
10
2.0821259842519684
20
0.7549892913385826
11
2.081987716535433
21
0.7557732283464567
0
LINE
8
BLACK
6
CONTINUOUS
10
2.081987716535433
20
0.7557732283464567
11
2.081731023622047
21
0.7565267716535433
0
LINE
8
BLACK
6
CONTINUOUS
10
2.081731023622047
20
0.7565267716535433
11
2.0818161417322836
21
0.7567463779527559
0
LINE
8
BLACK
6
CONTINUOUS
10
2.0818161417322836
20
0.7567463779527559
11
2.0817752362204724
21
0.7569784251968503
0
LINE
8
BLACK
6
CONTINUOUS
10
2.0817752362204724
20
0.7569784251968503
11
2.082173307086614
21
0.757667874015748
0
LINE
8
BLACK
6
CONTINUOUS
10
2.082173307086614
20
0.757667874015748
11
2.0824609842519686
21
0.7584100787401574
0
LINE
8
BLACK
6
CONTINUOUS
10
2.0824609842519686
20
0.7584100787401574
11
2.0912993307086616
21
0.7685110236220473
0
LINE
8
BLACK
6
CONTINUOUS
10
2.0912993307086616
20
0.7685110236220473
11
2.0734345669291336
21
0.7685110236220473
0
LINE
8
BLACK
6
CONTINUOUS
10
2.0734345669291336
20
0.7685110236220473
11
2.0724246456692912
21
0.768689094488189
0
LINE
8
BLACK
6
CONTINUOUS
10
2.0724246456692912
20
0.768689094488189
11
2.070877401574803
21
0.7699874015748032
0
LINE
8
BLACK
6
CONTINUOUS
10
2.070877401574803
20
0.7699874015748032
11
2.0705266535433071
21
0.7719765354330709
0
LINE
8
BLACK
6
CONTINUOUS
10
2.0705266535433071
20
0.7719765354330709
11
2.0706811417322832
21
0.772244094488189
0
LINE
8
BLACK
6
CONTINUOUS
10
2.0706811417322832
20
0.772244094488189
11
2.0668151181102363
21
0.772244094488189
0
LINE
8
BLACK
6
CONTINUOUS
10
2.0668151181102363
20
0.772244094488189
11
2.0668619291338581
21
0.7705300393700787
0
LINE
8
BLACK
6
CONTINUOUS
10
2.0668619291338581
20
0.7705300393700787
11
2.0537385826771652
21
0.7311599606299213
0
LINE
8
BLACK
6
CONTINUOUS
10
2.0537385826771652
20
0.7311599606299213
11
2.0532502755905511
21
0.730258188976378
0
LINE
8
BLACK
6
CONTINUOUS
10
2.0532502755905511
20
0.730258188976378
11
2.0531778346456693
21
0.7302136614173228
0
LINE
8
BLACK
6
CONTINUOUS
10
2.0531778346456693
20
0.7302136614173228
11
2.0531466141732282
21
0.7301346456692913
0
LINE
8
BLACK
6
CONTINUOUS
10
2.0531466141732282
20
0.7301346456692913
11
2.052325118110236
21
0.7296898031496063
0
LINE
8
BLACK
6
CONTINUOUS
10
2.052325118110236
20
0.7296898031496063
11
2.0515293307086613
21
0.729200905511811
0
LINE
8
BLACK
6
CONTINUOUS
10
2.0515293307086613
20
0.729200905511811
11
2.0514452362204723
21
0.7292133464566929
0
LINE
8
BLACK
6
CONTINUOUS
10
2.0514452362204723
20
0.7292133464566929
11
2.0513704724409449
21
0.729172874015748
0
LINE
8
BLACK
6
CONTINUOUS
10
2.0513704724409449
20
0.729172874015748
11
2.0504553543307087
21
0.7293601181102362
0
LINE
8
BLACK
6
CONTINUOUS
10
2.0504553543307087
20
0.7293601181102362
11
2.049531338582677
21
0.7294971653543307
0
LINE
8
BLACK
6
CONTINUOUS
10
2.049531338582677
20
0.7294971653543307
11
2.0494748818897639
21
0.7295607874015748
0
LINE
8
BLACK
6
CONTINUOUS
10
2.0494748818897639
20
0.7295607874015748
11
2.0493916929133857
21
0.7295778346456693
0
LINE
8
BLACK
6
CONTINUOUS
10
2.0493916929133857
20
0.7295778346456693
11
2.0488113385826772
21
0.7303090944881889
0
LINE
8
BLACK
6
CONTINUOUS
10
2.0488113385826772
20
0.7303090944881889
11
2.0481912992125983
21
0.7310083858267716
0
LINE
8
BLACK
6
CONTINUOUS
10
2.0481912992125983
20
0.7310083858267716
11
2.0481889763779528
21
0.7310933464566929
0
LINE
8
BLACK
6
CONTINUOUS
10
2.0481889763779528
20
0.7310933464566929
11
2.0481361417322832
21
0.7311599606299213
0
LINE
8
BLACK
6
CONTINUOUS
10
2.0481361417322832
20
0.7311599606299213
11
2.0350127952755903
21
0.7705300393700787
0
LINE
8
BLACK
6
CONTINUOUS
10
2.0350127952755903
20
0.7705300393700787
11
2.0348623622047244
21
0.7715444488188976
0
LINE
8
BLACK
6
CONTINUOUS
10
2.0348623622047244
20
0.7715444488188976
11
2.0351388976377951
21
0.772244094488189
0
LINE
8
BLACK
6
CONTINUOUS
10
2.0351388976377951
20
0.772244094488189
11
2.0241082677165352
21
0.772244094488189
0
LINE
8
BLACK
6
CONTINUOUS
10
2.0241082677165352
20
0.772244094488189
11
2.0241363779527557
21
0.7722300393700787
0
LINE
8
BLACK
6
CONTINUOUS
10
2.0241363779527557
20
0.7722300393700787
11
2.0248454330708663
21
0.771704094488189
0
LINE
8
BLACK
6
CONTINUOUS
10
2.0248454330708663
20
0.771704094488189
11
2.0249037795275591
21
0.7716769291338582
0
LINE
8
BLACK
6
CONTINUOUS
10
2.0249037795275591
20
0.7716769291338582
11
2.0267785433070866
21
0.7698021653543307
0
LINE
8
BLACK
6
CONTINUOUS
10
2.0267785433070866
20
0.7698021653543307
11
2.0272848031496062
21
0.7690790551181103
0
LINE
8
BLACK
6
CONTINUOUS
10
2.0272848031496062
20
0.7690790551181103
11
2.0273316535433072
21
0.7690347637795275
0
LINE
8
BLACK
6
CONTINUOUS
10
2.0273316535433072
20
0.7690347637795275
11
2.0292064173228348
21
0.7652852362204724
0
LINE
8
BLACK
6
CONTINUOUS
10
2.0292064173228348
20
0.7652852362204724
11
2.0294987795275592
21
0.7643023228346456
0
LINE
8
BLACK
6
CONTINUOUS
10
2.0294987795275592
20
0.7643023228346456
11
2.0294577559055118
21
0.764130590551181
0
LINE
8
BLACK
6
CONTINUOUS
10
2.0294577559055118
20
0.764130590551181
11
2.0295181496062993
21
0.7639647244094488
0
LINE
8
BLACK
6
CONTINUOUS
10
2.0295181496062993
20
0.7639647244094488
11
2.0295181496062993
21
0.7583404330708661
0
LINE
8
BLACK
6
CONTINUOUS
10
2.0295181496062993
20
0.7583404330708661
11
2.0293400787401574
21
0.7573305118110236
0
LINE
8
BLACK
6
CONTINUOUS
10
2.0293400787401574
20
0.7573305118110236
11
2.0292265748031495
21
0.7571952362204725
0
LINE
8
BLACK
6
CONTINUOUS
10
2.0292265748031495
20
0.7571952362204725
11
2.0292064173228348
21
0.7570199212598425
0
LINE
8
BLACK
6
CONTINUOUS
10
2.0292064173228348
20
0.7570199212598425
11
2.0273316535433072
21
0.7532703937007874
0
LINE
8
BLACK
6
CONTINUOUS
10
2.0273316535433072
20
0.7532703937007874
11
2.0268057480314958
21
0.7525612992125984
0
LINE
8
BLACK
6
CONTINUOUS
10
2.0268057480314958
20
0.7525612992125984
11
2.0267785433070866
21
0.7525029921259843
0
LINE
8
BLACK
6
CONTINUOUS
10
2.0267785433070866
20
0.7525029921259843
11
2.0249037795275591
21
0.7506282283464567
0
LINE
8
BLACK
6
CONTINUOUS
10
2.0249037795275591
20
0.7506282283464567
11
2.0241806692913387
21
0.7501219291338582
0
LINE
8
BLACK
6
CONTINUOUS
10
2.0241806692913387
20
0.7501219291338582
11
2.0241363779527557
21
0.7500751181102362
0
LINE
8
BLACK
6
CONTINUOUS
10
2.0241363779527557
20
0.7500751181102362
11
2.0203868503937006
21
0.7482003543307086
0
LINE
8
BLACK
6
CONTINUOUS
10
2.0203868503937006
20
0.7482003543307086
11
2.0194038976377953
21
0.7479079921259842
0
LINE
8
BLACK
6
CONTINUOUS
10
2.0194038976377953
20
0.7479079921259842
11
2.0192322047244096
21
0.7479489763779528
0
LINE
8
BLACK
6
CONTINUOUS
10
2.0192322047244096
20
0.7479489763779528
11
2.0191037007874013
21
0.7479022047244094
0
LINE
8
BLACK
6
CONTINUOUS
10
2.0191037007874013
20
0.7479022047244094
11
2.0289844094488187
21
0.733786968503937
0
LINE
8
BLACK
6
CONTINUOUS
10
2.0289844094488187
20
0.733786968503937
11
2.0294176771653545
21
0.7328575196850393
0
LINE
8
BLACK
6
CONTINUOUS
10
2.0294176771653545
20
0.7328575196850393
11
2.0292413385826773
21
0.7308454330708661
0
LINE
8
BLACK
6
CONTINUOUS
10
2.0292413385826773
20
0.7308454330708661
11
2.0278129133858269
21
0.7294174015748032
0
LINE
8
BLACK
6
CONTINUOUS
10
2.0278129133858269
20
0.7294174015748032
11
2.0258007874015749
21
0.7292416535433071
0
LINE
8
BLACK
6
CONTINUOUS
10
2.0258007874015749
20
0.7292416535433071
11
2.0241464173228345
21
0.7304003937007874
0
LINE
8
BLACK
6
CONTINUOUS
10
2.0241464173228345
20
0.7304003937007874
11
2.01190468503937
21
0.747888622047244
0
LINE
8
BLACK
6
CONTINUOUS
10
2.01190468503937
20
0.747888622047244
11
2.0070209842519686
21
0.747888622047244
0
LINE
8
BLACK
6
CONTINUOUS
10
2.0070209842519686
20
0.747888622047244
11
2.0070209842519686
21
0.7320937007874015
0
LINE
8
BLACK
6
CONTINUOUS
10
2.0070209842519686
20
0.7320937007874015
11
2.0068429133858268
21
0.731083779527559
0
LINE
8
BLACK
6
CONTINUOUS
10
2.0068429133858268
20
0.731083779527559
11
2.0055446062992126
21
0.7295365354330708
0
LINE
8
BLACK
6
CONTINUOUS
10
2.0055446062992126
20
0.7295365354330708
11
2.003555472440945
21
0.7291857874015748
0
LINE
8
BLACK
6
CONTINUOUS
10
2.003555472440945
20
0.7291857874015748
11
2.0018062992125985
21
0.7301957086614173
0
LINE
8
BLACK
6
CONTINUOUS
10
2.0018062992125985
20
0.7301957086614173
11
2.001115472440945
21
0.7320937007874015
0
LINE
8
BLACK
6
CONTINUOUS
10
2.001115472440945
20
0.7320937007874015
11
2.001115472440945
21
0.7714637795275591
0
LINE
8
BLACK
6
CONTINUOUS
10
2.001115472440945
20
0.7714637795275591
11
2.0011830708661416
21
0.7718472834645669
0
LINE
8
BLACK
6
CONTINUOUS
10
2.0011830708661416
20
0.7718472834645669
11
2.0011603149606301
21
0.7719765354330709
0
LINE
8
BLACK
6
CONTINUOUS
10
2.0011603149606301
20
0.7719765354330709
11
2.0012259055118111
21
0.7720901181102362
0
LINE
8
BLACK
6
CONTINUOUS
10
2.0012259055118111
20
0.7720901181102362
11
2.0012530708661416
21
0.772244094488189
0
LINE
8
BLACK
6
CONTINUOUS
10
2.0012530708661416
20
0.772244094488189
11
1.9850393700787401
21
0.772244094488189
0
LINE
8
BLACK
6
CONTINUOUS
10
1.9850393700787401
20
0.772244094488189
11
1.9850393700787401
21
0.5773622047244095
0
LINE
8
BLACK
6
CONTINUOUS
10
1.9850393700787401
20
0.5773622047244095
11
2.36496062992126
21
0.5773622047244095
0
LINE
8
BLACK
6
CONTINUOUS
10
2.36496062992126
20
0.5773622047244095
11
2.36496062992126
21
0.772244094488189
0
LINE
8
BLACK
6
CONTINUOUS
10
2.36496062992126
20
0.772244094488189
11
2.1004863779527558
21
0.772244094488189
0
LINE
8
BLACK
6
CONTINUOUS
10
2.0406663779527561
20
0.772244094488189
11
2.0509373622047242
21
0.7414311023622047
0
LINE
8
BLACK
6
CONTINUOUS
10
2.0509373622047242
20
0.7414311023622047
11
2.0612083464566928
21
0.772244094488189
0
LINE
8
BLACK
6
CONTINUOUS
10
2.0612083464566928
20
0.772244094488189
11
2.0406663779527561
21
0.772244094488189
0
LINE
8
BLACK
6
CONTINUOUS
10
2.0070209842519686
20
0.7537941338582677
11
2.0183692913385824
21
0.7537941338582677
0
LINE
8
BLACK
6
CONTINUOUS
10
2.0183692913385824
20
0.7537941338582677
11
2.0210667716535431
21
0.755142874015748
0
LINE
8
BLACK
6
CONTINUOUS
10
2.0210667716535431
20
0.755142874015748
11
2.0222638976377953
21
0.75634
0
LINE
8
BLACK
6
CONTINUOUS
10
2.0222638976377953
20
0.75634
11
2.0236126377952757
21
0.7590374803149607
0
LINE
8
BLACK
6
CONTINUOUS
10
2.0236126377952757
20
0.7590374803149607
11
2.0236126377952757
21
0.7632676771653543
0
LINE
8
BLACK
6
CONTINUOUS
10
2.0236126377952757
20
0.7632676771653543
11
2.0222638976377953
21
0.7659651574803149
0
LINE
8
BLACK
6
CONTINUOUS
10
2.0222638976377953
20
0.7659651574803149
11
2.0210667716535431
21
0.7671622834645669
0
LINE
8
BLACK
6
CONTINUOUS
10
2.0210667716535431
20
0.7671622834645669
11
2.0183692913385824
21
0.7685110236220473
0
LINE
8
BLACK
6
CONTINUOUS
10
2.0183692913385824
20
0.7685110236220473
11
2.0070209842519686
21
0.7685110236220473
0
LINE
8
BLACK
6
CONTINUOUS
10
2.0070209842519686
20
0.7685110236220473
11
2.0070209842519686
21
0.7537941338582677
0
LINE
8
BLACK
6
CONTINUOUS
10
1.7912445669291339
20
0.8705262598425196
11
1.7931193700787402
21
0.8686514960629921
0
LINE
8
BLACK
6
CONTINUOUS
10
1.7931193700787402
20
0.8686514960629921
11
1.7937075984251969
21
0.8678114566929134
0
LINE
8
BLACK
6
CONTINUOUS
10
1.7937075984251969
20
0.8678114566929134
11
1.7937229527559055
21
0.8676355118110236
0
LINE
8
BLACK
6
CONTINUOUS
10
1.7937229527559055
20
0.8676355118110236
11
1.7938327165354331
21
0.8674972834645669
0
LINE
8
BLACK
6
CONTINUOUS
10
1.7938327165354331
20
0.8674972834645669
11
1.7957074803149606
21
0.861873031496063
0
LINE
8
BLACK
6
CONTINUOUS
10
1.7957074803149606
20
0.861873031496063
11
1.795836968503937
21
0.8609997637795276
0
LINE
8
BLACK
6
CONTINUOUS
10
1.795836968503937
20
0.8609997637795276
11
1.7958590157480314
21
0.860939251968504
0
LINE
8
BLACK
6
CONTINUOUS
10
1.7958590157480314
20
0.860939251968504
11
1.7958590157480314
21
0.8571897244094488
0
LINE
8
BLACK
6
CONTINUOUS
10
1.7958590157480314
20
0.8571897244094488
11
1.7957057086614172
21
0.8563203149606299
0
LINE
8
BLACK
6
CONTINUOUS
10
1.7957057086614172
20
0.8563203149606299
11
1.7957074803149606
21
0.8562559448818897
0
LINE
8
BLACK
6
CONTINUOUS
10
1.7957074803149606
20
0.8562559448818897
11
1.7938327165354331
21
0.8506316929133858
0
LINE
8
BLACK
6
CONTINUOUS
10
1.7938327165354331
20
0.8506316929133858
11
1.7933444094488189
21
0.8497299212598425
0
LINE
8
BLACK
6
CONTINUOUS
10
1.7933444094488189
20
0.8497299212598425
11
1.7931940157480315
21
0.8496375196850393
0
LINE
8
BLACK
6
CONTINUOUS
10
1.7931940157480315
20
0.8496375196850393
11
1.7931194094488188
21
0.8494775196850394
0
LINE
8
BLACK
6
CONTINUOUS
10
1.7931194094488188
20
0.8494775196850394
11
1.7893698425196849
21
0.8457279921259843
0
LINE
8
BLACK
6
CONTINUOUS
10
1.7893698425196849
20
0.8457279921259843
11
1.788646653543307
21
0.8452215748031496
0
LINE
8
BLACK
6
CONTINUOUS
10
1.788646653543307
20
0.8452215748031496
11
1.7886024409448817
21
0.8451748818897638
0
LINE
8
BLACK
6
CONTINUOUS
10
1.7886024409448817
20
0.8451748818897638
11
1.7848529133858266
21
0.8433001181102362
0
LINE
8
BLACK
6
CONTINUOUS
10
1.7848529133858266
20
0.8433001181102362
11
1.7843644488188977
21
0.8431548031496062
0
LINE
8
BLACK
6
CONTINUOUS
10
1.7843644488188977
20
0.8431548031496062
11
1.7842485433070865
21
0.8430765354330708
0
LINE
8
BLACK
6
CONTINUOUS
10
1.7842485433070865
20
0.8430765354330708
11
1.7767494881889763
21
0.8412017716535433
0
LINE
8
BLACK
6
CONTINUOUS
10
1.7767494881889763
20
0.8412017716535433
11
1.7761615748031496
21
0.8411602755905512
0
LINE
8
BLACK
6
CONTINUOUS
10
1.7761615748031496
20
0.8411602755905512
11
1.7760333464566929
21
0.841113622047244
0
LINE
8
BLACK
6
CONTINUOUS
10
1.7760333464566929
20
0.841113622047244
11
1.7704090551181102
21
0.841113622047244
0
LINE
8
BLACK
6
CONTINUOUS
10
1.7704090551181102
20
0.841113622047244
11
1.7698286614173229
21
0.8412159448818898
0
LINE
8
BLACK
6
CONTINUOUS
10
1.7698286614173229
20
0.8412159448818898
11
1.7696929133858268
21
0.8412017716535433
0
LINE
8
BLACK
6
CONTINUOUS
10
1.7696929133858268
20
0.8412017716535433
11
1.7621938582677166
21
0.8430765354330708
0
LINE
8
BLACK
6
CONTINUOUS
10
1.7621938582677166
20
0.8430765354330708
11
1.7617283858267716
21
0.843284094488189
0
LINE
8
BLACK
6
CONTINUOUS
10
1.7617283858267716
20
0.843284094488189
11
1.7615894881889764
21
0.8433001181102362
0
LINE
8
BLACK
6
CONTINUOUS
10
1.7615894881889764
20
0.8433001181102362
11
1.7578399606299213
21
0.8451748818897638
0
LINE
8
BLACK
6
CONTINUOUS
10
1.7578399606299213
20
0.8451748818897638
11
1.7571308661417322
21
0.8457007874015748
0
LINE
8
BLACK
6
CONTINUOUS
10
1.7571308661417322
20
0.8457007874015748
11
1.7570725590551182
21
0.8457279921259843
0
LINE
8
BLACK
6
CONTINUOUS
10
1.7570725590551182
20
0.8457279921259843
11
1.7533230314960631
21
0.8494775196850394
0
LINE
8
BLACK
6
CONTINUOUS
10
1.7533230314960631
20
0.8494775196850394
11
1.7527348425196849
21
0.8503175590551181
0
LINE
8
BLACK
6
CONTINUOUS
10
1.7527348425196849
20
0.8503175590551181
11
1.7527194488188975
21
0.8504933858267716
0
LINE
8
BLACK
6
CONTINUOUS
10
1.7527194488188975
20
0.8504933858267716
11
1.7526097244094487
21
0.8506316929133858
0
LINE
8
BLACK
6
CONTINUOUS
10
1.7526097244094487
20
0.8506316929133858
11
1.7507349606299212
21
0.8562559842519685
0
LINE
8
BLACK
6
CONTINUOUS
10
1.7507349606299212
20
0.8562559842519685
11
1.7506054724409448
21
0.8571291338582677
0
LINE
8
BLACK
6
CONTINUOUS
10
1.7506054724409448
20
0.8571291338582677
11
1.7505834251968504
21
0.8571897244094488
0
LINE
8
BLACK
6
CONTINUOUS
10
1.7505834251968504
20
0.8571897244094488
11
1.7505834251968504
21
0.860939251968504
0
LINE
8
BLACK
6
CONTINUOUS
10
1.7505834251968504
20
0.860939251968504
11
1.7507366929133859
21
0.8618086220472441
0
LINE
8
BLACK
6
CONTINUOUS
10
1.7507366929133859
20
0.8618086220472441
11
1.7507349606299212
21
0.8618729921259842
0
LINE
8
BLACK
6
CONTINUOUS
10
1.7507349606299212
20
0.8618729921259842
11
1.7526097244094487
21
0.8674972834645669
0
LINE
8
BLACK
6
CONTINUOUS
10
1.7526097244094487
20
0.8674972834645669
11
1.7530979921259842
21
0.8683990551181102
0
LINE
8
BLACK
6
CONTINUOUS
10
1.7530979921259842
20
0.8683990551181102
11
1.7532484251968503
21
0.8684914566929134
0
LINE
8
BLACK
6
CONTINUOUS
10
1.7532484251968503
20
0.8684914566929134
11
1.7533230314960631
21
0.8686514566929133
0
LINE
8
BLACK
6
CONTINUOUS
10
1.7533230314960631
20
0.8686514566929133
11
1.7551977952755906
21
0.8705262204724409
0
LINE
8
BLACK
6
CONTINUOUS
10
1.7551977952755906
20
0.8705262204724409
11
1.7560378346456693
21
0.8711144094488189
0
LINE
8
BLACK
6
CONTINUOUS
10
1.7560378346456693
20
0.8711144094488189
11
1.7580499212598424
21
0.8712904330708662
0
LINE
8
BLACK
6
CONTINUOUS
10
1.7580499212598424
20
0.8712904330708662
11
1.7597044881889763
21
0.8701319291338583
0
LINE
8
BLACK
6
CONTINUOUS
10
1.7597044881889763
20
0.8701319291338583
11
1.7602272047244094
21
0.8681809448818898
0
LINE
8
BLACK
6
CONTINUOUS
10
1.7602272047244094
20
0.8681809448818898
11
1.759373622047244
21
0.8663503937007874
0
LINE
8
BLACK
6
CONTINUOUS
10
1.759373622047244
20
0.8663503937007874
11
1.7579917322834646
21
0.8649685039370079
0
LINE
8
BLACK
6
CONTINUOUS
10
1.7579917322834646
20
0.8649685039370079
11
1.756488937007874
21
0.8604600787401575
0
LINE
8
BLACK
6
CONTINUOUS
10
1.756488937007874
20
0.8604600787401575
11
1.756488937007874
21
0.8576688582677165
0
LINE
8
BLACK
6
CONTINUOUS
10
1.756488937007874
20
0.8576688582677165
11
1.7579917322834646
21
0.8531604330708661
0
LINE
8
BLACK
6
CONTINUOUS
10
1.7579917322834646
20
0.8531604330708661
11
1.7609095669291339
21
0.8502426377952755
0
LINE
8
BLACK
6
CONTINUOUS
10
1.7609095669291339
20
0.8502426377952755
11
1.7639405511811024
21
0.8487271259842519
0
LINE
8
BLACK
6
CONTINUOUS
10
1.7639405511811024
20
0.8487271259842519
11
1.7707725984251967
21
0.8470191338582677
0
LINE
8
BLACK
6
CONTINUOUS
10
1.7707725984251967
20
0.8470191338582677
11
1.7756698031496063
21
0.8470191338582677
0
LINE
8
BLACK
6
CONTINUOUS
10
1.7756698031496063
20
0.8470191338582677
11
1.7825018503937007
21
0.8487271259842519
0
LINE
8
BLACK
6
CONTINUOUS
10
1.7825018503937007
20
0.8487271259842519
11
1.7855328346456691
21
0.8502426377952755
0
LINE
8
BLACK
6
CONTINUOUS
10
1.7855328346456691
20
0.8502426377952755
11
1.7884507086614172
21
0.8531604724409448
0
LINE
8
BLACK
6
CONTINUOUS
10
1.7884507086614172
20
0.8531604724409448
11
1.7899535039370078
21
0.8576688582677165
0
LINE
8
BLACK
6
CONTINUOUS
10
1.7899535039370078
20
0.8576688582677165
11
1.7899535039370078
21
0.8604601181102361
0
LINE
8
BLACK
6
CONTINUOUS
10
1.7899535039370078
20
0.8604601181102361
11
1.7884507086614172
21
0.8649684645669291
0
LINE
8
BLACK
6
CONTINUOUS
10
1.7884507086614172
20
0.8649684645669291
11
1.7870688188976378
21
0.8663503543307086
0
LINE
8
BLACK
6
CONTINUOUS
10
1.7870688188976378
20
0.8663503543307086
11
1.7864805905511811
21
0.8671903937007874
0
LINE
8
BLACK
6
CONTINUOUS
10
1.7864805905511811
20
0.8671903937007874
11
1.786304527559055
21
0.8692025196850394
0
LINE
8
BLACK
6
CONTINUOUS
10
1.786304527559055
20
0.8692025196850394
11
1.7874630314960629
21
0.8708570866141732
0
LINE
8
BLACK
6
CONTINUOUS
10
1.7874630314960629
20
0.8708570866141732
11
1.7894140157480314
21
0.8713798031496063
0
LINE
8
BLACK
6
CONTINUOUS
10
1.7894140157480314
20
0.8713798031496063
11
1.7912445669291339
21
0.8705262598425196
0
LINE
8
BLACK
6
CONTINUOUS
10
1.7656541338582676
20
0.9087330708661417
11
1.7657185039370078
21
0.9087348425196851
0
LINE
8
BLACK
6
CONTINUOUS
10
1.7657185039370078
20
0.9087348425196851
11
1.7713427952755905
21
0.9068600787401575
0
LINE
8
BLACK
6
CONTINUOUS
10
1.7713427952755905
20
0.9068600787401575
11
1.7722445669291338
21
0.9063718110236221
0
LINE
8
BLACK
6
CONTINUOUS
10
1.7722445669291338
20
0.9063718110236221
11
1.772336968503937
21
0.9062213385826772
0
LINE
8
BLACK
6
CONTINUOUS
10
1.772336968503937
20
0.9062213385826772
11
1.7724969685039369
21
0.9061467716535433
0
LINE
8
BLACK
6
CONTINUOUS
10
1.7724969685039369
20
0.9061467716535433
11
1.7899535039370078
21
0.8886902362204724
0
LINE
8
BLACK
6
CONTINUOUS
10
1.7899535039370078
20
0.8886902362204724
11
1.7899535039370078
21
0.905933622047244
0
LINE
8
BLACK
6
CONTINUOUS
10
1.7899535039370078
20
0.905933622047244
11
1.7901315748031497
21
0.9069435433070866
0
LINE
8
BLACK
6
CONTINUOUS
10
1.7901315748031497
20
0.9069435433070866
11
1.7914298818897638
21
0.9084907874015747
0
LINE
8
BLACK
6
CONTINUOUS
10
1.7914298818897638
20
0.9084907874015747
11
1.7934190157480314
21
0.9088415354330709
0
LINE
8
BLACK
6
CONTINUOUS
10
1.7934190157480314
20
0.9088415354330709
11
1.795168188976378
21
0.9078316141732283
0
LINE
8
BLACK
6
CONTINUOUS
10
1.795168188976378
20
0.9078316141732283
11
1.7958590157480314
21
0.905933622047244
0
LINE
8
BLACK
6
CONTINUOUS
10
1.7958590157480314
20
0.905933622047244
11
1.7958590157480314
21
0.8815616929133858
0
LINE
8
BLACK
6
CONTINUOUS
10
1.7958590157480314
20
0.8815616929133858
11
1.7957470866141731
21
0.8809269291338583
0
LINE
8
BLACK
6
CONTINUOUS
10
1.7957470866141731
20
0.8809269291338583
11
1.7957584251968504
21
0.8807974803149606
0
LINE
8
BLACK
6
CONTINUOUS
10
1.7957584251968504
20
0.8807974803149606
11
1.7957127559055117
21
0.8807322440944881
0
LINE
8
BLACK
6
CONTINUOUS
10
1.7957127559055117
20
0.8807322440944881
11
1.7956809448818898
21
0.8805517716535433
0
LINE
8
BLACK
6
CONTINUOUS
10
1.7956809448818898
20
0.8805517716535433
11
1.7951096456692912
21
0.879870905511811
0
LINE
8
BLACK
6
CONTINUOUS
10
1.7951096456692912
20
0.879870905511811
11
1.7945998818897637
21
0.8791429133858267
0
LINE
8
BLACK
6
CONTINUOUS
10
1.7945998818897637
20
0.8791429133858267
11
1.7944694094488189
21
0.8791079527559055
0
LINE
8
BLACK
6
CONTINUOUS
10
1.7944694094488189
20
0.8791079527559055
11
1.7943826377952756
21
0.8790045275590551
0
LINE
8
BLACK
6
CONTINUOUS
10
1.7943826377952756
20
0.8790045275590551
11
1.7935072834645669
21
0.8788501574803149
0
LINE
8
BLACK
6
CONTINUOUS
10
1.7935072834645669
20
0.8788501574803149
11
1.792648937007874
21
0.8786201968503937
0
LINE
8
BLACK
6
CONTINUOUS
10
1.792648937007874
20
0.8786201968503937
11
1.7925265748031496
21
0.8786772440944882
0
LINE
8
BLACK
6
CONTINUOUS
10
1.7925265748031496
20
0.8786772440944882
11
1.7923935039370078
21
0.8786537795275591
0
LINE
8
BLACK
6
CONTINUOUS
10
1.7923935039370078
20
0.8786537795275591
11
1.7916235826771654
21
0.8790982677165354
0
LINE
8
BLACK
6
CONTINUOUS
10
1.7916235826771654
20
0.8790982677165354
11
1.7908183464566929
21
0.879473779527559
0
LINE
8
BLACK
6
CONTINUOUS
10
1.7908183464566929
20
0.879473779527559
11
1.7688140157480314
21
0.901478031496063
0
LINE
8
BLACK
6
CONTINUOUS
10
1.7688140157480314
20
0.901478031496063
11
1.7643056299212598
21
0.9029808661417322
0
LINE
8
BLACK
6
CONTINUOUS
10
1.7643056299212598
20
0.9029808661417322
11
1.7617322834645668
21
0.9029808661417322
0
LINE
8
BLACK
6
CONTINUOUS
10
1.7617322834645668
20
0.9029808661417322
11
1.7590348031496064
21
0.9016321259842519
0
LINE
8
BLACK
6
CONTINUOUS
10
1.7590348031496064
20
0.9016321259842519
11
1.7578376771653543
21
0.900435
0
LINE
8
BLACK
6
CONTINUOUS
10
1.7578376771653543
20
0.900435
11
1.756488937007874
21
0.8977375196850393
0
LINE
8
BLACK
6
CONTINUOUS
10
1.756488937007874
20
0.8977375196850393
11
1.756488937007874
21
0.8897577952755905
0
LINE
8
BLACK
6
CONTINUOUS
10
1.756488937007874
20
0.8897577952755905
11
1.7578376771653543
21
0.8870603149606299
0
LINE
8
BLACK
6
CONTINUOUS
10
1.7578376771653543
20
0.8870603149606299
11
1.759373622047244
21
0.8855243700787402
0
LINE
8
BLACK
6
CONTINUOUS
10
1.759373622047244
20
0.8855243700787402
11
1.7599618110236219
21
0.8846843307086614
0
LINE
8
BLACK
6
CONTINUOUS
10
1.7599618110236219
20
0.8846843307086614
11
1.7601378346456693
21
0.8826722440944882
0
LINE
8
BLACK
6
CONTINUOUS
10
1.7601378346456693
20
0.8826722440944882
11
1.7589793307086614
21
0.8810176771653543
0
LINE
8
BLACK
6
CONTINUOUS
10
1.7589793307086614
20
0.8810176771653543
11
1.7570283464566929
21
0.8804949606299213
0
LINE
8
BLACK
6
CONTINUOUS
10
1.7570283464566929
20
0.8804949606299213
11
1.7551977952755906
21
0.8813485433070866
0
LINE
8
BLACK
6
CONTINUOUS
10
1.7551977952755906
20
0.8813485433070866
11
1.7533230314960631
21
0.8832233070866141
0
LINE
8
BLACK
6
CONTINUOUS
10
1.7533230314960631
20
0.8832233070866141
11
1.7528167322834645
21
0.8839463779527559
0
LINE
8
BLACK
6
CONTINUOUS
10
1.7528167322834645
20
0.8839463779527559
11
1.7527699212598424
21
0.8839907086614173
0
LINE
8
BLACK
6
CONTINUOUS
10
1.7527699212598424
20
0.8839907086614173
11
1.7508951574803149
21
0.8877402362204724
0
LINE
8
BLACK
6
CONTINUOUS
10
1.7508951574803149
20
0.8877402362204724
11
1.7506027952755905
21
0.8887231889763779
0
LINE
8
BLACK
6
CONTINUOUS
10
1.7506027952755905
20
0.8887231889763779
11
1.7506437795275591
21
0.888894842519685
0
LINE
8
BLACK
6
CONTINUOUS
10
1.7506437795275591
20
0.888894842519685
11
1.7505834251968504
21
0.889060748031496
0
LINE
8
BLACK
6
CONTINUOUS
10
1.7505834251968504
20
0.889060748031496
11
1.7505834251968504
21
0.8984345669291338
0
LINE
8
BLACK
6
CONTINUOUS
10
1.7505834251968504
20
0.8984345669291338
11
1.750761496062992
21
0.8994444881889764
0
LINE
8
BLACK
6
CONTINUOUS
10
1.750761496062992
20
0.8994444881889764
11
1.7508749606299212
21
0.8995797244094488
0
LINE
8
BLACK
6
CONTINUOUS
10
1.7508749606299212
20
0.8995797244094488
11
1.7508951574803149
21
0.8997550787401575
0
LINE
8
BLACK
6
CONTINUOUS
10
1.7508951574803149
20
0.8997550787401575
11
1.7527699212598424
21
0.9035046062992126
0
LINE
8
BLACK
6
CONTINUOUS
10
1.7527699212598424
20
0.9035046062992126
11
1.7532958267716534
21
0.9042136614173228
0
LINE
8
BLACK
6
CONTINUOUS
10
1.7532958267716534
20
0.9042136614173228
11
1.7533230314960631
21
0.9042720078740157
0
LINE
8
BLACK
6
CONTINUOUS
10
1.7533230314960631
20
0.9042720078740157
11
1.7551977952755906
21
0.9061467716535433
0
LINE
8
BLACK
6
CONTINUOUS
10
1.7551977952755906
20
0.9061467716535433
11
1.7559208661417323
21
0.906653031496063
0
LINE
8
BLACK
6
CONTINUOUS
10
1.7559208661417323
20
0.906653031496063
11
1.7559651968503938
21
0.9066998818897638
0
LINE
8
BLACK
6
CONTINUOUS
10
1.7559651968503938
20
0.9066998818897638
11
1.7597147244094489
21
0.9085746456692914
0
LINE
8
BLACK
6
CONTINUOUS
10
1.7597147244094489
20
0.9085746456692914
11
1.7606976377952757
21
0.9088670078740158
0
LINE
8
BLACK
6
CONTINUOUS
10
1.7606976377952757
20
0.9088670078740158
11
1.7608693307086614
21
0.9088259842519685
0
LINE
8
BLACK
6
CONTINUOUS
10
1.7608693307086614
20
0.9088259842519685
11
1.7610352362204724
21
0.9088863779527558
0
LINE
8
BLACK
6
CONTINUOUS
10
1.7610352362204724
20
0.9088863779527558
11
1.7647847637795275
21
0.9088863779527558
0
LINE
8
BLACK
6
CONTINUOUS
10
1.7647847637795275
20
0.9088863779527558
11
1.7656541338582676
21
0.9087330708661417
0
LINE
8
BLACK
6
CONTINUOUS
10
1.6927742913385826
20
1.0047357874015748
11
1.7104133070866141
21
1.0024135433070867
0
LINE
8
BLACK
6
CONTINUOUS
10
1.7104133070866141
20
1.0024135433070867
11
1.7277827952755904
21
0.9985628346456693
0
LINE
8
BLACK
6
CONTINUOUS
10
1.7277827952755904
20
0.9985628346456693
11
1.7447505511811023
21
0.9932129133858267
0
LINE
8
BLACK
6
CONTINUOUS
10
1.7447505511811023
20
0.9932129133858267
11
1.7611875196850393
21
0.9864044881889763
0
LINE
8
BLACK
6
CONTINUOUS
10
1.7611875196850393
20
0.9864044881889763
11
1.7769685039370078
21
0.9781894488188976
0
LINE
8
BLACK
6
CONTINUOUS
10
1.7769685039370078
20
0.9781894488188976
11
1.7919734645669292
21
0.9686302362204724
0
LINE
8
BLACK
6
CONTINUOUS
10
1.7919734645669292
20
0.9686302362204724
11
1.806088188976378
21
0.9577996062992126
0
LINE
8
BLACK
6
CONTINUOUS
10
1.806088188976378
20
0.9577996062992126
11
1.8192052362204725
21
0.9457800393700787
0
LINE
8
BLACK
6
CONTINUOUS
10
1.8192052362204725
20
0.9457800393700787
11
1.8312248031496063
21
0.9326629921259842
0
LINE
8
BLACK
6
CONTINUOUS
10
1.8312248031496063
20
0.9326629921259842
11
1.8420554330708661
21
0.9185482677165354
0
LINE
8
BLACK
6
CONTINUOUS
10
1.8420554330708661
20
0.9185482677165354
11
1.8516146456692912
21
0.9035433070866141
0
LINE
8
BLACK
6
CONTINUOUS
10
1.8516146456692912
20
0.9035433070866141
11
1.8598296850393701
21
0.8877623228346456
0
LINE
8
BLACK
6
CONTINUOUS
10
1.8598296850393701
20
0.8877623228346456
11
1.8666381102362204
21
0.8713253543307087
0
LINE
8
BLACK
6
CONTINUOUS
10
1.8666381102362204
20
0.8713253543307087
11
1.8719880314960629
21
0.8543575984251969
0
LINE
8
BLACK
6
CONTINUOUS
10
1.8719880314960629
20
0.8543575984251969
11
1.8758387401574803
21
0.8369881102362204
0
LINE
8
BLACK
6
CONTINUOUS
10
1.8758387401574803
20
0.8369881102362204
11
1.8781609842519684
21
0.8193490944881889
0
LINE
8
BLACK
6
CONTINUOUS
10
1.8781609842519684
20
0.8193490944881889
11
1.8789370078740157
21
0.8015748031496063
0
LINE
8
BLACK
6
CONTINUOUS
10
1.8789370078740157
20
0.8015748031496063
11
1.8781609842519684
21
0.7838005118110236
0
LINE
8
BLACK
6
CONTINUOUS
10
1.8781609842519684
20
0.7838005118110236
11
1.8758387401574803
21
0.7661614960629921
0
LINE
8
BLACK
6
CONTINUOUS
10
1.8758387401574803
20
0.7661614960629921
11
1.8719880314960629
21
0.7487920078740158
0
LINE
8
BLACK
6
CONTINUOUS
10
1.8719880314960629
20
0.7487920078740158
11
1.8666381102362204
21
0.7318242519685039
0
LINE
8
BLACK
6
CONTINUOUS
10
1.8666381102362204
20
0.7318242519685039
11
1.8598296850393701
21
0.7153872834645669
0
LINE
8
BLACK
6
CONTINUOUS
10
1.8598296850393701
20
0.7153872834645669
11
1.8516146456692912
21
0.6996062992125984
0
LINE
8
BLACK
6
CONTINUOUS
10
1.8516146456692912
20
0.6996062992125984
11
1.8420554330708661
21
0.6846013385826771
0
LINE
8
BLACK
6
CONTINUOUS
10
1.8420554330708661
20
0.6846013385826771
11
1.8312248031496063
21
0.6704866141732283
0
LINE
8
BLACK
6
CONTINUOUS
10
1.8312248031496063
20
0.6704866141732283
11
1.8192052362204725
21
0.6573695669291338
0
LINE
8
BLACK
6
CONTINUOUS
10
1.8192052362204725
20
0.6573695669291338
11
1.806088188976378
21
0.64535
0
LINE
8
BLACK
6
CONTINUOUS
10
1.806088188976378
20
0.64535
11
1.7919734645669292
21
0.6345193700787402
0
LINE
8
BLACK
6
CONTINUOUS
10
1.7919734645669292
20
0.6345193700787402
11
1.7769685039370078
21
0.624960157480315
0
LINE
8
BLACK
6
CONTINUOUS
10
1.7769685039370078
20
0.624960157480315
11
1.7611875196850393
21
0.6167451181102362
0
LINE
8
BLACK
6
CONTINUOUS
10
1.7611875196850393
20
0.6167451181102362
11
1.7447505511811023
21
0.6099366929133858
0
LINE
8
BLACK
6
CONTINUOUS
10
1.7447505511811023
20
0.6099366929133858
11
1.7277827952755904
21
0.6045867716535432
0
LINE
8
BLACK
6
CONTINUOUS
10
1.7277827952755904
20
0.6045867716535432
11
1.7104133070866141
21
0.600736062992126
0
LINE
8
BLACK
6
CONTINUOUS
10
1.7104133070866141
20
0.600736062992126
11
1.6986013779527558
21
0.5991809448818898
0
LINE
8
BLACK
6
CONTINUOUS
10
1.6986013779527558
20
0.5991809448818898
11
1.6985826771653543
21
0.5991732283464567
0
LINE
8
BLACK
6
CONTINUOUS
10
1.6985826771653543
20
0.5991732283464567
11
1.6985425196850392
21
0.5991732283464567
0
LINE
8
BLACK
6
CONTINUOUS
10
1.6985425196850392
20
0.5991732283464567
11
1.6927742913385826
21
0.5984138188976378
0
LINE
8
BLACK
6
CONTINUOUS
10
1.6927742913385826
20
0.5984138188976378
11
1.675
21
0.5976377952755906
0
LINE
8
BLACK
6
CONTINUOUS
10
1.675
20
0.5976377952755906
11
1.6572257086614173
21
0.5984138188976378
0
LINE
8
BLACK
6
CONTINUOUS
10
1.6572257086614173
20
0.5984138188976378
11
1.6514574803149606
21
0.5991732283464567
0
LINE
8
BLACK
6
CONTINUOUS
10
1.6514574803149606
20
0.5991732283464567
11
1.6514173228346456
21
0.5991732283464567
0
LINE
8
BLACK
6
CONTINUOUS
10
1.6514173228346456
20
0.5991732283464567
11
1.6513985826771653
21
0.5991809448818898
0
LINE
8
BLACK
6
CONTINUOUS
10
1.6513985826771653
20
0.5991809448818898
11
1.6395866929133858
21
0.600736062992126
0
LINE
8
BLACK
6
CONTINUOUS
10
1.6395866929133858
20
0.600736062992126
11
1.6222172047244094
21
0.6045867716535432
0
LINE
8
BLACK
6
CONTINUOUS
10
1.6222172047244094
20
0.6045867716535432
11
1.6052494488188975
21
0.6099366929133858
0
LINE
8
BLACK
6
CONTINUOUS
10
1.6052494488188975
20
0.6099366929133858
11
1.5888124803149606
21
0.6167451181102362
0
LINE
8
BLACK
6
CONTINUOUS
10
1.5888124803149606
20
0.6167451181102362
11
1.5730314960629921
21
0.624960157480315
0
LINE
8
BLACK
6
CONTINUOUS
10
1.5730314960629921
20
0.624960157480315
11
1.5580265354330709
21
0.6345193700787402
0
LINE
8
BLACK
6
CONTINUOUS
10
1.5580265354330709
20
0.6345193700787402
11
1.5439118110236221
21
0.64535
0
LINE
8
BLACK
6
CONTINUOUS
10
1.5439118110236221
20
0.64535
11
1.5307947637795276
21
0.6573695669291338
0
LINE
8
BLACK
6
CONTINUOUS
10
1.5307947637795276
20
0.6573695669291338
11
1.5187751968503937
21
0.6704866141732283
0
LINE
8
BLACK
6
CONTINUOUS
10
1.5187751968503937
20
0.6704866141732283
11
1.5079445669291338
21
0.6846013385826771
0
LINE
8
BLACK
6
CONTINUOUS
10
1.5079445669291338
20
0.6846013385826771
11
1.4983853543307086
21
0.6996062992125984
0
LINE
8
BLACK
6
CONTINUOUS
10
1.4983853543307086
20
0.6996062992125984
11
1.4901703149606298
21
0.7153872834645669
0
LINE
8
BLACK
6
CONTINUOUS
10
1.4901703149606298
20
0.7153872834645669
11
1.4833618897637795
21
0.7318242519685039
0
LINE
8
BLACK
6
CONTINUOUS
10
1.4833618897637795
20
0.7318242519685039
11
1.478011968503937
21
0.7487920078740158
0
LINE
8
BLACK
6
CONTINUOUS
10
1.478011968503937
20
0.7487920078740158
11
1.4741612598425196
21
0.7661614960629921
0
LINE
8
BLACK
6
CONTINUOUS
10
1.4741612598425196
20
0.7661614960629921
11
1.4718390157480314
21
0.7838005118110236
0
LINE
8
BLACK
6
CONTINUOUS
10
1.4718390157480314
20
0.7838005118110236
11
1.4710629921259841
21
0.8015748031496063
0
LINE
8
BLACK
6
CONTINUOUS
10
1.4710629921259841
20
0.8015748031496063
11
1.4718390157480314
21
0.8193490944881889
0
LINE
8
BLACK
6
CONTINUOUS
10
1.4718390157480314
20
0.8193490944881889
11
1.4741612598425196
21
0.8369881102362204
0
LINE
8
BLACK
6
CONTINUOUS
10
1.4741612598425196
20
0.8369881102362204
11
1.478011968503937
21
0.8543575984251969
0
LINE
8
BLACK
6
CONTINUOUS
10
1.478011968503937
20
0.8543575984251969
11
1.4833618897637795
21
0.8713253543307087
0
LINE
8
BLACK
6
CONTINUOUS
10
1.4833618897637795
20
0.8713253543307087
11
1.4901703149606298
21
0.8877623228346456
0
LINE
8
BLACK
6
CONTINUOUS
10
1.4901703149606298
20
0.8877623228346456
11
1.4983853543307086
21
0.9035433070866141
0
LINE
8
BLACK
6
CONTINUOUS
10
1.4983853543307086
20
0.9035433070866141
11
1.5079445669291338
21
0.9185482677165354
0
LINE
8
BLACK
6
CONTINUOUS
10
1.5079445669291338
20
0.9185482677165354
11
1.5187751968503937
21
0.9326629921259842
0
LINE
8
BLACK
6
CONTINUOUS
10
1.5187751968503937
20
0.9326629921259842
11
1.5307947637795276
21
0.9457800393700787
0
LINE
8
BLACK
6
CONTINUOUS
10
1.5307947637795276
20
0.9457800393700787
11
1.5439118110236221
21
0.9577996062992126
0
LINE
8
BLACK
6
CONTINUOUS
10
1.5439118110236221
20
0.9577996062992126
11
1.5580265354330709
21
0.9686302362204724
0
LINE
8
BLACK
6
CONTINUOUS
10
1.5580265354330709
20
0.9686302362204724
11
1.5730314960629921
21
0.9781894488188976
0
LINE
8
BLACK
6
CONTINUOUS
10
1.5730314960629921
20
0.9781894488188976
11
1.5888124803149606
21
0.9864044881889763
0
LINE
8
BLACK
6
CONTINUOUS
10
1.5888124803149606
20
0.9864044881889763
11
1.6052494488188975
21
0.9932129133858267
0
LINE
8
BLACK
6
CONTINUOUS
10
1.6052494488188975
20
0.9932129133858267
11
1.6222172047244094
21
0.9985628346456693
0
LINE
8
BLACK
6
CONTINUOUS
10
1.6222172047244094
20
0.9985628346456693
11
1.6395866929133858
21
1.0024135433070867
0
LINE
8
BLACK
6
CONTINUOUS
10
1.6395866929133858
20
1.0024135433070867
11
1.6572257086614173
21
1.0047357874015748
0
LINE
8
BLACK
6
CONTINUOUS
10
1.6572257086614173
20
1.0047357874015748
11
1.675
21
1.0055118110236221
0
LINE
8
BLACK
6
CONTINUOUS
10
1.675
20
1.0055118110236221
11
1.6927742913385826
21
1.0047357874015748
0
LINE
8
BLACK
6
CONTINUOUS
10
1.6281777559055117
20
0.7503543307086614
11
1.628503937007874
21
0.7495669291338583
0
LINE
8
BLACK
6
CONTINUOUS
10
1.628503937007874
20
0.7495669291338583
11
1.6281777559055117
21
0.7487795275590551
0
LINE
8
BLACK
6
CONTINUOUS
10
1.6281777559055117
20
0.7487795275590551
11
1.628503937007874
21
0.7479921259842519
0
LINE
8
BLACK
6
CONTINUOUS
10
1.628503937007874
20
0.7479921259842519
11
1.6281777559055117
21
0.7472047244094489
0
LINE
8
BLACK
6
CONTINUOUS
10
1.6281777559055117
20
0.7472047244094489
11
1.628503937007874
21
0.7464173228346457
0
LINE
8
BLACK
6
CONTINUOUS
10
1.628503937007874
20
0.7464173228346457
11
1.6281777559055117
21
0.7456299212598425
0
LINE
8
BLACK
6
CONTINUOUS
10
1.6281777559055117
20
0.7456299212598425
11
1.628503937007874
21
0.7448425196850393
0
LINE
8
BLACK
6
CONTINUOUS
10
1.628503937007874
20
0.7448425196850393
11
1.6281777559055117
21
0.7440551181102362
0
LINE
8
BLACK
6
CONTINUOUS
10
1.6281777559055117
20
0.7440551181102362
11
1.628503937007874
21
0.743267716535433
0
LINE
8
BLACK
6
CONTINUOUS
10
1.628503937007874
20
0.743267716535433
11
1.6281777559055117
21
0.7424803149606299
0
LINE
8
BLACK
6
CONTINUOUS
10
1.6281777559055117
20
0.7424803149606299
11
1.628503937007874
21
0.7416929133858268
0
LINE
8
BLACK
6
CONTINUOUS
10
1.628503937007874
20
0.7416929133858268
11
1.6281777559055117
21
0.7409055118110236
0
LINE
8
BLACK
6
CONTINUOUS
10
1.6281777559055117
20
0.7409055118110236
11
1.628503937007874
21
0.7401181102362204
0
LINE
8
BLACK
6
CONTINUOUS
10
1.628503937007874
20
0.7401181102362204
11
1.6281777559055117
21
0.7393307086614173
0
LINE
8
BLACK
6
CONTINUOUS
10
1.6281777559055117
20
0.7393307086614173
11
1.628503937007874
21
0.7385433070866142
0
LINE
8
BLACK
6
CONTINUOUS
10
1.628503937007874
20
0.7385433070866142
11
1.6281777559055117
21
0.737755905511811
0
LINE
8
BLACK
6
CONTINUOUS
10
1.6281777559055117
20
0.737755905511811
11
1.628503937007874
21
0.7369685039370079
0
LINE
8
BLACK
6
CONTINUOUS
10
1.628503937007874
20
0.7369685039370079
11
1.6281777559055117
21
0.7361811023622047
0
LINE
8
BLACK
6
CONTINUOUS
10
1.6281777559055117
20
0.7361811023622047
11
1.628503937007874
21
0.7353937007874015
0
LINE
8
BLACK
6
CONTINUOUS
10
1.628503937007874
20
0.7353937007874015
11
1.6281777559055117
21
0.7346062992125985
0
LINE
8
BLACK
6
CONTINUOUS
10
1.6281777559055117
20
0.7346062992125985
11
1.628503937007874
21
0.7338188976377953
0
LINE
8
BLACK
6
CONTINUOUS
10
1.628503937007874
20
0.7338188976377953
11
1.6281777559055117
21
0.7330314960629921
0
LINE
8
BLACK
6
CONTINUOUS
10
1.6281777559055117
20
0.7330314960629921
11
1.628503937007874
21
0.7322440944881889
0
LINE
8
BLACK
6
CONTINUOUS
10
1.628503937007874
20
0.7322440944881889
11
1.6281777559055117
21
0.7314566929133858
0
LINE
8
BLACK
6
CONTINUOUS
10
1.6281777559055117
20
0.7314566929133858
11
1.628503937007874
21
0.7306692913385827
0
LINE
8
BLACK
6
CONTINUOUS
10
1.628503937007874
20
0.7306692913385827
11
1.6281777559055117
21
0.7298818897637795
0
LINE
8
BLACK
6
CONTINUOUS
10
1.6281777559055117
20
0.7298818897637795
11
1.628503937007874
21
0.7290944881889764
0
LINE
8
BLACK
6
CONTINUOUS
10
1.628503937007874
20
0.7290944881889764
11
1.6281777559055117
21
0.7283070866141732
0
LINE
8
BLACK
6
CONTINUOUS
10
1.6281777559055117
20
0.7283070866141732
11
1.628503937007874
21
0.72751968503937
0
LINE
8
BLACK
6
CONTINUOUS
10
1.628503937007874
20
0.72751968503937
11
1.6281777559055117
21
0.7267322834645669
0
LINE
8
BLACK
6
CONTINUOUS
10
1.6281777559055117
20
0.7267322834645669
11
1.628503937007874
21
0.7259448818897638
0
LINE
8
BLACK
6
CONTINUOUS
10
1.628503937007874
20
0.7259448818897638
11
1.6281777559055117
21
0.7251574803149606
0
LINE
8
BLACK
6
CONTINUOUS
10
1.6281777559055117
20
0.7251574803149606
11
1.628503937007874
21
0.7243700787401575
0
LINE
8
BLACK
6
CONTINUOUS
10
1.628503937007874
20
0.7243700787401575
11
1.6281777559055117
21
0.7235826771653543
0
LINE
8
BLACK
6
CONTINUOUS
10
1.6281777559055117
20
0.7235826771653543
11
1.628503937007874
21
0.7227952755905511
0
LINE
8
BLACK
6
CONTINUOUS
10
1.628503937007874
20
0.7227952755905511
11
1.6281777559055117
21
0.7220078740157481
0
LINE
8
BLACK
6
CONTINUOUS
10
1.6281777559055117
20
0.7220078740157481
11
1.628503937007874
21
0.7212204724409449
0
LINE
8
BLACK
6
CONTINUOUS
10
1.628503937007874
20
0.7212204724409449
11
1.6281777559055117
21
0.7204330708661417
0
LINE
8
BLACK
6
CONTINUOUS
10
1.6281777559055117
20
0.7204330708661417
11
1.628503937007874
21
0.7196456692913386
0
LINE
8
BLACK
6
CONTINUOUS
10
1.628503937007874
20
0.7196456692913386
11
1.6281777559055117
21
0.7188582677165354
0
LINE
8
BLACK
6
CONTINUOUS
10
1.6281777559055117
20
0.7188582677165354
11
1.628503937007874
21
0.7180708661417323
0
LINE
8
BLACK
6
CONTINUOUS
10
1.628503937007874
20
0.7180708661417323
11
1.6281777559055117
21
0.7172834645669292
0
LINE
8
BLACK
6
CONTINUOUS
10
1.6281777559055117
20
0.7172834645669292
11
1.628503937007874
21
0.716496062992126
0
LINE
8
BLACK
6
CONTINUOUS
10
1.628503937007874
20
0.716496062992126
11
1.6281777559055117
21
0.7157086614173228
0
LINE
8
BLACK
6
CONTINUOUS
10
1.6281777559055117
20
0.7157086614173228
11
1.628503937007874
21
0.7149212598425196
0
LINE
8
BLACK
6
CONTINUOUS
10
1.628503937007874
20
0.7149212598425196
11
1.6281777559055117
21
0.7141338582677165
0
LINE
8
BLACK
6
CONTINUOUS
10
1.6281777559055117
20
0.7141338582677165
11
1.628503937007874
21
0.7133464566929134
0
LINE
8
BLACK
6
CONTINUOUS
10
1.628503937007874
20
0.7133464566929134
11
1.6281777559055117
21
0.7125590551181102
0
LINE
8
BLACK
6
CONTINUOUS
10
1.6281777559055117
20
0.7125590551181102
11
1.628503937007874
21
0.7117716535433071
0
LINE
8
BLACK
6
CONTINUOUS
10
1.628503937007874
20
0.7117716535433071
11
1.6281777559055117
21
0.7109842519685039
0
LINE
8
BLACK
6
CONTINUOUS
10
1.6281777559055117
20
0.7109842519685039
11
1.628503937007874
21
0.7101968503937007
0
LINE
8
BLACK
6
CONTINUOUS
10
1.628503937007874
20
0.7101968503937007
11
1.6281777559055117
21
0.7094094488188977
0
LINE
8
BLACK
6
CONTINUOUS
10
1.6281777559055117
20
0.7094094488188977
11
1.628503937007874
21
0.7086220472440945
0
LINE
8
BLACK
6
CONTINUOUS
10
1.628503937007874
20
0.7086220472440945
11
1.6281777559055117
21
0.7078346456692913
0
LINE
8
BLACK
6
CONTINUOUS
10
1.6281777559055117
20
0.7078346456692913
11
1.628503937007874
21
0.7070472440944882
0
LINE
8
BLACK
6
CONTINUOUS
10
1.628503937007874
20
0.7070472440944882
11
1.6281777559055117
21
0.706259842519685
0
LINE
8
BLACK
6
CONTINUOUS
10
1.6281777559055117
20
0.706259842519685
11
1.628503937007874
21
0.7054724409448819
0
LINE
8
BLACK
6
CONTINUOUS
10
1.628503937007874
20
0.7054724409448819
11
1.6281777559055117
21
0.7046850393700788
0
LINE
8
BLACK
6
CONTINUOUS
10
1.6281777559055117
20
0.7046850393700788
11
1.628503937007874
21
0.7038976377952756
0
LINE
8
BLACK
6
CONTINUOUS
10
1.628503937007874
20
0.7038976377952756
11
1.6281777559055117
21
0.7031102362204724
0
LINE
8
BLACK
6
CONTINUOUS
10
1.6281777559055117
20
0.7031102362204724
11
1.628503937007874
21
0.7023228346456692
0
LINE
8
BLACK
6
CONTINUOUS
10
1.628503937007874
20
0.7023228346456692
11
1.6281777559055117
21
0.7015354330708661
0
LINE
8
BLACK
6
CONTINUOUS
10
1.6281777559055117
20
0.7015354330708661
11
1.628503937007874
21
0.700748031496063
0
LINE
8
BLACK
6
CONTINUOUS
10
1.628503937007874
20
0.700748031496063
11
1.6281777559055117
21
0.6999606299212598
0
LINE
8
BLACK
6
CONTINUOUS
10
1.6281777559055117
20
0.6999606299212598
11
1.628503937007874
21
0.6991732283464567
0
LINE
8
BLACK
6
CONTINUOUS
10
1.628503937007874
20
0.6991732283464567
11
1.6281777559055117
21
0.6983858267716535
0
LINE
8
BLACK
6
CONTINUOUS
10
1.6281777559055117
20
0.6983858267716535
11
1.628503937007874
21
0.6975984251968503
0
LINE
8
BLACK
6
CONTINUOUS
10
1.628503937007874
20
0.6975984251968503
11
1.6281777559055117
21
0.6968110236220473
0
LINE
8
BLACK
6
CONTINUOUS
10
1.6281777559055117
20
0.6968110236220473
11
1.628503937007874
21
0.6960236220472441
0
LINE
8
BLACK
6
CONTINUOUS
10
1.628503937007874
20
0.6960236220472441
11
1.6281777559055117
21
0.6952362204724409
0
LINE
8
BLACK
6
CONTINUOUS
10
1.6281777559055117
20
0.6952362204724409
11
1.628503937007874
21
0.6944488188976378
0
LINE
8
BLACK
6
CONTINUOUS
10
1.628503937007874
20
0.6944488188976378
11
1.6281777559055117
21
0.6936614173228346
0
LINE
8
BLACK
6
CONTINUOUS
10
1.6281777559055117
20
0.6936614173228346
11
1.628503937007874
21
0.6928740157480315
0
LINE
8
BLACK
6
CONTINUOUS
10
1.628503937007874
20
0.6928740157480315
11
1.6281777559055117
21
0.6920866141732284
0
LINE
8
BLACK
6
CONTINUOUS
10
1.6281777559055117
20
0.6920866141732284
11
1.628503937007874
21
0.6912992125984252
0
LINE
8
BLACK
6
CONTINUOUS
10
1.628503937007874
20
0.6912992125984252
11
1.6281777559055117
21
0.690511811023622
0
LINE
8
BLACK
6
CONTINUOUS
10
1.6281777559055117
20
0.690511811023622
11
1.628503937007874
21
0.6897244094488189
0
LINE
8
BLACK
6
CONTINUOUS
10
1.628503937007874
20
0.6897244094488189
11
1.6281777559055117
21
0.6889370078740157
0
LINE
8
BLACK
6
CONTINUOUS
10
1.6281777559055117
20
0.6889370078740157
11
1.628503937007874
21
0.6881496062992126
0
LINE
8
BLACK
6
CONTINUOUS
10
1.628503937007874
20
0.6881496062992126
11
1.6281777559055117
21
0.6873622047244095
0
LINE
8
BLACK
6
CONTINUOUS
10
1.6281777559055117
20
0.6873622047244095
11
1.628503937007874
21
0.6865748031496063
0
LINE
8
BLACK
6
CONTINUOUS
10
1.628503937007874
20
0.6865748031496063
11
1.6281777559055117
21
0.6857874015748031
0
LINE
8
BLACK
6
CONTINUOUS
10
1.6281777559055117
20
0.6857874015748031
11
1.628503937007874
21
0.6849999999999999
0
LINE
8
BLACK
6
CONTINUOUS
10
1.628503937007874
20
0.6849999999999999
11
1.6281777559055117
21
0.6842125984251969
0
LINE
8
BLACK
6
CONTINUOUS
10
1.6281777559055117
20
0.6842125984251969
11
1.628503937007874
21
0.6834251968503937
0
LINE
8
BLACK
6
CONTINUOUS
10
1.628503937007874
20
0.6834251968503937
11
1.6281777559055117
21
0.6826377952755905
0
LINE
8
BLACK
6
CONTINUOUS
10
1.6281777559055117
20
0.6826377952755905
11
1.628503937007874
21
0.6818503937007874
0
LINE
8
BLACK
6
CONTINUOUS
10
1.628503937007874
20
0.6818503937007874
11
1.6281777559055117
21
0.6810629921259842
0
LINE
8
BLACK
6
CONTINUOUS
10
1.6281777559055117
20
0.6810629921259842
11
1.628503937007874
21
0.6802755905511811
0
LINE
8
BLACK
6
CONTINUOUS
10
1.628503937007874
20
0.6802755905511811
11
1.6281777559055117
21
0.679488188976378
0
LINE
8
BLACK
6
CONTINUOUS
10
1.6281777559055117
20
0.679488188976378
11
1.628503937007874
21
0.6787007874015748
0
LINE
8
BLACK
6
CONTINUOUS
10
1.628503937007874
20
0.6787007874015748
11
1.6281777559055117
21
0.6779133858267716
0
LINE
8
BLACK
6
CONTINUOUS
10
1.6281777559055117
20
0.6779133858267716
11
1.628503937007874
21
0.6771259842519685
0
LINE
8
BLACK
6
CONTINUOUS
10
1.628503937007874
20
0.6771259842519685
11
1.6281777559055117
21
0.6763385826771653
0
LINE
8
BLACK
6
CONTINUOUS
10
1.6281777559055117
20
0.6763385826771653
11
1.628503937007874
21
0.6755511811023622
0
LINE
8
BLACK
6
CONTINUOUS
10
1.628503937007874
20
0.6755511811023622
11
1.6281777559055117
21
0.6747637795275591
0
LINE
8
BLACK
6
CONTINUOUS
10
1.6281777559055117
20
0.6747637795275591
11
1.628503937007874
21
0.6739763779527559
0
LINE
8
BLACK
6
CONTINUOUS
10
1.628503937007874
20
0.6739763779527559
11
1.6281777559055117
21
0.6731889763779527
0
LINE
8
BLACK
6
CONTINUOUS
10
1.6281777559055117
20
0.6731889763779527
11
1.628503937007874
21
0.6724015748031495
0
LINE
8
BLACK
6
CONTINUOUS
10
1.628503937007874
20
0.6724015748031495
11
1.6281777559055117
21
0.6716141732283465
0
LINE
8
BLACK
6
CONTINUOUS
10
1.6281777559055117
20
0.6716141732283465
11
1.628503937007874
21
0.6708267716535433
0
LINE
8
BLACK
6
CONTINUOUS
10
1.628503937007874
20
0.6708267716535433
11
1.6281777559055117
21
0.6700393700787401
0
LINE
8
BLACK
6
CONTINUOUS
10
1.6281777559055117
20
0.6700393700787401
11
1.628503937007874
21
0.669251968503937
0
LINE
8
BLACK
6
CONTINUOUS
10
1.628503937007874
20
0.669251968503937
11
1.6281777559055117
21
0.6684645669291338
0
LINE
8
BLACK
6
CONTINUOUS
10
1.6281777559055117
20
0.6684645669291338
11
1.628503937007874
21
0.6676771653543307
0
LINE
8
BLACK
6
CONTINUOUS
10
1.628503937007874
20
0.6676771653543307
11
1.6281777559055117
21
0.6668897637795276
0
LINE
8
BLACK
6
CONTINUOUS
10
1.6281777559055117
20
0.6668897637795276
11
1.628503937007874
21
0.6661023622047244
0
LINE
8
BLACK
6
CONTINUOUS
10
1.628503937007874
20
0.6661023622047244
11
1.6281777559055117
21
0.6653149606299212
0
LINE
8
BLACK
6
CONTINUOUS
10
1.6281777559055117
20
0.6653149606299212
11
1.628503937007874
21
0.6645275590551181
0
LINE
8
BLACK
6
CONTINUOUS
10
1.628503937007874
20
0.6645275590551181
11
1.6281777559055117
21
0.6637401574803149
0
LINE
8
BLACK
6
CONTINUOUS
10
1.6281777559055117
20
0.6637401574803149
11
1.628503937007874
21
0.6629527559055118
0
LINE
8
BLACK
6
CONTINUOUS
10
1.628503937007874
20
0.6629527559055118
11
1.6281777559055117
21
0.6621653543307087
0
LINE
8
BLACK
6
CONTINUOUS
10
1.6281777559055117
20
0.6621653543307087
11
1.628503937007874
21
0.6613779527559055
0
LINE
8
BLACK
6
CONTINUOUS
10
1.628503937007874
20
0.6613779527559055
11
1.6281777559055117
21
0.6605905511811023
0
LINE
8
BLACK
6
CONTINUOUS
10
1.6281777559055117
20
0.6605905511811023
11
1.628503937007874
21
0.6598031496062992
0
LINE
8
BLACK
6
CONTINUOUS
10
1.628503937007874
20
0.6598031496062992
11
1.6281777559055117
21
0.6590157480314961
0
LINE
8
BLACK
6
CONTINUOUS
10
1.6281777559055117
20
0.6590157480314961
11
1.628503937007874
21
0.6582283464566929
0
LINE
8
BLACK
6
CONTINUOUS
10
1.628503937007874
20
0.6582283464566929
11
1.6281777559055117
21
0.6574409448818898
0
LINE
8
BLACK
6
CONTINUOUS
10
1.6281777559055117
20
0.6574409448818898
11
1.628503937007874
21
0.6566535433070866
0
LINE
8
BLACK
6
CONTINUOUS
10
1.628503937007874
20
0.6566535433070866
11
1.6281777559055117
21
0.6558661417322834
0
LINE
8
BLACK
6
CONTINUOUS
10
1.6281777559055117
20
0.6558661417322834
11
1.7218222047244094
21
0.6558661417322834
0
LINE
8
BLACK
6
CONTINUOUS
10
1.7218222047244094
20
0.6558661417322834
11
1.7214960629921259
21
0.6566535433070866
0
LINE
8
BLACK
6
CONTINUOUS
10
1.7214960629921259
20
0.6566535433070866
11
1.7218222047244094
21
0.6574409448818898
0
LINE
8
BLACK
6
CONTINUOUS
10
1.7218222047244094
20
0.6574409448818898
11
1.7214960629921259
21
0.6582283464566929
0
LINE
8
BLACK
6
CONTINUOUS
10
1.7214960629921259
20
0.6582283464566929
11
1.7218222047244094
21
0.6590157480314961
0
LINE
8
BLACK
6
CONTINUOUS
10
1.7218222047244094
20
0.6590157480314961
11
1.7214960629921259
21
0.6598031496062992
0
LINE
8
BLACK
6
CONTINUOUS
10
1.7214960629921259
20
0.6598031496062992
11
1.7218222047244094
21
0.6605905511811023
0
LINE
8
BLACK
6
CONTINUOUS
10
1.7218222047244094
20
0.6605905511811023
11
1.7214960629921259
21
0.6613779527559055
0
LINE
8
BLACK
6
CONTINUOUS
10
1.7214960629921259
20
0.6613779527559055
11
1.7218222047244094
21
0.6621653543307087
0
LINE
8
BLACK
6
CONTINUOUS
10
1.7218222047244094
20
0.6621653543307087
11
1.7214960629921259
21
0.6629527559055118
0
LINE
8
BLACK
6
CONTINUOUS
10
1.7214960629921259
20
0.6629527559055118
11
1.7218222047244094
21
0.6637401574803149
0
LINE
8
BLACK
6
CONTINUOUS
10
1.7218222047244094
20
0.6637401574803149
11
1.7214960629921259
21
0.6645275590551181
0
LINE
8
BLACK
6
CONTINUOUS
10
1.7214960629921259
20
0.6645275590551181
11
1.7218222047244094
21
0.6653149606299212
0
LINE
8
BLACK
6
CONTINUOUS
10
1.7218222047244094
20
0.6653149606299212
11
1.7214960629921259
21
0.6661023622047244
0
LINE
8
BLACK
6
CONTINUOUS
10
1.7214960629921259
20
0.6661023622047244
11
1.7218222047244094
21
0.6668897637795276
0
LINE
8
BLACK
6
CONTINUOUS
10
1.7218222047244094
20
0.6668897637795276
11
1.7214960629921259
21
0.6676771653543307
0
LINE
8
BLACK
6
CONTINUOUS
10
1.7214960629921259
20
0.6676771653543307
11
1.7218222047244094
21
0.6684645669291338
0
LINE
8
BLACK
6
CONTINUOUS
10
1.7218222047244094
20
0.6684645669291338
11
1.7214960629921259
21
0.669251968503937
0
LINE
8
BLACK
6
CONTINUOUS
10
1.7214960629921259
20
0.669251968503937
11
1.7218222047244094
21
0.6700393700787401
0
LINE
8
BLACK
6
CONTINUOUS
10
1.7218222047244094
20
0.6700393700787401
11
1.7214960629921259
21
0.6708267716535433
0
LINE
8
BLACK
6
CONTINUOUS
10
1.7214960629921259
20
0.6708267716535433
11
1.7218222047244094
21
0.6716141732283465
0
LINE
8
BLACK
6
CONTINUOUS
10
1.7218222047244094
20
0.6716141732283465
11
1.7214960629921259
21
0.6724015748031495
0
LINE
8
BLACK
6
CONTINUOUS
10
1.7214960629921259
20
0.6724015748031495
11
1.7218222047244094
21
0.6731889763779527
0
LINE
8
BLACK
6
CONTINUOUS
10
1.7218222047244094
20
0.6731889763779527
11
1.7214960629921259
21
0.6739763779527559
0
LINE
8
BLACK
6
CONTINUOUS
10
1.7214960629921259
20
0.6739763779527559
11
1.7218222047244094
21
0.6747637795275591
0
LINE
8
BLACK
6
CONTINUOUS
10
1.7218222047244094
20
0.6747637795275591
11
1.7214960629921259
21
0.6755511811023622
0
LINE
8
BLACK
6
CONTINUOUS
10
1.7214960629921259
20
0.6755511811023622
11
1.7218222047244094
21
0.6763385826771653
0
LINE
8
BLACK
6
CONTINUOUS
10
1.7218222047244094
20
0.6763385826771653
11
1.7214960629921259
21
0.6771259842519685
0
LINE
8
BLACK
6
CONTINUOUS
10
1.7214960629921259
20
0.6771259842519685
11
1.7218222047244094
21
0.6779133858267716
0
LINE
8
BLACK
6
CONTINUOUS
10
1.7218222047244094
20
0.6779133858267716
11
1.7214960629921259
21
0.6787007874015748
0
LINE
8
BLACK
6
CONTINUOUS
10
1.7214960629921259
20
0.6787007874015748
11
1.7218222047244094
21
0.679488188976378
0
LINE
8
BLACK
6
CONTINUOUS
10
1.7218222047244094
20
0.679488188976378
11
1.7214960629921259
21
0.6802755905511811
0
LINE
8
BLACK
6
CONTINUOUS
10
1.7214960629921259
20
0.6802755905511811
11
1.7218222047244094
21
0.6810629921259842
0
LINE
8
BLACK
6
CONTINUOUS
10
1.7218222047244094
20
0.6810629921259842
11
1.7214960629921259
21
0.6818503937007874
0
LINE
8
BLACK
6
CONTINUOUS
10
1.7214960629921259
20
0.6818503937007874
11
1.7218222047244094
21
0.6826377952755905
0
LINE
8
BLACK
6
CONTINUOUS
10
1.7218222047244094
20
0.6826377952755905
11
1.7214960629921259
21
0.6834251968503937
0
LINE
8
BLACK
6
CONTINUOUS
10
1.7214960629921259
20
0.6834251968503937
11
1.7218222047244094
21
0.6842125984251969
0
LINE
8
BLACK
6
CONTINUOUS
10
1.7218222047244094
20
0.6842125984251969
11
1.7214960629921259
21
0.6849999999999999
0
LINE
8
BLACK
6
CONTINUOUS
10
1.7214960629921259
20
0.6849999999999999
11
1.7218222047244094
21
0.6857874015748031
0
LINE
8
BLACK
6
CONTINUOUS
10
1.7218222047244094
20
0.6857874015748031
11
1.7214960629921259
21
0.6865748031496063
0
LINE
8
BLACK
6
CONTINUOUS
10
1.7214960629921259
20
0.6865748031496063
11
1.7218222047244094
21
0.6873622047244095
0
LINE
8
BLACK
6
CONTINUOUS
10
1.7218222047244094
20
0.6873622047244095
11
1.7214960629921259
21
0.6881496062992126
0
LINE
8
BLACK
6
CONTINUOUS
10
1.7214960629921259
20
0.6881496062992126
11
1.7218222047244094
21
0.6889370078740157
0
LINE
8
BLACK
6
CONTINUOUS
10
1.7218222047244094
20
0.6889370078740157
11
1.7214960629921259
21
0.6897244094488189
0
LINE
8
BLACK
6
CONTINUOUS
10
1.7214960629921259
20
0.6897244094488189
11
1.7218222047244094
21
0.690511811023622
0
LINE
8
BLACK
6
CONTINUOUS
10
1.7218222047244094
20
0.690511811023622
11
1.7214960629921259
21
0.6912992125984252
0
LINE
8
BLACK
6
CONTINUOUS
10
1.7214960629921259
20
0.6912992125984252
11
1.7218222047244094
21
0.6920866141732284
0
LINE
8
BLACK
6
CONTINUOUS
10
1.7218222047244094
20
0.6920866141732284
11
1.7214960629921259
21
0.6928740157480315
0
LINE
8
BLACK
6
CONTINUOUS
10
1.7214960629921259
20
0.6928740157480315
11
1.7218222047244094
21
0.6936614173228346
0
LINE
8
BLACK
6
CONTINUOUS
10
1.7218222047244094
20
0.6936614173228346
11
1.7214960629921259
21
0.6944488188976378
0
LINE
8
BLACK
6
CONTINUOUS
10
1.7214960629921259
20
0.6944488188976378
11
1.7218222047244094
21
0.6952362204724409
0
LINE
8
BLACK
6
CONTINUOUS
10
1.7218222047244094
20
0.6952362204724409
11
1.7214960629921259
21
0.6960236220472441
0
LINE
8
BLACK
6
CONTINUOUS
10
1.7214960629921259
20
0.6960236220472441
11
1.7218222047244094
21
0.6968110236220473
0
LINE
8
BLACK
6
CONTINUOUS
10
1.7218222047244094
20
0.6968110236220473
11
1.7214960629921259
21
0.6975984251968503
0
LINE
8
BLACK
6
CONTINUOUS
10
1.7214960629921259
20
0.6975984251968503
11
1.7218222047244094
21
0.6983858267716535
0
LINE
8
BLACK
6
CONTINUOUS
10
1.7218222047244094
20
0.6983858267716535
11
1.7214960629921259
21
0.6991732283464567
0
LINE
8
BLACK
6
CONTINUOUS
10
1.7214960629921259
20
0.6991732283464567
11
1.7218222047244094
21
0.6999606299212598
0
LINE
8
BLACK
6
CONTINUOUS
10
1.7218222047244094
20
0.6999606299212598
11
1.7214960629921259
21
0.700748031496063
0
LINE
8
BLACK
6
CONTINUOUS
10
1.7214960629921259
20
0.700748031496063
11
1.7218222047244094
21
0.7015354330708661
0
LINE
8
BLACK
6
CONTINUOUS
10
1.7218222047244094
20
0.7015354330708661
11
1.7214960629921259
21
0.7023228346456692
0
LINE
8
BLACK
6
CONTINUOUS
10
1.7214960629921259
20
0.7023228346456692
11
1.7218222047244094
21
0.7031102362204724
0
LINE
8
BLACK
6
CONTINUOUS
10
1.7218222047244094
20
0.7031102362204724
11
1.7214960629921259
21
0.7038976377952756
0
LINE
8
BLACK
6
CONTINUOUS
10
1.7214960629921259
20
0.7038976377952756
11
1.7218222047244094
21
0.7046850393700788
0
LINE
8
BLACK
6
CONTINUOUS
10
1.7218222047244094
20
0.7046850393700788
11
1.7214960629921259
21
0.7054724409448819
0
LINE
8
BLACK
6
CONTINUOUS
10
1.7214960629921259
20
0.7054724409448819
11
1.7218222047244094
21
0.706259842519685
0
LINE
8
BLACK
6
CONTINUOUS
10
1.7218222047244094
20
0.706259842519685
11
1.7214960629921259
21
0.7070472440944882
0
LINE
8
BLACK
6
CONTINUOUS
10
1.7214960629921259
20
0.7070472440944882
11
1.7218222047244094
21
0.7078346456692913
0
LINE
8
BLACK
6
CONTINUOUS
10
1.7218222047244094
20
0.7078346456692913
11
1.7214960629921259
21
0.7086220472440945
0
LINE
8
BLACK
6
CONTINUOUS
10
1.7214960629921259
20
0.7086220472440945
11
1.7218222047244094
21
0.7094094488188977
0
LINE
8
BLACK
6
CONTINUOUS
10
1.7218222047244094
20
0.7094094488188977
11
1.7214960629921259
21
0.7101968503937007
0
LINE
8
BLACK
6
CONTINUOUS
10
1.7214960629921259
20
0.7101968503937007
11
1.7218222047244094
21
0.7109842519685039
0
LINE
8
BLACK
6
CONTINUOUS
10
1.7218222047244094
20
0.7109842519685039
11
1.7214960629921259
21
0.7117716535433071
0
LINE
8
BLACK
6
CONTINUOUS
10
1.7214960629921259
20
0.7117716535433071
11
1.7218222047244094
21
0.7125590551181102
0
LINE
8
BLACK
6
CONTINUOUS
10
1.7218222047244094
20
0.7125590551181102
11
1.7214960629921259
21
0.7133464566929134
0
LINE
8
BLACK
6
CONTINUOUS
10
1.7214960629921259
20
0.7133464566929134
11
1.7218222047244094
21
0.7141338582677165
0
LINE
8
BLACK
6
CONTINUOUS
10
1.7218222047244094
20
0.7141338582677165
11
1.7214960629921259
21
0.7149212598425196
0
LINE
8
BLACK
6
CONTINUOUS
10
1.7214960629921259
20
0.7149212598425196
11
1.7218222047244094
21
0.7157086614173228
0
LINE
8
BLACK
6
CONTINUOUS
10
1.7218222047244094
20
0.7157086614173228
11
1.7214960629921259
21
0.716496062992126
0
LINE
8
BLACK
6
CONTINUOUS
10
1.7214960629921259
20
0.716496062992126
11
1.7218222047244094
21
0.7172834645669292
0
LINE
8
BLACK
6
CONTINUOUS
10
1.7218222047244094
20
0.7172834645669292
11
1.7214960629921259
21
0.7180708661417323
0
LINE
8
BLACK
6
CONTINUOUS
10
1.7214960629921259
20
0.7180708661417323
11
1.7218222047244094
21
0.7188582677165354
0
LINE
8
BLACK
6
CONTINUOUS
10
1.7218222047244094
20
0.7188582677165354
11
1.7214960629921259
21
0.7196456692913386
0
LINE
8
BLACK
6
CONTINUOUS
10
1.7214960629921259
20
0.7196456692913386
11
1.7218222047244094
21
0.7204330708661417
0
LINE
8
BLACK
6
CONTINUOUS
10
1.7218222047244094
20
0.7204330708661417
11
1.7214960629921259
21
0.7212204724409449
0
LINE
8
BLACK
6
CONTINUOUS
10
1.7214960629921259
20
0.7212204724409449
11
1.7218222047244094
21
0.7220078740157481
0
LINE
8
BLACK
6
CONTINUOUS
10
1.7218222047244094
20
0.7220078740157481
11
1.7214960629921259
21
0.7227952755905511
0
LINE
8
BLACK
6
CONTINUOUS
10
1.7214960629921259
20
0.7227952755905511
11
1.7218222047244094
21
0.7235826771653543
0
LINE
8
BLACK
6
CONTINUOUS
10
1.7218222047244094
20
0.7235826771653543
11
1.7214960629921259
21
0.7243700787401575
0
LINE
8
BLACK
6
CONTINUOUS
10
1.7214960629921259
20
0.7243700787401575
11
1.7218222047244094
21
0.7251574803149606
0
LINE
8
BLACK
6
CONTINUOUS
10
1.7218222047244094
20
0.7251574803149606
11
1.7214960629921259
21
0.7259448818897638
0
LINE
8
BLACK
6
CONTINUOUS
10
1.7214960629921259
20
0.7259448818897638
11
1.7218222047244094
21
0.7267322834645669
0
LINE
8
BLACK
6
CONTINUOUS
10
1.7218222047244094
20
0.7267322834645669
11
1.7214960629921259
21
0.72751968503937
0
LINE
8
BLACK
6
CONTINUOUS
10
1.7214960629921259
20
0.72751968503937
11
1.7218222047244094
21
0.7283070866141732
0
LINE
8
BLACK
6
CONTINUOUS
10
1.7218222047244094
20
0.7283070866141732
11
1.7214960629921259
21
0.7290944881889764
0
LINE
8
BLACK
6
CONTINUOUS
10
1.7214960629921259
20
0.7290944881889764
11
1.7218222047244094
21
0.7298818897637795
0
LINE
8
BLACK
6
CONTINUOUS
10
1.7218222047244094
20
0.7298818897637795
11
1.7214960629921259
21
0.7306692913385827
0
LINE
8
BLACK
6
CONTINUOUS
10
1.7214960629921259
20
0.7306692913385827
11
1.7218222047244094
21
0.7314566929133858
0
LINE
8
BLACK
6
CONTINUOUS
10
1.7218222047244094
20
0.7314566929133858
11
1.7214960629921259
21
0.7322440944881889
0
LINE
8
BLACK
6
CONTINUOUS
10
1.7214960629921259
20
0.7322440944881889
11
1.7218222047244094
21
0.7330314960629921
0
LINE
8
BLACK
6
CONTINUOUS
10
1.7218222047244094
20
0.7330314960629921
11
1.7214960629921259
21
0.7338188976377953
0
LINE
8
BLACK
6
CONTINUOUS
10
1.7214960629921259
20
0.7338188976377953
11
1.7218222047244094
21
0.7346062992125985
0
LINE
8
BLACK
6
CONTINUOUS
10
1.7218222047244094
20
0.7346062992125985
11
1.7214960629921259
21
0.7353937007874015
0
LINE
8
BLACK
6
CONTINUOUS
10
1.7214960629921259
20
0.7353937007874015
11
1.7218222047244094
21
0.7361811023622047
0
LINE
8
BLACK
6
CONTINUOUS
10
1.7218222047244094
20
0.7361811023622047
11
1.7214960629921259
21
0.7369685039370079
0
LINE
8
BLACK
6
CONTINUOUS
10
1.7214960629921259
20
0.7369685039370079
11
1.7218222047244094
21
0.737755905511811
0
LINE
8
BLACK
6
CONTINUOUS
10
1.7218222047244094
20
0.737755905511811
11
1.7214960629921259
21
0.7385433070866142
0
LINE
8
BLACK
6
CONTINUOUS
10
1.7214960629921259
20
0.7385433070866142
11
1.7218222047244094
21
0.7393307086614173
0
LINE
8
BLACK
6
CONTINUOUS
10
1.7218222047244094
20
0.7393307086614173
11
1.7214960629921259
21
0.7401181102362204
0
LINE
8
BLACK
6
CONTINUOUS
10
1.7214960629921259
20
0.7401181102362204
11
1.7218222047244094
21
0.7409055118110236
0
LINE
8
BLACK
6
CONTINUOUS
10
1.7218222047244094
20
0.7409055118110236
11
1.7214960629921259
21
0.7416929133858268
0
LINE
8
BLACK
6
CONTINUOUS
10
1.7214960629921259
20
0.7416929133858268
11
1.7218222047244094
21
0.7424803149606299
0
LINE
8
BLACK
6
CONTINUOUS
10
1.7218222047244094
20
0.7424803149606299
11
1.7214960629921259
21
0.743267716535433
0
LINE
8
BLACK
6
CONTINUOUS
10
1.7214960629921259
20
0.743267716535433
11
1.7218222047244094
21
0.7440551181102362
0
LINE
8
BLACK
6
CONTINUOUS
10
1.7218222047244094
20
0.7440551181102362
11
1.7214960629921259
21
0.7448425196850393
0
LINE
8
BLACK
6
CONTINUOUS
10
1.7214960629921259
20
0.7448425196850393
11
1.7218222047244094
21
0.7456299212598425
0
LINE
8
BLACK
6
CONTINUOUS
10
1.7218222047244094
20
0.7456299212598425
11
1.7214960629921259
21
0.7464173228346457
0
LINE
8
BLACK
6
CONTINUOUS
10
1.7214960629921259
20
0.7464173228346457
11
1.7218222047244094
21
0.7472047244094489
0
LINE
8
BLACK
6
CONTINUOUS
10
1.7218222047244094
20
0.7472047244094489
11
1.7214960629921259
21
0.7479921259842519
0
LINE
8
BLACK
6
CONTINUOUS
10
1.7214960629921259
20
0.7479921259842519
11
1.7218222047244094
21
0.7487795275590551
0
LINE
8
BLACK
6
CONTINUOUS
10
1.7218222047244094
20
0.7487795275590551
11
1.7214960629921259
21
0.7495669291338583
0
LINE
8
BLACK
6
CONTINUOUS
10
1.7214960629921259
20
0.7495669291338583
11
1.7218222440944881
21
0.7503543307086614
0
LINE
8
BLACK
6
CONTINUOUS
10
1.7218222440944881
20
0.7503543307086614
11
1.6281777559055117
21
0.7503543307086614
0
LINE
8
BLACK
6
CONTINUOUS
10
1.6576209448818897
20
1.0002184251968504
11
1.6403741338582676
21
0.9979478346456693
0
LINE
8
BLACK
6
CONTINUOUS
10
1.6403741338582676
20
0.9979478346456693
11
1.6233908661417322
21
0.994182716535433
0
LINE
8
BLACK
6
CONTINUOUS
10
1.6233908661417322
20
0.994182716535433
11
1.6068003543307086
21
0.9889517716535433
0
LINE
8
BLACK
6
CONTINUOUS
10
1.6068003543307086
20
0.9889517716535433
11
1.5907288976377953
21
0.9822947637795275
0
LINE
8
BLACK
6
CONTINUOUS
10
1.5907288976377953
20
0.9822947637795275
11
1.5752988188976378
21
0.9742623622047244
0
LINE
8
BLACK
6
CONTINUOUS
10
1.5752988188976378
20
0.9742623622047244
11
1.5606274803149607
21
0.9649156692913385
0
LINE
8
BLACK
6
CONTINUOUS
10
1.5606274803149607
20
0.9649156692913385
11
1.5468266141732283
21
0.954325905511811
0
LINE
8
BLACK
6
CONTINUOUS
10
1.5468266141732283
20
0.954325905511811
11
1.5340012204724409
21
0.9425735826771653
0
LINE
8
BLACK
6
CONTINUOUS
10
1.5340012204724409
20
0.9425735826771653
11
1.5222488976377953
21
0.9297481889763779
0
LINE
8
BLACK
6
CONTINUOUS
10
1.5222488976377953
20
0.9297481889763779
11
1.5116591338582677
21
0.9159473228346456
0
LINE
8
BLACK
6
CONTINUOUS
10
1.5116591338582677
20
0.9159473228346456
11
1.5023124409448818
21
0.9012759842519685
0
LINE
8
BLACK
6
CONTINUOUS
10
1.5023124409448818
20
0.9012759842519685
11
1.4942800393700788
21
0.885845905511811
0
LINE
8
BLACK
6
CONTINUOUS
10
1.4942800393700788
20
0.885845905511811
11
1.487623031496063
21
0.8697744488188976
0
LINE
8
BLACK
6
CONTINUOUS
10
1.487623031496063
20
0.8697744488188976
11
1.4823920866141731
21
0.853183937007874
0
LINE
8
BLACK
6
CONTINUOUS
10
1.4823920866141731
20
0.853183937007874
11
1.478626968503937
21
0.8362006692913385
0
LINE
8
BLACK
6
CONTINUOUS
10
1.478626968503937
20
0.8362006692913385
11
1.476356377952756
21
0.8189538582677165
0
LINE
8
BLACK
6
CONTINUOUS
10
1.476356377952756
20
0.8189538582677165
11
1.4757007480314961
21
0.8039370078740157
0
LINE
8
BLACK
6
CONTINUOUS
10
1.4757007480314961
20
0.8039370078740157
11
1.874299251968504
21
0.8039370078740157
0
LINE
8
BLACK
6
CONTINUOUS
10
1.874299251968504
20
0.8039370078740157
11
1.8736436220472441
21
0.8189538582677165
0
LINE
8
BLACK
6
CONTINUOUS
10
1.8736436220472441
20
0.8189538582677165
11
1.871373031496063
21
0.8362006692913385
0
LINE
8
BLACK
6
CONTINUOUS
10
1.871373031496063
20
0.8362006692913385
11
1.8676079133858268
21
0.853183937007874
0
LINE
8
BLACK
6
CONTINUOUS
10
1.8676079133858268
20
0.853183937007874
11
1.8623769685039369
21
0.8697744488188976
0
LINE
8
BLACK
6
CONTINUOUS
10
1.8623769685039369
20
0.8697744488188976
11
1.8557199606299213
21
0.885845905511811
0
LINE
8
BLACK
6
CONTINUOUS
10
1.8557199606299213
20
0.885845905511811
11
1.8476875590551181
21
0.9012759842519685
0
LINE
8
BLACK
6
CONTINUOUS
10
1.8476875590551181
20
0.9012759842519685
11
1.8383408661417322
21
0.9159473228346456
0
LINE
8
BLACK
6
CONTINUOUS
10
1.8383408661417322
20
0.9159473228346456
11
1.8277511023622046
21
0.9297481889763779
0
LINE
8
BLACK
6
CONTINUOUS
10
1.8277511023622046
20
0.9297481889763779
11
1.8159987795275589
21
0.9425735826771653
0
LINE
8
BLACK
6
CONTINUOUS
10
1.8159987795275589
20
0.9425735826771653
11
1.8031733858267716
21
0.954325905511811
0
LINE
8
BLACK
6
CONTINUOUS
10
1.8031733858267716
20
0.954325905511811
11
1.7893725196850394
21
0.9649156692913385
0
LINE
8
BLACK
6
CONTINUOUS
10
1.7893725196850394
20
0.9649156692913385
11
1.7747012204724408
21
0.9742623622047244
0
LINE
8
BLACK
6
CONTINUOUS
10
1.7747012204724408
20
0.9742623622047244
11
1.7592711023622047
21
0.9822947637795275
0
LINE
8
BLACK
6
CONTINUOUS
10
1.7592711023622047
20
0.9822947637795275
11
1.7431996456692913
21
0.9889517716535433
0
LINE
8
BLACK
6
CONTINUOUS
10
1.7431996456692913
20
0.9889517716535433
11
1.7266091338582676
21
0.994182716535433
0
LINE
8
BLACK
6
CONTINUOUS
10
1.7266091338582676
20
0.994182716535433
11
1.7096258661417323
21
0.9979478346456693
0
LINE
8
BLACK
6
CONTINUOUS
10
1.7096258661417323
20
0.9979478346456693
11
1.6923790551181102
21
1.0002184251968504
0
LINE
8
BLACK
6
CONTINUOUS
10
1.6923790551181102
20
1.0002184251968504
11
1.675
21
1.0009772047244094
0
LINE
8
BLACK
6
CONTINUOUS
10
1.675
20
1.0009772047244094
11
1.6576209448818897
21
1.0002184251968504
0
LINE
8
BLACK
6
CONTINUOUS
10
1.9417683858267716
20
0.686131062992126
11
1.9430982677165354
21
0.685858937007874
0
LINE
8
BLACK
6
CONTINUOUS
10
1.9430982677165354
20
0.685858937007874
11
1.948722559055118
21
0.6830468110236221
0
LINE
8
BLACK
6
CONTINUOUS
10
1.948722559055118
20
0.6830468110236221
11
1.9494339370078739
21
0.6824159448818897
0
LINE
8
BLACK
6
CONTINUOUS
10
1.9494339370078739
20
0.6824159448818897
11
1.9502573622047243
21
0.6819405905511811
0
LINE
8
BLACK
6
CONTINUOUS
10
1.9502573622047243
20
0.6819405905511811
11
1.9530695275590551
21
0.6791284251968503
0
LINE
8
BLACK
6
CONTINUOUS
10
1.9530695275590551
20
0.6791284251968503
11
1.9535448818897638
21
0.6783049999999999
0
LINE
8
BLACK
6
CONTINUOUS
10
1.9535448818897638
20
0.6783049999999999
11
1.9541757480314961
21
0.677593622047244
0
LINE
8
BLACK
6
CONTINUOUS
10
1.9541757480314961
20
0.677593622047244
11
1.956987874015748
21
0.6719692913385826
0
LINE
8
BLACK
6
CONTINUOUS
10
1.956987874015748
20
0.6719692913385826
11
1.9572599606299212
21
0.6706395275590551
0
LINE
8
BLACK
6
CONTINUOUS
10
1.9572599606299212
20
0.6706395275590551
11
1.9576113385826772
21
0.6693283070866142
0
LINE
8
BLACK
6
CONTINUOUS
10
1.9576113385826772
20
0.6693283070866142
11
1.9576113385826772
21
0.6580797244094488
0
LINE
8
BLACK
6
CONTINUOUS
10
1.9576113385826772
20
0.6580797244094488
11
1.9572599606299212
21
0.6567684645669292
0
LINE
8
BLACK
6
CONTINUOUS
10
1.9572599606299212
20
0.6567684645669292
11
1.956987874015748
21
0.6554387401574803
0
LINE
8
BLACK
6
CONTINUOUS
10
1.956987874015748
20
0.6554387401574803
11
1.9541757480314961
21
0.6498144094488189
0
LINE
8
BLACK
6
CONTINUOUS
10
1.9541757480314961
20
0.6498144094488189
11
1.9535448818897638
21
0.6491029921259842
0
LINE
8
BLACK
6
CONTINUOUS
10
1.9535448818897638
20
0.6491029921259842
11
1.9530695275590551
21
0.6482796062992126
0
LINE
8
BLACK
6
CONTINUOUS
10
1.9530695275590551
20
0.6482796062992126
11
1.9502573622047243
21
0.6454674409448818
0
LINE
8
BLACK
6
CONTINUOUS
10
1.9502573622047243
20
0.6454674409448818
11
1.9494338976377952
21
0.6449920078740158
0
LINE
8
BLACK
6
CONTINUOUS
10
1.9494338976377952
20
0.6449920078740158
11
1.948722559055118
21
0.6443612204724409
0
LINE
8
BLACK
6
CONTINUOUS
10
1.948722559055118
20
0.6443612204724409
11
1.9430982677165354
21
0.6415490551181102
0
LINE
8
BLACK
6
CONTINUOUS
10
1.9430982677165354
20
0.6415490551181102
11
1.9417683070866141
21
0.6412768897637795
0
LINE
8
BLACK
6
CONTINUOUS
10
1.9417683070866141
20
0.6412768897637795
11
1.9404572440944881
21
0.640925590551181
0
LINE
8
BLACK
6
CONTINUOUS
10
1.9404572440944881
20
0.640925590551181
11
1.8926507086614173
21
0.640925590551181
0
LINE
8
BLACK
6
CONTINUOUS
10
1.8926507086614173
20
0.640925590551181
11
1.8896979527559055
21
0.6417167716535432
0
LINE
8
BLACK
6
CONTINUOUS
10
1.8896979527559055
20
0.6417167716535432
11
1.8875363779527559
21
0.643878346456693
0
LINE
8
BLACK
6
CONTINUOUS
10
1.8875363779527559
20
0.643878346456693
11
1.8867451968503937
21
0.6468311023622048
0
LINE
8
BLACK
6
CONTINUOUS
10
1.8867451968503937
20
0.6468311023622048
11
1.8875363779527559
21
0.6497838582677166
0
LINE
8
BLACK
6
CONTINUOUS
10
1.8875363779527559
20
0.6497838582677166
11
1.8896979527559055
21
0.6519454330708662
0
LINE
8
BLACK
6
CONTINUOUS
10
1.8896979527559055
20
0.6519454330708662
11
1.8926507086614173
21
0.6527366141732284
0
LINE
8
BLACK
6
CONTINUOUS
10
1.8926507086614173
20
0.6527366141732284
11
1.9390631496062991
21
0.6527366141732284
0
LINE
8
BLACK
6
CONTINUOUS
10
1.9390631496062991
20
0.6527366141732284
11
1.9425833464566928
21
0.6544967322834645
0
LINE
8
BLACK
6
CONTINUOUS
10
1.9425833464566928
20
0.6544967322834645
11
1.9440401968503938
21
0.6559535826771653
0
LINE
8
BLACK
6
CONTINUOUS
10
1.9440401968503938
20
0.6559535826771653
11
1.9458003149606298
21
0.659473779527559
0
LINE
8
BLACK
6
CONTINUOUS
10
1.9458003149606298
20
0.659473779527559
11
1.9458003149606298
21
0.6679342125984252
0
LINE
8
BLACK
6
CONTINUOUS
10
1.9458003149606298
20
0.6679342125984252
11
1.9440401968503938
21
0.6714544094488188
0
LINE
8
BLACK
6
CONTINUOUS
10
1.9440401968503938
20
0.6714544094488188
11
1.9425833070866141
21
0.6729112992125984
0
LINE
8
BLACK
6
CONTINUOUS
10
1.9425833070866141
20
0.6729112992125984
11
1.9390631496062991
21
0.6746713779527559
0
LINE
8
BLACK
6
CONTINUOUS
10
1.9390631496062991
20
0.6746713779527559
11
1.8926507086614173
21
0.6746713779527559
0
LINE
8
BLACK
6
CONTINUOUS
10
1.8926507086614173
20
0.6746713779527559
11
1.8896979527559055
21
0.6754625590551181
0
LINE
8
BLACK
6
CONTINUOUS
10
1.8896979527559055
20
0.6754625590551181
11
1.8875363779527559
21
0.6776241338582677
0
LINE
8
BLACK
6
CONTINUOUS
10
1.8875363779527559
20
0.6776241338582677
11
1.8867451968503937
21
0.6805768897637795
0
LINE
8
BLACK
6
CONTINUOUS
10
1.8867451968503937
20
0.6805768897637795
11
1.8875363779527559
21
0.6835296456692913
0
LINE
8
BLACK
6
CONTINUOUS
10
1.8875363779527559
20
0.6835296456692913
11
1.8896979527559055
21
0.6856912204724409
0
LINE
8
BLACK
6
CONTINUOUS
10
1.8896979527559055
20
0.6856912204724409
11
1.8926507086614173
21
0.6864824015748031
0
LINE
8
BLACK
6
CONTINUOUS
10
1.8926507086614173
20
0.6864824015748031
11
1.9404572440944881
21
0.6864824015748031
0
LINE
8
BLACK
6
CONTINUOUS
10
1.9404572440944881
20
0.6864824015748031
11
1.9417683858267716
21
0.686131062992126
0
LINE
8
BLACK
6
CONTINUOUS
10
1.9417683070866141
20
0.7451862204724409
11
1.9430982677165354
21
0.7449140944881889
0
LINE
8
BLACK
6
CONTINUOUS
10
1.9430982677165354
20
0.7449140944881889
11
1.948722559055118
21
0.7421019291338582
0
LINE
8
BLACK
6
CONTINUOUS
10
1.948722559055118
20
0.7421019291338582
11
1.9494338976377952
21
0.7414711023622047
0
LINE
8
BLACK
6
CONTINUOUS
10
1.9494338976377952
20
0.7414711023622047
11
1.9502573228346456
21
0.740995748031496
0
LINE
8
BLACK
6
CONTINUOUS
10
1.9502573228346456
20
0.740995748031496
11
1.9530694881889763
21
0.7381836220472441
0
LINE
8
BLACK
6
CONTINUOUS
10
1.9530694881889763
20
0.7381836220472441
11
1.9535449606299211
21
0.7373600787401574
0
LINE
8
BLACK
6
CONTINUOUS
10
1.9535449606299211
20
0.7373600787401574
11
1.9541757480314961
21
0.7366487401574803
0
LINE
8
BLACK
6
CONTINUOUS
10
1.9541757480314961
20
0.7366487401574803
11
1.9569879133858268
21
0.7310244094488189
0
LINE
8
BLACK
6
CONTINUOUS
10
1.9569879133858268
20
0.7310244094488189
11
1.9572600787401575
21
0.7296942913385827
0
LINE
8
BLACK
6
CONTINUOUS
10
1.9572600787401575
20
0.7296942913385827
11
1.9576113385826772
21
0.7283834251968504
0
LINE
8
BLACK
6
CONTINUOUS
10
1.9576113385826772
20
0.7283834251968504
11
1.9576113385826772
21
0.7115105511811023
0
LINE
8
BLACK
6
CONTINUOUS
10
1.9576113385826772
20
0.7115105511811023
11
1.9572599606299212
21
0.7101992913385826
0
LINE
8
BLACK
6
CONTINUOUS
10
1.9572599606299212
20
0.7101992913385826
11
1.956987874015748
21
0.7088695669291338
0
LINE
8
BLACK
6
CONTINUOUS
10
1.956987874015748
20
0.7088695669291338
11
1.9541757480314961
21
0.7032452362204724
0
LINE
8
BLACK
6
CONTINUOUS
10
1.9541757480314961
20
0.7032452362204724
11
1.9535448818897638
21
0.7025338188976378
0
LINE
8
BLACK
6
CONTINUOUS
10
1.9535448818897638
20
0.7025338188976378
11
1.9530695275590551
21
0.7017104330708661
0
LINE
8
BLACK
6
CONTINUOUS
10
1.9530695275590551
20
0.7017104330708661
11
1.9502573622047243
21
0.6988982677165354
0
LINE
8
BLACK
6
CONTINUOUS
10
1.9502573622047243
20
0.6988982677165354
11
1.9476100000000001
21
0.6973698031496063
0
LINE
8
BLACK
6
CONTINUOUS
10
1.9476100000000001
20
0.6973698031496063
11
1.9445530708661416
21
0.6973698031496063
0
LINE
8
BLACK
6
CONTINUOUS
10
1.9445530708661416
20
0.6973698031496063
11
1.9419057086614173
21
0.6988982677165354
0
LINE
8
BLACK
6
CONTINUOUS
10
1.9419057086614173
20
0.6988982677165354
11
1.9403772440944882
21
0.7015456299212598
0
LINE
8
BLACK
6
CONTINUOUS
10
1.9403772440944882
20
0.7015456299212598
11
1.9403772440944882
21
0.7046025590551181
0
LINE
8
BLACK
6
CONTINUOUS
10
1.9403772440944882
20
0.7046025590551181
11
1.9419057086614173
21
0.7072499212598425
0
LINE
8
BLACK
6
CONTINUOUS
10
1.9419057086614173
20
0.7072499212598425
11
1.9440401968503938
21
0.7093844094488189
0
LINE
8
BLACK
6
CONTINUOUS
10
1.9440401968503938
20
0.7093844094488189
11
1.9458003149606298
21
0.7129046062992126
0
LINE
8
BLACK
6
CONTINUOUS
10
1.9458003149606298
20
0.7129046062992126
11
1.9458003149606298
21
0.7269893307086615
0
LINE
8
BLACK
6
CONTINUOUS
10
1.9458003149606298
20
0.7269893307086615
11
1.9440402362204725
21
0.7305094881889763
0
LINE
8
BLACK
6
CONTINUOUS
10
1.9440402362204725
20
0.7305094881889763
11
1.9425833858267716
21
0.7319663779527559
0
LINE
8
BLACK
6
CONTINUOUS
10
1.9425833858267716
20
0.7319663779527559
11
1.9390631496062991
21
0.7337265354330709
0
LINE
8
BLACK
6
CONTINUOUS
10
1.9390631496062991
20
0.7337265354330709
11
1.927790590551181
21
0.7337265354330709
0
LINE
8
BLACK
6
CONTINUOUS
10
1.927790590551181
20
0.7337265354330709
11
1.9242703543307087
21
0.7319663779527559
0
LINE
8
BLACK
6
CONTINUOUS
10
1.9242703543307087
20
0.7319663779527559
11
1.9228135039370078
21
0.7305095669291338
0
LINE
8
BLACK
6
CONTINUOUS
10
1.9228135039370078
20
0.7305095669291338
11
1.9210534251968503
21
0.7269893700787401
0
LINE
8
BLACK
6
CONTINUOUS
10
1.9210534251968503
20
0.7269893700787401
11
1.9210534251968503
21
0.7199470078740158
0
LINE
8
BLACK
6
CONTINUOUS
10
1.9210534251968503
20
0.7199470078740158
11
1.9209024015748031
21
0.7193834251968504
0
LINE
8
BLACK
6
CONTINUOUS
10
1.9209024015748031
20
0.7193834251968504
11
1.920941220472441
21
0.7188013779527559
0
LINE
8
BLACK
6
CONTINUOUS
10
1.920941220472441
20
0.7188013779527559
11
1.9205132677165353
21
0.7179311811023622
0
LINE
8
BLACK
6
CONTINUOUS
10
1.9205132677165353
20
0.7179311811023622
11
1.9202622440944881
21
0.716994251968504
0
LINE
8
BLACK
6
CONTINUOUS
10
1.9202622440944881
20
0.716994251968504
11
1.9198496062992125
21
0.7165816141732283
0
LINE
8
BLACK
6
CONTINUOUS
10
1.9198496062992125
20
0.7165816141732283
11
1.9195922440944881
21
0.7160582283464567
0
LINE
8
BLACK
6
CONTINUOUS
10
1.9195922440944881
20
0.7160582283464567
11
1.9187865748031496
21
0.7155185826771654
0
LINE
8
BLACK
6
CONTINUOUS
10
1.9187865748031496
20
0.7155185826771654
11
1.9181006692913385
21
0.7148326771653544
0
LINE
8
BLACK
6
CONTINUOUS
10
1.9181006692913385
20
0.7148326771653544
11
1.9175370866141732
21
0.714681653543307
0
LINE
8
BLACK
6
CONTINUOUS
10
1.9175370866141732
20
0.714681653543307
11
1.9170524409448819
21
0.7143570472440944
0
LINE
8
BLACK
6
CONTINUOUS
10
1.9170524409448819
20
0.7143570472440944
11
1.9160848031496063
21
0.7142925196850394
0
LINE
8
BLACK
6
CONTINUOUS
10
1.9160848031496063
20
0.7142925196850394
11
1.9151479133858267
21
0.7140414960629922
0
LINE
8
BLACK
6
CONTINUOUS
10
1.9151479133858267
20
0.7140414960629922
11
1.9145843307086614
21
0.7141924803149606
0
LINE
8
BLACK
6
CONTINUOUS
10
1.9145843307086614
20
0.7141924803149606
11
1.9140022834645669
21
0.7141537007874016
0
LINE
8
BLACK
6
CONTINUOUS
10
1.9140022834645669
20
0.7141537007874016
11
1.9131320472440945
21
0.7145816141732283
0
LINE
8
BLACK
6
CONTINUOUS
10
1.9131320472440945
20
0.7145816141732283
11
1.9121951574803149
21
0.7148326771653544
0
LINE
8
BLACK
6
CONTINUOUS
10
1.9121951574803149
20
0.7148326771653544
11
1.9117825590551181
21
0.7152452362204724
0
LINE
8
BLACK
6
CONTINUOUS
10
1.9117825590551181
20
0.7152452362204724
11
1.9112590944881889
21
0.7155026771653543
0
LINE
8
BLACK
6
CONTINUOUS
10
1.9112590944881889
20
0.7155026771653543
11
1.8985562204724409
21
0.7266176377952756
0
LINE
8
BLACK
6
CONTINUOUS
10
1.8985562204724409
20
0.7266176377952756
11
1.8985562204724409
21
0.7030740944881889
0
LINE
8
BLACK
6
CONTINUOUS
10
1.8985562204724409
20
0.7030740944881889
11
1.8977650393700787
21
0.7001213385826771
0
LINE
8
BLACK
6
CONTINUOUS
10
1.8977650393700787
20
0.7001213385826771
11
1.8956034645669291
21
0.6979597637795275
0
LINE
8
BLACK
6
CONTINUOUS
10
1.8956034645669291
20
0.6979597637795275
11
1.8926507086614173
21
0.6971685826771653
0
LINE
8
BLACK
6
CONTINUOUS
10
1.8926507086614173
20
0.6971685826771653
11
1.8896979527559055
21
0.6979597637795275
0
LINE
8
BLACK
6
CONTINUOUS
10
1.8896979527559055
20
0.6979597637795275
11
1.8875363779527559
21
0.7001213385826771
0
LINE
8
BLACK
6
CONTINUOUS
10
1.8875363779527559
20
0.7001213385826771
11
1.8867451968503937
21
0.7030740944881889
0
LINE
8
BLACK
6
CONTINUOUS
10
1.8867451968503937
20
0.7030740944881889
11
1.8867451968503937
21
0.7396320472440945
0
LINE
8
BLACK
6
CONTINUOUS
10
1.8867451968503937
20
0.7396320472440945
11
1.8868961417322834
21
0.7401954724409449
0
LINE
8
BLACK
6
CONTINUOUS
10
1.8868961417322834
20
0.7401954724409449
11
1.8868573622047244
21
0.7407776771653544
0
LINE
8
BLACK
6
CONTINUOUS
10
1.8868573622047244
20
0.7407776771653544
11
1.8872853543307087
21
0.7416480708661417
0
LINE
8
BLACK
6
CONTINUOUS
10
1.8872853543307087
20
0.7416480708661417
11
1.8875363779527559
21
0.7425848031496063
0
LINE
8
BLACK
6
CONTINUOUS
10
1.8875363779527559
20
0.7425848031496063
11
1.8879488582677164
21
0.7429972834645669
0
LINE
8
BLACK
6
CONTINUOUS
10
1.8879488582677164
20
0.7429972834645669
11
1.8882063385826771
21
0.7435208661417323
0
LINE
8
BLACK
6
CONTINUOUS
10
1.8882063385826771
20
0.7435208661417323
11
1.8890122047244093
21
0.7440606299212599
0
LINE
8
BLACK
6
CONTINUOUS
10
1.8890122047244093
20
0.7440606299212599
11
1.8896979527559055
21
0.7447463779527559
0
LINE
8
BLACK
6
CONTINUOUS
10
1.8896979527559055
20
0.7447463779527559
11
1.8902614173228347
21
0.7448973228346456
0
LINE
8
BLACK
6
CONTINUOUS
10
1.8902614173228347
20
0.7448973228346456
11
1.8907461811023623
21
0.7452220472440945
0
LINE
8
BLACK
6
CONTINUOUS
10
1.8907461811023623
20
0.7452220472440945
11
1.8917139763779527
21
0.7452865354330709
0
LINE
8
BLACK
6
CONTINUOUS
10
1.8917139763779527
20
0.7452865354330709
11
1.8926507086614173
21
0.7455375590551181
0
LINE
8
BLACK
6
CONTINUOUS
10
1.8926507086614173
20
0.7455375590551181
11
1.8932141338582678
21
0.7453865748031496
0
LINE
8
BLACK
6
CONTINUOUS
10
1.8932141338582678
20
0.7453865748031496
11
1.893796338582677
21
0.7454253937007874
0
LINE
8
BLACK
6
CONTINUOUS
10
1.893796338582677
20
0.7454253937007874
11
1.8946667322834645
21
0.7449973622047243
0
LINE
8
BLACK
6
CONTINUOUS
10
1.8946667322834645
20
0.7449973622047243
11
1.8956034645669291
21
0.7447463779527559
0
LINE
8
BLACK
6
CONTINUOUS
10
1.8956034645669291
20
0.7447463779527559
11
1.8960159448818896
21
0.7443338582677165
0
LINE
8
BLACK
6
CONTINUOUS
10
1.8960159448818896
20
0.7443338582677165
11
1.8965395275590551
21
0.7440764173228346
0
LINE
8
BLACK
6
CONTINUOUS
10
1.8965395275590551
20
0.7440764173228346
11
1.9103498031496062
21
0.7319923622047244
0
LINE
8
BLACK
6
CONTINUOUS
10
1.9103498031496062
20
0.7319923622047244
11
1.9126779921259842
21
0.736648779527559
0
LINE
8
BLACK
6
CONTINUOUS
10
1.9126779921259842
20
0.736648779527559
11
1.9133088188976377
21
0.7373601574803149
0
LINE
8
BLACK
6
CONTINUOUS
10
1.9133088188976377
20
0.7373601574803149
11
1.913784251968504
21
0.7381836220472441
0
LINE
8
BLACK
6
CONTINUOUS
10
1.913784251968504
20
0.7381836220472441
11
1.9165964173228347
21
0.740995748031496
0
LINE
8
BLACK
6
CONTINUOUS
10
1.9165964173228347
20
0.740995748031496
11
1.9174198031496064
21
0.7414711023622047
0
LINE
8
BLACK
6
CONTINUOUS
10
1.9174198031496064
20
0.7414711023622047
11
1.9181311811023622
21
0.7421019291338582
0
LINE
8
BLACK
6
CONTINUOUS
10
1.9181311811023622
20
0.7421019291338582
11
1.9237554330708662
21
0.7449140944881889
0
LINE
8
BLACK
6
CONTINUOUS
10
1.9237554330708662
20
0.7449140944881889
11
1.925085433070866
21
0.7451862598425196
0
LINE
8
BLACK
6
CONTINUOUS
10
1.925085433070866
20
0.7451862598425196
11
1.926396496062992
21
0.7455375590551181
0
LINE
8
BLACK
6
CONTINUOUS
10
1.926396496062992
20
0.7455375590551181
11
1.9404572440944881
21
0.7455375590551181
0
LINE
8
BLACK
6
CONTINUOUS
10
1.9404572440944881
20
0.7455375590551181
11
1.9417683070866141
21
0.7451862204724409
0
LINE
8
BLACK
6
CONTINUOUS
10
2.3673228346456692
20
1.0019685039370079
11
2.368993149606299
21
1.0012766141732283
0
LINE
8
BLACK
6
CONTINUOUS
10
2.368993149606299
20
1.0012766141732283
11
2.3696850393700788
21
0.9996062992125984
0
LINE
8
BLACK
6
CONTINUOUS
10
2.3696850393700788
20
0.9996062992125984
11
2.3696850393700788
21
0.7999999999999999
0
LINE
8
BLACK
6
CONTINUOUS
10
2.3696850393700788
20
0.7999999999999999
11
2.368993149606299
21
0.7983296850393701
0
LINE
8
BLACK
6
CONTINUOUS
10
2.368993149606299
20
0.7983296850393701
11
2.3673228346456692
21
0.7976377952755905
0
LINE
8
BLACK
6
CONTINUOUS
10
2.3673228346456692
20
0.7976377952755905
11
1.9826771653543307
21
0.7976377952755905
0
LINE
8
BLACK
6
CONTINUOUS
10
1.9826771653543307
20
0.7976377952755905
11
1.9810068503937008
21
0.7983296850393701
0
LINE
8
BLACK
6
CONTINUOUS
10
1.9810068503937008
20
0.7983296850393701
11
1.9803149606299213
21
0.7999999999999999
0
LINE
8
BLACK
6
CONTINUOUS
10
1.9803149606299213
20
0.7999999999999999
11
1.9803149606299213
21
0.9996062992125984
0
LINE
8
BLACK
6
CONTINUOUS
10
1.9803149606299213
20
0.9996062992125984
11
1.9810068503937008
21
1.0012766141732283
0
LINE
8
BLACK
6
CONTINUOUS
10
1.9810068503937008
20
1.0012766141732283
11
1.9826771653543307
21
1.0019685039370079
0
LINE
8
BLACK
6
CONTINUOUS
10
1.9826771653543307
20
1.0019685039370079
11
2.3673228346456692
21
1.0019685039370079
0
LINE
8
BLACK
6
CONTINUOUS
10
2.0953493700787402
20
0.997244094488189
11
2.0953774803149607
21
0.9972300393700787
0
LINE
8
BLACK
6
CONTINUOUS
10
2.0953774803149607
20
0.9972300393700787
11
2.0960865354330709
21
0.996704094488189
0
LINE
8
BLACK
6
CONTINUOUS
10
2.0960865354330709
20
0.996704094488189
11
2.0961448818897637
21
0.9966769291338582
0
LINE
8
BLACK
6
CONTINUOUS
10
2.0961448818897637
20
0.9966769291338582
11
2.0980196456692912
21
0.9948021653543306
0
LINE
8
BLACK
6
CONTINUOUS
10
2.0980196456692912
20
0.9948021653543306
11
2.0985259055118108
21
0.9940790551181102
0
LINE
8
BLACK
6
CONTINUOUS
10
2.0985259055118108
20
0.9940790551181102
11
2.0985727559055118
21
0.9940347637795275
0
LINE
8
BLACK
6
CONTINUOUS
10
2.0985727559055118
20
0.9940347637795275
11
2.1004475196850394
21
0.9902852362204724
0
LINE
8
BLACK
6
CONTINUOUS
10
2.1004475196850394
20
0.9902852362204724
11
2.1007398818897638
21
0.9893023228346457
0
LINE
8
BLACK
6
CONTINUOUS
10
2.1007398818897638
20
0.9893023228346457
11
2.1006988582677164
21
0.9891305905511811
0
LINE
8
BLACK
6
CONTINUOUS
10
2.1006988582677164
20
0.9891305905511811
11
2.1007592519685039
21
0.9889647244094488
0
LINE
8
BLACK
6
CONTINUOUS
10
2.1007592519685039
20
0.9889647244094488
11
2.1007592519685039
21
0.9852151968503937
0
LINE
8
BLACK
6
CONTINUOUS
10
2.1007592519685039
20
0.9852151968503937
11
2.1006059448818899
21
0.9843457874015747
0
LINE
8
BLACK
6
CONTINUOUS
10
2.1006059448818899
20
0.9843457874015747
11
2.1006077165354329
21
0.9842814173228346
0
LINE
8
BLACK
6
CONTINUOUS
10
2.1006077165354329
20
0.9842814173228346
11
2.0987329527559053
21
0.9786571653543307
0
LINE
8
BLACK
6
CONTINUOUS
10
2.0987329527559053
20
0.9786571653543307
11
2.0982446456692911
21
0.9777553937007873
0
LINE
8
BLACK
6
CONTINUOUS
10
2.0982446456692911
20
0.9777553937007873
11
2.098094251968504
21
0.9776629921259842
0
LINE
8
BLACK
6
CONTINUOUS
10
2.098094251968504
20
0.9776629921259842
11
2.0980196456692912
21
0.9775029921259842
0
LINE
8
BLACK
6
CONTINUOUS
10
2.0980196456692912
20
0.9775029921259842
11
2.0805631496062991
21
0.9600464566929133
0
LINE
8
BLACK
6
CONTINUOUS
10
2.0805631496062991
20
0.9600464566929133
11
2.0978064960629923
21
0.9600464566929133
0
LINE
8
BLACK
6
CONTINUOUS
10
2.0978064960629923
20
0.9600464566929133
11
2.0988164173228347
21
0.9598683858267716
0
LINE
8
BLACK
6
CONTINUOUS
10
2.0988164173228347
20
0.9598683858267716
11
2.1003636614173229
21
0.9585700787401574
0
LINE
8
BLACK
6
CONTINUOUS
10
2.1003636614173229
20
0.9585700787401574
11
2.1007144094488188
21
0.9565809448818897
0
LINE
8
BLACK
6
CONTINUOUS
10
2.1007144094488188
20
0.9565809448818897
11
2.0997044881889764
21
0.9548317716535433
0
LINE
8
BLACK
6
CONTINUOUS
10
2.0997044881889764
20
0.9548317716535433
11
2.0978064960629923
21
0.9541409448818897
0
LINE
8
BLACK
6
CONTINUOUS
10
2.0978064960629923
20
0.9541409448818897
11
2.0734345669291336
21
0.9541409448818897
0
LINE
8
BLACK
6
CONTINUOUS
10
2.0734345669291336
20
0.9541409448818897
11
2.0727998031496062
21
0.9542528346456692
0
LINE
8
BLACK
6
CONTINUOUS
10
2.0727998031496062
20
0.9542528346456692
11
2.0726703543307088
21
0.9542415354330709
0
LINE
8
BLACK
6
CONTINUOUS
10
2.0726703543307088
20
0.9542415354330709
11
2.0726051181102361
21
0.9542871653543307
0
LINE
8
BLACK
6
CONTINUOUS
10
2.0726051181102361
20
0.9542871653543307
11
2.0724246456692912
21
0.9543190157480315
0
LINE
8
BLACK
6
CONTINUOUS
10
2.0724246456692912
20
0.9543190157480315
11
2.0717437795275591
21
0.9548902755905512
0
LINE
8
BLACK
6
CONTINUOUS
10
2.0717437795275591
20
0.9548902755905512
11
2.0710157874015747
21
0.9554000787401574
0
LINE
8
BLACK
6
CONTINUOUS
10
2.0710157874015747
20
0.9554000787401574
11
2.0709808267716534
21
0.9555305118110236
0
LINE
8
BLACK
6
CONTINUOUS
10
2.0709808267716534
20
0.9555305118110236
11
2.070877401574803
21
0.9556173228346456
0
LINE
8
BLACK
6
CONTINUOUS
10
2.070877401574803
20
0.9556173228346456
11
2.0707230314960627
21
0.9564926377952756
0
LINE
8
BLACK
6
CONTINUOUS
10
2.0707230314960627
20
0.9564926377952756
11
2.0704930708661418
21
0.9573510236220473
0
LINE
8
BLACK
6
CONTINUOUS
10
2.0704930708661418
20
0.9573510236220473
11
2.0705501181102361
21
0.9574733464566929
0
LINE
8
BLACK
6
CONTINUOUS
10
2.0705501181102361
20
0.9574733464566929
11
2.0705266535433071
21
0.9576064566929133
0
LINE
8
BLACK
6
CONTINUOUS
10
2.0705266535433071
20
0.9576064566929133
11
2.0709711417322834
21
0.9583763385826771
0
LINE
8
BLACK
6
CONTINUOUS
10
2.0709711417322834
20
0.9583763385826771
11
2.0713466535433072
21
0.9591816141732283
0
LINE
8
BLACK
6
CONTINUOUS
10
2.0713466535433072
20
0.9591816141732283
11
2.0933509055118109
21
0.981185905511811
0
LINE
8
BLACK
6
CONTINUOUS
10
2.0933509055118109
20
0.981185905511811
11
2.0948537401574803
21
0.9856943307086614
0
LINE
8
BLACK
6
CONTINUOUS
10
2.0948537401574803
20
0.9856943307086614
11
2.0948537401574803
21
0.9882676771653544
0
LINE
8
BLACK
6
CONTINUOUS
10
2.0948537401574803
20
0.9882676771653544
11
2.0935049999999999
21
0.9909651574803149
0
LINE
8
BLACK
6
CONTINUOUS
10
2.0935049999999999
20
0.9909651574803149
11
2.0923078740157481
21
0.9921622834645669
0
LINE
8
BLACK
6
CONTINUOUS
10
2.0923078740157481
20
0.9921622834645669
11
2.0896103937007875
21
0.9935110236220472
0
LINE
8
BLACK
6
CONTINUOUS
10
2.0896103937007875
20
0.9935110236220472
11
2.0816306692913384
21
0.9935110236220472
0
LINE
8
BLACK
6
CONTINUOUS
10
2.0816306692913384
20
0.9935110236220472
11
2.0789331889763778
21
0.9921622834645669
0
LINE
8
BLACK
6
CONTINUOUS
10
2.0789331889763778
20
0.9921622834645669
11
2.0773972440944881
21
0.9906263385826771
0
LINE
8
BLACK
6
CONTINUOUS
10
2.0773972440944881
20
0.9906263385826771
11
2.0765572047244092
21
0.9900381496062992
0
LINE
8
BLACK
6
CONTINUOUS
10
2.0765572047244092
20
0.9900381496062992
11
2.0745451181102363
21
0.9898620866141732
0
LINE
8
BLACK
6
CONTINUOUS
10
2.0745451181102363
20
0.9898620866141732
11
2.0728905511811022
21
0.9910206299212598
0
LINE
8
BLACK
6
CONTINUOUS
10
2.0728905511811022
20
0.9910206299212598
11
2.0723678346456693
21
0.9929715748031496
0
LINE
8
BLACK
6
CONTINUOUS
10
2.0723678346456693
20
0.9929715748031496
11
2.0732214173228347
21
0.9948021653543306
0
LINE
8
BLACK
6
CONTINUOUS
10
2.0732214173228347
20
0.9948021653543306
11
2.0750961811023623
21
0.9966769291338582
0
LINE
8
BLACK
6
CONTINUOUS
10
2.0750961811023623
20
0.9966769291338582
11
2.0758192519685039
21
0.9971831889763779
0
LINE
8
BLACK
6
CONTINUOUS
10
2.0758192519685039
20
0.9971831889763779
11
2.0758635826771652
21
0.9972300393700787
0
LINE
8
BLACK
6
CONTINUOUS
10
2.0758635826771652
20
0.9972300393700787
11
2.0758916929133857
21
0.997244094488189
0
LINE
8
BLACK
6
CONTINUOUS
10
2.0758916929133857
20
0.997244094488189
11
2.0668151181102363
21
0.997244094488189
0
LINE
8
BLACK
6
CONTINUOUS
10
2.0668151181102363
20
0.997244094488189
11
2.0668619291338581
21
0.9955300393700787
0
LINE
8
BLACK
6
CONTINUOUS
10
2.0668619291338581
20
0.9955300393700787
11
2.0537385826771652
21
0.9561599606299213
0
LINE
8
BLACK
6
CONTINUOUS
10
2.0537385826771652
20
0.9561599606299213
11
2.0532502755905511
21
0.9552581889763779
0
LINE
8
BLACK
6
CONTINUOUS
10
2.0532502755905511
20
0.9552581889763779
11
2.0531778346456693
21
0.9552136614173228
0
LINE
8
BLACK
6
CONTINUOUS
10
2.0531778346456693
20
0.9552136614173228
11
2.0531466141732282
21
0.9551346456692913
0
LINE
8
BLACK
6
CONTINUOUS
10
2.0531466141732282
20
0.9551346456692913
11
2.052325118110236
21
0.9546898031496063
0
LINE
8
BLACK
6
CONTINUOUS
10
2.052325118110236
20
0.9546898031496063
11
2.0515293307086613
21
0.954200905511811
0
LINE
8
BLACK
6
CONTINUOUS
10
2.0515293307086613
20
0.954200905511811
11
2.0514452362204723
21
0.9542133464566929
0
LINE
8
BLACK
6
CONTINUOUS
10
2.0514452362204723
20
0.9542133464566929
11
2.0513704724409449
21
0.954172874015748
0
LINE
8
BLACK
6
CONTINUOUS
10
2.0513704724409449
20
0.954172874015748
11
2.0504553543307087
21
0.9543601181102362
0
LINE
8
BLACK
6
CONTINUOUS
10
2.0504553543307087
20
0.9543601181102362
11
2.049531338582677
21
0.9544971653543307
0
LINE
8
BLACK
6
CONTINUOUS
10
2.049531338582677
20
0.9544971653543307
11
2.0494748818897639
21
0.9545607874015748
0
LINE
8
BLACK
6
CONTINUOUS
10
2.0494748818897639
20
0.9545607874015748
11
2.0493916929133857
21
0.9545778346456693
0
LINE
8
BLACK
6
CONTINUOUS
10
2.0493916929133857
20
0.9545778346456693
11
2.0488113385826772
21
0.9553090944881889
0
LINE
8
BLACK
6
CONTINUOUS
10
2.0488113385826772
20
0.9553090944881889
11
2.0481912992125983
21
0.9560083858267716
0
LINE
8
BLACK
6
CONTINUOUS
10
2.0481912992125983
20
0.9560083858267716
11
2.0481889763779528
21
0.9560933464566929
0
LINE
8
BLACK
6
CONTINUOUS
10
2.0481889763779528
20
0.9560933464566929
11
2.0481361417322832
21
0.9561599606299213
0
LINE
8
BLACK
6
CONTINUOUS
10
2.0481361417322832
20
0.9561599606299213
11
2.0350127952755903
21
0.9955300393700787
0
LINE
8
BLACK
6
CONTINUOUS
10
2.0350127952755903
20
0.9955300393700787
11
2.0348623622047244
21
0.9965444488188976
0
LINE
8
BLACK
6
CONTINUOUS
10
2.0348623622047244
20
0.9965444488188976
11
2.0351388976377951
21
0.997244094488189
0
LINE
8
BLACK
6
CONTINUOUS
10
2.0351388976377951
20
0.997244094488189
11
2.0241082677165352
21
0.997244094488189
0
LINE
8
BLACK
6
CONTINUOUS
10
2.0241082677165352
20
0.997244094488189
11
2.0241363779527557
21
0.9972300393700787
0
LINE
8
BLACK
6
CONTINUOUS
10
2.0241363779527557
20
0.9972300393700787
11
2.0248454330708663
21
0.996704094488189
0
LINE
8
BLACK
6
CONTINUOUS
10
2.0248454330708663
20
0.996704094488189
11
2.0249037795275591
21
0.9966769291338582
0
LINE
8
BLACK
6
CONTINUOUS
10
2.0249037795275591
20
0.9966769291338582
11
2.0267785433070866
21
0.9948021653543306
0
LINE
8
BLACK
6
CONTINUOUS
10
2.0267785433070866
20
0.9948021653543306
11
2.0272848031496062
21
0.9940790551181102
0
LINE
8
BLACK
6
CONTINUOUS
10
2.0272848031496062
20
0.9940790551181102
11
2.0273316535433072
21
0.9940347637795275
0
LINE
8
BLACK
6
CONTINUOUS
10
2.0273316535433072
20
0.9940347637795275
11
2.0292064173228348
21
0.9902852362204724
0
LINE
8
BLACK
6
CONTINUOUS
10
2.0292064173228348
20
0.9902852362204724
11
2.0294987795275592
21
0.9893023228346457
0
LINE
8
BLACK
6
CONTINUOUS
10
2.0294987795275592
20
0.9893023228346457
11
2.0294577559055118
21
0.9891305905511811
0
LINE
8
BLACK
6
CONTINUOUS
10
2.0294577559055118
20
0.9891305905511811
11
2.0295181496062993
21
0.9889647244094488
0
LINE
8
BLACK
6
CONTINUOUS
10
2.0295181496062993
20
0.9889647244094488
11
2.0295181496062993
21
0.9833404330708662
0
LINE
8
BLACK
6
CONTINUOUS
10
2.0295181496062993
20
0.9833404330708662
11
2.0293400787401574
21
0.9823305118110236
0
LINE
8
BLACK
6
CONTINUOUS
10
2.0293400787401574
20
0.9823305118110236
11
2.0292265748031495
21
0.9821952362204724
0
LINE
8
BLACK
6
CONTINUOUS
10
2.0292265748031495
20
0.9821952362204724
11
2.0292064173228348
21
0.9820199212598425
0
LINE
8
BLACK
6
CONTINUOUS
10
2.0292064173228348
20
0.9820199212598425
11
2.0273316535433072
21
0.9782703937007874
0
LINE
8
BLACK
6
CONTINUOUS
10
2.0273316535433072
20
0.9782703937007874
11
2.0268057480314958
21
0.9775612992125984
0
LINE
8
BLACK
6
CONTINUOUS
10
2.0268057480314958
20
0.9775612992125984
11
2.0267785433070866
21
0.9775029921259842
0
LINE
8
BLACK
6
CONTINUOUS
10
2.0267785433070866
20
0.9775029921259842
11
2.0249037795275591
21
0.9756282283464567
0
LINE
8
BLACK
6
CONTINUOUS
10
2.0249037795275591
20
0.9756282283464567
11
2.0241806692913387
21
0.9751219291338582
0
LINE
8
BLACK
6
CONTINUOUS
10
2.0241806692913387
20
0.9751219291338582
11
2.0241363779527557
21
0.9750751181102362
0
LINE
8
BLACK
6
CONTINUOUS
10
2.0241363779527557
20
0.9750751181102362
11
2.0203868503937006
21
0.9732003543307086
0
LINE
8
BLACK
6
CONTINUOUS
10
2.0203868503937006
20
0.9732003543307086
11
2.0194038976377953
21
0.9729079921259842
0
LINE
8
BLACK
6
CONTINUOUS
10
2.0194038976377953
20
0.9729079921259842
11
2.0192322047244096
21
0.9729489763779527
0
LINE
8
BLACK
6
CONTINUOUS
10
2.0192322047244096
20
0.9729489763779527
11
2.0191037007874013
21
0.9729022047244095
0
LINE
8
BLACK
6
CONTINUOUS
10
2.0191037007874013
20
0.9729022047244095
11
2.0289844094488187
21
0.958786968503937
0
LINE
8
BLACK
6
CONTINUOUS
10
2.0289844094488187
20
0.958786968503937
11
2.0294176771653545
21
0.9578575196850393
0
LINE
8
BLACK
6
CONTINUOUS
10
2.0294176771653545
20
0.9578575196850393
11
2.0292413385826773
21
0.9558454330708661
0
LINE
8
BLACK
6
CONTINUOUS
10
2.0292413385826773
20
0.9558454330708661
11
2.0278129133858269
21
0.9544174015748031
0
LINE
8
BLACK
6
CONTINUOUS
10
2.0278129133858269
20
0.9544174015748031
11
2.0258007874015749
21
0.954241653543307
0
LINE
8
BLACK
6
CONTINUOUS
10
2.0258007874015749
20
0.954241653543307
11
2.0241464173228345
21
0.9554003937007873
0
LINE
8
BLACK
6
CONTINUOUS
10
2.0241464173228345
20
0.9554003937007873
11
2.01190468503937
21
0.972888622047244
0
LINE
8
BLACK
6
CONTINUOUS
10
2.01190468503937
20
0.972888622047244
11
2.0070209842519686
21
0.972888622047244
0
LINE
8
BLACK
6
CONTINUOUS
10
2.0070209842519686
20
0.972888622047244
11
2.0070209842519686
21
0.9570937007874015
0
LINE
8
BLACK
6
CONTINUOUS
10
2.0070209842519686
20
0.9570937007874015
11
2.0068429133858268
21
0.9560837795275591
0
LINE
8
BLACK
6
CONTINUOUS
10
2.0068429133858268
20
0.9560837795275591
11
2.0055446062992126
21
0.9545365354330708
0
LINE
8
BLACK
6
CONTINUOUS
10
2.0055446062992126
20
0.9545365354330708
11
2.003555472440945
21
0.9541857874015748
0
LINE
8
BLACK
6
CONTINUOUS
10
2.003555472440945
20
0.9541857874015748
11
2.0018062992125985
21
0.9551957086614173
0
LINE
8
BLACK
6
CONTINUOUS
10
2.0018062992125985
20
0.9551957086614173
11
2.001115472440945
21
0.9570937007874015
0
LINE
8
BLACK
6
CONTINUOUS
10
2.001115472440945
20
0.9570937007874015
11
2.001115472440945
21
0.996463779527559
0
LINE
8
BLACK
6
CONTINUOUS
10
2.001115472440945
20
0.996463779527559
11
2.0011830708661416
21
0.9968472834645669
0
LINE
8
BLACK
6
CONTINUOUS
10
2.0011830708661416
20
0.9968472834645669
11
2.0011603149606301
21
0.9969765354330709
0
LINE
8
BLACK
6
CONTINUOUS
10
2.0011603149606301
20
0.9969765354330709
11
2.0012259055118111
21
0.9970901181102362
0
LINE
8
BLACK
6
CONTINUOUS
10
2.0012259055118111
20
0.9970901181102362
11
2.0012530708661416
21
0.997244094488189
0
LINE
8
BLACK
6
CONTINUOUS
10
2.0012530708661416
20
0.997244094488189
11
1.9850393700787401
21
0.997244094488189
0
LINE
8
BLACK
6
CONTINUOUS
10
1.9850393700787401
20
0.997244094488189
11
1.9850393700787401
21
0.8023622047244094
0
LINE
8
BLACK
6
CONTINUOUS
10
1.9850393700787401
20
0.8023622047244094
11
2.36496062992126
21
0.8023622047244094
0
LINE
8
BLACK
6
CONTINUOUS
10
2.36496062992126
20
0.8023622047244094
11
2.36496062992126
21
0.997244094488189
0
LINE
8
BLACK
6
CONTINUOUS
10
2.36496062992126
20
0.997244094488189
11
2.0953493700787402
21
0.997244094488189
0
LINE
8
BLACK
6
CONTINUOUS
10
2.0406663779527561
20
0.997244094488189
11
2.0509373622047242
21
0.9664311023622048
0
LINE
8
BLACK
6
CONTINUOUS
10
2.0509373622047242
20
0.9664311023622048
11
2.0612083464566928
21
0.997244094488189
0
LINE
8
BLACK
6
CONTINUOUS
10
2.0612083464566928
20
0.997244094488189
11
2.0406663779527561
21
0.997244094488189
0
LINE
8
BLACK
6
CONTINUOUS
10
2.0070209842519686
20
0.9787941338582677
11
2.0183692913385824
21
0.9787941338582677
0
LINE
8
BLACK
6
CONTINUOUS
10
2.0183692913385824
20
0.9787941338582677
11
2.0210667716535431
21
0.980142874015748
0
LINE
8
BLACK
6
CONTINUOUS
10
2.0210667716535431
20
0.980142874015748
11
2.0222638976377953
21
0.98134
0
LINE
8
BLACK
6
CONTINUOUS
10
2.0222638976377953
20
0.98134
11
2.0236126377952757
21
0.9840374803149606
0
LINE
8
BLACK
6
CONTINUOUS
10
2.0236126377952757
20
0.9840374803149606
11
2.0236126377952757
21
0.9882676771653544
0
LINE
8
BLACK
6
CONTINUOUS
10
2.0236126377952757
20
0.9882676771653544
11
2.0222638976377953
21
0.9909651574803149
0
LINE
8
BLACK
6
CONTINUOUS
10
2.0222638976377953
20
0.9909651574803149
11
2.0210667716535431
21
0.9921622834645669
0
LINE
8
BLACK
6
CONTINUOUS
10
2.0210667716535431
20
0.9921622834645669
11
2.0183692913385824
21
0.9935110236220472
0
LINE
8
BLACK
6
CONTINUOUS
10
2.0183692913385824
20
0.9935110236220472
11
2.0070209842519686
21
0.9935110236220472
0
LINE
8
BLACK
6
CONTINUOUS
10
2.0070209842519686
20
0.9935110236220472
11
2.0070209842519686
21
0.9787941338582677
0
LINE
8
BLACK
6
CONTINUOUS
10
1.9417683858267716
20
0.911131062992126
11
1.9430982677165354
21
0.910858937007874
0
LINE
8
BLACK
6
CONTINUOUS
10
1.9430982677165354
20
0.910858937007874
11
1.948722559055118
21
0.9080468110236221
0
LINE
8
BLACK
6
CONTINUOUS
10
1.948722559055118
20
0.9080468110236221
11
1.9494339370078739
21
0.9074159448818897
0
LINE
8
BLACK
6
CONTINUOUS
10
1.9494339370078739
20
0.9074159448818897
11
1.9502573622047243
21
0.906940590551181
0
LINE
8
BLACK
6
CONTINUOUS
10
1.9502573622047243
20
0.906940590551181
11
1.9530695275590551
21
0.9041284251968503
0
LINE
8
BLACK
6
CONTINUOUS
10
1.9530695275590551
20
0.9041284251968503
11
1.9535448818897638
21
0.903305
0
LINE
8
BLACK
6
CONTINUOUS
10
1.9535448818897638
20
0.903305
11
1.9541757480314961
21
0.902593622047244
0
LINE
8
BLACK
6
CONTINUOUS
10
1.9541757480314961
20
0.902593622047244
11
1.956987874015748
21
0.8969692913385826
0
LINE
8
BLACK
6
CONTINUOUS
10
1.956987874015748
20
0.8969692913385826
11
1.9572599606299212
21
0.8956395275590551
0
LINE
8
BLACK
6
CONTINUOUS
10
1.9572599606299212
20
0.8956395275590551
11
1.9576113385826772
21
0.8943283070866141
0
LINE
8
BLACK
6
CONTINUOUS
10
1.9576113385826772
20
0.8943283070866141
11
1.9576113385826772
21
0.8830797244094488
0
LINE
8
BLACK
6
CONTINUOUS
10
1.9576113385826772
20
0.8830797244094488
11
1.9572599606299212
21
0.8817684645669291
0
LINE
8
BLACK
6
CONTINUOUS
10
1.9572599606299212
20
0.8817684645669291
11
1.956987874015748
21
0.8804387401574802
0
LINE
8
BLACK
6
CONTINUOUS
10
1.956987874015748
20
0.8804387401574802
11
1.9541757480314961
21
0.8748144094488188
0
LINE
8
BLACK
6
CONTINUOUS
10
1.9541757480314961
20
0.8748144094488188
11
1.9535448818897638
21
0.8741029921259842
0
LINE
8
BLACK
6
CONTINUOUS
10
1.9535448818897638
20
0.8741029921259842
11
1.9530695275590551
21
0.8732796062992125
0
LINE
8
BLACK
6
CONTINUOUS
10
1.9530695275590551
20
0.8732796062992125
11
1.9502573622047243
21
0.8704674409448818
0
LINE
8
BLACK
6
CONTINUOUS
10
1.9502573622047243
20
0.8704674409448818
11
1.9494338976377952
21
0.8699920078740158
0
LINE
8
BLACK
6
CONTINUOUS
10
1.9494338976377952
20
0.8699920078740158
11
1.948722559055118
21
0.8693612204724409
0
LINE
8
BLACK
6
CONTINUOUS
10
1.948722559055118
20
0.8693612204724409
11
1.9430982677165354
21
0.8665490551181102
0
LINE
8
BLACK
6
CONTINUOUS
10
1.9430982677165354
20
0.8665490551181102
11
1.9417683070866141
21
0.8662768897637795
0
LINE
8
BLACK
6
CONTINUOUS
10
1.9417683070866141
20
0.8662768897637795
11
1.9404572440944881
21
0.8659255905511811
0
LINE
8
BLACK
6
CONTINUOUS
10
1.9404572440944881
20
0.8659255905511811
11
1.8926507086614173
21
0.8659255905511811
0
LINE
8
BLACK
6
CONTINUOUS
10
1.8926507086614173
20
0.8659255905511811
11
1.8896979527559055
21
0.8667167716535433
0
LINE
8
BLACK
6
CONTINUOUS
10
1.8896979527559055
20
0.8667167716535433
11
1.8875363779527559
21
0.8688783464566929
0
LINE
8
BLACK
6
CONTINUOUS
10
1.8875363779527559
20
0.8688783464566929
11
1.8867451968503937
21
0.8718311023622047
0
LINE
8
BLACK
6
CONTINUOUS
10
1.8867451968503937
20
0.8718311023622047
11
1.8875363779527559
21
0.8747838582677165
0
LINE
8
BLACK
6
CONTINUOUS
10
1.8875363779527559
20
0.8747838582677165
11
1.8896979527559055
21
0.8769454330708661
0
LINE
8
BLACK
6
CONTINUOUS
10
1.8896979527559055
20
0.8769454330708661
11
1.8926507086614173
21
0.8777366141732283
0
LINE
8
BLACK
6
CONTINUOUS
10
1.8926507086614173
20
0.8777366141732283
11
1.9390631496062991
21
0.8777366141732283
0
LINE
8
BLACK
6
CONTINUOUS
10
1.9390631496062991
20
0.8777366141732283
11
1.9425833464566928
21
0.8794967322834646
0
LINE
8
BLACK
6
CONTINUOUS
10
1.9425833464566928
20
0.8794967322834646
11
1.9440401968503938
21
0.8809535826771653
0
LINE
8
BLACK
6
CONTINUOUS
10
1.9440401968503938
20
0.8809535826771653
11
1.9458003149606298
21
0.884473779527559
0
LINE
8
BLACK
6
CONTINUOUS
10
1.9458003149606298
20
0.884473779527559
11
1.9458003149606298
21
0.8929342125984252
0
LINE
8
BLACK
6
CONTINUOUS
10
1.9458003149606298
20
0.8929342125984252
11
1.9440401968503938
21
0.8964544094488188
0
LINE
8
BLACK
6
CONTINUOUS
10
1.9440401968503938
20
0.8964544094488188
11
1.9425833070866141
21
0.8979112992125984
0
LINE
8
BLACK
6
CONTINUOUS
10
1.9425833070866141
20
0.8979112992125984
11
1.9390631496062991
21
0.8996713779527559
0
LINE
8
BLACK
6
CONTINUOUS
10
1.9390631496062991
20
0.8996713779527559
11
1.8926507086614173
21
0.8996713779527559
0
LINE
8
BLACK
6
CONTINUOUS
10
1.8926507086614173
20
0.8996713779527559
11
1.8896979527559055
21
0.9004625590551181
0
LINE
8
BLACK
6
CONTINUOUS
10
1.8896979527559055
20
0.9004625590551181
11
1.8875363779527559
21
0.9026241338582677
0
LINE
8
BLACK
6
CONTINUOUS
10
1.8875363779527559
20
0.9026241338582677
11
1.8867451968503937
21
0.9055768897637795
0
LINE
8
BLACK
6
CONTINUOUS
10
1.8867451968503937
20
0.9055768897637795
11
1.8875363779527559
21
0.9085296456692913
0
LINE
8
BLACK
6
CONTINUOUS
10
1.8875363779527559
20
0.9085296456692913
11
1.8896979527559055
21
0.9106912204724409
0
LINE
8
BLACK
6
CONTINUOUS
10
1.8896979527559055
20
0.9106912204724409
11
1.8926507086614173
21
0.9114824015748031
0
LINE
8
BLACK
6
CONTINUOUS
10
1.8926507086614173
20
0.9114824015748031
11
1.9404572440944881
21
0.9114824015748031
0
LINE
8
BLACK
6
CONTINUOUS
10
1.9404572440944881
20
0.9114824015748031
11
1.9417683858267716
21
0.911131062992126
0
LINE
8
BLACK
6
CONTINUOUS
10
1.9104420472440944
20
0.9702914566929134
11
1.9113911417322835
21
0.9702344881889764
0
LINE
8
BLACK
6
CONTINUOUS
10
1.9113911417322835
20
0.9702344881889764
11
1.9198275196850394
21
0.9674223228346457
0
LINE
8
BLACK
6
CONTINUOUS
10
1.9198275196850394
20
0.9674223228346457
11
1.9209599212598425
21
0.9666746062992125
0
LINE
8
BLACK
6
CONTINUOUS
10
1.9209599212598425
20
0.9666746062992125
11
1.9221358661417323
21
0.9659957086614173
0
LINE
8
BLACK
6
CONTINUOUS
10
1.9221358661417323
20
0.9659957086614173
11
1.9458003149606298
21
0.9423312598425196
0
LINE
8
BLACK
6
CONTINUOUS
10
1.9458003149606298
20
0.9423312598425196
11
1.9458003149606298
21
0.9646320472440945
0
LINE
8
BLACK
6
CONTINUOUS
10
1.9458003149606298
20
0.9646320472440945
11
1.946591496062992
21
0.9675848031496063
0
LINE
8
BLACK
6
CONTINUOUS
10
1.946591496062992
20
0.9675848031496063
11
1.9487530708661416
21
0.9697463779527559
0
LINE
8
BLACK
6
CONTINUOUS
10
1.9487530708661416
20
0.9697463779527559
11
1.9517058267716536
21
0.9705375590551181
0
LINE
8
BLACK
6
CONTINUOUS
10
1.9517058267716536
20
0.9705375590551181
11
1.9546585826771654
21
0.9697463779527559
0
LINE
8
BLACK
6
CONTINUOUS
10
1.9546585826771654
20
0.9697463779527559
11
1.956820157480315
21
0.9675848031496063
0
LINE
8
BLACK
6
CONTINUOUS
10
1.956820157480315
20
0.9675848031496063
11
1.9576113385826772
21
0.9646320472440945
0
LINE
8
BLACK
6
CONTINUOUS
10
1.9576113385826772
20
0.9646320472440945
11
1.9576113385826772
21
0.928074094488189
0
LINE
8
BLACK
6
CONTINUOUS
10
1.9576113385826772
20
0.928074094488189
11
1.9574101181102361
21
0.9273231102362205
0
LINE
8
BLACK
6
CONTINUOUS
10
1.9574101181102361
20
0.9273231102362205
11
1.9574101181102361
21
0.9265456299212598
0
LINE
8
BLACK
6
CONTINUOUS
10
1.9574101181102361
20
0.9265456299212598
11
1.9570213779527559
21
0.925872283464567
0
LINE
8
BLACK
6
CONTINUOUS
10
1.9570213779527559
20
0.925872283464567
11
1.956820157480315
21
0.9251213385826772
0
LINE
8
BLACK
6
CONTINUOUS
10
1.956820157480315
20
0.9251213385826772
11
1.9562703543307087
21
0.9245715354330708
0
LINE
8
BLACK
6
CONTINUOUS
10
1.9562703543307087
20
0.9245715354330708
11
1.955881653543307
21
0.9238982677165354
0
LINE
8
BLACK
6
CONTINUOUS
10
1.955881653543307
20
0.9238982677165354
11
1.9552083464566929
21
0.9235095275590551
0
LINE
8
BLACK
6
CONTINUOUS
10
1.9552083464566929
20
0.9235095275590551
11
1.9546585826771654
21
0.9229597637795275
0
LINE
8
BLACK
6
CONTINUOUS
10
1.9546585826771654
20
0.9229597637795275
11
1.9539075984251968
21
0.9227585039370079
0
LINE
8
BLACK
6
CONTINUOUS
10
1.9539075984251968
20
0.9227585039370079
11
1.9532342913385827
21
0.9223698031496063
0
LINE
8
BLACK
6
CONTINUOUS
10
1.9532342913385827
20
0.9223698031496063
11
1.952456811023622
21
0.9223698031496063
0
LINE
8
BLACK
6
CONTINUOUS
10
1.952456811023622
20
0.9223698031496063
11
1.9517058267716536
21
0.9221685826771653
0
LINE
8
BLACK
6
CONTINUOUS
10
1.9517058267716536
20
0.9221685826771653
11
1.950954842519685
21
0.9223698031496063
0
LINE
8
BLACK
6
CONTINUOUS
10
1.950954842519685
20
0.9223698031496063
11
1.9501773622047243
21
0.9223698031496063
0
LINE
8
BLACK
6
CONTINUOUS
10
1.9501773622047243
20
0.9223698031496063
11
1.9495040157480314
21
0.9227585039370079
0
LINE
8
BLACK
6
CONTINUOUS
10
1.9495040157480314
20
0.9227585039370079
11
1.9487530708661416
21
0.9229597637795275
0
LINE
8
BLACK
6
CONTINUOUS
10
1.9487530708661416
20
0.9229597637795275
11
1.9482032677165353
21
0.9235095275590551
0
LINE
8
BLACK
6
CONTINUOUS
10
1.9482032677165353
20
0.9235095275590551
11
1.94753
21
0.9238982677165354
0
LINE
8
BLACK
6
CONTINUOUS
10
1.94753
20
0.9238982677165354
11
1.9147699606299211
21
0.9566582677165354
0
LINE
8
BLACK
6
CONTINUOUS
10
1.9147699606299211
20
0.9566582677165354
11
1.9085653149606299
21
0.9587265354330708
0
LINE
8
BLACK
6
CONTINUOUS
10
1.9085653149606299
20
0.9587265354330708
11
1.9052933858267715
21
0.9587265354330708
0
LINE
8
BLACK
6
CONTINUOUS
10
1.9052933858267715
20
0.9587265354330708
11
1.9017731889763778
21
0.9569664173228346
0
LINE
8
BLACK
6
CONTINUOUS
10
1.9017731889763778
20
0.9569664173228346
11
1.9003163385826771
21
0.9555095669291338
0
LINE
8
BLACK
6
CONTINUOUS
10
1.9003163385826771
20
0.9555095669291338
11
1.8985562204724409
21
0.9519893307086614
0
LINE
8
BLACK
6
CONTINUOUS
10
1.8985562204724409
20
0.9519893307086614
11
1.8985562204724409
21
0.940716811023622
0
LINE
8
BLACK
6
CONTINUOUS
10
1.8985562204724409
20
0.940716811023622
11
1.9003163385826771
21
0.9371965748031496
0
LINE
8
BLACK
6
CONTINUOUS
10
1.9003163385826771
20
0.9371965748031496
11
1.9024508267716536
21
0.9350620866141732
0
LINE
8
BLACK
6
CONTINUOUS
10
1.9024508267716536
20
0.9350620866141732
11
1.9039792913385827
21
0.9324147244094488
0
LINE
8
BLACK
6
CONTINUOUS
10
1.9039792913385827
20
0.9324147244094488
11
1.9039792913385827
21
0.9293577952755905
0
LINE
8
BLACK
6
CONTINUOUS
10
1.9039792913385827
20
0.9293577952755905
11
1.9024508267716536
21
0.9267104330708661
0
LINE
8
BLACK
6
CONTINUOUS
10
1.9024508267716536
20
0.9267104330708661
11
1.8998034645669291
21
0.925181968503937
0
LINE
8
BLACK
6
CONTINUOUS
10
1.8998034645669291
20
0.925181968503937
11
1.8967465354330708
21
0.925181968503937
0
LINE
8
BLACK
6
CONTINUOUS
10
1.8967465354330708
20
0.925181968503937
11
1.8940991732283463
21
0.9267104330708661
0
LINE
8
BLACK
6
CONTINUOUS
10
1.8940991732283463
20
0.9267104330708661
11
1.8912870472440944
21
0.929522559055118
0
LINE
8
BLACK
6
CONTINUOUS
10
1.8912870472440944
20
0.929522559055118
11
1.890811653543307
21
0.9303459448818897
0
LINE
8
BLACK
6
CONTINUOUS
10
1.890811653543307
20
0.9303459448818897
11
1.8901808267716536
21
0.9310573622047243
0
LINE
8
BLACK
6
CONTINUOUS
10
1.8901808267716536
20
0.9310573622047243
11
1.8873686614173228
21
0.9366816929133858
0
LINE
8
BLACK
6
CONTINUOUS
10
1.8873686614173228
20
0.9366816929133858
11
1.8870964960629921
21
0.9380116141732283
0
LINE
8
BLACK
6
CONTINUOUS
10
1.8870964960629921
20
0.9380116141732283
11
1.8867451968503937
21
0.9393227165354331
0
LINE
8
BLACK
6
CONTINUOUS
10
1.8867451968503937
20
0.9393227165354331
11
1.8867451968503937
21
0.9533834251968504
0
LINE
8
BLACK
6
CONTINUOUS
10
1.8867451968503937
20
0.9533834251968504
11
1.8870964960629921
21
0.9546944881889764
0
LINE
8
BLACK
6
CONTINUOUS
10
1.8870964960629921
20
0.9546944881889764
11
1.8873686614173228
21
0.9560244488188976
0
LINE
8
BLACK
6
CONTINUOUS
10
1.8873686614173228
20
0.9560244488188976
11
1.8901808267716536
21
0.961648779527559
0
LINE
8
BLACK
6
CONTINUOUS
10
1.8901808267716536
20
0.961648779527559
11
1.890811653543307
21
0.9623601574803149
0
LINE
8
BLACK
6
CONTINUOUS
10
1.890811653543307
20
0.9623601574803149
11
1.8912870472440944
21
0.9631835826771653
0
LINE
8
BLACK
6
CONTINUOUS
10
1.8912870472440944
20
0.9631835826771653
11
1.8940991732283463
21
0.9659957086614173
0
LINE
8
BLACK
6
CONTINUOUS
10
1.8940991732283463
20
0.9659957086614173
11
1.8949225984251967
21
0.9664711023622047
0
LINE
8
BLACK
6
CONTINUOUS
10
1.8949225984251967
20
0.9664711023622047
11
1.8956339763779526
21
0.9671019291338583
0
LINE
8
BLACK
6
CONTINUOUS
10
1.8956339763779526
20
0.9671019291338583
11
1.9012582283464567
21
0.969914094488189
0
LINE
8
BLACK
6
CONTINUOUS
10
1.9012582283464567
20
0.969914094488189
11
1.9025882283464566
21
0.9701862598425197
0
LINE
8
BLACK
6
CONTINUOUS
10
1.9025882283464566
20
0.9701862598425197
11
1.9038992913385826
21
0.9705375590551181
0
LINE
8
BLACK
6
CONTINUOUS
10
1.9038992913385826
20
0.9705375590551181
11
1.909523622047244
21
0.9705375590551181
0
LINE
8
BLACK
6
CONTINUOUS
10
1.909523622047244
20
0.9705375590551181
11
1.9104420472440944
21
0.9702914566929134
0
LINE
8
BLACK
6
CONTINUOUS
10
1.7898592913385827
20
1.0189792125984252
11
1.7905511811023622
21
1.0173088976377953
0
LINE
8
BLACK
6
CONTINUOUS
10
1.7905511811023622
20
1.0173088976377953
11
1.7905511811023622
21
0.999986062992126
0
LINE
8
BLACK
6
CONTINUOUS
10
1.7905511811023622
20
0.999986062992126
11
1.8078740157480315
21
0.999986062992126
0
LINE
8
BLACK
6
CONTINUOUS
10
1.8078740157480315
20
0.999986062992126
11
1.8095443307086614
21
0.9992941732283465
0
LINE
8
BLACK
6
CONTINUOUS
10
1.8095443307086614
20
0.9992941732283465
11
1.8102362204724409
21
0.9976238582677165
0
LINE
8
BLACK
6
CONTINUOUS
10
1.8102362204724409
20
0.9976238582677165
11
1.8095443307086614
21
0.9959535433070866
0
LINE
8
BLACK
6
CONTINUOUS
10
1.8095443307086614
20
0.9959535433070866
11
1.8078740157480315
21
0.9952616535433071
0
LINE
8
BLACK
6
CONTINUOUS
10
1.8078740157480315
20
0.9952616535433071
11
1.7905511811023622
21
0.9952616535433071
0
LINE
8
BLACK
6
CONTINUOUS
10
1.7905511811023622
20
0.9952616535433071
11
1.7905511811023622
21
0.9779388188976378
0
LINE
8
BLACK
6
CONTINUOUS
10
1.7905511811023622
20
0.9779388188976378
11
1.7898592913385827
21
0.9762685039370078
0
LINE
8
BLACK
6
CONTINUOUS
10
1.7898592913385827
20
0.9762685039370078
11
1.7881889763779528
21
0.9755766141732283
0
LINE
8
BLACK
6
CONTINUOUS
10
1.7881889763779528
20
0.9755766141732283
11
1.7865186614173227
21
0.9762685039370078
0
LINE
8
BLACK
6
CONTINUOUS
10
1.7865186614173227
20
0.9762685039370078
11
1.7858267716535432
21
0.9779388188976378
0
LINE
8
BLACK
6
CONTINUOUS
10
1.7858267716535432
20
0.9779388188976378
11
1.7858267716535432
21
0.9952616535433071
0
LINE
8
BLACK
6
CONTINUOUS
10
1.7858267716535432
20
0.9952616535433071
11
1.7685039370078739
21
0.9952616535433071
0
LINE
8
BLACK
6
CONTINUOUS
10
1.7685039370078739
20
0.9952616535433071
11
1.766833622047244
21
0.9959535433070866
0
LINE
8
BLACK
6
CONTINUOUS
10
1.766833622047244
20
0.9959535433070866
11
1.7661417322834645
21
0.9976238582677165
0
LINE
8
BLACK
6
CONTINUOUS
10
1.7661417322834645
20
0.9976238582677165
11
1.766833622047244
21
0.9992941732283465
0
LINE
8
BLACK
6
CONTINUOUS
10
1.766833622047244
20
0.9992941732283465
11
1.7685039370078739
21
0.999986062992126
0
LINE
8
BLACK
6
CONTINUOUS
10
1.7685039370078739
20
0.999986062992126
11
1.7858267716535432
21
0.999986062992126
0
LINE
8
BLACK
6
CONTINUOUS
10
1.7858267716535432
20
0.999986062992126
11
1.7858267716535432
21
1.0173088976377953
0
LINE
8
BLACK
6
CONTINUOUS
10
1.7858267716535432
20
1.0173088976377953
11
1.7865186614173227
21
1.0189792125984252
0
LINE
8
BLACK
6
CONTINUOUS
10
1.7865186614173227
20
1.0189792125984252
11
1.7881889763779528
21
1.0196711023622047
0
LINE
8
BLACK
6
CONTINUOUS
10
1.7881889763779528
20
1.0196711023622047
11
1.7898592913385827
21
1.0189792125984252
0
LINE
8
BLACK
6
CONTINUOUS
10
2.3673228346456692
20
1.2269685039370077
11
2.368993149606299
21
1.2262766141732284
0
LINE
8
BLACK
6
CONTINUOUS
10
2.368993149606299
20
1.2262766141732284
11
2.3696850393700788
21
1.2246062992125983
0
LINE
8
BLACK
6
CONTINUOUS
10
2.3696850393700788
20
1.2246062992125983
11
2.3696850393700788
21
1.0249999999999999
0
LINE
8
BLACK
6
CONTINUOUS
10
2.3696850393700788
20
1.0249999999999999
11
2.368993149606299
21
1.0233296850393701
0
LINE
8
BLACK
6
CONTINUOUS
10
2.368993149606299
20
1.0233296850393701
11
2.3673228346456692
21
1.0226377952755905
0
LINE
8
BLACK
6
CONTINUOUS
10
2.3673228346456692
20
1.0226377952755905
11
1.9826771653543307
21
1.0226377952755905
0
LINE
8
BLACK
6
CONTINUOUS
10
1.9826771653543307
20
1.0226377952755905
11
1.9810068503937008
21
1.0233296850393701
0
LINE
8
BLACK
6
CONTINUOUS
10
1.9810068503937008
20
1.0233296850393701
11
1.9803149606299213
21
1.0249999999999999
0
LINE
8
BLACK
6
CONTINUOUS
10
1.9803149606299213
20
1.0249999999999999
11
1.9803149606299213
21
1.2246062992125983
0
LINE
8
BLACK
6
CONTINUOUS
10
1.9803149606299213
20
1.2246062992125983
11
1.9810068503937008
21
1.2262766141732284
0
LINE
8
BLACK
6
CONTINUOUS
10
1.9810068503937008
20
1.2262766141732284
11
1.9826771653543307
21
1.2269685039370077
0
LINE
8
BLACK
6
CONTINUOUS
10
1.9826771653543307
20
1.2269685039370077
11
2.3673228346456692
21
1.2269685039370077
0
LINE
8
BLACK
6
CONTINUOUS
10
2.0892674015748032
20
1.2222440944881889
11
2.0894927559055119
21
1.2217883070866142
0
LINE
8
BLACK
6
CONTINUOUS
10
2.0894927559055119
20
1.2217883070866142
11
2.0894525590551178
21
1.2216233464566928
0
LINE
8
BLACK
6
CONTINUOUS
10
2.0894525590551178
20
1.2216233464566928
11
2.0895106692913386
21
1.2214637795275591
0
LINE
8
BLACK
6
CONTINUOUS
10
2.0895106692913386
20
1.2214637795275591
11
2.0895106692913386
21
1.1850464566929133
0
LINE
8
BLACK
6
CONTINUOUS
10
2.0895106692913386
20
1.1850464566929133
11
2.0978064960629923
21
1.1850464566929133
0
LINE
8
BLACK
6
CONTINUOUS
10
2.0978064960629923
20
1.1850464566929133
11
2.0988164173228347
21
1.1848683858267717
0
LINE
8
BLACK
6
CONTINUOUS
10
2.0988164173228347
20
1.1848683858267717
11
2.1003636614173229
21
1.1835700787401575
0
LINE
8
BLACK
6
CONTINUOUS
10
2.1003636614173229
20
1.1835700787401575
11
2.1007144094488188
21
1.1815809448818897
0
LINE
8
BLACK
6
CONTINUOUS
10
2.1007144094488188
20
1.1815809448818897
11
2.0997044881889764
21
1.1798317716535434
0
LINE
8
BLACK
6
CONTINUOUS
10
2.0997044881889764
20
1.1798317716535434
11
2.0978064960629923
21
1.1791409448818897
0
LINE
8
BLACK
6
CONTINUOUS
10
2.0978064960629923
20
1.1791409448818897
11
2.0753093307086612
21
1.1791409448818897
0
LINE
8
BLACK
6
CONTINUOUS
10
2.0753093307086612
20
1.1791409448818897
11
2.0742994094488187
21
1.1793190157480316
0
LINE
8
BLACK
6
CONTINUOUS
10
2.0742994094488187
20
1.1793190157480316
11
2.0727521653543306
21
1.1806173228346457
0
LINE
8
BLACK
6
CONTINUOUS
10
2.0727521653543306
20
1.1806173228346457
11
2.0724014173228347
21
1.1826064566929133
0
LINE
8
BLACK
6
CONTINUOUS
10
2.0724014173228347
20
1.1826064566929133
11
2.0734113385826771
21
1.1843556299212599
0
LINE
8
BLACK
6
CONTINUOUS
10
2.0734113385826771
20
1.1843556299212599
11
2.0753093307086612
21
1.1850464566929133
0
LINE
8
BLACK
6
CONTINUOUS
10
2.0753093307086612
20
1.1850464566929133
11
2.0836051574803149
21
1.1850464566929133
0
LINE
8
BLACK
6
CONTINUOUS
10
2.0836051574803149
20
1.1850464566929133
11
2.0836051574803149
21
1.2124604330708662
0
LINE
8
BLACK
6
CONTINUOUS
10
2.0836051574803149
20
1.2124604330708662
11
2.0811467716535432
21
1.2100020472440944
0
LINE
8
BLACK
6
CONTINUOUS
10
2.0811467716535432
20
1.2100020472440944
11
2.0804236614173228
21
1.2094957480314961
0
LINE
8
BLACK
6
CONTINUOUS
10
2.0804236614173228
20
1.2094957480314961
11
2.0803793700787403
21
1.209448937007874
0
LINE
8
BLACK
6
CONTINUOUS
10
2.0803793700787403
20
1.209448937007874
11
2.0766298425196852
21
1.2075741732283465
0
LINE
8
BLACK
6
CONTINUOUS
10
2.0766298425196852
20
1.2075741732283465
11
2.0756468897637794
21
1.2072818110236221
0
LINE
8
BLACK
6
CONTINUOUS
10
2.0756468897637794
20
1.2072818110236221
11
2.073682401574803
21
1.2077511023622047
0
LINE
8
BLACK
6
CONTINUOUS
10
2.073682401574803
20
1.2077511023622047
11
2.0724790944881888
21
1.2093733464566929
0
LINE
8
BLACK
6
CONTINUOUS
10
2.0724790944881888
20
1.2093733464566929
11
2.072600157480315
21
1.2113895275590552
0
LINE
8
BLACK
6
CONTINUOUS
10
2.072600157480315
20
1.2113895275590552
11
2.0739888188976376
21
1.2128562204724409
0
LINE
8
BLACK
6
CONTINUOUS
10
2.0739888188976376
20
1.2128562204724409
11
2.0773097637795277
21
1.2145166929133857
0
LINE
8
BLACK
6
CONTINUOUS
10
2.0773097637795277
20
1.2145166929133857
11
2.080513661417323
21
1.217720590551181
0
LINE
8
BLACK
6
CONTINUOUS
10
2.080513661417323
20
1.217720590551181
11
2.0835293307086613
21
1.2222440944881889
0
LINE
8
BLACK
6
CONTINUOUS
10
2.0835293307086613
20
1.2222440944881889
11
2.0668151181102363
21
1.2222440944881889
0
LINE
8
BLACK
6
CONTINUOUS
10
2.0668151181102363
20
1.2222440944881889
11
2.0668619291338581
21
1.2205300393700786
0
LINE
8
BLACK
6
CONTINUOUS
10
2.0668619291338581
20
1.2205300393700786
11
2.0537385826771652
21
1.1811599606299212
0
LINE
8
BLACK
6
CONTINUOUS
10
2.0537385826771652
20
1.1811599606299212
11
2.0532502755905511
21
1.1802581889763779
0
LINE
8
BLACK
6
CONTINUOUS
10
2.0532502755905511
20
1.1802581889763779
11
2.0531778346456693
21
1.1802136614173229
0
LINE
8
BLACK
6
CONTINUOUS
10
2.0531778346456693
20
1.1802136614173229
11
2.0531466141732282
21
1.1801346456692914
0
LINE
8
BLACK
6
CONTINUOUS
10
2.0531466141732282
20
1.1801346456692914
11
2.052325118110236
21
1.1796898031496064
0
LINE
8
BLACK
6
CONTINUOUS
10
2.052325118110236
20
1.1796898031496064
11
2.0515293307086613
21
1.1792009055118109
0
LINE
8
BLACK
6
CONTINUOUS
10
2.0515293307086613
20
1.1792009055118109
11
2.0514452362204723
21
1.179213346456693
0
LINE
8
BLACK
6
CONTINUOUS
10
2.0514452362204723
20
1.179213346456693
11
2.0513704724409449
21
1.1791728740157481
0
LINE
8
BLACK
6
CONTINUOUS
10
2.0513704724409449
20
1.1791728740157481
11
2.0504553543307087
21
1.1793601181102362
0
LINE
8
BLACK
6
CONTINUOUS
10
2.0504553543307087
20
1.1793601181102362
11
2.049531338582677
21
1.1794971653543307
0
LINE
8
BLACK
6
CONTINUOUS
10
2.049531338582677
20
1.1794971653543307
11
2.0494748818897639
21
1.1795607874015748
0
LINE
8
BLACK
6
CONTINUOUS
10
2.0494748818897639
20
1.1795607874015748
11
2.0493916929133857
21
1.1795778346456693
0
LINE
8
BLACK
6
CONTINUOUS
10
2.0493916929133857
20
1.1795778346456693
11
2.0488113385826772
21
1.1803090944881889
0
LINE
8
BLACK
6
CONTINUOUS
10
2.0488113385826772
20
1.1803090944881889
11
2.0481912992125983
21
1.1810083858267717
0
LINE
8
BLACK
6
CONTINUOUS
10
2.0481912992125983
20
1.1810083858267717
11
2.0481889763779528
21
1.1810933464566928
0
LINE
8
BLACK
6
CONTINUOUS
10
2.0481889763779528
20
1.1810933464566928
11
2.0481361417322832
21
1.1811599606299212
0
LINE
8
BLACK
6
CONTINUOUS
10
2.0481361417322832
20
1.1811599606299212
11
2.0350127952755903
21
1.2205300393700786
0
LINE
8
BLACK
6
CONTINUOUS
10
2.0350127952755903
20
1.2205300393700786
11
2.0348623622047244
21
1.2215444488188976
0
LINE
8
BLACK
6
CONTINUOUS
10
2.0348623622047244
20
1.2215444488188976
11
2.0351388976377951
21
1.2222440944881889
0
LINE
8
BLACK
6
CONTINUOUS
10
2.0351388976377951
20
1.2222440944881889
11
2.0241082677165352
21
1.2222440944881889
0
LINE
8
BLACK
6
CONTINUOUS
10
2.0241082677165352
20
1.2222440944881889
11
2.0241363779527557
21
1.2222300393700787
0
LINE
8
BLACK
6
CONTINUOUS
10
2.0241363779527557
20
1.2222300393700787
11
2.0248454330708663
21
1.221704094488189
0
LINE
8
BLACK
6
CONTINUOUS
10
2.0248454330708663
20
1.221704094488189
11
2.0249037795275591
21
1.2216769291338583
0
LINE
8
BLACK
6
CONTINUOUS
10
2.0249037795275591
20
1.2216769291338583
11
2.0267785433070866
21
1.2198021653543307
0
LINE
8
BLACK
6
CONTINUOUS
10
2.0267785433070866
20
1.2198021653543307
11
2.0272848031496062
21
1.2190790551181101
0
LINE
8
BLACK
6
CONTINUOUS
10
2.0272848031496062
20
1.2190790551181101
11
2.0273316535433072
21
1.2190347637795276
0
LINE
8
BLACK
6
CONTINUOUS
10
2.0273316535433072
20
1.2190347637795276
11
2.0292064173228348
21
1.2152852362204725
0
LINE
8
BLACK
6
CONTINUOUS
10
2.0292064173228348
20
1.2152852362204725
11
2.0294987795275592
21
1.2143023228346457
0
LINE
8
BLACK
6
CONTINUOUS
10
2.0294987795275592
20
1.2143023228346457
11
2.0294577559055118
21
1.214130590551181
0
LINE
8
BLACK
6
CONTINUOUS
10
2.0294577559055118
20
1.214130590551181
11
2.0295181496062993
21
1.2139647244094487
0
LINE
8
BLACK
6
CONTINUOUS
10
2.0295181496062993
20
1.2139647244094487
11
2.0295181496062993
21
1.208340433070866
0
LINE
8
BLACK
6
CONTINUOUS
10
2.0295181496062993
20
1.208340433070866
11
2.0293400787401574
21
1.2073305118110236
0
LINE
8
BLACK
6
CONTINUOUS
10
2.0293400787401574
20
1.2073305118110236
11
2.0292265748031495
21
1.2071952362204723
0
LINE
8
BLACK
6
CONTINUOUS
10
2.0292265748031495
20
1.2071952362204723
11
2.0292064173228348
21
1.2070199212598425
0
LINE
8
BLACK
6
CONTINUOUS
10
2.0292064173228348
20
1.2070199212598425
11
2.0273316535433072
21
1.2032703937007874
0
LINE
8
BLACK
6
CONTINUOUS
10
2.0273316535433072
20
1.2032703937007874
11
2.0268057480314958
21
1.2025612992125985
0
LINE
8
BLACK
6
CONTINUOUS
10
2.0268057480314958
20
1.2025612992125985
11
2.0267785433070866
21
1.2025029921259842
0
LINE
8
BLACK
6
CONTINUOUS
10
2.0267785433070866
20
1.2025029921259842
11
2.0249037795275591
21
1.2006282283464567
0
LINE
8
BLACK
6
CONTINUOUS
10
2.0249037795275591
20
1.2006282283464567
11
2.0241806692913387
21
1.2001219291338583
0
LINE
8
BLACK
6
CONTINUOUS
10
2.0241806692913387
20
1.2001219291338583
11
2.0241363779527557
21
1.2000751181102363
0
LINE
8
BLACK
6
CONTINUOUS
10
2.0241363779527557
20
1.2000751181102363
11
2.0203868503937006
21
1.1982003543307087
0
LINE
8
BLACK
6
CONTINUOUS
10
2.0203868503937006
20
1.1982003543307087
11
2.0194038976377953
21
1.1979079921259843
0
LINE
8
BLACK
6
CONTINUOUS
10
2.0194038976377953
20
1.1979079921259843
11
2.0192322047244096
21
1.1979489763779527
0
LINE
8
BLACK
6
CONTINUOUS
10
2.0192322047244096
20
1.1979489763779527
11
2.0191037007874013
21
1.1979022047244094
0
LINE
8
BLACK
6
CONTINUOUS
10
2.0191037007874013
20
1.1979022047244094
11
2.0289844094488187
21
1.1837869685039371
0
LINE
8
BLACK
6
CONTINUOUS
10
2.0289844094488187
20
1.1837869685039371
11
2.0294176771653545
21
1.1828575196850393
0
LINE
8
BLACK
6
CONTINUOUS
10
2.0294176771653545
20
1.1828575196850393
11
2.0292413385826773
21
1.1808454330708662
0
LINE
8
BLACK
6
CONTINUOUS
10
2.0292413385826773
20
1.1808454330708662
11
2.0278129133858269
21
1.1794174015748031
0
LINE
8
BLACK
6
CONTINUOUS
10
2.0278129133858269
20
1.1794174015748031
11
2.0258007874015749
21
1.179241653543307
0
LINE
8
BLACK
6
CONTINUOUS
10
2.0258007874015749
20
1.179241653543307
11
2.0241464173228345
21
1.1804003937007874
0
LINE
8
BLACK
6
CONTINUOUS
10
2.0241464173228345
20
1.1804003937007874
11
2.01190468503937
21
1.197888622047244
0
LINE
8
BLACK
6
CONTINUOUS
10
2.01190468503937
20
1.197888622047244
11
2.0070209842519686
21
1.197888622047244
0
LINE
8
BLACK
6
CONTINUOUS
10
2.0070209842519686
20
1.197888622047244
11
2.0070209842519686
21
1.1820937007874015
0
LINE
8
BLACK
6
CONTINUOUS
10
2.0070209842519686
20
1.1820937007874015
11
2.0068429133858268
21
1.1810837795275591
0
LINE
8
BLACK
6
CONTINUOUS
10
2.0068429133858268
20
1.1810837795275591
11
2.0055446062992126
21
1.1795365354330709
0
LINE
8
BLACK
6
CONTINUOUS
10
2.0055446062992126
20
1.1795365354330709
11
2.003555472440945
21
1.1791857874015748
0
LINE
8
BLACK
6
CONTINUOUS
10
2.003555472440945
20
1.1791857874015748
11
2.0018062992125985
21
1.1801957086614172
0
LINE
8
BLACK
6
CONTINUOUS
10
2.0018062992125985
20
1.1801957086614172
11
2.001115472440945
21
1.1820937007874015
0
LINE
8
BLACK
6
CONTINUOUS
10
2.001115472440945
20
1.1820937007874015
11
2.001115472440945
21
1.2214637795275591
0
LINE
8
BLACK
6
CONTINUOUS
10
2.001115472440945
20
1.2214637795275591
11
2.0011830708661416
21
1.2218472834645668
0
LINE
8
BLACK
6
CONTINUOUS
10
2.0011830708661416
20
1.2218472834645668
11
2.0011603149606301
21
1.2219765354330709
0
LINE
8
BLACK
6
CONTINUOUS
10
2.0011603149606301
20
1.2219765354330709
11
2.0012259055118111
21
1.2220901181102362
0
LINE
8
BLACK
6
CONTINUOUS
10
2.0012259055118111
20
1.2220901181102362
11
2.0012530708661416
21
1.2222440944881889
0
LINE
8
BLACK
6
CONTINUOUS
10
2.0012530708661416
20
1.2222440944881889
11
1.9850393700787401
21
1.2222440944881889
0
LINE
8
BLACK
6
CONTINUOUS
10
1.9850393700787401
20
1.2222440944881889
11
1.9850393700787401
21
1.0273622047244095
0
LINE
8
BLACK
6
CONTINUOUS
10
1.9850393700787401
20
1.0273622047244095
11
2.36496062992126
21
1.0273622047244095
0
LINE
8
BLACK
6
CONTINUOUS
10
2.36496062992126
20
1.0273622047244095
11
2.36496062992126
21
1.2222440944881889
0
LINE
8
BLACK
6
CONTINUOUS
10
2.36496062992126
20
1.2222440944881889
11
2.0892674015748032
21
1.2222440944881889
0
LINE
8
BLACK
6
CONTINUOUS
10
2.0406663779527561
20
1.2222440944881889
11
2.0509373622047242
21
1.1914311023622046
0
LINE
8
BLACK
6
CONTINUOUS
10
2.0509373622047242
20
1.1914311023622046
11
2.0612083464566928
21
1.2222440944881889
0
LINE
8
BLACK
6
CONTINUOUS
10
2.0612083464566928
20
1.2222440944881889
11
2.0406663779527561
21
1.2222440944881889
0
LINE
8
BLACK
6
CONTINUOUS
10
2.0070209842519686
20
1.2037941338582676
11
2.0183692913385824
21
1.2037941338582676
0
LINE
8
BLACK
6
CONTINUOUS
10
2.0183692913385824
20
1.2037941338582676
11
2.0210667716535431
21
1.2051428740157479
0
LINE
8
BLACK
6
CONTINUOUS
10
2.0210667716535431
20
1.2051428740157479
11
2.0222638976377953
21
1.20634
0
LINE
8
BLACK
6
CONTINUOUS
10
2.0222638976377953
20
1.20634
11
2.0236126377952757
21
1.2090374803149606
0
LINE
8
BLACK
6
CONTINUOUS
10
2.0236126377952757
20
1.2090374803149606
11
2.0236126377952757
21
1.2132676771653543
0
LINE
8
BLACK
6
CONTINUOUS
10
2.0236126377952757
20
1.2132676771653543
11
2.0222638976377953
21
1.215965157480315
0
LINE
8
BLACK
6
CONTINUOUS
10
2.0222638976377953
20
1.215965157480315
11
2.0210667716535431
21
1.217162283464567
0
LINE
8
BLACK
6
CONTINUOUS
10
2.0210667716535431
20
1.217162283464567
11
2.0183692913385824
21
1.2185110236220471
0
LINE
8
BLACK
6
CONTINUOUS
10
2.0183692913385824
20
1.2185110236220471
11
2.0070209842519686
21
1.2185110236220471
0
LINE
8
BLACK
6
CONTINUOUS
10
2.0070209842519686
20
1.2185110236220471
11
2.0070209842519686
21
1.2037941338582676
0
LINE
8
BLACK
6
CONTINUOUS
10
0.9615275590551181
20
1.1678818897637795
11
0.9721135433070865
21
1.167188031496063
0
LINE
8
BLACK
6
CONTINUOUS
10
0.9721135433070865
20
1.167188031496063
11
0.9825183858267716
21
1.1651183858267715
0
LINE
8
BLACK
6
CONTINUOUS
10
0.9825183858267716
20
1.1651183858267715
11
0.9925640944881889
21
1.1617083464566929
0
LINE
8
BLACK
6
CONTINUOUS
10
0.9925640944881889
20
1.1617083464566929
11
1.0020787401574802
21
1.157016220472441
0
LINE
8
BLACK
6
CONTINUOUS
10
1.0020787401574802
20
1.157016220472441
11
1.0108995669291339
21
1.1511223622047244
0
LINE
8
BLACK
6
CONTINUOUS
10
1.0108995669291339
20
1.1511223622047244
11
1.018875590551181
21
1.1441275590551181
0
LINE
8
BLACK
6
CONTINUOUS
10
1.018875590551181
20
1.1441275590551181
11
1.0258703937007874
21
1.1361515354330709
0
LINE
8
BLACK
6
CONTINUOUS
10
1.0258703937007874
20
1.1361515354330709
11
1.031764251968504
21
1.1273307086614173
0
LINE
8
BLACK
6
CONTINUOUS
10
1.031764251968504
20
1.1273307086614173
11
1.0364563779527558
21
1.1178160629921259
0
LINE
8
BLACK
6
CONTINUOUS
10
1.0364563779527558
20
1.1178160629921259
11
1.0398664173228347
21
1.1077703543307087
0
LINE
8
BLACK
6
CONTINUOUS
10
1.0398664173228347
20
1.1077703543307087
11
1.0419360629921259
21
1.0973655118110235
0
LINE
8
BLACK
6
CONTINUOUS
10
1.0419360629921259
20
1.0973655118110235
11
1.0426299212598424
21
1.086779527559055
0
LINE
8
BLACK
6
CONTINUOUS
10
1.0426299212598424
20
1.086779527559055
11
1.042178779527559
21
1.085391062992126
0
LINE
8
BLACK
6
CONTINUOUS
10
1.042178779527559
20
1.085391062992126
11
1.0409976771653544
21
1.0845329527559056
0
LINE
8
BLACK
6
CONTINUOUS
10
1.0409976771653544
20
1.0845329527559056
11
1.0395377559055119
21
1.0845329527559056
0
LINE
8
BLACK
6
CONTINUOUS
10
1.0395377559055119
20
1.0845329527559056
11
1.0383566535433071
21
1.085391062992126
0
LINE
8
BLACK
6
CONTINUOUS
10
1.0383566535433071
20
1.085391062992126
11
1.0379055118110236
21
1.086779527559055
0
LINE
8
BLACK
6
CONTINUOUS
10
1.0379055118110236
20
1.086779527559055
11
1.0379055118110236
21
1.0917855905511811
0
LINE
8
BLACK
6
CONTINUOUS
10
1.0379055118110236
20
1.0917855905511811
11
1.0365986614173228
21
1.1017120866141732
0
LINE
8
BLACK
6
CONTINUOUS
10
1.0365986614173228
20
1.1017120866141732
11
1.0340073622047243
21
1.1113831102362204
0
LINE
8
BLACK
6
CONTINUOUS
10
1.0340073622047243
20
1.1113831102362204
11
1.0301758661417322
21
1.1206331102362204
0
LINE
8
BLACK
6
CONTINUOUS
10
1.0301758661417322
20
1.1206331102362204
11
1.0251697637795276
21
1.1293038976377952
0
LINE
8
BLACK
6
CONTINUOUS
10
1.0251697637795276
20
1.1293038976377952
11
1.0190747637795274
21
1.1372470866141733
0
LINE
8
BLACK
6
CONTINUOUS
10
1.0190747637795274
20
1.1372470866141733
11
1.0119951181102362
21
1.1443267322834645
0
LINE
8
BLACK
6
CONTINUOUS
10
1.0119951181102362
20
1.1443267322834645
11
1.0040519291338583
21
1.1504217322834644
0
LINE
8
BLACK
6
CONTINUOUS
10
1.0040519291338583
20
1.1504217322834644
11
0.9953811417322834
21
1.1554278346456692
0
LINE
8
BLACK
6
CONTINUOUS
10
0.9953811417322834
20
1.1554278346456692
11
0.9861311417322834
21
1.1592593307086614
0
LINE
8
BLACK
6
CONTINUOUS
10
0.9861311417322834
20
1.1592593307086614
11
0.9764601181102363
21
1.1618506299212599
0
LINE
8
BLACK
6
CONTINUOUS
10
0.9764601181102363
20
1.1618506299212599
11
0.966533622047244
21
1.1631574803149607
0
LINE
8
BLACK
6
CONTINUOUS
10
0.966533622047244
20
1.1631574803149607
11
0.9615275590551181
21
1.1631574803149607
0
LINE
8
BLACK
6
CONTINUOUS
10
0.9615275590551181
20
1.1631574803149607
11
0.5678267716535433
21
1.1631574803149607
0
LINE
8
BLACK
6
CONTINUOUS
10
0.5678267716535433
20
1.1631574803149607
11
0.5628207086614173
21
1.1631574803149607
0
LINE
8
BLACK
6
CONTINUOUS
10
0.5628207086614173
20
1.1631574803149607
11
0.5528942125984252
21
1.1618506299212599
0
LINE
8
BLACK
6
CONTINUOUS
10
0.5528942125984252
20
1.1618506299212599
11
0.5432231889763779
21
1.1592593307086614
0
LINE
8
BLACK
6
CONTINUOUS
10
0.5432231889763779
20
1.1592593307086614
11
0.5339731889763779
21
1.1554278346456692
0
LINE
8
BLACK
6
CONTINUOUS
10
0.5339731889763779
20
1.1554278346456692
11
0.5253024015748031
21
1.1504217322834644
0
LINE
8
BLACK
6
CONTINUOUS
10
0.5253024015748031
20
1.1504217322834644
11
0.5173592125984252
21
1.1443267322834645
0
LINE
8
BLACK
6
CONTINUOUS
10
0.5173592125984252
20
1.1443267322834645
11
0.5102795669291339
21
1.1372470866141733
0
LINE
8
BLACK
6
CONTINUOUS
10
0.5102795669291339
20
1.1372470866141733
11
0.5041845669291338
21
1.1293038976377952
0
LINE
8
BLACK
6
CONTINUOUS
10
0.5041845669291338
20
1.1293038976377952
11
0.4991784645669291
21
1.1206331102362204
0
LINE
8
BLACK
6
CONTINUOUS
10
0.4991784645669291
20
1.1206331102362204
11
0.495346968503937
21
1.1113831102362204
0
LINE
8
BLACK
6
CONTINUOUS
10
0.495346968503937
20
1.1113831102362204
11
0.4927556692913386
21
1.1017120866141732
0
LINE
8
BLACK
6
CONTINUOUS
10
0.4927556692913386
20
1.1017120866141732
11
0.4914488188976378
21
1.0917855905511811
0
LINE
8
BLACK
6
CONTINUOUS
10
0.4914488188976378
20
1.0917855905511811
11
0.4914488188976378
21
1.086779527559055
0
LINE
8
BLACK
6
CONTINUOUS
10
0.4914488188976378
20
1.086779527559055
11
0.4909976771653543
21
1.085391062992126
0
LINE
8
BLACK
6
CONTINUOUS
10
0.4909976771653543
20
1.085391062992126
11
0.4908202755905512
21
1.0852621653543306
0
LINE
8
BLACK
6
CONTINUOUS
10
0.4908202755905512
20
1.0852621653543306
11
0.4907569291338583
21
1.0851092125984252
0
LINE
8
BLACK
6
CONTINUOUS
10
0.4907569291338583
20
1.0851092125984252
11
0.4904144881889764
21
1.0849673622047245
0
LINE
8
BLACK
6
CONTINUOUS
10
0.4904144881889764
20
1.0849673622047245
11
0.4898165748031496
21
1.0845329527559056
0
LINE
8
BLACK
6
CONTINUOUS
10
0.4898165748031496
20
1.0845329527559056
11
0.4893657480314961
21
1.0845329527559056
0
LINE
8
BLACK
6
CONTINUOUS
10
0.4893657480314961
20
1.0845329527559056
11
0.4890866141732284
21
1.0844173228346456
0
LINE
8
BLACK
6
CONTINUOUS
10
0.4890866141732284
20
1.0844173228346456
11
0.3709763779527559
21
1.0844173228346456
0
LINE
8
BLACK
6
CONTINUOUS
10
0.3709763779527559
20
1.0844173228346456
11
0.369306062992126
21
1.0851092125984252
0
LINE
8
BLACK
6
CONTINUOUS
10
0.369306062992126
20
1.0851092125984252
11
0.3686141732283464
21
1.086779527559055
0
LINE
8
BLACK
6
CONTINUOUS
10
0.3686141732283464
20
1.086779527559055
11
0.369306062992126
21
1.0884498425196849
0
LINE
8
BLACK
6
CONTINUOUS
10
0.369306062992126
20
1.0884498425196849
11
0.3709763779527559
21
1.0891417322834644
0
LINE
8
BLACK
6
CONTINUOUS
10
0.3709763779527559
20
1.0891417322834644
11
0.4868792519685039
21
1.0891417322834644
0
LINE
8
BLACK
6
CONTINUOUS
10
0.4868792519685039
20
1.0891417322834644
11
0.4874182677165354
21
1.0973655118110235
0
LINE
8
BLACK
6
CONTINUOUS
10
0.4874182677165354
20
1.0973655118110235
11
0.4894879133858268
21
1.1077703543307087
0
LINE
8
BLACK
6
CONTINUOUS
10
0.4894879133858268
20
1.1077703543307087
11
0.4928979527559055
21
1.1178160629921259
0
LINE
8
BLACK
6
CONTINUOUS
10
0.4928979527559055
20
1.1178160629921259
11
0.4975900787401575
21
1.1273307086614173
0
LINE
8
BLACK
6
CONTINUOUS
10
0.4975900787401575
20
1.1273307086614173
11
0.503483937007874
21
1.1361515354330709
0
LINE
8
BLACK
6
CONTINUOUS
10
0.503483937007874
20
1.1361515354330709
11
0.5104787401574803
21
1.1441275590551181
0
LINE
8
BLACK
6
CONTINUOUS
10
0.5104787401574803
20
1.1441275590551181
11
0.5184547637795276
21
1.1511223622047244
0
LINE
8
BLACK
6
CONTINUOUS
10
0.5184547637795276
20
1.1511223622047244
11
0.5272755905511811
21
1.157016220472441
0
LINE
8
BLACK
6
CONTINUOUS
10
0.5272755905511811
20
1.157016220472441
11
0.5367902362204724
21
1.1617083464566929
0
LINE
8
BLACK
6
CONTINUOUS
10
0.5367902362204724
20
1.1617083464566929
11
0.5468359448818898
21
1.1651183858267715
0
LINE
8
BLACK
6
CONTINUOUS
10
0.5468359448818898
20
1.1651183858267715
11
0.5572407874015748
21
1.167188031496063
0
LINE
8
BLACK
6
CONTINUOUS
10
0.5572407874015748
20
1.167188031496063
11
0.5678267716535433
21
1.1678818897637795
0
LINE
8
BLACK
6
CONTINUOUS
10
0.5678267716535433
20
1.1678818897637795
11
0.9615275590551181
21
1.1678818897637795
0
LINE
8
BLACK
6
CONTINUOUS
10
0.4907569291338583
20
1.4821506299212599
11
0.4914488188976378
21
1.4804803149606298
0
LINE
8
BLACK
6
CONTINUOUS
10
0.4914488188976378
20
1.4804803149606298
11
0.4914488188976378
21
1.1655196850393701
0
LINE
8
BLACK
6
CONTINUOUS
10
0.4914488188976378
20
1.1655196850393701
11
0.4907569291338583
21
1.1638493700787402
0
LINE
8
BLACK
6
CONTINUOUS
10
0.4907569291338583
20
1.1638493700787402
11
0.4890866141732284
21
1.1631574803149607
0
LINE
8
BLACK
6
CONTINUOUS
10
0.4890866141732284
20
1.1631574803149607
11
0.4874162992125984
21
1.1638493700787402
0
LINE
8
BLACK
6
CONTINUOUS
10
0.4874162992125984
20
1.1638493700787402
11
0.4867244094488189
21
1.1655196850393701
0
LINE
8
BLACK
6
CONTINUOUS
10
0.4867244094488189
20
1.1655196850393701
11
0.4867244094488189
21
1.4804803149606298
0
LINE
8
BLACK
6
CONTINUOUS
10
0.4867244094488189
20
1.4804803149606298
11
0.4874162992125984
21
1.4821506299212599
0
LINE
8
BLACK
6
CONTINUOUS
10
0.4874162992125984
20
1.4821506299212599
11
0.4890866141732284
21
1.4828425196850394
0
LINE
8
BLACK
6
CONTINUOUS
10
0.4890866141732284
20
1.4828425196850394
11
0.4907569291338583
21
1.4821506299212599
0
LINE
8
BLACK
6
CONTINUOUS
10
0.5301270078740158
20
1.4427805511811023
11
0.5308188976377952
21
1.4411102362204724
0
LINE
8
BLACK
6
CONTINUOUS
10
0.5308188976377952
20
1.4411102362204724
11
0.5308188976377952
21
1.2048897637795275
0
LINE
8
BLACK
6
CONTINUOUS
10
0.5308188976377952
20
1.2048897637795275
11
0.5301270078740158
21
1.2032194488188976
0
LINE
8
BLACK
6
CONTINUOUS
10
0.5301270078740158
20
1.2032194488188976
11
0.5284566929133858
21
1.2025275590551181
0
LINE
8
BLACK
6
CONTINUOUS
10
0.5284566929133858
20
1.2025275590551181
11
0.5267863779527558
21
1.2032194488188976
0
LINE
8
BLACK
6
CONTINUOUS
10
0.5267863779527558
20
1.2032194488188976
11
0.5260944881889764
21
1.2048897637795275
0
LINE
8
BLACK
6
CONTINUOUS
10
0.5260944881889764
20
1.2048897637795275
11
0.5260944881889764
21
1.4411102362204724
0
LINE
8
BLACK
6
CONTINUOUS
10
0.5260944881889764
20
1.4411102362204724
11
0.5267863779527558
21
1.4427805511811023
0
LINE
8
BLACK
6
CONTINUOUS
10
0.5267863779527558
20
1.4427805511811023
11
0.5284566929133858
21
1.4434724409448818
0
LINE
8
BLACK
6
CONTINUOUS
10
0.5284566929133858
20
1.4434724409448818
11
0.5301270078740158
21
1.4427805511811023
0
LINE
8
BLACK
6
CONTINUOUS
10
0.5694970866141732
20
1.4034104724409449
11
0.5701889763779527
21
1.401740157480315
0
LINE
8
BLACK
6
CONTINUOUS
10
0.5701889763779527
20
1.401740157480315
11
0.5701889763779527
21
1.2442598425196849
0
LINE
8
BLACK
6
CONTINUOUS
10
0.5701889763779527
20
1.2442598425196849
11
0.5694970866141732
21
1.2425895275590551
0
LINE
8
BLACK
6
CONTINUOUS
10
0.5694970866141732
20
1.2425895275590551
11
0.5678267716535433
21
1.2418976377952755
0
LINE
8
BLACK
6
CONTINUOUS
10
0.5678267716535433
20
1.2418976377952755
11
0.5661564566929134
21
1.2425895275590551
0
LINE
8
BLACK
6
CONTINUOUS
10
0.5661564566929134
20
1.2425895275590551
11
0.5654645669291338
21
1.2442598425196849
0
LINE
8
BLACK
6
CONTINUOUS
10
0.5654645669291338
20
1.2442598425196849
11
0.5654645669291338
21
1.401740157480315
0
LINE
8
BLACK
6
CONTINUOUS
10
0.5654645669291338
20
1.401740157480315
11
0.5661564566929134
21
1.4034104724409449
0
LINE
8
BLACK
6
CONTINUOUS
10
0.5661564566929134
20
1.4034104724409449
11
0.5678267716535433
21
1.4041023622047244
0
LINE
8
BLACK
6
CONTINUOUS
10
0.5678267716535433
20
1.4041023622047244
11
0.5694970866141732
21
1.4034104724409449
0
LINE
8
BLACK
6
CONTINUOUS
10
0.6088671653543307
20
1.3640403937007874
11
0.6095590551181103
21
1.3623700787401574
0
LINE
8
BLACK
6
CONTINUOUS
10
0.6095590551181103
20
1.3623700787401574
11
0.6095590551181103
21
1.2836299212598425
0
LINE
8
BLACK
6
CONTINUOUS
10
0.6095590551181103
20
1.2836299212598425
11
0.6088671653543307
21
1.2819596062992125
0
LINE
8
BLACK
6
CONTINUOUS
10
0.6088671653543307
20
1.2819596062992125
11
0.6071968503937007
21
1.2812677165354331
0
LINE
8
BLACK
6
CONTINUOUS
10
0.6071968503937007
20
1.2812677165354331
11
0.6055265354330709
21
1.2819596062992125
0
LINE
8
BLACK
6
CONTINUOUS
10
0.6055265354330709
20
1.2819596062992125
11
0.6048346456692913
21
1.2836299212598425
0
LINE
8
BLACK
6
CONTINUOUS
10
0.6048346456692913
20
1.2836299212598425
11
0.6048346456692913
21
1.3623700787401574
0
LINE
8
BLACK
6
CONTINUOUS
10
0.6048346456692913
20
1.3623700787401574
11
0.6055265354330709
21
1.3640403937007874
0
LINE
8
BLACK
6
CONTINUOUS
10
0.6055265354330709
20
1.3640403937007874
11
0.6071968503937007
21
1.364732283464567
0
LINE
8
BLACK
6
CONTINUOUS
10
0.6071968503937007
20
1.364732283464567
11
0.6088671653543307
21
1.3640403937007874
0
LINE
8
BLACK
6
CONTINUOUS
10
1.3820762598425196
20
1.3452384645669291
11
1.3822114960629921
21
1.3451249606299212
0
LINE
8
BLACK
6
CONTINUOUS
10
1.3822114960629921
20
1.3451249606299212
11
1.3823868503937007
21
1.3451048031496062
0
LINE
8
BLACK
6
CONTINUOUS
10
1.3823868503937007
20
1.3451048031496062
11
1.3861363779527558
21
1.3432300393700787
0
LINE
8
BLACK
6
CONTINUOUS
10
1.3861363779527558
20
1.3432300393700787
11
1.3868454330708662
21
1.3427040944881889
0
LINE
8
BLACK
6
CONTINUOUS
10
1.3868454330708662
20
1.3427040944881889
11
1.3869037795275589
21
1.3426769291338583
0
LINE
8
BLACK
6
CONTINUOUS
10
1.3869037795275589
20
1.3426769291338583
11
1.3887785433070865
21
1.3408021653543307
0
LINE
8
BLACK
6
CONTINUOUS
10
1.3887785433070865
20
1.3408021653543307
11
1.3892848031496063
21
1.3400790551181101
0
LINE
8
BLACK
6
CONTINUOUS
10
1.3892848031496063
20
1.3400790551181101
11
1.3893316535433071
21
1.3400347637795276
0
LINE
8
BLACK
6
CONTINUOUS
10
1.3893316535433071
20
1.3400347637795276
11
1.3912064173228347
21
1.3362852362204725
0
LINE
8
BLACK
6
CONTINUOUS
10
1.3912064173228347
20
1.3362852362204725
11
1.3914987795275591
21
1.3353023228346457
0
LINE
8
BLACK
6
CONTINUOUS
10
1.3914987795275591
20
1.3353023228346457
11
1.3914577559055117
21
1.335130590551181
0
LINE
8
BLACK
6
CONTINUOUS
10
1.3914577559055117
20
1.335130590551181
11
1.3915181496062992
21
1.3349647244094487
0
LINE
8
BLACK
6
CONTINUOUS
10
1.3915181496062992
20
1.3349647244094487
11
1.3915181496062992
21
1.3312151968503936
0
LINE
8
BLACK
6
CONTINUOUS
10
1.3915181496062992
20
1.3312151968503936
11
1.3913400787401575
21
1.3302052755905511
0
LINE
8
BLACK
6
CONTINUOUS
10
1.3913400787401575
20
1.3302052755905511
11
1.3912265748031496
21
1.3300699999999999
0
LINE
8
BLACK
6
CONTINUOUS
10
1.3912265748031496
20
1.3300699999999999
11
1.3912064173228347
21
1.32989468503937
0
LINE
8
BLACK
6
CONTINUOUS
10
1.3912064173228347
20
1.32989468503937
11
1.3893316535433071
21
1.3261451574803149
0
LINE
8
BLACK
6
CONTINUOUS
10
1.3893316535433071
20
1.3261451574803149
11
1.3888057480314959
21
1.325436062992126
0
LINE
8
BLACK
6
CONTINUOUS
10
1.3888057480314959
20
1.325436062992126
11
1.3887785433070865
21
1.3253777559055118
0
LINE
8
BLACK
6
CONTINUOUS
10
1.3887785433070865
20
1.3253777559055118
11
1.3878961811023622
21
1.3244953937007873
0
LINE
8
BLACK
6
CONTINUOUS
10
1.3878961811023622
20
1.3244953937007873
11
1.3885261417322834
21
1.3241543307086614
0
LINE
8
BLACK
6
CONTINUOUS
10
1.3885261417322834
20
1.3241543307086614
11
1.3886185433070866
21
1.3240038582677165
0
LINE
8
BLACK
6
CONTINUOUS
10
1.3886185433070866
20
1.3240038582677165
11
1.3887785433070865
21
1.3239292913385827
0
LINE
8
BLACK
6
CONTINUOUS
10
1.3887785433070865
20
1.3239292913385827
11
1.3906533070866141
21
1.3220545275590552
0
LINE
8
BLACK
6
CONTINUOUS
10
1.3906533070866141
20
1.3220545275590552
11
1.3911595669291339
21
1.3213314173228345
0
LINE
8
BLACK
6
CONTINUOUS
10
1.3911595669291339
20
1.3213314173228345
11
1.3912064173228347
21
1.321287125984252
0
LINE
8
BLACK
6
CONTINUOUS
10
1.3912064173228347
20
1.321287125984252
11
1.3930811811023622
21
1.3175375984251969
0
LINE
8
BLACK
6
CONTINUOUS
10
1.3930811811023622
20
1.3175375984251969
11
1.3933735433070866
21
1.3165546850393701
0
LINE
8
BLACK
6
CONTINUOUS
10
1.3933735433070866
20
1.3165546850393701
11
1.3933325196850392
21
1.3163829527559054
0
LINE
8
BLACK
6
CONTINUOUS
10
1.3933325196850392
20
1.3163829527559054
11
1.3933929133858267
21
1.3162170866141731
0
LINE
8
BLACK
6
CONTINUOUS
10
1.3933929133858267
20
1.3162170866141731
11
1.3933929133858267
21
1.3105927952755905
0
LINE
8
BLACK
6
CONTINUOUS
10
1.3933929133858267
20
1.3105927952755905
11
1.3932148425196851
21
1.309582874015748
0
LINE
8
BLACK
6
CONTINUOUS
10
1.3932148425196851
20
1.309582874015748
11
1.3931013385826772
21
1.3094475984251968
0
LINE
8
BLACK
6
CONTINUOUS
10
1.3931013385826772
20
1.3094475984251968
11
1.3930811811023622
21
1.3092722834645669
0
LINE
8
BLACK
6
CONTINUOUS
10
1.3930811811023622
20
1.3092722834645669
11
1.3912064173228347
21
1.3055227559055118
0
LINE
8
BLACK
6
CONTINUOUS
10
1.3912064173228347
20
1.3055227559055118
11
1.3906805118110237
21
1.3048136614173229
0
LINE
8
BLACK
6
CONTINUOUS
10
1.3906805118110237
20
1.3048136614173229
11
1.3906533070866141
21
1.3047553543307087
0
LINE
8
BLACK
6
CONTINUOUS
10
1.3906533070866141
20
1.3047553543307087
11
1.3887785433070865
21
1.3028805905511811
0
LINE
8
BLACK
6
CONTINUOUS
10
1.3887785433070865
20
1.3028805905511811
11
1.3880555511811024
21
1.30237437007874
0
LINE
8
BLACK
6
CONTINUOUS
10
1.3880555511811024
20
1.30237437007874
11
1.3880111811023621
21
1.3023274803149607
0
LINE
8
BLACK
6
CONTINUOUS
10
1.3880111811023621
20
1.3023274803149607
11
1.384261653543307
21
1.3004526771653544
0
LINE
8
BLACK
6
CONTINUOUS
10
1.384261653543307
20
1.3004526771653544
11
1.3832787007874014
21
1.3001603149606298
0
LINE
8
BLACK
6
CONTINUOUS
10
1.3832787007874014
20
1.3001603149606298
11
1.383106968503937
21
1.3002012992125984
0
LINE
8
BLACK
6
CONTINUOUS
10
1.383106968503937
20
1.3002012992125984
11
1.3829411023622047
21
1.3001409448818897
0
LINE
8
BLACK
6
CONTINUOUS
10
1.3829411023622047
20
1.3001409448818897
11
1.3679429921259842
21
1.3001409448818897
0
LINE
8
BLACK
6
CONTINUOUS
10
1.3679429921259842
20
1.3001409448818897
11
1.3675594488188976
21
1.3002085433070867
0
LINE
8
BLACK
6
CONTINUOUS
10
1.3675594488188976
20
1.3002085433070867
11
1.3674302362204724
21
1.3001857874015748
0
LINE
8
BLACK
6
CONTINUOUS
10
1.3674302362204724
20
1.3001857874015748
11
1.3673166141732283
21
1.3002513779527558
0
LINE
8
BLACK
6
CONTINUOUS
10
1.3673166141732283
20
1.3002513779527558
11
1.3669330708661418
21
1.3003190157480315
0
LINE
8
BLACK
6
CONTINUOUS
10
1.3669330708661418
20
1.3003190157480315
11
1.3663453543307087
21
1.300812125984252
0
LINE
8
BLACK
6
CONTINUOUS
10
1.3663453543307087
20
1.300812125984252
11
1.3656810629921259
21
1.3011957086614172
0
LINE
8
BLACK
6
CONTINUOUS
10
1.3656810629921259
20
1.3011957086614172
11
1.3655899212598426
21
1.3014460236220473
0
LINE
8
BLACK
6
CONTINUOUS
10
1.3655899212598426
20
1.3014460236220473
11
1.3653858267716534
21
1.3016173228346457
0
LINE
8
BLACK
6
CONTINUOUS
10
1.3653858267716534
20
1.3016173228346457
11
1.3652525590551181
21
1.3023728740157481
0
LINE
8
BLACK
6
CONTINUOUS
10
1.3652525590551181
20
1.3023728740157481
11
1.3649902362204724
21
1.3030937007874015
0
LINE
8
BLACK
6
CONTINUOUS
10
1.3649902362204724
20
1.3030937007874015
11
1.3649902362204724
21
1.3424637795275591
0
LINE
8
BLACK
6
CONTINUOUS
10
1.3649902362204724
20
1.3424637795275591
11
1.3650578346456692
21
1.3428472834645668
0
LINE
8
BLACK
6
CONTINUOUS
10
1.3650578346456692
20
1.3428472834645668
11
1.3650350787401575
21
1.3429765354330709
0
LINE
8
BLACK
6
CONTINUOUS
10
1.3650350787401575
20
1.3429765354330709
11
1.3651006692913386
21
1.3430901181102362
0
LINE
8
BLACK
6
CONTINUOUS
10
1.3651006692913386
20
1.3430901181102362
11
1.3651683070866141
21
1.3434737007874016
0
LINE
8
BLACK
6
CONTINUOUS
10
1.3651683070866141
20
1.3434737007874016
11
1.3656614173228345
21
1.3440613779527559
0
LINE
8
BLACK
6
CONTINUOUS
10
1.3656614173228345
20
1.3440613779527559
11
1.366045
21
1.3447257086614173
0
LINE
8
BLACK
6
CONTINUOUS
10
1.366045
20
1.3447257086614173
11
1.3662953149606298
21
1.344816811023622
0
LINE
8
BLACK
6
CONTINUOUS
10
1.3662953149606298
20
1.344816811023622
11
1.3664666141732282
21
1.3450209448818897
0
LINE
8
BLACK
6
CONTINUOUS
10
1.3664666141732282
20
1.3450209448818897
11
1.3672221653543306
21
1.3451541732283465
0
LINE
8
BLACK
6
CONTINUOUS
10
1.3672221653543306
20
1.3451541732283465
11
1.3679429921259842
21
1.3454165354330709
0
LINE
8
BLACK
6
CONTINUOUS
10
1.3679429921259842
20
1.3454165354330709
11
1.3810663385826771
21
1.3454165354330709
0
LINE
8
BLACK
6
CONTINUOUS
10
1.3810663385826771
20
1.3454165354330709
11
1.3820762598425196
21
1.3452384645669291
0
LINE
8
BLACK
6
CONTINUOUS
10
1.3708957480314961
20
1.3060464566929133
11
1.3822440157480316
21
1.3060464566929133
0
LINE
8
BLACK
6
CONTINUOUS
10
1.3822440157480316
20
1.3060464566929133
11
1.384941496062992
21
1.3073951968503936
0
LINE
8
BLACK
6
CONTINUOUS
10
1.384941496062992
20
1.3073951968503936
11
1.3861386614173228
21
1.3085923622047244
0
LINE
8
BLACK
6
CONTINUOUS
10
1.3861386614173228
20
1.3085923622047244
11
1.3874874015748031
21
1.3112898425196851
0
LINE
8
BLACK
6
CONTINUOUS
10
1.3874874015748031
20
1.3112898425196851
11
1.3874874015748031
21
1.3155200393700788
0
LINE
8
BLACK
6
CONTINUOUS
10
1.3874874015748031
20
1.3155200393700788
11
1.3861386614173228
21
1.3182175196850394
0
LINE
8
BLACK
6
CONTINUOUS
10
1.3861386614173228
20
1.3182175196850394
11
1.385095590551181
21
1.3192605511811024
0
LINE
8
BLACK
6
CONTINUOUS
10
1.385095590551181
20
1.3192605511811024
11
1.3805872047244094
21
1.3207633858267716
0
LINE
8
BLACK
6
CONTINUOUS
10
1.3805872047244094
20
1.3207633858267716
11
1.3708957480314961
21
1.3207633858267716
0
LINE
8
BLACK
6
CONTINUOUS
10
1.3708957480314961
20
1.3207633858267716
11
1.3708957480314961
21
1.3060464566929133
0
LINE
8
BLACK
6
CONTINUOUS
10
1.3708957480314961
20
1.3266688976377952
11
1.3803692913385825
21
1.3266688976377952
0
LINE
8
BLACK
6
CONTINUOUS
10
1.3803692913385825
20
1.3266688976377952
11
1.3830667716535432
21
1.3280176377952755
0
LINE
8
BLACK
6
CONTINUOUS
10
1.3830667716535432
20
1.3280176377952755
11
1.3842638976377952
21
1.3292147637795275
0
LINE
8
BLACK
6
CONTINUOUS
10
1.3842638976377952
20
1.3292147637795275
11
1.3856126377952755
21
1.3319122440944882
0
LINE
8
BLACK
6
CONTINUOUS
10
1.3856126377952755
20
1.3319122440944882
11
1.3856126377952755
21
1.3342676771653543
0
LINE
8
BLACK
6
CONTINUOUS
10
1.3856126377952755
20
1.3342676771653543
11
1.3842638976377952
21
1.336965157480315
0
LINE
8
BLACK
6
CONTINUOUS
10
1.3842638976377952
20
1.336965157480315
11
1.3830667716535432
21
1.338162283464567
0
LINE
8
BLACK
6
CONTINUOUS
10
1.3830667716535432
20
1.338162283464567
11
1.3803692913385825
21
1.3395110236220471
0
LINE
8
BLACK
6
CONTINUOUS
10
1.3803692913385825
20
1.3395110236220471
11
1.3708957480314961
21
1.3395110236220471
0
LINE
8
BLACK
6
CONTINUOUS
10
1.3708957480314961
20
1.3395110236220471
11
1.3708957480314961
21
1.3266688976377952
0
LINE
8
BLACK
6
CONTINUOUS
10
1.4583690551181101
20
1.3453394094488189
11
1.4585045669291339
21
1.3453604330708662
0
LINE
8
BLACK
6
CONTINUOUS
10
1.4585045669291339
20
1.3453604330708662
11
1.4586092125984251
21
1.3452970472440944
0
LINE
8
BLACK
6
CONTINUOUS
10
1.4586092125984251
20
1.3452970472440944
11
1.4589416535433071
21
1.3452384645669291
0
LINE
8
BLACK
6
CONTINUOUS
10
1.4589416535433071
20
1.3452384645669291
11
1.4595514173228346
21
1.3447267716535434
0
LINE
8
BLACK
6
CONTINUOUS
10
1.4595514173228346
20
1.3447267716535434
11
1.4602324803149607
21
1.3443145669291339
0
LINE
8
BLACK
6
CONTINUOUS
10
1.4602324803149607
20
1.3443145669291339
11
1.4603084251968503
21
1.3440915354330709
0
LINE
8
BLACK
6
CONTINUOUS
10
1.4603084251968503
20
1.3440915354330709
11
1.4604888976377952
21
1.3439401574803149
0
LINE
8
BLACK
6
CONTINUOUS
10
1.4604888976377952
20
1.3439401574803149
11
1.460627125984252
21
1.3431561811023622
0
LINE
8
BLACK
6
CONTINUOUS
10
1.460627125984252
20
1.3431561811023622
11
1.4608838582677166
21
1.3424026771653543
0
LINE
8
BLACK
6
CONTINUOUS
10
1.4608838582677166
20
1.3424026771653543
11
1.4607987007874015
21
1.342183031496063
0
LINE
8
BLACK
6
CONTINUOUS
10
1.4607987007874015
20
1.342183031496063
11
1.4608396456692914
21
1.3419510236220473
0
LINE
8
BLACK
6
CONTINUOUS
10
1.4608396456692914
20
1.3419510236220473
11
1.4604415354330709
21
1.3412615354330708
0
LINE
8
BLACK
6
CONTINUOUS
10
1.4604415354330709
20
1.3412615354330708
11
1.4601538976377952
21
1.3405193700787401
0
LINE
8
BLACK
6
CONTINUOUS
10
1.4601538976377952
20
1.3405193700787401
11
1.451197559055118
21
1.3302835433070865
0
LINE
8
BLACK
6
CONTINUOUS
10
1.451197559055118
20
1.3302835433070865
11
1.4514425984251969
21
1.3302403543307086
0
LINE
8
BLACK
6
CONTINUOUS
10
1.4514425984251969
20
1.3302403543307086
11
1.4515778346456694
21
1.3301268503937007
0
LINE
8
BLACK
6
CONTINUOUS
10
1.4515778346456694
20
1.3301268503937007
11
1.451753188976378
21
1.3301066929133858
0
LINE
8
BLACK
6
CONTINUOUS
10
1.451753188976378
20
1.3301066929133858
11
1.4555027165354331
21
1.3282319291338582
0
LINE
8
BLACK
6
CONTINUOUS
10
1.4555027165354331
20
1.3282319291338582
11
1.4562117716535432
21
1.3277059842519685
0
LINE
8
BLACK
6
CONTINUOUS
10
1.4562117716535432
20
1.3277059842519685
11
1.4562701181102362
21
1.3276788188976378
0
LINE
8
BLACK
6
CONTINUOUS
10
1.4562701181102362
20
1.3276788188976378
11
1.4581448818897638
21
1.3258040551181103
0
LINE
8
BLACK
6
CONTINUOUS
10
1.4581448818897638
20
1.3258040551181103
11
1.4586511417322834
21
1.3250809448818897
0
LINE
8
BLACK
6
CONTINUOUS
10
1.4586511417322834
20
1.3250809448818897
11
1.4586979921259842
21
1.3250366535433071
0
LINE
8
BLACK
6
CONTINUOUS
10
1.4586979921259842
20
1.3250366535433071
11
1.4605727559055117
21
1.321287125984252
0
LINE
8
BLACK
6
CONTINUOUS
10
1.4605727559055117
20
1.321287125984252
11
1.4608651181102361
21
1.3203042125984252
0
LINE
8
BLACK
6
CONTINUOUS
10
1.4608651181102361
20
1.3203042125984252
11
1.460824094488189
21
1.3201324803149606
0
LINE
8
BLACK
6
CONTINUOUS
10
1.460824094488189
20
1.3201324803149606
11
1.4608844881889764
21
1.3199666141732282
0
LINE
8
BLACK
6
CONTINUOUS
10
1.4608844881889764
20
1.3199666141732282
11
1.4608844881889764
21
1.3105927952755905
0
LINE
8
BLACK
6
CONTINUOUS
10
1.4608844881889764
20
1.3105927952755905
11
1.4607064173228346
21
1.309582874015748
0
LINE
8
BLACK
6
CONTINUOUS
10
1.4607064173228346
20
1.309582874015748
11
1.4605929133858266
21
1.3094475984251968
0
LINE
8
BLACK
6
CONTINUOUS
10
1.4605929133858266
20
1.3094475984251968
11
1.4605727559055117
21
1.3092722834645669
0
LINE
8
BLACK
6
CONTINUOUS
10
1.4605727559055117
20
1.3092722834645669
11
1.4586979921259842
21
1.3055227559055118
0
LINE
8
BLACK
6
CONTINUOUS
10
1.4586979921259842
20
1.3055227559055118
11
1.4581720866141732
21
1.3048136614173229
0
LINE
8
BLACK
6
CONTINUOUS
10
1.4581720866141732
20
1.3048136614173229
11
1.4581448818897638
21
1.3047553543307087
0
LINE
8
BLACK
6
CONTINUOUS
10
1.4581448818897638
20
1.3047553543307087
11
1.4562701181102362
21
1.3028805905511811
0
LINE
8
BLACK
6
CONTINUOUS
10
1.4562701181102362
20
1.3028805905511811
11
1.4555471259842518
21
1.30237437007874
0
LINE
8
BLACK
6
CONTINUOUS
10
1.4555471259842518
20
1.30237437007874
11
1.4555027559055118
21
1.3023274803149607
0
LINE
8
BLACK
6
CONTINUOUS
10
1.4555027559055118
20
1.3023274803149607
11
1.4517532283464567
21
1.3004526771653544
0
LINE
8
BLACK
6
CONTINUOUS
10
1.4517532283464567
20
1.3004526771653544
11
1.4507702755905512
21
1.3001603149606298
0
LINE
8
BLACK
6
CONTINUOUS
10
1.4507702755905512
20
1.3001603149606298
11
1.4505985433070865
21
1.3002012992125984
0
LINE
8
BLACK
6
CONTINUOUS
10
1.4505985433070865
20
1.3002012992125984
11
1.4504326771653544
21
1.3001409448818897
0
LINE
8
BLACK
6
CONTINUOUS
10
1.4504326771653544
20
1.3001409448818897
11
1.4391840944881888
21
1.3001409448818897
0
LINE
8
BLACK
6
CONTINUOUS
10
1.4391840944881888
20
1.3001409448818897
11
1.4381741732283464
21
1.3003190157480315
0
LINE
8
BLACK
6
CONTINUOUS
10
1.4381741732283464
20
1.3003190157480315
11
1.4380388976377951
21
1.3004324803149605
0
LINE
8
BLACK
6
CONTINUOUS
10
1.4380388976377951
20
1.3004324803149605
11
1.4378635826771653
21
1.3004526771653544
0
LINE
8
BLACK
6
CONTINUOUS
10
1.4378635826771653
20
1.3004526771653544
11
1.4341140157480314
21
1.3023274803149607
0
LINE
8
BLACK
6
CONTINUOUS
10
1.4341140157480314
20
1.3023274803149607
11
1.433405
21
1.3028533464566929
0
LINE
8
BLACK
6
CONTINUOUS
10
1.433405
20
1.3028533464566929
11
1.433346653543307
21
1.3028805905511811
0
LINE
8
BLACK
6
CONTINUOUS
10
1.433346653543307
20
1.3028805905511811
11
1.4314718897637795
21
1.3047553543307087
0
LINE
8
BLACK
6
CONTINUOUS
10
1.4314718897637795
20
1.3047553543307087
11
1.4308837007874016
21
1.3055953937007874
0
LINE
8
BLACK
6
CONTINUOUS
10
1.4308837007874016
20
1.3055953937007874
11
1.4307076377952757
21
1.3076074803149607
0
LINE
8
BLACK
6
CONTINUOUS
10
1.4307076377952757
20
1.3076074803149607
11
1.4318661811023621
21
1.3092620472440946
0
LINE
8
BLACK
6
CONTINUOUS
10
1.4318661811023621
20
1.3092620472440946
11
1.433817125984252
21
1.3097847637795275
0
LINE
8
BLACK
6
CONTINUOUS
10
1.433817125984252
20
1.3097847637795275
11
1.4356477165354331
21
1.3089311811023623
0
LINE
8
BLACK
6
CONTINUOUS
10
1.4356477165354331
20
1.3089311811023623
11
1.437183622047244
21
1.3073952362204724
0
LINE
8
BLACK
6
CONTINUOUS
10
1.437183622047244
20
1.3073952362204724
11
1.4398811811023622
21
1.3060464566929133
0
LINE
8
BLACK
6
CONTINUOUS
10
1.4398811811023622
20
1.3060464566929133
11
1.4497355905511811
21
1.3060464566929133
0
LINE
8
BLACK
6
CONTINUOUS
10
1.4497355905511811
20
1.3060464566929133
11
1.4524330708661417
21
1.3073951968503936
0
LINE
8
BLACK
6
CONTINUOUS
10
1.4524330708661417
20
1.3073951968503936
11
1.4536302362204725
21
1.3085923622047244
0
LINE
8
BLACK
6
CONTINUOUS
10
1.4536302362204725
20
1.3085923622047244
11
1.4549789763779528
21
1.3112898425196851
0
LINE
8
BLACK
6
CONTINUOUS
10
1.4549789763779528
20
1.3112898425196851
11
1.4549789763779528
21
1.3192695669291339
0
LINE
8
BLACK
6
CONTINUOUS
10
1.4549789763779528
20
1.3192695669291339
11
1.4536302362204725
21
1.3219670472440945
0
LINE
8
BLACK
6
CONTINUOUS
10
1.4536302362204725
20
1.3219670472440945
11
1.4524331102362205
21
1.3231641732283463
0
LINE
8
BLACK
6
CONTINUOUS
10
1.4524331102362205
20
1.3231641732283463
11
1.4497356299212598
21
1.3245129133858267
0
LINE
8
BLACK
6
CONTINUOUS
10
1.4497356299212598
20
1.3245129133858267
11
1.4448083858267715
21
1.3245129133858267
0
LINE
8
BLACK
6
CONTINUOUS
10
1.4448083858267715
20
1.3245129133858267
11
1.4443710236220473
21
1.3245899999999999
0
LINE
8
BLACK
6
CONTINUOUS
10
1.4443710236220473
20
1.3245899999999999
11
1.4442355511811023
21
1.3245690157480314
0
LINE
8
BLACK
6
CONTINUOUS
10
1.4442355511811023
20
1.3245690157480314
11
1.4441308661417323
21
1.3246323622047245
0
LINE
8
BLACK
6
CONTINUOUS
10
1.4441308661417323
20
1.3246323622047245
11
1.4437984645669291
21
1.3246909842519685
0
LINE
8
BLACK
6
CONTINUOUS
10
1.4437984645669291
20
1.3246909842519685
11
1.4431886614173228
21
1.3252026377952755
0
LINE
8
BLACK
6
CONTINUOUS
10
1.4431886614173228
20
1.3252026377952755
11
1.4425076377952755
21
1.3256148818897637
0
LINE
8
BLACK
6
CONTINUOUS
10
1.4425076377952755
20
1.3256148818897637
11
1.442431653543307
21
1.3258378740157479
0
LINE
8
BLACK
6
CONTINUOUS
10
1.442431653543307
20
1.3258378740157479
11
1.4422512204724409
21
1.3259892913385827
0
LINE
8
BLACK
6
CONTINUOUS
10
1.4422512204724409
20
1.3259892913385827
11
1.4421129527559056
21
1.3267732283464566
0
LINE
8
BLACK
6
CONTINUOUS
10
1.4421129527559056
20
1.3267732283464566
11
1.4418562598425197
21
1.3275267716535433
0
LINE
8
BLACK
6
CONTINUOUS
10
1.4418562598425197
20
1.3275267716535433
11
1.4419413779527559
21
1.3277463779527559
0
LINE
8
BLACK
6
CONTINUOUS
10
1.4419413779527559
20
1.3277463779527559
11
1.4419004724409448
21
1.3279784251968503
0
LINE
8
BLACK
6
CONTINUOUS
10
1.4419004724409448
20
1.3279784251968503
11
1.4422985433070865
21
1.328667874015748
0
LINE
8
BLACK
6
CONTINUOUS
10
1.4422985433070865
20
1.328667874015748
11
1.4425862204724409
21
1.3294100787401575
0
LINE
8
BLACK
6
CONTINUOUS
10
1.4425862204724409
20
1.3294100787401575
11
1.4514245669291339
21
1.3395110236220471
0
LINE
8
BLACK
6
CONTINUOUS
10
1.4514245669291339
20
1.3395110236220471
11
1.4335598031496062
21
1.3395110236220471
0
LINE
8
BLACK
6
CONTINUOUS
10
1.4335598031496062
20
1.3395110236220471
11
1.4325498818897637
21
1.339689094488189
0
LINE
8
BLACK
6
CONTINUOUS
10
1.4325498818897637
20
1.339689094488189
11
1.4310026377952756
21
1.3409874015748031
0
LINE
8
BLACK
6
CONTINUOUS
10
1.4310026377952756
20
1.3409874015748031
11
1.4306518897637794
21
1.3429765354330709
0
LINE
8
BLACK
6
CONTINUOUS
10
1.4306518897637794
20
1.3429765354330709
11
1.4316618110236221
21
1.3447257086614173
0
LINE
8
BLACK
6
CONTINUOUS
10
1.4316618110236221
20
1.3447257086614173
11
1.4335598031496062
21
1.3454165354330709
0
LINE
8
BLACK
6
CONTINUOUS
10
1.4335598031496062
20
1.3454165354330709
11
1.4579317322834646
21
1.3454165354330709
0
LINE
8
BLACK
6
CONTINUOUS
10
1.4579317322834646
20
1.3454165354330709
11
1.4583690551181101
21
1.3453394094488189
0
LINE
8
BLACK
6
CONTINUOUS
10
1.4251958661417323
20
1.3452384645669291
11
1.4267431102362205
21
1.3439401574803149
0
LINE
8
BLACK
6
CONTINUOUS
10
1.4267431102362205
20
1.3439401574803149
11
1.4270938582677164
21
1.3419510236220473
0
LINE
8
BLACK
6
CONTINUOUS
10
1.4270938582677164
20
1.3419510236220473
11
1.4260839370078739
21
1.3402018503937008
0
LINE
8
BLACK
6
CONTINUOUS
10
1.4260839370078739
20
1.3402018503937008
11
1.4241859448818897
21
1.3395110236220471
0
LINE
8
BLACK
6
CONTINUOUS
10
1.4241859448818897
20
1.3395110236220471
11
1.4158901181102361
21
1.3395110236220471
0
LINE
8
BLACK
6
CONTINUOUS
10
1.4158901181102361
20
1.3395110236220471
11
1.4158901181102361
21
1.3030937007874015
0
LINE
8
BLACK
6
CONTINUOUS
10
1.4158901181102361
20
1.3030937007874015
11
1.4157120472440945
21
1.302083779527559
0
LINE
8
BLACK
6
CONTINUOUS
10
1.4157120472440945
20
1.302083779527559
11
1.4144137401574803
21
1.3005365354330709
0
LINE
8
BLACK
6
CONTINUOUS
10
1.4144137401574803
20
1.3005365354330709
11
1.4124246062992125
21
1.3001857874015748
0
LINE
8
BLACK
6
CONTINUOUS
10
1.4124246062992125
20
1.3001857874015748
11
1.4106754330708662
21
1.3011957086614172
0
LINE
8
BLACK
6
CONTINUOUS
10
1.4106754330708662
20
1.3011957086614172
11
1.4099846062992125
21
1.3030937007874015
0
LINE
8
BLACK
6
CONTINUOUS
10
1.4099846062992125
20
1.3030937007874015
11
1.4099846062992125
21
1.3395110236220471
0
LINE
8
BLACK
6
CONTINUOUS
10
1.4099846062992125
20
1.3395110236220471
11
1.401688779527559
21
1.3395110236220471
0
LINE
8
BLACK
6
CONTINUOUS
10
1.401688779527559
20
1.3395110236220471
11
1.4006788582677165
21
1.339689094488189
0
LINE
8
BLACK
6
CONTINUOUS
10
1.4006788582677165
20
1.339689094488189
11
1.3991316141732284
21
1.3409874015748031
0
LINE
8
BLACK
6
CONTINUOUS
10
1.3991316141732284
20
1.3409874015748031
11
1.3987808661417322
21
1.3429765354330709
0
LINE
8
BLACK
6
CONTINUOUS
10
1.3987808661417322
20
1.3429765354330709
11
1.3997907874015747
21
1.3447257086614173
0
LINE
8
BLACK
6
CONTINUOUS
10
1.3997907874015747
20
1.3447257086614173
11
1.401688779527559
21
1.3454165354330709
0
LINE
8
BLACK
6
CONTINUOUS
10
1.401688779527559
20
1.3454165354330709
11
1.4241859448818897
21
1.3454165354330709
0
LINE
8
BLACK
6
CONTINUOUS
10
1.4241859448818897
20
1.3454165354330709
11
1.4251958661417323
21
1.3452384645669291
0
LINE
8
BLACK
6
CONTINUOUS
10
1.6762619291338583
20
1.4209879527559055
11
1.6769527559055117
21
1.4190899606299212
0
LINE
8
BLACK
6
CONTINUOUS
10
1.6769527559055117
20
1.4190899606299212
11
1.6769527559055117
21
1.4070446062992126
0
LINE
8
BLACK
6
CONTINUOUS
10
1.6769527559055117
20
1.4070446062992126
11
1.6889981496062991
21
1.4070446062992126
0
LINE
8
BLACK
6
CONTINUOUS
10
1.6889981496062991
20
1.4070446062992126
11
1.6900080708661418
21
1.4068665354330709
0
LINE
8
BLACK
6
CONTINUOUS
10
1.6900080708661418
20
1.4068665354330709
11
1.6915553149606299
21
1.4055682283464566
0
LINE
8
BLACK
6
CONTINUOUS
10
1.6915553149606299
20
1.4055682283464566
11
1.6919060629921259
21
1.403579094488189
0
LINE
8
BLACK
6
CONTINUOUS
10
1.6919060629921259
20
1.403579094488189
11
1.6908961417322834
21
1.4018299212598424
0
LINE
8
BLACK
6
CONTINUOUS
10
1.6908961417322834
20
1.4018299212598424
11
1.6889981496062991
21
1.401139094488189
0
LINE
8
BLACK
6
CONTINUOUS
10
1.6889981496062991
20
1.401139094488189
11
1.6769527559055117
21
1.401139094488189
0
LINE
8
BLACK
6
CONTINUOUS
10
1.6769527559055117
20
1.401139094488189
11
1.6769527559055117
21
1.3890937007874016
0
LINE
8
BLACK
6
CONTINUOUS
10
1.6769527559055117
20
1.3890937007874016
11
1.6767746850393701
21
1.3880837795275591
0
LINE
8
BLACK
6
CONTINUOUS
10
1.6767746850393701
20
1.3880837795275591
11
1.6754763779527559
21
1.3865365354330708
0
LINE
8
BLACK
6
CONTINUOUS
10
1.6754763779527559
20
1.3865365354330708
11
1.6734872440944881
21
1.3861857874015748
0
LINE
8
BLACK
6
CONTINUOUS
10
1.6734872440944881
20
1.3861857874015748
11
1.6717380708661418
21
1.3871957086614173
0
LINE
8
BLACK
6
CONTINUOUS
10
1.6717380708661418
20
1.3871957086614173
11
1.6710472440944881
21
1.3890937007874016
0
LINE
8
BLACK
6
CONTINUOUS
10
1.6710472440944881
20
1.3890937007874016
11
1.6710472440944881
21
1.401139094488189
0
LINE
8
BLACK
6
CONTINUOUS
10
1.6710472440944881
20
1.401139094488189
11
1.6590018897637795
21
1.401139094488189
0
LINE
8
BLACK
6
CONTINUOUS
10
1.6590018897637795
20
1.401139094488189
11
1.657991968503937
21
1.4013171653543306
0
LINE
8
BLACK
6
CONTINUOUS
10
1.657991968503937
20
1.4013171653543306
11
1.6564447244094487
21
1.4026154724409448
0
LINE
8
BLACK
6
CONTINUOUS
10
1.6564447244094487
20
1.4026154724409448
11
1.6560939763779527
21
1.4046046062992126
0
LINE
8
BLACK
6
CONTINUOUS
10
1.6560939763779527
20
1.4046046062992126
11
1.6571038976377952
21
1.4063537795275591
0
LINE
8
BLACK
6
CONTINUOUS
10
1.6571038976377952
20
1.4063537795275591
11
1.6590018897637795
21
1.4070446062992126
0
LINE
8
BLACK
6
CONTINUOUS
10
1.6590018897637795
20
1.4070446062992126
11
1.6710472440944881
21
1.4070446062992126
0
LINE
8
BLACK
6
CONTINUOUS
10
1.6710472440944881
20
1.4070446062992126
11
1.6710472440944881
21
1.4190899606299212
0
LINE
8
BLACK
6
CONTINUOUS
10
1.6710472440944881
20
1.4190899606299212
11
1.67122531496063
21
1.4200998818897637
0
LINE
8
BLACK
6
CONTINUOUS
10
1.67122531496063
20
1.4200998818897637
11
1.6725236220472441
21
1.421647125984252
0
LINE
8
BLACK
6
CONTINUOUS
10
1.6725236220472441
20
1.421647125984252
11
1.6745127559055117
21
1.421997874015748
0
LINE
8
BLACK
6
CONTINUOUS
10
1.6745127559055117
20
1.421997874015748
11
1.6762619291338583
21
1.4209879527559055
0
LINE
8
BLACK
6
CONTINUOUS
10
0.4893657480314961
20
1.5614670472440944
11
0.4898165748031496
21
1.5614670472440944
0
LINE
8
BLACK
6
CONTINUOUS
10
0.4898165748031496
20
1.5614670472440944
11
0.4904144881889764
21
1.5610325984251967
0
LINE
8
BLACK
6
CONTINUOUS
10
0.4904144881889764
20
1.5610325984251967
11
0.4907569291338583
21
1.5608907874015747
0
LINE
8
BLACK
6
CONTINUOUS
10
0.4907569291338583
20
1.5608907874015747
11
0.4908202755905512
21
1.5607377952755905
0
LINE
8
BLACK
6
CONTINUOUS
10
0.4908202755905512
20
1.5607377952755905
11
0.4909976771653543
21
1.560608937007874
0
LINE
8
BLACK
6
CONTINUOUS
10
0.4909976771653543
20
1.560608937007874
11
0.4914488188976378
21
1.5592204724409449
0
LINE
8
BLACK
6
CONTINUOUS
10
0.4914488188976378
20
1.5592204724409449
11
0.4914488188976378
21
1.5542144094488188
0
LINE
8
BLACK
6
CONTINUOUS
10
0.4914488188976378
20
1.5542144094488188
11
0.4927556692913386
21
1.5442879133858267
0
LINE
8
BLACK
6
CONTINUOUS
10
0.4927556692913386
20
1.5442879133858267
11
0.495346968503937
21
1.5346168897637795
0
LINE
8
BLACK
6
CONTINUOUS
10
0.495346968503937
20
1.5346168897637795
11
0.4991784645669291
21
1.5253668897637795
0
LINE
8
BLACK
6
CONTINUOUS
10
0.4991784645669291
20
1.5253668897637795
11
0.5041845669291338
21
1.5166961023622048
0
LINE
8
BLACK
6
CONTINUOUS
10
0.5041845669291338
20
1.5166961023622048
11
0.5102795669291339
21
1.5087529133858268
0
LINE
8
BLACK
6
CONTINUOUS
10
0.5102795669291339
20
1.5087529133858268
11
0.5173592125984252
21
1.5016732677165354
0
LINE
8
BLACK
6
CONTINUOUS
10
0.5173592125984252
20
1.5016732677165354
11
0.5253024015748031
21
1.4955782677165355
0
LINE
8
BLACK
6
CONTINUOUS
10
0.5253024015748031
20
1.4955782677165355
11
0.5339731889763779
21
1.4905721653543307
0
LINE
8
BLACK
6
CONTINUOUS
10
0.5339731889763779
20
1.4905721653543307
11
0.5432231889763779
21
1.4867406692913385
0
LINE
8
BLACK
6
CONTINUOUS
10
0.5432231889763779
20
1.4867406692913385
11
0.5528942125984252
21
1.48414937007874
0
LINE
8
BLACK
6
CONTINUOUS
10
0.5528942125984252
20
1.48414937007874
11
0.5628207086614173
21
1.4828425196850394
0
LINE
8
BLACK
6
CONTINUOUS
10
0.5628207086614173
20
1.4828425196850394
11
0.5678267716535433
21
1.4828425196850394
0
LINE
8
BLACK
6
CONTINUOUS
10
0.5678267716535433
20
1.4828425196850394
11
0.9615275590551181
21
1.4828425196850394
0
LINE
8
BLACK
6
CONTINUOUS
10
0.9615275590551181
20
1.4828425196850394
11
0.966533622047244
21
1.4828425196850394
0
LINE
8
BLACK
6
CONTINUOUS
10
0.966533622047244
20
1.4828425196850394
11
0.9764601181102363
21
1.48414937007874
0
LINE
8
BLACK
6
CONTINUOUS
10
0.9764601181102363
20
1.48414937007874
11
0.9861311417322834
21
1.4867406692913385
0
LINE
8
BLACK
6
CONTINUOUS
10
0.9861311417322834
20
1.4867406692913385
11
0.9953811417322834
21
1.4905721653543307
0
LINE
8
BLACK
6
CONTINUOUS
10
0.9953811417322834
20
1.4905721653543307
11
1.0040519291338583
21
1.4955782677165355
0
LINE
8
BLACK
6
CONTINUOUS
10
1.0040519291338583
20
1.4955782677165355
11
1.0119951181102362
21
1.5016732677165354
0
LINE
8
BLACK
6
CONTINUOUS
10
1.0119951181102362
20
1.5016732677165354
11
1.0190747637795274
21
1.5087529133858268
0
LINE
8
BLACK
6
CONTINUOUS
10
1.0190747637795274
20
1.5087529133858268
11
1.0251697637795276
21
1.5166961023622048
0
LINE
8
BLACK
6
CONTINUOUS
10
1.0251697637795276
20
1.5166961023622048
11
1.0301758661417322
21
1.5253668897637795
0
LINE
8
BLACK
6
CONTINUOUS
10
1.0301758661417322
20
1.5253668897637795
11
1.0340073622047243
21
1.5346168897637795
0
LINE
8
BLACK
6
CONTINUOUS
10
1.0340073622047243
20
1.5346168897637795
11
1.0365986614173228
21
1.5442879133858267
0
LINE
8
BLACK
6
CONTINUOUS
10
1.0365986614173228
20
1.5442879133858267
11
1.0379055118110236
21
1.5542144094488188
0
LINE
8
BLACK
6
CONTINUOUS
10
1.0379055118110236
20
1.5542144094488188
11
1.0379055118110236
21
1.5592204724409449
0
LINE
8
BLACK
6
CONTINUOUS
10
1.0379055118110236
20
1.5592204724409449
11
1.0383566535433071
21
1.560608937007874
0
LINE
8
BLACK
6
CONTINUOUS
10
1.0383566535433071
20
1.560608937007874
11
1.0395377559055119
21
1.5614670472440944
0
LINE
8
BLACK
6
CONTINUOUS
10
1.0395377559055119
20
1.5614670472440944
11
1.0409976771653544
21
1.5614670472440944
0
LINE
8
BLACK
6
CONTINUOUS
10
1.0409976771653544
20
1.5614670472440944
11
1.042178779527559
21
1.560608937007874
0
LINE
8
BLACK
6
CONTINUOUS
10
1.042178779527559
20
1.560608937007874
11
1.0426299212598424
21
1.5592204724409449
0
LINE
8
BLACK
6
CONTINUOUS
10
1.0426299212598424
20
1.5592204724409449
11
1.0419360629921259
21
1.5486344881889764
0
LINE
8
BLACK
6
CONTINUOUS
10
1.0419360629921259
20
1.5486344881889764
11
1.0398664173228347
21
1.5382296456692912
0
LINE
8
BLACK
6
CONTINUOUS
10
1.0398664173228347
20
1.5382296456692912
11
1.0364563779527558
21
1.528183937007874
0
LINE
8
BLACK
6
CONTINUOUS
10
1.0364563779527558
20
1.528183937007874
11
1.031764251968504
21
1.5186692913385826
0
LINE
8
BLACK
6
CONTINUOUS
10
1.031764251968504
20
1.5186692913385826
11
1.0258703937007874
21
1.509848464566929
0
LINE
8
BLACK
6
CONTINUOUS
10
1.0258703937007874
20
1.509848464566929
11
1.018875590551181
21
1.5018724409448818
0
LINE
8
BLACK
6
CONTINUOUS
10
1.018875590551181
20
1.5018724409448818
11
1.0108995669291339
21
1.4948776377952755
0
LINE
8
BLACK
6
CONTINUOUS
10
1.0108995669291339
20
1.4948776377952755
11
1.0020787401574802
21
1.4889837795275591
0
LINE
8
BLACK
6
CONTINUOUS
10
1.0020787401574802
20
1.4889837795275591
11
0.9925640944881889
21
1.4842916535433071
0
LINE
8
BLACK
6
CONTINUOUS
10
0.9925640944881889
20
1.4842916535433071
11
0.9825183858267716
21
1.4808816141732284
0
LINE
8
BLACK
6
CONTINUOUS
10
0.9825183858267716
20
1.4808816141732284
11
0.9721135433070865
21
1.4788119685039369
0
LINE
8
BLACK
6
CONTINUOUS
10
0.9721135433070865
20
1.4788119685039369
11
0.9615275590551181
21
1.4781181102362204
0
LINE
8
BLACK
6
CONTINUOUS
10
0.9615275590551181
20
1.4781181102362204
11
0.5678267716535433
21
1.4781181102362204
0
LINE
8
BLACK
6
CONTINUOUS
10
0.5678267716535433
20
1.4781181102362204
11
0.5572407874015748
21
1.4788119685039369
0
LINE
8
BLACK
6
CONTINUOUS
10
0.5572407874015748
20
1.4788119685039369
11
0.5468359448818898
21
1.4808816141732284
0
LINE
8
BLACK
6
CONTINUOUS
10
0.5468359448818898
20
1.4808816141732284
11
0.5367902362204724
21
1.4842916535433071
0
LINE
8
BLACK
6
CONTINUOUS
10
0.5367902362204724
20
1.4842916535433071
11
0.5272755905511811
21
1.4889837795275591
0
LINE
8
BLACK
6
CONTINUOUS
10
0.5272755905511811
20
1.4889837795275591
11
0.5184547637795276
21
1.4948776377952755
0
LINE
8
BLACK
6
CONTINUOUS
10
0.5184547637795276
20
1.4948776377952755
11
0.5104787401574803
21
1.5018724409448818
0
LINE
8
BLACK
6
CONTINUOUS
10
0.5104787401574803
20
1.5018724409448818
11
0.503483937007874
21
1.509848464566929
0
LINE
8
BLACK
6
CONTINUOUS
10
0.503483937007874
20
1.509848464566929
11
0.4975900787401575
21
1.5186692913385826
0
LINE
8
BLACK
6
CONTINUOUS
10
0.4975900787401575
20
1.5186692913385826
11
0.4928979527559055
21
1.528183937007874
0
LINE
8
BLACK
6
CONTINUOUS
10
0.4928979527559055
20
1.528183937007874
11
0.4894879133858268
21
1.5382296456692912
0
LINE
8
BLACK
6
CONTINUOUS
10
0.4894879133858268
20
1.5382296456692912
11
0.4874182677165354
21
1.5486344881889764
0
LINE
8
BLACK
6
CONTINUOUS
10
0.4874182677165354
20
1.5486344881889764
11
0.4868792519685039
21
1.5568582677165355
0
LINE
8
BLACK
6
CONTINUOUS
10
0.4868792519685039
20
1.5568582677165355
11
0.3709763779527559
21
1.5568582677165355
0
LINE
8
BLACK
6
CONTINUOUS
10
0.3709763779527559
20
1.5568582677165355
11
0.369306062992126
21
1.557550157480315
0
LINE
8
BLACK
6
CONTINUOUS
10
0.369306062992126
20
1.557550157480315
11
0.3686141732283464
21
1.5592204724409449
0
LINE
8
BLACK
6
CONTINUOUS
10
0.3686141732283464
20
1.5592204724409449
11
0.369306062992126
21
1.5608907874015747
0
LINE
8
BLACK
6
CONTINUOUS
10
0.369306062992126
20
1.5608907874015747
11
0.3709763779527559
21
1.5615826771653543
0
LINE
8
BLACK
6
CONTINUOUS
10
0.3709763779527559
20
1.5615826771653543
11
0.4890866141732284
21
1.5615826771653543
0
LINE
8
BLACK
6
CONTINUOUS
10
0.4890866141732284
20
1.5615826771653543
11
0.4893657480314961
21
1.5614670472440944
0
LINE
8
BLACK
6
CONTINUOUS
10
1.7563947244094489
20
1.5845443307086613
11
1.7570866141732282
21
1.5828740157480314
0
LINE
8
BLACK
6
CONTINUOUS
10
1.7570866141732282
20
1.5828740157480314
11
1.7570866141732282
21
1.5625826771653544
0
LINE
8
BLACK
6
CONTINUOUS
10
1.7570866141732282
20
1.5625826771653544
11
1.7577401574803149
21
1.5625826771653544
0
LINE
8
BLACK
6
CONTINUOUS
10
1.7577401574803149
20
1.5625826771653544
11
1.759410472440945
21
1.5618907874015748
0
LINE
8
BLACK
6
CONTINUOUS
10
1.759410472440945
20
1.5618907874015748
11
1.7601023622047243
21
1.5602204724409448
0
LINE
8
BLACK
6
CONTINUOUS
10
1.7601023622047243
20
1.5602204724409448
11
1.759410472440945
21
1.5585501574803149
0
LINE
8
BLACK
6
CONTINUOUS
10
1.759410472440945
20
1.5585501574803149
11
1.7577401574803149
21
1.5578582677165353
0
LINE
8
BLACK
6
CONTINUOUS
10
1.7577401574803149
20
1.5578582677165353
11
1.7570866141732282
21
1.5578582677165353
0
LINE
8
BLACK
6
CONTINUOUS
10
1.7570866141732282
20
1.5578582677165353
11
1.7570866141732282
21
1.4051023622047243
0
LINE
8
BLACK
6
CONTINUOUS
10
1.7570866141732282
20
1.4051023622047243
11
1.7577401574803149
21
1.4051023622047243
0
LINE
8
BLACK
6
CONTINUOUS
10
1.7577401574803149
20
1.4051023622047243
11
1.759410472440945
21
1.4044104724409447
0
LINE
8
BLACK
6
CONTINUOUS
10
1.759410472440945
20
1.4044104724409447
11
1.7601023622047243
21
1.4027401574803149
0
LINE
8
BLACK
6
CONTINUOUS
10
1.7601023622047243
20
1.4027401574803149
11
1.759410472440945
21
1.401069842519685
0
LINE
8
BLACK
6
CONTINUOUS
10
1.759410472440945
20
1.401069842519685
11
1.7577401574803149
21
1.4003779527559055
0
LINE
8
BLACK
6
CONTINUOUS
10
1.7577401574803149
20
1.4003779527559055
11
1.7570866141732282
21
1.4003779527559055
0
LINE
8
BLACK
6
CONTINUOUS
10
1.7570866141732282
20
1.4003779527559055
11
1.7570866141732282
21
1.2476220472440944
0
LINE
8
BLACK
6
CONTINUOUS
10
1.7570866141732282
20
1.2476220472440944
11
1.7577401574803149
21
1.2476220472440944
0
LINE
8
BLACK
6
CONTINUOUS
10
1.7577401574803149
20
1.2476220472440944
11
1.759410472440945
21
1.2469301574803149
0
LINE
8
BLACK
6
CONTINUOUS
10
1.759410472440945
20
1.2469301574803149
11
1.7601023622047243
21
1.245259842519685
0
LINE
8
BLACK
6
CONTINUOUS
10
1.7601023622047243
20
1.245259842519685
11
1.759410472440945
21
1.2435895275590552
0
LINE
8
BLACK
6
CONTINUOUS
10
1.759410472440945
20
1.2435895275590552
11
1.7577401574803149
21
1.2428976377952756
0
LINE
8
BLACK
6
CONTINUOUS
10
1.7577401574803149
20
1.2428976377952756
11
1.7570866141732282
21
1.2428976377952756
0
LINE
8
BLACK
6
CONTINUOUS
10
1.7570866141732282
20
1.2428976377952756
11
1.7570866141732282
21
1.0901417322834646
0
LINE
8
BLACK
6
CONTINUOUS
10
1.7570866141732282
20
1.0901417322834646
11
1.7577401574803149
21
1.0901417322834646
0
LINE
8
BLACK
6
CONTINUOUS
10
1.7577401574803149
20
1.0901417322834646
11
1.759410472440945
21
1.089449842519685
0
LINE
8
BLACK
6
CONTINUOUS
10
1.759410472440945
20
1.089449842519685
11
1.7601023622047243
21
1.0877795275590552
0
LINE
8
BLACK
6
CONTINUOUS
10
1.7601023622047243
20
1.0877795275590552
11
1.759410472440945
21
1.0861092125984251
0
LINE
8
BLACK
6
CONTINUOUS
10
1.759410472440945
20
1.0861092125984251
11
1.7577401574803149
21
1.0854173228346455
0
LINE
8
BLACK
6
CONTINUOUS
10
1.7577401574803149
20
1.0854173228346455
11
1.7570866141732282
21
1.0854173228346455
0
LINE
8
BLACK
6
CONTINUOUS
10
1.7570866141732282
20
1.0854173228346455
11
1.7570866141732282
21
1.0671259842519685
0
LINE
8
BLACK
6
CONTINUOUS
10
1.7570866141732282
20
1.0671259842519685
11
1.7563947244094489
21
1.0654556692913386
0
LINE
8
BLACK
6
CONTINUOUS
10
1.7563947244094489
20
1.0654556692913386
11
1.7547244094488188
21
1.0647637795275591
0
LINE
8
BLACK
6
CONTINUOUS
10
1.7547244094488188
20
1.0647637795275591
11
0.3452755905511811
21
1.0647637795275591
0
LINE
8
BLACK
6
CONTINUOUS
10
0.3452755905511811
20
1.0647637795275591
11
0.3436052755905512
21
1.0654556692913386
0
LINE
8
BLACK
6
CONTINUOUS
10
0.3436052755905512
20
1.0654556692913386
11
0.3429133858267717
21
1.0671259842519685
0
LINE
8
BLACK
6
CONTINUOUS
10
0.3429133858267717
20
1.0671259842519685
11
0.3429133858267717
21
1.5828740157480314
0
LINE
8
BLACK
6
CONTINUOUS
10
0.3429133858267717
20
1.5828740157480314
11
0.3436052755905512
21
1.5845443307086613
0
LINE
8
BLACK
6
CONTINUOUS
10
0.3436052755905512
20
1.5845443307086613
11
0.3452755905511811
21
1.5852362204724408
0
LINE
8
BLACK
6
CONTINUOUS
10
0.3452755905511811
20
1.5852362204724408
11
0.346945905511811
21
1.5845443307086613
0
LINE
8
BLACK
6
CONTINUOUS
10
0.346945905511811
20
1.5845443307086613
11
0.3474747244094488
21
1.583267716535433
0
LINE
8
BLACK
6
CONTINUOUS
10
0.3474747244094488
20
1.583267716535433
11
1.7525252755905512
21
1.583267716535433
0
LINE
8
BLACK
6
CONTINUOUS
10
1.7525252755905512
20
1.583267716535433
11
1.7530540944881889
21
1.5845443307086613
0
LINE
8
BLACK
6
CONTINUOUS
10
1.7530540944881889
20
1.5845443307086613
11
1.7547244094488188
21
1.5852362204724408
0
LINE
8
BLACK
6
CONTINUOUS
10
1.7547244094488188
20
1.5852362204724408
11
1.7563947244094489
21
1.5845443307086613
0
LINE
8
BLACK
6
CONTINUOUS
10
0.3476377952755905
20
1.5785433070866142
11
0.3476377952755905
21
1.0694881889763779
0
LINE
8
BLACK
6
CONTINUOUS
10
0.3476377952755905
20
1.0694881889763779
11
1.7523622047244094
21
1.0694881889763779
0
LINE
8
BLACK
6
CONTINUOUS
10
1.7523622047244094
20
1.0694881889763779
11
1.7523622047244094
21
1.0854173228346455
0
LINE
8
BLACK
6
CONTINUOUS
10
1.7523622047244094
20
1.0854173228346455
11
1.6396299212598424
21
1.0854173228346455
0
LINE
8
BLACK
6
CONTINUOUS
10
1.6396299212598424
20
1.0854173228346455
11
1.6393507874015747
21
1.0855329527559054
0
LINE
8
BLACK
6
CONTINUOUS
10
1.6393507874015747
20
1.0855329527559054
11
1.6388999606299213
21
1.0855329527559054
0
LINE
8
BLACK
6
CONTINUOUS
10
1.6388999606299213
20
1.0855329527559054
11
1.6383020078740158
21
1.0859673622047243
0
LINE
8
BLACK
6
CONTINUOUS
10
1.6383020078740158
20
1.0859673622047243
11
1.6379596062992126
21
1.0861092125984251
0
LINE
8
BLACK
6
CONTINUOUS
10
1.6379596062992126
20
1.0861092125984251
11
1.637896220472441
21
1.0862621653543307
0
LINE
8
BLACK
6
CONTINUOUS
10
1.637896220472441
20
1.0862621653543307
11
1.6377188582677165
21
1.0863910629921261
0
LINE
8
BLACK
6
CONTINUOUS
10
1.6377188582677165
20
1.0863910629921261
11
1.637267716535433
21
1.0877795275590552
0
LINE
8
BLACK
6
CONTINUOUS
10
1.637267716535433
20
1.0877795275590552
11
1.637267716535433
21
1.0927855905511812
0
LINE
8
BLACK
6
CONTINUOUS
10
1.637267716535433
20
1.0927855905511812
11
1.6359608661417322
21
1.1027120866141733
0
LINE
8
BLACK
6
CONTINUOUS
10
1.6359608661417322
20
1.1027120866141733
11
1.6333695669291339
21
1.1123831102362205
0
LINE
8
BLACK
6
CONTINUOUS
10
1.6333695669291339
20
1.1123831102362205
11
1.6295380708661418
21
1.1216331102362205
0
LINE
8
BLACK
6
CONTINUOUS
10
1.6295380708661418
20
1.1216331102362205
11
1.624531968503937
21
1.1303038976377953
0
LINE
8
BLACK
6
CONTINUOUS
10
1.624531968503937
20
1.1303038976377953
11
1.618436968503937
21
1.1382470866141732
0
LINE
8
BLACK
6
CONTINUOUS
10
1.618436968503937
20
1.1382470866141732
11
1.6113573228346456
21
1.1453267322834646
0
LINE
8
BLACK
6
CONTINUOUS
10
1.6113573228346456
20
1.1453267322834646
11
1.6034141338582677
21
1.1514217322834646
0
LINE
8
BLACK
6
CONTINUOUS
10
1.6034141338582677
20
1.1514217322834646
11
1.5947433464566929
21
1.1564278346456693
0
LINE
8
BLACK
6
CONTINUOUS
10
1.5947433464566929
20
1.1564278346456693
11
1.5854933464566929
21
1.1602593307086615
0
LINE
8
BLACK
6
CONTINUOUS
10
1.5854933464566929
20
1.1602593307086615
11
1.5758223228346457
21
1.1628506299212598
0
LINE
8
BLACK
6
CONTINUOUS
10
1.5758223228346457
20
1.1628506299212598
11
1.5658958267716534
21
1.1641574803149606
0
LINE
8
BLACK
6
CONTINUOUS
10
1.5658958267716534
20
1.1641574803149606
11
1.5608897637795276
21
1.1641574803149606
0
LINE
8
BLACK
6
CONTINUOUS
10
1.5608897637795276
20
1.1641574803149606
11
1.1671889763779528
21
1.1641574803149606
0
LINE
8
BLACK
6
CONTINUOUS
10
1.1671889763779528
20
1.1641574803149606
11
1.1621829133858268
21
1.1641574803149606
0
LINE
8
BLACK
6
CONTINUOUS
10
1.1621829133858268
20
1.1641574803149606
11
1.1522564173228347
21
1.1628506299212598
0
LINE
8
BLACK
6
CONTINUOUS
10
1.1522564173228347
20
1.1628506299212598
11
1.1425853937007873
21
1.1602593307086615
0
LINE
8
BLACK
6
CONTINUOUS
10
1.1425853937007873
20
1.1602593307086615
11
1.1333353937007873
21
1.1564278346456693
0
LINE
8
BLACK
6
CONTINUOUS
10
1.1333353937007873
20
1.1564278346456693
11
1.1246646062992125
21
1.1514217322834646
0
LINE
8
BLACK
6
CONTINUOUS
10
1.1246646062992125
20
1.1514217322834646
11
1.1167214173228346
21
1.1453267322834646
0
LINE
8
BLACK
6
CONTINUOUS
10
1.1167214173228346
20
1.1453267322834646
11
1.1096417716535434
21
1.1382470866141732
0
LINE
8
BLACK
6
CONTINUOUS
10
1.1096417716535434
20
1.1382470866141732
11
1.1035467716535432
21
1.1303038976377953
0
LINE
8
BLACK
6
CONTINUOUS
10
1.1035467716535432
20
1.1303038976377953
11
1.0985406692913386
21
1.1216331102362205
0
LINE
8
BLACK
6
CONTINUOUS
10
1.0985406692913386
20
1.1216331102362205
11
1.0947091732283465
21
1.1123831102362205
0
LINE
8
BLACK
6
CONTINUOUS
10
1.0947091732283465
20
1.1123831102362205
11
1.092117874015748
21
1.1027120866141733
0
LINE
8
BLACK
6
CONTINUOUS
10
1.092117874015748
20
1.1027120866141733
11
1.0908110236220472
21
1.0927855905511812
0
LINE
8
BLACK
6
CONTINUOUS
10
1.0908110236220472
20
1.0927855905511812
11
1.0908110236220472
21
1.0877795275590552
0
LINE
8
BLACK
6
CONTINUOUS
10
1.0908110236220472
20
1.0877795275590552
11
1.0903598818897637
21
1.0863910629921261
0
LINE
8
BLACK
6
CONTINUOUS
10
1.0903598818897637
20
1.0863910629921261
11
1.0891787795275589
21
1.0855329527559054
0
LINE
8
BLACK
6
CONTINUOUS
10
1.0891787795275589
20
1.0855329527559054
11
1.0877188582677164
21
1.0855329527559054
0
LINE
8
BLACK
6
CONTINUOUS
10
1.0877188582677164
20
1.0855329527559054
11
1.0865377559055118
21
1.0863910629921261
0
LINE
8
BLACK
6
CONTINUOUS
10
1.0865377559055118
20
1.0863910629921261
11
1.0860866141732284
21
1.0877795275590552
0
LINE
8
BLACK
6
CONTINUOUS
10
1.0860866141732284
20
1.0877795275590552
11
1.0867804724409449
21
1.0983655118110236
0
LINE
8
BLACK
6
CONTINUOUS
10
1.0867804724409449
20
1.0983655118110236
11
1.0888501181102361
21
1.1087703543307086
0
LINE
8
BLACK
6
CONTINUOUS
10
1.0888501181102361
20
1.1087703543307086
11
1.092260157480315
21
1.118816062992126
0
LINE
8
BLACK
6
CONTINUOUS
10
1.092260157480315
20
1.118816062992126
11
1.0969522834645669
21
1.1283307086614174
0
LINE
8
BLACK
6
CONTINUOUS
10
1.0969522834645669
20
1.1283307086614174
11
1.1028461417322835
21
1.1371515354330708
0
LINE
8
BLACK
6
CONTINUOUS
10
1.1028461417322835
20
1.1371515354330708
11
1.1098409448818898
21
1.145127559055118
0
LINE
8
BLACK
6
CONTINUOUS
10
1.1098409448818898
20
1.145127559055118
11
1.117816968503937
21
1.1521223622047243
0
LINE
8
BLACK
6
CONTINUOUS
10
1.117816968503937
20
1.1521223622047243
11
1.1266377952755906
21
1.1580162204724409
0
LINE
8
BLACK
6
CONTINUOUS
10
1.1266377952755906
20
1.1580162204724409
11
1.1361524409448818
21
1.162708346456693
0
LINE
8
BLACK
6
CONTINUOUS
10
1.1361524409448818
20
1.162708346456693
11
1.1461981496062992
21
1.1661183858267716
0
LINE
8
BLACK
6
CONTINUOUS
10
1.1461981496062992
20
1.1661183858267716
11
1.1566029921259842
21
1.1681880314960629
0
LINE
8
BLACK
6
CONTINUOUS
10
1.1566029921259842
20
1.1681880314960629
11
1.1671889763779528
21
1.1688818897637796
0
LINE
8
BLACK
6
CONTINUOUS
10
1.1671889763779528
20
1.1688818897637796
11
1.5608897637795276
21
1.1688818897637796
0
LINE
8
BLACK
6
CONTINUOUS
10
1.5608897637795276
20
1.1688818897637796
11
1.571475748031496
21
1.1681880314960629
0
LINE
8
BLACK
6
CONTINUOUS
10
1.571475748031496
20
1.1681880314960629
11
1.581880590551181
21
1.1661183858267716
0
LINE
8
BLACK
6
CONTINUOUS
10
1.581880590551181
20
1.1661183858267716
11
1.5919262992125984
21
1.162708346456693
0
LINE
8
BLACK
6
CONTINUOUS
10
1.5919262992125984
20
1.162708346456693
11
1.6014409448818898
21
1.1580162204724409
0
LINE
8
BLACK
6
CONTINUOUS
10
1.6014409448818898
20
1.1580162204724409
11
1.6102617716535432
21
1.1521223622047243
0
LINE
8
BLACK
6
CONTINUOUS
10
1.6102617716535432
20
1.1521223622047243
11
1.6182377952755904
21
1.145127559055118
0
LINE
8
BLACK
6
CONTINUOUS
10
1.6182377952755904
20
1.145127559055118
11
1.6252325984251967
21
1.1371515354330708
0
LINE
8
BLACK
6
CONTINUOUS
10
1.6252325984251967
20
1.1371515354330708
11
1.6311264566929133
21
1.1283307086614174
0
LINE
8
BLACK
6
CONTINUOUS
10
1.6311264566929133
20
1.1283307086614174
11
1.6358185826771654
21
1.118816062992126
0
LINE
8
BLACK
6
CONTINUOUS
10
1.6358185826771654
20
1.118816062992126
11
1.6392286220472441
21
1.1087703543307086
0
LINE
8
BLACK
6
CONTINUOUS
10
1.6392286220472441
20
1.1087703543307086
11
1.6412982677165353
21
1.0983655118110236
0
LINE
8
BLACK
6
CONTINUOUS
10
1.6412982677165353
20
1.0983655118110236
11
1.6418372834645669
21
1.0901417322834646
0
LINE
8
BLACK
6
CONTINUOUS
10
1.6418372834645669
20
1.0901417322834646
11
1.7523622047244094
21
1.0901417322834646
0
LINE
8
BLACK
6
CONTINUOUS
10
1.7523622047244094
20
1.0901417322834646
11
1.7523622047244094
21
1.2428976377952756
0
LINE
8
BLACK
6
CONTINUOUS
10
1.7523622047244094
20
1.2428976377952756
11
1.7183700787401575
21
1.2428976377952756
0
LINE
8
BLACK
6
CONTINUOUS
10
1.7183700787401575
20
1.2428976377952756
11
1.7166997637795276
21
1.2435895275590552
0
LINE
8
BLACK
6
CONTINUOUS
10
1.7166997637795276
20
1.2435895275590552
11
1.7160078740157481
21
1.245259842519685
0
LINE
8
BLACK
6
CONTINUOUS
10
1.7160078740157481
20
1.245259842519685
11
1.7166997637795276
21
1.2469301574803149
0
LINE
8
BLACK
6
CONTINUOUS
10
1.7166997637795276
20
1.2469301574803149
11
1.7183700787401575
21
1.2476220472440944
0
LINE
8
BLACK
6
CONTINUOUS
10
1.7183700787401575
20
1.2476220472440944
11
1.7523622047244094
21
1.2476220472440944
0
LINE
8
BLACK
6
CONTINUOUS
10
1.7523622047244094
20
1.2476220472440944
11
1.7523622047244094
21
1.4003779527559055
0
LINE
8
BLACK
6
CONTINUOUS
10
1.7523622047244094
20
1.4003779527559055
11
1.7183700787401575
21
1.4003779527559055
0
LINE
8
BLACK
6
CONTINUOUS
10
1.7183700787401575
20
1.4003779527559055
11
1.7166997637795276
21
1.401069842519685
0
LINE
8
BLACK
6
CONTINUOUS
10
1.7166997637795276
20
1.401069842519685
11
1.7160078740157481
21
1.4027401574803149
0
LINE
8
BLACK
6
CONTINUOUS
10
1.7160078740157481
20
1.4027401574803149
11
1.7166997637795276
21
1.4044104724409447
0
LINE
8
BLACK
6
CONTINUOUS
10
1.7166997637795276
20
1.4044104724409447
11
1.7183700787401575
21
1.4051023622047243
0
LINE
8
BLACK
6
CONTINUOUS
10
1.7183700787401575
20
1.4051023622047243
11
1.7523622047244094
21
1.4051023622047243
0
LINE
8
BLACK
6
CONTINUOUS
10
1.7523622047244094
20
1.4051023622047243
11
1.7523622047244094
21
1.5578582677165353
0
LINE
8
BLACK
6
CONTINUOUS
10
1.7523622047244094
20
1.5578582677165353
11
1.6418372834645669
21
1.5578582677165353
0
LINE
8
BLACK
6
CONTINUOUS
10
1.6418372834645669
20
1.5578582677165353
11
1.6412982677165353
21
1.5496344881889763
0
LINE
8
BLACK
6
CONTINUOUS
10
1.6412982677165353
20
1.5496344881889763
11
1.6392286220472441
21
1.5392296456692913
0
LINE
8
BLACK
6
CONTINUOUS
10
1.6392286220472441
20
1.5392296456692913
11
1.6358185826771654
21
1.5291839370078739
0
LINE
8
BLACK
6
CONTINUOUS
10
1.6358185826771654
20
1.5291839370078739
11
1.6311264566929133
21
1.5196692913385828
0
LINE
8
BLACK
6
CONTINUOUS
10
1.6311264566929133
20
1.5196692913385828
11
1.6252325984251967
21
1.5108484645669291
0
LINE
8
BLACK
6
CONTINUOUS
10
1.6252325984251967
20
1.5108484645669291
11
1.6182377952755904
21
1.5028724409448819
0
LINE
8
BLACK
6
CONTINUOUS
10
1.6182377952755904
20
1.5028724409448819
11
1.6102617716535432
21
1.4958776377952756
0
LINE
8
BLACK
6
CONTINUOUS
10
1.6102617716535432
20
1.4958776377952756
11
1.6014409448818898
21
1.489983779527559
0
LINE
8
BLACK
6
CONTINUOUS
10
1.6014409448818898
20
1.489983779527559
11
1.5919262992125984
21
1.4852916535433069
0
LINE
8
BLACK
6
CONTINUOUS
10
1.5919262992125984
20
1.4852916535433069
11
1.581880590551181
21
1.4818816141732283
0
LINE
8
BLACK
6
CONTINUOUS
10
1.581880590551181
20
1.4818816141732283
11
1.571475748031496
21
1.479811968503937
0
LINE
8
BLACK
6
CONTINUOUS
10
1.571475748031496
20
1.479811968503937
11
1.5608897637795276
21
1.4791181102362205
0
LINE
8
BLACK
6
CONTINUOUS
10
1.5608897637795276
20
1.4791181102362205
11
1.1671889763779528
21
1.4791181102362205
0
LINE
8
BLACK
6
CONTINUOUS
10
1.1671889763779528
20
1.4791181102362205
11
1.1566029921259842
21
1.479811968503937
0
LINE
8
BLACK
6
CONTINUOUS
10
1.1566029921259842
20
1.479811968503937
11
1.1461981496062992
21
1.4818816141732283
0
LINE
8
BLACK
6
CONTINUOUS
10
1.1461981496062992
20
1.4818816141732283
11
1.1361524409448818
21
1.4852916535433069
0
LINE
8
BLACK
6
CONTINUOUS
10
1.1361524409448818
20
1.4852916535433069
11
1.1266377952755906
21
1.489983779527559
0
LINE
8
BLACK
6
CONTINUOUS
10
1.1266377952755906
20
1.489983779527559
11
1.117816968503937
21
1.4958776377952756
0
LINE
8
BLACK
6
CONTINUOUS
10
1.117816968503937
20
1.4958776377952756
11
1.1098409448818898
21
1.5028724409448819
0
LINE
8
BLACK
6
CONTINUOUS
10
1.1098409448818898
20
1.5028724409448819
11
1.1028461417322835
21
1.5108484645669291
0
LINE
8
BLACK
6
CONTINUOUS
10
1.1028461417322835
20
1.5108484645669291
11
1.0969522834645669
21
1.5196692913385828
0
LINE
8
BLACK
6
CONTINUOUS
10
1.0969522834645669
20
1.5196692913385828
11
1.092260157480315
21
1.5291839370078739
0
LINE
8
BLACK
6
CONTINUOUS
10
1.092260157480315
20
1.5291839370078739
11
1.0888501181102361
21
1.5392296456692913
0
LINE
8
BLACK
6
CONTINUOUS
10
1.0888501181102361
20
1.5392296456692913
11
1.0867804724409449
21
1.5496344881889763
0
LINE
8
BLACK
6
CONTINUOUS
10
1.0867804724409449
20
1.5496344881889763
11
1.0860866141732284
21
1.5602204724409448
0
LINE
8
BLACK
6
CONTINUOUS
10
1.0860866141732284
20
1.5602204724409448
11
1.0865377559055118
21
1.5616089370078741
0
LINE
8
BLACK
6
CONTINUOUS
10
1.0865377559055118
20
1.5616089370078741
11
1.0877188582677164
21
1.5624670472440945
0
LINE
8
BLACK
6
CONTINUOUS
10
1.0877188582677164
20
1.5624670472440945
11
1.0891787795275589
21
1.5624670472440945
0
LINE
8
BLACK
6
CONTINUOUS
10
1.0891787795275589
20
1.5624670472440945
11
1.0903598818897637
21
1.5616089370078741
0
LINE
8
BLACK
6
CONTINUOUS
10
1.0903598818897637
20
1.5616089370078741
11
1.0908110236220472
21
1.5602204724409448
0
LINE
8
BLACK
6
CONTINUOUS
10
1.0908110236220472
20
1.5602204724409448
11
1.0908110236220472
21
1.5552144094488189
0
LINE
8
BLACK
6
CONTINUOUS
10
1.0908110236220472
20
1.5552144094488189
11
1.092117874015748
21
1.5452879133858268
0
LINE
8
BLACK
6
CONTINUOUS
10
1.092117874015748
20
1.5452879133858268
11
1.0947091732283465
21
1.5356168897637794
0
LINE
8
BLACK
6
CONTINUOUS
10
1.0947091732283465
20
1.5356168897637794
11
1.0985406692913386
21
1.5263668897637794
0
LINE
8
BLACK
6
CONTINUOUS
10
1.0985406692913386
20
1.5263668897637794
11
1.1035467716535432
21
1.5176961023622046
0
LINE
8
BLACK
6
CONTINUOUS
10
1.1035467716535432
20
1.5176961023622046
11
1.1096417716535434
21
1.5097529133858267
0
LINE
8
BLACK
6
CONTINUOUS
10
1.1096417716535434
20
1.5097529133858267
11
1.1167214173228346
21
1.5026732677165353
0
LINE
8
BLACK
6
CONTINUOUS
10
1.1167214173228346
20
1.5026732677165353
11
1.1246646062992125
21
1.4965782677165353
0
LINE
8
BLACK
6
CONTINUOUS
10
1.1246646062992125
20
1.4965782677165353
11
1.1333353937007873
21
1.4915721653543306
0
LINE
8
BLACK
6
CONTINUOUS
10
1.1333353937007873
20
1.4915721653543306
11
1.1425853937007873
21
1.4877406692913386
0
LINE
8
BLACK
6
CONTINUOUS
10
1.1425853937007873
20
1.4877406692913386
11
1.1522564173228347
21
1.4851493700787401
0
LINE
8
BLACK
6
CONTINUOUS
10
1.1522564173228347
20
1.4851493700787401
11
1.1621829133858268
21
1.4838425196850393
0
LINE
8
BLACK
6
CONTINUOUS
10
1.1621829133858268
20
1.4838425196850393
11
1.1671889763779528
21
1.4838425196850393
0
LINE
8
BLACK
6
CONTINUOUS
10
1.1671889763779528
20
1.4838425196850393
11
1.5608897637795276
21
1.4838425196850393
0
LINE
8
BLACK
6
CONTINUOUS
10
1.5608897637795276
20
1.4838425196850393
11
1.5658958267716534
21
1.4838425196850393
0
LINE
8
BLACK
6
CONTINUOUS
10
1.5658958267716534
20
1.4838425196850393
11
1.5758223228346457
21
1.4851493700787401
0
LINE
8
BLACK
6
CONTINUOUS
10
1.5758223228346457
20
1.4851493700787401
11
1.5854933464566929
21
1.4877406692913386
0
LINE
8
BLACK
6
CONTINUOUS
10
1.5854933464566929
20
1.4877406692913386
11
1.5947433464566929
21
1.4915721653543306
0
LINE
8
BLACK
6
CONTINUOUS
10
1.5947433464566929
20
1.4915721653543306
11
1.6034141338582677
21
1.4965782677165353
0
LINE
8
BLACK
6
CONTINUOUS
10
1.6034141338582677
20
1.4965782677165353
11
1.6113573228346456
21
1.5026732677165353
0
LINE
8
BLACK
6
CONTINUOUS
10
1.6113573228346456
20
1.5026732677165353
11
1.618436968503937
21
1.5097529133858267
0
LINE
8
BLACK
6
CONTINUOUS
10
1.618436968503937
20
1.5097529133858267
11
1.624531968503937
21
1.5176961023622046
0
LINE
8
BLACK
6
CONTINUOUS
10
1.624531968503937
20
1.5176961023622046
11
1.6295380708661418
21
1.5263668897637794
0
LINE
8
BLACK
6
CONTINUOUS
10
1.6295380708661418
20
1.5263668897637794
11
1.6333695669291339
21
1.5356168897637794
0
LINE
8
BLACK
6
CONTINUOUS
10
1.6333695669291339
20
1.5356168897637794
11
1.6359608661417322
21
1.5452879133858268
0
LINE
8
BLACK
6
CONTINUOUS
10
1.6359608661417322
20
1.5452879133858268
11
1.637267716535433
21
1.5552144094488189
0
LINE
8
BLACK
6
CONTINUOUS
10
1.637267716535433
20
1.5552144094488189
11
1.637267716535433
21
1.5602204724409448
0
LINE
8
BLACK
6
CONTINUOUS
10
1.637267716535433
20
1.5602204724409448
11
1.6377188582677165
21
1.5616089370078741
0
LINE
8
BLACK
6
CONTINUOUS
10
1.6377188582677165
20
1.5616089370078741
11
1.637896220472441
21
1.5617377952755904
0
LINE
8
BLACK
6
CONTINUOUS
10
1.637896220472441
20
1.5617377952755904
11
1.6379596062992126
21
1.5618907874015748
0
LINE
8
BLACK
6
CONTINUOUS
10
1.6379596062992126
20
1.5618907874015748
11
1.6383020078740158
21
1.5620325984251968
0
LINE
8
BLACK
6
CONTINUOUS
10
1.6383020078740158
20
1.5620325984251968
11
1.6388999606299213
21
1.5624670472440945
0
LINE
8
BLACK
6
CONTINUOUS
10
1.6388999606299213
20
1.5624670472440945
11
1.6393507874015747
21
1.5624670472440945
0
LINE
8
BLACK
6
CONTINUOUS
10
1.6393507874015747
20
1.5624670472440945
11
1.6396299212598424
21
1.5625826771653544
0
LINE
8
BLACK
6
CONTINUOUS
10
1.6396299212598424
20
1.5625826771653544
11
1.7523622047244094
21
1.5625826771653544
0
LINE
8
BLACK
6
CONTINUOUS
10
1.7523622047244094
20
1.5625826771653544
11
1.7523622047244094
21
1.5785433070866142
0
LINE
8
BLACK
6
CONTINUOUS
10
1.7523622047244094
20
1.5785433070866142
11
0.3476377952755905
21
1.5785433070866142
0
LINE
8
BLACK
6
CONTINUOUS
10
0.31
20
1.0900000000000001
11
0.25
21
1.0900000000000001
0
LINE
8
BLACK
6
CONTINUOUS
10
0.25
20
1.0900000000000001
11
0.25
21
1.1499999999999999
0
LINE
8
BLACK
6
CONTINUOUS
10
0.25
20
1.1499999999999999
11
0.31
21
1.1499999999999999
0
LINE
8
BLACK
6
CONTINUOUS
10
0.31
20
1.1499999999999999
11
0.31
21
1.0900000000000001
0
LINE
8
BLACK
6
CONTINUOUS
10
0.31
20
1.1899999999999999
11
0.25
21
1.1899999999999999
0
LINE
8
BLACK
6
CONTINUOUS
10
0.25
20
1.1899999999999999
11
0.25
21
1.25
0
LINE
8
BLACK
6
CONTINUOUS
10
0.25
20
1.25
11
0.31
21
1.25
0
LINE
8
BLACK
6
CONTINUOUS
10
0.31
20
1.25
11
0.31
21
1.1899999999999999
0
LINE
8
BLACK
6
CONTINUOUS
10
0.21
20
1.0900000000000001
11
0.15
21
1.0900000000000001
0
LINE
8
BLACK
6
CONTINUOUS
10
0.15
20
1.0900000000000001
11
0.15
21
1.1499999999999999
0
LINE
8
BLACK
6
CONTINUOUS
10
0.15
20
1.1499999999999999
11
0.21
21
1.1499999999999999
0
LINE
8
BLACK
6
CONTINUOUS
10
0.21
20
1.1499999999999999
11
0.21
21
1.0900000000000001
0
LINE
8
BLACK
6
CONTINUOUS
10
0.21
20
1.1899999999999999
11
0.15
21
1.1899999999999999
0
LINE
8
BLACK
6
CONTINUOUS
10
0.15
20
1.1899999999999999
11
0.15
21
1.25
0
LINE
8
BLACK
6
CONTINUOUS
10
0.15
20
1.25
11
0.21
21
1.25
0
LINE
8
BLACK
6
CONTINUOUS
10
0.21
20
1.25
11
0.21
21
1.1899999999999999
0
LINE
8
BLACK
6
CONTINUOUS
10
0.11
20
1.0900000000000001
11
0.05
21
1.0900000000000001
0
LINE
8
BLACK
6
CONTINUOUS
10
0.05
20
1.0900000000000001
11
0.05
21
1.1499999999999999
0
LINE
8
BLACK
6
CONTINUOUS
10
0.05
20
1.1499999999999999
11
0.11
21
1.1499999999999999
0
LINE
8
BLACK
6
CONTINUOUS
10
0.11
20
1.1499999999999999
11
0.11
21
1.0900000000000001
0
LINE
8
BLACK
6
CONTINUOUS
10
0.11
20
1.1899999999999999
11
0.05
21
1.1899999999999999
0
LINE
8
BLACK
6
CONTINUOUS
10
0.05
20
1.1899999999999999
11
0.05
21
1.25
0
LINE
8
BLACK
6
CONTINUOUS
10
0.05
20
1.25
11
0.11
21
1.25
0
LINE
8
BLACK
6
CONTINUOUS
10
0.11
20
1.25
11
0.11
21
1.1899999999999999
0
LINE
8
BLACK
6
CONTINUOUS
10
0.13
20
1.2729527559055118
11
0.23
21
1.2729527559055118
0
LINE
8
BLACK
6
CONTINUOUS
10
0.23
20
1.2729527559055118
11
0.33
21
1.2729527559055118
0
LINE
8
BLACK
6
CONTINUOUS
10
0.33
20
1.2729527559055118
11
0.3303835039370079
21
1.2728851181102363
0
LINE
8
BLACK
6
CONTINUOUS
10
0.3303835039370079
20
1.2728851181102363
11
0.3305127559055118
21
1.2729079133858268
0
LINE
8
BLACK
6
CONTINUOUS
10
0.3305127559055118
20
1.2729079133858268
11
0.3306263385826771
21
1.272842283464567
0
LINE
8
BLACK
6
CONTINUOUS
10
0.3306263385826771
20
1.272842283464567
11
0.3310099212598425
21
1.27277468503937
0
LINE
8
BLACK
6
CONTINUOUS
10
0.3310099212598425
20
1.27277468503937
11
0.3315975984251968
21
1.2722815354330708
0
LINE
8
BLACK
6
CONTINUOUS
10
0.3315975984251968
20
1.2722815354330708
11
0.3322619291338583
21
1.2718979921259843
0
LINE
8
BLACK
6
CONTINUOUS
10
0.3322619291338583
20
1.2718979921259843
11
0.332353031496063
21
1.2716476377952755
0
LINE
8
BLACK
6
CONTINUOUS
10
0.332353031496063
20
1.2716476377952755
11
0.3325571653543307
21
1.2714763779527558
0
LINE
8
BLACK
6
CONTINUOUS
10
0.3325571653543307
20
1.2714763779527558
11
0.3326903937007874
21
1.2707207874015747
0
LINE
8
BLACK
6
CONTINUOUS
10
0.3326903937007874
20
1.2707207874015747
11
0.3329527559055118
21
1.27
0
LINE
8
BLACK
6
CONTINUOUS
10
0.3329527559055118
20
1.27
11
0.3329527559055118
21
1.0700000000000001
0
LINE
8
BLACK
6
CONTINUOUS
10
0.3329527559055118
20
1.0700000000000001
11
0.3328851181102362
21
1.0696164566929134
0
LINE
8
BLACK
6
CONTINUOUS
10
0.3328851181102362
20
1.0696164566929134
11
0.3329079133858268
21
1.0694872440944883
0
LINE
8
BLACK
6
CONTINUOUS
10
0.3329079133858268
20
1.0694872440944883
11
0.3328422834645669
21
1.0693736220472441
0
LINE
8
BLACK
6
CONTINUOUS
10
0.3328422834645669
20
1.0693736220472441
11
0.3327746850393701
21
1.0689900787401574
0
LINE
8
BLACK
6
CONTINUOUS
10
0.3327746850393701
20
1.0689900787401574
11
0.3322815354330709
21
1.0684023622047243
0
LINE
8
BLACK
6
CONTINUOUS
10
0.3322815354330709
20
1.0684023622047243
11
0.3318979921259843
21
1.0677380708661417
0
LINE
8
BLACK
6
CONTINUOUS
10
0.3318979921259843
20
1.0677380708661417
11
0.3316476377952756
21
1.0676469291338582
0
LINE
8
BLACK
6
CONTINUOUS
10
0.3316476377952756
20
1.0676469291338582
11
0.3314763779527559
21
1.0674428346456692
0
LINE
8
BLACK
6
CONTINUOUS
10
0.3314763779527559
20
1.0674428346456692
11
0.3307207874015748
21
1.0673095669291339
0
LINE
8
BLACK
6
CONTINUOUS
10
0.3307207874015748
20
1.0673095669291339
11
0.33
21
1.0670472440944883
0
LINE
8
BLACK
6
CONTINUOUS
10
0.33
20
1.0670472440944883
11
0.23
21
1.0670472440944883
0
LINE
8
BLACK
6
CONTINUOUS
10
0.23
20
1.0670472440944883
11
0.13
21
1.0670472440944883
0
LINE
8
BLACK
6
CONTINUOUS
10
0.13
20
1.0670472440944883
11
0.03
21
1.0670472440944883
0
LINE
8
BLACK
6
CONTINUOUS
10
0.03
20
1.0670472440944883
11
0.0296164566929134
21
1.067114842519685
0
LINE
8
BLACK
6
CONTINUOUS
10
0.0296164566929134
20
1.067114842519685
11
0.0294872440944882
21
1.0670920866141731
0
LINE
8
BLACK
6
CONTINUOUS
10
0.0294872440944882
20
1.0670920866141731
11
0.0293736220472441
21
1.0671576771653544
0
LINE
8
BLACK
6
CONTINUOUS
10
0.0293736220472441
20
1.0671576771653544
11
0.0289900787401575
21
1.0672253149606299
0
LINE
8
BLACK
6
CONTINUOUS
10
0.0289900787401575
20
1.0672253149606299
11
0.0284023622047244
21
1.0677184251968503
0
LINE
8
BLACK
6
CONTINUOUS
10
0.0284023622047244
20
1.0677184251968503
11
0.0277380708661417
21
1.0681020078740158
0
LINE
8
BLACK
6
CONTINUOUS
10
0.0277380708661417
20
1.0681020078740158
11
0.0276469291338583
21
1.0683523228346457
0
LINE
8
BLACK
6
CONTINUOUS
10
0.0276469291338583
20
1.0683523228346457
11
0.0274428346456693
21
1.068523622047244
0
LINE
8
BLACK
6
CONTINUOUS
10
0.0274428346456693
20
1.068523622047244
11
0.0273095669291339
21
1.0692791732283464
0
LINE
8
BLACK
6
CONTINUOUS
10
0.0273095669291339
20
1.0692791732283464
11
0.0270472440944882
21
1.0700000000000001
0
LINE
8
BLACK
6
CONTINUOUS
10
0.0270472440944882
20
1.0700000000000001
11
0.0270472440944882
21
1.27
0
LINE
8
BLACK
6
CONTINUOUS
10
0.0270472440944882
20
1.27
11
0.027114842519685
21
1.2703835039370079
0
LINE
8
BLACK
6
CONTINUOUS
10
0.027114842519685
20
1.2703835039370079
11
0.0270920866141732
21
1.2705127559055118
0
LINE
8
BLACK
6
CONTINUOUS
10
0.0270920866141732
20
1.2705127559055118
11
0.0271576771653543
21
1.270626338582677
0
LINE
8
BLACK
6
CONTINUOUS
10
0.0271576771653543
20
1.270626338582677
11
0.0272253149606299
21
1.2710099212598425
0
LINE
8
BLACK
6
CONTINUOUS
10
0.0272253149606299
20
1.2710099212598425
11
0.0277184251968504
21
1.2715975984251968
0
LINE
8
BLACK
6
CONTINUOUS
10
0.0277184251968504
20
1.2715975984251968
11
0.0281020078740157
21
1.2722619291338582
0
LINE
8
BLACK
6
CONTINUOUS
10
0.0281020078740157
20
1.2722619291338582
11
0.0283523228346457
21
1.2723530314960629
0
LINE
8
BLACK
6
CONTINUOUS
10
0.0283523228346457
20
1.2723530314960629
11
0.0285236220472441
21
1.2725571653543306
0
LINE
8
BLACK
6
CONTINUOUS
10
0.0285236220472441
20
1.2725571653543306
11
0.0292791732283465
21
1.2726903937007874
0
LINE
8
BLACK
6
CONTINUOUS
10
0.0292791732283465
20
1.2726903937007874
11
0.03
21
1.2729527559055118
0
LINE
8
BLACK
6
CONTINUOUS
10
0.03
20
1.2729527559055118
11
0.13
21
1.2729527559055118
0
LINE
8
BLACK
6
CONTINUOUS
10
0.2329527559055118
20
1.2670472440944882
11
0.2329527559055118
21
1.0729527559055119
0
LINE
8
BLACK
6
CONTINUOUS
10
0.2329527559055118
20
1.0729527559055119
11
0.3270472440944882
21
1.0729527559055119
0
LINE
8
BLACK
6
CONTINUOUS
10
0.3270472440944882
20
1.0729527559055119
11
0.3270472440944882
21
1.2670472440944882
0
LINE
8
BLACK
6
CONTINUOUS
10
0.3270472440944882
20
1.2670472440944882
11
0.2329527559055118
21
1.2670472440944882
0
LINE
8
BLACK
6
CONTINUOUS
10
0.1329527559055118
20
1.2670472440944882
11
0.1329527559055118
21
1.0729527559055119
0
LINE
8
BLACK
6
CONTINUOUS
10
0.1329527559055118
20
1.0729527559055119
11
0.2270472440944882
21
1.0729527559055119
0
LINE
8
BLACK
6
CONTINUOUS
10
0.2270472440944882
20
1.0729527559055119
11
0.2270472440944882
21
1.2670472440944882
0
LINE
8
BLACK
6
CONTINUOUS
10
0.2270472440944882
20
1.2670472440944882
11
0.1329527559055118
21
1.2670472440944882
0
LINE
8
BLACK
6
CONTINUOUS
10
0.0329527559055118
20
1.2670472440944882
11
0.0329527559055118
21
1.0729527559055119
0
LINE
8
BLACK
6
CONTINUOUS
10
0.0329527559055118
20
1.0729527559055119
11
0.1270472440944882
21
1.0729527559055119
0
LINE
8
BLACK
6
CONTINUOUS
10
0.1270472440944882
20
1.0729527559055119
11
0.1270472440944882
21
1.2670472440944882
0
LINE
8
BLACK
6
CONTINUOUS
10
0.1270472440944882
20
1.2670472440944882
11
0.0329527559055118
21
1.2670472440944882
0
LINE
8
BLACK
6
CONTINUOUS
10
1.9417683858267716
20
1.136131062992126
11
1.9430982677165354
21
1.135858937007874
0
LINE
8
BLACK
6
CONTINUOUS
10
1.9430982677165354
20
1.135858937007874
11
1.948722559055118
21
1.133046811023622
0
LINE
8
BLACK
6
CONTINUOUS
10
1.948722559055118
20
1.133046811023622
11
1.9494339370078739
21
1.1324159448818898
0
LINE
8
BLACK
6
CONTINUOUS
10
1.9494339370078739
20
1.1324159448818898
11
1.9502573622047243
21
1.131940590551181
0
LINE
8
BLACK
6
CONTINUOUS
10
1.9502573622047243
20
1.131940590551181
11
1.9530695275590551
21
1.1291284251968503
0
LINE
8
BLACK
6
CONTINUOUS
10
1.9530695275590551
20
1.1291284251968503
11
1.9535448818897638
21
1.1283049999999999
0
LINE
8
BLACK
6
CONTINUOUS
10
1.9535448818897638
20
1.1283049999999999
11
1.9541757480314961
21
1.127593622047244
0
LINE
8
BLACK
6
CONTINUOUS
10
1.9541757480314961
20
1.127593622047244
11
1.956987874015748
21
1.1219692913385826
0
LINE
8
BLACK
6
CONTINUOUS
10
1.956987874015748
20
1.1219692913385826
11
1.9572599606299212
21
1.120639527559055
0
LINE
8
BLACK
6
CONTINUOUS
10
1.9572599606299212
20
1.120639527559055
11
1.9576113385826772
21
1.1193283070866142
0
LINE
8
BLACK
6
CONTINUOUS
10
1.9576113385826772
20
1.1193283070866142
11
1.9576113385826772
21
1.1080797244094487
0
LINE
8
BLACK
6
CONTINUOUS
10
1.9576113385826772
20
1.1080797244094487
11
1.9572599606299212
21
1.1067684645669291
0
LINE
8
BLACK
6
CONTINUOUS
10
1.9572599606299212
20
1.1067684645669291
11
1.956987874015748
21
1.1054387401574803
0
LINE
8
BLACK
6
CONTINUOUS
10
1.956987874015748
20
1.1054387401574803
11
1.9541757480314961
21
1.0998144094488189
0
LINE
8
BLACK
6
CONTINUOUS
10
1.9541757480314961
20
1.0998144094488189
11
1.9535448818897638
21
1.0991029921259843
0
LINE
8
BLACK
6
CONTINUOUS
10
1.9535448818897638
20
1.0991029921259843
11
1.9530695275590551
21
1.0982796062992126
0
LINE
8
BLACK
6
CONTINUOUS
10
1.9530695275590551
20
1.0982796062992126
11
1.9502573622047243
21
1.0954674409448819
0
LINE
8
BLACK
6
CONTINUOUS
10
1.9502573622047243
20
1.0954674409448819
11
1.9494338976377952
21
1.0949920078740156
0
LINE
8
BLACK
6
CONTINUOUS
10
1.9494338976377952
20
1.0949920078740156
11
1.948722559055118
21
1.0943612204724409
0
LINE
8
BLACK
6
CONTINUOUS
10
1.948722559055118
20
1.0943612204724409
11
1.9430982677165354
21
1.0915490551181102
0
LINE
8
BLACK
6
CONTINUOUS
10
1.9430982677165354
20
1.0915490551181102
11
1.9417683070866141
21
1.0912768897637795
0
LINE
8
BLACK
6
CONTINUOUS
10
1.9417683070866141
20
1.0912768897637795
11
1.9404572440944881
21
1.090925590551181
0
LINE
8
BLACK
6
CONTINUOUS
10
1.9404572440944881
20
1.090925590551181
11
1.8926507086614173
21
1.090925590551181
0
LINE
8
BLACK
6
CONTINUOUS
10
1.8926507086614173
20
1.090925590551181
11
1.8896979527559055
21
1.0917167716535432
0
LINE
8
BLACK
6
CONTINUOUS
10
1.8896979527559055
20
1.0917167716535432
11
1.8875363779527559
21
1.0938783464566928
0
LINE
8
BLACK
6
CONTINUOUS
10
1.8875363779527559
20
1.0938783464566928
11
1.8867451968503937
21
1.0968311023622046
0
LINE
8
BLACK
6
CONTINUOUS
10
1.8867451968503937
20
1.0968311023622046
11
1.8875363779527559
21
1.0997838582677164
0
LINE
8
BLACK
6
CONTINUOUS
10
1.8875363779527559
20
1.0997838582677164
11
1.8896979527559055
21
1.101945433070866
0
LINE
8
BLACK
6
CONTINUOUS
10
1.8896979527559055
20
1.101945433070866
11
1.8926507086614173
21
1.1027366141732282
0
LINE
8
BLACK
6
CONTINUOUS
10
1.8926507086614173
20
1.1027366141732282
11
1.9390631496062991
21
1.1027366141732282
0
LINE
8
BLACK
6
CONTINUOUS
10
1.9390631496062991
20
1.1027366141732282
11
1.9425833464566928
21
1.1044967322834645
0
LINE
8
BLACK
6
CONTINUOUS
10
1.9425833464566928
20
1.1044967322834645
11
1.9440401968503938
21
1.1059535826771654
0
LINE
8
BLACK
6
CONTINUOUS
10
1.9440401968503938
20
1.1059535826771654
11
1.9458003149606298
21
1.1094737795275591
0
LINE
8
BLACK
6
CONTINUOUS
10
1.9458003149606298
20
1.1094737795275591
11
1.9458003149606298
21
1.1179342125984251
0
LINE
8
BLACK
6
CONTINUOUS
10
1.9458003149606298
20
1.1179342125984251
11
1.9440401968503938
21
1.1214544094488188
0
LINE
8
BLACK
6
CONTINUOUS
10
1.9440401968503938
20
1.1214544094488188
11
1.9425833070866141
21
1.1229112992125985
0
LINE
8
BLACK
6
CONTINUOUS
10
1.9425833070866141
20
1.1229112992125985
11
1.9390631496062991
21
1.124671377952756
0
LINE
8
BLACK
6
CONTINUOUS
10
1.9390631496062991
20
1.124671377952756
11
1.8926507086614173
21
1.124671377952756
0
LINE
8
BLACK
6
CONTINUOUS
10
1.8926507086614173
20
1.124671377952756
11
1.8896979527559055
21
1.1254625590551182
0
LINE
8
BLACK
6
CONTINUOUS
10
1.8896979527559055
20
1.1254625590551182
11
1.8875363779527559
21
1.1276241338582678
0
LINE
8
BLACK
6
CONTINUOUS
10
1.8875363779527559
20
1.1276241338582678
11
1.8867451968503937
21
1.1305768897637796
0
LINE
8
BLACK
6
CONTINUOUS
10
1.8867451968503937
20
1.1305768897637796
11
1.8875363779527559
21
1.1335296456692914
0
LINE
8
BLACK
6
CONTINUOUS
10
1.8875363779527559
20
1.1335296456692914
11
1.8896979527559055
21
1.135691220472441
0
LINE
8
BLACK
6
CONTINUOUS
10
1.8896979527559055
20
1.135691220472441
11
1.8926507086614173
21
1.1364824015748032
0
LINE
8
BLACK
6
CONTINUOUS
10
1.8926507086614173
20
1.1364824015748032
11
1.9404572440944881
21
1.1364824015748032
0
LINE
8
BLACK
6
CONTINUOUS
10
1.9404572440944881
20
1.1364824015748032
11
1.9417683858267716
21
1.136131062992126
0
LINE
8
BLACK
6
CONTINUOUS
10
1.9546585826771654
20
1.1947463779527558
11
1.956820157480315
21
1.1925848031496062
0
LINE
8
BLACK
6
CONTINUOUS
10
1.956820157480315
20
1.1925848031496062
11
1.9576113385826772
21
1.1896320472440944
0
LINE
8
BLACK
6
CONTINUOUS
10
1.9576113385826772
20
1.1896320472440944
11
1.9576113385826772
21
1.1558862598425197
0
LINE
8
BLACK
6
CONTINUOUS
10
1.9576113385826772
20
1.1558862598425197
11
1.956820157480315
21
1.1529335039370079
0
LINE
8
BLACK
6
CONTINUOUS
10
1.956820157480315
20
1.1529335039370079
11
1.9546585826771654
21
1.1507719291338583
0
LINE
8
BLACK
6
CONTINUOUS
10
1.9546585826771654
20
1.1507719291338583
11
1.9517058267716536
21
1.1499807480314961
0
LINE
8
BLACK
6
CONTINUOUS
10
1.9517058267716536
20
1.1499807480314961
11
1.9487530708661416
21
1.1507719291338583
0
LINE
8
BLACK
6
CONTINUOUS
10
1.9487530708661416
20
1.1507719291338583
11
1.946591496062992
21
1.1529335039370079
0
LINE
8
BLACK
6
CONTINUOUS
10
1.946591496062992
20
1.1529335039370079
11
1.9458003149606298
21
1.1558862598425197
0
LINE
8
BLACK
6
CONTINUOUS
10
1.9458003149606298
20
1.1558862598425197
11
1.9458003149606298
21
1.1668536220472441
0
LINE
8
BLACK
6
CONTINUOUS
10
1.9458003149606298
20
1.1668536220472441
11
1.9097200393700786
21
1.1668536220472441
0
LINE
8
BLACK
6
CONTINUOUS
10
1.9097200393700786
20
1.1668536220472441
11
1.9108872834645669
21
1.165686377952756
0
LINE
8
BLACK
6
CONTINUOUS
10
1.9108872834645669
20
1.165686377952756
11
1.9113626771653542
21
1.1648629133858268
0
LINE
8
BLACK
6
CONTINUOUS
10
1.9113626771653542
20
1.1648629133858268
11
1.9119935039370077
21
1.1641515748031497
0
LINE
8
BLACK
6
CONTINUOUS
10
1.9119935039370077
20
1.1641515748031497
11
1.9148056692913384
21
1.1585273228346455
0
LINE
8
BLACK
6
CONTINUOUS
10
1.9148056692913384
20
1.1585273228346455
11
1.9154185433070865
21
1.1555324409448819
0
LINE
8
BLACK
6
CONTINUOUS
10
1.9154185433070865
20
1.1555324409448819
11
1.9144518503937007
21
1.1526324015748031
0
LINE
8
BLACK
6
CONTINUOUS
10
1.9144518503937007
20
1.1526324015748031
11
1.9121646456692913
21
1.1506042125984253
0
LINE
8
BLACK
6
CONTINUOUS
10
1.9121646456692913
20
1.1506042125984253
11
1.9091698031496063
21
1.1499913385826772
0
LINE
8
BLACK
6
CONTINUOUS
10
1.9091698031496063
20
1.1499913385826772
11
1.9062697637795276
21
1.150958031496063
0
LINE
8
BLACK
6
CONTINUOUS
10
1.9062697637795276
20
1.150958031496063
11
1.9042415748031496
21
1.1532452362204724
0
LINE
8
BLACK
6
CONTINUOUS
10
1.9042415748031496
20
1.1532452362204724
11
1.9018579921259842
21
1.1580123228346457
0
LINE
8
BLACK
6
CONTINUOUS
10
1.9018579921259842
20
1.1580123228346457
11
1.8973248818897637
21
1.1625454330708662
0
LINE
8
BLACK
6
CONTINUOUS
10
1.8973248818897637
20
1.1625454330708662
11
1.8893749212598425
21
1.1678454330708661
0
LINE
8
BLACK
6
CONTINUOUS
10
1.8893749212598425
20
1.1678454330708661
11
1.888487283464567
21
1.168855433070866
0
LINE
8
BLACK
6
CONTINUOUS
10
1.888487283464567
20
1.168855433070866
11
1.8875363779527559
21
1.1698063779527559
0
LINE
8
BLACK
6
CONTINUOUS
10
1.8875363779527559
20
1.1698063779527559
11
1.8874858267716534
21
1.1699949999999999
0
LINE
8
BLACK
6
CONTINUOUS
10
1.8874858267716534
20
1.1699949999999999
11
1.8873569685039369
21
1.1701416535433071
0
LINE
8
BLACK
6
CONTINUOUS
10
1.8873569685039369
20
1.1701416535433071
11
1.8870932677165353
21
1.1714600393700787
0
LINE
8
BLACK
6
CONTINUOUS
10
1.8870932677165353
20
1.1714600393700787
11
1.8867451968503937
21
1.1727591338582677
0
LINE
8
BLACK
6
CONTINUOUS
10
1.8867451968503937
20
1.1727591338582677
11
1.8867957086614173
21
1.1729477165354329
0
LINE
8
BLACK
6
CONTINUOUS
10
1.8867957086614173
20
1.1729477165354329
11
1.8867574409448817
21
1.1731392125984252
0
LINE
8
BLACK
6
CONTINUOUS
10
1.8867574409448817
20
1.1731392125984252
11
1.887188346456693
21
1.174413031496063
0
LINE
8
BLACK
6
CONTINUOUS
10
1.887188346456693
20
1.174413031496063
11
1.8875363779527559
21
1.1757118897637795
0
LINE
8
BLACK
6
CONTINUOUS
10
1.8875363779527559
20
1.1757118897637795
11
1.8876744094488189
21
1.1758499212598426
0
LINE
8
BLACK
6
CONTINUOUS
10
1.8876744094488189
20
1.1758499212598426
11
1.8877370078740157
21
1.1760349212598424
0
LINE
8
BLACK
6
CONTINUOUS
10
1.8877370078740157
20
1.1760349212598424
11
1.8887470078740156
21
1.1769225196850392
0
LINE
8
BLACK
6
CONTINUOUS
10
1.8887470078740156
20
1.1769225196850392
11
1.8896979527559055
21
1.1778734645669291
0
LINE
8
BLACK
6
CONTINUOUS
10
1.8896979527559055
20
1.1778734645669291
11
1.8898865748031495
21
1.1779239763779528
0
LINE
8
BLACK
6
CONTINUOUS
10
1.8898865748031495
20
1.1779239763779528
11
1.8900332283464567
21
1.1780528740157481
0
LINE
8
BLACK
6
CONTINUOUS
10
1.8900332283464567
20
1.1780528740157481
11
1.8913516141732283
21
1.1783165354330709
0
LINE
8
BLACK
6
CONTINUOUS
10
1.8913516141732283
20
1.1783165354330709
11
1.8926507086614173
21
1.1786646456692913
0
LINE
8
BLACK
6
CONTINUOUS
10
1.8926507086614173
20
1.1786646456692913
11
1.9458003149606298
21
1.1786646456692913
0
LINE
8
BLACK
6
CONTINUOUS
10
1.9458003149606298
20
1.1786646456692913
11
1.9458003149606298
21
1.1896320472440944
0
LINE
8
BLACK
6
CONTINUOUS
10
1.9458003149606298
20
1.1896320472440944
11
1.946591496062992
21
1.1925848031496062
0
LINE
8
BLACK
6
CONTINUOUS
10
1.946591496062992
20
1.1925848031496062
11
1.9487530708661416
21
1.1947463779527558
0
LINE
8
BLACK
6
CONTINUOUS
10
1.9487530708661416
20
1.1947463779527558
11
1.9517058267716536
21
1.195537559055118
0
LINE
8
BLACK
6
CONTINUOUS
10
1.9517058267716536
20
1.195537559055118
11
1.9546585826771654
21
1.1947463779527558
0
LINE
8
BLACK
6
CONTINUOUS
10
2.0417683858267717
20
1.2861310629921259
11
2.0430982677165352
21
1.2858589370078739
0
LINE
8
BLACK
6
CONTINUOUS
10
2.0430982677165352
20
1.2858589370078739
11
2.0487225590551179
21
1.2830468110236219
0
LINE
8
BLACK
6
CONTINUOUS
10
2.0487225590551179
20
1.2830468110236219
11
2.049433937007874
21
1.2824159448818897
0
LINE
8
BLACK
6
CONTINUOUS
10
2.049433937007874
20
1.2824159448818897
11
2.0502573622047242
21
1.2819405905511811
0
LINE
8
BLACK
6
CONTINUOUS
10
2.0502573622047242
20
1.2819405905511811
11
2.0530695275590549
21
1.2791284251968504
0
LINE
8
BLACK
6
CONTINUOUS
10
2.0530695275590549
20
1.2791284251968504
11
2.0535448818897639
21
1.278305
0
LINE
8
BLACK
6
CONTINUOUS
10
2.0535448818897639
20
1.278305
11
2.0541757480314962
21
1.2775936220472441
0
LINE
8
BLACK
6
CONTINUOUS
10
2.0541757480314962
20
1.2775936220472441
11
2.0569878740157481
21
1.2719692913385827
0
LINE
8
BLACK
6
CONTINUOUS
10
2.0569878740157481
20
1.2719692913385827
11
2.0572599606299211
21
1.2706395275590552
0
LINE
8
BLACK
6
CONTINUOUS
10
2.0572599606299211
20
1.2706395275590552
11
2.0576113385826771
21
1.2693283070866141
0
LINE
8
BLACK
6
CONTINUOUS
10
2.0576113385826771
20
1.2693283070866141
11
2.0576113385826771
21
1.2580797244094488
0
LINE
8
BLACK
6
CONTINUOUS
10
2.0576113385826771
20
1.2580797244094488
11
2.0572599606299211
21
1.256768464566929
0
LINE
8
BLACK
6
CONTINUOUS
10
2.0572599606299211
20
1.256768464566929
11
2.0569878740157481
21
1.2554387401574802
0
LINE
8
BLACK
6
CONTINUOUS
10
2.0569878740157481
20
1.2554387401574802
11
2.0541757480314962
21
1.2498144094488188
0
LINE
8
BLACK
6
CONTINUOUS
10
2.0541757480314962
20
1.2498144094488188
11
2.0535448818897639
21
1.2491029921259842
0
LINE
8
BLACK
6
CONTINUOUS
10
2.0535448818897639
20
1.2491029921259842
11
2.0530695275590549
21
1.2482796062992125
0
LINE
8
BLACK
6
CONTINUOUS
10
2.0530695275590549
20
1.2482796062992125
11
2.0502573622047242
21
1.2454674409448818
0
LINE
8
BLACK
6
CONTINUOUS
10
2.0502573622047242
20
1.2454674409448818
11
2.0494338976377953
21
1.2449920078740158
0
LINE
8
BLACK
6
CONTINUOUS
10
2.0494338976377953
20
1.2449920078740158
11
2.0487225590551179
21
1.244361220472441
0
LINE
8
BLACK
6
CONTINUOUS
10
2.0487225590551179
20
1.244361220472441
11
2.0430982677165352
21
1.2415490551181103
0
LINE
8
BLACK
6
CONTINUOUS
10
2.0430982677165352
20
1.2415490551181103
11
2.0417683070866142
21
1.2412768897637796
0
LINE
8
BLACK
6
CONTINUOUS
10
2.0417683070866142
20
1.2412768897637796
11
2.0404572440944881
21
1.2409255905511811
0
LINE
8
BLACK
6
CONTINUOUS
10
2.0404572440944881
20
1.2409255905511811
11
1.9926507086614174
21
1.2409255905511811
0
LINE
8
BLACK
6
CONTINUOUS
10
1.9926507086614174
20
1.2409255905511811
11
1.9896979527559056
21
1.2417167716535433
0
LINE
8
BLACK
6
CONTINUOUS
10
1.9896979527559056
20
1.2417167716535433
11
1.987536377952756
21
1.2438783464566929
0
LINE
8
BLACK
6
CONTINUOUS
10
1.987536377952756
20
1.2438783464566929
11
1.9867451968503937
21
1.2468311023622047
0
LINE
8
BLACK
6
CONTINUOUS
10
1.9867451968503937
20
1.2468311023622047
11
1.987536377952756
21
1.2497838582677165
0
LINE
8
BLACK
6
CONTINUOUS
10
1.987536377952756
20
1.2497838582677165
11
1.9896979527559056
21
1.2519454330708661
0
LINE
8
BLACK
6
CONTINUOUS
10
1.9896979527559056
20
1.2519454330708661
11
1.9926507086614174
21
1.2527366141732283
0
LINE
8
BLACK
6
CONTINUOUS
10
1.9926507086614174
20
1.2527366141732283
11
2.039063149606299
21
1.2527366141732283
0
LINE
8
BLACK
6
CONTINUOUS
10
2.039063149606299
20
1.2527366141732283
11
2.0425833464566927
21
1.2544967322834646
0
LINE
8
BLACK
6
CONTINUOUS
10
2.0425833464566927
20
1.2544967322834646
11
2.0440401968503936
21
1.2559535826771653
0
LINE
8
BLACK
6
CONTINUOUS
10
2.0440401968503936
20
1.2559535826771653
11
2.0458003149606299
21
1.259473779527559
0
LINE
8
BLACK
6
CONTINUOUS
10
2.0458003149606299
20
1.259473779527559
11
2.0458003149606299
21
1.2679342125984252
0
LINE
8
BLACK
6
CONTINUOUS
10
2.0458003149606299
20
1.2679342125984252
11
2.0440401968503936
21
1.2714544094488189
0
LINE
8
BLACK
6
CONTINUOUS
10
2.0440401968503936
20
1.2714544094488189
11
2.042583307086614
21
1.2729112992125984
0
LINE
8
BLACK
6
CONTINUOUS
10
2.042583307086614
20
1.2729112992125984
11
2.039063149606299
21
1.2746713779527559
0
LINE
8
BLACK
6
CONTINUOUS
10
2.039063149606299
20
1.2746713779527559
11
1.9926507086614174
21
1.2746713779527559
0
LINE
8
BLACK
6
CONTINUOUS
10
1.9926507086614174
20
1.2746713779527559
11
1.9896979527559056
21
1.2754625590551181
0
LINE
8
BLACK
6
CONTINUOUS
10
1.9896979527559056
20
1.2754625590551181
11
1.987536377952756
21
1.2776241338582677
0
LINE
8
BLACK
6
CONTINUOUS
10
1.987536377952756
20
1.2776241338582677
11
1.9867451968503937
21
1.2805768897637795
0
LINE
8
BLACK
6
CONTINUOUS
10
1.9867451968503937
20
1.2805768897637795
11
1.987536377952756
21
1.2835296456692913
0
LINE
8
BLACK
6
CONTINUOUS
10
1.987536377952756
20
1.2835296456692913
11
1.9896979527559056
21
1.2856912204724409
0
LINE
8
BLACK
6
CONTINUOUS
10
1.9896979527559056
20
1.2856912204724409
11
1.9926507086614174
21
1.2864824015748031
0
LINE
8
BLACK
6
CONTINUOUS
10
1.9926507086614174
20
1.2864824015748031
11
2.0404572440944881
21
1.2864824015748031
0
LINE
8
BLACK
6
CONTINUOUS
10
2.0404572440944881
20
1.2864824015748031
11
2.0417683858267717
21
1.2861310629921259
0
LINE
8
BLACK
6
CONTINUOUS
10
1.855
20
1.27
11
1.7949999999999999
21
1.27
0
LINE
8
BLACK
6
CONTINUOUS
10
1.7949999999999999
20
1.27
11
1.7949999999999999
21
1.3300000000000001
0
LINE
8
BLACK
6
CONTINUOUS
10
1.7949999999999999
20
1.3300000000000001
11
1.855
21
1.3300000000000001
0
LINE
8
BLACK
6
CONTINUOUS
10
1.855
20
1.3300000000000001
11
1.855
21
1.27
0
LINE
8
BLACK
6
CONTINUOUS
10
1.9549999999999998
20
1.27
11
1.895
21
1.27
0
LINE
8
BLACK
6
CONTINUOUS
10
1.895
20
1.27
11
1.895
21
1.3300000000000001
0
LINE
8
BLACK
6
CONTINUOUS
10
1.895
20
1.3300000000000001
11
1.9549999999999998
21
1.3300000000000001
0
LINE
8
BLACK
6
CONTINUOUS
10
1.9549999999999998
20
1.3300000000000001
11
1.9549999999999998
21
1.27
0
LINE
8
BLACK
6
CONTINUOUS
10
1.855
20
1.3699999999999999
11
1.7949999999999999
21
1.3699999999999999
0
LINE
8
BLACK
6
CONTINUOUS
10
1.7949999999999999
20
1.3699999999999999
11
1.7949999999999999
21
1.4299999999999999
0
LINE
8
BLACK
6
CONTINUOUS
10
1.7949999999999999
20
1.4299999999999999
11
1.855
21
1.4299999999999999
0
LINE
8
BLACK
6
CONTINUOUS
10
1.855
20
1.4299999999999999
11
1.855
21
1.3699999999999999
0
LINE
8
BLACK
6
CONTINUOUS
10
1.9549999999999998
20
1.3699999999999999
11
1.895
21
1.3699999999999999
0
LINE
8
BLACK
6
CONTINUOUS
10
1.895
20
1.3699999999999999
11
1.895
21
1.4299999999999999
0
LINE
8
BLACK
6
CONTINUOUS
10
1.895
20
1.4299999999999999
11
1.9549999999999998
21
1.4299999999999999
0
LINE
8
BLACK
6
CONTINUOUS
10
1.9549999999999998
20
1.4299999999999999
11
1.9549999999999998
21
1.3699999999999999
0
LINE
8
BLACK
6
CONTINUOUS
10
1.855
20
1.47
11
1.7949999999999999
21
1.47
0
LINE
8
BLACK
6
CONTINUOUS
10
1.7949999999999999
20
1.47
11
1.7949999999999999
21
1.53
0
LINE
8
BLACK
6
CONTINUOUS
10
1.7949999999999999
20
1.53
11
1.855
21
1.53
0
LINE
8
BLACK
6
CONTINUOUS
10
1.855
20
1.53
11
1.855
21
1.47
0
LINE
8
BLACK
6
CONTINUOUS
10
1.9549999999999998
20
1.47
11
1.895
21
1.47
0
LINE
8
BLACK
6
CONTINUOUS
10
1.895
20
1.47
11
1.895
21
1.53
0
LINE
8
BLACK
6
CONTINUOUS
10
1.895
20
1.53
11
1.9549999999999998
21
1.53
0
LINE
8
BLACK
6
CONTINUOUS
10
1.9549999999999998
20
1.53
11
1.9549999999999998
21
1.47
0
LINE
8
BLACK
6
CONTINUOUS
10
1.9753835039370078
20
1.5528851181102361
11
1.9755127559055117
21
1.5529079133858268
0
LINE
8
BLACK
6
CONTINUOUS
10
1.9755127559055117
20
1.5529079133858268
11
1.9756263385826771
21
1.552842283464567
0
LINE
8
BLACK
6
CONTINUOUS
10
1.9756263385826771
20
1.552842283464567
11
1.9760099212598425
21
1.55277468503937
0
LINE
8
BLACK
6
CONTINUOUS
10
1.9760099212598425
20
1.55277468503937
11
1.9765975984251969
21
1.5522815354330708
0
LINE
8
BLACK
6
CONTINUOUS
10
1.9765975984251969
20
1.5522815354330708
11
1.9772619291338582
21
1.5518979921259841
0
LINE
8
BLACK
6
CONTINUOUS
10
1.9772619291338582
20
1.5518979921259841
11
1.977353031496063
21
1.5516476377952755
0
LINE
8
BLACK
6
CONTINUOUS
10
1.977353031496063
20
1.5516476377952755
11
1.9775571653543307
21
1.5514763779527558
0
LINE
8
BLACK
6
CONTINUOUS
10
1.9775571653543307
20
1.5514763779527558
11
1.9776903937007873
21
1.5507207874015747
0
LINE
8
BLACK
6
CONTINUOUS
10
1.9776903937007873
20
1.5507207874015747
11
1.9779527559055117
21
1.55
0
LINE
8
BLACK
6
CONTINUOUS
10
1.9779527559055117
20
1.55
11
1.9779527559055117
21
1.45
0
LINE
8
BLACK
6
CONTINUOUS
10
1.9779527559055117
20
1.45
11
1.9779527559055117
21
1.3499999999999999
0
LINE
8
BLACK
6
CONTINUOUS
10
1.9779527559055117
20
1.3499999999999999
11
1.9779527559055117
21
1.25
0
LINE
8
BLACK
6
CONTINUOUS
10
1.9779527559055117
20
1.25
11
1.9778851181102362
21
1.2496164566929133
0
LINE
8
BLACK
6
CONTINUOUS
10
1.9778851181102362
20
1.2496164566929133
11
1.9779079133858268
21
1.2494872440944882
0
LINE
8
BLACK
6
CONTINUOUS
10
1.9779079133858268
20
1.2494872440944882
11
1.9778422834645668
21
1.249373622047244
0
LINE
8
BLACK
6
CONTINUOUS
10
1.9778422834645668
20
1.249373622047244
11
1.97777468503937
21
1.2489900787401575
0
LINE
8
BLACK
6
CONTINUOUS
10
1.97777468503937
20
1.2489900787401575
11
1.9772815354330708
21
1.2484023622047244
0
LINE
8
BLACK
6
CONTINUOUS
10
1.9772815354330708
20
1.2484023622047244
11
1.9768979921259842
21
1.2477380708661416
0
LINE
8
BLACK
6
CONTINUOUS
10
1.9768979921259842
20
1.2477380708661416
11
1.9766476377952755
21
1.2476469291338583
0
LINE
8
BLACK
6
CONTINUOUS
10
1.9766476377952755
20
1.2476469291338583
11
1.9764763779527559
21
1.2474428346456692
0
LINE
8
BLACK
6
CONTINUOUS
10
1.9764763779527559
20
1.2474428346456692
11
1.9757207874015748
21
1.2473095669291339
0
LINE
8
BLACK
6
CONTINUOUS
10
1.9757207874015748
20
1.2473095669291339
11
1.9749999999999999
21
1.2470472440944882
0
LINE
8
BLACK
6
CONTINUOUS
10
1.9749999999999999
20
1.2470472440944882
11
1.7749999999999999
21
1.2470472440944882
0
LINE
8
BLACK
6
CONTINUOUS
10
1.7749999999999999
20
1.2470472440944882
11
1.7746164566929132
21
1.247114842519685
0
LINE
8
BLACK
6
CONTINUOUS
10
1.7746164566929132
20
1.247114842519685
11
1.7744872440944881
21
1.2470920866141733
0
LINE
8
BLACK
6
CONTINUOUS
10
1.7744872440944881
20
1.2470920866141733
11
1.7743736220472441
21
1.2471576771653543
0
LINE
8
BLACK
6
CONTINUOUS
10
1.7743736220472441
20
1.2471576771653543
11
1.7739900787401575
21
1.2472253149606298
0
LINE
8
BLACK
6
CONTINUOUS
10
1.7739900787401575
20
1.2472253149606298
11
1.7734023622047244
21
1.2477184251968503
0
LINE
8
BLACK
6
CONTINUOUS
10
1.7734023622047244
20
1.2477184251968503
11
1.7727380708661418
21
1.2481020078740157
0
LINE
8
BLACK
6
CONTINUOUS
10
1.7727380708661418
20
1.2481020078740157
11
1.7726469291338582
21
1.2483523228346456
0
LINE
8
BLACK
6
CONTINUOUS
10
1.7726469291338582
20
1.2483523228346456
11
1.7724428346456693
21
1.248523622047244
0
LINE
8
BLACK
6
CONTINUOUS
10
1.7724428346456693
20
1.248523622047244
11
1.7723095669291338
21
1.2492791732283464
0
LINE
8
BLACK
6
CONTINUOUS
10
1.7723095669291338
20
1.2492791732283464
11
1.7720472440944881
21
1.25
0
LINE
8
BLACK
6
CONTINUOUS
10
1.7720472440944881
20
1.25
11
1.7720472440944881
21
1.3499999999999999
0
LINE
8
BLACK
6
CONTINUOUS
10
1.7720472440944881
20
1.3499999999999999
11
1.7720472440944881
21
1.45
0
LINE
8
BLACK
6
CONTINUOUS
10
1.7720472440944881
20
1.45
11
1.7720472440944881
21
1.55
0
LINE
8
BLACK
6
CONTINUOUS
10
1.7720472440944881
20
1.55
11
1.7721148425196851
21
1.5503835039370077
0
LINE
8
BLACK
6
CONTINUOUS
10
1.7721148425196851
20
1.5503835039370077
11
1.7720920866141732
21
1.5505127559055119
0
LINE
8
BLACK
6
CONTINUOUS
10
1.7720920866141732
20
1.5505127559055119
11
1.7721576771653542
21
1.5506263385826771
0
LINE
8
BLACK
6
CONTINUOUS
10
1.7721576771653542
20
1.5506263385826771
11
1.77222531496063
21
1.5510099212598425
0
LINE
8
BLACK
6
CONTINUOUS
10
1.77222531496063
20
1.5510099212598425
11
1.7727184251968504
21
1.5515975984251968
0
LINE
8
BLACK
6
CONTINUOUS
10
1.7727184251968504
20
1.5515975984251968
11
1.7731020078740156
21
1.5522619291338582
0
LINE
8
BLACK
6
CONTINUOUS
10
1.7731020078740156
20
1.5522619291338582
11
1.7733523228346457
21
1.552353031496063
0
LINE
8
BLACK
6
CONTINUOUS
10
1.7733523228346457
20
1.552353031496063
11
1.7735236220472441
21
1.5525571653543306
0
LINE
8
BLACK
6
CONTINUOUS
10
1.7735236220472441
20
1.5525571653543306
11
1.7742791732283465
21
1.5526903937007874
0
LINE
8
BLACK
6
CONTINUOUS
10
1.7742791732283465
20
1.5526903937007874
11
1.7749999999999999
21
1.5529527559055119
0
LINE
8
BLACK
6
CONTINUOUS
10
1.7749999999999999
20
1.5529527559055119
11
1.9749999999999999
21
1.5529527559055119
0
LINE
8
BLACK
6
CONTINUOUS
10
1.9749999999999999
20
1.5529527559055119
11
1.9753835039370078
21
1.5528851181102361
0
LINE
8
BLACK
6
CONTINUOUS
10
1.7779527559055117
20
1.3470472440944881
11
1.7779527559055117
21
1.2529527559055118
0
LINE
8
BLACK
6
CONTINUOUS
10
1.7779527559055117
20
1.2529527559055118
11
1.9720472440944881
21
1.2529527559055118
0
LINE
8
BLACK
6
CONTINUOUS
10
1.9720472440944881
20
1.2529527559055118
11
1.9720472440944881
21
1.3470472440944881
0
LINE
8
BLACK
6
CONTINUOUS
10
1.9720472440944881
20
1.3470472440944881
11
1.7779527559055117
21
1.3470472440944881
0
LINE
8
BLACK
6
CONTINUOUS
10
1.7779527559055117
20
1.4470472440944881
11
1.7779527559055117
21
1.3529527559055117
0
LINE
8
BLACK
6
CONTINUOUS
10
1.7779527559055117
20
1.3529527559055117
11
1.9720472440944881
21
1.3529527559055117
0
LINE
8
BLACK
6
CONTINUOUS
10
1.9720472440944881
20
1.3529527559055117
11
1.9720472440944881
21
1.4470472440944881
0
LINE
8
BLACK
6
CONTINUOUS
10
1.9720472440944881
20
1.4470472440944881
11
1.7779527559055117
21
1.4470472440944881
0
LINE
8
BLACK
6
CONTINUOUS
10
1.7779527559055117
20
1.5470472440944882
11
1.7779527559055117
21
1.4529527559055118
0
LINE
8
BLACK
6
CONTINUOUS
10
1.7779527559055117
20
1.4529527559055118
11
1.9720472440944881
21
1.4529527559055118
0
LINE
8
BLACK
6
CONTINUOUS
10
1.9720472440944881
20
1.4529527559055118
11
1.9720472440944881
21
1.5470472440944882
0
LINE
8
BLACK
6
CONTINUOUS
10
1.9720472440944881
20
1.5470472440944882
11
1.7779527559055117
21
1.5470472440944882
0
LINE
8
BLACK
6
CONTINUOUS
10
0.0529527165354331
20
1.3334028346456692
11
0.0551142913385827
21
1.3312412598425196
0
LINE
8
BLACK
6
CONTINUOUS
10
0.0551142913385827
20
1.3312412598425196
11
0.0559054724409449
21
1.3282885039370078
0
LINE
8
BLACK
6
CONTINUOUS
10
0.0559054724409449
20
1.3282885039370078
11
0.0559054724409449
21
1.3116968503937008
0
LINE
8
BLACK
6
CONTINUOUS
10
0.0559054724409449
20
1.3116968503937008
11
0.0724971653543307
21
1.3116968503937008
0
LINE
8
BLACK
6
CONTINUOUS
10
0.0724971653543307
20
1.3116968503937008
11
0.0754499212598425
21
1.3109056692913386
0
LINE
8
BLACK
6
CONTINUOUS
10
0.0754499212598425
20
1.3109056692913386
11
0.0776114960629921
21
1.308744094488189
0
LINE
8
BLACK
6
CONTINUOUS
10
0.0776114960629921
20
1.308744094488189
11
0.0784026771653543
21
1.3057913385826772
0
LINE
8
BLACK
6
CONTINUOUS
10
0.0784026771653543
20
1.3057913385826772
11
0.0776114960629921
21
1.3028385826771653
0
LINE
8
BLACK
6
CONTINUOUS
10
0.0776114960629921
20
1.3028385826771653
11
0.0754499212598425
21
1.3006770078740157
0
LINE
8
BLACK
6
CONTINUOUS
10
0.0754499212598425
20
1.3006770078740157
11
0.0724971653543307
21
1.2998858267716535
0
LINE
8
BLACK
6
CONTINUOUS
10
0.0724971653543307
20
1.2998858267716535
11
0.0559054724409449
21
1.2998858267716535
0
LINE
8
BLACK
6
CONTINUOUS
10
0.0559054724409449
20
1.2998858267716535
11
0.0559054724409449
21
1.2832941338582677
0
LINE
8
BLACK
6
CONTINUOUS
10
0.0559054724409449
20
1.2832941338582677
11
0.0551142913385827
21
1.2803413779527559
0
LINE
8
BLACK
6
CONTINUOUS
10
0.0551142913385827
20
1.2803413779527559
11
0.0529527165354331
21
1.2781798031496063
0
LINE
8
BLACK
6
CONTINUOUS
10
0.0529527165354331
20
1.2781798031496063
11
0.0499999606299213
21
1.2773886220472441
0
LINE
8
BLACK
6
CONTINUOUS
10
0.0499999606299213
20
1.2773886220472441
11
0.0470472047244094
21
1.2781798031496063
0
LINE
8
BLACK
6
CONTINUOUS
10
0.0470472047244094
20
1.2781798031496063
11
0.0448856299212598
21
1.2803413779527559
0
LINE
8
BLACK
6
CONTINUOUS
10
0.0448856299212598
20
1.2803413779527559
11
0.0440944488188976
21
1.2832941338582677
0
LINE
8
BLACK
6
CONTINUOUS
10
0.0440944488188976
20
1.2832941338582677
11
0.0440944488188976
21
1.2998858267716535
0
LINE
8
BLACK
6
CONTINUOUS
10
0.0440944488188976
20
1.2998858267716535
11
0.0275027952755906
21
1.2998858267716535
0
LINE
8
BLACK
6
CONTINUOUS
10
0.0275027952755906
20
1.2998858267716535
11
0.0245500393700787
21
1.3006770078740157
0
LINE
8
BLACK
6
CONTINUOUS
10
0.0245500393700787
20
1.3006770078740157
11
0.0223884645669291
21
1.3028385826771653
0
LINE
8
BLACK
6
CONTINUOUS
10
0.0223884645669291
20
1.3028385826771653
11
0.0215972834645669
21
1.3057913385826772
0
LINE
8
BLACK
6
CONTINUOUS
10
0.0215972834645669
20
1.3057913385826772
11
0.0223884645669291
21
1.308744094488189
0
LINE
8
BLACK
6
CONTINUOUS
10
0.0223884645669291
20
1.308744094488189
11
0.0245500393700787
21
1.3109056692913386
0
LINE
8
BLACK
6
CONTINUOUS
10
0.0245500393700787
20
1.3109056692913386
11
0.0275027952755906
21
1.3116968503937008
0
LINE
8
BLACK
6
CONTINUOUS
10
0.0275027952755906
20
1.3116968503937008
11
0.0440944488188976
21
1.3116968503937008
0
LINE
8
BLACK
6
CONTINUOUS
10
0.0440944488188976
20
1.3116968503937008
11
0.0440944488188976
21
1.3282885039370078
0
LINE
8
BLACK
6
CONTINUOUS
10
0.0440944488188976
20
1.3282885039370078
11
0.0448856299212598
21
1.3312412598425196
0
LINE
8
BLACK
6
CONTINUOUS
10
0.0448856299212598
20
1.3312412598425196
11
0.0470472047244094
21
1.3334028346456692
0
LINE
8
BLACK
6
CONTINUOUS
10
0.0470472047244094
20
1.3334028346456692
11
0.0499999606299213
21
1.3341940157480314
0
LINE
8
BLACK
6
CONTINUOUS
10
0.0499999606299213
20
1.3341940157480314
11
0.0529527165354331
21
1.3334028346456692
0
LINE
8
BLACK
6
CONTINUOUS
10
2.0104420472440943
20
1.3452914566929133
11
2.0113911417322834
21
1.3452344881889764
0
LINE
8
BLACK
6
CONTINUOUS
10
2.0113911417322834
20
1.3452344881889764
11
2.0198275196850393
21
1.3424223228346457
0
LINE
8
BLACK
6
CONTINUOUS
10
2.0198275196850393
20
1.3424223228346457
11
2.0209599212598426
21
1.3416746062992126
0
LINE
8
BLACK
6
CONTINUOUS
10
2.0209599212598426
20
1.3416746062992126
11
2.0221358661417321
21
1.3409957086614173
0
LINE
8
BLACK
6
CONTINUOUS
10
2.0221358661417321
20
1.3409957086614173
11
2.0458003149606299
21
1.3173312598425198
0
LINE
8
BLACK
6
CONTINUOUS
10
2.0458003149606299
20
1.3173312598425198
11
2.0458003149606299
21
1.3396320472440943
0
LINE
8
BLACK
6
CONTINUOUS
10
2.0458003149606299
20
1.3396320472440943
11
2.0465914960629923
21
1.3425848031496064
0
LINE
8
BLACK
6
CONTINUOUS
10
2.0465914960629923
20
1.3425848031496064
11
2.0487530708661419
21
1.344746377952756
0
LINE
8
BLACK
6
CONTINUOUS
10
2.0487530708661419
20
1.344746377952756
11
2.0517058267716535
21
1.3455375590551182
0
LINE
8
BLACK
6
CONTINUOUS
10
2.0517058267716535
20
1.3455375590551182
11
2.0546585826771655
21
1.344746377952756
0
LINE
8
BLACK
6
CONTINUOUS
10
2.0546585826771655
20
1.344746377952756
11
2.0568201574803151
21
1.3425848031496064
0
LINE
8
BLACK
6
CONTINUOUS
10
2.0568201574803151
20
1.3425848031496064
11
2.0576113385826771
21
1.3396320472440943
0
LINE
8
BLACK
6
CONTINUOUS
10
2.0576113385826771
20
1.3396320472440943
11
2.0576113385826771
21
1.3030740944881889
0
LINE
8
BLACK
6
CONTINUOUS
10
2.0576113385826771
20
1.3030740944881889
11
2.0574101181102362
21
1.3023231102362205
0
LINE
8
BLACK
6
CONTINUOUS
10
2.0574101181102362
20
1.3023231102362205
11
2.0574101181102362
21
1.3015456299212598
0
LINE
8
BLACK
6
CONTINUOUS
10
2.0574101181102362
20
1.3015456299212598
11
2.057021377952756
21
1.300872283464567
0
LINE
8
BLACK
6
CONTINUOUS
10
2.057021377952756
20
1.300872283464567
11
2.0568201574803151
21
1.3001213385826771
0
LINE
8
BLACK
6
CONTINUOUS
10
2.0568201574803151
20
1.3001213385826771
11
2.0562703543307088
21
1.2995715354330708
0
LINE
8
BLACK
6
CONTINUOUS
10
2.0562703543307088
20
1.2995715354330708
11
2.0558816535433069
21
1.2988982677165355
0
LINE
8
BLACK
6
CONTINUOUS
10
2.0558816535433069
20
1.2988982677165355
11
2.055208346456693
21
1.298509527559055
0
LINE
8
BLACK
6
CONTINUOUS
10
2.055208346456693
20
1.298509527559055
11
2.0546585826771655
21
1.2979597637795275
0
LINE
8
BLACK
6
CONTINUOUS
10
2.0546585826771655
20
1.2979597637795275
11
2.0539075984251967
21
1.2977585039370079
0
LINE
8
BLACK
6
CONTINUOUS
10
2.0539075984251967
20
1.2977585039370079
11
2.0532342913385828
21
1.2973698031496064
0
LINE
8
BLACK
6
CONTINUOUS
10
2.0532342913385828
20
1.2973698031496064
11
2.0524568110236219
21
1.2973698031496064
0
LINE
8
BLACK
6
CONTINUOUS
10
2.0524568110236219
20
1.2973698031496064
11
2.0517058267716535
21
1.2971685826771653
0
LINE
8
BLACK
6
CONTINUOUS
10
2.0517058267716535
20
1.2971685826771653
11
2.0509548425196851
21
1.2973698031496064
0
LINE
8
BLACK
6
CONTINUOUS
10
2.0509548425196851
20
1.2973698031496064
11
2.0501773622047246
21
1.2973698031496064
0
LINE
8
BLACK
6
CONTINUOUS
10
2.0501773622047246
20
1.2973698031496064
11
2.0495040157480315
21
1.2977585039370079
0
LINE
8
BLACK
6
CONTINUOUS
10
2.0495040157480315
20
1.2977585039370079
11
2.0487530708661419
21
1.2979597637795275
0
LINE
8
BLACK
6
CONTINUOUS
10
2.0487530708661419
20
1.2979597637795275
11
2.0482032677165356
21
1.298509527559055
0
LINE
8
BLACK
6
CONTINUOUS
10
2.0482032677165356
20
1.298509527559055
11
2.0475300000000001
21
1.2988982677165355
0
LINE
8
BLACK
6
CONTINUOUS
10
2.0475300000000001
20
1.2988982677165355
11
2.0147699606299212
21
1.3316582677165354
0
LINE
8
BLACK
6
CONTINUOUS
10
2.0147699606299212
20
1.3316582677165354
11
2.00856531496063
21
1.3337265354330707
0
LINE
8
BLACK
6
CONTINUOUS
10
2.00856531496063
20
1.3337265354330707
11
2.0052933858267714
21
1.3337265354330707
0
LINE
8
BLACK
6
CONTINUOUS
10
2.0052933858267714
20
1.3337265354330707
11
2.0017731889763781
21
1.3319664173228347
0
LINE
8
BLACK
6
CONTINUOUS
10
2.0017731889763781
20
1.3319664173228347
11
2.0003163385826772
21
1.3305095669291338
0
LINE
8
BLACK
6
CONTINUOUS
10
2.0003163385826772
20
1.3305095669291338
11
1.998556220472441
21
1.3269893307086613
0
LINE
8
BLACK
6
CONTINUOUS
10
1.998556220472441
20
1.3269893307086613
11
1.998556220472441
21
1.3157168110236219
0
LINE
8
BLACK
6
CONTINUOUS
10
1.998556220472441
20
1.3157168110236219
11
2.0003163385826772
21
1.3121965748031497
0
LINE
8
BLACK
6
CONTINUOUS
10
2.0003163385826772
20
1.3121965748031497
11
2.0024508267716534
21
1.3100620866141732
0
LINE
8
BLACK
6
CONTINUOUS
10
2.0024508267716534
20
1.3100620866141732
11
2.0039792913385828
21
1.3074147244094487
0
LINE
8
BLACK
6
CONTINUOUS
10
2.0039792913385828
20
1.3074147244094487
11
2.0039792913385828
21
1.3043577952755905
0
LINE
8
BLACK
6
CONTINUOUS
10
2.0039792913385828
20
1.3043577952755905
11
2.0024508267716534
21
1.3017104330708662
0
LINE
8
BLACK
6
CONTINUOUS
10
2.0024508267716534
20
1.3017104330708662
11
1.9998034645669291
21
1.3001819685039371
0
LINE
8
BLACK
6
CONTINUOUS
10
1.9998034645669291
20
1.3001819685039371
11
1.9967465354330709
21
1.3001819685039371
0
LINE
8
BLACK
6
CONTINUOUS
10
1.9967465354330709
20
1.3001819685039371
11
1.9940991732283464
21
1.3017104330708662
0
LINE
8
BLACK
6
CONTINUOUS
10
1.9940991732283464
20
1.3017104330708662
11
1.9912870472440944
21
1.3045225590551182
0
LINE
8
BLACK
6
CONTINUOUS
10
1.9912870472440944
20
1.3045225590551182
11
1.9908116535433071
21
1.3053459448818898
0
LINE
8
BLACK
6
CONTINUOUS
10
1.9908116535433071
20
1.3053459448818898
11
1.9901808267716534
21
1.3060573622047245
0
LINE
8
BLACK
6
CONTINUOUS
10
1.9901808267716534
20
1.3060573622047245
11
1.9873686614173227
21
1.3116816929133859
0
LINE
8
BLACK
6
CONTINUOUS
10
1.9873686614173227
20
1.3116816929133859
11
1.987096496062992
21
1.3130116141732284
0
LINE
8
BLACK
6
CONTINUOUS
10
1.987096496062992
20
1.3130116141732284
11
1.9867451968503937
21
1.314322716535433
0
LINE
8
BLACK
6
CONTINUOUS
10
1.9867451968503937
20
1.314322716535433
11
1.9867451968503937
21
1.3283834251968503
0
LINE
8
BLACK
6
CONTINUOUS
10
1.9867451968503937
20
1.3283834251968503
11
1.987096496062992
21
1.3296944881889763
0
LINE
8
BLACK
6
CONTINUOUS
10
1.987096496062992
20
1.3296944881889763
11
1.9873686614173227
21
1.3310244488188976
0
LINE
8
BLACK
6
CONTINUOUS
10
1.9873686614173227
20
1.3310244488188976
11
1.9901808267716534
21
1.336648779527559
0
LINE
8
BLACK
6
CONTINUOUS
10
1.9901808267716534
20
1.336648779527559
11
1.9908116535433071
21
1.3373601574803149
0
LINE
8
BLACK
6
CONTINUOUS
10
1.9908116535433071
20
1.3373601574803149
11
1.9912870472440944
21
1.3381835826771653
0
LINE
8
BLACK
6
CONTINUOUS
10
1.9912870472440944
20
1.3381835826771653
11
1.9940991732283464
21
1.3409957086614173
0
LINE
8
BLACK
6
CONTINUOUS
10
1.9940991732283464
20
1.3409957086614173
11
1.9949225984251968
21
1.3414711023622048
0
LINE
8
BLACK
6
CONTINUOUS
10
1.9949225984251968
20
1.3414711023622048
11
1.9956339763779527
21
1.3421019291338583
0
LINE
8
BLACK
6
CONTINUOUS
10
1.9956339763779527
20
1.3421019291338583
11
2.0012582283464568
21
1.344914094488189
0
LINE
8
BLACK
6
CONTINUOUS
10
2.0012582283464568
20
1.344914094488189
11
2.0025882283464567
21
1.3451862598425197
0
LINE
8
BLACK
6
CONTINUOUS
10
2.0025882283464567
20
1.3451862598425197
11
2.0038992913385827
21
1.3455375590551182
0
LINE
8
BLACK
6
CONTINUOUS
10
2.0038992913385827
20
1.3455375590551182
11
2.0095236220472441
21
1.3455375590551182
0
LINE
8
BLACK
6
CONTINUOUS
10
2.0095236220472441
20
1.3455375590551182
11
2.0104420472440943
21
1.3452914566929133
0
LINE
8
BLACK
6
CONTINUOUS
10
2.0417683858267717
20
1.4111310629921259
11
2.0430982677165352
21
1.4108589370078739
0
LINE
8
BLACK
6
CONTINUOUS
10
2.0430982677165352
20
1.4108589370078739
11
2.0487225590551179
21
1.4080468110236219
0
LINE
8
BLACK
6
CONTINUOUS
10
2.0487225590551179
20
1.4080468110236219
11
2.049433937007874
21
1.4074159448818897
0
LINE
8
BLACK
6
CONTINUOUS
10
2.049433937007874
20
1.4074159448818897
11
2.0502573622047242
21
1.4069405905511811
0
LINE
8
BLACK
6
CONTINUOUS
10
2.0502573622047242
20
1.4069405905511811
11
2.0530695275590549
21
1.4041284251968504
0
LINE
8
BLACK
6
CONTINUOUS
10
2.0530695275590549
20
1.4041284251968504
11
2.0535448818897639
21
1.403305
0
LINE
8
BLACK
6
CONTINUOUS
10
2.0535448818897639
20
1.403305
11
2.0541757480314962
21
1.4025936220472441
0
LINE
8
BLACK
6
CONTINUOUS
10
2.0541757480314962
20
1.4025936220472441
11
2.0569878740157481
21
1.3969692913385827
0
LINE
8
BLACK
6
CONTINUOUS
10
2.0569878740157481
20
1.3969692913385827
11
2.0572599606299211
21
1.3956395275590552
0
LINE
8
BLACK
6
CONTINUOUS
10
2.0572599606299211
20
1.3956395275590552
11
2.0576113385826771
21
1.3943283070866141
0
LINE
8
BLACK
6
CONTINUOUS
10
2.0576113385826771
20
1.3943283070866141
11
2.0576113385826771
21
1.3830797244094488
0
LINE
8
BLACK
6
CONTINUOUS
10
2.0576113385826771
20
1.3830797244094488
11
2.0572599606299211
21
1.381768464566929
0
LINE
8
BLACK
6
CONTINUOUS
10
2.0572599606299211
20
1.381768464566929
11
2.0569878740157481
21
1.3804387401574802
0
LINE
8
BLACK
6
CONTINUOUS
10
2.0569878740157481
20
1.3804387401574802
11
2.0541757480314962
21
1.3748144094488188
0
LINE
8
BLACK
6
CONTINUOUS
10
2.0541757480314962
20
1.3748144094488188
11
2.0535448818897639
21
1.3741029921259842
0
LINE
8
BLACK
6
CONTINUOUS
10
2.0535448818897639
20
1.3741029921259842
11
2.0530695275590549
21
1.3732796062992125
0
LINE
8
BLACK
6
CONTINUOUS
10
2.0530695275590549
20
1.3732796062992125
11
2.0502573622047242
21
1.3704674409448818
0
LINE
8
BLACK
6
CONTINUOUS
10
2.0502573622047242
20
1.3704674409448818
11
2.0494338976377953
21
1.3699920078740158
0
LINE
8
BLACK
6
CONTINUOUS
10
2.0494338976377953
20
1.3699920078740158
11
2.0487225590551179
21
1.369361220472441
0
LINE
8
BLACK
6
CONTINUOUS
10
2.0487225590551179
20
1.369361220472441
11
2.0430982677165352
21
1.3665490551181103
0
LINE
8
BLACK
6
CONTINUOUS
10
2.0430982677165352
20
1.3665490551181103
11
2.0417683070866142
21
1.3662768897637796
0
LINE
8
BLACK
6
CONTINUOUS
10
2.0417683070866142
20
1.3662768897637796
11
2.0404572440944881
21
1.3659255905511811
0
LINE
8
BLACK
6
CONTINUOUS
10
2.0404572440944881
20
1.3659255905511811
11
1.9926507086614174
21
1.3659255905511811
0
LINE
8
BLACK
6
CONTINUOUS
10
1.9926507086614174
20
1.3659255905511811
11
1.9896979527559056
21
1.3667167716535433
0
LINE
8
BLACK
6
CONTINUOUS
10
1.9896979527559056
20
1.3667167716535433
11
1.987536377952756
21
1.3688783464566929
0
LINE
8
BLACK
6
CONTINUOUS
10
1.987536377952756
20
1.3688783464566929
11
1.9867451968503937
21
1.3718311023622047
0
LINE
8
BLACK
6
CONTINUOUS
10
1.9867451968503937
20
1.3718311023622047
11
1.987536377952756
21
1.3747838582677165
0
LINE
8
BLACK
6
CONTINUOUS
10
1.987536377952756
20
1.3747838582677165
11
1.9896979527559056
21
1.3769454330708661
0
LINE
8
BLACK
6
CONTINUOUS
10
1.9896979527559056
20
1.3769454330708661
11
1.9926507086614174
21
1.3777366141732283
0
LINE
8
BLACK
6
CONTINUOUS
10
1.9926507086614174
20
1.3777366141732283
11
2.039063149606299
21
1.3777366141732283
0
LINE
8
BLACK
6
CONTINUOUS
10
2.039063149606299
20
1.3777366141732283
11
2.0425833464566927
21
1.3794967322834646
0
LINE
8
BLACK
6
CONTINUOUS
10
2.0425833464566927
20
1.3794967322834646
11
2.0440401968503936
21
1.3809535826771653
0
LINE
8
BLACK
6
CONTINUOUS
10
2.0440401968503936
20
1.3809535826771653
11
2.0458003149606299
21
1.384473779527559
0
LINE
8
BLACK
6
CONTINUOUS
10
2.0458003149606299
20
1.384473779527559
11
2.0458003149606299
21
1.3929342125984252
0
LINE
8
BLACK
6
CONTINUOUS
10
2.0458003149606299
20
1.3929342125984252
11
2.0440401968503936
21
1.3964544094488189
0
LINE
8
BLACK
6
CONTINUOUS
10
2.0440401968503936
20
1.3964544094488189
11
2.042583307086614
21
1.3979112992125984
0
LINE
8
BLACK
6
CONTINUOUS
10
2.042583307086614
20
1.3979112992125984
11
2.039063149606299
21
1.3996713779527559
0
LINE
8
BLACK
6
CONTINUOUS
10
2.039063149606299
20
1.3996713779527559
11
1.9926507086614174
21
1.3996713779527559
0
LINE
8
BLACK
6
CONTINUOUS
10
1.9926507086614174
20
1.3996713779527559
11
1.9896979527559056
21
1.4004625590551181
0
LINE
8
BLACK
6
CONTINUOUS
10
1.9896979527559056
20
1.4004625590551181
11
1.987536377952756
21
1.4026241338582677
0
LINE
8
BLACK
6
CONTINUOUS
10
1.987536377952756
20
1.4026241338582677
11
1.9867451968503937
21
1.4055768897637795
0
LINE
8
BLACK
6
CONTINUOUS
10
1.9867451968503937
20
1.4055768897637795
11
1.987536377952756
21
1.4085296456692913
0
LINE
8
BLACK
6
CONTINUOUS
10
1.987536377952756
20
1.4085296456692913
11
1.9896979527559056
21
1.4106912204724409
0
LINE
8
BLACK
6
CONTINUOUS
10
1.9896979527559056
20
1.4106912204724409
11
1.9926507086614174
21
1.4114824015748031
0
LINE
8
BLACK
6
CONTINUOUS
10
1.9926507086614174
20
1.4114824015748031
11
2.0404572440944881
21
1.4114824015748031
0
LINE
8
BLACK
6
CONTINUOUS
10
2.0404572440944881
20
1.4114824015748031
11
2.0417683858267717
21
1.4111310629921259
0
LINE
8
BLACK
6
CONTINUOUS
10
2.0546585826771655
20
1.469746377952756
11
2.0568201574803151
21
1.4675848031496064
0
LINE
8
BLACK
6
CONTINUOUS
10
2.0568201574803151
20
1.4675848031496064
11
2.0576113385826771
21
1.4646320472440943
0
LINE
8
BLACK
6
CONTINUOUS
10
2.0576113385826771
20
1.4646320472440943
11
2.0576113385826771
21
1.4308862598425196
0
LINE
8
BLACK
6
CONTINUOUS
10
2.0576113385826771
20
1.4308862598425196
11
2.0568201574803151
21
1.4279335039370078
0
LINE
8
BLACK
6
CONTINUOUS
10
2.0568201574803151
20
1.4279335039370078
11
2.0546585826771655
21
1.4257719291338582
0
LINE
8
BLACK
6
CONTINUOUS
10
2.0546585826771655
20
1.4257719291338582
11
2.0517058267716535
21
1.424980748031496
0
LINE
8
BLACK
6
CONTINUOUS
10
2.0517058267716535
20
1.424980748031496
11
2.0487530708661419
21
1.4257719291338582
0
LINE
8
BLACK
6
CONTINUOUS
10
2.0487530708661419
20
1.4257719291338582
11
2.0465914960629923
21
1.4279335039370078
0
LINE
8
BLACK
6
CONTINUOUS
10
2.0465914960629923
20
1.4279335039370078
11
2.0458003149606299
21
1.4308862598425196
0
LINE
8
BLACK
6
CONTINUOUS
10
2.0458003149606299
20
1.4308862598425196
11
2.0458003149606299
21
1.441853622047244
0
LINE
8
BLACK
6
CONTINUOUS
10
2.0458003149606299
20
1.441853622047244
11
2.0097200393700785
21
1.441853622047244
0
LINE
8
BLACK
6
CONTINUOUS
10
2.0097200393700785
20
1.441853622047244
11
2.0108872834645668
21
1.4406863779527559
0
LINE
8
BLACK
6
CONTINUOUS
10
2.0108872834645668
20
1.4406863779527559
11
2.0113626771653541
21
1.4398629133858267
0
LINE
8
BLACK
6
CONTINUOUS
10
2.0113626771653541
20
1.4398629133858267
11
2.011993503937008
21
1.4391515748031496
0
LINE
8
BLACK
6
CONTINUOUS
10
2.011993503937008
20
1.4391515748031496
11
2.0148056692913388
21
1.4335273228346457
0
LINE
8
BLACK
6
CONTINUOUS
10
2.0148056692913388
20
1.4335273228346457
11
2.0154185433070864
21
1.4305324409448819
0
LINE
8
BLACK
6
CONTINUOUS
10
2.0154185433070864
20
1.4305324409448819
11
2.0144518503937006
21
1.4276324015748032
0
LINE
8
BLACK
6
CONTINUOUS
10
2.0144518503937006
20
1.4276324015748032
11
2.0121646456692912
21
1.4256042125984252
0
LINE
8
BLACK
6
CONTINUOUS
10
2.0121646456692912
20
1.4256042125984252
11
2.0091698031496064
21
1.4249913385826771
0
LINE
8
BLACK
6
CONTINUOUS
10
2.0091698031496064
20
1.4249913385826771
11
2.0062697637795277
21
1.4259580314960629
0
LINE
8
BLACK
6
CONTINUOUS
10
2.0062697637795277
20
1.4259580314960629
11
2.0042415748031495
21
1.4282452362204725
0
LINE
8
BLACK
6
CONTINUOUS
10
2.0042415748031495
20
1.4282452362204725
11
2.0018579921259843
21
1.4330123228346456
0
LINE
8
BLACK
6
CONTINUOUS
10
2.0018579921259843
20
1.4330123228346456
11
1.9973248818897638
21
1.4375454330708661
0
LINE
8
BLACK
6
CONTINUOUS
10
1.9973248818897638
20
1.4375454330708661
11
1.9893749212598424
21
1.4428454330708662
0
LINE
8
BLACK
6
CONTINUOUS
10
1.9893749212598424
20
1.4428454330708662
11
1.9884872834645668
21
1.4438554330708662
0
LINE
8
BLACK
6
CONTINUOUS
10
1.9884872834645668
20
1.4438554330708662
11
1.987536377952756
21
1.4448063779527558
0
LINE
8
BLACK
6
CONTINUOUS
10
1.987536377952756
20
1.4448063779527558
11
1.9874858267716535
21
1.444995
0
LINE
8
BLACK
6
CONTINUOUS
10
1.9874858267716535
20
1.444995
11
1.9873569685039369
21
1.445141653543307
0
LINE
8
BLACK
6
CONTINUOUS
10
1.9873569685039369
20
1.445141653543307
11
1.9870932677165354
21
1.4464600393700786
0
LINE
8
BLACK
6
CONTINUOUS
10
1.9870932677165354
20
1.4464600393700786
11
1.9867451968503937
21
1.4477591338582676
0
LINE
8
BLACK
6
CONTINUOUS
10
1.9867451968503937
20
1.4477591338582676
11
1.9867957086614172
21
1.4479477165354331
0
LINE
8
BLACK
6
CONTINUOUS
10
1.9867957086614172
20
1.4479477165354331
11
1.9867574409448818
21
1.4481392125984252
0
LINE
8
BLACK
6
CONTINUOUS
10
1.9867574409448818
20
1.4481392125984252
11
1.9871883464566928
21
1.4494130314960629
0
LINE
8
BLACK
6
CONTINUOUS
10
1.9871883464566928
20
1.4494130314960629
11
1.987536377952756
21
1.4507118897637794
0
LINE
8
BLACK
6
CONTINUOUS
10
1.987536377952756
20
1.4507118897637794
11
1.9876744094488188
21
1.4508499212598425
0
LINE
8
BLACK
6
CONTINUOUS
10
1.9876744094488188
20
1.4508499212598425
11
1.9877370078740157
21
1.4510349212598426
0
LINE
8
BLACK
6
CONTINUOUS
10
1.9877370078740157
20
1.4510349212598426
11
1.9887470078740157
21
1.4519225196850394
0
LINE
8
BLACK
6
CONTINUOUS
10
1.9887470078740157
20
1.4519225196850394
11
1.9896979527559056
21
1.452873464566929
0
LINE
8
BLACK
6
CONTINUOUS
10
1.9896979527559056
20
1.452873464566929
11
1.9898865748031496
21
1.4529239763779527
0
LINE
8
BLACK
6
CONTINUOUS
10
1.9898865748031496
20
1.4529239763779527
11
1.9900332283464566
21
1.453052874015748
0
LINE
8
BLACK
6
CONTINUOUS
10
1.9900332283464566
20
1.453052874015748
11
1.9913516141732284
21
1.4533165354330708
0
LINE
8
BLACK
6
CONTINUOUS
10
1.9913516141732284
20
1.4533165354330708
11
1.9926507086614174
21
1.4536646456692912
0
LINE
8
BLACK
6
CONTINUOUS
10
1.9926507086614174
20
1.4536646456692912
11
2.0458003149606299
21
1.4536646456692912
0
LINE
8
BLACK
6
CONTINUOUS
10
2.0458003149606299
20
1.4536646456692912
11
2.0458003149606299
21
1.4646320472440943
0
LINE
8
BLACK
6
CONTINUOUS
10
2.0458003149606299
20
1.4646320472440943
11
2.0465914960629923
21
1.4675848031496064
0
LINE
8
BLACK
6
CONTINUOUS
10
2.0465914960629923
20
1.4675848031496064
11
2.0487530708661419
21
1.469746377952756
0
LINE
8
BLACK
6
CONTINUOUS
10
2.0487530708661419
20
1.469746377952756
11
2.0517058267716535
21
1.4705375590551182
0
LINE
8
BLACK
6
CONTINUOUS
10
2.0517058267716535
20
1.4705375590551182
11
2.0546585826771655
21
1.469746377952756
0
LINE
8
BLACK
6
CONTINUOUS
10
2.0222810629921257
20
1.5234028346456692
11
2.0244426377952753
21
1.5212412598425196
0
LINE
8
BLACK
6
CONTINUOUS
10
2.0244426377952753
20
1.5212412598425196
11
2.0252338188976378
21
1.5182885039370078
0
LINE
8
BLACK
6
CONTINUOUS
10
2.0252338188976378
20
1.5182885039370078
11
2.0252338188976378
21
1.5016968503937007
0
LINE
8
BLACK
6
CONTINUOUS
10
2.0252338188976378
20
1.5016968503937007
11
2.0418255118110236
21
1.5016968503937007
0
LINE
8
BLACK
6
CONTINUOUS
10
2.0418255118110236
20
1.5016968503937007
11
2.0447782677165356
21
1.5009056692913385
0
LINE
8
BLACK
6
CONTINUOUS
10
2.0447782677165356
20
1.5009056692913385
11
2.0469398425196852
21
1.4987440944881889
0
LINE
8
BLACK
6
CONTINUOUS
10
2.0469398425196852
20
1.4987440944881889
11
2.0477310236220472
21
1.4957913385826771
0
LINE
8
BLACK
6
CONTINUOUS
10
2.0477310236220472
20
1.4957913385826771
11
2.0469398425196852
21
1.4928385826771653
0
LINE
8
BLACK
6
CONTINUOUS
10
2.0469398425196852
20
1.4928385826771653
11
2.0447782677165356
21
1.4906770078740157
0
LINE
8
BLACK
6
CONTINUOUS
10
2.0447782677165356
20
1.4906770078740157
11
2.0418255118110236
21
1.4898858267716535
0
LINE
8
BLACK
6
CONTINUOUS
10
2.0418255118110236
20
1.4898858267716535
11
2.0252338188976378
21
1.4898858267716535
0
LINE
8
BLACK
6
CONTINUOUS
10
2.0252338188976378
20
1.4898858267716535
11
2.0252338188976378
21
1.4732941338582677
0
LINE
8
BLACK
6
CONTINUOUS
10
2.0252338188976378
20
1.4732941338582677
11
2.0244426377952753
21
1.4703413779527559
0
LINE
8
BLACK
6
CONTINUOUS
10
2.0244426377952753
20
1.4703413779527559
11
2.0222810629921257
21
1.4681798031496063
0
LINE
8
BLACK
6
CONTINUOUS
10
2.0222810629921257
20
1.4681798031496063
11
2.0193283070866141
21
1.4673886220472441
0
LINE
8
BLACK
6
CONTINUOUS
10
2.0193283070866141
20
1.4673886220472441
11
2.0163755511811021
21
1.4681798031496063
0
LINE
8
BLACK
6
CONTINUOUS
10
2.0163755511811021
20
1.4681798031496063
11
2.0142139763779525
21
1.4703413779527559
0
LINE
8
BLACK
6
CONTINUOUS
10
2.0142139763779525
20
1.4703413779527559
11
2.0134227952755905
21
1.4732941338582677
0
LINE
8
BLACK
6
CONTINUOUS
10
2.0134227952755905
20
1.4732941338582677
11
2.0134227952755905
21
1.4898858267716535
0
LINE
8
BLACK
6
CONTINUOUS
10
2.0134227952755905
20
1.4898858267716535
11
1.9968311023622047
21
1.4898858267716535
0
LINE
8
BLACK
6
CONTINUOUS
10
1.9968311023622047
20
1.4898858267716535
11
1.9938783464566929
21
1.4906770078740157
0
LINE
8
BLACK
6
CONTINUOUS
10
1.9938783464566929
20
1.4906770078740157
11
1.9917167716535433
21
1.4928385826771653
0
LINE
8
BLACK
6
CONTINUOUS
10
1.9917167716535433
20
1.4928385826771653
11
1.9909255905511811
21
1.4957913385826771
0
LINE
8
BLACK
6
CONTINUOUS
10
1.9909255905511811
20
1.4957913385826771
11
1.9917167716535433
21
1.4987440944881889
0
LINE
8
BLACK
6
CONTINUOUS
10
1.9917167716535433
20
1.4987440944881889
11
1.9938783464566929
21
1.5009056692913385
0
LINE
8
BLACK
6
CONTINUOUS
10
1.9938783464566929
20
1.5009056692913385
11
1.9968311023622047
21
1.5016968503937007
0
LINE
8
BLACK
6
CONTINUOUS
10
1.9968311023622047
20
1.5016968503937007
11
2.0134227952755905
21
1.5016968503937007
0
LINE
8
BLACK
6
CONTINUOUS
10
2.0134227952755905
20
1.5016968503937007
11
2.0134227952755905
21
1.5182885039370078
0
LINE
8
BLACK
6
CONTINUOUS
10
2.0134227952755905
20
1.5182885039370078
11
2.0142139763779525
21
1.5212412598425196
0
LINE
8
BLACK
6
CONTINUOUS
10
2.0142139763779525
20
1.5212412598425196
11
2.0163755511811021
21
1.5234028346456692
0
LINE
8
BLACK
6
CONTINUOUS
10
2.0163755511811021
20
1.5234028346456692
11
2.0193283070866141
21
1.5241940157480314
0
LINE
8
BLACK
6
CONTINUOUS
10
2.0193283070866141
20
1.5241940157480314
11
2.0222810629921257
21
1.5234028346456692
0
CIRCLE
8
BLACK
10
0.08
20
1.22
40
0.0068897637795276
0
CIRCLE
8
BLACK
10
0.08
20
1.1199999999999999
40
0.0068897637795276
0
CIRCLE
8
BLACK
10
0.18
20
1.22
40
0.0068897637795276
0
CIRCLE
8
BLACK
10
0.18
20
1.1199999999999999
40
0.0068897637795276
0
CIRCLE
8
BLACK
10
0.28
20
1.22
40
0.0068897637795276
0
CIRCLE
8
BLACK
10
0.28
20
1.1199999999999999
40
0.0068897637795276
0
CIRCLE
8
BLACK
10
1.3490157480314959
20
0.7999999999999999
40
0.0068897637795276
0
CIRCLE
8
BLACK
10
0.1009842519685039
20
0.7999999999999999
40
0.0068897637795276
0
CIRCLE
8
BLACK
10
1.675
20
0.9
40
0.0068897637795276
0
CIRCLE
8
BLACK
10
1.675
20
0.7031496062992126
40
0.0068897637795276
0
CIRCLE
8
BLACK
10
2.1999999999999997
20
1.3999999999999999
40
0.0068897637795276
0
CIRCLE
8
BLACK
10
0.2
20
0.2
40
0.0068897637795276
0
CIRCLE
8
BLACK
10
0.2
20
1.3999999999999999
40
0.0068897637795276
0
CIRCLE
8
BLACK
10
2.1999999999999997
20
0.2
40
0.0068897637795276
0
CIRCLE
8
BLACK
10
2.2749999999999999
20
1.125
40
0.0068897637795276
0
CIRCLE
8
BLACK
10
2.1749999999999998
20
1.125
40
0.0068897637795276
0
CIRCLE
8
BLACK
10
2.0749999999999997
20
1.125
40
0.0068897637795276
0
CIRCLE
8
BLACK
10
2.2749999999999999
20
0.9
40
0.0068897637795276
0
CIRCLE
8
BLACK
10
2.1749999999999998
20
0.9
40
0.0068897637795276
0
CIRCLE
8
BLACK
10
2.0749999999999997
20
0.9
40
0.0068897637795276
0
CIRCLE
8
BLACK
10
2.2749999999999999
20
0.6749999999999999
40
0.0068897637795276
0
CIRCLE
8
BLACK
10
2.1749999999999998
20
0.6749999999999999
40
0.0068897637795276
0
CIRCLE
8
BLACK
10
2.0749999999999997
20
0.6749999999999999
40
0.0068897637795276
0
CIRCLE
8
BLACK
10
2.2749999999999999
20
0.45
40
0.0068897637795276
0
CIRCLE
8
BLACK
10
2.1749999999999998
20
0.45
40
0.0068897637795276
0
CIRCLE
8
BLACK
10
2.0749999999999997
20
0.45
40
0.0068897637795276
0
CIRCLE
8
BLACK
10
1.6740157480314961
20
1.325
40
0.0068897637795276
0
CIRCLE
8
BLACK
10
0.4259842519685039
20
1.325
40
0.0068897637795276
0
CIRCLE
8
BLACK
10
0.4259842519685039
20
0.275
40
0.0068897637795276
0
CIRCLE
8
BLACK
10
1.6740157480314961
20
0.275
40
0.0068897637795276
0
CIRCLE
8
BLACK
10
1.825
20
0.5
40
0.0068897637795276
0
CIRCLE
8
BLACK
10
1.825
20
0.4
40
0.0068897637795276
0
CIRCLE
8
BLACK
10
1.825
20
0.2
40
0.0068897637795276
0
CIRCLE
8
BLACK
10
1.925
20
0.2
40
0.0068897637795276
0
CIRCLE
8
BLACK
10
1.825
20
0.1
40
0.0068897637795276
0
CIRCLE
8
BLACK
10
1.925
20
0.1
40
0.0068897637795276
0
CIRCLE
8
BLACK
10
1.825
20
1.3
40
0.0068897637795276
0
CIRCLE
8
BLACK
10
1.925
20
1.3
40
0.0068897637795276
0
CIRCLE
8
BLACK
10
1.825
20
1.3999999999999999
40
0.0068897637795276
0
CIRCLE
8
BLACK
10
1.925
20
1.3999999999999999
40
0.0068897637795276
0
CIRCLE
8
BLACK
10
1.825
20
1.5
40
0.0068897637795276
0
CIRCLE
8
BLACK
10
1.925
20
1.5
40
0.0068897637795276
  0
ENDSEC
  0
EOF
