  0
SECTION
  2
HEADER
  9
$ANGBASE
  50
0.0
  9
$ANGDIR
  70
1
  9
$MEASUREMENT
  70
0
  0
ENDSEC
  0
SECTION
  2
TABLES
  0
TABLE
  2
LTYPE
  70
4
  0
LTYPE
  5
40F
  2
CONTINUOUS
  70
0
  3
Solid line
  72
65
  73
0
  40
0.0
  0
LTYPE
  5
410
  2
DASHDOT
 70
0
  3
Dash Dot ____ _ ____ _
 72
65
 73
4
 40
2.0
 49
1.25
 49
-0.25
 49
0.25
 49
-0.25
  0
LTYPE
  5
411
  2
DASHED
 70
0
  3
Dashed __ __ __ __ __
 72
65
 73
2
 40
0.75
 49
0.5
 49
-0.25
  0
LTYPE
  5
43B
  2
DOTTED
 70
0
  3
Dotted .  .  .  .
 72
65
 73
2
 40
0.2
 49
0.0
 49
-0.2
  0
ENDTAB
  0
TABLE
  2
STYLE
  70
4
  0
STYLE
  2
KICAD
  70
0
  40
0
  41
1
  42
1
  50
0
  71
0
  3
isocp.shx
  0
STYLE
  2
KICADB
  70
0
  40
0
  41
1
  42
1
  50
0
  71
0
  3
isocp.shx
  0
STYLE
  2
KICADI
  70
0
  40
0
  41
1
  42
1
  50
15
  71
0
  3
isocp.shx
  0
STYLE
  2
KICADBI
  70
0
  40
0
  41
1
  42
1
  50
15
  71
0
  3
isocp.shx
  0
ENDTAB
  0
TABLE
  2
LAYER
  70
1
  0
LAYER
  2
BLACK
  70
0
  62
7
  6
CONTINUOUS
  0
ENDTAB
  0
ENDSEC
  0
SECTION
  2
ENTITIES
0
LINE
8
BLACK
6
CONTINUOUS
10
0.7165635039370079
20
0.2124635826771653
11
0.7187250787401575
21
0.2103020078740157
0
LINE
8
BLACK
6
CONTINUOUS
10
0.7187250787401575
20
0.2103020078740157
11
0.7195162598425197
21
0.2073492519685039
0
LINE
8
BLACK
6
CONTINUOUS
10
0.7195162598425197
20
0.2073492519685039
11
0.7187250787401575
21
0.2043964960629921
0
LINE
8
BLACK
6
CONTINUOUS
10
0.7187250787401575
20
0.2043964960629921
11
0.7165635039370079
21
0.2022349212598425
0
LINE
8
BLACK
6
CONTINUOUS
10
0.7165635039370079
20
0.2022349212598425
11
0.713610748031496
21
0.2014437401574803
0
LINE
8
BLACK
6
CONTINUOUS
10
0.713610748031496
20
0.2014437401574803
11
0.6852752362204724
21
0.2014437401574803
0
LINE
8
BLACK
6
CONTINUOUS
10
0.6852752362204724
20
0.2014437401574803
11
0.7185244488188977
21
0.1515699212598425
0
LINE
8
BLACK
6
CONTINUOUS
10
0.7185244488188977
20
0.1515699212598425
11
0.7185870078740157
21
0.1513849212598425
0
LINE
8
BLACK
6
CONTINUOUS
10
0.7185870078740157
20
0.1513849212598425
11
0.7187250787401575
21
0.1512468897637795
0
LINE
8
BLACK
6
CONTINUOUS
10
0.7187250787401575
20
0.1512468897637795
11
0.7190730708661417
21
0.149948031496063
0
LINE
8
BLACK
6
CONTINUOUS
10
0.7190730708661417
20
0.149948031496063
11
0.7195040157480315
21
0.1486742125984252
0
LINE
8
BLACK
6
CONTINUOUS
10
0.7195040157480315
20
0.1486742125984252
11
0.7194657086614173
21
0.1484827165354331
0
LINE
8
BLACK
6
CONTINUOUS
10
0.7194657086614173
20
0.1484827165354331
11
0.7195162598425197
21
0.1482941338582677
0
LINE
8
BLACK
6
CONTINUOUS
10
0.7195162598425197
20
0.1482941338582677
11
0.7191682283464567
21
0.1469953543307086
0
LINE
8
BLACK
6
CONTINUOUS
10
0.7191682283464567
20
0.1469953543307086
11
0.7189045275590551
21
0.1456766535433071
0
LINE
8
BLACK
6
CONTINUOUS
10
0.7189045275590551
20
0.1456766535433071
11
0.7187755905511811
21
0.1455299212598425
0
LINE
8
BLACK
6
CONTINUOUS
10
0.7187755905511811
20
0.1455299212598425
11
0.7187250787401575
21
0.1453413779527559
0
LINE
8
BLACK
6
CONTINUOUS
10
0.7187250787401575
20
0.1453413779527559
11
0.7177742913385826
21
0.1443905905511811
0
LINE
8
BLACK
6
CONTINUOUS
10
0.7177742913385826
20
0.1443905905511811
11
0.7168865354330709
21
0.1433804330708661
0
LINE
8
BLACK
6
CONTINUOUS
10
0.7168865354330709
20
0.1433804330708661
11
0.7167015354330708
21
0.1433178346456693
0
LINE
8
BLACK
6
CONTINUOUS
10
0.7167015354330708
20
0.1433178346456693
11
0.7165635039370079
21
0.1431798031496063
0
LINE
8
BLACK
6
CONTINUOUS
10
0.7165635039370079
20
0.1431798031496063
11
0.7152646456692914
21
0.1428317716535433
0
LINE
8
BLACK
6
CONTINUOUS
10
0.7152646456692914
20
0.1428317716535433
11
0.7139908267716535
21
0.1424008661417323
0
LINE
8
BLACK
6
CONTINUOUS
10
0.7139908267716535
20
0.1424008661417323
11
0.7137993307086614
21
0.1424391338582677
0
LINE
8
BLACK
6
CONTINUOUS
10
0.7137993307086614
20
0.1424391338582677
11
0.713610748031496
21
0.1423886220472441
0
LINE
8
BLACK
6
CONTINUOUS
10
0.713610748031496
20
0.1423886220472441
11
0.6742406692913385
21
0.1423886220472441
0
LINE
8
BLACK
6
CONTINUOUS
10
0.6742406692913385
20
0.1423886220472441
11
0.6712879133858267
21
0.1431798031496063
0
LINE
8
BLACK
6
CONTINUOUS
10
0.6712879133858267
20
0.1431798031496063
11
0.6691263385826771
21
0.1453413779527559
0
LINE
8
BLACK
6
CONTINUOUS
10
0.6691263385826771
20
0.1453413779527559
11
0.6683351574803149
21
0.1482941338582677
0
LINE
8
BLACK
6
CONTINUOUS
10
0.6683351574803149
20
0.1482941338582677
11
0.6691263385826771
21
0.1512468897637795
0
LINE
8
BLACK
6
CONTINUOUS
10
0.6691263385826771
20
0.1512468897637795
11
0.6712879133858267
21
0.1534084645669291
0
LINE
8
BLACK
6
CONTINUOUS
10
0.6712879133858267
20
0.1534084645669291
11
0.6742406692913385
21
0.1541996456692913
0
LINE
8
BLACK
6
CONTINUOUS
10
0.6742406692913385
20
0.1541996456692913
11
0.7025762204724409
21
0.1541996456692913
0
LINE
8
BLACK
6
CONTINUOUS
10
0.7025762204724409
20
0.1541996456692913
11
0.669326968503937
21
0.2040734645669291
0
LINE
8
BLACK
6
CONTINUOUS
10
0.669326968503937
20
0.2040734645669291
11
0.6692643700787402
21
0.2042584251968504
0
LINE
8
BLACK
6
CONTINUOUS
10
0.6692643700787402
20
0.2042584251968504
11
0.6691263385826771
21
0.2043964960629921
0
LINE
8
BLACK
6
CONTINUOUS
10
0.6691263385826771
20
0.2043964960629921
11
0.6687783070866141
21
0.2056953149606299
0
LINE
8
BLACK
6
CONTINUOUS
10
0.6687783070866141
20
0.2056953149606299
11
0.6683474015748031
21
0.2069691732283465
0
LINE
8
BLACK
6
CONTINUOUS
10
0.6683474015748031
20
0.2069691732283465
11
0.6683856692913386
21
0.2071606299212598
0
LINE
8
BLACK
6
CONTINUOUS
10
0.6683856692913386
20
0.2071606299212598
11
0.6683351574803149
21
0.2073492519685039
0
LINE
8
BLACK
6
CONTINUOUS
10
0.6683351574803149
20
0.2073492519685039
11
0.6686831496062992
21
0.2086479921259843
0
LINE
8
BLACK
6
CONTINUOUS
10
0.6686831496062992
20
0.2086479921259843
11
0.6689468897637795
21
0.2099667322834646
0
LINE
8
BLACK
6
CONTINUOUS
10
0.6689468897637795
20
0.2099667322834646
11
0.6690757874015748
21
0.2101134251968504
0
LINE
8
BLACK
6
CONTINUOUS
10
0.6690757874015748
20
0.2101134251968504
11
0.6691263385826771
21
0.2103020078740157
0
LINE
8
BLACK
6
CONTINUOUS
10
0.6691263385826771
20
0.2103020078740157
11
0.6700770866141732
21
0.2112527559055118
0
LINE
8
BLACK
6
CONTINUOUS
10
0.6700770866141732
20
0.2112527559055118
11
0.6709648818897638
21
0.2122629527559055
0
LINE
8
BLACK
6
CONTINUOUS
10
0.6709648818897638
20
0.2122629527559055
11
0.671149842519685
21
0.2123255118110236
0
LINE
8
BLACK
6
CONTINUOUS
10
0.671149842519685
20
0.2123255118110236
11
0.6712879133858267
21
0.2124635826771653
0
LINE
8
BLACK
6
CONTINUOUS
10
0.6712879133858267
20
0.2124635826771653
11
0.6725867322834646
21
0.2128115748031496
0
LINE
8
BLACK
6
CONTINUOUS
10
0.6725867322834646
20
0.2128115748031496
11
0.6738605905511811
21
0.2132425196850394
0
LINE
8
BLACK
6
CONTINUOUS
10
0.6738605905511811
20
0.2132425196850394
11
0.6740520472440945
21
0.2132042125984252
0
LINE
8
BLACK
6
CONTINUOUS
10
0.6740520472440945
20
0.2132042125984252
11
0.6742406692913385
21
0.2132547637795276
0
LINE
8
BLACK
6
CONTINUOUS
10
0.6742406692913385
20
0.2132547637795276
11
0.713610748031496
21
0.2132547637795276
0
LINE
8
BLACK
6
CONTINUOUS
10
0.713610748031496
20
0.2132547637795276
11
0.7165635039370079
21
0.2124635826771653
0
LINE
8
BLACK
6
CONTINUOUS
10
0.7510870866141732
20
0.2130086614173228
11
0.7520361417322835
21
0.2129516929133858
0
LINE
8
BLACK
6
CONTINUOUS
10
0.7520361417322835
20
0.2129516929133858
11
0.7604725984251969
21
0.2101395669291339
0
LINE
8
BLACK
6
CONTINUOUS
10
0.7604725984251969
20
0.2101395669291339
11
0.7616054724409449
21
0.2093915354330709
0
LINE
8
BLACK
6
CONTINUOUS
10
0.7616054724409449
20
0.2093915354330709
11
0.7627809448818897
21
0.2087129133858268
0
LINE
8
BLACK
6
CONTINUOUS
10
0.7627809448818897
20
0.2087129133858268
11
0.7684052362204724
21
0.2030886220472441
0
LINE
8
BLACK
6
CONTINUOUS
10
0.7684052362204724
20
0.2030886220472441
11
0.7688806299212598
21
0.202265157480315
0
LINE
8
BLACK
6
CONTINUOUS
10
0.7688806299212598
20
0.202265157480315
11
0.7695114566929133
21
0.2015538188976378
0
LINE
8
BLACK
6
CONTINUOUS
10
0.7695114566929133
20
0.2015538188976378
11
0.772323622047244
21
0.1959295669291339
0
LINE
8
BLACK
6
CONTINUOUS
10
0.772323622047244
20
0.1959295669291339
11
0.7724543307086614
21
0.1952907086614173
0
LINE
8
BLACK
6
CONTINUOUS
10
0.7724543307086614
20
0.1952907086614173
11
0.772770748031496
21
0.1947207874015748
0
LINE
8
BLACK
6
CONTINUOUS
10
0.772770748031496
20
0.1947207874015748
11
0.775582874015748
21
0.1834722047244094
0
LINE
8
BLACK
6
CONTINUOUS
10
0.775582874015748
20
0.1834722047244094
11
0.775570590551181
21
0.1827437401574803
0
LINE
8
BLACK
6
CONTINUOUS
10
0.775570590551181
20
0.1827437401574803
11
0.7757592125984252
21
0.1820399212598425
0
LINE
8
BLACK
6
CONTINUOUS
10
0.7757592125984252
20
0.1820399212598425
11
0.7757592125984252
21
0.1736034645669291
0
LINE
8
BLACK
6
CONTINUOUS
10
0.7757592125984252
20
0.1736034645669291
11
0.775570590551181
21
0.1728996062992126
0
LINE
8
BLACK
6
CONTINUOUS
10
0.775570590551181
20
0.1728996062992126
11
0.775582874015748
21
0.1721711811023622
0
LINE
8
BLACK
6
CONTINUOUS
10
0.775582874015748
20
0.1721711811023622
11
0.772770748031496
21
0.1609225984251968
0
LINE
8
BLACK
6
CONTINUOUS
10
0.772770748031496
20
0.1609225984251968
11
0.7724543307086614
21
0.1603526377952756
0
LINE
8
BLACK
6
CONTINUOUS
10
0.7724543307086614
20
0.1603526377952756
11
0.772323622047244
21
0.1597138188976378
0
LINE
8
BLACK
6
CONTINUOUS
10
0.772323622047244
20
0.1597138188976378
11
0.7695114566929133
21
0.1540895669291339
0
LINE
8
BLACK
6
CONTINUOUS
10
0.7695114566929133
20
0.1540895669291339
11
0.7688806299212598
21
0.1533781889763779
0
LINE
8
BLACK
6
CONTINUOUS
10
0.7688806299212598
20
0.1533781889763779
11
0.7684052362204724
21
0.1525547637795276
0
LINE
8
BLACK
6
CONTINUOUS
10
0.7684052362204724
20
0.1525547637795276
11
0.7627809448818897
21
0.1469304724409449
0
LINE
8
BLACK
6
CONTINUOUS
10
0.7627809448818897
20
0.1469304724409449
11
0.7616054724409449
21
0.146251811023622
0
LINE
8
BLACK
6
CONTINUOUS
10
0.7616054724409449
20
0.146251811023622
11
0.7604725984251969
21
0.1455038188976378
0
LINE
8
BLACK
6
CONTINUOUS
10
0.7604725984251969
20
0.1455038188976378
11
0.7520361417322835
21
0.1426916929133858
0
LINE
8
BLACK
6
CONTINUOUS
10
0.7520361417322835
20
0.1426916929133858
11
0.7510870866141732
21
0.1426346850393701
0
LINE
8
BLACK
6
CONTINUOUS
10
0.7510870866141732
20
0.1426346850393701
11
0.7501686614173229
21
0.1423886220472441
0
LINE
8
BLACK
6
CONTINUOUS
10
0.7501686614173229
20
0.1423886220472441
11
0.7445443700787402
21
0.1423886220472441
0
LINE
8
BLACK
6
CONTINUOUS
10
0.7445443700787402
20
0.1423886220472441
11
0.743625905511811
21
0.1426346850393701
0
LINE
8
BLACK
6
CONTINUOUS
10
0.743625905511811
20
0.1426346850393701
11
0.7426768503937008
21
0.1426916929133858
0
LINE
8
BLACK
6
CONTINUOUS
10
0.7426768503937008
20
0.1426916929133858
11
0.7342404330708662
21
0.1455038582677165
0
LINE
8
BLACK
6
CONTINUOUS
10
0.7342404330708662
20
0.1455038582677165
11
0.7331076377952755
21
0.1462517322834646
0
LINE
8
BLACK
6
CONTINUOUS
10
0.7331076377952755
20
0.1462517322834646
11
0.7319320866141732
21
0.1469304724409449
0
LINE
8
BLACK
6
CONTINUOUS
10
0.7319320866141732
20
0.1469304724409449
11
0.7291199606299212
21
0.1497425984251969
0
LINE
8
BLACK
6
CONTINUOUS
10
0.7291199606299212
20
0.1497425984251969
11
0.7275914960629921
21
0.1523899606299212
0
LINE
8
BLACK
6
CONTINUOUS
10
0.7275914960629921
20
0.1523899606299212
11
0.7275914960629921
21
0.1554468897637795
0
LINE
8
BLACK
6
CONTINUOUS
10
0.7275914960629921
20
0.1554468897637795
11
0.7291199606299212
21
0.1580942519685039
0
LINE
8
BLACK
6
CONTINUOUS
10
0.7291199606299212
20
0.1580942519685039
11
0.7317673228346456
21
0.1596227165354331
0
LINE
8
BLACK
6
CONTINUOUS
10
0.7317673228346456
20
0.1596227165354331
11
0.7348242519685039
21
0.1596227165354331
0
LINE
8
BLACK
6
CONTINUOUS
10
0.7348242519685039
20
0.1596227165354331
11
0.7374716141732284
21
0.1580942519685039
0
LINE
8
BLACK
6
CONTINUOUS
10
0.7374716141732284
20
0.1580942519685039
11
0.7392979527559055
21
0.156267874015748
0
LINE
8
BLACK
6
CONTINUOUS
10
0.7392979527559055
20
0.156267874015748
11
0.7455027559055118
21
0.1541996456692913
0
LINE
8
BLACK
6
CONTINUOUS
10
0.7455027559055118
20
0.1541996456692913
11
0.7492103937007873
21
0.1541996456692913
0
LINE
8
BLACK
6
CONTINUOUS
10
0.7492103937007873
20
0.1541996456692913
11
0.7554150393700787
21
0.156267874015748
0
LINE
8
BLACK
6
CONTINUOUS
10
0.7554150393700787
20
0.156267874015748
11
0.7593759448818898
21
0.160228779527559
0
LINE
8
BLACK
6
CONTINUOUS
10
0.7593759448818898
20
0.160228779527559
11
0.7614696062992126
21
0.1644161417322835
0
LINE
8
BLACK
6
CONTINUOUS
10
0.7614696062992126
20
0.1644161417322835
11
0.763948188976378
21
0.1743303543307086
0
LINE
8
BLACK
6
CONTINUOUS
10
0.763948188976378
20
0.1743303543307086
11
0.763948188976378
21
0.1813129921259843
0
LINE
8
BLACK
6
CONTINUOUS
10
0.763948188976378
20
0.1813129921259843
11
0.7614696062992126
21
0.1912272047244094
0
LINE
8
BLACK
6
CONTINUOUS
10
0.7614696062992126
20
0.1912272047244094
11
0.7593759448818898
21
0.1954145669291339
0
LINE
8
BLACK
6
CONTINUOUS
10
0.7593759448818898
20
0.1954145669291339
11
0.7554150393700787
21
0.1993754724409449
0
LINE
8
BLACK
6
CONTINUOUS
10
0.7554150393700787
20
0.1993754724409449
11
0.7492103937007873
21
0.2014437401574803
0
LINE
8
BLACK
6
CONTINUOUS
10
0.7492103937007873
20
0.2014437401574803
11
0.7455027559055118
21
0.2014437401574803
0
LINE
8
BLACK
6
CONTINUOUS
10
0.7455027559055118
20
0.2014437401574803
11
0.7392979527559055
21
0.1993754724409449
0
LINE
8
BLACK
6
CONTINUOUS
10
0.7392979527559055
20
0.1993754724409449
11
0.7374716141732284
21
0.1975491338582677
0
LINE
8
BLACK
6
CONTINUOUS
10
0.7374716141732284
20
0.1975491338582677
11
0.7348242519685039
21
0.1960206692913386
0
LINE
8
BLACK
6
CONTINUOUS
10
0.7348242519685039
20
0.1960206692913386
11
0.7317673228346456
21
0.1960206692913386
0
LINE
8
BLACK
6
CONTINUOUS
10
0.7317673228346456
20
0.1960206692913386
11
0.7291199606299212
21
0.1975491338582677
0
LINE
8
BLACK
6
CONTINUOUS
10
0.7291199606299212
20
0.1975491338582677
11
0.7275914960629921
21
0.2001964960629921
0
LINE
8
BLACK
6
CONTINUOUS
10
0.7275914960629921
20
0.2001964960629921
11
0.7275914960629921
21
0.2032534251968504
0
LINE
8
BLACK
6
CONTINUOUS
10
0.7275914960629921
20
0.2032534251968504
11
0.7291199606299212
21
0.2059007874015748
0
LINE
8
BLACK
6
CONTINUOUS
10
0.7291199606299212
20
0.2059007874015748
11
0.7319320866141732
21
0.2087129133858268
0
LINE
8
BLACK
6
CONTINUOUS
10
0.7319320866141732
20
0.2087129133858268
11
0.7331076377952755
21
0.2093916141732284
0
LINE
8
BLACK
6
CONTINUOUS
10
0.7331076377952755
20
0.2093916141732284
11
0.7342404330708662
21
0.2101395275590551
0
LINE
8
BLACK
6
CONTINUOUS
10
0.7342404330708662
20
0.2101395275590551
11
0.7426768503937008
21
0.2129516929133858
0
LINE
8
BLACK
6
CONTINUOUS
10
0.7426768503937008
20
0.2129516929133858
11
0.743625905511811
21
0.2130086614173228
0
LINE
8
BLACK
6
CONTINUOUS
10
0.743625905511811
20
0.2130086614173228
11
0.7445443700787402
21
0.2132547637795276
0
LINE
8
BLACK
6
CONTINUOUS
10
0.7445443700787402
20
0.2132547637795276
11
0.7501686614173229
21
0.2132547637795276
0
LINE
8
BLACK
6
CONTINUOUS
10
0.7501686614173229
20
0.2132547637795276
11
0.7510870866141732
21
0.2130086614173228
0
LINE
8
BLACK
6
CONTINUOUS
10
0.7959140551181102
20
0.1596227165354331
11
0.7966915354330708
21
0.1596227165354331
0
LINE
8
BLACK
6
CONTINUOUS
10
0.7966915354330708
20
0.1596227165354331
11
0.7966915748031496
21
0.1596227165354331
0
LINE
8
BLACK
6
CONTINUOUS
10
0.7966915748031496
20
0.1596227165354331
11
0.7973648818897637
21
0.159233937007874
0
LINE
8
BLACK
6
CONTINUOUS
10
0.7973648818897637
20
0.159233937007874
11
0.7981158267716535
21
0.1590327559055118
0
LINE
8
BLACK
6
CONTINUOUS
10
0.7981158267716535
20
0.1590327559055118
11
0.7986655905511811
21
0.1584829527559055
0
LINE
8
BLACK
6
CONTINUOUS
10
0.7986655905511811
20
0.1584829527559055
11
0.7993388976377953
21
0.1580942519685039
0
LINE
8
BLACK
6
CONTINUOUS
10
0.7993388976377953
20
0.1580942519685039
11
0.8021510236220473
21
0.155282125984252
0
LINE
8
BLACK
6
CONTINUOUS
10
0.8021510236220473
20
0.155282125984252
11
0.8021972047244095
21
0.155202125984252
0
LINE
8
BLACK
6
CONTINUOUS
10
0.8021972047244095
20
0.155202125984252
11
0.8036794881889764
21
0.1526348031496063
0
LINE
8
BLACK
6
CONTINUOUS
10
0.8036794881889764
20
0.1526348031496063
11
0.8036794881889764
21
0.1526347637795276
0
LINE
8
BLACK
6
CONTINUOUS
10
0.8036794881889764
20
0.1526347637795276
11
0.8036794881889764
21
0.1495778346456693
0
LINE
8
BLACK
6
CONTINUOUS
10
0.8036794881889764
20
0.1495778346456693
11
0.8031425984251969
21
0.1486479527559055
0
LINE
8
BLACK
6
CONTINUOUS
10
0.8031425984251969
20
0.1486479527559055
11
0.802151062992126
21
0.1469305118110236
0
LINE
8
BLACK
6
CONTINUOUS
10
0.802151062992126
20
0.1469305118110236
11
0.799338937007874
21
0.1441183464566929
0
LINE
8
BLACK
6
CONTINUOUS
10
0.799338937007874
20
0.1441183464566929
11
0.7993388976377953
21
0.1441183070866142
0
LINE
8
BLACK
6
CONTINUOUS
10
0.7993388976377953
20
0.1441183070866142
11
0.7989185039370078
21
0.1438755905511811
0
LINE
8
BLACK
6
CONTINUOUS
10
0.7989185039370078
20
0.1438755905511811
11
0.7986655905511811
21
0.1437295669291339
0
LINE
8
BLACK
6
CONTINUOUS
10
0.7986655905511811
20
0.1437295669291339
11
0.7981158267716535
21
0.1431798031496063
0
LINE
8
BLACK
6
CONTINUOUS
10
0.7981158267716535
20
0.1431798031496063
11
0.7973648818897637
21
0.1429785826771653
0
LINE
8
BLACK
6
CONTINUOUS
10
0.7973648818897637
20
0.1429785826771653
11
0.7966915748031496
21
0.142589842519685
0
LINE
8
BLACK
6
CONTINUOUS
10
0.7966915748031496
20
0.142589842519685
11
0.7959140551181102
21
0.142589842519685
0
LINE
8
BLACK
6
CONTINUOUS
10
0.7959140551181102
20
0.142589842519685
11
0.7951630708661417
21
0.1423886220472441
0
LINE
8
BLACK
6
CONTINUOUS
10
0.7951630708661417
20
0.1423886220472441
11
0.7944120866141732
21
0.142589842519685
0
LINE
8
BLACK
6
CONTINUOUS
10
0.7944120866141732
20
0.142589842519685
11
0.7936346456692913
21
0.142589842519685
0
LINE
8
BLACK
6
CONTINUOUS
10
0.7936346456692913
20
0.142589842519685
11
0.7936346062992126
21
0.142589842519685
0
LINE
8
BLACK
6
CONTINUOUS
10
0.7936346062992126
20
0.142589842519685
11
0.7929612598425196
21
0.1429785433070866
0
LINE
8
BLACK
6
CONTINUOUS
10
0.7929612598425196
20
0.1429785433070866
11
0.7922103149606299
21
0.1431798031496063
0
LINE
8
BLACK
6
CONTINUOUS
10
0.7922103149606299
20
0.1431798031496063
11
0.7916605118110236
21
0.1437295669291339
0
LINE
8
BLACK
6
CONTINUOUS
10
0.7916605118110236
20
0.1437295669291339
11
0.7914075590551181
21
0.1438756299212599
0
LINE
8
BLACK
6
CONTINUOUS
10
0.7914075590551181
20
0.1438756299212599
11
0.7909872834645669
21
0.1441182677165354
0
LINE
8
BLACK
6
CONTINUOUS
10
0.7909872834645669
20
0.1441182677165354
11
0.7909872440944882
21
0.1441183070866142
0
LINE
8
BLACK
6
CONTINUOUS
10
0.7909872440944882
20
0.1441183070866142
11
0.7881750787401575
21
0.1469304724409449
0
LINE
8
BLACK
6
CONTINUOUS
10
0.7881750787401575
20
0.1469304724409449
11
0.7876427559055118
21
0.1478524409448819
0
LINE
8
BLACK
6
CONTINUOUS
10
0.7876427559055118
20
0.1478524409448819
11
0.7871835039370079
21
0.1486479527559055
0
LINE
8
BLACK
6
CONTINUOUS
10
0.7871835039370079
20
0.1486479527559055
11
0.7866466141732283
21
0.1495778346456693
0
LINE
8
BLACK
6
CONTINUOUS
10
0.7866466141732283
20
0.1495778346456693
11
0.7866466141732283
21
0.1526347637795276
0
LINE
8
BLACK
6
CONTINUOUS
10
0.7866466141732283
20
0.1526347637795276
11
0.7866466141732283
21
0.1526348031496063
0
LINE
8
BLACK
6
CONTINUOUS
10
0.7866466141732283
20
0.1526348031496063
11
0.7881288976377953
21
0.155202125984252
0
LINE
8
BLACK
6
CONTINUOUS
10
0.7881288976377953
20
0.155202125984252
11
0.7881750787401575
21
0.155282125984252
0
LINE
8
BLACK
6
CONTINUOUS
10
0.7881750787401575
20
0.155282125984252
11
0.7881751181102362
21
0.1552821653543307
0
LINE
8
BLACK
6
CONTINUOUS
10
0.7881751181102362
20
0.1552821653543307
11
0.7909872834645669
21
0.1580942913385827
0
LINE
8
BLACK
6
CONTINUOUS
10
0.7909872834645669
20
0.1580942913385827
11
0.7916605511811023
21
0.1584829921259842
0
LINE
8
BLACK
6
CONTINUOUS
10
0.7916605511811023
20
0.1584829921259842
11
0.7922103149606299
21
0.1590327559055118
0
LINE
8
BLACK
6
CONTINUOUS
10
0.7922103149606299
20
0.1590327559055118
11
0.7929612598425196
21
0.1592339763779528
0
LINE
8
BLACK
6
CONTINUOUS
10
0.7929612598425196
20
0.1592339763779528
11
0.7936346062992126
21
0.1596227165354331
0
LINE
8
BLACK
6
CONTINUOUS
10
0.7936346062992126
20
0.1596227165354331
11
0.7944120866141732
21
0.1596227165354331
0
LINE
8
BLACK
6
CONTINUOUS
10
0.7944120866141732
20
0.1596227165354331
11
0.7951630708661417
21
0.159823937007874
0
LINE
8
BLACK
6
CONTINUOUS
10
0.7951630708661417
20
0.159823937007874
11
0.7959140551181102
21
0.1596227165354331
0
LINE
8
BLACK
6
CONTINUOUS
10
0.8571709448818897
20
0.2124635826771653
11
0.8593325196850393
21
0.2103020078740157
0
LINE
8
BLACK
6
CONTINUOUS
10
0.8593325196850393
20
0.2103020078740157
11
0.8601237007874015
21
0.2073492519685039
0
LINE
8
BLACK
6
CONTINUOUS
10
0.8601237007874015
20
0.2073492519685039
11
0.8601237007874015
21
0.1482941338582677
0
LINE
8
BLACK
6
CONTINUOUS
10
0.8601237007874015
20
0.1482941338582677
11
0.8593325196850393
21
0.1453413779527559
0
LINE
8
BLACK
6
CONTINUOUS
10
0.8593325196850393
20
0.1453413779527559
11
0.8571709448818897
21
0.1431798031496063
0
LINE
8
BLACK
6
CONTINUOUS
10
0.8571709448818897
20
0.1431798031496063
11
0.8542181889763779
21
0.1423886220472441
0
LINE
8
BLACK
6
CONTINUOUS
10
0.8542181889763779
20
0.1423886220472441
11
0.8317209842519685
21
0.1423886220472441
0
LINE
8
BLACK
6
CONTINUOUS
10
0.8317209842519685
20
0.1423886220472441
11
0.8304099212598425
21
0.1427398818897638
0
LINE
8
BLACK
6
CONTINUOUS
10
0.8304099212598425
20
0.1427398818897638
11
0.8290799212598425
21
0.1430120866141732
0
LINE
8
BLACK
6
CONTINUOUS
10
0.8290799212598425
20
0.1430120866141732
11
0.8234556692913385
21
0.1458242519685039
0
LINE
8
BLACK
6
CONTINUOUS
10
0.8234556692913385
20
0.1458242519685039
11
0.8227442913385826
21
0.1464550393700787
0
LINE
8
BLACK
6
CONTINUOUS
10
0.8227442913385826
20
0.1464550393700787
11
0.821920905511811
21
0.1469304330708661
0
LINE
8
BLACK
6
CONTINUOUS
10
0.821920905511811
20
0.1469304330708661
11
0.8191087401574803
21
0.1497425590551181
0
LINE
8
BLACK
6
CONTINUOUS
10
0.8191087401574803
20
0.1497425590551181
11
0.8186333070866142
21
0.1505659842519685
0
LINE
8
BLACK
6
CONTINUOUS
10
0.8186333070866142
20
0.1505659842519685
11
0.8180024803149606
21
0.1512774015748032
0
LINE
8
BLACK
6
CONTINUOUS
10
0.8180024803149606
20
0.1512774015748032
11
0.8151903543307086
21
0.1569016929133858
0
LINE
8
BLACK
6
CONTINUOUS
10
0.8151903543307086
20
0.1569016929133858
11
0.8149181889763779
21
0.1582315354330709
0
LINE
8
BLACK
6
CONTINUOUS
10
0.8149181889763779
20
0.1582315354330709
11
0.8145668897637796
21
0.1595427165354331
0
LINE
8
BLACK
6
CONTINUOUS
10
0.8145668897637796
20
0.1595427165354331
11
0.8145668897637796
21
0.1679791732283465
0
LINE
8
BLACK
6
CONTINUOUS
10
0.8145668897637796
20
0.1679791732283465
11
0.8149181889763779
21
0.1692903149606299
0
LINE
8
BLACK
6
CONTINUOUS
10
0.8149181889763779
20
0.1692903149606299
11
0.8151903543307086
21
0.1706201968503937
0
LINE
8
BLACK
6
CONTINUOUS
10
0.8151903543307086
20
0.1706201968503937
11
0.8180024803149606
21
0.1762444881889764
0
LINE
8
BLACK
6
CONTINUOUS
10
0.8180024803149606
20
0.1762444881889764
11
0.8186333070866142
21
0.1769558661417323
0
LINE
8
BLACK
6
CONTINUOUS
10
0.8186333070866142
20
0.1769558661417323
11
0.8191087007874016
21
0.1777792913385827
0
LINE
8
BLACK
6
CONTINUOUS
10
0.8191087007874016
20
0.1777792913385827
11
0.8219208661417322
21
0.1805914566929134
0
LINE
8
BLACK
6
CONTINUOUS
10
0.8219208661417322
20
0.1805914566929134
11
0.8219745669291338
21
0.1806224803149606
0
LINE
8
BLACK
6
CONTINUOUS
10
0.8219745669291338
20
0.1806224803149606
11
0.821920905511811
21
0.1806761811023622
0
LINE
8
BLACK
6
CONTINUOUS
10
0.821920905511811
20
0.1806761811023622
11
0.8214454724409449
21
0.1814996062992126
0
LINE
8
BLACK
6
CONTINUOUS
10
0.8214454724409449
20
0.1814996062992126
11
0.8208146456692913
21
0.1822110236220472
0
LINE
8
BLACK
6
CONTINUOUS
10
0.8208146456692913
20
0.1822110236220472
11
0.8180024803149606
21
0.1878353543307087
0
LINE
8
BLACK
6
CONTINUOUS
10
0.8180024803149606
20
0.1878353543307087
11
0.8177303149606299
21
0.1891652755905512
0
LINE
8
BLACK
6
CONTINUOUS
10
0.8177303149606299
20
0.1891652755905512
11
0.8173790157480315
21
0.1904763779527559
0
LINE
8
BLACK
6
CONTINUOUS
10
0.8173790157480315
20
0.1904763779527559
11
0.8173790157480315
21
0.1961006692913386
0
LINE
8
BLACK
6
CONTINUOUS
10
0.8173790157480315
20
0.1961006692913386
11
0.8177303149606299
21
0.1974117322834646
0
LINE
8
BLACK
6
CONTINUOUS
10
0.8177303149606299
20
0.1974117322834646
11
0.8180024803149606
21
0.1987416929133858
0
LINE
8
BLACK
6
CONTINUOUS
10
0.8180024803149606
20
0.1987416929133858
11
0.8208146456692913
21
0.2043659842519685
0
LINE
8
BLACK
6
CONTINUOUS
10
0.8208146456692913
20
0.2043659842519685
11
0.8214454330708661
21
0.2050773228346457
0
LINE
8
BLACK
6
CONTINUOUS
10
0.8214454330708661
20
0.2050773228346457
11
0.821920905511811
21
0.2059008267716535
0
LINE
8
BLACK
6
CONTINUOUS
10
0.821920905511811
20
0.2059008267716535
11
0.8247330708661417
21
0.2087129527559055
0
LINE
8
BLACK
6
CONTINUOUS
10
0.8247330708661417
20
0.2087129527559055
11
0.8255564566929133
21
0.2091883070866142
0
LINE
8
BLACK
6
CONTINUOUS
10
0.8255564566929133
20
0.2091883070866142
11
0.8262678346456692
21
0.2098191338582677
0
LINE
8
BLACK
6
CONTINUOUS
10
0.8262678346456692
20
0.2098191338582677
11
0.8318920866141732
21
0.2126312992125984
0
LINE
8
BLACK
6
CONTINUOUS
10
0.8318920866141732
20
0.2126312992125984
11
0.8332220866141732
21
0.2129034645669291
0
LINE
8
BLACK
6
CONTINUOUS
10
0.8332220866141732
20
0.2129034645669291
11
0.8345331496062992
21
0.2132547637795276
0
LINE
8
BLACK
6
CONTINUOUS
10
0.8345331496062992
20
0.2132547637795276
11
0.8542181889763779
21
0.2132547637795276
0
LINE
8
BLACK
6
CONTINUOUS
10
0.8542181889763779
20
0.2132547637795276
11
0.8571709448818897
21
0.2124635826771653
0
LINE
8
BLACK
6
CONTINUOUS
10
0.8292866929133859
20
0.1712539763779528
11
0.8281379527559055
21
0.1701052362204724
0
LINE
8
BLACK
6
CONTINUOUS
10
0.8281379527559055
20
0.1701052362204724
11
0.8263779133858268
21
0.1665850787401575
0
LINE
8
BLACK
6
CONTINUOUS
10
0.8263779133858268
20
0.1665850787401575
11
0.8263779133858268
21
0.1609367716535433
0
LINE
8
BLACK
6
CONTINUOUS
10
0.8263779133858268
20
0.1609367716535433
11
0.8281379527559055
21
0.1574166535433071
0
LINE
8
BLACK
6
CONTINUOUS
10
0.8281379527559055
20
0.1574166535433071
11
0.8295948425196851
21
0.1559597637795276
0
LINE
8
BLACK
6
CONTINUOUS
10
0.8295948425196851
20
0.1559597637795276
11
0.8331150787401574
21
0.1541996456692913
0
LINE
8
BLACK
6
CONTINUOUS
10
0.8331150787401574
20
0.1541996456692913
11
0.8483126771653543
21
0.1541996456692913
0
LINE
8
BLACK
6
CONTINUOUS
10
0.8483126771653543
20
0.1541996456692913
11
0.8483126771653543
21
0.1733222440944882
0
LINE
8
BLACK
6
CONTINUOUS
10
0.8483126771653543
20
0.1733222440944882
11
0.8354915354330709
21
0.1733222440944882
0
LINE
8
BLACK
6
CONTINUOUS
10
0.8354915354330709
20
0.1733222440944882
11
0.8292866929133859
21
0.1712539763779528
0
LINE
8
BLACK
6
CONTINUOUS
10
0.8324070078740158
20
0.1996835826771653
11
0.830950157480315
21
0.1982267716535433
0
LINE
8
BLACK
6
CONTINUOUS
10
0.830950157480315
20
0.1982267716535433
11
0.8291900393700787
21
0.1947065354330709
0
LINE
8
BLACK
6
CONTINUOUS
10
0.8291900393700787
20
0.1947065354330709
11
0.8291900393700787
21
0.1918704724409449
0
LINE
8
BLACK
6
CONTINUOUS
10
0.8291900393700787
20
0.1918704724409449
11
0.8309501181102362
21
0.1883502362204725
0
LINE
8
BLACK
6
CONTINUOUS
10
0.8309501181102362
20
0.1883502362204725
11
0.8324070078740158
21
0.1868933858267716
0
LINE
8
BLACK
6
CONTINUOUS
10
0.8324070078740158
20
0.1868933858267716
11
0.8359272440944882
21
0.1851332677165354
0
LINE
8
BLACK
6
CONTINUOUS
10
0.8359272440944882
20
0.1851332677165354
11
0.8483126771653543
21
0.1851332677165354
0
LINE
8
BLACK
6
CONTINUOUS
10
0.8483126771653543
20
0.1851332677165354
11
0.8483126771653543
21
0.2014437401574803
0
LINE
8
BLACK
6
CONTINUOUS
10
0.8483126771653543
20
0.2014437401574803
11
0.8359272440944882
21
0.2014437401574803
0
LINE
8
BLACK
6
CONTINUOUS
10
0.8359272440944882
20
0.2014437401574803
11
0.8324070078740158
21
0.1996835826771653
0
LINE
8
BLACK
6
CONTINUOUS
10
0.9555961417322835
20
0.2124635826771653
11
0.9577577165354331
21
0.2103020078740157
0
LINE
8
BLACK
6
CONTINUOUS
10
0.9577577165354331
20
0.2103020078740157
11
0.9585488976377953
21
0.2073492519685039
0
LINE
8
BLACK
6
CONTINUOUS
10
0.9585488976377953
20
0.2073492519685039
11
0.9585488976377953
21
0.1482941338582677
0
LINE
8
BLACK
6
CONTINUOUS
10
0.9585488976377953
20
0.1482941338582677
11
0.9577577165354331
21
0.1453413779527559
0
LINE
8
BLACK
6
CONTINUOUS
10
0.9577577165354331
20
0.1453413779527559
11
0.9555961417322835
21
0.1431798031496063
0
LINE
8
BLACK
6
CONTINUOUS
10
0.9555961417322835
20
0.1431798031496063
11
0.9526433858267717
21
0.1423886220472441
0
LINE
8
BLACK
6
CONTINUOUS
10
0.9526433858267717
20
0.1423886220472441
11
0.9245218897637795
21
0.1423886220472441
0
LINE
8
BLACK
6
CONTINUOUS
10
0.9245218897637795
20
0.1423886220472441
11
0.9215691338582677
21
0.1431798031496063
0
LINE
8
BLACK
6
CONTINUOUS
10
0.9215691338582677
20
0.1431798031496063
11
0.9194075590551181
21
0.1453413779527559
0
LINE
8
BLACK
6
CONTINUOUS
10
0.9194075590551181
20
0.1453413779527559
11
0.9189773228346456
21
0.1469470472440945
0
LINE
8
BLACK
6
CONTINUOUS
10
0.9189773228346456
20
0.1469470472440945
11
0.9176918110236221
21
0.1443759842519685
0
LINE
8
BLACK
6
CONTINUOUS
10
0.9176918110236221
20
0.1443759842519685
11
0.915140748031496
21
0.1426916535433071
0
LINE
8
BLACK
6
CONTINUOUS
10
0.915140748031496
20
0.1426916535433071
11
0.9120893307086614
21
0.1425085039370079
0
LINE
8
BLACK
6
CONTINUOUS
10
0.9120893307086614
20
0.1425085039370079
11
0.9093551181102362
21
0.1438755905511811
0
LINE
8
BLACK
6
CONTINUOUS
10
0.9093551181102362
20
0.1438755905511811
11
0.9076708267716536
21
0.1464266535433071
0
LINE
8
BLACK
6
CONTINUOUS
10
0.9076708267716536
20
0.1464266535433071
11
0.9033925590551181
21
0.1592614960629921
0
LINE
8
BLACK
6
CONTINUOUS
10
0.9033925590551181
20
0.1592614960629921
11
0.8837839370078739
21
0.1592614960629921
0
LINE
8
BLACK
6
CONTINUOUS
10
0.8837839370078739
20
0.1592614960629921
11
0.8795056299212598
21
0.1464266535433071
0
LINE
8
BLACK
6
CONTINUOUS
10
0.8795056299212598
20
0.1464266535433071
11
0.8778213385826772
21
0.1438756299212599
0
LINE
8
BLACK
6
CONTINUOUS
10
0.8778213385826772
20
0.1438756299212599
11
0.875087125984252
21
0.1425085039370079
0
LINE
8
BLACK
6
CONTINUOUS
10
0.875087125984252
20
0.1425085039370079
11
0.8720357086614173
21
0.1426916929133858
0
LINE
8
BLACK
6
CONTINUOUS
10
0.8720357086614173
20
0.1426916929133858
11
0.86948468503937
21
0.1443759842519685
0
LINE
8
BLACK
6
CONTINUOUS
10
0.86948468503937
20
0.1443759842519685
11
0.8681175590551181
21
0.1471101968503937
0
LINE
8
BLACK
6
CONTINUOUS
10
0.8681175590551181
20
0.1471101968503937
11
0.868300748031496
21
0.1501616141732283
0
LINE
8
BLACK
6
CONTINUOUS
10
0.868300748031496
20
0.1501616141732283
11
0.8879857874015747
21
0.2092167322834646
0
LINE
8
BLACK
6
CONTINUOUS
10
0.8879857874015747
20
0.2092167322834646
11
0.8886392519685039
21
0.2102064960629921
0
LINE
8
BLACK
6
CONTINUOUS
10
0.8886392519685039
20
0.2102064960629921
11
0.8891697244094487
21
0.2112674015748031
0
LINE
8
BLACK
6
CONTINUOUS
10
0.8891697244094487
20
0.2112674015748031
11
0.8894710236220472
21
0.2114663385826772
0
LINE
8
BLACK
6
CONTINUOUS
10
0.8894710236220472
20
0.2114663385826772
11
0.8896700787401575
21
0.2117677952755906
0
LINE
8
BLACK
6
CONTINUOUS
10
0.8896700787401575
20
0.2117677952755906
11
0.8907311417322834
21
0.2122983070866142
0
LINE
8
BLACK
6
CONTINUOUS
10
0.8907311417322834
20
0.2122983070866142
11
0.891720748031496
21
0.2129516929133858
0
LINE
8
BLACK
6
CONTINUOUS
10
0.891720748031496
20
0.2129516929133858
11
0.8920811811023622
21
0.2129733070866142
0
LINE
8
BLACK
6
CONTINUOUS
10
0.8920811811023622
20
0.2129733070866142
11
0.8924042913385827
21
0.2131348818897638
0
LINE
8
BLACK
6
CONTINUOUS
10
0.8924042913385827
20
0.2131348818897638
11
0.8935883464566929
21
0.2130637795275591
0
LINE
8
BLACK
6
CONTINUOUS
10
0.8935883464566929
20
0.2130637795275591
11
0.8947721653543307
21
0.2131348818897638
0
LINE
8
BLACK
6
CONTINUOUS
10
0.8947721653543307
20
0.2131348818897638
11
0.895095157480315
21
0.2129733464566929
0
LINE
8
BLACK
6
CONTINUOUS
10
0.895095157480315
20
0.2129733464566929
11
0.8954557086614173
21
0.2129517322834646
0
LINE
8
BLACK
6
CONTINUOUS
10
0.8954557086614173
20
0.2129517322834646
11
0.8964456299212599
21
0.2122981102362205
0
LINE
8
BLACK
6
CONTINUOUS
10
0.8964456299212599
20
0.2122981102362205
11
0.8975063779527559
21
0.2117677559055118
0
LINE
8
BLACK
6
CONTINUOUS
10
0.8975063779527559
20
0.2117677559055118
11
0.8977053149606299
21
0.2114664173228346
0
LINE
8
BLACK
6
CONTINUOUS
10
0.8977053149606299
20
0.2114664173228346
11
0.8980067716535433
21
0.2112674015748031
0
LINE
8
BLACK
6
CONTINUOUS
10
0.8980067716535433
20
0.2112674015748031
11
0.898537283464567
21
0.2102062992125984
0
LINE
8
BLACK
6
CONTINUOUS
10
0.898537283464567
20
0.2102062992125984
11
0.8991906692913385
21
0.2092167322834646
0
LINE
8
BLACK
6
CONTINUOUS
10
0.8991906692913385
20
0.2092167322834646
11
0.9188757480314961
21
0.1501616141732283
0
LINE
8
BLACK
6
CONTINUOUS
10
0.9188757480314961
20
0.1501616141732283
11
0.9189198425196851
21
0.1494267322834646
0
LINE
8
BLACK
6
CONTINUOUS
10
0.9189198425196851
20
0.1494267322834646
11
0.9194075590551181
21
0.1512468897637795
0
LINE
8
BLACK
6
CONTINUOUS
10
0.9194075590551181
20
0.1512468897637795
11
0.9215691338582677
21
0.1534084645669291
0
LINE
8
BLACK
6
CONTINUOUS
10
0.9215691338582677
20
0.1534084645669291
11
0.9245218897637795
21
0.1541996456692913
0
LINE
8
BLACK
6
CONTINUOUS
10
0.9245218897637795
20
0.1541996456692913
11
0.946737874015748
21
0.1541996456692913
0
LINE
8
BLACK
6
CONTINUOUS
10
0.946737874015748
20
0.1541996456692913
11
0.946737874015748
21
0.2073492519685039
0
LINE
8
BLACK
6
CONTINUOUS
10
0.946737874015748
20
0.2073492519685039
11
0.9475290551181103
21
0.2103020078740157
0
LINE
8
BLACK
6
CONTINUOUS
10
0.9475290551181103
20
0.2103020078740157
11
0.9496906299212599
21
0.2124635826771653
0
LINE
8
BLACK
6
CONTINUOUS
10
0.9496906299212599
20
0.2124635826771653
11
0.9526433858267717
21
0.2132547637795276
0
LINE
8
BLACK
6
CONTINUOUS
10
0.9526433858267717
20
0.2132547637795276
11
0.9555961417322835
21
0.2124635826771653
0
LINE
8
BLACK
6
CONTINUOUS
10
0.8877209448818898
20
0.1710725196850394
11
0.8994555511811023
21
0.1710725196850394
0
LINE
8
BLACK
6
CONTINUOUS
10
0.8994555511811023
20
0.1710725196850394
11
0.8935882283464567
21
0.1886743700787402
0
LINE
8
BLACK
6
CONTINUOUS
10
0.8935882283464567
20
0.1886743700787402
11
0.8877209448818898
21
0.1710725196850394
0
LINE
8
BLACK
6
CONTINUOUS
10
1.0213712598425198
20
0.2129234645669291
11
1.0226323228346457
21
0.2127007480314961
0
LINE
8
BLACK
6
CONTINUOUS
10
1.0226323228346457
20
0.2127007480314961
11
1.0228337401574803
21
0.2125316141732283
0
LINE
8
BLACK
6
CONTINUOUS
10
1.0228337401574803
20
0.2125316141732283
11
1.0230877165354331
21
0.2124635826771653
0
LINE
8
BLACK
6
CONTINUOUS
10
1.0230877165354331
20
0.2124635826771653
11
1.023992874015748
21
0.2115583858267716
0
LINE
8
BLACK
6
CONTINUOUS
10
1.023992874015748
20
0.2115583858267716
11
1.0249734645669291
21
0.2107351181102362
0
LINE
8
BLACK
6
CONTINUOUS
10
1.0249734645669291
20
0.2107351181102362
11
1.0250633070866142
21
0.2104879527559055
0
LINE
8
BLACK
6
CONTINUOUS
10
1.0250633070866142
20
0.2104879527559055
11
1.0252492913385827
21
0.2103020078740157
0
LINE
8
BLACK
6
CONTINUOUS
10
1.0252492913385827
20
0.2103020078740157
11
1.0255806299212598
21
0.2090653937007874
0
LINE
8
BLACK
6
CONTINUOUS
10
1.0255806299212598
20
0.2090653937007874
11
1.0260181496062992
21
0.2078622440944882
0
LINE
8
BLACK
6
CONTINUOUS
10
1.0260181496062992
20
0.2078622440944882
11
1.0259724015748031
21
0.2076032677165354
0
LINE
8
BLACK
6
CONTINUOUS
10
1.0259724015748031
20
0.2076032677165354
11
1.0260404724409449
21
0.2073492519685039
0
LINE
8
BLACK
6
CONTINUOUS
10
1.0260404724409449
20
0.2073492519685039
11
1.0260404724409449
21
0.1482941338582677
0
LINE
8
BLACK
6
CONTINUOUS
10
1.0260404724409449
20
0.1482941338582677
11
1.0252492913385827
21
0.1453413779527559
0
LINE
8
BLACK
6
CONTINUOUS
10
1.0252492913385827
20
0.1453413779527559
11
1.0230877165354331
21
0.1431798031496063
0
LINE
8
BLACK
6
CONTINUOUS
10
1.0230877165354331
20
0.1431798031496063
11
1.0201349606299213
21
0.1423886220472441
0
LINE
8
BLACK
6
CONTINUOUS
10
1.0201349606299213
20
0.1423886220472441
11
1.0171822047244095
21
0.1431798031496063
0
LINE
8
BLACK
6
CONTINUOUS
10
1.0171822047244095
20
0.1431798031496063
11
1.0150206299212599
21
0.1453413779527559
0
LINE
8
BLACK
6
CONTINUOUS
10
1.0150206299212599
20
0.1453413779527559
11
1.0142294488188976
21
0.1482941338582677
0
LINE
8
BLACK
6
CONTINUOUS
10
1.0142294488188976
20
0.1482941338582677
11
1.0142294488188976
21
0.1807297637795275
0
LINE
8
BLACK
6
CONTINUOUS
10
1.0142294488188976
20
0.1807297637795275
11
1.0058013779527559
21
0.1626696456692913
0
LINE
8
BLACK
6
CONTINUOUS
10
1.0058013779527559
20
0.1626696456692913
11
1.0054664566929135
21
0.162270748031496
0
LINE
8
BLACK
6
CONTINUOUS
10
1.0054664566929135
20
0.162270748031496
11
1.0052884251968504
21
0.1617811417322835
0
LINE
8
BLACK
6
CONTINUOUS
10
1.0052884251968504
20
0.1617811417322835
11
1.004498622047244
21
0.161118031496063
0
LINE
8
BLACK
6
CONTINUOUS
10
1.004498622047244
20
0.161118031496063
11
1.0038357480314961
21
0.1603285039370079
0
LINE
8
BLACK
6
CONTINUOUS
10
1.0038357480314961
20
0.1603285039370079
11
1.0033462598425196
21
0.1601505118110236
0
LINE
8
BLACK
6
CONTINUOUS
10
1.0033462598425196
20
0.1601505118110236
11
1.002947283464567
21
0.1598155118110236
0
LINE
8
BLACK
6
CONTINUOUS
10
1.002947283464567
20
0.1598155118110236
11
1.0019316929133859
21
0.1596361023622047
0
LINE
8
BLACK
6
CONTINUOUS
10
1.0019316929133859
20
0.1596361023622047
11
1.0009628740157479
21
0.1592838188976378
0
LINE
8
BLACK
6
CONTINUOUS
10
1.0009628740157479
20
0.1592838188976378
11
1.0004500000000001
21
0.1593743700787401
0
LINE
8
BLACK
6
CONTINUOUS
10
1.0004500000000001
20
0.1593743700787401
11
0.999936968503937
21
0.159283779527559
0
LINE
8
BLACK
6
CONTINUOUS
10
0.999936968503937
20
0.159283779527559
11
0.9989676771653543
21
0.1596362204724409
0
LINE
8
BLACK
6
CONTINUOUS
10
0.9989676771653543
20
0.1596362204724409
11
0.997952559055118
21
0.1598155511811024
0
LINE
8
BLACK
6
CONTINUOUS
10
0.997952559055118
20
0.1598155511811024
11
0.9975537007874016
21
0.1601503937007874
0
LINE
8
BLACK
6
CONTINUOUS
10
0.9975537007874016
20
0.1601503937007874
11
0.997064094488189
21
0.1603284645669291
0
LINE
8
BLACK
6
CONTINUOUS
10
0.997064094488189
20
0.1603284645669291
11
0.9964009842519684
21
0.1611182283464567
0
LINE
8
BLACK
6
CONTINUOUS
10
0.9964009842519684
20
0.1611182283464567
11
0.9956114173228346
21
0.1617811811023622
0
LINE
8
BLACK
6
CONTINUOUS
10
0.9956114173228346
20
0.1617811811023622
11
0.9954333858267717
21
0.1622707086614173
0
LINE
8
BLACK
6
CONTINUOUS
10
0.9954333858267717
20
0.1622707086614173
11
0.9950984645669291
21
0.1626696456692913
0
LINE
8
BLACK
6
CONTINUOUS
10
0.9950984645669291
20
0.1626696456692913
11
0.9866703937007874
21
0.1807298031496063
0
LINE
8
BLACK
6
CONTINUOUS
10
0.9866703937007874
20
0.1807298031496063
11
0.9866703937007874
21
0.1482941338582677
0
LINE
8
BLACK
6
CONTINUOUS
10
0.9866703937007874
20
0.1482941338582677
11
0.9858792125984251
21
0.1453413779527559
0
LINE
8
BLACK
6
CONTINUOUS
10
0.9858792125984251
20
0.1453413779527559
11
0.9837176377952755
21
0.1431798031496063
0
LINE
8
BLACK
6
CONTINUOUS
10
0.9837176377952755
20
0.1431798031496063
11
0.9807648818897637
21
0.1423886220472441
0
LINE
8
BLACK
6
CONTINUOUS
10
0.9807648818897637
20
0.1423886220472441
11
0.9778121259842519
21
0.1431798031496063
0
LINE
8
BLACK
6
CONTINUOUS
10
0.9778121259842519
20
0.1431798031496063
11
0.9756505511811023
21
0.1453413779527559
0
LINE
8
BLACK
6
CONTINUOUS
10
0.9756505511811023
20
0.1453413779527559
11
0.9748593700787401
21
0.1482941338582677
0
LINE
8
BLACK
6
CONTINUOUS
10
0.9748593700787401
20
0.1482941338582677
11
0.9748593700787401
21
0.2073492519685039
0
LINE
8
BLACK
6
CONTINUOUS
10
0.9748593700787401
20
0.2073492519685039
11
0.9749274015748032
21
0.2076032283464567
0
LINE
8
BLACK
6
CONTINUOUS
10
0.9749274015748032
20
0.2076032283464567
11
0.9748816929133858
21
0.2078622047244094
0
LINE
8
BLACK
6
CONTINUOUS
10
0.9748816929133858
20
0.2078622047244094
11
0.9753191338582677
21
0.2090652362204724
0
LINE
8
BLACK
6
CONTINUOUS
10
0.9753191338582677
20
0.2090652362204724
11
0.9756505511811023
21
0.2103020078740157
0
LINE
8
BLACK
6
CONTINUOUS
10
0.9756505511811023
20
0.2103020078740157
11
0.9758364960629921
21
0.2104879527559055
0
LINE
8
BLACK
6
CONTINUOUS
10
0.9758364960629921
20
0.2104879527559055
11
0.9759263779527558
21
0.2107350787401575
0
LINE
8
BLACK
6
CONTINUOUS
10
0.9759263779527558
20
0.2107350787401575
11
0.9769066929133858
21
0.2115581496062992
0
LINE
8
BLACK
6
CONTINUOUS
10
0.9769066929133858
20
0.2115581496062992
11
0.9778121259842519
21
0.2124635826771653
0
LINE
8
BLACK
6
CONTINUOUS
10
0.9778121259842519
20
0.2124635826771653
11
0.9780661417322835
21
0.2125316141732283
0
LINE
8
BLACK
6
CONTINUOUS
10
0.9780661417322835
20
0.2125316141732283
11
0.9782675196850393
21
0.2127007086614173
0
LINE
8
BLACK
6
CONTINUOUS
10
0.9782675196850393
20
0.2127007086614173
11
0.9795281102362204
21
0.2129233464566929
0
LINE
8
BLACK
6
CONTINUOUS
10
0.9795281102362204
20
0.2129233464566929
11
0.9807648818897637
21
0.2132547637795276
0
LINE
8
BLACK
6
CONTINUOUS
10
0.9807648818897637
20
0.2132547637795276
11
0.9810188582677165
21
0.2131866929133858
0
LINE
8
BLACK
6
CONTINUOUS
10
0.9810188582677165
20
0.2131866929133858
11
0.9812778346456693
21
0.2132324409448819
0
LINE
8
BLACK
6
CONTINUOUS
10
0.9812778346456693
20
0.2132324409448819
11
0.9824808661417322
21
0.2127949606299213
0
LINE
8
BLACK
6
CONTINUOUS
10
0.9824808661417322
20
0.2127949606299213
11
0.9837176377952755
21
0.2124635826771653
0
LINE
8
BLACK
6
CONTINUOUS
10
0.9837176377952755
20
0.2124635826771653
11
0.9839035826771654
21
0.2122775984251968
0
LINE
8
BLACK
6
CONTINUOUS
10
0.9839035826771654
20
0.2122775984251968
11
0.9841507086614173
21
0.2121877559055118
0
LINE
8
BLACK
6
CONTINUOUS
10
0.9841507086614173
20
0.2121877559055118
11
0.984973779527559
21
0.2112074015748031
0
LINE
8
BLACK
6
CONTINUOUS
10
0.984973779527559
20
0.2112074015748031
11
0.9858792125984251
21
0.2103020078740157
0
LINE
8
BLACK
6
CONTINUOUS
10
0.9858792125984251
20
0.2103020078740157
11
0.9859472440944882
21
0.2100479527559055
0
LINE
8
BLACK
6
CONTINUOUS
10
0.9859472440944882
20
0.2100479527559055
11
0.9861163385826771
21
0.2098466141732283
0
LINE
8
BLACK
6
CONTINUOUS
10
0.9861163385826771
20
0.2098466141732283
11
1.0004499212598426
21
0.1791317716535433
0
LINE
8
BLACK
6
CONTINUOUS
10
1.0004499212598426
20
0.1791317716535433
11
1.0147835039370079
21
0.2098466141732283
0
LINE
8
BLACK
6
CONTINUOUS
10
1.0147835039370079
20
0.2098466141732283
11
1.0149525590551181
21
0.2100479527559055
0
LINE
8
BLACK
6
CONTINUOUS
10
1.0149525590551181
20
0.2100479527559055
11
1.0150206299212599
21
0.2103020078740157
0
LINE
8
BLACK
6
CONTINUOUS
10
1.0150206299212599
20
0.2103020078740157
11
1.0159259055118111
21
0.2112072834645669
0
LINE
8
BLACK
6
CONTINUOUS
10
1.0159259055118111
20
0.2112072834645669
11
1.0167491338582677
21
0.2121877952755905
0
LINE
8
BLACK
6
CONTINUOUS
10
1.0167491338582677
20
0.2121877952755905
11
1.0169962598425197
21
0.2122776377952756
0
LINE
8
BLACK
6
CONTINUOUS
10
1.0169962598425197
20
0.2122776377952756
11
1.0171822047244095
21
0.2124635826771653
0
LINE
8
BLACK
6
CONTINUOUS
10
1.0171822047244095
20
0.2124635826771653
11
1.0184185433070867
21
0.212794842519685
0
LINE
8
BLACK
6
CONTINUOUS
10
1.0184185433070867
20
0.212794842519685
11
1.0196220078740157
21
0.2132324803149606
0
LINE
8
BLACK
6
CONTINUOUS
10
1.0196220078740157
20
0.2132324803149606
11
1.0198810236220472
21
0.2131866929133858
0
LINE
8
BLACK
6
CONTINUOUS
10
1.0198810236220472
20
0.2131866929133858
11
1.0201349606299213
21
0.2132547637795276
0
LINE
8
BLACK
6
CONTINUOUS
10
1.0201349606299213
20
0.2132547637795276
11
1.0213712598425198
21
0.2129234645669291
0
LINE
8
BLACK
6
CONTINUOUS
10
2.3680165748031494
20
1.5695077952755905
11
2.3698470078740157
21
1.5673953543307086
0
LINE
8
BLACK
6
CONTINUOUS
10
2.3698470078740157
20
1.5673953543307086
11
2.3702952755905513
21
1.5653346456692914
0
LINE
8
BLACK
6
CONTINUOUS
10
2.3702952755905513
20
1.5653346456692914
11
2.3702952755905513
21
0.0346653543307087
0
LINE
8
BLACK
6
CONTINUOUS
10
2.3702952755905513
20
0.0346653543307087
11
2.3695077952755903
21
0.0319834251968504
0
LINE
8
BLACK
6
CONTINUOUS
10
2.3695077952755903
20
0.0319834251968504
11
2.3673953543307085
21
0.0301529921259843
0
LINE
8
BLACK
6
CONTINUOUS
10
2.3673953543307085
20
0.0301529921259843
11
2.3653346456692912
21
0.0297047244094488
0
LINE
8
BLACK
6
CONTINUOUS
10
2.3653346456692912
20
0.0297047244094488
11
0.0346653543307087
21
0.0297047244094488
0
LINE
8
BLACK
6
CONTINUOUS
10
0.0346653543307087
20
0.0297047244094488
11
0.0319834251968504
21
0.0304922047244094
0
LINE
8
BLACK
6
CONTINUOUS
10
0.0319834251968504
20
0.0304922047244094
11
0.0301529921259843
21
0.0326046456692913
0
LINE
8
BLACK
6
CONTINUOUS
10
0.0301529921259843
20
0.0326046456692913
11
0.0297047244094488
21
0.0346653543307087
0
LINE
8
BLACK
6
CONTINUOUS
10
0.0297047244094488
20
0.0346653543307087
11
0.0297047244094488
21
0.7664818503937008
0
LINE
8
BLACK
6
CONTINUOUS
10
0.0297047244094488
20
0.7664818503937008
11
0.0304922047244094
21
0.769163779527559
0
LINE
8
BLACK
6
CONTINUOUS
10
0.0304922047244094
20
0.769163779527559
11
0.0326046456692913
21
0.7709942125984252
0
LINE
8
BLACK
6
CONTINUOUS
10
0.0326046456692913
20
0.7709942125984252
11
0.0353713385826772
21
0.7713920078740157
0
LINE
8
BLACK
6
CONTINUOUS
10
0.0353713385826772
20
0.7713920078740157
11
0.0379138582677165
21
0.7702308267716536
0
LINE
8
BLACK
6
CONTINUOUS
10
0.0379138582677165
20
0.7702308267716536
11
0.0389613779527559
21
0.7689621653543307
0
LINE
8
BLACK
6
CONTINUOUS
10
0.0389613779527559
20
0.7689621653543307
11
0.0436213385826772
21
0.7608908267716535
0
LINE
8
BLACK
6
CONTINUOUS
10
0.0436213385826772
20
0.7608908267716535
11
0.0500911417322835
21
0.7527779921259843
0
LINE
8
BLACK
6
CONTINUOUS
10
0.0500911417322835
20
0.7527779921259843
11
0.0526270866141732
21
0.750425
0
LINE
8
BLACK
6
CONTINUOUS
10
0.0526270866141732
20
0.750425
11
0.0576975984251968
21
0.7457202362204725
0
LINE
8
BLACK
6
CONTINUOUS
10
0.0576975984251968
20
0.7457202362204725
11
0.0576976377952756
21
0.7457201968503937
0
LINE
8
BLACK
6
CONTINUOUS
10
0.0576976377952756
20
0.7457201968503937
11
0.0576975984251968
21
0.7457201968503937
0
LINE
8
BLACK
6
CONTINUOUS
10
0.0576975984251968
20
0.7457201968503937
11
0.0591133464566929
21
0.7447549999999999
0
LINE
8
BLACK
6
CONTINUOUS
10
0.0591133464566929
20
0.7447549999999999
11
0.0608856299212598
21
0.7425935433070866
0
LINE
8
BLACK
6
CONTINUOUS
10
0.0608856299212598
20
0.7425935433070866
11
0.0612795275590551
21
0.7406563385826771
0
LINE
8
BLACK
6
CONTINUOUS
10
0.0612795275590551
20
0.7406563385826771
11
0.0612795275590551
21
0.6021943307086614
0
LINE
8
BLACK
6
CONTINUOUS
10
0.0612795275590551
20
0.6021943307086614
11
0.0612556299212598
21
0.6017080708661418
0
LINE
8
BLACK
6
CONTINUOUS
10
0.0612556299212598
20
0.6017080708661418
11
0.0610874015748031
21
0.6000000393700787
0
LINE
8
BLACK
6
CONTINUOUS
10
0.0610874015748031
20
0.6000000393700787
11
0.0610874015748031
21
0.5999998031496063
0
LINE
8
BLACK
6
CONTINUOUS
10
0.0610874015748031
20
0.5999998031496063
11
0.0618538976377953
21
0.592216811023622
0
LINE
8
BLACK
6
CONTINUOUS
10
0.0618538976377953
20
0.592216811023622
11
0.0618539763779528
21
0.5922164960629921
0
LINE
8
BLACK
6
CONTINUOUS
10
0.0618539763779528
20
0.5922164960629921
11
0.0624451181102362
21
0.5902678346456692
0
LINE
8
BLACK
6
CONTINUOUS
10
0.0624451181102362
20
0.5902678346456692
11
0.0625284251968504
21
0.5899932677165354
0
LINE
8
BLACK
6
CONTINUOUS
10
0.0625284251968504
20
0.5899932677165354
11
0.0641243700787402
21
0.5847320472440944
0
LINE
8
BLACK
6
CONTINUOUS
10
0.0641243700787402
20
0.5847320472440944
11
0.0678112204724409
21
0.5778344488188977
0
LINE
8
BLACK
6
CONTINUOUS
10
0.0678112204724409
20
0.5778344488188977
11
0.0727729133858268
21
0.5717885826771654
0
LINE
8
BLACK
6
CONTINUOUS
10
0.0727729133858268
20
0.5717885826771654
11
0.0741000787401575
21
0.5706994094488189
0
LINE
8
BLACK
6
CONTINUOUS
10
0.0741000787401575
20
0.5706994094488189
11
0.0744606692913386
21
0.5703725590551181
0
LINE
8
BLACK
6
CONTINUOUS
10
0.0744606692913386
20
0.5703725590551181
11
0.3592360236220473
21
0.2855972440944882
0
LINE
8
BLACK
6
CONTINUOUS
10
0.3592360236220473
20
0.2855972440944882
11
0.3605756299212599
21
0.2831440157480315
0
LINE
8
BLACK
6
CONTINUOUS
10
0.3605756299212599
20
0.2831440157480315
11
0.3606889763779528
21
0.2820895669291338
0
LINE
8
BLACK
6
CONTINUOUS
10
0.3606889763779528
20
0.2820895669291338
11
0.3606889763779528
21
0.2278090551181102
0
LINE
8
BLACK
6
CONTINUOUS
10
0.3606889763779528
20
0.2278090551181102
11
0.3609452362204724
21
0.2254253149606299
0
LINE
8
BLACK
6
CONTINUOUS
10
0.3609452362204724
20
0.2254253149606299
11
0.3609453149606299
21
0.225425
0
LINE
8
BLACK
6
CONTINUOUS
10
0.3609453149606299
20
0.225425
11
0.3629570866141732
21
0.2200313779527559
0
LINE
8
BLACK
6
CONTINUOUS
10
0.3629570866141732
20
0.2200313779527559
11
0.3629571653543307
21
0.2200311811023622
0
LINE
8
BLACK
6
CONTINUOUS
10
0.3629571653543307
20
0.2200311811023622
11
0.3664070078740158
21
0.2154227559055118
0
LINE
8
BLACK
6
CONTINUOUS
10
0.3664070078740158
20
0.2154227559055118
11
0.3710154330708662
21
0.2119729133858268
0
LINE
8
BLACK
6
CONTINUOUS
10
0.3710154330708662
20
0.2119729133858268
11
0.3710156299212599
21
0.2119728346456693
0
LINE
8
BLACK
6
CONTINUOUS
10
0.3710156299212599
20
0.2119728346456693
11
0.3764092519685039
21
0.209961062992126
0
LINE
8
BLACK
6
CONTINUOUS
10
0.3764092519685039
20
0.209961062992126
11
0.3764095669291339
21
0.2099609842519685
0
LINE
8
BLACK
6
CONTINUOUS
10
0.3764095669291339
20
0.2099609842519685
11
0.3787933070866142
21
0.2097047244094488
0
LINE
8
BLACK
6
CONTINUOUS
10
0.3787933070866142
20
0.2097047244094488
11
0.378793779527559
21
0.2097047244094488
0
LINE
8
BLACK
6
CONTINUOUS
10
0.378793779527559
20
0.2097047244094488
11
0.473175157480315
21
0.2097047244094488
0
LINE
8
BLACK
6
CONTINUOUS
10
0.473175157480315
20
0.2097047244094488
11
0.4755588976377952
21
0.2099609842519685
0
LINE
8
BLACK
6
CONTINUOUS
10
0.4755588976377952
20
0.2099609842519685
11
0.4755592125984252
21
0.209961062992126
0
LINE
8
BLACK
6
CONTINUOUS
10
0.4755592125984252
20
0.209961062992126
11
0.4809528346456693
21
0.2119728346456693
0
LINE
8
BLACK
6
CONTINUOUS
10
0.4809528346456693
20
0.2119728346456693
11
0.480953031496063
21
0.2119729133858268
0
LINE
8
BLACK
6
CONTINUOUS
10
0.480953031496063
20
0.2119729133858268
11
0.4855614566929134
21
0.2154227559055118
0
LINE
8
BLACK
6
CONTINUOUS
10
0.4855614566929134
20
0.2154227559055118
11
0.4890112992125984
21
0.2200311811023622
0
LINE
8
BLACK
6
CONTINUOUS
10
0.4890112992125984
20
0.2200311811023622
11
0.4890113779527559
21
0.2200313779527559
0
LINE
8
BLACK
6
CONTINUOUS
10
0.4890113779527559
20
0.2200313779527559
11
0.4892682677165354
21
0.2207200393700787
0
LINE
8
BLACK
6
CONTINUOUS
10
0.4892682677165354
20
0.2207200393700787
11
0.4910231889763779
21
0.225425157480315
0
LINE
8
BLACK
6
CONTINUOUS
10
0.4910231889763779
20
0.225425157480315
11
0.4910232283464567
21
0.2254253149606299
0
LINE
8
BLACK
6
CONTINUOUS
10
0.4910232283464567
20
0.2254253149606299
11
0.4912794881889764
21
0.2278090551181102
0
LINE
8
BLACK
6
CONTINUOUS
10
0.4912794881889764
20
0.2278090551181102
11
0.4912795275590551
21
0.2278097244094488
0
LINE
8
BLACK
6
CONTINUOUS
10
0.4912795275590551
20
0.2278097244094488
11
0.4912795275590551
21
0.2334827559055118
0
LINE
8
BLACK
6
CONTINUOUS
10
0.4912795275590551
20
0.2334827559055118
11
0.4912795275590551
21
0.3221902362204724
0
LINE
8
BLACK
6
CONTINUOUS
10
0.4912795275590551
20
0.3221902362204724
11
0.4912794881889764
21
0.322190905511811
0
LINE
8
BLACK
6
CONTINUOUS
10
0.4912794881889764
20
0.322190905511811
11
0.4910232283464567
21
0.3245746456692913
0
LINE
8
BLACK
6
CONTINUOUS
10
0.4910232283464567
20
0.3245746456692913
11
0.4910231496062992
21
0.3245749606299212
0
LINE
8
BLACK
6
CONTINUOUS
10
0.4910231496062992
20
0.3245749606299212
11
0.4907464566929134
21
0.3253167322834646
0
LINE
8
BLACK
6
CONTINUOUS
10
0.4907464566929134
20
0.3253167322834646
11
0.4890113779527559
21
0.3299686614173228
0
LINE
8
BLACK
6
CONTINUOUS
10
0.4890113779527559
20
0.3299686614173228
11
0.4883368897637795
21
0.3308696456692913
0
LINE
8
BLACK
6
CONTINUOUS
10
0.4883368897637795
20
0.3308696456692913
11
0.4855614566929134
21
0.3345772047244094
0
LINE
8
BLACK
6
CONTINUOUS
10
0.4855614566929134
20
0.3345772047244094
11
0.480953031496063
21
0.3380270472440945
0
LINE
8
BLACK
6
CONTINUOUS
10
0.480953031496063
20
0.3380270472440945
11
0.4809529921259842
21
0.3380270472440945
0
LINE
8
BLACK
6
CONTINUOUS
10
0.4809529921259842
20
0.3380270472440945
11
0.4809529133858267
21
0.3380271259842519
0
LINE
8
BLACK
6
CONTINUOUS
10
0.4809529133858267
20
0.3380271259842519
11
0.4755590944881889
21
0.340038937007874
0
LINE
8
BLACK
6
CONTINUOUS
10
0.4755590944881889
20
0.340038937007874
11
0.4755590157480315
21
0.340038937007874
0
LINE
8
BLACK
6
CONTINUOUS
10
0.4755590157480315
20
0.340038937007874
11
0.4755588976377952
21
0.3400389763779528
0
LINE
8
BLACK
6
CONTINUOUS
10
0.4755588976377952
20
0.3400389763779528
11
0.473175157480315
21
0.3402952362204724
0
LINE
8
BLACK
6
CONTINUOUS
10
0.473175157480315
20
0.3402952362204724
11
0.473175
21
0.3402952362204724
0
LINE
8
BLACK
6
CONTINUOUS
10
0.473175
20
0.3402952362204724
11
0.4731747244094488
21
0.3402952755905512
0
LINE
8
BLACK
6
CONTINUOUS
10
0.4731747244094488
20
0.3402952755905512
11
0.4731744881889764
21
0.3402952755905512
0
LINE
8
BLACK
6
CONTINUOUS
10
0.4731744881889764
20
0.3402952755905512
11
0.4188946456692914
21
0.3402952755905512
0
LINE
8
BLACK
6
CONTINUOUS
10
0.4188946456692914
20
0.3402952755905512
11
0.4162127165354331
21
0.3410827559055118
0
LINE
8
BLACK
6
CONTINUOUS
10
0.4162127165354331
20
0.3410827559055118
11
0.415386968503937
21
0.3417482283464567
0
LINE
8
BLACK
6
CONTINUOUS
10
0.415386968503937
20
0.3417482283464567
11
0.1421419291338583
21
0.6149932677165354
0
LINE
8
BLACK
6
CONTINUOUS
10
0.1421419291338583
20
0.6149932677165354
11
0.1408023228346457
21
0.6174464960629921
0
LINE
8
BLACK
6
CONTINUOUS
10
0.1408023228346457
20
0.6174464960629921
11
0.1406889763779527
21
0.6185009448818898
0
LINE
8
BLACK
6
CONTINUOUS
10
0.1406889763779527
20
0.6185009448818898
11
0.1406889763779527
21
0.7406563385826771
0
LINE
8
BLACK
6
CONTINUOUS
10
0.1406889763779527
20
0.7406563385826771
11
0.1414764566929134
21
0.7433382677165354
0
LINE
8
BLACK
6
CONTINUOUS
10
0.1414764566929134
20
0.7433382677165354
11
0.142855157480315
21
0.7447549999999999
0
LINE
8
BLACK
6
CONTINUOUS
10
0.142855157480315
20
0.7447549999999999
11
0.1432604724409449
21
0.7450313385826771
0
LINE
8
BLACK
6
CONTINUOUS
10
0.1432604724409449
20
0.7450313385826771
11
0.144270905511811
21
0.7457202362204725
0
LINE
8
BLACK
6
CONTINUOUS
10
0.144270905511811
20
0.7457202362204725
11
0.1518774015748031
21
0.7527780314960629
0
LINE
8
BLACK
6
CONTINUOUS
10
0.1518774015748031
20
0.7527780314960629
11
0.1583470472440945
21
0.7608907086614173
0
LINE
8
BLACK
6
CONTINUOUS
10
0.1583470472440945
20
0.7608907086614173
11
0.1595005118110236
21
0.7628885433070866
0
LINE
8
BLACK
6
CONTINUOUS
10
0.1595005118110236
20
0.7628885433070866
11
0.1635351968503937
21
0.769876811023622
0
LINE
8
BLACK
6
CONTINUOUS
10
0.1635351968503937
20
0.769876811023622
11
0.1635353149606299
21
0.769877125984252
0
LINE
8
BLACK
6
CONTINUOUS
10
0.1635353149606299
20
0.769877125984252
11
0.1649479527559055
21
0.7734764173228347
0
LINE
8
BLACK
6
CONTINUOUS
10
0.1649479527559055
20
0.7734764173228347
11
0.1673262598425197
21
0.779536220472441
0
LINE
8
BLACK
6
CONTINUOUS
10
0.1673262598425197
20
0.779536220472441
11
0.1696352362204724
21
0.7896525196850394
0
LINE
8
BLACK
6
CONTINUOUS
10
0.1696352362204724
20
0.7896525196850394
11
0.1704106692913386
21
0.7999999999999999
0
LINE
8
BLACK
6
CONTINUOUS
10
0.1704106692913386
20
0.7999999999999999
11
0.1696352362204724
21
0.8103474803149606
0
LINE
8
BLACK
6
CONTINUOUS
10
0.1696352362204724
20
0.8103474803149606
11
0.1673262598425197
21
0.820463779527559
0
LINE
8
BLACK
6
CONTINUOUS
10
0.1673262598425197
20
0.820463779527559
11
0.1635352755905512
21
0.8301229921259843
0
LINE
8
BLACK
6
CONTINUOUS
10
0.1635352755905512
20
0.8301229921259843
11
0.1583470472440945
21
0.8391092913385827
0
LINE
8
BLACK
6
CONTINUOUS
10
0.1583470472440945
20
0.8391092913385827
11
0.1518774015748031
21
0.8472219685039369
0
LINE
8
BLACK
6
CONTINUOUS
10
0.1518774015748031
20
0.8472219685039369
11
0.144270905511811
21
0.8542797637795275
0
LINE
8
BLACK
6
CONTINUOUS
10
0.144270905511811
20
0.8542797637795275
11
0.1356974803149606
21
0.8601250393700787
0
LINE
8
BLACK
6
CONTINUOUS
10
0.1356974803149606
20
0.8601250393700787
11
0.1263485826771653
21
0.8646272440944882
0
LINE
8
BLACK
6
CONTINUOUS
10
0.1263485826771653
20
0.8646272440944882
11
0.1263483070866142
21
0.8646273228346456
0
LINE
8
BLACK
6
CONTINUOUS
10
0.1263483070866142
20
0.8646273228346456
11
0.1263482283464567
21
0.8646273622047244
0
LINE
8
BLACK
6
CONTINUOUS
10
0.1263482283464567
20
0.8646273622047244
11
0.1164334645669291
21
0.8676856299212599
0
LINE
8
BLACK
6
CONTINUOUS
10
0.1164334645669291
20
0.8676856299212599
11
0.1164334251968504
21
0.8676856299212599
0
LINE
8
BLACK
6
CONTINUOUS
10
0.1164334251968504
20
0.8676856299212599
11
0.1164330708661417
21
0.867685748031496
0
LINE
8
BLACK
6
CONTINUOUS
10
0.1164330708661417
20
0.867685748031496
11
0.1061724803149606
21
0.8692322834645669
0
LINE
8
BLACK
6
CONTINUOUS
10
0.1061724803149606
20
0.8692322834645669
11
0.0957960236220472
21
0.8692322834645669
0
LINE
8
BLACK
6
CONTINUOUS
10
0.0957960236220472
20
0.8692322834645669
11
0.0855354330708661
21
0.867685748031496
0
LINE
8
BLACK
6
CONTINUOUS
10
0.0855354330708661
20
0.867685748031496
11
0.0855350787401575
21
0.8676856299212599
0
LINE
8
BLACK
6
CONTINUOUS
10
0.0855350787401575
20
0.8676856299212599
11
0.085535
21
0.8676856299212599
0
LINE
8
BLACK
6
CONTINUOUS
10
0.085535
20
0.8676856299212599
11
0.0756202362204724
21
0.8646273622047244
0
LINE
8
BLACK
6
CONTINUOUS
10
0.0756202362204724
20
0.8646273622047244
11
0.0756200393700787
21
0.8646272440944882
0
LINE
8
BLACK
6
CONTINUOUS
10
0.0756200393700787
20
0.8646272440944882
11
0.0756199212598425
21
0.8646272440944882
0
LINE
8
BLACK
6
CONTINUOUS
10
0.0756199212598425
20
0.8646272440944882
11
0.066271062992126
21
0.8601250393700787
0
LINE
8
BLACK
6
CONTINUOUS
10
0.066271062992126
20
0.8601250393700787
11
0.0662708267716535
21
0.8601248818897638
0
LINE
8
BLACK
6
CONTINUOUS
10
0.0662708267716535
20
0.8601248818897638
11
0.0662706692913386
21
0.8601248031496063
0
LINE
8
BLACK
6
CONTINUOUS
10
0.0662706692913386
20
0.8601248031496063
11
0.0605072440944882
21
0.8561953543307086
0
LINE
8
BLACK
6
CONTINUOUS
10
0.0605072440944882
20
0.8561953543307086
11
0.0576975984251968
21
0.8542797637795275
0
LINE
8
BLACK
6
CONTINUOUS
10
0.0576975984251968
20
0.8542797637795275
11
0.0500911023622047
21
0.8472219685039369
0
LINE
8
BLACK
6
CONTINUOUS
10
0.0500911023622047
20
0.8472219685039369
11
0.045255
21
0.8411576771653543
0
LINE
8
BLACK
6
CONTINUOUS
10
0.045255
20
0.8411576771653543
11
0.0436213385826772
21
0.8391091338582677
0
LINE
8
BLACK
6
CONTINUOUS
10
0.0436213385826772
20
0.8391091338582677
11
0.0389613779527559
21
0.8310377952755905
0
LINE
8
BLACK
6
CONTINUOUS
10
0.0389613779527559
20
0.8310377952755905
11
0.0369384645669291
21
0.829108937007874
0
LINE
8
BLACK
6
CONTINUOUS
10
0.0369384645669291
20
0.829108937007874
11
0.0341938188976378
21
0.8285799606299212
0
LINE
8
BLACK
6
CONTINUOUS
10
0.0341938188976378
20
0.8285799606299212
11
0.0315988976377953
21
0.829618779527559
0
LINE
8
BLACK
6
CONTINUOUS
10
0.0315988976377953
20
0.829618779527559
11
0.0299775590551181
21
0.8318956299212599
0
LINE
8
BLACK
6
CONTINUOUS
10
0.0299775590551181
20
0.8318956299212599
11
0.0297047244094488
21
0.8335181102362205
0
LINE
8
BLACK
6
CONTINUOUS
10
0.0297047244094488
20
0.8335181102362205
11
0.0297047244094488
21
1.0702750787401574
0
LINE
8
BLACK
6
CONTINUOUS
10
0.0297047244094488
20
1.0702750787401574
11
0.0304922047244094
21
1.0729570078740158
0
LINE
8
BLACK
6
CONTINUOUS
10
0.0304922047244094
20
1.0729570078740158
11
0.0326046456692913
21
1.0747874409448819
0
LINE
8
BLACK
6
CONTINUOUS
10
0.0326046456692913
20
1.0747874409448819
11
0.0353713385826772
21
1.0751852362204724
0
LINE
8
BLACK
6
CONTINUOUS
10
0.0353713385826772
20
1.0751852362204724
11
0.0376381496062992
21
1.0742462598425198
0
LINE
8
BLACK
6
CONTINUOUS
10
0.0376381496062992
20
1.0742462598425198
11
0.0403067716535433
21
1.0722485039370078
0
LINE
8
BLACK
6
CONTINUOUS
10
0.0403067716535433
20
1.0722485039370078
11
0.040306968503937
21
1.0722484251968503
0
LINE
8
BLACK
6
CONTINUOUS
10
0.040306968503937
20
1.0722484251968503
11
0.0457005905511811
21
1.070236653543307
0
LINE
8
BLACK
6
CONTINUOUS
10
0.0457005905511811
20
1.070236653543307
11
0.045700905511811
21
1.0702365748031495
0
LINE
8
BLACK
6
CONTINUOUS
10
0.045700905511811
20
1.0702365748031495
11
0.0480846456692913
21
1.06998031496063
0
LINE
8
BLACK
6
CONTINUOUS
10
0.0480846456692913
20
1.06998031496063
11
0.0480851181102362
21
1.06998031496063
0
LINE
8
BLACK
6
CONTINUOUS
10
0.0480851181102362
20
1.06998031496063
11
0.1119153149606299
21
1.06998031496063
0
LINE
8
BLACK
6
CONTINUOUS
10
0.1119153149606299
20
1.06998031496063
11
0.1142990551181102
21
1.0702365748031495
0
LINE
8
BLACK
6
CONTINUOUS
10
0.1142990551181102
20
1.0702365748031495
11
0.1142993700787402
21
1.070236653543307
0
LINE
8
BLACK
6
CONTINUOUS
10
0.1142993700787402
20
1.070236653543307
11
0.1196929921259842
21
1.0722484251968503
0
LINE
8
BLACK
6
CONTINUOUS
10
0.1196929921259842
20
1.0722484251968503
11
0.119693188976378
21
1.0722485039370078
0
LINE
8
BLACK
6
CONTINUOUS
10
0.119693188976378
20
1.0722485039370078
11
0.1243016141732283
21
1.0756983858267717
0
LINE
8
BLACK
6
CONTINUOUS
10
0.1243016141732283
20
1.0756983858267717
11
0.1260288582677165
21
1.0780056299212599
0
LINE
8
BLACK
6
CONTINUOUS
10
0.1260288582677165
20
1.0780056299212599
11
0.1282664960629921
21
1.0796806692913385
0
LINE
8
BLACK
6
CONTINUOUS
10
0.1282664960629921
20
1.0796806692913385
11
0.1310544881889764
21
1.0798800393700787
0
LINE
8
BLACK
6
CONTINUOUS
10
0.1310544881889764
20
1.0798800393700787
11
0.1335077165354331
21
1.0785404724409449
0
LINE
8
BLACK
6
CONTINUOUS
10
0.1335077165354331
20
1.0785404724409449
11
0.1339711417322835
21
1.0780056299212599
0
LINE
8
BLACK
6
CONTINUOUS
10
0.1339711417322835
20
1.0780056299212599
11
0.1356983464566929
21
1.0756983858267717
0
LINE
8
BLACK
6
CONTINUOUS
10
0.1356983464566929
20
1.0756983858267717
11
0.1403067716535433
21
1.0722485039370078
0
LINE
8
BLACK
6
CONTINUOUS
10
0.1403067716535433
20
1.0722485039370078
11
0.140306968503937
21
1.0722484251968503
0
LINE
8
BLACK
6
CONTINUOUS
10
0.140306968503937
20
1.0722484251968503
11
0.1457005905511811
21
1.070236653543307
0
LINE
8
BLACK
6
CONTINUOUS
10
0.1457005905511811
20
1.070236653543307
11
0.145700905511811
21
1.0702365748031495
0
LINE
8
BLACK
6
CONTINUOUS
10
0.145700905511811
20
1.0702365748031495
11
0.1480846456692913
21
1.06998031496063
0
LINE
8
BLACK
6
CONTINUOUS
10
0.1480846456692913
20
1.06998031496063
11
0.1480851181102362
21
1.06998031496063
0
LINE
8
BLACK
6
CONTINUOUS
10
0.1480851181102362
20
1.06998031496063
11
0.2119153149606299
21
1.06998031496063
0
LINE
8
BLACK
6
CONTINUOUS
10
0.2119153149606299
20
1.06998031496063
11
0.2142990551181102
21
1.0702365748031495
0
LINE
8
BLACK
6
CONTINUOUS
10
0.2142990551181102
20
1.0702365748031495
11
0.2142993700787401
21
1.070236653543307
0
LINE
8
BLACK
6
CONTINUOUS
10
0.2142993700787401
20
1.070236653543307
11
0.2196929921259843
21
1.0722484251968503
0
LINE
8
BLACK
6
CONTINUOUS
10
0.2196929921259843
20
1.0722484251968503
11
0.2196931889763779
21
1.0722485039370078
0
LINE
8
BLACK
6
CONTINUOUS
10
0.2196931889763779
20
1.0722485039370078
11
0.2243016141732283
21
1.0756983858267717
0
LINE
8
BLACK
6
CONTINUOUS
10
0.2243016141732283
20
1.0756983858267717
11
0.2260288582677165
21
1.0780056299212599
0
LINE
8
BLACK
6
CONTINUOUS
10
0.2260288582677165
20
1.0780056299212599
11
0.2282664960629921
21
1.0796806692913385
0
LINE
8
BLACK
6
CONTINUOUS
10
0.2282664960629921
20
1.0796806692913385
11
0.2310544881889764
21
1.0798800393700787
0
LINE
8
BLACK
6
CONTINUOUS
10
0.2310544881889764
20
1.0798800393700787
11
0.2335077165354331
21
1.0785404724409449
0
LINE
8
BLACK
6
CONTINUOUS
10
0.2335077165354331
20
1.0785404724409449
11
0.2339711417322834
21
1.0780056299212599
0
LINE
8
BLACK
6
CONTINUOUS
10
0.2339711417322834
20
1.0780056299212599
11
0.2356982677165354
21
1.0756984645669292
0
LINE
8
BLACK
6
CONTINUOUS
10
0.2356982677165354
20
1.0756984645669292
11
0.2383074803149606
21
1.0737452362204725
0
LINE
8
BLACK
6
CONTINUOUS
10
0.2383074803149606
20
1.0737452362204725
11
0.2399825196850394
21
1.0715075984251967
0
LINE
8
BLACK
6
CONTINUOUS
10
0.2399825196850394
20
1.0715075984251967
11
0.2402952755905512
21
1.0697740551181103
0
LINE
8
BLACK
6
CONTINUOUS
10
0.2402952755905512
20
1.0697740551181103
11
0.2402952755905512
21
1.0528242519685038
0
LINE
8
BLACK
6
CONTINUOUS
10
0.2402952755905512
20
1.0528242519685038
11
0.2402713779527559
21
1.0523379921259843
0
LINE
8
BLACK
6
CONTINUOUS
10
0.2402713779527559
20
1.0523379921259843
11
0.2401031496062992
21
1.0506299606299212
0
LINE
8
BLACK
6
CONTINUOUS
10
0.2401031496062992
20
1.0506299606299212
11
0.2401031496062992
21
1.0506297244094487
0
LINE
8
BLACK
6
CONTINUOUS
10
0.2401031496062992
20
1.0506297244094487
11
0.2408696456692913
21
1.0428467322834645
0
LINE
8
BLACK
6
CONTINUOUS
10
0.2408696456692913
20
1.0428467322834645
11
0.2408697244094488
21
1.0428464173228347
0
LINE
8
BLACK
6
CONTINUOUS
10
0.2408697244094488
20
1.0428464173228347
11
0.2425622047244095
21
1.0372671259842519
0
LINE
8
BLACK
6
CONTINUOUS
10
0.2425622047244095
20
1.0372671259842519
11
0.2426094488188976
21
1.0371114566929134
0
LINE
8
BLACK
6
CONTINUOUS
10
0.2426094488188976
20
1.0371114566929134
11
0.2426094881889764
21
1.0371113385826771
0
LINE
8
BLACK
6
CONTINUOUS
10
0.2426094881889764
20
1.0371113385826771
11
0.2431400787401575
21
1.0353620472440945
0
LINE
8
BLACK
6
CONTINUOUS
10
0.2431400787401575
20
1.0353620472440945
11
0.246826968503937
21
1.0284643700787401
0
LINE
8
BLACK
6
CONTINUOUS
10
0.246826968503937
20
1.0284643700787401
11
0.2517886614173228
21
1.0224185039370079
0
LINE
8
BLACK
6
CONTINUOUS
10
0.2517886614173228
20
1.0224185039370079
11
0.2531158267716536
21
1.0213293307086615
0
LINE
8
BLACK
6
CONTINUOUS
10
0.2531158267716536
20
1.0213293307086615
11
0.2534764173228347
21
1.0210024803149607
0
LINE
8
BLACK
6
CONTINUOUS
10
0.2534764173228347
20
1.0210024803149607
11
0.9310024803149606
21
0.3434764173228346
0
LINE
8
BLACK
6
CONTINUOUS
10
0.9310024803149606
20
0.3434764173228346
11
0.9313293307086614
21
0.3431158267716535
0
LINE
8
BLACK
6
CONTINUOUS
10
0.9313293307086614
20
0.3431158267716535
11
0.9324185039370079
21
0.3417886614173228
0
LINE
8
BLACK
6
CONTINUOUS
10
0.9324185039370079
20
0.3417886614173228
11
0.9384643700787402
21
0.336826968503937
0
LINE
8
BLACK
6
CONTINUOUS
10
0.9384643700787402
20
0.336826968503937
11
0.9453619685039369
21
0.3331401181102362
0
LINE
8
BLACK
6
CONTINUOUS
10
0.9453619685039369
20
0.3331401181102362
11
0.9453620472440944
21
0.3331400787401575
0
LINE
8
BLACK
6
CONTINUOUS
10
0.9453620472440944
20
0.3331400787401575
11
0.9528462598425197
21
0.3308697244094488
0
LINE
8
BLACK
6
CONTINUOUS
10
0.9528462598425197
20
0.3308697244094488
11
0.9528467322834645
21
0.3308696456692913
0
LINE
8
BLACK
6
CONTINUOUS
10
0.9528467322834645
20
0.3308696456692913
11
0.9606297637795276
21
0.3301031496062992
0
LINE
8
BLACK
6
CONTINUOUS
10
0.9606297637795276
20
0.3301031496062992
11
0.9606299212598425
21
0.3301031496062992
0
LINE
8
BLACK
6
CONTINUOUS
10
0.9606299212598425
20
0.3301031496062992
11
0.9606300393700787
21
0.3301031496062992
0
LINE
8
BLACK
6
CONTINUOUS
10
0.9606300393700787
20
0.3301031496062992
11
0.9623380708661418
21
0.3302713779527559
0
LINE
8
BLACK
6
CONTINUOUS
10
0.9623380708661418
20
0.3302713779527559
11
0.9628242913385826
21
0.3302952755905512
0
LINE
8
BLACK
6
CONTINUOUS
10
0.9628242913385826
20
0.3302952755905512
11
1.5605148031496063
21
0.3302952755905512
0
LINE
8
BLACK
6
CONTINUOUS
10
1.5605148031496063
20
0.3302952755905512
11
1.5631967322834646
21
0.3295077952755905
0
LINE
8
BLACK
6
CONTINUOUS
10
1.5631967322834646
20
0.3295077952755905
11
1.564022283464567
21
0.3288424803149606
0
LINE
8
BLACK
6
CONTINUOUS
10
1.564022283464567
20
0.3288424803149606
11
1.6023114173228346
21
0.2905533070866141
0
LINE
8
BLACK
6
CONTINUOUS
10
1.6023114173228346
20
0.2905533070866141
11
1.6039057086614172
21
0.2889590551181102
0
LINE
8
BLACK
6
CONTINUOUS
10
1.6039057086614172
20
0.2889590551181102
11
1.6052452755905511
21
0.2865058267716535
0
LINE
8
BLACK
6
CONTINUOUS
10
1.6052452755905511
20
0.2865058267716535
11
1.6053447637795275
21
0.2850806692913386
0
LINE
8
BLACK
6
CONTINUOUS
10
1.6053447637795275
20
0.2850806692913386
11
1.6045893307086614
21
0.275
0
LINE
8
BLACK
6
CONTINUOUS
10
1.6045893307086614
20
0.275
11
1.6053647637795274
21
0.2646525196850394
0
LINE
8
BLACK
6
CONTINUOUS
10
1.6053647637795274
20
0.2646525196850394
11
1.6053647637795274
21
0.2646523228346457
0
LINE
8
BLACK
6
CONTINUOUS
10
1.6053647637795274
20
0.2646523228346457
11
1.6053648031496062
21
0.2646523228346457
0
LINE
8
BLACK
6
CONTINUOUS
10
1.6053648031496062
20
0.2646523228346457
11
1.6076736614173228
21
0.2545363779527559
0
LINE
8
BLACK
6
CONTINUOUS
10
1.6076736614173228
20
0.2545363779527559
11
1.6114646456692914
21
0.244877125984252
0
LINE
8
BLACK
6
CONTINUOUS
10
1.6114646456692914
20
0.244877125984252
11
1.6114647637795276
21
0.244876811023622
0
LINE
8
BLACK
6
CONTINUOUS
10
1.6114647637795276
20
0.244876811023622
11
1.6166528346456692
21
0.2358908267716535
0
LINE
8
BLACK
6
CONTINUOUS
10
1.6166528346456692
20
0.2358908267716535
11
1.6231226377952757
21
0.2277779921259842
0
LINE
8
BLACK
6
CONTINUOUS
10
1.6231226377952757
20
0.2277779921259842
11
1.6307291338582677
21
0.2207201968503937
0
LINE
8
BLACK
6
CONTINUOUS
10
1.6307291338582677
20
0.2207201968503937
11
1.6307293307086614
21
0.2207200393700787
0
LINE
8
BLACK
6
CONTINUOUS
10
1.6307293307086614
20
0.2207200393700787
11
1.6393021653543307
21
0.214875157480315
0
LINE
8
BLACK
6
CONTINUOUS
10
1.6393021653543307
20
0.214875157480315
11
1.6393024803149605
21
0.214875
0
LINE
8
BLACK
6
CONTINUOUS
10
1.6393024803149605
20
0.214875
11
1.6486512598425196
21
0.2103727952755906
0
LINE
8
BLACK
6
CONTINUOUS
10
1.6486512598425196
20
0.2103727952755906
11
1.6486517322834646
21
0.2103725984251968
0
LINE
8
BLACK
6
CONTINUOUS
10
1.6486517322834646
20
0.2103725984251968
11
1.658566496062992
21
0.2073143307086614
0
LINE
8
BLACK
6
CONTINUOUS
10
1.658566496062992
20
0.2073143307086614
11
1.6585668503937008
21
0.2073142519685039
0
LINE
8
BLACK
6
CONTINUOUS
10
1.6585668503937008
20
0.2073142519685039
11
1.6585669291338583
21
0.2073142519685039
0
LINE
8
BLACK
6
CONTINUOUS
10
1.6585669291338583
20
0.2073142519685039
11
1.6688275196850393
21
0.2057677165354331
0
LINE
8
BLACK
6
CONTINUOUS
10
1.6688275196850393
20
0.2057677165354331
11
1.6688276771653543
21
0.2057677165354331
0
LINE
8
BLACK
6
CONTINUOUS
10
1.6688276771653543
20
0.2057677165354331
11
1.6792038188976377
21
0.2057677165354331
0
LINE
8
BLACK
6
CONTINUOUS
10
1.6792038188976377
20
0.2057677165354331
11
1.6792039763779527
21
0.2057677165354331
0
LINE
8
BLACK
6
CONTINUOUS
10
1.6792039763779527
20
0.2057677165354331
11
1.6894645669291337
21
0.2073142519685039
0
LINE
8
BLACK
6
CONTINUOUS
10
1.6894645669291337
20
0.2073142519685039
11
1.6894646456692912
21
0.2073142519685039
0
LINE
8
BLACK
6
CONTINUOUS
10
1.6894646456692912
20
0.2073142519685039
11
1.6894649606299212
21
0.2073143307086614
0
LINE
8
BLACK
6
CONTINUOUS
10
1.6894649606299212
20
0.2073143307086614
11
1.6993797244094488
21
0.2103725984251968
0
LINE
8
BLACK
6
CONTINUOUS
10
1.6993797244094488
20
0.2103725984251968
11
1.6993801968503937
21
0.2103727952755906
0
LINE
8
BLACK
6
CONTINUOUS
10
1.6993801968503937
20
0.2103727952755906
11
1.7087290551181102
21
0.214875
0
LINE
8
BLACK
6
CONTINUOUS
10
1.7087290551181102
20
0.214875
11
1.7087293307086613
21
0.214875157480315
0
LINE
8
BLACK
6
CONTINUOUS
10
1.7087293307086613
20
0.214875157480315
11
1.717302125984252
21
0.2207200393700787
0
LINE
8
BLACK
6
CONTINUOUS
10
1.717302125984252
20
0.2207200393700787
11
1.7173021653543308
21
0.2207200787401575
0
LINE
8
BLACK
6
CONTINUOUS
10
1.7173021653543308
20
0.2207200787401575
11
1.7173024015748031
21
0.2207202362204724
0
LINE
8
BLACK
6
CONTINUOUS
10
1.7173024015748031
20
0.2207202362204724
11
1.7249088976377953
21
0.227778031496063
0
LINE
8
BLACK
6
CONTINUOUS
10
1.7249088976377953
20
0.227778031496063
11
1.7313785433070865
21
0.2358907086614173
0
LINE
8
BLACK
6
CONTINUOUS
10
1.7313785433070865
20
0.2358907086614173
11
1.731378622047244
21
0.2358908267716535
0
LINE
8
BLACK
6
CONTINUOUS
10
1.731378622047244
20
0.2358908267716535
11
1.7365666929133858
21
0.244876811023622
0
LINE
8
BLACK
6
CONTINUOUS
10
1.7365666929133858
20
0.244876811023622
11
1.7365668110236221
21
0.244877125984252
0
LINE
8
BLACK
6
CONTINUOUS
10
1.7365668110236221
20
0.244877125984252
11
1.7376949212598425
21
0.2477514566929134
0
LINE
8
BLACK
6
CONTINUOUS
10
1.7376949212598425
20
0.2477514566929134
11
1.7403577559055117
21
0.254536220472441
0
LINE
8
BLACK
6
CONTINUOUS
10
1.7403577559055117
20
0.254536220472441
11
1.7414210236220473
21
0.2591948425196851
0
LINE
8
BLACK
6
CONTINUOUS
10
1.7414210236220473
20
0.2591948425196851
11
1.7427496062992125
21
0.2615986614173229
0
LINE
8
BLACK
6
CONTINUOUS
10
1.7427496062992125
20
0.2615986614173229
11
1.8296783070866141
21
0.3485273622047244
0
LINE
8
BLACK
6
CONTINUOUS
10
1.8296783070866141
20
0.3485273622047244
11
1.8321315354330707
21
0.349866968503937
0
LINE
8
BLACK
6
CONTINUOUS
10
1.8321315354330707
20
0.349866968503937
11
1.8331859842519684
21
0.3499803149606299
0
LINE
8
BLACK
6
CONTINUOUS
10
1.8331859842519684
20
0.3499803149606299
11
1.8569153149606299
21
0.3499803149606299
0
LINE
8
BLACK
6
CONTINUOUS
10
1.8569153149606299
20
0.3499803149606299
11
1.8592990551181101
21
0.3502365748031496
0
LINE
8
BLACK
6
CONTINUOUS
10
1.8592990551181101
20
0.3502365748031496
11
1.8592993700787401
21
0.3502366535433071
0
LINE
8
BLACK
6
CONTINUOUS
10
1.8592993700787401
20
0.3502366535433071
11
1.8646929921259843
21
0.3522484251968504
0
LINE
8
BLACK
6
CONTINUOUS
10
1.8646929921259843
20
0.3522484251968504
11
1.8646933070866141
21
0.3522485826771654
0
LINE
8
BLACK
6
CONTINUOUS
10
1.8646933070866141
20
0.3522485826771654
11
1.8648619685039369
21
0.352374842519685
0
LINE
8
BLACK
6
CONTINUOUS
10
1.8648619685039369
20
0.352374842519685
11
1.8674809055118109
21
0.3533515748031496
0
LINE
8
BLACK
6
CONTINUOUS
10
1.8674809055118109
20
0.3533515748031496
11
1.8702121653543307
21
0.3527573622047244
0
LINE
8
BLACK
6
CONTINUOUS
10
1.8702121653543307
20
0.3527573622047244
11
1.8721885433070866
21
0.3507808267716535
0
LINE
8
BLACK
6
CONTINUOUS
10
1.8721885433070866
20
0.3507808267716535
11
1.872795275590551
21
0.3484035826771654
0
LINE
8
BLACK
6
CONTINUOUS
10
1.872795275590551
20
0.3484035826771654
11
1.872795275590551
21
0.3480490551181102
0
LINE
8
BLACK
6
CONTINUOUS
10
1.872795275590551
20
0.3480490551181102
11
1.87336968503937
21
0.3422167322834646
0
LINE
8
BLACK
6
CONTINUOUS
10
1.87336968503937
20
0.3422167322834646
11
1.8747667322834645
21
0.3376112598425197
0
LINE
8
BLACK
6
CONTINUOUS
10
1.8747667322834645
20
0.3376112598425197
11
1.8749803149606299
21
0.3361712992125984
0
LINE
8
BLACK
6
CONTINUOUS
10
1.8749803149606299
20
0.3361712992125984
11
1.8749803149606299
21
0.3205255905511811
0
LINE
8
BLACK
6
CONTINUOUS
10
1.8749803149606299
20
0.3205255905511811
11
1.8752365748031496
21
0.3181418503937008
0
LINE
8
BLACK
6
CONTINUOUS
10
1.8752365748031496
20
0.3181418503937008
11
1.8752366535433072
21
0.3181415354330708
0
LINE
8
BLACK
6
CONTINUOUS
10
1.8752366535433072
20
0.3181415354330708
11
1.8772484251968504
21
0.3127479133858267
0
LINE
8
BLACK
6
CONTINUOUS
10
1.8772484251968504
20
0.3127479133858267
11
1.8772485039370079
21
0.312747716535433
0
LINE
8
BLACK
6
CONTINUOUS
10
1.8772485039370079
20
0.312747716535433
11
1.8806983464566929
21
0.3081392913385826
0
LINE
8
BLACK
6
CONTINUOUS
10
1.8806983464566929
20
0.3081392913385826
11
1.8853067716535432
21
0.3046894488188976
0
LINE
8
BLACK
6
CONTINUOUS
10
1.8853067716535432
20
0.3046894488188976
11
1.885306968503937
21
0.3046893700787401
0
LINE
8
BLACK
6
CONTINUOUS
10
1.885306968503937
20
0.3046893700787401
11
1.8907005905511811
21
0.3026775984251969
0
LINE
8
BLACK
6
CONTINUOUS
10
1.8907005905511811
20
0.3026775984251969
11
1.8907009055118109
21
0.3026775196850394
0
LINE
8
BLACK
6
CONTINUOUS
10
1.8907009055118109
20
0.3026775196850394
11
1.8930846456692914
21
0.3024212598425197
0
LINE
8
BLACK
6
CONTINUOUS
10
1.8930846456692914
20
0.3024212598425197
11
1.8930851181102362
21
0.3024212598425197
0
LINE
8
BLACK
6
CONTINUOUS
10
1.8930851181102362
20
0.3024212598425197
11
1.9319153149606298
21
0.3024212598425197
0
LINE
8
BLACK
6
CONTINUOUS
10
1.9319153149606298
20
0.3024212598425197
11
1.9342990551181103
21
0.3026775196850394
0
LINE
8
BLACK
6
CONTINUOUS
10
1.9342990551181103
20
0.3026775196850394
11
1.9342993700787401
21
0.3026775984251969
0
LINE
8
BLACK
6
CONTINUOUS
10
1.9342993700787401
20
0.3026775984251969
11
1.9396929921259842
21
0.3046893700787401
0
LINE
8
BLACK
6
CONTINUOUS
10
1.9396929921259842
20
0.3046893700787401
11
1.939693307086614
21
0.3046895275590551
0
LINE
8
BLACK
6
CONTINUOUS
10
1.939693307086614
20
0.3046895275590551
11
1.9398619685039369
21
0.3048157874015748
0
LINE
8
BLACK
6
CONTINUOUS
10
1.9398619685039369
20
0.3048157874015748
11
1.9424809055118111
21
0.3057925196850393
0
LINE
8
BLACK
6
CONTINUOUS
10
1.9424809055118111
20
0.3057925196850393
11
1.9452121653543306
21
0.3051983070866142
0
LINE
8
BLACK
6
CONTINUOUS
10
1.9452121653543306
20
0.3051983070866142
11
1.9471885433070866
21
0.3032217716535433
0
LINE
8
BLACK
6
CONTINUOUS
10
1.9471885433070866
20
0.3032217716535433
11
1.9477952755905512
21
0.3008445275590551
0
LINE
8
BLACK
6
CONTINUOUS
10
1.9477952755905512
20
0.3008445275590551
11
1.9477952755905512
21
0.2549803149606299
0
LINE
8
BLACK
6
CONTINUOUS
10
1.9477952755905512
20
0.2549803149606299
11
1.9470077952755904
21
0.2522983858267717
0
LINE
8
BLACK
6
CONTINUOUS
10
1.9470077952755904
20
0.2522983858267717
11
1.9448953543307086
21
0.2504679527559055
0
LINE
8
BLACK
6
CONTINUOUS
10
1.9448953543307086
20
0.2504679527559055
11
1.9428346456692913
21
0.2500196850393701
0
LINE
8
BLACK
6
CONTINUOUS
10
1.9428346456692913
20
0.2500196850393701
11
1.8930851181102362
21
0.2500196850393701
0
LINE
8
BLACK
6
CONTINUOUS
10
1.8930851181102362
20
0.2500196850393701
11
1.8930848425196849
21
0.2500196456692914
0
LINE
8
BLACK
6
CONTINUOUS
10
1.8930848425196849
20
0.2500196456692914
11
1.8930846456692914
21
0.2500196456692914
0
LINE
8
BLACK
6
CONTINUOUS
10
1.8930846456692914
20
0.2500196456692914
11
1.8907009055118109
21
0.2497633858267717
0
LINE
8
BLACK
6
CONTINUOUS
10
1.8907009055118109
20
0.2497633858267717
11
1.8907005905511811
21
0.2497633070866142
0
LINE
8
BLACK
6
CONTINUOUS
10
1.8907005905511811
20
0.2497633070866142
11
1.887632874015748
21
0.2486190551181102
0
LINE
8
BLACK
6
CONTINUOUS
10
1.887632874015748
20
0.2486190551181102
11
1.8853069291338582
21
0.2477515354330709
0
LINE
8
BLACK
6
CONTINUOUS
10
1.8853069291338582
20
0.2477515354330709
11
1.8853068503937007
21
0.2477514960629921
0
LINE
8
BLACK
6
CONTINUOUS
10
1.8853068503937007
20
0.2477514960629921
11
1.8853067716535432
21
0.2477514566929134
0
LINE
8
BLACK
6
CONTINUOUS
10
1.8853067716535432
20
0.2477514566929134
11
1.8806984645669291
21
0.2443016929133858
0
LINE
8
BLACK
6
CONTINUOUS
10
1.8806984645669291
20
0.2443016929133858
11
1.8806984251968504
21
0.2443016141732283
0
LINE
8
BLACK
6
CONTINUOUS
10
1.8806984251968504
20
0.2443016141732283
11
1.8806983858267716
21
0.2443016141732283
0
LINE
8
BLACK
6
CONTINUOUS
10
1.8806983858267716
20
0.2443016141732283
11
1.8789711023622047
21
0.2419942519685039
0
LINE
8
BLACK
6
CONTINUOUS
10
1.8789711023622047
20
0.2419942519685039
11
1.8767335826771654
21
0.2403192913385827
0
LINE
8
BLACK
6
CONTINUOUS
10
1.8767335826771654
20
0.2403192913385827
11
1.8739455511811023
21
0.240119842519685
0
LINE
8
BLACK
6
CONTINUOUS
10
1.8739455511811023
20
0.240119842519685
11
1.8714923228346456
21
0.2414594094488189
0
LINE
8
BLACK
6
CONTINUOUS
10
1.8714923228346456
20
0.2414594094488189
11
1.8710290551181101
21
0.2419939763779528
0
LINE
8
BLACK
6
CONTINUOUS
10
1.8710290551181101
20
0.2419939763779528
11
1.8693016141732284
21
0.2443016141732283
0
LINE
8
BLACK
6
CONTINUOUS
10
1.8693016141732284
20
0.2443016141732283
11
1.8646930708661418
21
0.2477515354330709
0
LINE
8
BLACK
6
CONTINUOUS
10
1.8646930708661418
20
0.2477515354330709
11
1.8592992519685039
21
0.2497633464566929
0
LINE
8
BLACK
6
CONTINUOUS
10
1.8592992519685039
20
0.2497633464566929
11
1.8592991732283464
21
0.2497633464566929
0
LINE
8
BLACK
6
CONTINUOUS
10
1.8592991732283464
20
0.2497633464566929
11
1.8592990551181101
21
0.2497633858267717
0
LINE
8
BLACK
6
CONTINUOUS
10
1.8592990551181101
20
0.2497633858267717
11
1.8569153149606299
21
0.2500196456692914
0
LINE
8
BLACK
6
CONTINUOUS
10
1.8569153149606299
20
0.2500196456692914
11
1.8569151574803149
21
0.2500196456692914
0
LINE
8
BLACK
6
CONTINUOUS
10
1.8569151574803149
20
0.2500196456692914
11
1.8569148818897638
21
0.2500196850393701
0
LINE
8
BLACK
6
CONTINUOUS
10
1.8569148818897638
20
0.2500196850393701
11
1.7930851181102361
21
0.2500196850393701
0
LINE
8
BLACK
6
CONTINUOUS
10
1.7930851181102361
20
0.2500196850393701
11
1.793084842519685
21
0.2500196456692914
0
LINE
8
BLACK
6
CONTINUOUS
10
1.793084842519685
20
0.2500196456692914
11
1.7930846456692913
21
0.2500196456692914
0
LINE
8
BLACK
6
CONTINUOUS
10
1.7930846456692913
20
0.2500196456692914
11
1.790700905511811
21
0.2497633858267717
0
LINE
8
BLACK
6
CONTINUOUS
10
1.790700905511811
20
0.2497633858267717
11
1.790700590551181
21
0.2497633070866142
0
LINE
8
BLACK
6
CONTINUOUS
10
1.790700590551181
20
0.2497633070866142
11
1.7876328740157479
21
0.2486190551181102
0
LINE
8
BLACK
6
CONTINUOUS
10
1.7876328740157479
20
0.2486190551181102
11
1.7853069291338581
21
0.2477515354330709
0
LINE
8
BLACK
6
CONTINUOUS
10
1.7853069291338581
20
0.2477515354330709
11
1.7853068503937009
21
0.2477514960629921
0
LINE
8
BLACK
6
CONTINUOUS
10
1.7853068503937009
20
0.2477514960629921
11
1.7853067716535433
21
0.2477514566929134
0
LINE
8
BLACK
6
CONTINUOUS
10
1.7853067716535433
20
0.2477514566929134
11
1.7806983464566928
21
0.2443016141732283
0
LINE
8
BLACK
6
CONTINUOUS
10
1.7806983464566928
20
0.2443016141732283
11
1.7772485039370078
21
0.239693188976378
0
LINE
8
BLACK
6
CONTINUOUS
10
1.7772485039370078
20
0.239693188976378
11
1.7772484251968503
21
0.2396929921259842
0
LINE
8
BLACK
6
CONTINUOUS
10
1.7772484251968503
20
0.2396929921259842
11
1.7752366535433071
21
0.2342993700787402
0
LINE
8
BLACK
6
CONTINUOUS
10
1.7752366535433071
20
0.2342993700787402
11
1.7752365748031496
21
0.2342990551181102
0
LINE
8
BLACK
6
CONTINUOUS
10
1.7752365748031496
20
0.2342990551181102
11
1.7749803149606298
21
0.2319153149606299
0
LINE
8
BLACK
6
CONTINUOUS
10
1.7749803149606298
20
0.2319153149606299
11
1.7749803149606298
21
0.1680846456692913
0
LINE
8
BLACK
6
CONTINUOUS
10
1.7749803149606298
20
0.1680846456692913
11
1.7752365748031496
21
0.165700905511811
0
LINE
8
BLACK
6
CONTINUOUS
10
1.7752365748031496
20
0.165700905511811
11
1.7752366535433071
21
0.1657005905511811
0
LINE
8
BLACK
6
CONTINUOUS
10
1.7752366535433071
20
0.1657005905511811
11
1.7772484251968503
21
0.160306968503937
0
LINE
8
BLACK
6
CONTINUOUS
10
1.7772484251968503
20
0.160306968503937
11
1.7772485039370078
21
0.1603067716535433
0
LINE
8
BLACK
6
CONTINUOUS
10
1.7772485039370078
20
0.1603067716535433
11
1.7806983858267715
21
0.1556983464566929
0
LINE
8
BLACK
6
CONTINUOUS
10
1.7806983858267715
20
0.1556983464566929
11
1.7830056299212598
21
0.1539711417322835
0
LINE
8
BLACK
6
CONTINUOUS
10
1.7830056299212598
20
0.1539711417322835
11
1.7846806692913386
21
0.1517335039370079
0
LINE
8
BLACK
6
CONTINUOUS
10
1.7846806692913386
20
0.1517335039370079
11
1.7848800393700788
21
0.1489455118110236
0
LINE
8
BLACK
6
CONTINUOUS
10
1.7848800393700788
20
0.1489455118110236
11
1.7835404724409449
21
0.1464922834645669
0
LINE
8
BLACK
6
CONTINUOUS
10
1.7835404724409449
20
0.1464922834645669
11
1.7830056299212598
21
0.1460288582677165
0
LINE
8
BLACK
6
CONTINUOUS
10
1.7830056299212598
20
0.1460288582677165
11
1.7806983858267715
21
0.1443016141732283
0
LINE
8
BLACK
6
CONTINUOUS
10
1.7806983858267715
20
0.1443016141732283
11
1.7772485039370078
21
0.1396931889763779
0
LINE
8
BLACK
6
CONTINUOUS
10
1.7772485039370078
20
0.1396931889763779
11
1.7772484251968503
21
0.1396929921259842
0
LINE
8
BLACK
6
CONTINUOUS
10
1.7772484251968503
20
0.1396929921259842
11
1.7752366535433071
21
0.1342993700787402
0
LINE
8
BLACK
6
CONTINUOUS
10
1.7752366535433071
20
0.1342993700787402
11
1.7752365748031496
21
0.1342990551181102
0
LINE
8
BLACK
6
CONTINUOUS
10
1.7752365748031496
20
0.1342990551181102
11
1.7749803149606298
21
0.1319153149606299
0
LINE
8
BLACK
6
CONTINUOUS
10
1.7749803149606298
20
0.1319153149606299
11
1.7749803149606298
21
0.0680846456692913
0
LINE
8
BLACK
6
CONTINUOUS
10
1.7749803149606298
20
0.0680846456692913
11
1.7752365748031496
21
0.065700905511811
0
LINE
8
BLACK
6
CONTINUOUS
10
1.7752365748031496
20
0.065700905511811
11
1.7752366535433071
21
0.0657005905511811
0
LINE
8
BLACK
6
CONTINUOUS
10
1.7752366535433071
20
0.0657005905511811
11
1.7772484251968503
21
0.060306968503937
0
LINE
8
BLACK
6
CONTINUOUS
10
1.7772484251968503
20
0.060306968503937
11
1.7772485039370078
21
0.0603067716535433
0
LINE
8
BLACK
6
CONTINUOUS
10
1.7772485039370078
20
0.0603067716535433
11
1.7806983464566928
21
0.0556983464566929
0
LINE
8
BLACK
6
CONTINUOUS
10
1.7806983464566928
20
0.0556983464566929
11
1.7853067716535433
21
0.0522485039370079
0
LINE
8
BLACK
6
CONTINUOUS
10
1.7853067716535433
20
0.0522485039370079
11
1.7853069685039369
21
0.0522484251968504
0
LINE
8
BLACK
6
CONTINUOUS
10
1.7853069685039369
20
0.0522484251968504
11
1.790700590551181
21
0.0502366535433071
0
LINE
8
BLACK
6
CONTINUOUS
10
1.790700590551181
20
0.0502366535433071
11
1.790700905511811
21
0.0502365748031496
0
LINE
8
BLACK
6
CONTINUOUS
10
1.790700905511811
20
0.0502365748031496
11
1.7930846456692913
21
0.0499803149606299
0
LINE
8
BLACK
6
CONTINUOUS
10
1.7930846456692913
20
0.0499803149606299
11
1.7930851181102361
21
0.0499803149606299
0
LINE
8
BLACK
6
CONTINUOUS
10
1.7930851181102361
20
0.0499803149606299
11
1.8569153149606299
21
0.0499803149606299
0
LINE
8
BLACK
6
CONTINUOUS
10
1.8569153149606299
20
0.0499803149606299
11
1.8592990551181101
21
0.0502365748031496
0
LINE
8
BLACK
6
CONTINUOUS
10
1.8592990551181101
20
0.0502365748031496
11
1.8592993700787401
21
0.0502366535433071
0
LINE
8
BLACK
6
CONTINUOUS
10
1.8592993700787401
20
0.0502366535433071
11
1.8646929921259843
21
0.0522484251968504
0
LINE
8
BLACK
6
CONTINUOUS
10
1.8646929921259843
20
0.0522484251968504
11
1.8646931889763778
21
0.0522485039370079
0
LINE
8
BLACK
6
CONTINUOUS
10
1.8646931889763778
20
0.0522485039370079
11
1.8693016141732284
21
0.0556983464566929
0
LINE
8
BLACK
6
CONTINUOUS
10
1.8693016141732284
20
0.0556983464566929
11
1.8710288188976378
21
0.0580056299212598
0
LINE
8
BLACK
6
CONTINUOUS
10
1.8710288188976378
20
0.0580056299212598
11
1.8732664566929134
21
0.0596807086614173
0
LINE
8
BLACK
6
CONTINUOUS
10
1.8732664566929134
20
0.0596807086614173
11
1.8760544881889762
21
0.0598800787401575
0
LINE
8
BLACK
6
CONTINUOUS
10
1.8760544881889762
20
0.0598800787401575
11
1.8785077165354331
21
0.0585405118110236
0
LINE
8
BLACK
6
CONTINUOUS
10
1.8785077165354331
20
0.0585405118110236
11
1.8789711811023622
21
0.0580056299212598
0
LINE
8
BLACK
6
CONTINUOUS
10
1.8789711811023622
20
0.0580056299212598
11
1.8806983464566929
21
0.0556983464566929
0
LINE
8
BLACK
6
CONTINUOUS
10
1.8806983464566929
20
0.0556983464566929
11
1.8853067716535432
21
0.0522485039370079
0
LINE
8
BLACK
6
CONTINUOUS
10
1.8853067716535432
20
0.0522485039370079
11
1.885306968503937
21
0.0522484251968504
0
LINE
8
BLACK
6
CONTINUOUS
10
1.885306968503937
20
0.0522484251968504
11
1.8907005905511811
21
0.0502366535433071
0
LINE
8
BLACK
6
CONTINUOUS
10
1.8907005905511811
20
0.0502366535433071
11
1.8907009055118109
21
0.0502365748031496
0
LINE
8
BLACK
6
CONTINUOUS
10
1.8907009055118109
20
0.0502365748031496
11
1.8930846456692914
21
0.0499803149606299
0
LINE
8
BLACK
6
CONTINUOUS
10
1.8930846456692914
20
0.0499803149606299
11
1.8930851181102362
21
0.0499803149606299
0
LINE
8
BLACK
6
CONTINUOUS
10
1.8930851181102362
20
0.0499803149606299
11
1.95691531496063
21
0.0499803149606299
0
LINE
8
BLACK
6
CONTINUOUS
10
1.95691531496063
20
0.0499803149606299
11
1.9592990551181102
21
0.0502365748031496
0
LINE
8
BLACK
6
CONTINUOUS
10
1.9592990551181102
20
0.0502365748031496
11
1.9592993700787402
21
0.0502366535433071
0
LINE
8
BLACK
6
CONTINUOUS
10
1.9592993700787402
20
0.0502366535433071
11
1.9646929921259841
21
0.0522484251968504
0
LINE
8
BLACK
6
CONTINUOUS
10
1.9646929921259841
20
0.0522484251968504
11
1.9646931889763779
21
0.0522485039370079
0
LINE
8
BLACK
6
CONTINUOUS
10
1.9646931889763779
20
0.0522485039370079
11
1.9693016141732282
21
0.0556983464566929
0
LINE
8
BLACK
6
CONTINUOUS
10
1.9693016141732282
20
0.0556983464566929
11
1.9727514566929134
21
0.0603067716535433
0
LINE
8
BLACK
6
CONTINUOUS
10
1.9727514566929134
20
0.0603067716535433
11
1.9727515354330709
21
0.060306968503937
0
LINE
8
BLACK
6
CONTINUOUS
10
1.9727515354330709
20
0.060306968503937
11
1.9747633070866142
21
0.0657005905511811
0
LINE
8
BLACK
6
CONTINUOUS
10
1.9747633070866142
20
0.0657005905511811
11
1.9747633858267717
21
0.065700905511811
0
LINE
8
BLACK
6
CONTINUOUS
10
1.9747633858267717
20
0.065700905511811
11
1.9750196456692912
21
0.0680846456692913
0
LINE
8
BLACK
6
CONTINUOUS
10
1.9750196456692912
20
0.0680846456692913
11
1.97501968503937
21
0.0680853149606299
0
LINE
8
BLACK
6
CONTINUOUS
10
1.97501968503937
20
0.0680853149606299
11
1.97501968503937
21
0.0918140157480315
0
LINE
8
BLACK
6
CONTINUOUS
10
1.97501968503937
20
0.0918140157480315
11
1.9758071653543308
21
0.0944959448818898
0
LINE
8
BLACK
6
CONTINUOUS
10
1.9758071653543308
20
0.0944959448818898
11
1.9764726377952755
21
0.0953216929133858
0
LINE
8
BLACK
6
CONTINUOUS
10
1.9764726377952755
20
0.0953216929133858
11
2.0140234645669293
21
0.1328725196850394
0
LINE
8
BLACK
6
CONTINUOUS
10
2.0140234645669293
20
0.1328725196850394
11
2.0143841338582678
21
0.1331994488188976
0
LINE
8
BLACK
6
CONTINUOUS
10
2.0143841338582678
20
0.1331994488188976
11
2.0144354724409448
21
0.1332415748031496
0
LINE
8
BLACK
6
CONTINUOUS
10
2.0144354724409448
20
0.1332415748031496
11
2.015711338582677
21
0.1342886614173228
0
LINE
8
BLACK
6
CONTINUOUS
10
2.015711338582677
20
0.1342886614173228
11
2.020673031496063
21
0.1403344881889764
0
LINE
8
BLACK
6
CONTINUOUS
10
2.020673031496063
20
0.1403344881889764
11
2.0243598818897639
21
0.147232125984252
0
LINE
8
BLACK
6
CONTINUOUS
10
2.0243598818897639
20
0.147232125984252
11
2.0252712992125983
21
0.1502366535433071
0
LINE
8
BLACK
6
CONTINUOUS
10
2.0252712992125983
20
0.1502366535433071
11
2.0266302755905512
21
0.1547164960629921
0
LINE
8
BLACK
6
CONTINUOUS
10
2.0266302755905512
20
0.1547164960629921
11
2.0267269685039371
21
0.1556983464566929
0
LINE
8
BLACK
6
CONTINUOUS
10
2.0267269685039371
20
0.1556983464566929
11
2.0273968503937008
21
0.1624998031496063
0
LINE
8
BLACK
6
CONTINUOUS
10
2.0273968503937008
20
0.1624998031496063
11
2.0273968503937008
21
0.1625000393700787
0
LINE
8
BLACK
6
CONTINUOUS
10
2.0273968503937008
20
0.1625000393700787
11
2.027228622047244
21
0.1642080708661417
0
LINE
8
BLACK
6
CONTINUOUS
10
2.027228622047244
20
0.1642080708661417
11
2.0272047244094487
21
0.1646943307086614
0
LINE
8
BLACK
6
CONTINUOUS
10
2.0272047244094487
20
0.1646943307086614
11
2.0272047244094487
21
0.3053346456692913
0
LINE
8
BLACK
6
CONTINUOUS
10
2.0272047244094487
20
0.3053346456692913
11
2.0279922047244092
21
0.3080165748031496
0
LINE
8
BLACK
6
CONTINUOUS
10
2.0279922047244092
20
0.3080165748031496
11
2.0301046456692915
21
0.3098470078740158
0
LINE
8
BLACK
6
CONTINUOUS
10
2.0301046456692915
20
0.3098470078740158
11
2.0321653543307088
21
0.3102952755905512
0
LINE
8
BLACK
6
CONTINUOUS
10
2.0321653543307088
20
0.3102952755905512
11
2.0728056299212598
21
0.3102952755905512
0
LINE
8
BLACK
6
CONTINUOUS
10
2.0728056299212598
20
0.3102952755905512
11
2.0732918503937006
21
0.3102713779527559
0
LINE
8
BLACK
6
CONTINUOUS
10
2.0732918503937006
20
0.3102713779527559
11
2.0749998818897639
21
0.3101031496062992
0
LINE
8
BLACK
6
CONTINUOUS
10
2.0749998818897639
20
0.3101031496062992
11
2.0749999999999997
21
0.3101031496062992
0
LINE
8
BLACK
6
CONTINUOUS
10
2.0749999999999997
20
0.3101031496062992
11
2.0750001574803147
21
0.3101031496062992
0
LINE
8
BLACK
6
CONTINUOUS
10
2.0750001574803147
20
0.3101031496062992
11
2.082783149606299
21
0.3108696456692913
0
LINE
8
BLACK
6
CONTINUOUS
10
2.082783149606299
20
0.3108696456692913
11
2.082783622047244
21
0.3108697244094488
0
LINE
8
BLACK
6
CONTINUOUS
10
2.082783622047244
20
0.3108697244094488
11
2.0902678346456693
21
0.3131400787401575
0
LINE
8
BLACK
6
CONTINUOUS
10
2.0902678346456693
20
0.3131400787401575
11
2.0902679133858268
21
0.3131401181102362
0
LINE
8
BLACK
6
CONTINUOUS
10
2.0902679133858268
20
0.3131401181102362
11
2.092081062992126
21
0.3141092913385827
0
LINE
8
BLACK
6
CONTINUOUS
10
2.092081062992126
20
0.3141092913385827
11
2.0971655118110237
21
0.316826968503937
0
LINE
8
BLACK
6
CONTINUOUS
10
2.0971655118110237
20
0.316826968503937
11
2.0987673228346457
21
0.3181415354330708
0
LINE
8
BLACK
6
CONTINUOUS
10
2.0987673228346457
20
0.3181415354330708
11
2.1032113385826769
21
0.3217886614173228
0
LINE
8
BLACK
6
CONTINUOUS
10
2.1032113385826769
20
0.3217886614173228
11
2.1043007480314961
21
0.3231161023622047
0
LINE
8
BLACK
6
CONTINUOUS
10
2.1043007480314961
20
0.3231161023622047
11
2.104627244094488
21
0.3234762992125984
0
LINE
8
BLACK
6
CONTINUOUS
10
2.104627244094488
20
0.3234762992125984
11
2.182363622047244
21
0.4012126771653543
0
LINE
8
BLACK
6
CONTINUOUS
10
2.182363622047244
20
0.4012126771653543
11
2.1845873622047245
21
0.4024965748031496
0
LINE
8
BLACK
6
CONTINUOUS
10
2.1845873622047245
20
0.4024965748031496
11
2.1882072047244092
21
0.4034665354330709
0
LINE
8
BLACK
6
CONTINUOUS
10
2.1882072047244092
20
0.4034665354330709
11
2.1916052755905513
21
0.4043770472440945
0
LINE
8
BLACK
6
CONTINUOUS
10
2.1916052755905513
20
0.4043770472440945
11
2.1916055118110234
21
0.404377125984252
0
LINE
8
BLACK
6
CONTINUOUS
10
2.1916055118110234
20
0.404377125984252
11
2.1992754724409447
21
0.4079537007874016
0
LINE
8
BLACK
6
CONTINUOUS
10
2.1992754724409447
20
0.4079537007874016
11
2.2062077559055115
21
0.4128077165354331
0
LINE
8
BLACK
6
CONTINUOUS
10
2.2062077559055115
20
0.4128077165354331
11
2.2062079921259841
21
0.4128079133858268
0
LINE
8
BLACK
6
CONTINUOUS
10
2.2062079921259841
20
0.4128079133858268
11
2.2121920472440944
21
0.418791968503937
0
LINE
8
BLACK
6
CONTINUOUS
10
2.2121920472440944
20
0.418791968503937
11
2.2121921653543306
21
0.4187920866141732
0
LINE
8
BLACK
6
CONTINUOUS
10
2.2121921653543306
20
0.4187920866141732
11
2.2170462992125985
21
0.4257245275590551
0
LINE
8
BLACK
6
CONTINUOUS
10
2.2170462992125985
20
0.4257245275590551
11
2.2205041338582676
21
0.4331398818897638
0
LINE
8
BLACK
6
CONTINUOUS
10
2.2205041338582676
20
0.4331398818897638
11
2.2223512598425197
21
0.4352377165354331
0
LINE
8
BLACK
6
CONTINUOUS
10
2.2223512598425197
20
0.4352377165354331
11
2.2250393700787403
21
0.4360038976377953
0
LINE
8
BLACK
6
CONTINUOUS
10
2.2250393700787403
20
0.4360038976377953
11
2.2277149212598424
21
0.435195157480315
0
LINE
8
BLACK
6
CONTINUOUS
10
2.2277149212598424
20
0.435195157480315
11
2.2294958661417321
21
0.4331398818897638
0
LINE
8
BLACK
6
CONTINUOUS
10
2.2294958661417321
20
0.4331398818897638
11
2.2329537007874016
21
0.4257244881889763
0
LINE
8
BLACK
6
CONTINUOUS
10
2.2329537007874016
20
0.4257244881889763
11
2.2378077165354329
21
0.4187922047244094
0
LINE
8
BLACK
6
CONTINUOUS
10
2.2378077165354329
20
0.4187922047244094
11
2.2378079133858266
21
0.418791968503937
0
LINE
8
BLACK
6
CONTINUOUS
10
2.2378079133858266
20
0.418791968503937
11
2.2437919685039369
21
0.4128079133858268
0
LINE
8
BLACK
6
CONTINUOUS
10
2.2437919685039369
20
0.4128079133858268
11
2.2437922047244094
21
0.4128077165354331
0
LINE
8
BLACK
6
CONTINUOUS
10
2.2437922047244094
20
0.4128077165354331
11
2.2507244881889763
21
0.4079537007874016
0
LINE
8
BLACK
6
CONTINUOUS
10
2.2507244881889763
20
0.4079537007874016
11
2.2583944488188976
21
0.404377125984252
0
LINE
8
BLACK
6
CONTINUOUS
10
2.2583944488188976
20
0.404377125984252
11
2.2583946850393701
21
0.4043770472440945
0
LINE
8
BLACK
6
CONTINUOUS
10
2.2583946850393701
20
0.4043770472440945
11
2.2658574803149607
21
0.4023774015748031
0
LINE
8
BLACK
6
CONTINUOUS
10
2.2658574803149607
20
0.4023774015748031
11
2.2665692125984251
21
0.4021866929133858
0
LINE
8
BLACK
6
CONTINUOUS
10
2.2665692125984251
20
0.4021866929133858
11
2.2749999999999999
21
0.4014490944881889
0
LINE
8
BLACK
6
CONTINUOUS
10
2.2749999999999999
20
0.4014490944881889
11
2.2834307874015747
21
0.4021866929133858
0
LINE
8
BLACK
6
CONTINUOUS
10
2.2834307874015747
20
0.4021866929133858
11
2.2882072047244093
21
0.4034665354330709
0
LINE
8
BLACK
6
CONTINUOUS
10
2.2882072047244093
20
0.4034665354330709
11
2.2916052755905509
21
0.4043770472440945
0
LINE
8
BLACK
6
CONTINUOUS
10
2.2916052755905509
20
0.4043770472440945
11
2.2916055118110235
21
0.404377125984252
0
LINE
8
BLACK
6
CONTINUOUS
10
2.2916055118110235
20
0.404377125984252
11
2.2992754724409448
21
0.4079537007874016
0
LINE
8
BLACK
6
CONTINUOUS
10
2.2992754724409448
20
0.4079537007874016
11
2.3062077559055116
21
0.4128077165354331
0
LINE
8
BLACK
6
CONTINUOUS
10
2.3062077559055116
20
0.4128077165354331
11
2.3062079921259842
21
0.4128079133858268
0
LINE
8
BLACK
6
CONTINUOUS
10
2.3062079921259842
20
0.4128079133858268
11
2.3121920472440944
21
0.418791968503937
0
LINE
8
BLACK
6
CONTINUOUS
10
2.3121920472440944
20
0.418791968503937
11
2.3121921653543307
21
0.4187920866141732
0
LINE
8
BLACK
6
CONTINUOUS
10
2.3121921653543307
20
0.4187920866141732
11
2.3170462992125982
21
0.4257245275590551
0
LINE
8
BLACK
6
CONTINUOUS
10
2.3170462992125982
20
0.4257245275590551
11
2.3206229133858267
21
0.4333946062992126
0
LINE
8
BLACK
6
CONTINUOUS
10
2.3206229133858267
20
0.4333946062992126
11
2.3228133070866139
21
0.4415692125984252
0
LINE
8
BLACK
6
CONTINUOUS
10
2.3228133070866139
20
0.4415692125984252
11
2.3235509055118109
21
0.45
0
LINE
8
BLACK
6
CONTINUOUS
10
2.3235509055118109
20
0.45
11
2.3228133070866139
21
0.4584307874015748
0
LINE
8
BLACK
6
CONTINUOUS
10
2.3228133070866139
20
0.4584307874015748
11
2.3206229133858267
21
0.4666053937007874
0
LINE
8
BLACK
6
CONTINUOUS
10
2.3206229133858267
20
0.4666053937007874
11
2.3170462992125982
21
0.4742754330708661
0
LINE
8
BLACK
6
CONTINUOUS
10
2.3170462992125982
20
0.4742754330708661
11
2.3170462204724407
21
0.4742755511811024
0
LINE
8
BLACK
6
CONTINUOUS
10
2.3170462204724407
20
0.4742755511811024
11
2.3121923228346457
21
0.481207716535433
0
LINE
8
BLACK
6
CONTINUOUS
10
2.3121923228346457
20
0.481207716535433
11
2.312052992125984
21
0.4813737795275591
0
LINE
8
BLACK
6
CONTINUOUS
10
2.312052992125984
20
0.4813737795275591
11
2.3120953149606298
21
0.4814092913385827
0
LINE
8
BLACK
6
CONTINUOUS
10
2.3120953149606298
20
0.4814092913385827
11
2.3108812598425197
21
0.4836318503937008
0
LINE
8
BLACK
6
CONTINUOUS
10
2.3108812598425197
20
0.4836318503937008
11
2.310767716535433
21
0.4846870866141732
0
LINE
8
BLACK
6
CONTINUOUS
10
2.310767716535433
20
0.4846870866141732
11
2.310767716535433
21
0.5132367322834646
0
LINE
8
BLACK
6
CONTINUOUS
10
2.310767716535433
20
0.5132367322834646
11
2.3110804724409446
21
0.5149702755905512
0
LINE
8
BLACK
6
CONTINUOUS
10
2.3110804724409446
20
0.5149702755905512
11
2.3115212598425194
21
0.516152125984252
0
LINE
8
BLACK
6
CONTINUOUS
10
2.3115212598425194
20
0.516152125984252
11
2.3122633464566928
21
0.5181416929133859
0
LINE
8
BLACK
6
CONTINUOUS
10
2.3122633464566928
20
0.5181416929133859
11
2.3122633464566928
21
0.5181417322834646
0
LINE
8
BLACK
6
CONTINUOUS
10
2.3122633464566928
20
0.5181417322834646
11
2.3122633858267716
21
0.5181418897637795
0
LINE
8
BLACK
6
CONTINUOUS
10
2.3122633858267716
20
0.5181418897637795
11
2.3125196456692914
21
0.5205255905511811
0
LINE
8
BLACK
6
CONTINUOUS
10
2.3125196456692914
20
0.5205255905511811
11
2.3125196850393701
21
0.5205262598425197
0
LINE
8
BLACK
6
CONTINUOUS
10
2.3125196850393701
20
0.5205262598425197
11
2.3125196850393701
21
0.5794737007874016
0
LINE
8
BLACK
6
CONTINUOUS
10
2.3125196850393701
20
0.5794737007874016
11
2.3125196456692914
21
0.5794743700787401
0
LINE
8
BLACK
6
CONTINUOUS
10
2.3125196456692914
20
0.5794743700787401
11
2.3122633858267716
21
0.5818581102362205
0
LINE
8
BLACK
6
CONTINUOUS
10
2.3122633858267716
20
0.5818581102362205
11
2.3122633070866141
21
0.5818584251968504
0
LINE
8
BLACK
6
CONTINUOUS
10
2.3122633070866141
20
0.5818584251968504
11
2.3119866141732284
21
0.5826001968503937
0
LINE
8
BLACK
6
CONTINUOUS
10
2.3119866141732284
20
0.5826001968503937
11
2.3102515354330708
21
0.5872521259842519
0
LINE
8
BLACK
6
CONTINUOUS
10
2.3102515354330708
20
0.5872521259842519
11
2.3083841338582678
21
0.589746653543307
0
LINE
8
BLACK
6
CONTINUOUS
10
2.3083841338582678
20
0.589746653543307
11
2.3068016141732284
21
0.5918606692913385
0
LINE
8
BLACK
6
CONTINUOUS
10
2.3068016141732284
20
0.5918606692913385
11
2.302193188976378
21
0.5953105118110236
0
LINE
8
BLACK
6
CONTINUOUS
10
2.302193188976378
20
0.5953105118110236
11
2.3021931496062993
21
0.5953105118110236
0
LINE
8
BLACK
6
CONTINUOUS
10
2.3021931496062993
20
0.5953105118110236
11
2.3021930708661418
21
0.5953105905511811
0
LINE
8
BLACK
6
CONTINUOUS
10
2.3021930708661418
20
0.5953105905511811
11
2.2967992519685039
21
0.5973224015748031
0
LINE
8
BLACK
6
CONTINUOUS
10
2.2967992519685039
20
0.5973224015748031
11
2.2967991732283464
21
0.5973224015748031
0
LINE
8
BLACK
6
CONTINUOUS
10
2.2967991732283464
20
0.5973224015748031
11
2.2967990551181101
21
0.5973224409448818
0
LINE
8
BLACK
6
CONTINUOUS
10
2.2967990551181101
20
0.5973224409448818
11
2.2944153149606299
21
0.5975787007874016
0
LINE
8
BLACK
6
CONTINUOUS
10
2.2944153149606299
20
0.5975787007874016
11
2.2944151574803149
21
0.5975787007874016
0
LINE
8
BLACK
6
CONTINUOUS
10
2.2944151574803149
20
0.5975787007874016
11
2.2944148818897636
21
0.5975787401574802
0
LINE
8
BLACK
6
CONTINUOUS
10
2.2944148818897636
20
0.5975787401574802
11
2.2555851181102362
21
0.5975787401574802
0
LINE
8
BLACK
6
CONTINUOUS
10
2.2555851181102362
20
0.5975787401574802
11
2.2536868110236221
21
0.5973746456692913
0
LINE
8
BLACK
6
CONTINUOUS
10
2.2536868110236221
20
0.5973746456692913
11
2.2509361417322835
21
0.597870905511811
0
LINE
8
BLACK
6
CONTINUOUS
10
2.2509361417322835
20
0.597870905511811
11
2.2488903937007874
21
0.5997755511811024
0
LINE
8
BLACK
6
CONTINUOUS
10
2.2488903937007874
20
0.5997755511811024
11
2.2481990944881889
21
0.6024838582677166
0
LINE
8
BLACK
6
CONTINUOUS
10
2.2481990944881889
20
0.6024838582677166
11
2.2490817716535432
21
0.6051359842519685
0
LINE
8
BLACK
6
CONTINUOUS
10
2.2490817716535432
20
0.6051359842519685
11
2.2496488976377953
21
0.6058145275590551
0
LINE
8
BLACK
6
CONTINUOUS
10
2.2496488976377953
20
0.6058145275590551
11
2.2500436614173229
21
0.6062092913385827
0
LINE
8
BLACK
6
CONTINUOUS
10
2.2500436614173229
20
0.6062092913385827
11
2.2508524803149608
21
0.6074965354330708
0
LINE
8
BLACK
6
CONTINUOUS
10
2.2508524803149608
20
0.6074965354330708
11
2.2511744094488186
21
0.6079502362204724
0
LINE
8
BLACK
6
CONTINUOUS
10
2.2511744094488186
20
0.6079502362204724
11
2.2521222834645669
21
0.6091388582677165
0
LINE
8
BLACK
6
CONTINUOUS
10
2.2521222834645669
20
0.6091388582677165
11
2.2521224015748031
21
0.6091390157480315
0
LINE
8
BLACK
6
CONTINUOUS
10
2.2521224015748031
20
0.6091390157480315
11
2.2527820472440943
21
0.6105088582677165
0
LINE
8
BLACK
6
CONTINUOUS
10
2.2527820472440943
20
0.6105088582677165
11
2.2530510629921259
21
0.6109955511811024
0
LINE
8
BLACK
6
CONTINUOUS
10
2.2530510629921259
20
0.6109955511811024
11
2.2538598818897637
21
0.6122827559055118
0
LINE
8
BLACK
6
CONTINUOUS
10
2.2538598818897637
20
0.6122827559055118
11
2.2538599606299212
21
0.612282874015748
0
LINE
8
BLACK
6
CONTINUOUS
10
2.2538599606299212
20
0.612282874015748
11
2.2543622047244094
21
0.6137182677165354
0
LINE
8
BLACK
6
CONTINUOUS
10
2.2543622047244094
20
0.6137182677165354
11
2.2545748031496062
21
0.6142315354330709
0
LINE
8
BLACK
6
CONTINUOUS
10
2.2545748031496062
20
0.6142315354330709
11
2.2552346062992124
21
0.6156015748031496
0
LINE
8
BLACK
6
CONTINUOUS
10
2.2552346062992124
20
0.6156015748031496
11
2.2555729527559056
21
0.6170840157480315
0
LINE
8
BLACK
6
CONTINUOUS
10
2.2555729527559056
20
0.6170840157480315
11
2.2557268503937009
21
0.617618188976378
0
LINE
8
BLACK
6
CONTINUOUS
10
2.2557268503937009
20
0.617618188976378
11
2.2562289763779528
21
0.6190531496062992
0
LINE
8
BLACK
6
CONTINUOUS
10
2.2562289763779528
20
0.6190531496062992
11
2.2562290551181103
21
0.6190535433070866
0
LINE
8
BLACK
6
CONTINUOUS
10
2.2562290551181103
20
0.6190535433070866
11
2.2563991732283464
21
0.6205637007874015
0
LINE
8
BLACK
6
CONTINUOUS
10
2.2563991732283464
20
0.6205637007874015
11
2.2564924015748029
21
0.6211123622047244
0
LINE
8
BLACK
6
CONTINUOUS
10
2.2564924015748029
20
0.6211123622047244
11
2.2568307480314962
21
0.6225946062992126
0
LINE
8
BLACK
6
CONTINUOUS
10
2.2568307480314962
20
0.6225946062992126
11
2.2568307480314962
21
0.6233312598425197
0
LINE
8
BLACK
6
CONTINUOUS
10
2.2568307480314962
20
0.6233312598425197
11
2.2576182283464568
21
0.6260131889763779
0
LINE
8
BLACK
6
CONTINUOUS
10
2.2576182283464568
20
0.6260131889763779
11
2.2597306692913386
21
0.6278436220472441
0
LINE
8
BLACK
6
CONTINUOUS
10
2.2597306692913386
20
0.6278436220472441
11
2.2624973622047242
21
0.6282414173228347
0
LINE
8
BLACK
6
CONTINUOUS
10
2.2624973622047242
20
0.6282414173228347
11
2.2630752362204722
21
0.6281228740157481
0
LINE
8
BLACK
6
CONTINUOUS
10
2.2630752362204722
20
0.6281228740157481
11
2.2665691338582676
21
0.6271866929133858
0
LINE
8
BLACK
6
CONTINUOUS
10
2.2665691338582676
20
0.6271866929133858
11
2.2749999999999999
21
0.626449094488189
0
LINE
8
BLACK
6
CONTINUOUS
10
2.2749999999999999
20
0.626449094488189
11
2.2834307874015747
21
0.6271866929133858
0
LINE
8
BLACK
6
CONTINUOUS
10
2.2834307874015747
20
0.6271866929133858
11
2.2881503543307087
21
0.6284512992125985
0
LINE
8
BLACK
6
CONTINUOUS
10
2.2881503543307087
20
0.6284512992125985
11
2.2916052755905509
21
0.6293770472440945
0
LINE
8
BLACK
6
CONTINUOUS
10
2.2916052755905509
20
0.6293770472440945
11
2.2916055118110235
21
0.629377125984252
0
LINE
8
BLACK
6
CONTINUOUS
10
2.2916055118110235
20
0.629377125984252
11
2.2992754724409448
21
0.6329537007874015
0
LINE
8
BLACK
6
CONTINUOUS
10
2.2992754724409448
20
0.6329537007874015
11
2.3062077559055116
21
0.6378077165354331
0
LINE
8
BLACK
6
CONTINUOUS
10
2.3062077559055116
20
0.6378077165354331
11
2.3062079921259842
21
0.6378079133858268
0
LINE
8
BLACK
6
CONTINUOUS
10
2.3062079921259842
20
0.6378079133858268
11
2.3121920472440944
21
0.6437919685039369
0
LINE
8
BLACK
6
CONTINUOUS
10
2.3121920472440944
20
0.6437919685039369
11
2.3121921653543307
21
0.6437920866141732
0
LINE
8
BLACK
6
CONTINUOUS
10
2.3121921653543307
20
0.6437920866141732
11
2.3170462992125982
21
0.6507245275590551
0
LINE
8
BLACK
6
CONTINUOUS
10
2.3170462992125982
20
0.6507245275590551
11
2.3206229133858267
21
0.6583946062992125
0
LINE
8
BLACK
6
CONTINUOUS
10
2.3206229133858267
20
0.6583946062992125
11
2.3228133070866139
21
0.6665692125984252
0
LINE
8
BLACK
6
CONTINUOUS
10
2.3228133070866139
20
0.6665692125984252
11
2.3235509055118109
21
0.6749999999999999
0
LINE
8
BLACK
6
CONTINUOUS
10
2.3235509055118109
20
0.6749999999999999
11
2.3228133070866139
21
0.6834307874015748
0
LINE
8
BLACK
6
CONTINUOUS
10
2.3228133070866139
20
0.6834307874015748
11
2.3206229133858267
21
0.6916053937007874
0
LINE
8
BLACK
6
CONTINUOUS
10
2.3206229133858267
20
0.6916053937007874
11
2.3170462992125982
21
0.6992754330708661
0
LINE
8
BLACK
6
CONTINUOUS
10
2.3170462992125982
20
0.6992754330708661
11
2.3170462204724407
21
0.6992755511811023
0
LINE
8
BLACK
6
CONTINUOUS
10
2.3170462204724407
20
0.6992755511811023
11
2.3121923228346457
21
0.706207716535433
0
LINE
8
BLACK
6
CONTINUOUS
10
2.3121923228346457
20
0.706207716535433
11
2.312052992125984
21
0.7063737795275591
0
LINE
8
BLACK
6
CONTINUOUS
10
2.312052992125984
20
0.7063737795275591
11
2.3120953149606298
21
0.7064092913385827
0
LINE
8
BLACK
6
CONTINUOUS
10
2.3120953149606298
20
0.7064092913385827
11
2.3108812598425197
21
0.7086318503937008
0
LINE
8
BLACK
6
CONTINUOUS
10
2.3108812598425197
20
0.7086318503937008
11
2.310767716535433
21
0.7096870866141732
0
LINE
8
BLACK
6
CONTINUOUS
10
2.310767716535433
20
0.7096870866141732
11
2.310767716535433
21
0.7382367322834645
0
LINE
8
BLACK
6
CONTINUOUS
10
2.310767716535433
20
0.7382367322834645
11
2.3110804724409446
21
0.7399702755905512
0
LINE
8
BLACK
6
CONTINUOUS
10
2.3110804724409446
20
0.7399702755905512
11
2.3122633464566928
21
0.7431417322834646
0
LINE
8
BLACK
6
CONTINUOUS
10
2.3122633464566928
20
0.7431417322834646
11
2.3122633858267716
21
0.7431418897637795
0
LINE
8
BLACK
6
CONTINUOUS
10
2.3122633858267716
20
0.7431418897637795
11
2.3125196456692914
21
0.7455255905511811
0
LINE
8
BLACK
6
CONTINUOUS
10
2.3125196456692914
20
0.7455255905511811
11
2.3125196850393701
21
0.7455262598425196
0
LINE
8
BLACK
6
CONTINUOUS
10
2.3125196850393701
20
0.7455262598425196
11
2.3125196850393701
21
0.8044737007874015
0
LINE
8
BLACK
6
CONTINUOUS
10
2.3125196850393701
20
0.8044737007874015
11
2.3125196456692914
21
0.8044743700787401
0
LINE
8
BLACK
6
CONTINUOUS
10
2.3125196456692914
20
0.8044743700787401
11
2.3122633858267716
21
0.8068581102362204
0
LINE
8
BLACK
6
CONTINUOUS
10
2.3122633858267716
20
0.8068581102362204
11
2.3122633070866141
21
0.8068584251968504
0
LINE
8
BLACK
6
CONTINUOUS
10
2.3122633070866141
20
0.8068584251968504
11
2.3116035433070867
21
0.8086272440944882
0
LINE
8
BLACK
6
CONTINUOUS
10
2.3116035433070867
20
0.8086272440944882
11
2.3102515354330708
21
0.812252125984252
0
LINE
8
BLACK
6
CONTINUOUS
10
2.3102515354330708
20
0.812252125984252
11
2.3099922834645668
21
0.8125984251968503
0
LINE
8
BLACK
6
CONTINUOUS
10
2.3099922834645668
20
0.8125984251968503
11
2.3068016141732284
21
0.8168606692913386
0
LINE
8
BLACK
6
CONTINUOUS
10
2.3068016141732284
20
0.8168606692913386
11
2.302193188976378
21
0.8203105118110237
0
LINE
8
BLACK
6
CONTINUOUS
10
2.302193188976378
20
0.8203105118110237
11
2.3021931496062993
21
0.8203105118110237
0
LINE
8
BLACK
6
CONTINUOUS
10
2.3021931496062993
20
0.8203105118110237
11
2.3021930708661418
21
0.8203105905511811
0
LINE
8
BLACK
6
CONTINUOUS
10
2.3021930708661418
20
0.8203105905511811
11
2.2967992519685039
21
0.8223224015748032
0
LINE
8
BLACK
6
CONTINUOUS
10
2.2967992519685039
20
0.8223224015748032
11
2.2967991732283464
21
0.8223224015748032
0
LINE
8
BLACK
6
CONTINUOUS
10
2.2967991732283464
20
0.8223224015748032
11
2.2967990551181101
21
0.8223224409448818
0
LINE
8
BLACK
6
CONTINUOUS
10
2.2967990551181101
20
0.8223224409448818
11
2.2944153149606299
21
0.8225787007874016
0
LINE
8
BLACK
6
CONTINUOUS
10
2.2944153149606299
20
0.8225787007874016
11
2.2944151574803149
21
0.8225787007874016
0
LINE
8
BLACK
6
CONTINUOUS
10
2.2944151574803149
20
0.8225787007874016
11
2.2944148818897636
21
0.8225787401574803
0
LINE
8
BLACK
6
CONTINUOUS
10
2.2944148818897636
20
0.8225787401574803
11
2.2944146456692911
21
0.8225787401574803
0
LINE
8
BLACK
6
CONTINUOUS
10
2.2944146456692911
20
0.8225787401574803
11
2.269631338582677
21
0.8225787401574803
0
LINE
8
BLACK
6
CONTINUOUS
10
2.269631338582677
20
0.8225787401574803
11
2.2669494094488187
21
0.8233662204724409
0
LINE
8
BLACK
6
CONTINUOUS
10
2.2669494094488187
20
0.8233662204724409
11
2.2651189763779529
21
0.8254786614173228
0
LINE
8
BLACK
6
CONTINUOUS
10
2.2651189763779529
20
0.8254786614173228
11
2.2646946062992126
21
0.827053031496063
0
LINE
8
BLACK
6
CONTINUOUS
10
2.2646946062992126
20
0.827053031496063
11
2.2641302362204723
21
0.8327835039370078
0
LINE
8
BLACK
6
CONTINUOUS
10
2.2641302362204723
20
0.8327835039370078
11
2.2618598818897637
21
0.840267874015748
0
LINE
8
BLACK
6
CONTINUOUS
10
2.2618598818897637
20
0.840267874015748
11
2.2590309448818897
21
0.8455603543307086
0
LINE
8
BLACK
6
CONTINUOUS
10
2.2590309448818897
20
0.8455603543307086
11
2.2584612598425196
21
0.8482966535433071
0
LINE
8
BLACK
6
CONTINUOUS
10
2.2584612598425196
20
0.8482966535433071
11
2.2594613779527557
21
0.8509067716535433
0
LINE
8
BLACK
6
CONTINUOUS
10
2.2594613779527557
20
0.8509067716535433
11
2.2617138582677163
21
0.8525618110236221
0
LINE
8
BLACK
6
CONTINUOUS
10
2.2617138582677163
20
0.8525618110236221
11
2.2645035433070864
21
0.8527363385826772
0
LINE
8
BLACK
6
CONTINUOUS
10
2.2645035433070864
20
0.8527363385826772
11
2.2646897637795274
21
0.8526902755905512
0
LINE
8
BLACK
6
CONTINUOUS
10
2.2646897637795274
20
0.8526902755905512
11
2.2665691338582676
21
0.8521866929133858
0
LINE
8
BLACK
6
CONTINUOUS
10
2.2665691338582676
20
0.8521866929133858
11
2.2749999999999999
21
0.851449094488189
0
LINE
8
BLACK
6
CONTINUOUS
10
2.2749999999999999
20
0.851449094488189
11
2.2834307874015747
21
0.8521866929133858
0
LINE
8
BLACK
6
CONTINUOUS
10
2.2834307874015747
20
0.8521866929133858
11
2.2881503543307087
21
0.8534512992125984
0
LINE
8
BLACK
6
CONTINUOUS
10
2.2881503543307087
20
0.8534512992125984
11
2.2916052755905509
21
0.8543770472440945
0
LINE
8
BLACK
6
CONTINUOUS
10
2.2916052755905509
20
0.8543770472440945
11
2.2916055118110235
21
0.854377125984252
0
LINE
8
BLACK
6
CONTINUOUS
10
2.2916055118110235
20
0.854377125984252
11
2.2992754724409448
21
0.8579537007874015
0
LINE
8
BLACK
6
CONTINUOUS
10
2.2992754724409448
20
0.8579537007874015
11
2.3062077559055116
21
0.8628077165354331
0
LINE
8
BLACK
6
CONTINUOUS
10
2.3062077559055116
20
0.8628077165354331
11
2.3062079921259842
21
0.8628079133858267
0
LINE
8
BLACK
6
CONTINUOUS
10
2.3062079921259842
20
0.8628079133858267
11
2.3121920472440944
21
0.868791968503937
0
LINE
8
BLACK
6
CONTINUOUS
10
2.3121920472440944
20
0.868791968503937
11
2.3121921653543307
21
0.8687920866141732
0
LINE
8
BLACK
6
CONTINUOUS
10
2.3121921653543307
20
0.8687920866141732
11
2.3170462992125982
21
0.8757245275590551
0
LINE
8
BLACK
6
CONTINUOUS
10
2.3170462992125982
20
0.8757245275590551
11
2.3206229133858267
21
0.8833946062992126
0
LINE
8
BLACK
6
CONTINUOUS
10
2.3206229133858267
20
0.8833946062992126
11
2.3228133070866139
21
0.8915692125984251
0
LINE
8
BLACK
6
CONTINUOUS
10
2.3228133070866139
20
0.8915692125984251
11
2.3235509055118109
21
0.9
0
LINE
8
BLACK
6
CONTINUOUS
10
2.3235509055118109
20
0.9
11
2.3228133070866139
21
0.9084307874015748
0
LINE
8
BLACK
6
CONTINUOUS
10
2.3228133070866139
20
0.9084307874015748
11
2.3206229133858267
21
0.9166053937007874
0
LINE
8
BLACK
6
CONTINUOUS
10
2.3206229133858267
20
0.9166053937007874
11
2.3170462992125982
21
0.9242754330708661
0
LINE
8
BLACK
6
CONTINUOUS
10
2.3170462992125982
20
0.9242754330708661
11
2.3142903937007873
21
0.9282112992125984
0
LINE
8
BLACK
6
CONTINUOUS
10
2.3142903937007873
20
0.9282112992125984
11
2.3132659448818895
21
0.9296744094488189
0
LINE
8
BLACK
6
CONTINUOUS
10
2.3132659448818895
20
0.9296744094488189
11
2.3123727165354331
21
0.9323229921259842
0
LINE
8
BLACK
6
CONTINUOUS
10
2.3123727165354331
20
0.9323229921259842
11
2.3130532283464564
21
0.9350340157480315
0
LINE
8
BLACK
6
CONTINUOUS
10
2.3130532283464564
20
0.9350340157480315
11
2.3150914173228347
21
0.9369467716535432
0
LINE
8
BLACK
6
CONTINUOUS
10
2.3150914173228347
20
0.9369467716535432
11
2.3173294488188976
21
0.9374803149606299
0
LINE
8
BLACK
6
CONTINUOUS
10
2.3173294488188976
20
0.9374803149606299
11
2.3294743700787399
21
0.9374803149606299
0
LINE
8
BLACK
6
CONTINUOUS
10
2.3294743700787399
20
0.9374803149606299
11
2.3318581102362206
21
0.9377365748031495
0
LINE
8
BLACK
6
CONTINUOUS
10
2.3318581102362206
20
0.9377365748031495
11
2.3318584251968502
21
0.937736653543307
0
LINE
8
BLACK
6
CONTINUOUS
10
2.3318584251968502
20
0.937736653543307
11
2.3372520472440943
21
0.9397484251968504
0
LINE
8
BLACK
6
CONTINUOUS
10
2.3372520472440943
20
0.9397484251968504
11
2.3372522440944881
21
0.9397485039370078
0
LINE
8
BLACK
6
CONTINUOUS
10
2.3372522440944881
20
0.9397485039370078
11
2.3418606692913384
21
0.9431983464566929
0
LINE
8
BLACK
6
CONTINUOUS
10
2.3418606692913384
20
0.9431983464566929
11
2.3453105118110238
21
0.9478067716535433
0
LINE
8
BLACK
6
CONTINUOUS
10
2.3453105118110238
20
0.9478067716535433
11
2.3453105905511809
21
0.947806968503937
0
LINE
8
BLACK
6
CONTINUOUS
10
2.3453105905511809
20
0.947806968503937
11
2.3453162992125982
21
0.9478222047244095
0
LINE
8
BLACK
6
CONTINUOUS
10
2.3453162992125982
20
0.9478222047244095
11
2.3468314173228344
21
0.9518843700787402
0
LINE
8
BLACK
6
CONTINUOUS
10
2.3468314173228344
20
0.9518843700787402
11
2.3473223622047246
21
0.9532005905511811
0
LINE
8
BLACK
6
CONTINUOUS
10
2.3473223622047246
20
0.9532005905511811
11
2.3473224409448816
21
0.953200905511811
0
LINE
8
BLACK
6
CONTINUOUS
10
2.3473224409448816
20
0.953200905511811
11
2.3475787007874014
21
0.9555846456692914
0
LINE
8
BLACK
6
CONTINUOUS
10
2.3475787007874014
20
0.9555846456692914
11
2.3475787401574801
21
0.9555853149606299
0
LINE
8
BLACK
6
CONTINUOUS
10
2.3475787401574801
20
0.9555853149606299
11
2.3475787401574801
21
0.9944146456692913
0
LINE
8
BLACK
6
CONTINUOUS
10
2.3475787401574801
20
0.9944146456692913
11
2.3475787007874014
21
0.9944153149606298
0
LINE
8
BLACK
6
CONTINUOUS
10
2.3475787007874014
20
0.9944153149606298
11
2.3473224409448816
21
0.9967990551181102
0
LINE
8
BLACK
6
CONTINUOUS
10
2.3473224409448816
20
0.9967990551181102
11
2.3473223622047246
21
0.9967993700787401
0
LINE
8
BLACK
6
CONTINUOUS
10
2.3473223622047246
20
0.9967993700787401
11
2.3470456692913384
21
0.9975411417322835
0
LINE
8
BLACK
6
CONTINUOUS
10
2.3470456692913384
20
0.9975411417322835
11
2.3453105905511809
21
1.0021930708661417
0
LINE
8
BLACK
6
CONTINUOUS
10
2.3453105905511809
20
1.0021930708661417
11
2.3418606692913384
21
1.0068016141732283
0
LINE
8
BLACK
6
CONTINUOUS
10
2.3418606692913384
20
1.0068016141732283
11
2.3396848818897635
21
1.0084303937007875
0
LINE
8
BLACK
6
CONTINUOUS
10
2.3396848818897635
20
1.0084303937007875
11
2.3380098031496064
21
1.0106679921259842
0
LINE
8
BLACK
6
CONTINUOUS
10
2.3380098031496064
20
1.0106679921259842
11
2.3378103937007872
21
1.0134560236220471
0
LINE
8
BLACK
6
CONTINUOUS
10
2.3378103937007872
20
1.0134560236220471
11
2.3391499606299213
21
1.015909251968504
0
LINE
8
BLACK
6
CONTINUOUS
10
2.3391499606299213
20
1.015909251968504
11
2.3396848818897635
21
1.0163727559055118
0
LINE
8
BLACK
6
CONTINUOUS
10
2.3396848818897635
20
1.0163727559055118
11
2.3418606692913384
21
1.0180014960629922
0
LINE
8
BLACK
6
CONTINUOUS
10
2.3418606692913384
20
1.0180014960629922
11
2.3453105118110238
21
1.0226099212598425
0
LINE
8
BLACK
6
CONTINUOUS
10
2.3453105118110238
20
1.0226099212598425
11
2.3453105905511809
21
1.0226101181102363
0
LINE
8
BLACK
6
CONTINUOUS
10
2.3453105905511809
20
1.0226101181102363
11
2.3454743307086612
21
1.0230490551181102
0
LINE
8
BLACK
6
CONTINUOUS
10
2.3454743307086612
20
1.0230490551181102
11
2.3473224015748029
21
1.0280038976377952
0
LINE
8
BLACK
6
CONTINUOUS
10
2.3473224015748029
20
1.0280038976377952
11
2.3473224409448816
21
1.0280040551181102
0
LINE
8
BLACK
6
CONTINUOUS
10
2.3473224409448816
20
1.0280040551181102
11
2.3475787007874014
21
1.0303877952755904
0
LINE
8
BLACK
6
CONTINUOUS
10
2.3475787007874014
20
1.0303877952755904
11
2.3475787401574801
21
1.030388464566929
0
LINE
8
BLACK
6
CONTINUOUS
10
2.3475787401574801
20
1.030388464566929
11
2.3475787401574801
21
1.0696114960629921
0
LINE
8
BLACK
6
CONTINUOUS
10
2.3475787401574801
20
1.0696114960629921
11
2.3475787007874014
21
1.0696121653543307
0
LINE
8
BLACK
6
CONTINUOUS
10
2.3475787007874014
20
1.0696121653543307
11
2.3473224409448816
21
1.0719959055118109
0
LINE
8
BLACK
6
CONTINUOUS
10
2.3473224409448816
20
1.0719959055118109
11
2.3473223622047246
21
1.0719962204724409
0
LINE
8
BLACK
6
CONTINUOUS
10
2.3473223622047246
20
1.0719962204724409
11
2.3462812598425198
21
1.0747874409448819
0
LINE
8
BLACK
6
CONTINUOUS
10
2.3462812598425198
20
1.0747874409448819
11
2.3453105905511809
21
1.0773899212598426
0
LINE
8
BLACK
6
CONTINUOUS
10
2.3453105905511809
20
1.0773899212598426
11
2.3447678740157478
21
1.0781148818897637
0
LINE
8
BLACK
6
CONTINUOUS
10
2.3447678740157478
20
1.0781148818897637
11
2.3418606692913384
21
1.0819984645669292
0
LINE
8
BLACK
6
CONTINUOUS
10
2.3418606692913384
20
1.0819984645669292
11
2.3372522440944881
21
1.0854483070866141
0
LINE
8
BLACK
6
CONTINUOUS
10
2.3372522440944881
20
1.0854483070866141
11
2.3372522047244093
21
1.0854483070866141
0
LINE
8
BLACK
6
CONTINUOUS
10
2.3372522047244093
20
1.0854483070866141
11
2.3372521259842518
21
1.0854483858267716
0
LINE
8
BLACK
6
CONTINUOUS
10
2.3372521259842518
20
1.0854483858267716
11
2.3318583070866139
21
1.0874601968503936
0
LINE
8
BLACK
6
CONTINUOUS
10
2.3318583070866139
20
1.0874601968503936
11
2.3318582283464568
21
1.0874601968503936
0
LINE
8
BLACK
6
CONTINUOUS
10
2.3318582283464568
20
1.0874601968503936
11
2.3318581102362206
21
1.0874602362204724
0
LINE
8
BLACK
6
CONTINUOUS
10
2.3318581102362206
20
1.0874602362204724
11
2.3294743700787399
21
1.0877164960629921
0
LINE
8
BLACK
6
CONTINUOUS
10
2.3294743700787399
20
1.0877164960629921
11
2.3294742125984254
21
1.0877164960629921
0
LINE
8
BLACK
6
CONTINUOUS
10
2.3294742125984254
20
1.0877164960629921
11
2.3294739370078741
21
1.0877165354330709
0
LINE
8
BLACK
6
CONTINUOUS
10
2.3294739370078741
20
1.0877165354330709
11
2.3294737007874016
21
1.0877165354330709
0
LINE
8
BLACK
6
CONTINUOUS
10
2.3294737007874016
20
1.0877165354330709
11
2.3174673228346454
21
1.0877165354330709
0
LINE
8
BLACK
6
CONTINUOUS
10
2.3174673228346454
20
1.0877165354330709
11
2.3147853937007872
21
1.0885040157480315
0
LINE
8
BLACK
6
CONTINUOUS
10
2.3147853937007872
20
1.0885040157480315
11
2.3129549606299213
21
1.0906164566929133
0
LINE
8
BLACK
6
CONTINUOUS
10
2.3129549606299213
20
1.0906164566929133
11
2.3125571653543306
21
1.0933831496062991
0
LINE
8
BLACK
6
CONTINUOUS
10
2.3125571653543306
20
1.0933831496062991
11
2.3134038188976378
21
1.0955224409448818
0
LINE
8
BLACK
6
CONTINUOUS
10
2.3134038188976378
20
1.0955224409448818
11
2.3170462204724407
21
1.1007243700787401
0
LINE
8
BLACK
6
CONTINUOUS
10
2.3170462204724407
20
1.1007243700787401
11
2.3206228346456692
21
1.1083944488188977
0
LINE
8
BLACK
6
CONTINUOUS
10
2.3206228346456692
20
1.1083944488188977
11
2.3206229133858267
21
1.1083946062992125
0
LINE
8
BLACK
6
CONTINUOUS
10
2.3206229133858267
20
1.1083946062992125
11
2.3228133070866139
21
1.1165692125984252
0
LINE
8
BLACK
6
CONTINUOUS
10
2.3228133070866139
20
1.1165692125984252
11
2.3235509055118109
21
1.125
0
LINE
8
BLACK
6
CONTINUOUS
10
2.3235509055118109
20
1.125
11
2.3228133070866139
21
1.1334307874015748
0
LINE
8
BLACK
6
CONTINUOUS
10
2.3228133070866139
20
1.1334307874015748
11
2.3206229133858267
21
1.1416053937007873
0
LINE
8
BLACK
6
CONTINUOUS
10
2.3206229133858267
20
1.1416053937007873
11
2.3170462992125982
21
1.1492754330708661
0
LINE
8
BLACK
6
CONTINUOUS
10
2.3170462992125982
20
1.1492754330708661
11
2.3170462204724407
21
1.1492755511811024
0
LINE
8
BLACK
6
CONTINUOUS
10
2.3170462204724407
20
1.1492755511811024
11
2.3121923228346457
21
1.156207716535433
0
LINE
8
BLACK
6
CONTINUOUS
10
2.3121923228346457
20
1.156207716535433
11
2.3121922047244095
21
1.1562078346456692
0
LINE
8
BLACK
6
CONTINUOUS
10
2.3121922047244095
20
1.1562078346456692
11
2.3121921653543307
21
1.1562079133858267
0
LINE
8
BLACK
6
CONTINUOUS
10
2.3121921653543307
20
1.1562079133858267
11
2.3062079133858266
21
1.1621921653543308
0
LINE
8
BLACK
6
CONTINUOUS
10
2.3062079133858266
20
1.1621921653543308
11
2.2992754724409448
21
1.1670462992125985
0
LINE
8
BLACK
6
CONTINUOUS
10
2.2992754724409448
20
1.1670462992125985
11
2.2916053937007872
21
1.1706229133858268
0
LINE
8
BLACK
6
CONTINUOUS
10
2.2916053937007872
20
1.1706229133858268
11
2.2834307874015747
21
1.1728133070866142
0
LINE
8
BLACK
6
CONTINUOUS
10
2.2834307874015747
20
1.1728133070866142
11
2.2749999999999999
21
1.173550905511811
0
LINE
8
BLACK
6
CONTINUOUS
10
2.2749999999999999
20
1.173550905511811
11
2.2665692125984251
21
1.1728133070866142
0
LINE
8
BLACK
6
CONTINUOUS
10
2.2665692125984251
20
1.1728133070866142
11
2.2583946062992126
21
1.1706229133858268
0
LINE
8
BLACK
6
CONTINUOUS
10
2.2583946062992126
20
1.1706229133858268
11
2.2513589763779529
21
1.167342125984252
0
LINE
8
BLACK
6
CONTINUOUS
10
2.2513589763779529
20
1.167342125984252
11
2.2507244094488188
21
1.167046220472441
0
LINE
8
BLACK
6
CONTINUOUS
10
2.2507244094488188
20
1.167046220472441
11
2.2437922440944882
21
1.1621923228346456
0
LINE
8
BLACK
6
CONTINUOUS
10
2.2437922440944882
20
1.1621923228346456
11
2.2437918503937007
21
1.162191968503937
0
LINE
8
BLACK
6
CONTINUOUS
10
2.2437918503937007
20
1.162191968503937
11
2.2378079921259841
21
1.1562081102362205
0
LINE
8
BLACK
6
CONTINUOUS
10
2.2378079921259841
20
1.1562081102362205
11
2.2378076377952754
21
1.156207716535433
0
LINE
8
BLACK
6
CONTINUOUS
10
2.2378076377952754
20
1.156207716535433
11
2.2329537401574804
21
1.1492755511811024
0
LINE
8
BLACK
6
CONTINUOUS
10
2.2329537401574804
20
1.1492755511811024
11
2.2294958661417321
21
1.1418600787401574
0
LINE
8
BLACK
6
CONTINUOUS
10
2.2294958661417321
20
1.1418600787401574
11
2.22764874015748
21
1.1397622440944881
0
LINE
8
BLACK
6
CONTINUOUS
10
2.22764874015748
20
1.1397622440944881
11
2.2249606299212599
21
1.1389960629921259
0
LINE
8
BLACK
6
CONTINUOUS
10
2.2249606299212599
20
1.1389960629921259
11
2.2222850787401573
21
1.1398048031496062
0
LINE
8
BLACK
6
CONTINUOUS
10
2.2222850787401573
20
1.1398048031496062
11
2.2205041338582676
21
1.1418600787401574
0
LINE
8
BLACK
6
CONTINUOUS
10
2.2205041338582676
20
1.1418600787401574
11
2.2170462992125985
21
1.1492754330708661
0
LINE
8
BLACK
6
CONTINUOUS
10
2.2170462992125985
20
1.1492754330708661
11
2.217046220472441
21
1.1492755511811024
0
LINE
8
BLACK
6
CONTINUOUS
10
2.217046220472441
20
1.1492755511811024
11
2.2121923228346456
21
1.156207716535433
0
LINE
8
BLACK
6
CONTINUOUS
10
2.2121923228346456
20
1.156207716535433
11
2.2121922047244094
21
1.1562078346456692
0
LINE
8
BLACK
6
CONTINUOUS
10
2.2121922047244094
20
1.1562078346456692
11
2.2121921653543306
21
1.1562079133858267
0
LINE
8
BLACK
6
CONTINUOUS
10
2.2121921653543306
20
1.1562079133858267
11
2.2062079133858266
21
1.1621921653543308
0
LINE
8
BLACK
6
CONTINUOUS
10
2.2062079133858266
20
1.1621921653543308
11
2.1992754724409447
21
1.1670462992125985
0
LINE
8
BLACK
6
CONTINUOUS
10
2.1992754724409447
20
1.1670462992125985
11
2.1916053937007876
21
1.1706229133858268
0
LINE
8
BLACK
6
CONTINUOUS
10
2.1916053937007876
20
1.1706229133858268
11
2.1845872047244095
21
1.1725034251968505
0
LINE
8
BLACK
6
CONTINUOUS
10
2.1845872047244095
20
1.1725034251968505
11
2.182363622047244
21
1.1737872440944881
0
LINE
8
BLACK
6
CONTINUOUS
10
2.182363622047244
20
1.1737872440944881
11
2.0639922047244093
21
1.2921587007874016
0
LINE
8
BLACK
6
CONTINUOUS
10
2.0639922047244093
20
1.2921587007874016
11
2.0626526771653544
21
1.2946118503937007
0
LINE
8
BLACK
6
CONTINUOUS
10
2.0626526771653544
20
1.2946118503937007
11
2.0625393307086615
21
1.2956662992125985
0
LINE
8
BLACK
6
CONTINUOUS
10
2.0625393307086615
20
1.2956662992125985
11
2.0625393307086615
21
1.3693410629921259
0
LINE
8
BLACK
6
CONTINUOUS
10
2.0625393307086615
20
1.3693410629921259
11
2.0625632283464568
21
1.3698272834645668
0
LINE
8
BLACK
6
CONTINUOUS
10
2.0625632283464568
20
1.3698272834645668
11
2.0627314566929131
21
1.37153531496063
0
LINE
8
BLACK
6
CONTINUOUS
10
2.0627314566929131
20
1.37153531496063
11
2.0627314566929131
21
1.3715356299212598
0
LINE
8
BLACK
6
CONTINUOUS
10
2.0627314566929131
20
1.3715356299212598
11
2.0619649212598423
21
1.379318622047244
0
LINE
8
BLACK
6
CONTINUOUS
10
2.0619649212598423
20
1.379318622047244
11
2.0619648818897636
21
1.3793186614173227
0
LINE
8
BLACK
6
CONTINUOUS
10
2.0619648818897636
20
1.3793186614173227
11
2.0619648818897636
21
1.3793189763779528
0
LINE
8
BLACK
6
CONTINUOUS
10
2.0619648818897636
20
1.3793189763779528
11
2.060369803149606
21
1.3845772047244094
0
LINE
8
BLACK
6
CONTINUOUS
10
2.060369803149606
20
1.3845772047244094
11
2.0596946456692913
21
1.3868028740157481
0
LINE
8
BLACK
6
CONTINUOUS
10
2.0596946456692913
20
1.3868028740157481
11
2.0596945669291338
21
1.3868029921259841
0
LINE
8
BLACK
6
CONTINUOUS
10
2.0596945669291338
20
1.3868029921259841
11
2.0596944881889763
21
1.3868033464566929
0
LINE
8
BLACK
6
CONTINUOUS
10
2.0596944881889763
20
1.3868033464566929
11
2.0579650393700786
21
1.3900389370078741
0
LINE
8
BLACK
6
CONTINUOUS
10
2.0579650393700786
20
1.3900389370078741
11
2.0560076377952754
21
1.3937009842519685
0
LINE
8
BLACK
6
CONTINUOUS
10
2.0560076377952754
20
1.3937009842519685
11
2.0510459448818898
21
1.399746811023622
0
LINE
8
BLACK
6
CONTINUOUS
10
2.0510459448818898
20
1.399746811023622
11
2.0497184251968505
21
1.4008362204724409
0
LINE
8
BLACK
6
CONTINUOUS
10
2.0497184251968505
20
1.4008362204724409
11
2.0493585826771654
21
1.4011623622047245
0
LINE
8
BLACK
6
CONTINUOUS
10
2.0493585826771654
20
1.4011623622047245
11
2.023996968503937
21
1.4265239763779527
0
LINE
8
BLACK
6
CONTINUOUS
10
2.023996968503937
20
1.4265239763779527
11
2.0236708267716534
21
1.4268838188976378
0
LINE
8
BLACK
6
CONTINUOUS
10
2.0236708267716534
20
1.4268838188976378
11
2.0225814173228347
21
1.4282113385826771
0
LINE
8
BLACK
6
CONTINUOUS
10
2.0225814173228347
20
1.4282113385826771
11
2.016535590551181
21
1.4331730314960629
0
LINE
8
BLACK
6
CONTINUOUS
10
2.016535590551181
20
1.4331730314960629
11
2.0096379527559054
21
1.4368598818897638
0
LINE
8
BLACK
6
CONTINUOUS
10
2.0096379527559054
20
1.4368598818897638
11
2.0093699606299213
21
1.4369411811023622
0
LINE
8
BLACK
6
CONTINUOUS
10
2.0093699606299213
20
1.4369411811023622
11
2.0021535826771655
21
1.4391302755905511
0
LINE
8
BLACK
6
CONTINUOUS
10
2.0021535826771655
20
1.4391302755905511
11
2.0021532677165355
21
1.4391302755905511
0
LINE
8
BLACK
6
CONTINUOUS
10
2.0021532677165355
20
1.4391302755905511
11
2.0021532283464567
21
1.4391303149606298
0
LINE
8
BLACK
6
CONTINUOUS
10
2.0021532283464567
20
1.4391303149606298
11
1.9943702362204725
21
1.4398968503937009
0
LINE
8
BLACK
6
CONTINUOUS
10
1.9943702362204725
20
1.4398968503937009
11
1.9943699606299212
21
1.4398968503937009
0
LINE
8
BLACK
6
CONTINUOUS
10
1.9943699606299212
20
1.4398968503937009
11
1.9926619291338583
21
1.4397286220472441
0
LINE
8
BLACK
6
CONTINUOUS
10
1.9926619291338583
20
1.4397286220472441
11
1.9921757086614174
21
1.4397047244094487
0
LINE
8
BLACK
6
CONTINUOUS
10
1.9921757086614174
20
1.4397047244094487
11
1.9752259055118109
21
1.4397047244094487
0
LINE
8
BLACK
6
CONTINUOUS
10
1.9752259055118109
20
1.4397047244094487
11
1.9725439763779526
21
1.4404922047244093
0
LINE
8
BLACK
6
CONTINUOUS
10
1.9725439763779526
20
1.4404922047244093
11
1.9712547244094487
21
1.4416925590551182
0
LINE
8
BLACK
6
CONTINUOUS
10
1.9712547244094487
20
1.4416925590551182
11
1.9693016141732282
21
1.4443016141732283
0
LINE
8
BLACK
6
CONTINUOUS
10
1.9693016141732282
20
1.4443016141732283
11
1.96699437007874
21
1.4460288188976378
0
LINE
8
BLACK
6
CONTINUOUS
10
1.96699437007874
20
1.4460288188976378
11
1.9653192913385826
21
1.4482664566929133
0
LINE
8
BLACK
6
CONTINUOUS
10
1.9653192913385826
20
1.4482664566929133
11
1.9651199212598425
21
1.4510544881889764
0
LINE
8
BLACK
6
CONTINUOUS
10
1.9651199212598425
20
1.4510544881889764
11
1.9664594881889763
21
1.4535077165354331
0
LINE
8
BLACK
6
CONTINUOUS
10
1.9664594881889763
20
1.4535077165354331
11
1.96699437007874
21
1.4539711811023621
0
LINE
8
BLACK
6
CONTINUOUS
10
1.96699437007874
20
1.4539711811023621
11
1.9693016141732282
21
1.4556983464566928
0
LINE
8
BLACK
6
CONTINUOUS
10
1.9693016141732282
20
1.4556983464566928
11
1.9727514566929134
21
1.4603067716535432
0
LINE
8
BLACK
6
CONTINUOUS
10
1.9727514566929134
20
1.4603067716535432
11
1.9727515354330709
21
1.4603069685039369
0
LINE
8
BLACK
6
CONTINUOUS
10
1.9727515354330709
20
1.4603069685039369
11
1.9747633070866142
21
1.4657005905511811
0
LINE
8
BLACK
6
CONTINUOUS
10
1.9747633070866142
20
1.4657005905511811
11
1.9747633858267717
21
1.4657009055118111
0
LINE
8
BLACK
6
CONTINUOUS
10
1.9747633858267717
20
1.4657009055118111
11
1.9750196456692912
21
1.4680846456692913
0
LINE
8
BLACK
6
CONTINUOUS
10
1.9750196456692912
20
1.4680846456692913
11
1.97501968503937
21
1.4680853149606299
0
LINE
8
BLACK
6
CONTINUOUS
10
1.97501968503937
20
1.4680853149606299
11
1.97501968503937
21
1.5319146456692914
0
LINE
8
BLACK
6
CONTINUOUS
10
1.97501968503937
20
1.5319146456692914
11
1.9750196456692912
21
1.5319153149606299
0
LINE
8
BLACK
6
CONTINUOUS
10
1.9750196456692912
20
1.5319153149606299
11
1.9747633858267717
21
1.5342990551181102
0
LINE
8
BLACK
6
CONTINUOUS
10
1.9747633858267717
20
1.5342990551181102
11
1.9747633070866142
21
1.5342993700787402
0
LINE
8
BLACK
6
CONTINUOUS
10
1.9747633070866142
20
1.5342993700787402
11
1.9729614566929135
21
1.5391302362204724
0
LINE
8
BLACK
6
CONTINUOUS
10
1.9729614566929135
20
1.5391302362204724
11
1.9727515354330709
21
1.5396930708661416
0
LINE
8
BLACK
6
CONTINUOUS
10
1.9727515354330709
20
1.5396930708661416
11
1.9727427952755905
21
1.5397047244094488
0
LINE
8
BLACK
6
CONTINUOUS
10
1.9727427952755905
20
1.5397047244094488
11
1.9693016141732282
21
1.5443016141732284
0
LINE
8
BLACK
6
CONTINUOUS
10
1.9693016141732282
20
1.5443016141732284
11
1.9646931889763779
21
1.5477514566929134
0
LINE
8
BLACK
6
CONTINUOUS
10
1.9646931889763779
20
1.5477514566929134
11
1.9646931496062991
21
1.5477514566929134
0
LINE
8
BLACK
6
CONTINUOUS
10
1.9646931496062991
20
1.5477514566929134
11
1.9646930708661416
21
1.5477515354330709
0
LINE
8
BLACK
6
CONTINUOUS
10
1.9646930708661416
20
1.5477515354330709
11
1.959299251968504
21
1.5497633464566929
0
LINE
8
BLACK
6
CONTINUOUS
10
1.959299251968504
20
1.5497633464566929
11
1.9592991732283465
21
1.5497633464566929
0
LINE
8
BLACK
6
CONTINUOUS
10
1.9592991732283465
20
1.5497633464566929
11
1.9592990551181102
21
1.5497633858267716
0
LINE
8
BLACK
6
CONTINUOUS
10
1.9592990551181102
20
1.5497633858267716
11
1.95691531496063
21
1.5500196456692914
0
LINE
8
BLACK
6
CONTINUOUS
10
1.95691531496063
20
1.5500196456692914
11
1.956915157480315
21
1.5500196456692914
0
LINE
8
BLACK
6
CONTINUOUS
10
1.956915157480315
20
1.5500196456692914
11
1.9569148818897637
21
1.5500196850393702
0
LINE
8
BLACK
6
CONTINUOUS
10
1.9569148818897637
20
1.5500196850393702
11
1.8930851181102362
21
1.5500196850393702
0
LINE
8
BLACK
6
CONTINUOUS
10
1.8930851181102362
20
1.5500196850393702
11
1.8930848425196849
21
1.5500196456692914
0
LINE
8
BLACK
6
CONTINUOUS
10
1.8930848425196849
20
1.5500196456692914
11
1.8930846456692914
21
1.5500196456692914
0
LINE
8
BLACK
6
CONTINUOUS
10
1.8930846456692914
20
1.5500196456692914
11
1.8907009055118109
21
1.5497633858267716
0
LINE
8
BLACK
6
CONTINUOUS
10
1.8907009055118109
20
1.5497633858267716
11
1.8907005905511811
21
1.5497633070866141
0
LINE
8
BLACK
6
CONTINUOUS
10
1.8907005905511811
20
1.5497633070866141
11
1.887632874015748
21
1.5486190551181103
0
LINE
8
BLACK
6
CONTINUOUS
10
1.887632874015748
20
1.5486190551181103
11
1.8853069291338582
21
1.5477515354330709
0
LINE
8
BLACK
6
CONTINUOUS
10
1.8853069291338582
20
1.5477515354330709
11
1.8853068503937007
21
1.5477514960629921
0
LINE
8
BLACK
6
CONTINUOUS
10
1.8853068503937007
20
1.5477514960629921
11
1.8853067716535432
21
1.5477514566929134
0
LINE
8
BLACK
6
CONTINUOUS
10
1.8853067716535432
20
1.5477514566929134
11
1.8806984645669291
21
1.5443016929133857
0
LINE
8
BLACK
6
CONTINUOUS
10
1.8806984645669291
20
1.5443016929133857
11
1.8806984251968504
21
1.5443016141732284
0
LINE
8
BLACK
6
CONTINUOUS
10
1.8806984251968504
20
1.5443016141732284
11
1.8806983858267716
21
1.5443016141732284
0
LINE
8
BLACK
6
CONTINUOUS
10
1.8806983858267716
20
1.5443016141732284
11
1.8789711023622047
21
1.5419942519685039
0
LINE
8
BLACK
6
CONTINUOUS
10
1.8789711023622047
20
1.5419942519685039
11
1.8767335826771654
21
1.5403192913385826
0
LINE
8
BLACK
6
CONTINUOUS
10
1.8767335826771654
20
1.5403192913385826
11
1.8739455511811023
21
1.5401198425196849
0
LINE
8
BLACK
6
CONTINUOUS
10
1.8739455511811023
20
1.5401198425196849
11
1.8714923228346456
21
1.5414594094488188
0
LINE
8
BLACK
6
CONTINUOUS
10
1.8714923228346456
20
1.5414594094488188
11
1.8710290551181101
21
1.5419939763779527
0
LINE
8
BLACK
6
CONTINUOUS
10
1.8710290551181101
20
1.5419939763779527
11
1.8693016141732284
21
1.5443016141732284
0
LINE
8
BLACK
6
CONTINUOUS
10
1.8693016141732284
20
1.5443016141732284
11
1.8646930708661418
21
1.5477515354330709
0
LINE
8
BLACK
6
CONTINUOUS
10
1.8646930708661418
20
1.5477515354330709
11
1.8592992519685039
21
1.5497633464566929
0
LINE
8
BLACK
6
CONTINUOUS
10
1.8592992519685039
20
1.5497633464566929
11
1.8592991732283464
21
1.5497633464566929
0
LINE
8
BLACK
6
CONTINUOUS
10
1.8592991732283464
20
1.5497633464566929
11
1.8592990551181101
21
1.5497633858267716
0
LINE
8
BLACK
6
CONTINUOUS
10
1.8592990551181101
20
1.5497633858267716
11
1.8569153149606299
21
1.5500196456692914
0
LINE
8
BLACK
6
CONTINUOUS
10
1.8569153149606299
20
1.5500196456692914
11
1.8569151574803149
21
1.5500196456692914
0
LINE
8
BLACK
6
CONTINUOUS
10
1.8569151574803149
20
1.5500196456692914
11
1.8569148818897638
21
1.5500196850393702
0
LINE
8
BLACK
6
CONTINUOUS
10
1.8569148818897638
20
1.5500196850393702
11
1.7930851181102361
21
1.5500196850393702
0
LINE
8
BLACK
6
CONTINUOUS
10
1.7930851181102361
20
1.5500196850393702
11
1.793084842519685
21
1.5500196456692914
0
LINE
8
BLACK
6
CONTINUOUS
10
1.793084842519685
20
1.5500196456692914
11
1.7930846456692913
21
1.5500196456692914
0
LINE
8
BLACK
6
CONTINUOUS
10
1.7930846456692913
20
1.5500196456692914
11
1.790700905511811
21
1.5497633858267716
0
LINE
8
BLACK
6
CONTINUOUS
10
1.790700905511811
20
1.5497633858267716
11
1.790700590551181
21
1.5497633070866141
0
LINE
8
BLACK
6
CONTINUOUS
10
1.790700590551181
20
1.5497633070866141
11
1.7876328740157479
21
1.5486190551181103
0
LINE
8
BLACK
6
CONTINUOUS
10
1.7876328740157479
20
1.5486190551181103
11
1.7853069291338581
21
1.5477515354330709
0
LINE
8
BLACK
6
CONTINUOUS
10
1.7853069291338581
20
1.5477515354330709
11
1.7853068503937009
21
1.5477514960629921
0
LINE
8
BLACK
6
CONTINUOUS
10
1.7853068503937009
20
1.5477514960629921
11
1.7853067716535433
21
1.5477514566929134
0
LINE
8
BLACK
6
CONTINUOUS
10
1.7853067716535433
20
1.5477514566929134
11
1.7806983464566928
21
1.5443016141732284
0
LINE
8
BLACK
6
CONTINUOUS
10
1.7806983464566928
20
1.5443016141732284
11
1.7787452755905511
21
1.541692559055118
0
LINE
8
BLACK
6
CONTINUOUS
10
1.7787452755905511
20
1.541692559055118
11
1.7765076771653543
21
1.5400175196850394
0
LINE
8
BLACK
6
CONTINUOUS
10
1.7765076771653543
20
1.5400175196850394
11
1.7747740944881889
21
1.5397047244094488
0
LINE
8
BLACK
6
CONTINUOUS
10
1.7747740944881889
20
1.5397047244094488
11
1.7665643307086614
21
1.5397047244094488
0
LINE
8
BLACK
6
CONTINUOUS
10
1.7665643307086614
20
1.5397047244094488
11
1.7660781496062992
21
1.5397285826771654
0
LINE
8
BLACK
6
CONTINUOUS
10
1.7660781496062992
20
1.5397285826771654
11
1.7654776377952754
21
1.5397877559055118
0
LINE
8
BLACK
6
CONTINUOUS
10
1.7654776377952754
20
1.5397877559055118
11
1.764370157480315
21
1.5398968503937007
0
LINE
8
BLACK
6
CONTINUOUS
10
1.764370157480315
20
1.5398968503937007
11
1.76437
21
1.5398968503937007
0
LINE
8
BLACK
6
CONTINUOUS
10
1.76437
20
1.5398968503937007
11
1.7630696062992126
21
1.5397687401574802
0
LINE
8
BLACK
6
CONTINUOUS
10
1.7630696062992126
20
1.5397687401574802
11
1.7624194094488188
21
1.5397047244094488
0
LINE
8
BLACK
6
CONTINUOUS
10
1.7624194094488188
20
1.5397047244094488
11
1.756586811023622
21
1.5391302755905512
0
LINE
8
BLACK
6
CONTINUOUS
10
1.756586811023622
20
1.5391302755905512
11
1.7565867322834645
21
1.5391302362204724
0
LINE
8
BLACK
6
CONTINUOUS
10
1.7565867322834645
20
1.5391302362204724
11
1.7565865748031495
21
1.5391302362204724
0
LINE
8
BLACK
6
CONTINUOUS
10
1.7565865748031495
20
1.5391302362204724
11
1.7491022047244094
21
1.5368598818897636
0
LINE
8
BLACK
6
CONTINUOUS
10
1.7491022047244094
20
1.5368598818897636
11
1.7422045669291337
21
1.533173031496063
0
LINE
8
BLACK
6
CONTINUOUS
10
1.7422045669291337
20
1.533173031496063
11
1.7361587401574803
21
1.5282113385826772
0
LINE
8
BLACK
6
CONTINUOUS
10
1.7361587401574803
20
1.5282113385826772
11
1.7351116535433071
21
1.5269354724409447
0
LINE
8
BLACK
6
CONTINUOUS
10
1.7351116535433071
20
1.5269354724409447
11
1.7350695275590551
21
1.5268841338582677
0
LINE
8
BLACK
6
CONTINUOUS
10
1.7350695275590551
20
1.5268841338582677
11
1.7347425984251967
21
1.526523464566929
0
LINE
8
BLACK
6
CONTINUOUS
10
1.7347425984251967
20
1.526523464566929
11
1.6474920472440944
21
1.4392729133858266
0
LINE
8
BLACK
6
CONTINUOUS
10
1.6474920472440944
20
1.4392729133858266
11
1.6471318503937007
21
1.4389464173228346
0
LINE
8
BLACK
6
CONTINUOUS
10
1.6471318503937007
20
1.4389464173228346
11
1.6458044094488189
21
1.4378570078740158
0
LINE
8
BLACK
6
CONTINUOUS
10
1.6458044094488189
20
1.4378570078740158
11
1.6426220866141732
21
1.4339793700787402
0
LINE
8
BLACK
6
CONTINUOUS
10
1.6426220866141732
20
1.4339793700787402
11
1.6408426377952756
21
1.4318111023622047
0
LINE
8
BLACK
6
CONTINUOUS
10
1.6408426377952756
20
1.4318111023622047
11
1.6395832283464566
21
1.4294548425196849
0
LINE
8
BLACK
6
CONTINUOUS
10
1.6395832283464566
20
1.4294548425196849
11
1.6395832283464566
21
1.4294548031496062
0
LINE
8
BLACK
6
CONTINUOUS
10
1.6395832283464566
20
1.4294548031496062
11
1.6371558661417323
21
1.4249135826771653
0
LINE
8
BLACK
6
CONTINUOUS
10
1.6371558661417323
20
1.4249135826771653
11
1.6371558267716535
21
1.4249135039370078
0
LINE
8
BLACK
6
CONTINUOUS
10
1.6371558267716535
20
1.4249135039370078
11
1.634885472440945
21
1.4174292913385826
0
LINE
8
BLACK
6
CONTINUOUS
10
1.634885472440945
20
1.4174292913385826
11
1.6348853937007874
21
1.4174288188976378
0
LINE
8
BLACK
6
CONTINUOUS
10
1.6348853937007874
20
1.4174288188976378
11
1.6341188976377952
21
1.4096458267716536
0
LINE
8
BLACK
6
CONTINUOUS
10
1.6341188976377952
20
1.4096458267716536
11
1.6341188976377952
21
1.4096455118110236
0
LINE
8
BLACK
6
CONTINUOUS
10
1.6341188976377952
20
1.4096455118110236
11
1.634287125984252
21
1.4079374803149607
0
LINE
8
BLACK
6
CONTINUOUS
10
1.634287125984252
20
1.4079374803149607
11
1.6343110236220473
21
1.4074512598425197
0
LINE
8
BLACK
6
CONTINUOUS
10
1.6343110236220473
20
1.4074512598425197
11
1.6343110236220473
21
1.395255905511811
0
LINE
8
BLACK
6
CONTINUOUS
10
1.6343110236220473
20
1.395255905511811
11
1.6335235433070865
21
1.3925739763779528
0
LINE
8
BLACK
6
CONTINUOUS
10
1.6335235433070865
20
1.3925739763779528
11
1.6314111023622047
21
1.3907435433070865
0
LINE
8
BLACK
6
CONTINUOUS
10
1.6314111023622047
20
1.3907435433070865
11
1.6293503937007874
21
1.3902952755905511
0
LINE
8
BLACK
6
CONTINUOUS
10
1.6293503937007874
20
1.3902952755905511
11
1.6268252755905512
21
1.3902952755905511
0
LINE
8
BLACK
6
CONTINUOUS
10
1.6268252755905512
20
1.3902952755905511
11
1.626825
21
1.3902952362204724
0
LINE
8
BLACK
6
CONTINUOUS
10
1.626825
20
1.3902952362204724
11
1.6268248031496062
21
1.3902952362204724
0
LINE
8
BLACK
6
CONTINUOUS
10
1.6268248031496062
20
1.3902952362204724
11
1.624441062992126
21
1.3900389763779528
0
LINE
8
BLACK
6
CONTINUOUS
10
1.624441062992126
20
1.3900389763779528
11
1.624440748031496
21
1.3900388976377953
0
LINE
8
BLACK
6
CONTINUOUS
10
1.624440748031496
20
1.3900388976377953
11
1.621373031496063
21
1.3888946456692912
0
LINE
8
BLACK
6
CONTINUOUS
10
1.621373031496063
20
1.3888946456692912
11
1.6190470866141733
21
1.388027125984252
0
LINE
8
BLACK
6
CONTINUOUS
10
1.6190470866141733
20
1.388027125984252
11
1.6190470078740158
21
1.3880270866141733
0
LINE
8
BLACK
6
CONTINUOUS
10
1.6190470078740158
20
1.3880270866141733
11
1.6190469291338583
21
1.3880270472440945
0
LINE
8
BLACK
6
CONTINUOUS
10
1.6190469291338583
20
1.3880270472440945
11
1.6144385039370079
21
1.3845772047244094
0
LINE
8
BLACK
6
CONTINUOUS
10
1.6144385039370079
20
1.3845772047244094
11
1.6109886614173228
21
1.379968779527559
0
LINE
8
BLACK
6
CONTINUOUS
10
1.6109886614173228
20
1.379968779527559
11
1.6109885826771653
21
1.3799685826771653
0
LINE
8
BLACK
6
CONTINUOUS
10
1.6109885826771653
20
1.3799685826771653
11
1.608976811023622
21
1.3745749606299211
0
LINE
8
BLACK
6
CONTINUOUS
10
1.608976811023622
20
1.3745749606299211
11
1.6089767322834645
21
1.3745746456692913
0
LINE
8
BLACK
6
CONTINUOUS
10
1.6089767322834645
20
1.3745746456692913
11
1.6087204724409447
21
1.3721909055118109
0
LINE
8
BLACK
6
CONTINUOUS
10
1.6087204724409447
20
1.3721909055118109
11
1.6087204724409447
21
1.2778090551181103
0
LINE
8
BLACK
6
CONTINUOUS
10
1.6087204724409447
20
1.2778090551181103
11
1.6089767322834645
21
1.2754253149606298
0
LINE
8
BLACK
6
CONTINUOUS
10
1.6089767322834645
20
1.2754253149606298
11
1.608976811023622
21
1.275425
0
LINE
8
BLACK
6
CONTINUOUS
10
1.608976811023622
20
1.275425
11
1.6109885826771653
21
1.2700313779527559
0
LINE
8
BLACK
6
CONTINUOUS
10
1.6109885826771653
20
1.2700313779527559
11
1.6109886614173228
21
1.2700311811023621
0
LINE
8
BLACK
6
CONTINUOUS
10
1.6109886614173228
20
1.2700311811023621
11
1.6144385039370079
21
1.2654227559055118
0
LINE
8
BLACK
6
CONTINUOUS
10
1.6144385039370079
20
1.2654227559055118
11
1.6190469291338583
21
1.2619729133858268
0
LINE
8
BLACK
6
CONTINUOUS
10
1.6190469291338583
20
1.2619729133858268
11
1.6190471259842518
21
1.2619728346456693
0
LINE
8
BLACK
6
CONTINUOUS
10
1.6190471259842518
20
1.2619728346456693
11
1.624440748031496
21
1.2599610629921258
0
LINE
8
BLACK
6
CONTINUOUS
10
1.624440748031496
20
1.2599610629921258
11
1.624441062992126
21
1.2599609842519686
0
LINE
8
BLACK
6
CONTINUOUS
10
1.624441062992126
20
1.2599609842519686
11
1.6268248031496062
21
1.2597047244094488
0
LINE
8
BLACK
6
CONTINUOUS
10
1.6268248031496062
20
1.2597047244094488
11
1.6268252755905512
21
1.2597047244094488
0
LINE
8
BLACK
6
CONTINUOUS
10
1.6268252755905512
20
1.2597047244094488
11
1.6811053543307086
21
1.2597047244094488
0
LINE
8
BLACK
6
CONTINUOUS
10
1.6811053543307086
20
1.2597047244094488
11
1.6837872834645669
21
1.2589172440944882
0
LINE
8
BLACK
6
CONTINUOUS
10
1.6837872834645669
20
1.2589172440944882
11
1.684613031496063
21
1.2582517716535433
0
LINE
8
BLACK
6
CONTINUOUS
10
1.684613031496063
20
1.2582517716535433
11
1.8443883070866141
21
1.0984764173228345
0
LINE
8
BLACK
6
CONTINUOUS
10
1.8443883070866141
20
1.0984764173228345
11
1.8447151574803149
21
1.0981158267716535
0
LINE
8
BLACK
6
CONTINUOUS
10
1.8447151574803149
20
1.0981158267716535
11
1.8458043307086613
21
1.0967886614173228
0
LINE
8
BLACK
6
CONTINUOUS
10
1.8458043307086613
20
1.0967886614173228
11
1.8518501968503938
21
1.091826968503937
0
LINE
8
BLACK
6
CONTINUOUS
10
1.8518501968503938
20
1.091826968503937
11
1.8587478740157479
21
1.0881400787401574
0
LINE
8
BLACK
6
CONTINUOUS
10
1.8587478740157479
20
1.0881400787401574
11
1.8587479527559054
21
1.0881400393700786
0
LINE
8
BLACK
6
CONTINUOUS
10
1.8587479527559054
20
1.0881400393700786
11
1.8598427952755905
21
1.0878079133858267
0
LINE
8
BLACK
6
CONTINUOUS
10
1.8598427952755905
20
1.0878079133858267
11
1.859843188976378
21
1.0878078346456692
0
LINE
8
BLACK
6
CONTINUOUS
10
1.859843188976378
20
1.0878078346456692
11
1.8598432677165353
21
1.0878078346456692
0
LINE
8
BLACK
6
CONTINUOUS
10
1.8598432677165353
20
1.0878078346456692
11
1.8625387401574802
21
1.0869901574803149
0
LINE
8
BLACK
6
CONTINUOUS
10
1.8625387401574802
20
1.0869901574803149
11
1.8662322047244093
21
1.0858697244094488
0
LINE
8
BLACK
6
CONTINUOUS
10
1.8662322047244093
20
1.0858697244094488
11
1.8662325196850393
21
1.0858696456692913
0
LINE
8
BLACK
6
CONTINUOUS
10
1.8662325196850393
20
1.0858696456692913
11
1.8683209055118111
21
1.0856639763779528
0
LINE
8
BLACK
6
CONTINUOUS
10
1.8683209055118111
20
1.0856639763779528
11
1.8709127165354331
21
1.0846174015748031
0
LINE
8
BLACK
6
CONTINUOUS
10
1.8709127165354331
20
1.0846174015748031
11
1.8725272440944882
21
1.0823357480314961
0
LINE
8
BLACK
6
CONTINUOUS
10
1.8725272440944882
20
1.0823357480314961
11
1.872795275590551
21
1.0807272440944882
0
LINE
8
BLACK
6
CONTINUOUS
10
1.872795275590551
20
1.0807272440944882
11
1.872795275590551
21
1.027194251968504
0
LINE
8
BLACK
6
CONTINUOUS
10
1.872795275590551
20
1.027194251968504
11
1.8727713779527559
21
1.0267079921259843
0
LINE
8
BLACK
6
CONTINUOUS
10
1.8727713779527559
20
1.0267079921259843
11
1.8726031496062991
21
1.0250000393700787
0
LINE
8
BLACK
6
CONTINUOUS
10
1.8726031496062991
20
1.0250000393700787
11
1.8726031496062991
21
1.0249999212598424
0
LINE
8
BLACK
6
CONTINUOUS
10
1.8726031496062991
20
1.0249999212598424
11
1.8727713779527559
21
1.023291968503937
0
LINE
8
BLACK
6
CONTINUOUS
10
1.8727713779527559
20
1.023291968503937
11
1.872795275590551
21
1.0228057086614173
0
LINE
8
BLACK
6
CONTINUOUS
10
1.872795275590551
20
1.0228057086614173
11
1.872795275590551
21
0.9696653543307087
0
LINE
8
BLACK
6
CONTINUOUS
10
1.872795275590551
20
0.9696653543307087
11
1.8720077952755905
21
0.9669834251968503
0
LINE
8
BLACK
6
CONTINUOUS
10
1.8720077952755905
20
0.9669834251968503
11
1.8698953543307086
21
0.9651529921259843
0
LINE
8
BLACK
6
CONTINUOUS
10
1.8698953543307086
20
0.9651529921259843
11
1.8678346456692914
21
0.9647047244094488
0
LINE
8
BLACK
6
CONTINUOUS
10
1.8678346456692914
20
0.9647047244094488
11
1.8646943700787402
21
0.9647047244094488
0
LINE
8
BLACK
6
CONTINUOUS
10
1.8646943700787402
20
0.9647047244094488
11
1.8642081496062992
21
0.9647286220472441
0
LINE
8
BLACK
6
CONTINUOUS
10
1.8642081496062992
20
0.9647286220472441
11
1.8625001181102361
21
0.9648968503937008
0
LINE
8
BLACK
6
CONTINUOUS
10
1.8625001181102361
20
0.9648968503937008
11
1.862499842519685
21
0.9648968503937008
0
LINE
8
BLACK
6
CONTINUOUS
10
1.862499842519685
20
0.9648968503937008
11
1.8547168110236221
21
0.96413031496063
0
LINE
8
BLACK
6
CONTINUOUS
10
1.8547168110236221
20
0.96413031496063
11
1.8547166535433071
21
0.9641302755905512
0
LINE
8
BLACK
6
CONTINUOUS
10
1.8547166535433071
20
0.9641302755905512
11
1.854716496062992
21
0.9641302755905512
0
LINE
8
BLACK
6
CONTINUOUS
10
1.854716496062992
20
0.9641302755905512
11
1.8547163779527558
21
0.9641302362204724
0
LINE
8
BLACK
6
CONTINUOUS
10
1.8547163779527558
20
0.9641302362204724
11
1.854716338582677
21
0.9641302362204724
0
LINE
8
BLACK
6
CONTINUOUS
10
1.854716338582677
20
0.9641302362204724
11
1.8519848031496062
21
0.9633016141732283
0
LINE
8
BLACK
6
CONTINUOUS
10
1.8519848031496062
20
0.9633016141732283
11
1.8472321259842519
21
0.9618598818897638
0
LINE
8
BLACK
6
CONTINUOUS
10
1.8472321259842519
20
0.9618598818897638
11
1.8403344881889763
21
0.9581730314960629
0
LINE
8
BLACK
6
CONTINUOUS
10
1.8403344881889763
20
0.9581730314960629
11
1.8342886614173228
21
0.9532113385826771
0
LINE
8
BLACK
6
CONTINUOUS
10
1.8342886614173228
20
0.9532113385826771
11
1.8332415748031496
21
0.9519354724409449
0
LINE
8
BLACK
6
CONTINUOUS
10
1.8332415748031496
20
0.9519354724409449
11
1.8331994488188976
21
0.9518841338582676
0
LINE
8
BLACK
6
CONTINUOUS
10
1.8331994488188976
20
0.9518841338582676
11
1.8328725196850393
21
0.9515234645669292
0
LINE
8
BLACK
6
CONTINUOUS
10
1.8328725196850393
20
0.9515234645669292
11
1.7725067322834644
21
0.8911576771653543
0
LINE
8
BLACK
6
CONTINUOUS
10
1.7725067322834644
20
0.8911576771653543
11
1.7700535039370078
21
0.8898180708661417
0
LINE
8
BLACK
6
CONTINUOUS
10
1.7700535039370078
20
0.8898180708661417
11
1.7689990551181103
21
0.8897047244094488
0
LINE
8
BLACK
6
CONTINUOUS
10
1.7689990551181103
20
0.8897047244094488
11
1.7646943700787401
21
0.8897047244094488
0
LINE
8
BLACK
6
CONTINUOUS
10
1.7646943700787401
20
0.8897047244094488
11
1.7642081496062991
21
0.8897286220472441
0
LINE
8
BLACK
6
CONTINUOUS
10
1.7642081496062991
20
0.8897286220472441
11
1.7625001181102362
21
0.8898968503937008
0
LINE
8
BLACK
6
CONTINUOUS
10
1.7625001181102362
20
0.8898968503937008
11
1.7624998818897637
21
0.8898968503937008
0
LINE
8
BLACK
6
CONTINUOUS
10
1.7624998818897637
20
0.8898968503937008
11
1.7607918503937008
21
0.8897286220472441
0
LINE
8
BLACK
6
CONTINUOUS
10
1.7607918503937008
20
0.8897286220472441
11
1.7603056299212598
21
0.8897047244094488
0
LINE
8
BLACK
6
CONTINUOUS
10
1.7603056299212598
20
0.8897047244094488
11
1.7393503937007873
21
0.8897047244094488
0
LINE
8
BLACK
6
CONTINUOUS
10
1.7393503937007873
20
0.8897047244094488
11
1.736668464566929
21
0.8904922047244094
0
LINE
8
BLACK
6
CONTINUOUS
10
1.736668464566929
20
0.8904922047244094
11
1.734838031496063
21
0.8926046456692913
0
LINE
8
BLACK
6
CONTINUOUS
10
1.734838031496063
20
0.8926046456692913
11
1.7343897637795276
21
0.8946653543307086
0
LINE
8
BLACK
6
CONTINUOUS
10
1.7343897637795276
20
0.8946653543307086
11
1.7343897637795276
21
0.9412847244094488
0
LINE
8
BLACK
6
CONTINUOUS
10
1.7343897637795276
20
0.9412847244094488
11
1.7343897244094488
21
0.9412853937007873
0
LINE
8
BLACK
6
CONTINUOUS
10
1.7343897244094488
20
0.9412853937007873
11
1.7341334645669291
21
0.9436691338582677
0
LINE
8
BLACK
6
CONTINUOUS
10
1.7341334645669291
20
0.9436691338582677
11
1.7341333858267716
21
0.9436694488188976
0
LINE
8
BLACK
6
CONTINUOUS
10
1.7341333858267716
20
0.9436694488188976
11
1.7334047637795276
21
0.9456229133858267
0
LINE
8
BLACK
6
CONTINUOUS
10
1.7334047637795276
20
0.9456229133858267
11
1.7321216141732283
21
0.9490631496062992
0
LINE
8
BLACK
6
CONTINUOUS
10
1.7321216141732283
20
0.9490631496062992
11
1.7307350787401574
21
0.9509153149606299
0
LINE
8
BLACK
6
CONTINUOUS
10
1.7307350787401574
20
0.9509153149606299
11
1.7286716929133858
21
0.9536716929133858
0
LINE
8
BLACK
6
CONTINUOUS
10
1.7286716929133858
20
0.9536716929133858
11
1.7240632677165353
21
0.9571215354330709
0
LINE
8
BLACK
6
CONTINUOUS
10
1.7240632677165353
20
0.9571215354330709
11
1.7240632283464568
21
0.9571215354330709
0
LINE
8
BLACK
6
CONTINUOUS
10
1.7240632283464568
20
0.9571215354330709
11
1.7240631496062993
21
0.9571216141732283
0
LINE
8
BLACK
6
CONTINUOUS
10
1.7240631496062993
20
0.9571216141732283
11
1.7186693307086613
21
0.9591334251968504
0
LINE
8
BLACK
6
CONTINUOUS
10
1.7186693307086613
20
0.9591334251968504
11
1.7186692519685038
21
0.9591334251968504
0
LINE
8
BLACK
6
CONTINUOUS
10
1.7186692519685038
20
0.9591334251968504
11
1.7186691338582676
21
0.9591334645669292
0
LINE
8
BLACK
6
CONTINUOUS
10
1.7186691338582676
20
0.9591334645669292
11
1.7162853937007874
21
0.9593897244094488
0
LINE
8
BLACK
6
CONTINUOUS
10
1.7162853937007874
20
0.9593897244094488
11
1.7162852362204724
21
0.9593897244094488
0
LINE
8
BLACK
6
CONTINUOUS
10
1.7162852362204724
20
0.9593897244094488
11
1.7162849606299213
21
0.9593897637795276
0
LINE
8
BLACK
6
CONTINUOUS
10
1.7162849606299213
20
0.9593897637795276
11
1.6337150393700788
21
0.9593897637795276
0
LINE
8
BLACK
6
CONTINUOUS
10
1.6337150393700788
20
0.9593897637795276
11
1.6337147637795275
21
0.9593897244094488
0
LINE
8
BLACK
6
CONTINUOUS
10
1.6337147637795275
20
0.9593897244094488
11
1.6337145669291337
21
0.9593897244094488
0
LINE
8
BLACK
6
CONTINUOUS
10
1.6337145669291337
20
0.9593897244094488
11
1.6313308267716535
21
0.9591334645669292
0
LINE
8
BLACK
6
CONTINUOUS
10
1.6313308267716535
20
0.9591334645669292
11
1.6313305118110235
21
0.9591333858267717
0
LINE
8
BLACK
6
CONTINUOUS
10
1.6313305118110235
20
0.9591333858267717
11
1.6287557874015748
21
0.9581730314960629
0
LINE
8
BLACK
6
CONTINUOUS
10
1.6287557874015748
20
0.9581730314960629
11
1.6259368503937008
21
0.9571216141732283
0
LINE
8
BLACK
6
CONTINUOUS
10
1.6259368503937008
20
0.9571216141732283
11
1.6259367716535433
21
0.9571215748031496
0
LINE
8
BLACK
6
CONTINUOUS
10
1.6259367716535433
20
0.9571215748031496
11
1.6259366929133858
21
0.9571215354330709
0
LINE
8
BLACK
6
CONTINUOUS
10
1.6259366929133858
20
0.9571215354330709
11
1.6213282677165355
21
0.9536716929133858
0
LINE
8
BLACK
6
CONTINUOUS
10
1.6213282677165355
20
0.9536716929133858
11
1.6178784251968503
21
0.9490632677165354
0
LINE
8
BLACK
6
CONTINUOUS
10
1.6178784251968503
20
0.9490632677165354
11
1.6178783464566928
21
0.9490630708661417
0
LINE
8
BLACK
6
CONTINUOUS
10
1.6178783464566928
20
0.9490630708661417
11
1.6158665748031495
21
0.9436694488188976
0
LINE
8
BLACK
6
CONTINUOUS
10
1.6158665748031495
20
0.9436694488188976
11
1.615866496062992
21
0.9436691338582677
0
LINE
8
BLACK
6
CONTINUOUS
10
1.615866496062992
20
0.9436691338582677
11
1.6157876377952756
21
0.9429351968503937
0
LINE
8
BLACK
6
CONTINUOUS
10
1.6157876377952756
20
0.9429351968503937
11
1.6147180708661417
21
0.9403527952755906
0
LINE
8
BLACK
6
CONTINUOUS
10
1.6147180708661417
20
0.9403527952755906
11
1.6124221259842519
21
0.938758622047244
0
LINE
8
BLACK
6
CONTINUOUS
10
1.6124221259842519
20
0.938758622047244
11
1.6108554330708662
21
0.9385047244094488
0
LINE
8
BLACK
6
CONTINUOUS
10
1.6108554330708662
20
0.9385047244094488
11
1.5991803149606298
21
0.9385047244094488
0
LINE
8
BLACK
6
CONTINUOUS
10
1.5991803149606298
20
0.9385047244094488
11
1.5964983858267716
21
0.9392922047244094
0
LINE
8
BLACK
6
CONTINUOUS
10
1.5964983858267716
20
0.9392922047244094
11
1.5946679527559056
21
0.9414046456692913
0
LINE
8
BLACK
6
CONTINUOUS
10
1.5946679527559056
20
0.9414046456692913
11
1.5942196850393699
21
0.9434653543307087
0
LINE
8
BLACK
6
CONTINUOUS
10
1.5942196850393699
20
0.9434653543307087
11
1.5942196850393699
21
0.9509146456692913
0
LINE
8
BLACK
6
CONTINUOUS
10
1.5942196850393699
20
0.9509146456692913
11
1.5942196456692912
21
0.9509153149606299
0
LINE
8
BLACK
6
CONTINUOUS
10
1.5942196456692912
20
0.9509153149606299
11
1.5939633858267717
21
0.9532990551181102
0
LINE
8
BLACK
6
CONTINUOUS
10
1.5939633858267717
20
0.9532990551181102
11
1.5939633070866142
21
0.9532993700787401
0
LINE
8
BLACK
6
CONTINUOUS
10
1.5939633070866142
20
0.9532993700787401
11
1.5936866141732282
21
0.9540411417322835
0
LINE
8
BLACK
6
CONTINUOUS
10
1.5936866141732282
20
0.9540411417322835
11
1.5919515354330709
21
0.9586930708661417
0
LINE
8
BLACK
6
CONTINUOUS
10
1.5919515354330709
20
0.9586930708661417
11
1.5895808661417323
21
0.9618598818897638
0
LINE
8
BLACK
6
CONTINUOUS
10
1.5895808661417323
20
0.9618598818897638
11
1.5885016141732282
21
0.9633016141732283
0
LINE
8
BLACK
6
CONTINUOUS
10
1.5885016141732282
20
0.9633016141732283
11
1.5838931889763779
21
0.9667514566929134
0
LINE
8
BLACK
6
CONTINUOUS
10
1.5838931889763779
20
0.9667514566929134
11
1.5838931496062991
21
0.9667514566929134
0
LINE
8
BLACK
6
CONTINUOUS
10
1.5838931496062991
20
0.9667514566929134
11
1.5838930708661416
21
0.9667515354330708
0
LINE
8
BLACK
6
CONTINUOUS
10
1.5838930708661416
20
0.9667515354330708
11
1.5784992519685039
21
0.9687633464566929
0
LINE
8
BLACK
6
CONTINUOUS
10
1.5784992519685039
20
0.9687633464566929
11
1.5784991732283464
21
0.9687633464566929
0
LINE
8
BLACK
6
CONTINUOUS
10
1.5784991732283464
20
0.9687633464566929
11
1.5784990551181102
21
0.9687633858267717
0
LINE
8
BLACK
6
CONTINUOUS
10
1.5784990551181102
20
0.9687633858267717
11
1.57611531496063
21
0.9690196456692913
0
LINE
8
BLACK
6
CONTINUOUS
10
1.57611531496063
20
0.9690196456692913
11
1.5761151574803149
21
0.9690196456692913
0
LINE
8
BLACK
6
CONTINUOUS
10
1.5761151574803149
20
0.9690196456692913
11
1.5761148818897637
21
0.9690196850393701
0
LINE
8
BLACK
6
CONTINUOUS
10
1.5761148818897637
20
0.9690196850393701
11
1.4738851181102361
21
0.9690196850393701
0
LINE
8
BLACK
6
CONTINUOUS
10
1.4738851181102361
20
0.9690196850393701
11
1.4738848425196851
21
0.9690196456692913
0
LINE
8
BLACK
6
CONTINUOUS
10
1.4738848425196851
20
0.9690196456692913
11
1.4738846456692913
21
0.9690196456692913
0
LINE
8
BLACK
6
CONTINUOUS
10
1.4738846456692913
20
0.9690196456692913
11
1.4715009055118109
21
0.9687633858267717
0
LINE
8
BLACK
6
CONTINUOUS
10
1.4715009055118109
20
0.9687633858267717
11
1.4715005905511811
21
0.9687633070866142
0
LINE
8
BLACK
6
CONTINUOUS
10
1.4715005905511811
20
0.9687633070866142
11
1.468432874015748
21
0.9676190551181102
0
LINE
8
BLACK
6
CONTINUOUS
10
1.468432874015748
20
0.9676190551181102
11
1.4661069291338582
21
0.9667515354330708
0
LINE
8
BLACK
6
CONTINUOUS
10
1.4661069291338582
20
0.9667515354330708
11
1.4661068503937007
21
0.9667514960629922
0
LINE
8
BLACK
6
CONTINUOUS
10
1.4661068503937007
20
0.9667514960629922
11
1.4661067716535432
21
0.9667514566929134
0
LINE
8
BLACK
6
CONTINUOUS
10
1.4661067716535432
20
0.9667514566929134
11
1.4614983464566929
21
0.9633016141732283
0
LINE
8
BLACK
6
CONTINUOUS
10
1.4614983464566929
20
0.9633016141732283
11
1.4580485039370079
21
0.9586931889763779
0
LINE
8
BLACK
6
CONTINUOUS
10
1.4580485039370079
20
0.9586931889763779
11
1.4580484251968504
21
0.9586929921259842
0
LINE
8
BLACK
6
CONTINUOUS
10
1.4580484251968504
20
0.9586929921259842
11
1.4560366535433071
21
0.9532993700787401
0
LINE
8
BLACK
6
CONTINUOUS
10
1.4560366535433071
20
0.9532993700787401
11
1.4560365748031496
21
0.9532990551181102
0
LINE
8
BLACK
6
CONTINUOUS
10
1.4560365748031496
20
0.9532990551181102
11
1.4557803149606299
21
0.9509153149606299
0
LINE
8
BLACK
6
CONTINUOUS
10
1.4557803149606299
20
0.9509153149606299
11
1.4557803149606299
21
0.9434653543307087
0
LINE
8
BLACK
6
CONTINUOUS
10
1.4557803149606299
20
0.9434653543307087
11
1.4549928346456693
21
0.9407834251968503
0
LINE
8
BLACK
6
CONTINUOUS
10
1.4549928346456693
20
0.9407834251968503
11
1.4528803937007875
21
0.9389529921259843
0
LINE
8
BLACK
6
CONTINUOUS
10
1.4528803937007875
20
0.9389529921259843
11
1.45081968503937
21
0.9385047244094488
0
LINE
8
BLACK
6
CONTINUOUS
10
1.45081968503937
20
0.9385047244094488
11
1.1005814566929133
21
0.9385047244094488
0
LINE
8
BLACK
6
CONTINUOUS
10
1.1005814566929133
20
0.9385047244094488
11
1.0991414173228347
21
0.9387183464566929
0
LINE
8
BLACK
6
CONTINUOUS
10
1.0991414173228347
20
0.9387183464566929
11
1.0977835039370079
21
0.9391302755905512
0
LINE
8
BLACK
6
CONTINUOUS
10
1.0977835039370079
20
0.9391302755905512
11
1.0977831496062991
21
0.9391302755905512
0
LINE
8
BLACK
6
CONTINUOUS
10
1.0977831496062991
20
0.9391302755905512
11
1.0977831496062991
21
0.9391303149606299
0
LINE
8
BLACK
6
CONTINUOUS
10
1.0977831496062991
20
0.9391303149606299
11
1.0900001574803149
21
0.9398968503937007
0
LINE
8
BLACK
6
CONTINUOUS
10
1.0900001574803149
20
0.9398968503937007
11
1.0899998425196851
21
0.9398968503937007
0
LINE
8
BLACK
6
CONTINUOUS
10
1.0899998425196851
20
0.9398968503937007
11
1.0822168110236221
21
0.9391303149606299
0
LINE
8
BLACK
6
CONTINUOUS
10
1.0822168110236221
20
0.9391303149606299
11
1.0822166535433071
21
0.9391302755905512
0
LINE
8
BLACK
6
CONTINUOUS
10
1.0822166535433071
20
0.9391302755905512
11
1.0822164960629921
21
0.9391302755905512
0
LINE
8
BLACK
6
CONTINUOUS
10
1.0822164960629921
20
0.9391302755905512
11
1.0822163779527558
21
0.9391302362204724
0
LINE
8
BLACK
6
CONTINUOUS
10
1.0822163779527558
20
0.9391302362204724
11
1.0822163385826771
21
0.9391302362204724
0
LINE
8
BLACK
6
CONTINUOUS
10
1.0822163385826771
20
0.9391302362204724
11
1.0758268503937007
21
0.9371919685039369
0
LINE
8
BLACK
6
CONTINUOUS
10
1.0758268503937007
20
0.9371919685039369
11
1.0747321259842519
21
0.9368598818897638
0
LINE
8
BLACK
6
CONTINUOUS
10
1.0747321259842519
20
0.9368598818897638
11
1.0678345275590551
21
0.933173031496063
0
LINE
8
BLACK
6
CONTINUOUS
10
1.0678345275590551
20
0.933173031496063
11
1.0617886614173229
21
0.9282113385826771
0
LINE
8
BLACK
6
CONTINUOUS
10
1.0617886614173229
20
0.9282113385826771
11
1.0568269685039371
21
0.9221654724409448
0
LINE
8
BLACK
6
CONTINUOUS
10
1.0568269685039371
20
0.9221654724409448
11
1.0568268897637796
21
0.9221653543307087
0
LINE
8
BLACK
6
CONTINUOUS
10
1.0568268897637796
20
0.9221653543307087
11
1.0531401181102362
21
0.9152679133858268
0
LINE
8
BLACK
6
CONTINUOUS
10
1.0531401181102362
20
0.9152679133858268
11
1.0531400787401575
21
0.9152678346456693
0
LINE
8
BLACK
6
CONTINUOUS
10
1.0531400787401575
20
0.9152678346456693
11
1.0508697244094487
21
0.9077836220472441
0
LINE
8
BLACK
6
CONTINUOUS
10
1.0508697244094487
20
0.9077836220472441
11
1.0508696456692914
21
0.9077831496062992
0
LINE
8
BLACK
6
CONTINUOUS
10
1.0508696456692914
20
0.9077831496062992
11
1.0501031496062991
21
0.9000001574803149
0
LINE
8
BLACK
6
CONTINUOUS
10
1.0501031496062991
20
0.9000001574803149
11
1.0501031496062991
21
0.8999998031496063
0
LINE
8
BLACK
6
CONTINUOUS
10
1.0501031496062991
20
0.8999998031496063
11
1.0508696456692914
21
0.892216811023622
0
LINE
8
BLACK
6
CONTINUOUS
10
1.0508696456692914
20
0.892216811023622
11
1.0508697244094487
21
0.8922163385826771
0
LINE
8
BLACK
6
CONTINUOUS
10
1.0508697244094487
20
0.8922163385826771
11
1.0531400787401575
21
0.884732125984252
0
LINE
8
BLACK
6
CONTINUOUS
10
1.0531400787401575
20
0.884732125984252
11
1.0531401181102362
21
0.8847320472440945
0
LINE
8
BLACK
6
CONTINUOUS
10
1.0531401181102362
20
0.8847320472440945
11
1.0568269685039371
21
0.8778344881889764
0
LINE
8
BLACK
6
CONTINUOUS
10
1.0568269685039371
20
0.8778344881889764
11
1.0605451574803149
21
0.8733038976377953
0
LINE
8
BLACK
6
CONTINUOUS
10
1.0605451574803149
20
0.8733038976377953
11
1.0605455118110236
21
0.8733034645669291
0
LINE
8
BLACK
6
CONTINUOUS
10
1.0605455118110236
20
0.8733034645669291
11
1.061572874015748
21
0.8722761023622047
0
LINE
8
BLACK
6
CONTINUOUS
10
1.061572874015748
20
0.8722761023622047
11
1.0618995669291338
21
0.8719156299212598
0
LINE
8
BLACK
6
CONTINUOUS
10
1.0618995669291338
20
0.8719156299212598
11
1.0629886614173227
21
0.8705885826771653
0
LINE
8
BLACK
6
CONTINUOUS
10
1.0629886614173227
20
0.8705885826771653
11
1.0674164960629922
21
0.8669548031496063
0
LINE
8
BLACK
6
CONTINUOUS
10
1.0674164960629922
20
0.8669548031496063
11
1.0674165354330709
21
0.8669548031496063
0
LINE
8
BLACK
6
CONTINUOUS
10
1.0674165354330709
20
0.8669548031496063
11
1.0690344488188976
21
0.8656269685039369
0
LINE
8
BLACK
6
CONTINUOUS
10
1.0690344488188976
20
0.8656269685039369
11
1.0759320866141733
21
0.8619401181102362
0
LINE
8
BLACK
6
CONTINUOUS
10
1.0759320866141733
20
0.8619401181102362
11
1.0834167322834645
21
0.85966968503937
0
LINE
8
BLACK
6
CONTINUOUS
10
1.0834167322834645
20
0.85966968503937
11
1.0911998818897637
21
0.8589031496062992
0
LINE
8
BLACK
6
CONTINUOUS
10
1.0911998818897637
20
0.8589031496062992
11
1.0911999999999999
21
0.8589031496062992
0
LINE
8
BLACK
6
CONTINUOUS
10
1.0911999999999999
20
0.8589031496062992
11
1.0912000787401575
21
0.8589031496062992
0
LINE
8
BLACK
6
CONTINUOUS
10
1.0912000787401575
20
0.8589031496062992
11
1.0923075590551181
21
0.8590122047244094
0
LINE
8
BLACK
6
CONTINUOUS
10
1.0923075590551181
20
0.8590122047244094
11
1.0929080708661416
21
0.8590713779527559
0
LINE
8
BLACK
6
CONTINUOUS
10
1.0929080708661416
20
0.8590713779527559
11
1.0933942519685038
21
0.8590952755905512
0
LINE
8
BLACK
6
CONTINUOUS
10
1.0933942519685038
20
0.8590952755905512
11
1.2803831102362204
21
0.8590952755905512
0
LINE
8
BLACK
6
CONTINUOUS
10
1.2803831102362204
20
0.8590952755905512
11
1.2830650393700787
21
0.8583077952755905
0
LINE
8
BLACK
6
CONTINUOUS
10
1.2830650393700787
20
0.8583077952755905
11
1.2848954724409449
21
0.8561953543307086
0
LINE
8
BLACK
6
CONTINUOUS
10
1.2848954724409449
20
0.8561953543307086
11
1.2852932677165354
21
0.8534286614173228
0
LINE
8
BLACK
6
CONTINUOUS
10
1.2852932677165354
20
0.8534286614173228
11
1.2850309448818897
21
0.8524010629921259
0
LINE
8
BLACK
6
CONTINUOUS
10
1.2850309448818897
20
0.8524010629921259
11
1.283976811023622
21
0.8495749606299212
0
LINE
8
BLACK
6
CONTINUOUS
10
1.283976811023622
20
0.8495749606299212
11
1.2839767322834645
21
0.8495746456692913
0
LINE
8
BLACK
6
CONTINUOUS
10
1.2839767322834645
20
0.8495746456692913
11
1.2837204724409448
21
0.847190905511811
0
LINE
8
BLACK
6
CONTINUOUS
10
1.2837204724409448
20
0.847190905511811
11
1.2837204724409448
21
0.8446653543307087
0
LINE
8
BLACK
6
CONTINUOUS
10
1.2837204724409448
20
0.8446653543307087
11
1.2829329921259842
21
0.8419834251968503
0
LINE
8
BLACK
6
CONTINUOUS
10
1.2829329921259842
20
0.8419834251968503
11
1.2808205511811024
21
0.8401529921259843
0
LINE
8
BLACK
6
CONTINUOUS
10
1.2808205511811024
20
0.8401529921259843
11
1.2787598425196851
21
0.8397047244094488
0
LINE
8
BLACK
6
CONTINUOUS
10
1.2787598425196851
20
0.8397047244094488
11
0.9694851968503937
21
0.8397047244094488
0
LINE
8
BLACK
6
CONTINUOUS
10
0.9694851968503937
20
0.8397047244094488
11
0.9668032677165355
21
0.8404922047244094
0
LINE
8
BLACK
6
CONTINUOUS
10
0.9668032677165355
20
0.8404922047244094
11
0.9659775196850393
21
0.8411576771653543
0
LINE
8
BLACK
6
CONTINUOUS
10
0.9659775196850393
20
0.8411576771653543
11
0.8489621653543307
21
0.9581730314960629
0
LINE
8
BLACK
6
CONTINUOUS
10
0.8489621653543307
20
0.9581730314960629
11
0.4960942125984252
21
1.3110409055118111
0
LINE
8
BLACK
6
CONTINUOUS
10
0.4960942125984252
20
1.3110409055118111
11
0.4947546850393701
21
1.3134940551181102
0
LINE
8
BLACK
6
CONTINUOUS
10
0.4947546850393701
20
1.3134940551181102
11
0.4946551968503937
21
1.3149190157480315
0
LINE
8
BLACK
6
CONTINUOUS
10
0.4946551968503937
20
1.3149190157480315
11
0.4954106692913386
21
1.325
0
LINE
8
BLACK
6
CONTINUOUS
10
0.4954106692913386
20
1.325
11
0.4946352362204725
21
1.3353474803149605
0
LINE
8
BLACK
6
CONTINUOUS
10
0.4946352362204725
20
1.3353474803149605
11
0.4923262598425197
21
1.345463779527559
0
LINE
8
BLACK
6
CONTINUOUS
10
0.4923262598425197
20
1.345463779527559
11
0.4885352755905512
21
1.3551229921259842
0
LINE
8
BLACK
6
CONTINUOUS
10
0.4885352755905512
20
1.3551229921259842
11
0.4833470472440945
21
1.3641092913385826
0
LINE
8
BLACK
6
CONTINUOUS
10
0.4833470472440945
20
1.3641092913385826
11
0.4768774015748031
21
1.372221968503937
0
LINE
8
BLACK
6
CONTINUOUS
10
0.4768774015748031
20
1.372221968503937
11
0.469270905511811
21
1.3792797637795275
0
LINE
8
BLACK
6
CONTINUOUS
10
0.469270905511811
20
1.3792797637795275
11
0.4606974803149606
21
1.3851250393700787
0
LINE
8
BLACK
6
CONTINUOUS
10
0.4606974803149606
20
1.3851250393700787
11
0.4513485826771653
21
1.3896272440944881
0
LINE
8
BLACK
6
CONTINUOUS
10
0.4513485826771653
20
1.3896272440944881
11
0.4513483070866142
21
1.3896273228346456
0
LINE
8
BLACK
6
CONTINUOUS
10
0.4513483070866142
20
1.3896273228346456
11
0.4513482283464567
21
1.3896273622047244
0
LINE
8
BLACK
6
CONTINUOUS
10
0.4513482283464567
20
1.3896273622047244
11
0.4414334645669291
21
1.3926856299212598
0
LINE
8
BLACK
6
CONTINUOUS
10
0.4414334645669291
20
1.3926856299212598
11
0.4414334251968504
21
1.3926856299212598
0
LINE
8
BLACK
6
CONTINUOUS
10
0.4414334251968504
20
1.3926856299212598
11
0.4414330708661417
21
1.392685748031496
0
LINE
8
BLACK
6
CONTINUOUS
10
0.4414330708661417
20
1.392685748031496
11
0.4311724803149606
21
1.3942322834645668
0
LINE
8
BLACK
6
CONTINUOUS
10
0.4311724803149606
20
1.3942322834645668
11
0.4207960236220472
21
1.3942322834645668
0
LINE
8
BLACK
6
CONTINUOUS
10
0.4207960236220472
20
1.3942322834645668
11
0.4105354330708662
21
1.392685748031496
0
LINE
8
BLACK
6
CONTINUOUS
10
0.4105354330708662
20
1.392685748031496
11
0.4105350787401575
21
1.3926856299212598
0
LINE
8
BLACK
6
CONTINUOUS
10
0.4105350787401575
20
1.3926856299212598
11
0.410535
21
1.3926856299212598
0
LINE
8
BLACK
6
CONTINUOUS
10
0.410535
20
1.3926856299212598
11
0.4006202362204724
21
1.3896273622047244
0
LINE
8
BLACK
6
CONTINUOUS
10
0.4006202362204724
20
1.3896273622047244
11
0.4006200393700787
21
1.3896272440944881
0
LINE
8
BLACK
6
CONTINUOUS
10
0.4006200393700787
20
1.3896272440944881
11
0.4006199212598425
21
1.3896272440944881
0
LINE
8
BLACK
6
CONTINUOUS
10
0.4006199212598425
20
1.3896272440944881
11
0.391271062992126
21
1.3851250393700787
0
LINE
8
BLACK
6
CONTINUOUS
10
0.391271062992126
20
1.3851250393700787
11
0.3912708267716535
21
1.3851248818897637
0
LINE
8
BLACK
6
CONTINUOUS
10
0.3912708267716535
20
1.3851248818897637
11
0.3912706692913386
21
1.3851248031496062
0
LINE
8
BLACK
6
CONTINUOUS
10
0.3912706692913386
20
1.3851248031496062
11
0.3837081889763779
21
1.379968779527559
0
LINE
8
BLACK
6
CONTINUOUS
10
0.3837081889763779
20
1.379968779527559
11
0.3826975984251968
21
1.3792797637795275
0
LINE
8
BLACK
6
CONTINUOUS
10
0.3826975984251968
20
1.3792797637795275
11
0.3750911023622047
21
1.372221968503937
0
LINE
8
BLACK
6
CONTINUOUS
10
0.3750911023622047
20
1.372221968503937
11
0.3698904724409449
21
1.365700590551181
0
LINE
8
BLACK
6
CONTINUOUS
10
0.3698904724409449
20
1.365700590551181
11
0.3686213385826771
21
1.3641091338582676
0
LINE
8
BLACK
6
CONTINUOUS
10
0.3686213385826771
20
1.3641091338582676
11
0.3634332677165354
21
1.3551231496062992
0
LINE
8
BLACK
6
CONTINUOUS
10
0.3634332677165354
20
1.3551231496062992
11
0.3634331496062992
21
1.3551228346456692
0
LINE
8
BLACK
6
CONTINUOUS
10
0.3634331496062992
20
1.3551228346456692
11
0.3596421653543307
21
1.3454635826771653
0
LINE
8
BLACK
6
CONTINUOUS
10
0.3596421653543307
20
1.3454635826771653
11
0.35824968503937
21
1.3393625590551181
0
LINE
8
BLACK
6
CONTINUOUS
10
0.35824968503937
20
1.3393625590551181
11
0.3573332677165355
21
1.3353474803149605
0
LINE
8
BLACK
6
CONTINUOUS
10
0.3573332677165355
20
1.3353474803149605
11
0.3565578346456693
21
1.325
0
LINE
8
BLACK
6
CONTINUOUS
10
0.3565578346456693
20
1.325
11
0.3573332677165355
21
1.3146525196850394
0
LINE
8
BLACK
6
CONTINUOUS
10
0.3573332677165355
20
1.3146525196850394
11
0.3573332677165355
21
1.3146523228346456
0
LINE
8
BLACK
6
CONTINUOUS
10
0.3573332677165355
20
1.3146523228346456
11
0.3573333070866141
21
1.3146523228346456
0
LINE
8
BLACK
6
CONTINUOUS
10
0.3573333070866141
20
1.3146523228346456
11
0.3596421653543307
21
1.3045363779527559
0
LINE
8
BLACK
6
CONTINUOUS
10
0.3596421653543307
20
1.3045363779527559
11
0.3634331496062992
21
1.294877125984252
0
LINE
8
BLACK
6
CONTINUOUS
10
0.3634331496062992
20
1.294877125984252
11
0.3634332677165354
21
1.294876811023622
0
LINE
8
BLACK
6
CONTINUOUS
10
0.3634332677165354
20
1.294876811023622
11
0.3686213385826771
21
1.2858908267716536
0
LINE
8
BLACK
6
CONTINUOUS
10
0.3686213385826771
20
1.2858908267716536
11
0.3731705118110236
21
1.2801863779527558
0
LINE
8
BLACK
6
CONTINUOUS
10
0.3731705118110236
20
1.2801863779527558
11
0.3740239763779528
21
1.2791161417322834
0
LINE
8
BLACK
6
CONTINUOUS
10
0.3740239763779528
20
1.2791161417322834
11
0.3750911417322835
21
1.2777779921259842
0
LINE
8
BLACK
6
CONTINUOUS
10
0.3750911417322835
20
1.2777779921259842
11
0.3826976377952756
21
1.2707201968503936
0
LINE
8
BLACK
6
CONTINUOUS
10
0.3826976377952756
20
1.2707201968503936
11
0.3826978346456693
21
1.2707200393700786
0
LINE
8
BLACK
6
CONTINUOUS
10
0.3826978346456693
20
1.2707200393700786
11
0.3912706692913386
21
1.264875157480315
0
LINE
8
BLACK
6
CONTINUOUS
10
0.3912706692913386
20
1.264875157480315
11
0.3912709842519685
21
1.264875
0
LINE
8
BLACK
6
CONTINUOUS
10
0.3912709842519685
20
1.264875
11
0.4006197637795276
21
1.2603727952755905
0
LINE
8
BLACK
6
CONTINUOUS
10
0.4006197637795276
20
1.2603727952755905
11
0.4006202362204724
21
1.2603725984251968
0
LINE
8
BLACK
6
CONTINUOUS
10
0.4006202362204724
20
1.2603725984251968
11
0.410535
21
1.2573143307086614
0
LINE
8
BLACK
6
CONTINUOUS
10
0.410535
20
1.2573143307086614
11
0.4105353543307086
21
1.2573142519685039
0
LINE
8
BLACK
6
CONTINUOUS
10
0.4105353543307086
20
1.2573142519685039
11
0.4105354330708662
21
1.2573142519685039
0
LINE
8
BLACK
6
CONTINUOUS
10
0.4105354330708662
20
1.2573142519685039
11
0.4207960236220472
21
1.2557677165354331
0
LINE
8
BLACK
6
CONTINUOUS
10
0.4207960236220472
20
1.2557677165354331
11
0.4207961811023622
21
1.2557677165354331
0
LINE
8
BLACK
6
CONTINUOUS
10
0.4207961811023622
20
1.2557677165354331
11
0.4311723228346457
21
1.2557677165354331
0
LINE
8
BLACK
6
CONTINUOUS
10
0.4311723228346457
20
1.2557677165354331
11
0.4311724803149606
21
1.2557677165354331
0
LINE
8
BLACK
6
CONTINUOUS
10
0.4311724803149606
20
1.2557677165354331
11
0.4355554330708661
21
1.2564283070866142
0
LINE
8
BLACK
6
CONTINUOUS
10
0.4355554330708661
20
1.2564283070866142
11
0.4383247637795276
21
1.2560493700787401
0
LINE
8
BLACK
6
CONTINUOUS
10
0.4383247637795276
20
1.2560493700787401
11
0.4398024409448819
21
1.2550307874015747
0
LINE
8
BLACK
6
CONTINUOUS
10
0.4398024409448819
20
1.2550307874015747
11
0.921356811023622
21
0.7734764173228347
0
LINE
8
BLACK
6
CONTINUOUS
10
0.921356811023622
20
0.7734764173228347
11
0.9216836614173228
21
0.7731158267716536
0
LINE
8
BLACK
6
CONTINUOUS
10
0.9216836614173228
20
0.7731158267716536
11
0.9227728346456693
21
0.7717886614173228
0
LINE
8
BLACK
6
CONTINUOUS
10
0.9227728346456693
20
0.7717886614173228
11
0.9288187007874016
21
0.7668269685039369
0
LINE
8
BLACK
6
CONTINUOUS
10
0.9288187007874016
20
0.7668269685039369
11
0.9357163385826771
21
0.7631401181102362
0
LINE
8
BLACK
6
CONTINUOUS
10
0.9357163385826771
20
0.7631401181102362
11
0.936545590551181
21
0.7628885826771653
0
LINE
8
BLACK
6
CONTINUOUS
10
0.936545590551181
20
0.7628885826771653
11
0.9365456299212598
21
0.7628885433070866
0
LINE
8
BLACK
6
CONTINUOUS
10
0.9365456299212598
20
0.7628885433070866
11
0.9432005905511811
21
0.7608697244094488
0
LINE
8
BLACK
6
CONTINUOUS
10
0.9432005905511811
20
0.7608697244094488
11
0.9432010629921259
21
0.7608696456692913
0
LINE
8
BLACK
6
CONTINUOUS
10
0.9432010629921259
20
0.7608696456692913
11
0.950984094488189
21
0.7601031496062992
0
LINE
8
BLACK
6
CONTINUOUS
10
0.950984094488189
20
0.7601031496062992
11
0.9509842519685039
21
0.7601031496062992
0
LINE
8
BLACK
6
CONTINUOUS
10
0.9509842519685039
20
0.7601031496062992
11
0.9509843700787401
21
0.7601031496062992
0
LINE
8
BLACK
6
CONTINUOUS
10
0.9509843700787401
20
0.7601031496062992
11
0.9526924015748032
21
0.7602713779527559
0
LINE
8
BLACK
6
CONTINUOUS
10
0.9526924015748032
20
0.7602713779527559
11
0.953178622047244
21
0.7602952755905512
0
LINE
8
BLACK
6
CONTINUOUS
10
0.953178622047244
20
0.7602952755905512
11
1.2787598425196851
21
0.7602952755905512
0
LINE
8
BLACK
6
CONTINUOUS
10
1.2787598425196851
20
0.7602952755905512
11
1.2814417716535433
21
0.7595077952755905
0
LINE
8
BLACK
6
CONTINUOUS
10
1.2814417716535433
20
0.7595077952755905
11
1.2832722047244094
21
0.7573953543307086
0
LINE
8
BLACK
6
CONTINUOUS
10
1.2832722047244094
20
0.7573953543307086
11
1.2837204724409448
21
0.7553346456692913
0
LINE
8
BLACK
6
CONTINUOUS
10
1.2837204724409448
20
0.7553346456692913
11
1.2837204724409448
21
0.7528090551181102
0
LINE
8
BLACK
6
CONTINUOUS
10
1.2837204724409448
20
0.7528090551181102
11
1.2839767322834645
21
0.7504253149606299
0
LINE
8
BLACK
6
CONTINUOUS
10
1.2839767322834645
20
0.7504253149606299
11
1.283976811023622
21
0.750425
0
LINE
8
BLACK
6
CONTINUOUS
10
1.283976811023622
20
0.750425
11
1.2859885826771653
21
0.7450313779527559
0
LINE
8
BLACK
6
CONTINUOUS
10
1.2859885826771653
20
0.7450313779527559
11
1.2859886614173228
21
0.7450311811023622
0
LINE
8
BLACK
6
CONTINUOUS
10
1.2859886614173228
20
0.7450311811023622
11
1.2894385039370078
21
0.7404227559055118
0
LINE
8
BLACK
6
CONTINUOUS
10
1.2894385039370078
20
0.7404227559055118
11
1.2940469291338583
21
0.7369729133858267
0
LINE
8
BLACK
6
CONTINUOUS
10
1.2940469291338583
20
0.7369729133858267
11
1.2940471259842519
21
0.7369728346456693
0
LINE
8
BLACK
6
CONTINUOUS
10
1.2940471259842519
20
0.7369728346456693
11
1.299440748031496
21
0.7349610629921259
0
LINE
8
BLACK
6
CONTINUOUS
10
1.299440748031496
20
0.7349610629921259
11
1.299441062992126
21
0.7349609842519685
0
LINE
8
BLACK
6
CONTINUOUS
10
1.299441062992126
20
0.7349609842519685
11
1.3018248031496062
21
0.7347047244094488
0
LINE
8
BLACK
6
CONTINUOUS
10
1.3018248031496062
20
0.7347047244094488
11
1.3018252755905511
21
0.7347047244094488
0
LINE
8
BLACK
6
CONTINUOUS
10
1.3018252755905511
20
0.7347047244094488
11
1.3962066535433071
21
0.7347047244094488
0
LINE
8
BLACK
6
CONTINUOUS
10
1.3962066535433071
20
0.7347047244094488
11
1.3985903937007873
21
0.7349609842519685
0
LINE
8
BLACK
6
CONTINUOUS
10
1.3985903937007873
20
0.7349609842519685
11
1.3985907086614173
21
0.7349610629921259
0
LINE
8
BLACK
6
CONTINUOUS
10
1.3985907086614173
20
0.7349610629921259
11
1.4039843307086615
21
0.7369728346456693
0
LINE
8
BLACK
6
CONTINUOUS
10
1.4039843307086615
20
0.7369728346456693
11
1.403984527559055
21
0.7369729133858267
0
LINE
8
BLACK
6
CONTINUOUS
10
1.403984527559055
20
0.7369729133858267
11
1.4085929527559056
21
0.7404227559055118
0
LINE
8
BLACK
6
CONTINUOUS
10
1.4085929527559056
20
0.7404227559055118
11
1.4120427952755905
21
0.7450311811023622
0
LINE
8
BLACK
6
CONTINUOUS
10
1.4120427952755905
20
0.7450311811023622
11
1.412042874015748
21
0.7450313779527559
0
LINE
8
BLACK
6
CONTINUOUS
10
1.412042874015748
20
0.7450313779527559
11
1.4122274803149606
21
0.7455262598425196
0
LINE
8
BLACK
6
CONTINUOUS
10
1.4122274803149606
20
0.7455262598425196
11
1.4129103937007874
21
0.7473572834645669
0
LINE
8
BLACK
6
CONTINUOUS
10
1.4129103937007874
20
0.7473572834645669
11
1.4140546456692913
21
0.750425
0
LINE
8
BLACK
6
CONTINUOUS
10
1.4140546456692913
20
0.750425
11
1.4140547244094488
21
0.7504253149606299
0
LINE
8
BLACK
6
CONTINUOUS
10
1.4140547244094488
20
0.7504253149606299
11
1.4143109842519686
21
0.7528090551181102
0
LINE
8
BLACK
6
CONTINUOUS
10
1.4143109842519686
20
0.7528090551181102
11
1.4143110236220473
21
0.7528097244094488
0
LINE
8
BLACK
6
CONTINUOUS
10
1.4143110236220473
20
0.7528097244094488
11
1.4143110236220473
21
0.8471902362204724
0
LINE
8
BLACK
6
CONTINUOUS
10
1.4143110236220473
20
0.8471902362204724
11
1.4143109842519686
21
0.847190905511811
0
LINE
8
BLACK
6
CONTINUOUS
10
1.4143109842519686
20
0.847190905511811
11
1.4140547244094488
21
0.8495746456692913
0
LINE
8
BLACK
6
CONTINUOUS
10
1.4140547244094488
20
0.8495746456692913
11
1.4140546456692913
21
0.8495749606299212
0
LINE
8
BLACK
6
CONTINUOUS
10
1.4140546456692913
20
0.8495749606299212
11
1.4130005511811023
21
0.8524010629921259
0
LINE
8
BLACK
6
CONTINUOUS
10
1.4130005511811023
20
0.8524010629921259
11
1.4128011023622047
21
0.8551890551181102
0
LINE
8
BLACK
6
CONTINUOUS
10
1.4128011023622047
20
0.8551890551181102
11
1.4141406692913385
21
0.8576423228346457
0
LINE
8
BLACK
6
CONTINUOUS
10
1.4141406692913385
20
0.8576423228346457
11
1.4165938976377952
21
0.8589818897637795
0
LINE
8
BLACK
6
CONTINUOUS
10
1.4165938976377952
20
0.8589818897637795
11
1.4176483858267717
21
0.8590952755905512
0
LINE
8
BLACK
6
CONTINUOUS
10
1.4176483858267717
20
0.8590952755905512
11
1.45081968503937
21
0.8590952755905512
0
LINE
8
BLACK
6
CONTINUOUS
10
1.45081968503937
20
0.8590952755905512
11
1.4535016141732282
21
0.8583077952755905
0
LINE
8
BLACK
6
CONTINUOUS
10
1.4535016141732282
20
0.8583077952755905
11
1.4553320472440945
21
0.8561953543307086
0
LINE
8
BLACK
6
CONTINUOUS
10
1.4553320472440945
20
0.8561953543307086
11
1.4557803149606299
21
0.8541346456692913
0
LINE
8
BLACK
6
CONTINUOUS
10
1.4557803149606299
20
0.8541346456692913
11
1.4557803149606299
21
0.8466846456692914
0
LINE
8
BLACK
6
CONTINUOUS
10
1.4557803149606299
20
0.8466846456692914
11
1.4560365748031496
21
0.844300905511811
0
LINE
8
BLACK
6
CONTINUOUS
10
1.4560365748031496
20
0.844300905511811
11
1.4560366535433071
21
0.8443005905511811
0
LINE
8
BLACK
6
CONTINUOUS
10
1.4560366535433071
20
0.8443005905511811
11
1.4580484251968504
21
0.838906968503937
0
LINE
8
BLACK
6
CONTINUOUS
10
1.4580484251968504
20
0.838906968503937
11
1.4580485039370079
21
0.8389067716535433
0
LINE
8
BLACK
6
CONTINUOUS
10
1.4580485039370079
20
0.8389067716535433
11
1.4614983464566929
21
0.8342983464566929
0
LINE
8
BLACK
6
CONTINUOUS
10
1.4614983464566929
20
0.8342983464566929
11
1.4661067716535432
21
0.8308485039370078
0
LINE
8
BLACK
6
CONTINUOUS
10
1.4661067716535432
20
0.8308485039370078
11
1.466106968503937
21
0.8308484251968504
0
LINE
8
BLACK
6
CONTINUOUS
10
1.466106968503937
20
0.8308484251968504
11
1.4715005905511811
21
0.828836653543307
0
LINE
8
BLACK
6
CONTINUOUS
10
1.4715005905511811
20
0.828836653543307
11
1.4715009055118109
21
0.8288365748031495
0
LINE
8
BLACK
6
CONTINUOUS
10
1.4715009055118109
20
0.8288365748031495
11
1.4738846456692913
21
0.8285803149606299
0
LINE
8
BLACK
6
CONTINUOUS
10
1.4738846456692913
20
0.8285803149606299
11
1.4738851181102361
21
0.8285803149606299
0
LINE
8
BLACK
6
CONTINUOUS
10
1.4738851181102361
20
0.8285803149606299
11
1.57611531496063
21
0.8285803149606299
0
LINE
8
BLACK
6
CONTINUOUS
10
1.57611531496063
20
0.8285803149606299
11
1.5784990551181102
21
0.8288365748031495
0
LINE
8
BLACK
6
CONTINUOUS
10
1.5784990551181102
20
0.8288365748031495
11
1.5784993700787402
21
0.828836653543307
0
LINE
8
BLACK
6
CONTINUOUS
10
1.5784993700787402
20
0.828836653543307
11
1.5838929921259841
21
0.8308484251968504
0
LINE
8
BLACK
6
CONTINUOUS
10
1.5838929921259841
20
0.8308484251968504
11
1.5838931889763779
21
0.8308485039370078
0
LINE
8
BLACK
6
CONTINUOUS
10
1.5838931889763779
20
0.8308485039370078
11
1.5885016141732282
21
0.8342983464566929
0
LINE
8
BLACK
6
CONTINUOUS
10
1.5885016141732282
20
0.8342983464566929
11
1.5919514566929134
21
0.8389067716535433
0
LINE
8
BLACK
6
CONTINUOUS
10
1.5919514566929134
20
0.8389067716535433
11
1.5919515354330709
21
0.838906968503937
0
LINE
8
BLACK
6
CONTINUOUS
10
1.5919515354330709
20
0.838906968503937
11
1.592026968503937
21
0.8391091338582677
0
LINE
8
BLACK
6
CONTINUOUS
10
1.592026968503937
20
0.8391091338582677
11
1.5939633464566929
21
0.844300748031496
0
LINE
8
BLACK
6
CONTINUOUS
10
1.5939633464566929
20
0.844300748031496
11
1.5939633858267717
21
0.844300905511811
0
LINE
8
BLACK
6
CONTINUOUS
10
1.5939633858267717
20
0.844300905511811
11
1.5942196456692912
21
0.8466846456692914
0
LINE
8
BLACK
6
CONTINUOUS
10
1.5942196456692912
20
0.8466846456692914
11
1.5942196850393699
21
0.8466853149606299
0
LINE
8
BLACK
6
CONTINUOUS
10
1.5942196850393699
20
0.8466853149606299
11
1.5942196850393699
21
0.8541346456692913
0
LINE
8
BLACK
6
CONTINUOUS
10
1.5942196850393699
20
0.8541346456692913
11
1.5950071653543307
21
0.8568165748031495
0
LINE
8
BLACK
6
CONTINUOUS
10
1.5950071653543307
20
0.8568165748031495
11
1.5971196062992126
21
0.8586470078740157
0
LINE
8
BLACK
6
CONTINUOUS
10
1.5971196062992126
20
0.8586470078740157
11
1.5991803149606298
21
0.8590952755905512
0
LINE
8
BLACK
6
CONTINUOUS
10
1.5991803149606298
20
0.8590952755905512
11
1.611391220472441
21
0.8590952755905512
0
LINE
8
BLACK
6
CONTINUOUS
10
1.611391220472441
20
0.8590952755905512
11
1.6140731496062992
21
0.8583077952755905
0
LINE
8
BLACK
6
CONTINUOUS
10
1.6140731496062992
20
0.8583077952755905
11
1.6159035826771653
21
0.8561953543307086
0
LINE
8
BLACK
6
CONTINUOUS
10
1.6159035826771653
20
0.8561953543307086
11
1.6160387007874015
21
0.8558690944881889
0
LINE
8
BLACK
6
CONTINUOUS
10
1.6160387007874015
20
0.8558690944881889
11
1.6175409842519686
21
0.8518414566929133
0
LINE
8
BLACK
6
CONTINUOUS
10
1.6175409842519686
20
0.8518414566929133
11
1.6178784645669291
21
0.8509366535433071
0
LINE
8
BLACK
6
CONTINUOUS
10
1.6178784645669291
20
0.8509366535433071
11
1.6213282283464567
21
0.8463283464566929
0
LINE
8
BLACK
6
CONTINUOUS
10
1.6213282283464567
20
0.8463283464566929
11
1.6254334645669291
21
0.8432551968503936
0
LINE
8
BLACK
6
CONTINUOUS
10
1.6254334645669291
20
0.8432551968503936
11
1.6271085039370079
21
0.8410175590551181
0
LINE
8
BLACK
6
CONTINUOUS
10
1.6271085039370079
20
0.8410175590551181
11
1.6274212598425197
21
0.8392840157480315
0
LINE
8
BLACK
6
CONTINUOUS
10
1.6274212598425197
20
0.8392840157480315
11
1.6274212598425197
21
0.8305846456692914
0
LINE
8
BLACK
6
CONTINUOUS
10
1.6274212598425197
20
0.8305846456692914
11
1.6276775196850393
21
0.828200905511811
0
LINE
8
BLACK
6
CONTINUOUS
10
1.6276775196850393
20
0.828200905511811
11
1.6276775984251968
21
0.8282005905511811
0
LINE
8
BLACK
6
CONTINUOUS
10
1.6276775984251968
20
0.8282005905511811
11
1.62968937007874
21
0.822806968503937
0
LINE
8
BLACK
6
CONTINUOUS
10
1.62968937007874
20
0.822806968503937
11
1.6296894488188975
21
0.8228067716535433
0
LINE
8
BLACK
6
CONTINUOUS
10
1.6296894488188975
20
0.8228067716535433
11
1.633139251968504
21
0.8181984251968504
0
LINE
8
BLACK
6
CONTINUOUS
10
1.633139251968504
20
0.8181984251968504
11
1.6353151181102361
21
0.8165696062992126
0
LINE
8
BLACK
6
CONTINUOUS
10
1.6353151181102361
20
0.8165696062992126
11
1.636990157480315
21
0.814331968503937
0
LINE
8
BLACK
6
CONTINUOUS
10
1.636990157480315
20
0.814331968503937
11
1.6371895275590551
21
0.811543937007874
0
LINE
8
BLACK
6
CONTINUOUS
10
1.6371895275590551
20
0.811543937007874
11
1.6358499606299213
21
0.8090907086614173
0
LINE
8
BLACK
6
CONTINUOUS
10
1.6358499606299213
20
0.8090907086614173
11
1.6353151181102361
21
0.8086272440944882
0
LINE
8
BLACK
6
CONTINUOUS
10
1.6353151181102361
20
0.8086272440944882
11
1.6331393307086615
21
0.8069984645669291
0
LINE
8
BLACK
6
CONTINUOUS
10
1.6331393307086615
20
0.8069984645669291
11
1.6331392913385827
21
0.8069983858267716
0
LINE
8
BLACK
6
CONTINUOUS
10
1.6331392913385827
20
0.8069983858267716
11
1.633139251968504
21
0.8069983858267716
0
LINE
8
BLACK
6
CONTINUOUS
10
1.633139251968504
20
0.8069983858267716
11
1.6296894488188975
21
0.8023900393700787
0
LINE
8
BLACK
6
CONTINUOUS
10
1.6296894488188975
20
0.8023900393700787
11
1.62968937007874
21
0.802389842519685
0
LINE
8
BLACK
6
CONTINUOUS
10
1.62968937007874
20
0.802389842519685
11
1.6276775984251968
21
0.7969962204724409
0
LINE
8
BLACK
6
CONTINUOUS
10
1.6276775984251968
20
0.7969962204724409
11
1.6276775196850393
21
0.796995905511811
0
LINE
8
BLACK
6
CONTINUOUS
10
1.6276775196850393
20
0.796995905511811
11
1.6274212598425197
21
0.7946121653543307
0
LINE
8
BLACK
6
CONTINUOUS
10
1.6274212598425197
20
0.7946121653543307
11
1.6274212598425197
21
0.7553877952755905
0
LINE
8
BLACK
6
CONTINUOUS
10
1.6274212598425197
20
0.7553877952755905
11
1.6276775196850393
21
0.7530040551181102
0
LINE
8
BLACK
6
CONTINUOUS
10
1.6276775196850393
20
0.7530040551181102
11
1.6276775984251968
21
0.7530037401574803
0
LINE
8
BLACK
6
CONTINUOUS
10
1.6276775984251968
20
0.7530037401574803
11
1.62968937007874
21
0.7476101181102363
0
LINE
8
BLACK
6
CONTINUOUS
10
1.62968937007874
20
0.7476101181102363
11
1.6298595275590551
21
0.7472985039370078
0
LINE
8
BLACK
6
CONTINUOUS
10
1.6298595275590551
20
0.7472985039370078
11
1.629805905511811
21
0.7472692125984252
0
LINE
8
BLACK
6
CONTINUOUS
10
1.629805905511811
20
0.7472692125984252
11
1.6306451968503937
21
0.7450194488188976
0
LINE
8
BLACK
6
CONTINUOUS
10
1.6306451968503937
20
0.7450194488188976
11
1.6300511417322834
21
0.7422881496062992
0
LINE
8
BLACK
6
CONTINUOUS
10
1.6300511417322834
20
0.7422881496062992
11
1.6280747637795274
21
0.7403116141732283
0
LINE
8
BLACK
6
CONTINUOUS
10
1.6280747637795274
20
0.7403116141732283
11
1.6256972047244094
21
0.7397047244094488
0
LINE
8
BLACK
6
CONTINUOUS
10
1.6256972047244094
20
0.7397047244094488
11
1.5991803149606298
21
0.7397047244094488
0
LINE
8
BLACK
6
CONTINUOUS
10
1.5991803149606298
20
0.7397047244094488
11
1.5964983858267716
21
0.7404922047244095
0
LINE
8
BLACK
6
CONTINUOUS
10
1.5964983858267716
20
0.7404922047244095
11
1.5946679527559056
21
0.7426046456692913
0
LINE
8
BLACK
6
CONTINUOUS
10
1.5946679527559056
20
0.7426046456692913
11
1.5942196850393699
21
0.7446653543307087
0
LINE
8
BLACK
6
CONTINUOUS
10
1.5942196850393699
20
0.7446653543307087
11
1.5942196850393699
21
0.7521146456692913
0
LINE
8
BLACK
6
CONTINUOUS
10
1.5942196850393699
20
0.7521146456692913
11
1.5942196456692912
21
0.7521153149606299
0
LINE
8
BLACK
6
CONTINUOUS
10
1.5942196456692912
20
0.7521153149606299
11
1.5939633858267717
21
0.7544990551181102
0
LINE
8
BLACK
6
CONTINUOUS
10
1.5939633858267717
20
0.7544990551181102
11
1.5939633070866142
21
0.7544993700787401
0
LINE
8
BLACK
6
CONTINUOUS
10
1.5939633070866142
20
0.7544993700787401
11
1.5928831496062992
21
0.7573953543307086
0
LINE
8
BLACK
6
CONTINUOUS
10
1.5928831496062992
20
0.7573953543307086
11
1.5919515354330709
21
0.7598930708661417
0
LINE
8
BLACK
6
CONTINUOUS
10
1.5919515354330709
20
0.7598930708661417
11
1.5916504330708661
21
0.7602952755905512
0
LINE
8
BLACK
6
CONTINUOUS
10
1.5916504330708661
20
0.7602952755905512
11
1.5885016141732282
21
0.7645016141732284
0
LINE
8
BLACK
6
CONTINUOUS
10
1.5885016141732282
20
0.7645016141732284
11
1.5838931889763779
21
0.7679514566929133
0
LINE
8
BLACK
6
CONTINUOUS
10
1.5838931889763779
20
0.7679514566929133
11
1.5838931496062991
21
0.7679514566929133
0
LINE
8
BLACK
6
CONTINUOUS
10
1.5838931496062991
20
0.7679514566929133
11
1.5838930708661416
21
0.7679515354330708
0
LINE
8
BLACK
6
CONTINUOUS
10
1.5838930708661416
20
0.7679515354330708
11
1.5784992519685039
21
0.7699633464566928
0
LINE
8
BLACK
6
CONTINUOUS
10
1.5784992519685039
20
0.7699633464566928
11
1.5784991732283464
21
0.7699633464566928
0
LINE
8
BLACK
6
CONTINUOUS
10
1.5784991732283464
20
0.7699633464566928
11
1.5784990551181102
21
0.7699633858267716
0
LINE
8
BLACK
6
CONTINUOUS
10
1.5784990551181102
20
0.7699633858267716
11
1.57611531496063
21
0.7702196456692914
0
LINE
8
BLACK
6
CONTINUOUS
10
1.57611531496063
20
0.7702196456692914
11
1.5761151574803149
21
0.7702196456692914
0
LINE
8
BLACK
6
CONTINUOUS
10
1.5761151574803149
20
0.7702196456692914
11
1.5761148818897637
21
0.7702196850393701
0
LINE
8
BLACK
6
CONTINUOUS
10
1.5761148818897637
20
0.7702196850393701
11
1.4738851181102361
21
0.7702196850393701
0
LINE
8
BLACK
6
CONTINUOUS
10
1.4738851181102361
20
0.7702196850393701
11
1.4738848425196851
21
0.7702196456692914
0
LINE
8
BLACK
6
CONTINUOUS
10
1.4738848425196851
20
0.7702196456692914
11
1.4738846456692913
21
0.7702196456692914
0
LINE
8
BLACK
6
CONTINUOUS
10
1.4738846456692913
20
0.7702196456692914
11
1.4715009055118109
21
0.7699633858267716
0
LINE
8
BLACK
6
CONTINUOUS
10
1.4715009055118109
20
0.7699633858267716
11
1.4715005905511811
21
0.7699633070866142
0
LINE
8
BLACK
6
CONTINUOUS
10
1.4715005905511811
20
0.7699633070866142
11
1.4693570472440944
21
0.769163779527559
0
LINE
8
BLACK
6
CONTINUOUS
10
1.4693570472440944
20
0.769163779527559
11
1.4661069291338582
21
0.7679515354330708
0
LINE
8
BLACK
6
CONTINUOUS
10
1.4661069291338582
20
0.7679515354330708
11
1.4661068503937007
21
0.7679514960629921
0
LINE
8
BLACK
6
CONTINUOUS
10
1.4661068503937007
20
0.7679514960629921
11
1.4661067716535432
21
0.7679514566929133
0
LINE
8
BLACK
6
CONTINUOUS
10
1.4661067716535432
20
0.7679514566929133
11
1.4614983464566929
21
0.7645016141732284
0
LINE
8
BLACK
6
CONTINUOUS
10
1.4614983464566929
20
0.7645016141732284
11
1.4580485039370079
21
0.7598931889763779
0
LINE
8
BLACK
6
CONTINUOUS
10
1.4580485039370079
20
0.7598931889763779
11
1.4580484251968504
21
0.7598929921259843
0
LINE
8
BLACK
6
CONTINUOUS
10
1.4580484251968504
20
0.7598929921259843
11
1.4560366535433071
21
0.7544993700787401
0
LINE
8
BLACK
6
CONTINUOUS
10
1.4560366535433071
20
0.7544993700787401
11
1.4560365748031496
21
0.7544990551181102
0
LINE
8
BLACK
6
CONTINUOUS
10
1.4560365748031496
20
0.7544990551181102
11
1.4557803149606299
21
0.7521153149606299
0
LINE
8
BLACK
6
CONTINUOUS
10
1.4557803149606299
20
0.7521153149606299
11
1.4557803149606299
21
0.6478846456692913
0
LINE
8
BLACK
6
CONTINUOUS
10
1.4557803149606299
20
0.6478846456692913
11
1.4560365748031496
21
0.6455009055118111
0
LINE
8
BLACK
6
CONTINUOUS
10
1.4560365748031496
20
0.6455009055118111
11
1.4560366535433071
21
0.6455005905511811
0
LINE
8
BLACK
6
CONTINUOUS
10
1.4560366535433071
20
0.6455005905511811
11
1.4580484251968504
21
0.640106968503937
0
LINE
8
BLACK
6
CONTINUOUS
10
1.4580484251968504
20
0.640106968503937
11
1.4580485039370079
21
0.6401067716535432
0
LINE
8
BLACK
6
CONTINUOUS
10
1.4580485039370079
20
0.6401067716535432
11
1.4614983464566929
21
0.6354983464566929
0
LINE
8
BLACK
6
CONTINUOUS
10
1.4614983464566929
20
0.6354983464566929
11
1.4661067716535432
21
0.6320485039370078
0
LINE
8
BLACK
6
CONTINUOUS
10
1.4661067716535432
20
0.6320485039370078
11
1.466106968503937
21
0.6320484251968503
0
LINE
8
BLACK
6
CONTINUOUS
10
1.466106968503937
20
0.6320484251968503
11
1.4715005905511811
21
0.6300366535433071
0
LINE
8
BLACK
6
CONTINUOUS
10
1.4715005905511811
20
0.6300366535433071
11
1.4715009055118109
21
0.6300365748031496
0
LINE
8
BLACK
6
CONTINUOUS
10
1.4715009055118109
20
0.6300365748031496
11
1.4738846456692913
21
0.6297803149606299
0
LINE
8
BLACK
6
CONTINUOUS
10
1.4738846456692913
20
0.6297803149606299
11
1.4738851181102361
21
0.6297803149606299
0
LINE
8
BLACK
6
CONTINUOUS
10
1.4738851181102361
20
0.6297803149606299
11
1.57611531496063
21
0.6297803149606299
0
LINE
8
BLACK
6
CONTINUOUS
10
1.57611531496063
20
0.6297803149606299
11
1.5784990551181102
21
0.6300365748031496
0
LINE
8
BLACK
6
CONTINUOUS
10
1.5784990551181102
20
0.6300365748031496
11
1.5784993700787402
21
0.6300366535433071
0
LINE
8
BLACK
6
CONTINUOUS
10
1.5784993700787402
20
0.6300366535433071
11
1.5838929921259841
21
0.6320484251968503
0
LINE
8
BLACK
6
CONTINUOUS
10
1.5838929921259841
20
0.6320484251968503
11
1.5838931889763779
21
0.6320485039370078
0
LINE
8
BLACK
6
CONTINUOUS
10
1.5838931889763779
20
0.6320485039370078
11
1.5885016141732282
21
0.6354983464566929
0
LINE
8
BLACK
6
CONTINUOUS
10
1.5885016141732282
20
0.6354983464566929
11
1.5919514566929134
21
0.6401067716535432
0
LINE
8
BLACK
6
CONTINUOUS
10
1.5919514566929134
20
0.6401067716535432
11
1.5919515354330709
21
0.640106968503937
0
LINE
8
BLACK
6
CONTINUOUS
10
1.5919515354330709
20
0.640106968503937
11
1.5921257480314961
21
0.6405739763779528
0
LINE
8
BLACK
6
CONTINUOUS
10
1.5921257480314961
20
0.6405739763779528
11
1.5932455118110236
21
0.6435761811023621
0
LINE
8
BLACK
6
CONTINUOUS
10
1.5932455118110236
20
0.6435761811023621
11
1.5939633070866142
21
0.6455005905511811
0
LINE
8
BLACK
6
CONTINUOUS
10
1.5939633070866142
20
0.6455005905511811
11
1.5939633858267717
21
0.6455009055118111
0
LINE
8
BLACK
6
CONTINUOUS
10
1.5939633858267717
20
0.6455009055118111
11
1.5942196456692912
21
0.6478846456692913
0
LINE
8
BLACK
6
CONTINUOUS
10
1.5942196456692912
20
0.6478846456692913
11
1.5942196850393699
21
0.64788531496063
0
LINE
8
BLACK
6
CONTINUOUS
10
1.5942196850393699
20
0.64788531496063
11
1.5942196850393699
21
0.6553346456692913
0
LINE
8
BLACK
6
CONTINUOUS
10
1.5942196850393699
20
0.6553346456692913
11
1.5950071653543307
21
0.6580165748031496
0
LINE
8
BLACK
6
CONTINUOUS
10
1.5950071653543307
20
0.6580165748031496
11
1.5971196062992126
21
0.6598470078740157
0
LINE
8
BLACK
6
CONTINUOUS
10
1.5971196062992126
20
0.6598470078740157
11
1.5991803149606298
21
0.6602952755905511
0
LINE
8
BLACK
6
CONTINUOUS
10
1.5991803149606298
20
0.6602952755905511
11
1.6318993700787401
21
0.6602952755905511
0
LINE
8
BLACK
6
CONTINUOUS
10
1.6318993700787401
20
0.6602952755905511
11
1.6345812992125983
21
0.6595077952755906
0
LINE
8
BLACK
6
CONTINUOUS
10
1.6345812992125983
20
0.6595077952755906
11
1.6351210236220473
21
0.6591067322834645
0
LINE
8
BLACK
6
CONTINUOUS
10
1.6351210236220473
20
0.6591067322834645
11
1.6399834645669291
21
0.6549537795275591
0
LINE
8
BLACK
6
CONTINUOUS
10
1.6399834645669291
20
0.6549537795275591
11
1.6399835433070866
21
0.6549537401574803
0
LINE
8
BLACK
6
CONTINUOUS
10
1.6399835433070866
20
0.6549537401574803
11
1.647954251968504
21
0.650069251968504
0
LINE
8
BLACK
6
CONTINUOUS
10
1.647954251968504
20
0.650069251968504
11
1.6565908267716536
21
0.6464918897637795
0
LINE
8
BLACK
6
CONTINUOUS
10
1.6565908267716536
20
0.6464918897637795
11
1.6651590157480314
21
0.6444348818897637
0
LINE
8
BLACK
6
CONTINUOUS
10
1.6651590157480314
20
0.6444348818897637
11
1.6656806692913386
21
0.6443096456692913
0
LINE
8
BLACK
6
CONTINUOUS
10
1.6656806692913386
20
0.6443096456692913
11
1.675
21
0.6435761811023621
0
LINE
8
BLACK
6
CONTINUOUS
10
1.675
20
0.6435761811023621
11
1.6843193307086615
21
0.6443096456692913
0
LINE
8
BLACK
6
CONTINUOUS
10
1.6843193307086615
20
0.6443096456692913
11
1.6892799999999999
21
0.6455005905511811
0
LINE
8
BLACK
6
CONTINUOUS
10
1.6892799999999999
20
0.6455005905511811
11
1.6934091338582677
21
0.6464918897637795
0
LINE
8
BLACK
6
CONTINUOUS
10
1.6934091338582677
20
0.6464918897637795
11
1.7020457086614174
21
0.650069251968504
0
LINE
8
BLACK
6
CONTINUOUS
10
1.7020457086614174
20
0.650069251968504
11
1.7031149606299212
21
0.6507244881889763
0
LINE
8
BLACK
6
CONTINUOUS
10
1.7031149606299212
20
0.6507244881889763
11
1.710016377952756
21
0.6549537007874016
0
LINE
8
BLACK
6
CONTINUOUS
10
1.710016377952756
20
0.6549537007874016
11
1.7100164173228347
21
0.6549537401574803
0
LINE
8
BLACK
6
CONTINUOUS
10
1.7100164173228347
20
0.6549537401574803
11
1.710016496062992
21
0.6549537795275591
0
LINE
8
BLACK
6
CONTINUOUS
10
1.710016496062992
20
0.6549537795275591
11
1.7171247637795275
21
0.6610248031496063
0
LINE
8
BLACK
6
CONTINUOUS
10
1.7171247637795275
20
0.6610248031496063
11
1.7231957874015749
21
0.6681330708661417
0
LINE
8
BLACK
6
CONTINUOUS
10
1.7231957874015749
20
0.6681330708661417
11
1.7231958267716534
21
0.6681331496062992
0
LINE
8
BLACK
6
CONTINUOUS
10
1.7231958267716534
20
0.6681331496062992
11
1.7231959055118109
21
0.6681332283464567
0
LINE
8
BLACK
6
CONTINUOUS
10
1.7231959055118109
20
0.6681332283464567
11
1.7280803149606299
21
0.6761038188976378
0
LINE
8
BLACK
6
CONTINUOUS
10
1.7280803149606299
20
0.6761038188976378
11
1.7316576771653542
21
0.6847403937007874
0
LINE
8
BLACK
6
CONTINUOUS
10
1.7316576771653542
20
0.6847403937007874
11
1.7316576771653542
21
0.6847405118110236
0
LINE
8
BLACK
6
CONTINUOUS
10
1.7316576771653542
20
0.6847405118110236
11
1.7317322440944882
21
0.6849204724409449
0
LINE
8
BLACK
6
CONTINUOUS
10
1.7317322440944882
20
0.6849204724409449
11
1.7318168110236221
21
0.6848853937007874
0
LINE
8
BLACK
6
CONTINUOUS
10
1.7318168110236221
20
0.6848853937007874
11
1.7331786614173228
21
0.6868806692913386
0
LINE
8
BLACK
6
CONTINUOUS
10
1.7331786614173228
20
0.6868806692913386
11
1.7357524015748031
21
0.6879709448818897
0
LINE
8
BLACK
6
CONTINUOUS
10
1.7357524015748031
20
0.6879709448818897
11
1.7385070078740157
21
0.6874966929133858
0
LINE
8
BLACK
6
CONTINUOUS
10
1.7385070078740157
20
0.6874966929133858
11
1.7405679133858267
21
0.6856084645669291
0
LINE
8
BLACK
6
CONTINUOUS
10
1.7405679133858267
20
0.6856084645669291
11
1.7406969291338583
21
0.6853816141732283
0
LINE
8
BLACK
6
CONTINUOUS
10
1.7406969291338583
20
0.6853816141732283
11
1.7418268897637794
21
0.6832675984251968
0
LINE
8
BLACK
6
CONTINUOUS
10
1.7418268897637794
20
0.6832675984251968
11
1.7467886614173227
21
0.6772216535433071
0
LINE
8
BLACK
6
CONTINUOUS
10
1.7467886614173227
20
0.6772216535433071
11
1.7481158267716534
21
0.6761324803149606
0
LINE
8
BLACK
6
CONTINUOUS
10
1.7481158267716534
20
0.6761324803149606
11
1.7484764173228347
21
0.6758056299212598
0
LINE
8
BLACK
6
CONTINUOUS
10
1.7484764173228347
20
0.6758056299212598
11
1.7829906692913386
21
0.6412913779527559
0
LINE
8
BLACK
6
CONTINUOUS
10
1.7829906692913386
20
0.6412913779527559
11
1.7833175196850393
21
0.6409308267716536
0
LINE
8
BLACK
6
CONTINUOUS
10
1.7833175196850393
20
0.6409308267716536
11
1.7839938188976379
21
0.6401067716535432
0
LINE
8
BLACK
6
CONTINUOUS
10
1.7839938188976379
20
0.6401067716535432
11
1.7841691732283464
21
0.6398931496062992
0
LINE
8
BLACK
6
CONTINUOUS
10
1.7841691732283464
20
0.6398931496062992
11
1.7852618897637795
21
0.6373204330708662
0
LINE
8
BLACK
6
CONTINUOUS
10
1.7852618897637795
20
0.6373204330708662
11
1.7852952755905511
21
0.6367460236220472
0
LINE
8
BLACK
6
CONTINUOUS
10
1.7852952755905511
20
0.6367460236220472
11
1.7852952755905511
21
0.5502259055118111
0
LINE
8
BLACK
6
CONTINUOUS
10
1.7852952755905511
20
0.5502259055118111
11
1.7845077952755906
21
0.5475439763779527
0
LINE
8
BLACK
6
CONTINUOUS
10
1.7845077952755906
20
0.5475439763779527
11
1.7833074409448819
21
0.5462547244094488
0
LINE
8
BLACK
6
CONTINUOUS
10
1.7833074409448819
20
0.5462547244094488
11
1.7806983464566928
21
0.5443016141732283
0
LINE
8
BLACK
6
CONTINUOUS
10
1.7806983464566928
20
0.5443016141732283
11
1.7772485039370078
21
0.539693188976378
0
LINE
8
BLACK
6
CONTINUOUS
10
1.7772485039370078
20
0.539693188976378
11
1.7772484251968503
21
0.5396929921259842
0
LINE
8
BLACK
6
CONTINUOUS
10
1.7772484251968503
20
0.5396929921259842
11
1.7752366535433071
21
0.5342993700787402
0
LINE
8
BLACK
6
CONTINUOUS
10
1.7752366535433071
20
0.5342993700787402
11
1.7752365748031496
21
0.5342990551181103
0
LINE
8
BLACK
6
CONTINUOUS
10
1.7752365748031496
20
0.5342990551181103
11
1.7749803149606298
21
0.5319153149606299
0
LINE
8
BLACK
6
CONTINUOUS
10
1.7749803149606298
20
0.5319153149606299
11
1.7749803149606298
21
0.4680846456692913
0
LINE
8
BLACK
6
CONTINUOUS
10
1.7749803149606298
20
0.4680846456692913
11
1.7752365748031496
21
0.465700905511811
0
LINE
8
BLACK
6
CONTINUOUS
10
1.7752365748031496
20
0.465700905511811
11
1.7752366535433071
21
0.4657005905511811
0
LINE
8
BLACK
6
CONTINUOUS
10
1.7752366535433071
20
0.4657005905511811
11
1.7772484251968503
21
0.460306968503937
0
LINE
8
BLACK
6
CONTINUOUS
10
1.7772484251968503
20
0.460306968503937
11
1.7772485039370078
21
0.4603067716535433
0
LINE
8
BLACK
6
CONTINUOUS
10
1.7772485039370078
20
0.4603067716535433
11
1.7806983858267715
21
0.4556983464566929
0
LINE
8
BLACK
6
CONTINUOUS
10
1.7806983858267715
20
0.4556983464566929
11
1.7830056299212598
21
0.4539711417322835
0
LINE
8
BLACK
6
CONTINUOUS
10
1.7830056299212598
20
0.4539711417322835
11
1.7846806692913386
21
0.4517335039370078
0
LINE
8
BLACK
6
CONTINUOUS
10
1.7846806692913386
20
0.4517335039370078
11
1.7848800393700788
21
0.4489455118110236
0
LINE
8
BLACK
6
CONTINUOUS
10
1.7848800393700788
20
0.4489455118110236
11
1.7835404724409449
21
0.4464922834645669
0
LINE
8
BLACK
6
CONTINUOUS
10
1.7835404724409449
20
0.4464922834645669
11
1.7830056299212598
21
0.4460288582677165
0
LINE
8
BLACK
6
CONTINUOUS
10
1.7830056299212598
20
0.4460288582677165
11
1.7806983858267715
21
0.4443016141732283
0
LINE
8
BLACK
6
CONTINUOUS
10
1.7806983858267715
20
0.4443016141732283
11
1.7772485039370078
21
0.4396931889763779
0
LINE
8
BLACK
6
CONTINUOUS
10
1.7772485039370078
20
0.4396931889763779
11
1.7772484251968503
21
0.4396929921259842
0
LINE
8
BLACK
6
CONTINUOUS
10
1.7772484251968503
20
0.4396929921259842
11
1.7752366535433071
21
0.4342993700787401
0
LINE
8
BLACK
6
CONTINUOUS
10
1.7752366535433071
20
0.4342993700787401
11
1.7752365748031496
21
0.4342990551181102
0
LINE
8
BLACK
6
CONTINUOUS
10
1.7752365748031496
20
0.4342990551181102
11
1.7749803149606298
21
0.4319153149606299
0
LINE
8
BLACK
6
CONTINUOUS
10
1.7749803149606298
20
0.4319153149606299
11
1.7749803149606298
21
0.4081859842519685
0
LINE
8
BLACK
6
CONTINUOUS
10
1.7749803149606298
20
0.4081859842519685
11
1.7741928346456692
21
0.4055040551181102
0
LINE
8
BLACK
6
CONTINUOUS
10
1.7741928346456692
20
0.4055040551181102
11
1.7735273622047243
21
0.4046783070866142
0
LINE
8
BLACK
6
CONTINUOUS
10
1.7735273622047243
20
0.4046783070866142
11
1.7080084645669291
21
0.3391594094488189
0
LINE
8
BLACK
6
CONTINUOUS
10
1.7080084645669291
20
0.3391594094488189
11
1.7055552362204724
21
0.3378198031496063
0
LINE
8
BLACK
6
CONTINUOUS
10
1.7055552362204724
20
0.3378198031496063
11
1.7027672440944881
21
0.3380192125984252
0
LINE
8
BLACK
6
CONTINUOUS
10
1.7027672440944881
20
0.3380192125984252
11
1.7023488188976377
21
0.3381975196850394
0
LINE
8
BLACK
6
CONTINUOUS
10
1.7023488188976377
20
0.3381975196850394
11
1.6993800787401574
21
0.3396272440944882
0
LINE
8
BLACK
6
CONTINUOUS
10
1.6993800787401574
20
0.3396272440944882
11
1.6894645669291337
21
0.342685748031496
0
LINE
8
BLACK
6
CONTINUOUS
10
1.6894645669291337
20
0.342685748031496
11
1.6792039763779527
21
0.3442322834645669
0
LINE
8
BLACK
6
CONTINUOUS
10
1.6792039763779527
20
0.3442322834645669
11
1.6688275196850393
21
0.3442322834645669
0
LINE
8
BLACK
6
CONTINUOUS
10
1.6688275196850393
20
0.3442322834645669
11
1.6644444094488189
21
0.3435716141732283
0
LINE
8
BLACK
6
CONTINUOUS
10
1.6644444094488189
20
0.3435716141732283
11
1.6616751181102363
21
0.3439505905511811
0
LINE
8
BLACK
6
CONTINUOUS
10
1.6616751181102363
20
0.3439505905511811
11
1.6601975590551181
21
0.3449690551181102
0
LINE
8
BLACK
6
CONTINUOUS
10
1.6601975590551181
20
0.3449690551181102
11
1.6086426377952756
21
0.3965239763779527
0
LINE
8
BLACK
6
CONTINUOUS
10
1.6086426377952756
20
0.3965239763779527
11
1.6083164960629921
21
0.3968838188976378
0
LINE
8
BLACK
6
CONTINUOUS
10
1.6083164960629921
20
0.3968838188976378
11
1.6072270866141731
21
0.3982113385826772
0
LINE
8
BLACK
6
CONTINUOUS
10
1.6072270866141731
20
0.3982113385826772
11
1.6011812598425197
21
0.403173031496063
0
LINE
8
BLACK
6
CONTINUOUS
10
1.6011812598425197
20
0.403173031496063
11
1.5942836220472441
21
0.4068598818897638
0
LINE
8
BLACK
6
CONTINUOUS
10
1.5942836220472441
20
0.4068598818897638
11
1.5867992519685039
21
0.4091302755905512
0
LINE
8
BLACK
6
CONTINUOUS
10
1.5867992519685039
20
0.4091302755905512
11
1.5867989370078739
21
0.4091302755905512
0
LINE
8
BLACK
6
CONTINUOUS
10
1.5867989370078739
20
0.4091302755905512
11
1.5867988976377951
21
0.4091303149606299
0
LINE
8
BLACK
6
CONTINUOUS
10
1.5867988976377951
20
0.4091303149606299
11
1.5790159055118109
21
0.4098968503937008
0
LINE
8
BLACK
6
CONTINUOUS
10
1.5790159055118109
20
0.4098968503937008
11
1.5790156299212599
21
0.4098968503937008
0
LINE
8
BLACK
6
CONTINUOUS
10
1.5790156299212599
20
0.4098968503937008
11
1.5773075984251967
21
0.4097286220472441
0
LINE
8
BLACK
6
CONTINUOUS
10
1.5773075984251967
20
0.4097286220472441
11
1.5768213779527558
21
0.4097047244094488
0
LINE
8
BLACK
6
CONTINUOUS
10
1.5768213779527558
20
0.4097047244094488
11
0.9791308661417323
21
0.4097047244094488
0
LINE
8
BLACK
6
CONTINUOUS
10
0.9791308661417323
20
0.4097047244094488
11
0.9764489370078739
21
0.4104922047244094
0
LINE
8
BLACK
6
CONTINUOUS
10
0.9764489370078739
20
0.4104922047244094
11
0.9756231889763779
21
0.4111576771653543
0
LINE
8
BLACK
6
CONTINUOUS
10
0.9756231889763779
20
0.4111576771653543
11
0.3211576771653543
21
1.0656231889763779
0
LINE
8
BLACK
6
CONTINUOUS
10
0.3211576771653543
20
1.0656231889763779
11
0.3198180708661417
21
1.0680764173228345
0
LINE
8
BLACK
6
CONTINUOUS
10
0.3198180708661417
20
1.0680764173228345
11
0.3197047244094488
21
1.0691308661417323
0
LINE
8
BLACK
6
CONTINUOUS
10
0.3197047244094488
20
1.0691308661417323
11
0.3197047244094488
21
1.0697740551181103
0
LINE
8
BLACK
6
CONTINUOUS
10
0.3197047244094488
20
1.0697740551181103
11
0.3204922047244094
21
1.0724559842519685
0
LINE
8
BLACK
6
CONTINUOUS
10
0.3204922047244094
20
1.0724559842519685
11
0.3216925196850394
21
1.0737452362204725
0
LINE
8
BLACK
6
CONTINUOUS
10
0.3216925196850394
20
1.0737452362204725
11
0.3227292913385827
21
1.0745213385826771
0
LINE
8
BLACK
6
CONTINUOUS
10
0.3227292913385827
20
1.0745213385826771
11
0.3243016141732283
21
1.0756983858267717
0
LINE
8
BLACK
6
CONTINUOUS
10
0.3243016141732283
20
1.0756983858267717
11
0.3243016535433071
21
1.0756984251968504
0
LINE
8
BLACK
6
CONTINUOUS
10
0.3243016535433071
20
1.0756984251968504
11
0.3277514566929134
21
1.0803067716535433
0
LINE
8
BLACK
6
CONTINUOUS
10
0.3277514566929134
20
1.0803067716535433
11
0.3277515354330708
21
1.080306968503937
0
LINE
8
BLACK
6
CONTINUOUS
10
0.3277515354330708
20
1.080306968503937
11
0.3297633070866142
21
1.0857005905511812
0
LINE
8
BLACK
6
CONTINUOUS
10
0.3297633070866142
20
1.0857005905511812
11
0.3297633858267717
21
1.085700905511811
0
LINE
8
BLACK
6
CONTINUOUS
10
0.3297633858267717
20
1.085700905511811
11
0.3300196456692913
21
1.0880846456692914
0
LINE
8
BLACK
6
CONTINUOUS
10
0.3300196456692913
20
1.0880846456692914
11
0.3300196850393701
21
1.08808531496063
0
LINE
8
BLACK
6
CONTINUOUS
10
0.3300196850393701
20
1.08808531496063
11
0.3300196850393701
21
1.1519146456692912
0
LINE
8
BLACK
6
CONTINUOUS
10
0.3300196850393701
20
1.1519146456692912
11
0.3300196456692913
21
1.1519153149606298
0
LINE
8
BLACK
6
CONTINUOUS
10
0.3300196456692913
20
1.1519153149606298
11
0.3297633858267717
21
1.1542990551181103
0
LINE
8
BLACK
6
CONTINUOUS
10
0.3297633858267717
20
1.1542990551181103
11
0.3297633070866142
21
1.1542993700787401
0
LINE
8
BLACK
6
CONTINUOUS
10
0.3297633070866142
20
1.1542993700787401
11
0.3292884251968504
21
1.1555725196850393
0
LINE
8
BLACK
6
CONTINUOUS
10
0.3292884251968504
20
1.1555725196850393
11
0.3277515354330708
21
1.1596930708661417
0
LINE
8
BLACK
6
CONTINUOUS
10
0.3277515354330708
20
1.1596930708661417
11
0.3258358267716535
21
1.162252125984252
0
LINE
8
BLACK
6
CONTINUOUS
10
0.3258358267716535
20
1.162252125984252
11
0.3243016141732283
21
1.1643016141732283
0
LINE
8
BLACK
6
CONTINUOUS
10
0.3243016141732283
20
1.1643016141732283
11
0.3219943700787402
21
1.1660288188976378
0
LINE
8
BLACK
6
CONTINUOUS
10
0.3219943700787402
20
1.1660288188976378
11
0.3203192913385827
21
1.1682664566929133
0
LINE
8
BLACK
6
CONTINUOUS
10
0.3203192913385827
20
1.1682664566929133
11
0.3201199212598425
21
1.1710544881889764
0
LINE
8
BLACK
6
CONTINUOUS
10
0.3201199212598425
20
1.1710544881889764
11
0.3214594881889764
21
1.1735077165354331
0
LINE
8
BLACK
6
CONTINUOUS
10
0.3214594881889764
20
1.1735077165354331
11
0.3219943700787402
21
1.1739711811023621
0
LINE
8
BLACK
6
CONTINUOUS
10
0.3219943700787402
20
1.1739711811023621
11
0.3243016141732283
21
1.1756983464566928
0
LINE
8
BLACK
6
CONTINUOUS
10
0.3243016141732283
20
1.1756983464566928
11
0.3277514566929134
21
1.1803067716535434
0
LINE
8
BLACK
6
CONTINUOUS
10
0.3277514566929134
20
1.1803067716535434
11
0.3277515354330708
21
1.1803069685039369
0
LINE
8
BLACK
6
CONTINUOUS
10
0.3277515354330708
20
1.1803069685039369
11
0.3297633070866142
21
1.185700590551181
0
LINE
8
BLACK
6
CONTINUOUS
10
0.3297633070866142
20
1.185700590551181
11
0.3297633858267717
21
1.1857009055118111
0
LINE
8
BLACK
6
CONTINUOUS
10
0.3297633858267717
20
1.1857009055118111
11
0.3300196456692913
21
1.1880846456692913
0
LINE
8
BLACK
6
CONTINUOUS
10
0.3300196456692913
20
1.1880846456692913
11
0.3300196850393701
21
1.1880853149606299
0
LINE
8
BLACK
6
CONTINUOUS
10
0.3300196850393701
20
1.1880853149606299
11
0.3300196850393701
21
1.2519146456692913
0
LINE
8
BLACK
6
CONTINUOUS
10
0.3300196850393701
20
1.2519146456692913
11
0.3300196456692913
21
1.2519153149606299
0
LINE
8
BLACK
6
CONTINUOUS
10
0.3300196456692913
20
1.2519153149606299
11
0.3297633858267717
21
1.2542990551181101
0
LINE
8
BLACK
6
CONTINUOUS
10
0.3297633858267717
20
1.2542990551181101
11
0.3297633070866142
21
1.2542993700787402
0
LINE
8
BLACK
6
CONTINUOUS
10
0.3297633070866142
20
1.2542993700787402
11
0.328638779527559
21
1.2573142519685039
0
LINE
8
BLACK
6
CONTINUOUS
10
0.328638779527559
20
1.2573142519685039
11
0.3277515354330708
21
1.2596930708661418
0
LINE
8
BLACK
6
CONTINUOUS
10
0.3277515354330708
20
1.2596930708661418
11
0.3277427952755905
21
1.2597047244094488
0
LINE
8
BLACK
6
CONTINUOUS
10
0.3277427952755905
20
1.2597047244094488
11
0.3243016141732283
21
1.2643016141732284
0
LINE
8
BLACK
6
CONTINUOUS
10
0.3243016141732283
20
1.2643016141732284
11
0.3196931889763779
21
1.2677514566929133
0
LINE
8
BLACK
6
CONTINUOUS
10
0.3196931889763779
20
1.2677514566929133
11
0.3196931496062992
21
1.2677514566929133
0
LINE
8
BLACK
6
CONTINUOUS
10
0.3196931496062992
20
1.2677514566929133
11
0.3196930708661417
21
1.2677515354330708
0
LINE
8
BLACK
6
CONTINUOUS
10
0.3196930708661417
20
1.2677515354330708
11
0.3150411417322835
21
1.2694866141732284
0
LINE
8
BLACK
6
CONTINUOUS
10
0.3150411417322835
20
1.2694866141732284
11
0.3142993700787401
21
1.2697633070866141
0
LINE
8
BLACK
6
CONTINUOUS
10
0.3142993700787401
20
1.2697633070866141
11
0.3142993307086614
21
1.2697633070866141
0
LINE
8
BLACK
6
CONTINUOUS
10
0.3142993307086614
20
1.2697633070866141
11
0.3142992519685039
21
1.2697633464566929
0
LINE
8
BLACK
6
CONTINUOUS
10
0.3142992519685039
20
1.2697633464566929
11
0.3142991732283464
21
1.2697633464566929
0
LINE
8
BLACK
6
CONTINUOUS
10
0.3142991732283464
20
1.2697633464566929
11
0.3142990551181102
21
1.2697633858267716
0
LINE
8
BLACK
6
CONTINUOUS
10
0.3142990551181102
20
1.2697633858267716
11
0.3119153149606299
21
1.2700196456692914
0
LINE
8
BLACK
6
CONTINUOUS
10
0.3119153149606299
20
1.2700196456692914
11
0.311915157480315
21
1.2700196456692914
0
LINE
8
BLACK
6
CONTINUOUS
10
0.311915157480315
20
1.2700196456692914
11
0.3119148818897638
21
1.2700196850393701
0
LINE
8
BLACK
6
CONTINUOUS
10
0.3119148818897638
20
1.2700196850393701
11
0.2480851181102362
21
1.2700196850393701
0
LINE
8
BLACK
6
CONTINUOUS
10
0.2480851181102362
20
1.2700196850393701
11
0.248084842519685
21
1.2700196456692914
0
LINE
8
BLACK
6
CONTINUOUS
10
0.248084842519685
20
1.2700196456692914
11
0.2480846456692913
21
1.2700196456692914
0
LINE
8
BLACK
6
CONTINUOUS
10
0.2480846456692913
20
1.2700196456692914
11
0.245700905511811
21
1.2697633858267716
0
LINE
8
BLACK
6
CONTINUOUS
10
0.245700905511811
20
1.2697633858267716
11
0.2457005905511811
21
1.2697633070866141
0
LINE
8
BLACK
6
CONTINUOUS
10
0.2457005905511811
20
1.2697633070866141
11
0.2431183464566929
21
1.2688001574803149
0
LINE
8
BLACK
6
CONTINUOUS
10
0.2431183464566929
20
1.2688001574803149
11
0.2403069291338583
21
1.2677515354330708
0
LINE
8
BLACK
6
CONTINUOUS
10
0.2403069291338583
20
1.2677515354330708
11
0.2403068503937008
21
1.2677514960629921
0
LINE
8
BLACK
6
CONTINUOUS
10
0.2403068503937008
20
1.2677514960629921
11
0.2403067716535433
21
1.2677514566929133
0
LINE
8
BLACK
6
CONTINUOUS
10
0.2403067716535433
20
1.2677514566929133
11
0.2356983464566929
21
1.2643016141732284
0
LINE
8
BLACK
6
CONTINUOUS
10
0.2356983464566929
20
1.2643016141732284
11
0.2339711811023622
21
1.2619943700787402
0
LINE
8
BLACK
6
CONTINUOUS
10
0.2339711811023622
20
1.2619943700787402
11
0.2317335433070866
21
1.2603192913385826
0
LINE
8
BLACK
6
CONTINUOUS
10
0.2317335433070866
20
1.2603192913385826
11
0.2289455118110236
21
1.2601199212598424
0
LINE
8
BLACK
6
CONTINUOUS
10
0.2289455118110236
20
1.2601199212598424
11
0.2264922834645669
21
1.2614594881889762
0
LINE
8
BLACK
6
CONTINUOUS
10
0.2264922834645669
20
1.2614594881889762
11
0.2260288188976378
21
1.2619943700787402
0
LINE
8
BLACK
6
CONTINUOUS
10
0.2260288188976378
20
1.2619943700787402
11
0.2243016141732283
21
1.2643016141732284
0
LINE
8
BLACK
6
CONTINUOUS
10
0.2243016141732283
20
1.2643016141732284
11
0.2196931889763779
21
1.2677514566929133
0
LINE
8
BLACK
6
CONTINUOUS
10
0.2196931889763779
20
1.2677514566929133
11
0.2196931496062992
21
1.2677514566929133
0
LINE
8
BLACK
6
CONTINUOUS
10
0.2196931496062992
20
1.2677514566929133
11
0.2196930708661417
21
1.2677515354330708
0
LINE
8
BLACK
6
CONTINUOUS
10
0.2196930708661417
20
1.2677515354330708
11
0.2150411417322834
21
1.2694866141732284
0
LINE
8
BLACK
6
CONTINUOUS
10
0.2150411417322834
20
1.2694866141732284
11
0.2142993700787401
21
1.2697633070866141
0
LINE
8
BLACK
6
CONTINUOUS
10
0.2142993700787401
20
1.2697633070866141
11
0.2142993307086614
21
1.2697633070866141
0
LINE
8
BLACK
6
CONTINUOUS
10
0.2142993307086614
20
1.2697633070866141
11
0.2142992519685039
21
1.2697633464566929
0
LINE
8
BLACK
6
CONTINUOUS
10
0.2142992519685039
20
1.2697633464566929
11
0.2142991732283465
21
1.2697633464566929
0
LINE
8
BLACK
6
CONTINUOUS
10
0.2142991732283465
20
1.2697633464566929
11
0.2142990551181102
21
1.2697633858267716
0
LINE
8
BLACK
6
CONTINUOUS
10
0.2142990551181102
20
1.2697633858267716
11
0.2119153149606299
21
1.2700196456692914
0
LINE
8
BLACK
6
CONTINUOUS
10
0.2119153149606299
20
1.2700196456692914
11
0.2119151574803149
21
1.2700196456692914
0
LINE
8
BLACK
6
CONTINUOUS
10
0.2119151574803149
20
1.2700196456692914
11
0.2119148818897638
21
1.2700196850393701
0
LINE
8
BLACK
6
CONTINUOUS
10
0.2119148818897638
20
1.2700196850393701
11
0.1480851181102362
21
1.2700196850393701
0
LINE
8
BLACK
6
CONTINUOUS
10
0.1480851181102362
20
1.2700196850393701
11
0.148084842519685
21
1.2700196456692914
0
LINE
8
BLACK
6
CONTINUOUS
10
0.148084842519685
20
1.2700196456692914
11
0.1480846456692913
21
1.2700196456692914
0
LINE
8
BLACK
6
CONTINUOUS
10
0.1480846456692913
20
1.2700196456692914
11
0.145700905511811
21
1.2697633858267716
0
LINE
8
BLACK
6
CONTINUOUS
10
0.145700905511811
20
1.2697633858267716
11
0.1457005905511811
21
1.2697633070866141
0
LINE
8
BLACK
6
CONTINUOUS
10
0.1457005905511811
20
1.2697633070866141
11
0.1431183464566929
21
1.2688001574803149
0
LINE
8
BLACK
6
CONTINUOUS
10
0.1431183464566929
20
1.2688001574803149
11
0.1403069291338583
21
1.2677515354330708
0
LINE
8
BLACK
6
CONTINUOUS
10
0.1403069291338583
20
1.2677515354330708
11
0.1403068503937008
21
1.2677514960629921
0
LINE
8
BLACK
6
CONTINUOUS
10
0.1403068503937008
20
1.2677514960629921
11
0.1403067716535433
21
1.2677514566929133
0
LINE
8
BLACK
6
CONTINUOUS
10
0.1403067716535433
20
1.2677514566929133
11
0.1356983464566929
21
1.2643016141732284
0
LINE
8
BLACK
6
CONTINUOUS
10
0.1356983464566929
20
1.2643016141732284
11
0.1339711811023622
21
1.2619943700787402
0
LINE
8
BLACK
6
CONTINUOUS
10
0.1339711811023622
20
1.2619943700787402
11
0.1317335433070866
21
1.2603192913385826
0
LINE
8
BLACK
6
CONTINUOUS
10
0.1317335433070866
20
1.2603192913385826
11
0.1289455118110236
21
1.2601199212598424
0
LINE
8
BLACK
6
CONTINUOUS
10
0.1289455118110236
20
1.2601199212598424
11
0.1264922834645669
21
1.2614594881889762
0
LINE
8
BLACK
6
CONTINUOUS
10
0.1264922834645669
20
1.2614594881889762
11
0.1260288188976378
21
1.2619943700787402
0
LINE
8
BLACK
6
CONTINUOUS
10
0.1260288188976378
20
1.2619943700787402
11
0.1243016141732283
21
1.2643016141732284
0
LINE
8
BLACK
6
CONTINUOUS
10
0.1243016141732283
20
1.2643016141732284
11
0.119693188976378
21
1.2677514566929133
0
LINE
8
BLACK
6
CONTINUOUS
10
0.119693188976378
20
1.2677514566929133
11
0.1196931496062992
21
1.2677514566929133
0
LINE
8
BLACK
6
CONTINUOUS
10
0.1196931496062992
20
1.2677514566929133
11
0.1196930708661417
21
1.2677515354330708
0
LINE
8
BLACK
6
CONTINUOUS
10
0.1196930708661417
20
1.2677515354330708
11
0.1150411417322835
21
1.2694866141732284
0
LINE
8
BLACK
6
CONTINUOUS
10
0.1150411417322835
20
1.2694866141732284
11
0.1142993700787402
21
1.2697633070866141
0
LINE
8
BLACK
6
CONTINUOUS
10
0.1142993700787402
20
1.2697633070866141
11
0.1142993307086614
21
1.2697633070866141
0
LINE
8
BLACK
6
CONTINUOUS
10
0.1142993307086614
20
1.2697633070866141
11
0.1142992519685039
21
1.2697633464566929
0
LINE
8
BLACK
6
CONTINUOUS
10
0.1142992519685039
20
1.2697633464566929
11
0.1142991732283465
21
1.2697633464566929
0
LINE
8
BLACK
6
CONTINUOUS
10
0.1142991732283465
20
1.2697633464566929
11
0.1142990551181102
21
1.2697633858267716
0
LINE
8
BLACK
6
CONTINUOUS
10
0.1142990551181102
20
1.2697633858267716
11
0.1119153149606299
21
1.2700196456692914
0
LINE
8
BLACK
6
CONTINUOUS
10
0.1119153149606299
20
1.2700196456692914
11
0.111915157480315
21
1.2700196456692914
0
LINE
8
BLACK
6
CONTINUOUS
10
0.111915157480315
20
1.2700196456692914
11
0.1119148818897638
21
1.2700196850393701
0
LINE
8
BLACK
6
CONTINUOUS
10
0.1119148818897638
20
1.2700196850393701
11
0.0480851181102362
21
1.2700196850393701
0
LINE
8
BLACK
6
CONTINUOUS
10
0.0480851181102362
20
1.2700196850393701
11
0.048084842519685
21
1.2700196456692914
0
LINE
8
BLACK
6
CONTINUOUS
10
0.048084842519685
20
1.2700196456692914
11
0.0480846456692913
21
1.2700196456692914
0
LINE
8
BLACK
6
CONTINUOUS
10
0.0480846456692913
20
1.2700196456692914
11
0.045700905511811
21
1.2697633858267716
0
LINE
8
BLACK
6
CONTINUOUS
10
0.045700905511811
20
1.2697633858267716
11
0.0457005905511811
21
1.2697633070866141
0
LINE
8
BLACK
6
CONTINUOUS
10
0.0457005905511811
20
1.2697633070866141
11
0.0431183464566929
21
1.2688001574803149
0
LINE
8
BLACK
6
CONTINUOUS
10
0.0431183464566929
20
1.2688001574803149
11
0.0403069291338583
21
1.2677515354330708
0
LINE
8
BLACK
6
CONTINUOUS
10
0.0403069291338583
20
1.2677515354330708
11
0.0376380708661417
21
1.2657536614173228
0
LINE
8
BLACK
6
CONTINUOUS
10
0.0376380708661417
20
1.2657536614173228
11
0.0350192913385827
21
1.2647768897637794
0
LINE
8
BLACK
6
CONTINUOUS
10
0.0350192913385827
20
1.2647768897637794
11
0.032288031496063
21
1.2653710236220472
0
LINE
8
BLACK
6
CONTINUOUS
10
0.032288031496063
20
1.2653710236220472
11
0.0303115354330709
21
1.2673474803149607
0
LINE
8
BLACK
6
CONTINUOUS
10
0.0303115354330709
20
1.2673474803149607
11
0.0297047244094488
21
1.2697248818897637
0
LINE
8
BLACK
6
CONTINUOUS
10
0.0297047244094488
20
1.2697248818897637
11
0.0297047244094488
21
1.5653346456692914
0
LINE
8
BLACK
6
CONTINUOUS
10
0.0297047244094488
20
1.5653346456692914
11
0.0304922047244094
21
1.5680165748031496
0
LINE
8
BLACK
6
CONTINUOUS
10
0.0304922047244094
20
1.5680165748031496
11
0.0326046456692913
21
1.5698470078740157
0
LINE
8
BLACK
6
CONTINUOUS
10
0.0326046456692913
20
1.5698470078740157
11
0.0346653543307087
21
1.570295275590551
0
LINE
8
BLACK
6
CONTINUOUS
10
0.0346653543307087
20
1.570295275590551
11
2.3653346456692912
21
1.570295275590551
0
LINE
8
BLACK
6
CONTINUOUS
10
2.3653346456692912
20
1.570295275590551
11
2.3680165748031494
21
1.5695077952755905
0
LINE
8
BLACK
6
CONTINUOUS
10
0.6481071653543307
20
0.1221606299212598
11
1.0462453543307086
21
0.1221606299212598
0
LINE
8
BLACK
6
CONTINUOUS
10
1.0462453543307086
20
0.1221606299212598
11
1.0462453543307086
21
0.2334827559055118
0
LINE
8
BLACK
6
CONTINUOUS
10
1.0462453543307086
20
0.2334827559055118
11
0.6481071653543307
21
0.2334827559055118
0
LINE
8
BLACK
6
CONTINUOUS
10
0.6481071653543307
20
0.2334827559055118
11
0.6481071653543307
21
0.1221606299212598
0
LINE
8
BLACK
6
CONTINUOUS
10
2.1813076771653543
20
0.4776357480314961
11
2.1872990551181104
21
0.4755392913385827
0
LINE
8
BLACK
6
CONTINUOUS
10
2.1872990551181104
20
0.4755392913385827
11
2.1926737401574803
21
0.4721621653543307
0
LINE
8
BLACK
6
CONTINUOUS
10
2.1926737401574803
20
0.4721621653543307
11
2.1971621653543307
21
0.4676737401574803
0
LINE
8
BLACK
6
CONTINUOUS
10
2.1971621653543307
20
0.4676737401574803
11
2.2005392913385826
21
0.4622990551181102
0
LINE
8
BLACK
6
CONTINUOUS
10
2.2005392913385826
20
0.4622990551181102
11
2.2026357480314962
21
0.4563076771653543
0
LINE
8
BLACK
6
CONTINUOUS
10
2.2026357480314962
20
0.4563076771653543
11
2.2033464566929135
21
0.45
0
LINE
8
BLACK
6
CONTINUOUS
10
2.2033464566929135
20
0.45
11
2.2026357480314962
21
0.4436923228346457
0
LINE
8
BLACK
6
CONTINUOUS
10
2.2026357480314962
20
0.4436923228346457
11
2.2005392913385826
21
0.4377009448818898
0
LINE
8
BLACK
6
CONTINUOUS
10
2.2005392913385826
20
0.4377009448818898
11
2.1971621653543307
21
0.4323262598425197
0
LINE
8
BLACK
6
CONTINUOUS
10
2.1971621653543307
20
0.4323262598425197
11
2.1926737401574803
21
0.4278378346456693
0
LINE
8
BLACK
6
CONTINUOUS
10
2.1926737401574803
20
0.4278378346456693
11
2.1872990551181104
21
0.4244607086614173
0
LINE
8
BLACK
6
CONTINUOUS
10
2.1872990551181104
20
0.4244607086614173
11
2.1813076771653543
21
0.4223642519685039
0
LINE
8
BLACK
6
CONTINUOUS
10
2.1813076771653543
20
0.4223642519685039
11
2.1749999999999998
21
0.4216535433070866
0
LINE
8
BLACK
6
CONTINUOUS
10
2.1749999999999998
20
0.4216535433070866
11
2.1745437795275588
21
0.4217049212598425
0
LINE
8
BLACK
6
CONTINUOUS
10
2.1745437795275588
20
0.4217049212598425
11
2.088919409448819
21
0.3360805905511811
0
LINE
8
BLACK
6
CONTINUOUS
10
2.088919409448819
20
0.3360805905511811
11
2.0872340157480314
21
0.3348188976377953
0
LINE
8
BLACK
6
CONTINUOUS
10
2.0872340157480314
20
0.3348188976377953
11
2.0856425196850394
21
0.3334398818897638
0
LINE
8
BLACK
6
CONTINUOUS
10
2.0856425196850394
20
0.3334398818897638
11
2.0849996062992124
21
0.3331462598425197
0
LINE
8
BLACK
6
CONTINUOUS
10
2.0849996062992124
20
0.3331462598425197
11
2.0844340157480317
21
0.332722874015748
0
LINE
8
BLACK
6
CONTINUOUS
10
2.0844340157480317
20
0.332722874015748
11
2.0824612598425198
21
0.3319870472440945
0
LINE
8
BLACK
6
CONTINUOUS
10
2.0824612598425198
20
0.3319870472440945
11
2.0805459055118112
21
0.3311123622047244
0
LINE
8
BLACK
6
CONTINUOUS
10
2.0805459055118112
20
0.3311123622047244
11
2.0798464566929131
21
0.3310117716535433
0
LINE
8
BLACK
6
CONTINUOUS
10
2.0798464566929131
20
0.3310117716535433
11
2.0791843700787402
21
0.330764842519685
0
LINE
8
BLACK
6
CONTINUOUS
10
2.0791843700787402
20
0.330764842519685
11
2.0770841732283465
21
0.3306146062992126
0
LINE
8
BLACK
6
CONTINUOUS
10
2.0770841732283465
20
0.3306146062992126
11
2.0749999999999997
21
0.3303149606299213
0
LINE
8
BLACK
6
CONTINUOUS
10
2.0749999999999997
20
0.3303149606299213
11
2.0071850393700785
21
0.3303149606299213
0
LINE
8
BLACK
6
CONTINUOUS
10
2.0071850393700785
20
0.3303149606299213
11
2.0071850393700785
21
0.1625
0
LINE
8
BLACK
6
CONTINUOUS
10
2.0071850393700785
20
0.1625
11
2.0068853543307088
21
0.1604157874015748
0
LINE
8
BLACK
6
CONTINUOUS
10
2.0068853543307088
20
0.1604157874015748
11
2.0067351574803149
21
0.1583156299212598
0
LINE
8
BLACK
6
CONTINUOUS
10
2.0067351574803149
20
0.1583156299212598
11
2.0064881889763777
21
0.1576535039370079
0
LINE
8
BLACK
6
CONTINUOUS
10
2.0064881889763777
20
0.1576535039370079
11
2.0063876377952754
21
0.156954094488189
0
LINE
8
BLACK
6
CONTINUOUS
10
2.0063876377952754
20
0.156954094488189
11
2.0055129133858269
21
0.1550387007874016
0
LINE
8
BLACK
6
CONTINUOUS
10
2.0055129133858269
20
0.1550387007874016
11
2.0047771259842517
21
0.1530659842519685
0
LINE
8
BLACK
6
CONTINUOUS
10
2.0047771259842517
20
0.1530659842519685
11
2.0043537007874015
21
0.1525003543307087
0
LINE
8
BLACK
6
CONTINUOUS
10
2.0043537007874015
20
0.1525003543307087
11
2.0040601181102362
21
0.1518574803149606
0
LINE
8
BLACK
6
CONTINUOUS
10
2.0040601181102362
20
0.1518574803149606
11
2.0026810629921261
21
0.1502659448818898
0
LINE
8
BLACK
6
CONTINUOUS
10
2.0026810629921261
20
0.1502659448818898
11
2.0014194094488187
21
0.1485805905511811
0
LINE
8
BLACK
6
CONTINUOUS
10
2.0014194094488187
20
0.1485805905511811
11
1.9549999999999998
21
0.1021611811023622
0
LINE
8
BLACK
6
CONTINUOUS
10
1.9549999999999998
20
0.1021611811023622
11
1.9549999999999998
21
0.07
0
LINE
8
BLACK
6
CONTINUOUS
10
1.9549999999999998
20
0.07
11
1.895
21
0.07
0
LINE
8
BLACK
6
CONTINUOUS
10
1.895
20
0.07
11
1.895
21
0.0803149606299213
0
LINE
8
BLACK
6
CONTINUOUS
10
1.895
20
0.0803149606299213
11
1.855
21
0.0803149606299213
0
LINE
8
BLACK
6
CONTINUOUS
10
1.855
20
0.0803149606299213
11
1.855
21
0.07
0
LINE
8
BLACK
6
CONTINUOUS
10
1.855
20
0.07
11
1.7949999999999999
21
0.07
0
LINE
8
BLACK
6
CONTINUOUS
10
1.7949999999999999
20
0.07
11
1.7949999999999999
21
0.13
0
LINE
8
BLACK
6
CONTINUOUS
10
1.7949999999999999
20
0.13
11
1.855
21
0.13
0
LINE
8
BLACK
6
CONTINUOUS
10
1.855
20
0.13
11
1.855
21
0.1196850393700787
0
LINE
8
BLACK
6
CONTINUOUS
10
1.855
20
0.1196850393700787
11
1.895
21
0.1196850393700787
0
LINE
8
BLACK
6
CONTINUOUS
10
1.895
20
0.1196850393700787
11
1.895
21
0.13
0
LINE
8
BLACK
6
CONTINUOUS
10
1.895
20
0.13
11
1.9271611811023621
21
0.13
0
LINE
8
BLACK
6
CONTINUOUS
10
1.9271611811023621
20
0.13
11
1.9678149606299211
21
0.1706537795275591
0
LINE
8
BLACK
6
CONTINUOUS
10
1.9678149606299211
20
0.1706537795275591
11
1.9678149606299211
21
0.35
0
LINE
8
BLACK
6
CONTINUOUS
10
1.9678149606299211
20
0.35
11
1.9680153149606299
21
0.3513934251968504
0
LINE
8
BLACK
6
CONTINUOUS
10
1.9680153149606299
20
0.3513934251968504
11
1.9680153149606299
21
0.3528014566929134
0
LINE
8
BLACK
6
CONTINUOUS
10
1.9680153149606299
20
0.3528014566929134
11
1.9684120078740157
21
0.3541524803149606
0
LINE
8
BLACK
6
CONTINUOUS
10
1.9684120078740157
20
0.3541524803149606
11
1.9686123622047245
21
0.355545905511811
0
LINE
8
BLACK
6
CONTINUOUS
10
1.9686123622047245
20
0.355545905511811
11
1.969197125984252
21
0.3568264173228347
0
LINE
8
BLACK
6
CONTINUOUS
10
1.969197125984252
20
0.3568264173228347
11
1.9695938582677164
21
0.3581774803149606
0
LINE
8
BLACK
6
CONTINUOUS
10
1.9695938582677164
20
0.3581774803149606
11
1.9698031496062991
21
0.3585031102362204
0
LINE
8
BLACK
6
CONTINUOUS
10
1.9698031496062991
20
0.3585031102362204
11
1.9698031496062991
21
0.3775590551181102
0
LINE
8
BLACK
6
CONTINUOUS
10
1.9698031496062991
20
0.3775590551181102
11
2.0051968503937005
21
0.3775590551181102
0
LINE
8
BLACK
6
CONTINUOUS
10
2.0051968503937005
20
0.3775590551181102
11
2.0051968503937005
21
0.3696850393700787
0
LINE
8
BLACK
6
CONTINUOUS
10
2.0051968503937005
20
0.3696850393700787
11
2.0668462204724407
21
0.3696850393700787
0
LINE
8
BLACK
6
CONTINUOUS
10
2.0668462204724407
20
0.3696850393700787
11
2.1467049212598424
21
0.449543779527559
0
LINE
8
BLACK
6
CONTINUOUS
10
2.1467049212598424
20
0.449543779527559
11
2.1466535433070866
21
0.45
0
LINE
8
BLACK
6
CONTINUOUS
10
2.1466535433070866
20
0.45
11
2.1473642519685039
21
0.4563076771653543
0
LINE
8
BLACK
6
CONTINUOUS
10
2.1473642519685039
20
0.4563076771653543
11
2.1494607086614175
21
0.4622990551181102
0
LINE
8
BLACK
6
CONTINUOUS
10
2.1494607086614175
20
0.4622990551181102
11
2.1528378346456694
21
0.4676737401574803
0
LINE
8
BLACK
6
CONTINUOUS
10
2.1528378346456694
20
0.4676737401574803
11
2.1573262598425198
21
0.4721621653543307
0
LINE
8
BLACK
6
CONTINUOUS
10
2.1573262598425198
20
0.4721621653543307
11
2.1627009448818897
21
0.4755392913385827
0
LINE
8
BLACK
6
CONTINUOUS
10
2.1627009448818897
20
0.4755392913385827
11
2.1686923228346457
21
0.4776357480314961
0
LINE
8
BLACK
6
CONTINUOUS
10
2.1686923228346457
20
0.4776357480314961
11
2.1749999999999998
21
0.4783464566929134
0
LINE
8
BLACK
6
CONTINUOUS
10
2.1749999999999998
20
0.4783464566929134
11
2.1813076771653543
21
0.4776357480314961
0
LINE
8
BLACK
6
CONTINUOUS
10
1.855
20
0.2196850393700787
11
1.895
21
0.2196850393700787
0
LINE
8
BLACK
6
CONTINUOUS
10
1.895
20
0.2196850393700787
11
1.895
21
0.23
0
LINE
8
BLACK
6
CONTINUOUS
10
1.895
20
0.23
11
1.9549999999999998
21
0.23
0
LINE
8
BLACK
6
CONTINUOUS
10
1.9549999999999998
20
0.23
11
1.9549999999999998
21
0.17
0
LINE
8
BLACK
6
CONTINUOUS
10
1.9549999999999998
20
0.17
11
1.895
21
0.17
0
LINE
8
BLACK
6
CONTINUOUS
10
1.895
20
0.17
11
1.895
21
0.1803149606299213
0
LINE
8
BLACK
6
CONTINUOUS
10
1.895
20
0.1803149606299213
11
1.855
21
0.1803149606299213
0
LINE
8
BLACK
6
CONTINUOUS
10
1.855
20
0.1803149606299213
11
1.855
21
0.17
0
LINE
8
BLACK
6
CONTINUOUS
10
1.855
20
0.17
11
1.7949999999999999
21
0.17
0
LINE
8
BLACK
6
CONTINUOUS
10
1.7949999999999999
20
0.17
11
1.7949999999999999
21
0.23
0
LINE
8
BLACK
6
CONTINUOUS
10
1.7949999999999999
20
0.23
11
1.855
21
0.23
0
LINE
8
BLACK
6
CONTINUOUS
10
1.855
20
0.23
11
1.855
21
0.2196850393700787
0
LINE
8
BLACK
6
CONTINUOUS
10
0.31
20
1.0900000000000001
11
0.2996850393700787
21
1.0900000000000001
0
LINE
8
BLACK
6
CONTINUOUS
10
0.2996850393700787
20
1.0900000000000001
11
0.2996850393700787
21
1.0587837007874015
0
LINE
8
BLACK
6
CONTINUOUS
10
0.2996850393700787
20
1.0587837007874015
11
0.9687837007874015
21
0.3896850393700788
0
LINE
8
BLACK
6
CONTINUOUS
10
0.9687837007874015
20
0.3896850393700788
11
1.5790157480314961
21
0.3896850393700788
0
LINE
8
BLACK
6
CONTINUOUS
10
1.5790157480314961
20
0.3896850393700788
11
1.5810999212598424
21
0.3893853543307086
0
LINE
8
BLACK
6
CONTINUOUS
10
1.5810999212598424
20
0.3893853543307086
11
1.5832001181102362
21
0.389235157480315
0
LINE
8
BLACK
6
CONTINUOUS
10
1.5832001181102362
20
0.389235157480315
11
1.5838622047244093
21
0.3889881889763779
0
LINE
8
BLACK
6
CONTINUOUS
10
1.5838622047244093
20
0.3889881889763779
11
1.5845616535433071
21
0.3888876377952756
0
LINE
8
BLACK
6
CONTINUOUS
10
1.5845616535433071
20
0.3888876377952756
11
1.5864770078740158
21
0.3880129133858268
0
LINE
8
BLACK
6
CONTINUOUS
10
1.5864770078740158
20
0.3880129133858268
11
1.5884497637795276
21
0.387277125984252
0
LINE
8
BLACK
6
CONTINUOUS
10
1.5884497637795276
20
0.387277125984252
11
1.5890153543307086
21
0.3868537007874016
0
LINE
8
BLACK
6
CONTINUOUS
10
1.5890153543307086
20
0.3868537007874016
11
1.5896582677165354
21
0.3865601181102362
0
LINE
8
BLACK
6
CONTINUOUS
10
1.5896582677165354
20
0.3865601181102362
11
1.5912497637795275
21
0.385181062992126
0
LINE
8
BLACK
6
CONTINUOUS
10
1.5912497637795275
20
0.385181062992126
11
1.592935157480315
21
0.3839194094488189
0
LINE
8
BLACK
6
CONTINUOUS
10
1.592935157480315
20
0.3839194094488189
11
1.6561104724409448
21
0.320744094488189
0
LINE
8
BLACK
6
CONTINUOUS
10
1.6561104724409448
20
0.320744094488189
11
1.6571840551181103
21
0.3212447244094488
0
LINE
8
BLACK
6
CONTINUOUS
10
1.6571840551181103
20
0.3212447244094488
11
1.6654700787401575
21
0.3234649606299212
0
LINE
8
BLACK
6
CONTINUOUS
10
1.6654700787401575
20
0.3234649606299212
11
1.6740157480314961
21
0.3242125984251968
0
LINE
8
BLACK
6
CONTINUOUS
10
1.6740157480314961
20
0.3242125984251968
11
1.6825614173228347
21
0.3234649606299212
0
LINE
8
BLACK
6
CONTINUOUS
10
1.6825614173228347
20
0.3234649606299212
11
1.6908474409448819
21
0.3212447244094488
0
LINE
8
BLACK
6
CONTINUOUS
10
1.6908474409448819
20
0.3212447244094488
11
1.6986220472440945
21
0.3176193700787401
0
LINE
8
BLACK
6
CONTINUOUS
10
1.6986220472440945
20
0.3176193700787401
11
1.7056490157480315
21
0.3126990551181102
0
LINE
8
BLACK
6
CONTINUOUS
10
1.7056490157480315
20
0.3126990551181102
11
1.7077546062992126
21
0.3105934251968504
0
LINE
8
BLACK
6
CONTINUOUS
10
1.7077546062992126
20
0.3105934251968504
11
1.7949999999999999
21
0.3978388188976378
0
LINE
8
BLACK
6
CONTINUOUS
10
1.7949999999999999
20
0.3978388188976378
11
1.7949999999999999
21
0.43
0
LINE
8
BLACK
6
CONTINUOUS
10
1.7949999999999999
20
0.43
11
1.855
21
0.43
0
LINE
8
BLACK
6
CONTINUOUS
10
1.855
20
0.43
11
1.855
21
0.37
0
LINE
8
BLACK
6
CONTINUOUS
10
1.855
20
0.37
11
1.8228388188976377
21
0.37
0
LINE
8
BLACK
6
CONTINUOUS
10
1.8228388188976377
20
0.37
11
1.7227862992125984
21
0.2699474803149606
0
LINE
8
BLACK
6
CONTINUOUS
10
1.7227862992125984
20
0.2699474803149606
11
1.7224807086614173
21
0.2664543307086614
0
LINE
8
BLACK
6
CONTINUOUS
10
1.7224807086614173
20
0.2664543307086614
11
1.7202604724409449
21
0.2581683070866141
0
LINE
8
BLACK
6
CONTINUOUS
10
1.7202604724409449
20
0.2581683070866141
11
1.7166351181102362
21
0.2503937007874016
0
LINE
8
BLACK
6
CONTINUOUS
10
1.7166351181102362
20
0.2503937007874016
11
1.7117148031496063
21
0.2433667322834646
0
LINE
8
BLACK
6
CONTINUOUS
10
1.7117148031496063
20
0.2433667322834646
11
1.7056490157480315
21
0.2373009448818898
0
LINE
8
BLACK
6
CONTINUOUS
10
1.7056490157480315
20
0.2373009448818898
11
1.6986220472440945
21
0.2323806299212598
0
LINE
8
BLACK
6
CONTINUOUS
10
1.6986220472440945
20
0.2323806299212598
11
1.6908474409448819
21
0.2287552755905512
0
LINE
8
BLACK
6
CONTINUOUS
10
1.6908474409448819
20
0.2287552755905512
11
1.6825614173228347
21
0.2265350393700787
0
LINE
8
BLACK
6
CONTINUOUS
10
1.6825614173228347
20
0.2265350393700787
11
1.6740157480314961
21
0.2257874015748031
0
LINE
8
BLACK
6
CONTINUOUS
10
1.6740157480314961
20
0.2257874015748031
11
1.6654700787401575
21
0.2265350393700787
0
LINE
8
BLACK
6
CONTINUOUS
10
1.6654700787401575
20
0.2265350393700787
11
1.6571840551181103
21
0.2287552755905512
0
LINE
8
BLACK
6
CONTINUOUS
10
1.6571840551181103
20
0.2287552755905512
11
1.6494094488188975
21
0.2323806299212598
0
LINE
8
BLACK
6
CONTINUOUS
10
1.6494094488188975
20
0.2323806299212598
11
1.6423824803149607
21
0.2373009448818898
0
LINE
8
BLACK
6
CONTINUOUS
10
1.6423824803149607
20
0.2373009448818898
11
1.6363166929133859
21
0.2433667322834646
0
LINE
8
BLACK
6
CONTINUOUS
10
1.6363166929133859
20
0.2433667322834646
11
1.6313963779527558
21
0.2503937007874016
0
LINE
8
BLACK
6
CONTINUOUS
10
1.6313963779527558
20
0.2503937007874016
11
1.6277710236220473
21
0.2581683070866141
0
LINE
8
BLACK
6
CONTINUOUS
10
1.6277710236220473
20
0.2581683070866141
11
1.6255507874015747
21
0.2664543307086614
0
LINE
8
BLACK
6
CONTINUOUS
10
1.6255507874015747
20
0.2664543307086614
11
1.6248031496062991
21
0.275
0
LINE
8
BLACK
6
CONTINUOUS
10
1.6248031496062991
20
0.275
11
1.6255507874015747
21
0.2835456692913386
0
LINE
8
BLACK
6
CONTINUOUS
10
1.6255507874015747
20
0.2835456692913386
11
1.6277710236220473
21
0.2918316929133858
0
LINE
8
BLACK
6
CONTINUOUS
10
1.6277710236220473
20
0.2918316929133858
11
1.6282716141732283
21
0.2929052362204724
0
LINE
8
BLACK
6
CONTINUOUS
10
1.6282716141732283
20
0.2929052362204724
11
1.5708619685039369
21
0.3503149606299212
0
LINE
8
BLACK
6
CONTINUOUS
10
1.5708619685039369
20
0.3503149606299212
11
0.9606299212598425
21
0.3503149606299212
0
LINE
8
BLACK
6
CONTINUOUS
10
0.9606299212598425
20
0.3503149606299212
11
0.9585457086614173
21
0.3506146062992126
0
LINE
8
BLACK
6
CONTINUOUS
10
0.9585457086614173
20
0.3506146062992126
11
0.9564455511811023
21
0.350764842519685
0
LINE
8
BLACK
6
CONTINUOUS
10
0.9564455511811023
20
0.350764842519685
11
0.9557834251968503
21
0.3510117716535433
0
LINE
8
BLACK
6
CONTINUOUS
10
0.9557834251968503
20
0.3510117716535433
11
0.9550840157480315
21
0.3511123622047244
0
LINE
8
BLACK
6
CONTINUOUS
10
0.9550840157480315
20
0.3511123622047244
11
0.9531686220472441
21
0.3519870472440945
0
LINE
8
BLACK
6
CONTINUOUS
10
0.9531686220472441
20
0.3519870472440945
11
0.951195905511811
21
0.352722874015748
0
LINE
8
BLACK
6
CONTINUOUS
10
0.951195905511811
20
0.352722874015748
11
0.9506302755905511
21
0.3531462598425197
0
LINE
8
BLACK
6
CONTINUOUS
10
0.9506302755905511
20
0.3531462598425197
11
0.9499874015748031
21
0.3534398818897638
0
LINE
8
BLACK
6
CONTINUOUS
10
0.9499874015748031
20
0.3534398818897638
11
0.9483958661417322
21
0.3548188976377953
0
LINE
8
BLACK
6
CONTINUOUS
10
0.9483958661417322
20
0.3548188976377953
11
0.9467105118110236
21
0.3560805905511811
0
LINE
8
BLACK
6
CONTINUOUS
10
0.9467105118110236
20
0.3560805905511811
11
0.2660805905511811
21
1.0367105118110236
0
LINE
8
BLACK
6
CONTINUOUS
10
0.2660805905511811
20
1.0367105118110236
11
0.2648188976377953
21
1.0383958661417323
0
LINE
8
BLACK
6
CONTINUOUS
10
0.2648188976377953
20
1.0383958661417323
11
0.2634398818897637
21
1.0399874015748032
0
LINE
8
BLACK
6
CONTINUOUS
10
0.2634398818897637
20
1.0399874015748032
11
0.2631462598425197
21
1.0406302755905512
0
LINE
8
BLACK
6
CONTINUOUS
10
0.2631462598425197
20
1.0406302755905512
11
0.262722874015748
21
1.041195905511811
0
LINE
8
BLACK
6
CONTINUOUS
10
0.262722874015748
20
1.041195905511811
11
0.2619870472440945
21
1.043168622047244
0
LINE
8
BLACK
6
CONTINUOUS
10
0.2619870472440945
20
1.043168622047244
11
0.2611123622047244
21
1.0450840157480314
0
LINE
8
BLACK
6
CONTINUOUS
10
0.2611123622047244
20
1.0450840157480314
11
0.2610117716535433
21
1.0457834251968503
0
LINE
8
BLACK
6
CONTINUOUS
10
0.2610117716535433
20
1.0457834251968503
11
0.260764842519685
21
1.0464455511811024
0
LINE
8
BLACK
6
CONTINUOUS
10
0.260764842519685
20
1.0464455511811024
11
0.2606146062992126
21
1.0485457086614174
0
LINE
8
BLACK
6
CONTINUOUS
10
0.2606146062992126
20
1.0485457086614174
11
0.2603149606299213
21
1.0506299212598424
0
LINE
8
BLACK
6
CONTINUOUS
10
0.2603149606299213
20
1.0506299212598424
11
0.2603149606299213
21
1.0900000000000001
0
LINE
8
BLACK
6
CONTINUOUS
10
0.2603149606299213
20
1.0900000000000001
11
0.25
21
1.0900000000000001
0
LINE
8
BLACK
6
CONTINUOUS
10
0.25
20
1.0900000000000001
11
0.25
21
1.1499999999999999
0
LINE
8
BLACK
6
CONTINUOUS
10
0.25
20
1.1499999999999999
11
0.31
21
1.1499999999999999
0
LINE
8
BLACK
6
CONTINUOUS
10
0.31
20
1.1499999999999999
11
0.31
21
1.0900000000000001
0
LINE
8
BLACK
6
CONTINUOUS
10
0.1095299212598425
20
0.8484649606299213
11
0.1178159448818898
21
0.8462447244094488
0
LINE
8
BLACK
6
CONTINUOUS
10
0.1178159448818898
20
0.8462447244094488
11
0.1255905511811024
21
0.8426193700787401
0
LINE
8
BLACK
6
CONTINUOUS
10
0.1255905511811024
20
0.8426193700787401
11
0.1326175196850394
21
0.8376990551181103
0
LINE
8
BLACK
6
CONTINUOUS
10
0.1326175196850394
20
0.8376990551181103
11
0.1386833070866142
21
0.8316332677165355
0
LINE
8
BLACK
6
CONTINUOUS
10
0.1386833070866142
20
0.8316332677165355
11
0.1436036220472441
21
0.8246062992125984
0
LINE
8
BLACK
6
CONTINUOUS
10
0.1436036220472441
20
0.8246062992125984
11
0.1472289763779528
21
0.8168316929133858
0
LINE
8
BLACK
6
CONTINUOUS
10
0.1472289763779528
20
0.8168316929133858
11
0.1494492125984252
21
0.8085456692913385
0
LINE
8
BLACK
6
CONTINUOUS
10
0.1494492125984252
20
0.8085456692913385
11
0.1501968503937008
21
0.7999999999999999
0
LINE
8
BLACK
6
CONTINUOUS
10
0.1501968503937008
20
0.7999999999999999
11
0.1494492125984252
21
0.7914543307086614
0
LINE
8
BLACK
6
CONTINUOUS
10
0.1494492125984252
20
0.7914543307086614
11
0.1472289763779528
21
0.7831683070866141
0
LINE
8
BLACK
6
CONTINUOUS
10
0.1472289763779528
20
0.7831683070866141
11
0.1436036220472441
21
0.7753937007874016
0
LINE
8
BLACK
6
CONTINUOUS
10
0.1436036220472441
20
0.7753937007874016
11
0.1386833070866142
21
0.7683667322834645
0
LINE
8
BLACK
6
CONTINUOUS
10
0.1386833070866142
20
0.7683667322834645
11
0.1326175196850394
21
0.7623009448818897
0
LINE
8
BLACK
6
CONTINUOUS
10
0.1326175196850394
20
0.7623009448818897
11
0.1255905511811024
21
0.7573806299212599
0
LINE
8
BLACK
6
CONTINUOUS
10
0.1255905511811024
20
0.7573806299212599
11
0.1206692913385827
21
0.7550857874015748
0
LINE
8
BLACK
6
CONTINUOUS
10
0.1206692913385827
20
0.7550857874015748
11
0.1206692913385827
21
0.608153779527559
0
LINE
8
BLACK
6
CONTINUOUS
10
0.1206692913385827
20
0.608153779527559
11
0.4085474803149606
21
0.3202755905511811
0
LINE
8
BLACK
6
CONTINUOUS
10
0.4085474803149606
20
0.3202755905511811
11
0.471259842519685
21
0.3202755905511811
0
LINE
8
BLACK
6
CONTINUOUS
10
0.471259842519685
20
0.3202755905511811
11
0.471259842519685
21
0.2297244094488189
0
LINE
8
BLACK
6
CONTINUOUS
10
0.471259842519685
20
0.2297244094488189
11
0.3807086614173228
21
0.2297244094488189
0
LINE
8
BLACK
6
CONTINUOUS
10
0.3807086614173228
20
0.2297244094488189
11
0.3807086614173228
21
0.2924367716535433
0
LINE
8
BLACK
6
CONTINUOUS
10
0.3807086614173228
20
0.2924367716535433
11
0.087064842519685
21
0.5860805905511811
0
LINE
8
BLACK
6
CONTINUOUS
10
0.087064842519685
20
0.5860805905511811
11
0.0858031496062992
21
0.5877659448818897
0
LINE
8
BLACK
6
CONTINUOUS
10
0.0858031496062992
20
0.5877659448818897
11
0.0844241338582677
21
0.5893574803149606
0
LINE
8
BLACK
6
CONTINUOUS
10
0.0844241338582677
20
0.5893574803149606
11
0.0841305118110236
21
0.5900003543307086
0
LINE
8
BLACK
6
CONTINUOUS
10
0.0841305118110236
20
0.5900003543307086
11
0.083707125984252
21
0.5905659842519685
0
LINE
8
BLACK
6
CONTINUOUS
10
0.083707125984252
20
0.5905659842519685
11
0.0829712992125984
21
0.5925387007874016
0
LINE
8
BLACK
6
CONTINUOUS
10
0.0829712992125984
20
0.5925387007874016
11
0.0820966141732283
21
0.594454094488189
0
LINE
8
BLACK
6
CONTINUOUS
10
0.0820966141732283
20
0.594454094488189
11
0.0819960236220472
21
0.5951535039370078
0
LINE
8
BLACK
6
CONTINUOUS
10
0.0819960236220472
20
0.5951535039370078
11
0.081749094488189
21
0.5958156299212598
0
LINE
8
BLACK
6
CONTINUOUS
10
0.081749094488189
20
0.5958156299212598
11
0.0815988582677165
21
0.5979157874015748
0
LINE
8
BLACK
6
CONTINUOUS
10
0.0815988582677165
20
0.5979157874015748
11
0.0812992125984252
21
0.6
0
LINE
8
BLACK
6
CONTINUOUS
10
0.0812992125984252
20
0.6
11
0.0812992125984252
21
0.7550857874015748
0
LINE
8
BLACK
6
CONTINUOUS
10
0.0812992125984252
20
0.7550857874015748
11
0.0763779527559055
21
0.7573806299212599
0
LINE
8
BLACK
6
CONTINUOUS
10
0.0763779527559055
20
0.7573806299212599
11
0.0693509842519685
21
0.7623009448818897
0
LINE
8
BLACK
6
CONTINUOUS
10
0.0693509842519685
20
0.7623009448818897
11
0.0632851968503937
21
0.7683667322834645
0
LINE
8
BLACK
6
CONTINUOUS
10
0.0632851968503937
20
0.7683667322834645
11
0.0583648818897638
21
0.7753937007874016
0
LINE
8
BLACK
6
CONTINUOUS
10
0.0583648818897638
20
0.7753937007874016
11
0.0547395275590551
21
0.7831683070866141
0
LINE
8
BLACK
6
CONTINUOUS
10
0.0547395275590551
20
0.7831683070866141
11
0.0525192913385827
21
0.7914543307086614
0
LINE
8
BLACK
6
CONTINUOUS
10
0.0525192913385827
20
0.7914543307086614
11
0.0517716535433071
21
0.7999999999999999
0
LINE
8
BLACK
6
CONTINUOUS
10
0.0517716535433071
20
0.7999999999999999
11
0.0525192913385827
21
0.8085456692913385
0
LINE
8
BLACK
6
CONTINUOUS
10
0.0525192913385827
20
0.8085456692913385
11
0.0547395275590551
21
0.8168316929133858
0
LINE
8
BLACK
6
CONTINUOUS
10
0.0547395275590551
20
0.8168316929133858
11
0.0583648818897638
21
0.8246062992125984
0
LINE
8
BLACK
6
CONTINUOUS
10
0.0583648818897638
20
0.8246062992125984
11
0.0632851968503937
21
0.8316332677165355
0
LINE
8
BLACK
6
CONTINUOUS
10
0.0632851968503937
20
0.8316332677165355
11
0.0693509842519685
21
0.8376990551181103
0
LINE
8
BLACK
6
CONTINUOUS
10
0.0693509842519685
20
0.8376990551181103
11
0.0763779527559055
21
0.8426193700787401
0
LINE
8
BLACK
6
CONTINUOUS
10
0.0763779527559055
20
0.8426193700787401
11
0.0841525590551181
21
0.8462447244094488
0
LINE
8
BLACK
6
CONTINUOUS
10
0.0841525590551181
20
0.8462447244094488
11
0.0924385826771654
21
0.8484649606299213
0
LINE
8
BLACK
6
CONTINUOUS
10
0.0924385826771654
20
0.8484649606299213
11
0.1009842519685039
21
0.8492125984251968
0
LINE
8
BLACK
6
CONTINUOUS
10
0.1009842519685039
20
0.8492125984251968
11
0.1095299212598425
21
0.8484649606299213
0
LINE
8
BLACK
6
CONTINUOUS
10
1.855
20
1.5196850393700787
11
1.895
21
1.5196850393700787
0
LINE
8
BLACK
6
CONTINUOUS
10
1.895
20
1.5196850393700787
11
1.895
21
1.53
0
LINE
8
BLACK
6
CONTINUOUS
10
1.895
20
1.53
11
1.9549999999999998
21
1.53
0
LINE
8
BLACK
6
CONTINUOUS
10
1.9549999999999998
20
1.53
11
1.9549999999999998
21
1.47
0
LINE
8
BLACK
6
CONTINUOUS
10
1.9549999999999998
20
1.47
11
1.895
21
1.47
0
LINE
8
BLACK
6
CONTINUOUS
10
1.895
20
1.47
11
1.895
21
1.4803149606299213
0
LINE
8
BLACK
6
CONTINUOUS
10
1.895
20
1.4803149606299213
11
1.855
21
1.4803149606299213
0
LINE
8
BLACK
6
CONTINUOUS
10
1.855
20
1.4803149606299213
11
1.855
21
1.47
0
LINE
8
BLACK
6
CONTINUOUS
10
1.855
20
1.47
11
1.7949999999999999
21
1.47
0
LINE
8
BLACK
6
CONTINUOUS
10
1.7949999999999999
20
1.47
11
1.7949999999999999
21
1.4803149606299213
0
LINE
8
BLACK
6
CONTINUOUS
10
1.7949999999999999
20
1.4803149606299213
11
1.7725238582677165
21
1.4803149606299213
0
LINE
8
BLACK
6
CONTINUOUS
10
1.7725238582677165
20
1.4803149606299213
11
1.6937007874015748
21
1.4014918897637796
0
LINE
8
BLACK
6
CONTINUOUS
10
1.6937007874015748
20
1.4014918897637796
11
1.6937007874015748
21
1.370275590551181
0
LINE
8
BLACK
6
CONTINUOUS
10
1.6937007874015748
20
1.370275590551181
11
1.7192913385826771
21
1.370275590551181
0
LINE
8
BLACK
6
CONTINUOUS
10
1.7192913385826771
20
1.370275590551181
11
1.7192913385826771
21
1.3075632283464567
0
LINE
8
BLACK
6
CONTINUOUS
10
1.7192913385826771
20
1.3075632283464567
11
1.8821695275590551
21
1.1446850393700787
0
LINE
8
BLACK
6
CONTINUOUS
10
1.8821695275590551
20
1.1446850393700787
11
1.9075
21
1.1446850393700787
0
LINE
8
BLACK
6
CONTINUOUS
10
1.9075
20
1.1446850393700787
11
1.9075
21
1.1525590551181102
0
LINE
8
BLACK
6
CONTINUOUS
10
1.9075
20
1.1525590551181102
11
1.9424999999999999
21
1.1525590551181102
0
LINE
8
BLACK
6
CONTINUOUS
10
1.9424999999999999
20
1.1525590551181102
11
1.9424999999999999
21
1.1338094094488189
0
LINE
8
BLACK
6
CONTINUOUS
10
1.9424999999999999
20
1.1338094094488189
11
1.9429061417322835
21
1.1331774803149606
0
LINE
8
BLACK
6
CONTINUOUS
10
1.9429061417322835
20
1.1331774803149606
11
1.9431051968503936
21
1.1324994094488188
0
LINE
8
BLACK
6
CONTINUOUS
10
1.9431051968503936
20
1.1324994094488188
11
1.9434438976377952
21
1.1318792125984252
0
LINE
8
BLACK
6
CONTINUOUS
10
1.9434438976377952
20
1.1318792125984252
11
1.9438914566929133
21
1.1298217716535432
0
LINE
8
BLACK
6
CONTINUOUS
10
1.9438914566929133
20
1.1298217716535432
11
1.94448468503937
21
1.1278014566929133
0
LINE
8
BLACK
6
CONTINUOUS
10
1.94448468503937
20
1.1278014566929133
11
1.94448468503937
21
1.1270947637795274
0
LINE
8
BLACK
6
CONTINUOUS
10
1.94448468503937
20
1.1270947637795274
11
1.9446348818897636
21
1.1264043307086613
0
LINE
8
BLACK
6
CONTINUOUS
10
1.9446348818897636
20
1.1264043307086613
11
1.94448468503937
21
1.1243043700787401
0
LINE
8
BLACK
6
CONTINUOUS
10
1.94448468503937
20
1.1243043700787401
11
1.94448468503937
21
1.1221985433070867
0
LINE
8
BLACK
6
CONTINUOUS
10
1.94448468503937
20
1.1221985433070867
11
1.9442855511811024
21
1.1215203937007874
0
LINE
8
BLACK
6
CONTINUOUS
10
1.9442855511811024
20
1.1215203937007874
11
1.9442351574803149
21
1.1208156299212597
0
LINE
8
BLACK
6
CONTINUOUS
10
1.9442351574803149
20
1.1208156299212597
11
1.9434994094488189
21
1.1188431102362204
0
LINE
8
BLACK
6
CONTINUOUS
10
1.9434994094488189
20
1.1188431102362204
11
1.9429061417322835
21
1.1168225196850394
0
LINE
8
BLACK
6
CONTINUOUS
10
1.9429061417322835
20
1.1168225196850394
11
1.9425240157480315
21
1.1162279133858268
0
LINE
8
BLACK
6
CONTINUOUS
10
1.9425240157480315
20
1.1162279133858268
11
1.9424999999999999
21
1.1161635039370079
0
LINE
8
BLACK
6
CONTINUOUS
10
1.9424999999999999
20
1.1161635039370079
11
1.9424999999999999
21
1.0974409448818898
0
LINE
8
BLACK
6
CONTINUOUS
10
1.9424999999999999
20
1.0974409448818898
11
1.9321850393700788
21
1.0974409448818898
0
LINE
8
BLACK
6
CONTINUOUS
10
1.9321850393700788
20
1.0974409448818898
11
1.9321850393700788
21
1.0446850393700786
0
LINE
8
BLACK
6
CONTINUOUS
10
1.9321850393700788
20
1.0446850393700786
11
1.9681299212598424
21
1.0446850393700786
0
LINE
8
BLACK
6
CONTINUOUS
10
1.9681299212598424
20
1.0446850393700786
11
2.0074999999999998
21
1.0446850393700786
0
LINE
8
BLACK
6
CONTINUOUS
10
2.0074999999999998
20
1.0446850393700786
11
2.0074999999999998
21
1.0525590551181103
0
LINE
8
BLACK
6
CONTINUOUS
10
2.0074999999999998
20
1.0525590551181103
11
2.0425
21
1.0525590551181103
0
LINE
8
BLACK
6
CONTINUOUS
10
2.0425
20
1.0525590551181103
11
2.0425
21
1.0338094094488188
0
LINE
8
BLACK
6
CONTINUOUS
10
2.0425
20
1.0338094094488188
11
2.0429061417322836
21
1.0331774803149607
0
LINE
8
BLACK
6
CONTINUOUS
10
2.0429061417322836
20
1.0331774803149607
11
2.0444846850393699
21
1.0278014566929135
0
LINE
8
BLACK
6
CONTINUOUS
10
2.0444846850393699
20
1.0278014566929135
11
2.0444846850393699
21
1.0221985433070866
0
LINE
8
BLACK
6
CONTINUOUS
10
2.0444846850393699
20
1.0221985433070866
11
2.0429061417322836
21
1.0168225196850393
0
LINE
8
BLACK
6
CONTINUOUS
10
2.0429061417322836
20
1.0168225196850393
11
2.0425
21
1.0161905511811022
0
LINE
8
BLACK
6
CONTINUOUS
10
2.0425
20
1.0161905511811022
11
2.0425
21
0.9974409448818897
0
LINE
8
BLACK
6
CONTINUOUS
10
2.0425
20
0.9974409448818897
11
2.0074999999999998
21
0.9974409448818897
0
LINE
8
BLACK
6
CONTINUOUS
10
2.0074999999999998
20
0.9974409448818897
11
2.0074999999999998
21
1.0053149606299212
0
LINE
8
BLACK
6
CONTINUOUS
10
2.0074999999999998
20
1.0053149606299212
11
1.9681299212598424
21
1.0053149606299212
0
LINE
8
BLACK
6
CONTINUOUS
10
1.9681299212598424
20
1.0053149606299212
11
1.9321850393700788
21
1.0053149606299212
0
LINE
8
BLACK
6
CONTINUOUS
10
1.9321850393700788
20
1.0053149606299212
11
1.9321850393700788
21
0.9249999999999999
0
LINE
8
BLACK
6
CONTINUOUS
10
1.9321850393700788
20
0.9249999999999999
11
1.93198468503937
21
0.9236065354330708
0
LINE
8
BLACK
6
CONTINUOUS
10
1.93198468503937
20
0.9236065354330708
11
1.93198468503937
21
0.9221985433070866
0
LINE
8
BLACK
6
CONTINUOUS
10
1.93198468503937
20
0.9221985433070866
11
1.9315879527559054
21
0.9208474803149606
0
LINE
8
BLACK
6
CONTINUOUS
10
1.9315879527559054
20
0.9208474803149606
11
1.9313876377952754
21
0.9194540944881889
0
LINE
8
BLACK
6
CONTINUOUS
10
1.9313876377952754
20
0.9194540944881889
11
1.9308028346456692
21
0.9181735433070866
0
LINE
8
BLACK
6
CONTINUOUS
10
1.9308028346456692
20
0.9181735433070866
11
1.9304061417322835
21
0.9168225196850394
0
LINE
8
BLACK
6
CONTINUOUS
10
1.9304061417322835
20
0.9168225196850394
11
1.9299999999999999
21
0.9161905511811024
0
LINE
8
BLACK
6
CONTINUOUS
10
1.9299999999999999
20
0.9161905511811024
11
1.9299999999999999
21
0.8974409448818897
0
LINE
8
BLACK
6
CONTINUOUS
10
1.9299999999999999
20
0.8974409448818897
11
1.895
21
0.8974409448818897
0
LINE
8
BLACK
6
CONTINUOUS
10
1.895
20
0.8974409448818897
11
1.895
21
0.9053149606299212
0
LINE
8
BLACK
6
CONTINUOUS
10
1.895
20
0.9053149606299212
11
1.8706537795275591
21
0.9053149606299212
0
LINE
8
BLACK
6
CONTINUOUS
10
1.8706537795275591
20
0.9053149606299212
11
1.8139195275590552
21
0.8485807086614173
0
LINE
8
BLACK
6
CONTINUOUS
10
1.8139195275590552
20
0.8485807086614173
11
1.8139194488188977
21
0.8485805905511811
0
LINE
8
BLACK
6
CONTINUOUS
10
1.8139194488188977
20
0.8485805905511811
11
1.812863031496063
21
0.8475241732283464
0
LINE
8
BLACK
6
CONTINUOUS
10
1.812863031496063
20
0.8475241732283464
11
1.8808597244094487
21
0.7795275590551181
0
LINE
8
BLACK
6
CONTINUOUS
10
1.8808597244094487
20
0.7795275590551181
11
1.9416296850393699
21
0.7795275590551181
0
LINE
8
BLACK
6
CONTINUOUS
10
1.9416296850393699
20
0.7795275590551181
11
1.9974409448818897
21
0.8353388188976377
0
LINE
8
BLACK
6
CONTINUOUS
10
1.9974409448818897
20
0.8353388188976377
11
1.9974409448818897
21
0.8425
0
LINE
8
BLACK
6
CONTINUOUS
10
1.9974409448818897
20
0.8425
11
2.0061044881889765
21
0.8425
0
LINE
8
BLACK
6
CONTINUOUS
10
2.0061044881889765
20
0.8425
11
2.0074796456692914
21
0.8430129133858267
0
LINE
8
BLACK
6
CONTINUOUS
10
2.0074796456692914
20
0.8430129133858267
11
2.0093950393700788
21
0.8438876377952755
0
LINE
8
BLACK
6
CONTINUOUS
10
2.0093950393700788
20
0.8438876377952755
11
2.0100944488188976
21
0.843988188976378
0
LINE
8
BLACK
6
CONTINUOUS
10
2.0100944488188976
20
0.843988188976378
11
2.0107565748031497
21
0.844235157480315
0
LINE
8
BLACK
6
CONTINUOUS
10
2.0107565748031497
20
0.844235157480315
11
2.0128567322834647
21
0.8443853543307086
0
LINE
8
BLACK
6
CONTINUOUS
10
2.0128567322834647
20
0.8443853543307086
11
2.0149409448818898
21
0.8446850393700788
0
LINE
8
BLACK
6
CONTINUOUS
10
2.0149409448818898
20
0.8446850393700788
11
2.0249999999999999
21
0.8446850393700788
0
LINE
8
BLACK
6
CONTINUOUS
10
2.0249999999999999
20
0.8446850393700788
11
2.0305459055118109
21
0.8438876377952755
0
LINE
8
BLACK
6
CONTINUOUS
10
2.0305459055118109
20
0.8438876377952755
11
2.0335844488188974
21
0.8425
0
LINE
8
BLACK
6
CONTINUOUS
10
2.0335844488188974
20
0.8425
11
2.0525590551181101
21
0.8425
0
LINE
8
BLACK
6
CONTINUOUS
10
2.0525590551181101
20
0.8425
11
2.0525590551181101
21
0.8297711023622047
0
LINE
8
BLACK
6
CONTINUOUS
10
2.0525590551181101
20
0.8297711023622047
11
2.114830157480315
21
0.7675
0
LINE
8
BLACK
6
CONTINUOUS
10
2.114830157480315
20
0.7675
11
2.1525590551181102
21
0.7675
0
LINE
8
BLACK
6
CONTINUOUS
10
2.1525590551181102
20
0.7675
11
2.1525590551181102
21
0.7324999999999999
0
LINE
8
BLACK
6
CONTINUOUS
10
2.1525590551181102
20
0.7324999999999999
11
2.0974409448818898
21
0.7324999999999999
0
LINE
8
BLACK
6
CONTINUOUS
10
2.0974409448818898
20
0.7324999999999999
11
2.0974409448818898
21
0.7403470078740158
0
LINE
8
BLACK
6
CONTINUOUS
10
2.0974409448818898
20
0.7403470078740158
11
2.0313214173228347
21
0.8064664960629921
0
LINE
8
BLACK
6
CONTINUOUS
10
2.0313214173228347
20
0.8064664960629921
11
2.0305459055118109
21
0.8061123622047244
0
LINE
8
BLACK
6
CONTINUOUS
10
2.0305459055118109
20
0.8061123622047244
11
2.0249999999999999
21
0.8053149606299213
0
LINE
8
BLACK
6
CONTINUOUS
10
2.0249999999999999
20
0.8053149606299213
11
2.0230947637795276
21
0.8053149606299213
0
LINE
8
BLACK
6
CONTINUOUS
10
2.0230947637795276
20
0.8053149606299213
11
1.9590551181102362
21
0.7412753149606299
0
LINE
8
BLACK
6
CONTINUOUS
10
1.9590551181102362
20
0.7412753149606299
11
1.9590551181102362
21
0.7362451181102362
0
LINE
8
BLACK
6
CONTINUOUS
10
1.9590551181102362
20
0.7362451181102362
11
2.0389194094488188
21
0.6563808267716535
0
LINE
8
BLACK
6
CONTINUOUS
10
2.0389194094488188
20
0.6563808267716535
11
2.0401810629921258
21
0.6546954330708661
0
LINE
8
BLACK
6
CONTINUOUS
10
2.0401810629921258
20
0.6546954330708661
11
2.0415601181102363
21
0.6531039370078739
0
LINE
8
BLACK
6
CONTINUOUS
10
2.0415601181102363
20
0.6531039370078739
11
2.0418537007874016
21
0.6524610236220473
0
LINE
8
BLACK
6
CONTINUOUS
10
2.0418537007874016
20
0.6524610236220473
11
2.0422771259842518
21
0.6518954330708662
0
LINE
8
BLACK
6
CONTINUOUS
10
2.0422771259842518
20
0.6518954330708662
11
2.0430129133858266
21
0.6499226771653543
0
LINE
8
BLACK
6
CONTINUOUS
10
2.0430129133858266
20
0.6499226771653543
11
2.0438876377952755
21
0.6480073228346457
0
LINE
8
BLACK
6
CONTINUOUS
10
2.0438876377952755
20
0.6480073228346457
11
2.0439881889763778
21
0.647307874015748
0
LINE
8
BLACK
6
CONTINUOUS
10
2.0439881889763778
20
0.647307874015748
11
2.044235157480315
21
0.6466457874015747
0
LINE
8
BLACK
6
CONTINUOUS
10
2.044235157480315
20
0.6466457874015747
11
2.0443853543307084
21
0.6445455905511811
0
LINE
8
BLACK
6
CONTINUOUS
10
2.0443853543307084
20
0.6445455905511811
11
2.0446850393700786
21
0.6424614173228347
0
LINE
8
BLACK
6
CONTINUOUS
10
2.0446850393700786
20
0.6424614173228347
11
2.0446850393700786
21
0.575
0
LINE
8
BLACK
6
CONTINUOUS
10
2.0446850393700786
20
0.575
11
2.0443853543307084
21
0.5729157874015748
0
LINE
8
BLACK
6
CONTINUOUS
10
2.0443853543307084
20
0.5729157874015748
11
2.044235157480315
21
0.5708156299212598
0
LINE
8
BLACK
6
CONTINUOUS
10
2.044235157480315
20
0.5708156299212598
11
2.0439881889763778
21
0.5701535039370078
0
LINE
8
BLACK
6
CONTINUOUS
10
2.0439881889763778
20
0.5701535039370078
11
2.0438876377952755
21
0.569454094488189
0
LINE
8
BLACK
6
CONTINUOUS
10
2.0438876377952755
20
0.569454094488189
11
2.0430129527559053
21
0.567538779527559
0
LINE
8
BLACK
6
CONTINUOUS
10
2.0430129527559053
20
0.567538779527559
11
2.0425
21
0.5661634645669291
0
LINE
8
BLACK
6
CONTINUOUS
10
2.0425
20
0.5661634645669291
11
2.0425
21
0.5474409448818898
0
LINE
8
BLACK
6
CONTINUOUS
10
2.0425
20
0.5474409448818898
11
2.0252798031496062
21
0.5474409448818898
0
LINE
8
BLACK
6
CONTINUOUS
10
2.0252798031496062
20
0.5474409448818898
11
1.9321850393700788
21
0.4543461811023622
0
LINE
8
BLACK
6
CONTINUOUS
10
1.9321850393700788
20
0.4543461811023622
11
1.9321850393700788
21
0.45
0
LINE
8
BLACK
6
CONTINUOUS
10
1.9321850393700788
20
0.45
11
1.9321850393700788
21
0.35
0
LINE
8
BLACK
6
CONTINUOUS
10
1.9321850393700788
20
0.35
11
1.9313876377952754
21
0.344454094488189
0
LINE
8
BLACK
6
CONTINUOUS
10
1.9313876377952754
20
0.344454094488189
11
1.9299999999999999
21
0.3414155511811023
0
LINE
8
BLACK
6
CONTINUOUS
10
1.9299999999999999
20
0.3414155511811023
11
1.9299999999999999
21
0.3224409448818897
0
LINE
8
BLACK
6
CONTINUOUS
10
1.9299999999999999
20
0.3224409448818897
11
1.895
21
0.3224409448818897
0
LINE
8
BLACK
6
CONTINUOUS
10
1.895
20
0.3224409448818897
11
1.895
21
0.3414155511811023
0
LINE
8
BLACK
6
CONTINUOUS
10
1.895
20
0.3414155511811023
11
1.8936123622047243
21
0.344454094488189
0
LINE
8
BLACK
6
CONTINUOUS
10
1.8936123622047243
20
0.344454094488189
11
1.8928149606299212
21
0.35
0
LINE
8
BLACK
6
CONTINUOUS
10
1.8928149606299212
20
0.35
11
1.8928149606299212
21
0.45
0
LINE
8
BLACK
6
CONTINUOUS
10
1.8928149606299212
20
0.45
11
1.8928149606299212
21
0.4625
0
LINE
8
BLACK
6
CONTINUOUS
10
1.8928149606299212
20
0.4625
11
1.8931146062992126
21
0.4645841732283464
0
LINE
8
BLACK
6
CONTINUOUS
10
1.8931146062992126
20
0.4645841732283464
11
1.893264842519685
21
0.4666843700787401
0
LINE
8
BLACK
6
CONTINUOUS
10
1.893264842519685
20
0.4666843700787401
11
1.8935117716535432
21
0.4673464566929134
0
LINE
8
BLACK
6
CONTINUOUS
10
1.8935117716535432
20
0.4673464566929134
11
1.8936123622047243
21
0.468045905511811
0
LINE
8
BLACK
6
CONTINUOUS
10
1.8936123622047243
20
0.468045905511811
11
1.8944870472440944
21
0.4699612598425197
0
LINE
8
BLACK
6
CONTINUOUS
10
1.8944870472440944
20
0.4699612598425197
11
1.895
21
0.4713364566929134
0
LINE
8
BLACK
6
CONTINUOUS
10
1.895
20
0.4713364566929134
11
1.895
21
0.4775590551181102
0
LINE
8
BLACK
6
CONTINUOUS
10
1.895
20
0.4775590551181102
11
1.8997202362204724
21
0.4775590551181102
0
LINE
8
BLACK
6
CONTINUOUS
10
1.8997202362204724
20
0.4775590551181102
11
2.0053149606299212
21
0.5831537795275591
0
LINE
8
BLACK
6
CONTINUOUS
10
2.0053149606299212
20
0.5831537795275591
11
2.0053149606299212
21
0.6343076377952755
0
LINE
8
BLACK
6
CONTINUOUS
10
2.0053149606299212
20
0.6343076377952755
11
1.9191501574803149
21
0.7204724409448818
0
LINE
8
BLACK
6
CONTINUOUS
10
1.9191501574803149
20
0.7204724409448818
11
1.8409448818897638
21
0.7204724409448818
0
LINE
8
BLACK
6
CONTINUOUS
10
1.8409448818897638
20
0.7204724409448818
11
1.8409448818897638
21
0.76376468503937
0
LINE
8
BLACK
6
CONTINUOUS
10
1.8409448818897638
20
0.76376468503937
11
1.7868946456692913
21
0.8178149606299212
0
LINE
8
BLACK
6
CONTINUOUS
10
1.7868946456692913
20
0.8178149606299212
11
1.7749999999999999
21
0.8178149606299212
0
LINE
8
BLACK
6
CONTINUOUS
10
1.7749999999999999
20
0.8178149606299212
11
1.7743005118110236
21
0.8179155118110236
0
LINE
8
BLACK
6
CONTINUOUS
10
1.7743005118110236
20
0.8179155118110236
11
1.7735956692913386
21
0.8178651181102362
0
LINE
8
BLACK
6
CONTINUOUS
10
1.7735956692913386
20
0.8178651181102362
11
1.7722198425196849
21
0.8181643700787401
0
LINE
8
BLACK
6
CONTINUOUS
10
1.7722198425196849
20
0.8181643700787401
11
1.7708156299212598
21
0.818264842519685
0
LINE
8
BLACK
6
CONTINUOUS
10
1.7708156299212598
20
0.818264842519685
11
1.7701535039370078
21
0.8185117716535433
0
LINE
8
BLACK
6
CONTINUOUS
10
1.7701535039370078
20
0.8185117716535433
11
1.7694540944881889
21
0.8186123622047244
0
LINE
8
BLACK
6
CONTINUOUS
10
1.7694540944881889
20
0.8186123622047244
11
1.7688113779527559
21
0.8189058661417322
0
LINE
8
BLACK
6
CONTINUOUS
10
1.7688113779527559
20
0.8189058661417322
11
1.7681207874015747
21
0.8190561023622047
0
LINE
8
BLACK
6
CONTINUOUS
10
1.7681207874015747
20
0.8190561023622047
11
1.7668849212598425
21
0.819730905511811
0
LINE
8
BLACK
6
CONTINUOUS
10
1.7668849212598425
20
0.819730905511811
11
1.7661635433070866
21
0.82
0
LINE
8
BLACK
6
CONTINUOUS
10
1.7661635433070866
20
0.82
11
1.7474409448818897
21
0.82
0
LINE
8
BLACK
6
CONTINUOUS
10
1.7474409448818897
20
0.82
11
1.7474409448818897
21
0.8303149606299213
0
LINE
8
BLACK
6
CONTINUOUS
10
1.7474409448818897
20
0.8303149606299213
11
1.675
21
0.8303149606299213
0
LINE
8
BLACK
6
CONTINUOUS
10
1.675
20
0.8303149606299213
11
1.6736065354330709
21
0.8305153149606299
0
LINE
8
BLACK
6
CONTINUOUS
10
1.6736065354330709
20
0.8305153149606299
11
1.6721985433070865
21
0.8305153149606299
0
LINE
8
BLACK
6
CONTINUOUS
10
1.6721985433070865
20
0.8305153149606299
11
1.6708474803149607
21
0.8309120078740158
0
LINE
8
BLACK
6
CONTINUOUS
10
1.6708474803149607
20
0.8309120078740158
11
1.669454094488189
21
0.8311123622047244
0
LINE
8
BLACK
6
CONTINUOUS
10
1.669454094488189
20
0.8311123622047244
11
1.6681735433070866
21
0.8316971259842519
0
LINE
8
BLACK
6
CONTINUOUS
10
1.6681735433070866
20
0.8316971259842519
11
1.6668225196850392
21
0.8320938582677165
0
LINE
8
BLACK
6
CONTINUOUS
10
1.6668225196850392
20
0.8320938582677165
11
1.6661905511811024
21
0.8325
0
LINE
8
BLACK
6
CONTINUOUS
10
1.6661905511811024
20
0.8325
11
1.6474409448818896
21
0.8325
0
LINE
8
BLACK
6
CONTINUOUS
10
1.6474409448818896
20
0.8325
11
1.6474409448818896
21
0.8606299212598425
0
LINE
8
BLACK
6
CONTINUOUS
10
1.6474409448818896
20
0.8606299212598425
11
1.6356299212598424
21
0.8606299212598425
0
LINE
8
BLACK
6
CONTINUOUS
10
1.6356299212598424
20
0.8606299212598425
11
1.6356299212598424
21
0.8791149606299212
0
LINE
8
BLACK
6
CONTINUOUS
10
1.6356299212598424
20
0.8791149606299212
11
1.5742
21
0.8791149606299212
0
LINE
8
BLACK
6
CONTINUOUS
10
1.5742
20
0.8791149606299212
11
1.5742
21
0.8486
0
LINE
8
BLACK
6
CONTINUOUS
10
1.5742
20
0.8486
11
1.4758
21
0.8486
0
LINE
8
BLACK
6
CONTINUOUS
10
1.4758
20
0.8486
11
1.4758
21
0.8791149606299212
0
LINE
8
BLACK
6
CONTINUOUS
10
1.4758
20
0.8791149606299212
11
1.0911999999999999
21
0.8791149606299212
0
LINE
8
BLACK
6
CONTINUOUS
10
1.0911999999999999
20
0.8791149606299212
11
1.0891157874015749
21
0.8794146062992125
0
LINE
8
BLACK
6
CONTINUOUS
10
1.0891157874015749
20
0.8794146062992125
11
1.0870156299212599
21
0.879564842519685
0
LINE
8
BLACK
6
CONTINUOUS
10
1.0870156299212599
20
0.879564842519685
11
1.0863535039370078
21
0.8798117716535433
0
LINE
8
BLACK
6
CONTINUOUS
10
1.0863535039370078
20
0.8798117716535433
11
1.0856540944881889
21
0.8799123622047244
0
LINE
8
BLACK
6
CONTINUOUS
10
1.0856540944881889
20
0.8799123622047244
11
1.083738779527559
21
0.8807870078740158
0
LINE
8
BLACK
6
CONTINUOUS
10
1.083738779527559
20
0.8807870078740158
11
1.0817659448818897
21
0.881522874015748
0
LINE
8
BLACK
6
CONTINUOUS
10
1.0817659448818897
20
0.881522874015748
11
1.0812002362204725
21
0.8819462992125984
0
LINE
8
BLACK
6
CONTINUOUS
10
1.0812002362204725
20
0.8819462992125984
11
1.0805574803149607
21
0.8822398818897638
0
LINE
8
BLACK
6
CONTINUOUS
10
1.0805574803149607
20
0.8822398818897638
11
1.0789662204724408
21
0.8836187007874016
0
LINE
8
BLACK
6
CONTINUOUS
10
1.0789662204724408
20
0.8836187007874016
11
1.0772805511811023
21
0.8848805905511811
0
LINE
8
BLACK
6
CONTINUOUS
10
1.0772805511811023
20
0.8848805905511811
11
1.076080590551181
21
0.886080590551181
0
LINE
8
BLACK
6
CONTINUOUS
10
1.076080590551181
20
0.886080590551181
11
1.072722874015748
21
0.8905659842519685
0
LINE
8
BLACK
6
CONTINUOUS
10
1.072722874015748
20
0.8905659842519685
11
1.070764842519685
21
0.8958156299212598
0
LINE
8
BLACK
6
CONTINUOUS
10
1.070764842519685
20
0.8958156299212598
11
1.0703651181102363
21
0.9014043307086614
0
LINE
8
BLACK
6
CONTINUOUS
10
1.0703651181102363
20
0.9014043307086614
11
1.0715561023622047
21
0.9068792125984252
0
LINE
8
BLACK
6
CONTINUOUS
10
1.0715561023622047
20
0.9068792125984252
11
1.0742412992125985
21
0.911796811023622
0
LINE
8
BLACK
6
CONTINUOUS
10
1.0742412992125985
20
0.911796811023622
11
1.0782031889763779
21
0.9157587007874015
0
LINE
8
BLACK
6
CONTINUOUS
10
1.0782031889763779
20
0.9157587007874015
11
1.0831207874015747
21
0.9184438976377952
0
LINE
8
BLACK
6
CONTINUOUS
10
1.0831207874015747
20
0.9184438976377952
11
1.0885956692913386
21
0.9196348818897637
0
LINE
8
BLACK
6
CONTINUOUS
10
1.0885956692913386
20
0.9196348818897637
11
1.0941843700787401
21
0.9192351574803149
0
LINE
8
BLACK
6
CONTINUOUS
10
1.0941843700787401
20
0.9192351574803149
11
1.0961955118110236
21
0.9184850393700787
0
LINE
8
BLACK
6
CONTINUOUS
10
1.0961955118110236
20
0.9184850393700787
11
1.4758
21
0.9184850393700787
0
LINE
8
BLACK
6
CONTINUOUS
10
1.4758
20
0.9184850393700787
11
1.4758
21
0.949
0
LINE
8
BLACK
6
CONTINUOUS
10
1.4758
20
0.949
11
1.5742
21
0.949
0
LINE
8
BLACK
6
CONTINUOUS
10
1.5742
20
0.949
11
1.5742
21
0.9184850393700787
0
LINE
8
BLACK
6
CONTINUOUS
10
1.5742
20
0.9184850393700787
11
1.6356299212598424
21
0.9184850393700787
0
LINE
8
BLACK
6
CONTINUOUS
10
1.6356299212598424
20
0.9184850393700787
11
1.6356299212598424
21
0.9393700787401574
0
LINE
8
BLACK
6
CONTINUOUS
10
1.6356299212598424
20
0.9393700787401574
11
1.7143700787401575
21
0.9393700787401574
0
LINE
8
BLACK
6
CONTINUOUS
10
1.7143700787401575
20
0.9393700787401574
11
1.7143700787401575
21
0.8696850393700787
0
LINE
8
BLACK
6
CONTINUOUS
10
1.7143700787401575
20
0.8696850393700787
11
1.7793461811023621
21
0.8696850393700787
0
LINE
8
BLACK
6
CONTINUOUS
10
1.7793461811023621
20
0.8696850393700787
11
1.786080590551181
21
0.8764194488188977
0
LINE
8
BLACK
6
CONTINUOUS
10
1.786080590551181
20
0.8764194488188977
11
1.7860807086614172
21
0.8764195275590551
0
LINE
8
BLACK
6
CONTINUOUS
10
1.7860807086614172
20
0.8764195275590551
11
1.848580590551181
21
0.9389194094488189
0
LINE
8
BLACK
6
CONTINUOUS
10
1.848580590551181
20
0.9389194094488189
11
1.8502659448818897
21
0.940181062992126
0
LINE
8
BLACK
6
CONTINUOUS
10
1.8502659448818897
20
0.940181062992126
11
1.8518574803149606
21
0.9415601181102362
0
LINE
8
BLACK
6
CONTINUOUS
10
1.8518574803149606
20
0.9415601181102362
11
1.8525003543307086
21
0.9418537007874016
0
LINE
8
BLACK
6
CONTINUOUS
10
1.8525003543307086
20
0.9418537007874016
11
1.8530659842519686
21
0.942277125984252
0
LINE
8
BLACK
6
CONTINUOUS
10
1.8530659842519686
20
0.942277125984252
11
1.8550387007874016
21
0.9430129133858267
0
LINE
8
BLACK
6
CONTINUOUS
10
1.8550387007874016
20
0.9430129133858267
11
1.856954094488189
21
0.9438876377952755
0
LINE
8
BLACK
6
CONTINUOUS
10
1.856954094488189
20
0.9438876377952755
11
1.8576535039370079
21
0.9439881889763779
0
LINE
8
BLACK
6
CONTINUOUS
10
1.8576535039370079
20
0.9439881889763779
11
1.8583156299212598
21
0.9442351574803149
0
LINE
8
BLACK
6
CONTINUOUS
10
1.8583156299212598
20
0.9442351574803149
11
1.8604157874015748
21
0.9443853543307087
0
LINE
8
BLACK
6
CONTINUOUS
10
1.8604157874015748
20
0.9443853543307087
11
1.8625
21
0.9446850393700787
0
LINE
8
BLACK
6
CONTINUOUS
10
1.8625
20
0.9446850393700787
11
1.8928149606299212
21
0.9446850393700787
0
LINE
8
BLACK
6
CONTINUOUS
10
1.8928149606299212
20
0.9446850393700787
11
1.8928149606299212
21
1.0249999999999999
0
LINE
8
BLACK
6
CONTINUOUS
10
1.8928149606299212
20
1.0249999999999999
11
1.8928149606299212
21
1.0250000393700787
0
LINE
8
BLACK
6
CONTINUOUS
10
1.8928149606299212
20
1.0250000393700787
11
1.8928149606299212
21
1.1053149606299213
0
LINE
8
BLACK
6
CONTINUOUS
10
1.8928149606299212
20
1.1053149606299213
11
1.8740157480314961
21
1.1053149606299213
0
LINE
8
BLACK
6
CONTINUOUS
10
1.8740157480314961
20
1.1053149606299213
11
1.8719315354330708
21
1.1056146062992125
0
LINE
8
BLACK
6
CONTINUOUS
10
1.8719315354330708
20
1.1056146062992125
11
1.8698313779527558
21
1.1057648425196851
0
LINE
8
BLACK
6
CONTINUOUS
10
1.8698313779527558
20
1.1057648425196851
11
1.8691692519685039
21
1.1060117716535434
0
LINE
8
BLACK
6
CONTINUOUS
10
1.8691692519685039
20
1.1060117716535434
11
1.8684698425196851
21
1.1061123622047244
0
LINE
8
BLACK
6
CONTINUOUS
10
1.8684698425196851
20
1.1061123622047244
11
1.8665544488188976
21
1.1069870472440944
0
LINE
8
BLACK
6
CONTINUOUS
10
1.8665544488188976
20
1.1069870472440944
11
1.8645817322834646
21
1.1077228740157481
0
LINE
8
BLACK
6
CONTINUOUS
10
1.8645817322834646
20
1.1077228740157481
11
1.8640161023622046
21
1.1081462598425196
0
LINE
8
BLACK
6
CONTINUOUS
10
1.8640161023622046
20
1.1081462598425196
11
1.8633732283464566
21
1.1084398818897638
0
LINE
8
BLACK
6
CONTINUOUS
10
1.8633732283464566
20
1.1084398818897638
11
1.8617816929133857
21
1.1098188976377952
0
LINE
8
BLACK
6
CONTINUOUS
10
1.8617816929133857
20
1.1098188976377952
11
1.8600963385826772
21
1.1110805905511811
0
LINE
8
BLACK
6
CONTINUOUS
10
1.8600963385826772
20
1.1110805905511811
11
1.6914525196850394
21
1.2797244094488189
0
LINE
8
BLACK
6
CONTINUOUS
10
1.6914525196850394
20
1.2797244094488189
11
1.6287401574803149
21
1.2797244094488189
0
LINE
8
BLACK
6
CONTINUOUS
10
1.6287401574803149
20
1.2797244094488189
11
1.6287401574803149
21
1.370275590551181
0
LINE
8
BLACK
6
CONTINUOUS
10
1.6287401574803149
20
1.370275590551181
11
1.6543307086614172
21
1.370275590551181
0
LINE
8
BLACK
6
CONTINUOUS
10
1.6543307086614172
20
1.370275590551181
11
1.6543307086614172
21
1.4096456692913386
0
LINE
8
BLACK
6
CONTINUOUS
10
1.6543307086614172
20
1.4096456692913386
11
1.6546303543307086
21
1.4117298425196849
0
LINE
8
BLACK
6
CONTINUOUS
10
1.6546303543307086
20
1.4117298425196849
11
1.654780590551181
21
1.4138300393700787
0
LINE
8
BLACK
6
CONTINUOUS
10
1.654780590551181
20
1.4138300393700787
11
1.6550275196850393
21
1.414492125984252
0
LINE
8
BLACK
6
CONTINUOUS
10
1.6550275196850393
20
1.414492125984252
11
1.6551281102362205
21
1.4151915748031496
0
LINE
8
BLACK
6
CONTINUOUS
10
1.6551281102362205
20
1.4151915748031496
11
1.6560027952755905
21
1.4171069291338583
0
LINE
8
BLACK
6
CONTINUOUS
10
1.6560027952755905
20
1.4171069291338583
11
1.656738622047244
21
1.4190796850393701
0
LINE
8
BLACK
6
CONTINUOUS
10
1.656738622047244
20
1.4190796850393701
11
1.6571620078740157
21
1.4196452755905511
0
LINE
8
BLACK
6
CONTINUOUS
10
1.6571620078740157
20
1.4196452755905511
11
1.6574556299212597
21
1.4202881889763779
0
LINE
8
BLACK
6
CONTINUOUS
10
1.6574556299212597
20
1.4202881889763779
11
1.6588346456692913
21
1.42187968503937
0
LINE
8
BLACK
6
CONTINUOUS
10
1.6588346456692913
20
1.42187968503937
11
1.660096338582677
21
1.4235650787401575
0
LINE
8
BLACK
6
CONTINUOUS
10
1.660096338582677
20
1.4235650787401575
11
1.7504506692913386
21
1.5139194094488189
0
LINE
8
BLACK
6
CONTINUOUS
10
1.7504506692913386
20
1.5139194094488189
11
1.7521360236220471
21
1.5151810629921258
0
LINE
8
BLACK
6
CONTINUOUS
10
1.7521360236220471
20
1.5151810629921258
11
1.753727559055118
21
1.5165601181102362
0
LINE
8
BLACK
6
CONTINUOUS
10
1.753727559055118
20
1.5165601181102362
11
1.754370433070866
21
1.5168537007874014
0
LINE
8
BLACK
6
CONTINUOUS
10
1.754370433070866
20
1.5168537007874014
11
1.754936062992126
21
1.5172771259842519
0
LINE
8
BLACK
6
CONTINUOUS
10
1.754936062992126
20
1.5172771259842519
11
1.7569087795275591
21
1.5180129133858267
0
LINE
8
BLACK
6
CONTINUOUS
10
1.7569087795275591
20
1.5180129133858267
11
1.7588241732283465
21
1.5188876377952756
0
LINE
8
BLACK
6
CONTINUOUS
10
1.7588241732283465
20
1.5188876377952756
11
1.7595235826771654
21
1.5189881889763779
0
LINE
8
BLACK
6
CONTINUOUS
10
1.7595235826771654
20
1.5189881889763779
11
1.7601857086614172
21
1.5192351574803149
0
LINE
8
BLACK
6
CONTINUOUS
10
1.7601857086614172
20
1.5192351574803149
11
1.7622858661417322
21
1.5193853543307085
0
LINE
8
BLACK
6
CONTINUOUS
10
1.7622858661417322
20
1.5193853543307085
11
1.7643700787401575
21
1.5196850393700787
0
LINE
8
BLACK
6
CONTINUOUS
10
1.7643700787401575
20
1.5196850393700787
11
1.7949999999999999
21
1.5196850393700787
0
LINE
8
BLACK
6
CONTINUOUS
10
1.7949999999999999
20
1.5196850393700787
11
1.7949999999999999
21
1.53
0
LINE
8
BLACK
6
CONTINUOUS
10
1.7949999999999999
20
1.53
11
1.855
21
1.53
0
LINE
8
BLACK
6
CONTINUOUS
10
1.855
20
1.53
11
1.855
21
1.5196850393700787
0
LINE
8
BLACK
6
CONTINUOUS
10
2.0813076771653543
20
0.4776357480314961
11
2.0872990551181103
21
0.4755392913385827
0
LINE
8
BLACK
6
CONTINUOUS
10
2.0872990551181103
20
0.4755392913385827
11
2.0926737401574802
21
0.4721621653543307
0
LINE
8
BLACK
6
CONTINUOUS
10
2.0926737401574802
20
0.4721621653543307
11
2.0971621653543306
21
0.4676737401574803
0
LINE
8
BLACK
6
CONTINUOUS
10
2.0971621653543306
20
0.4676737401574803
11
2.1005392913385825
21
0.4622990551181102
0
LINE
8
BLACK
6
CONTINUOUS
10
2.1005392913385825
20
0.4622990551181102
11
2.1026357480314961
21
0.4563076771653543
0
LINE
8
BLACK
6
CONTINUOUS
10
2.1026357480314961
20
0.4563076771653543
11
2.1033464566929134
21
0.45
0
LINE
8
BLACK
6
CONTINUOUS
10
2.1033464566929134
20
0.45
11
2.1026357480314961
21
0.4436923228346457
0
LINE
8
BLACK
6
CONTINUOUS
10
2.1026357480314961
20
0.4436923228346457
11
2.1005392913385825
21
0.4377009448818898
0
LINE
8
BLACK
6
CONTINUOUS
10
2.1005392913385825
20
0.4377009448818898
11
2.0971621653543306
21
0.4323262598425197
0
LINE
8
BLACK
6
CONTINUOUS
10
2.0971621653543306
20
0.4323262598425197
11
2.0926737401574802
21
0.4278378346456693
0
LINE
8
BLACK
6
CONTINUOUS
10
2.0926737401574802
20
0.4278378346456693
11
2.0872990551181103
21
0.4244607086614173
0
LINE
8
BLACK
6
CONTINUOUS
10
2.0872990551181103
20
0.4244607086614173
11
2.0813076771653543
21
0.4223642519685039
0
LINE
8
BLACK
6
CONTINUOUS
10
2.0813076771653543
20
0.4223642519685039
11
2.0749999999999997
21
0.4216535433070866
0
LINE
8
BLACK
6
CONTINUOUS
10
2.0749999999999997
20
0.4216535433070866
11
2.0686923228346457
21
0.4223642519685039
0
LINE
8
BLACK
6
CONTINUOUS
10
2.0686923228346457
20
0.4223642519685039
11
2.0627009448818896
21
0.4244607086614173
0
LINE
8
BLACK
6
CONTINUOUS
10
2.0627009448818896
20
0.4244607086614173
11
2.0573262598425197
21
0.4278378346456693
0
LINE
8
BLACK
6
CONTINUOUS
10
2.0573262598425197
20
0.4278378346456693
11
2.0548491338582675
21
0.4303149606299213
0
LINE
8
BLACK
6
CONTINUOUS
10
2.0548491338582675
20
0.4303149606299213
11
2.0051968503937005
21
0.4303149606299213
0
LINE
8
BLACK
6
CONTINUOUS
10
2.0051968503937005
20
0.4303149606299213
11
2.0051968503937005
21
0.4224409448818898
0
LINE
8
BLACK
6
CONTINUOUS
10
2.0051968503937005
20
0.4224409448818898
11
1.9698031496062991
21
0.4224409448818898
0
LINE
8
BLACK
6
CONTINUOUS
10
1.9698031496062991
20
0.4224409448818898
11
1.9698031496062991
21
0.4414968503937008
0
LINE
8
BLACK
6
CONTINUOUS
10
1.9698031496062991
20
0.4414968503937008
11
1.9695938582677164
21
0.4418225196850394
0
LINE
8
BLACK
6
CONTINUOUS
10
1.9695938582677164
20
0.4418225196850394
11
1.9680153149606299
21
0.4471985433070866
0
LINE
8
BLACK
6
CONTINUOUS
10
1.9680153149606299
20
0.4471985433070866
11
1.9680153149606299
21
0.4528014566929134
0
LINE
8
BLACK
6
CONTINUOUS
10
1.9680153149606299
20
0.4528014566929134
11
1.9695938582677164
21
0.4581774803149606
0
LINE
8
BLACK
6
CONTINUOUS
10
1.9695938582677164
20
0.4581774803149606
11
1.9698031496062991
21
0.4585031102362205
0
LINE
8
BLACK
6
CONTINUOUS
10
1.9698031496062991
20
0.4585031102362205
11
1.9698031496062991
21
0.4775590551181102
0
LINE
8
BLACK
6
CONTINUOUS
10
1.9698031496062991
20
0.4775590551181102
11
2.0051968503937005
21
0.4775590551181102
0
LINE
8
BLACK
6
CONTINUOUS
10
2.0051968503937005
20
0.4775590551181102
11
2.0051968503937005
21
0.4696850393700787
0
LINE
8
BLACK
6
CONTINUOUS
10
2.0051968503937005
20
0.4696850393700787
11
2.0548491338582675
21
0.4696850393700787
0
LINE
8
BLACK
6
CONTINUOUS
10
2.0548491338582675
20
0.4696850393700787
11
2.0573262598425197
21
0.4721621653543307
0
LINE
8
BLACK
6
CONTINUOUS
10
2.0573262598425197
20
0.4721621653543307
11
2.0627009448818896
21
0.4755392913385827
0
LINE
8
BLACK
6
CONTINUOUS
10
2.0627009448818896
20
0.4755392913385827
11
2.0686923228346457
21
0.4776357480314961
0
LINE
8
BLACK
6
CONTINUOUS
10
2.0686923228346457
20
0.4776357480314961
11
2.0749999999999997
21
0.4783464566929134
0
LINE
8
BLACK
6
CONTINUOUS
10
2.0749999999999997
20
0.4783464566929134
11
2.0813076771653543
21
0.4776357480314961
0
LINE
8
BLACK
6
CONTINUOUS
10
2.2925
20
0.5224409448818897
11
2.2907480314960629
21
0.5224409448818897
0
LINE
8
BLACK
6
CONTINUOUS
10
2.2907480314960629
20
0.5224409448818897
11
2.2907480314960629
21
0.4733721259842519
0
LINE
8
BLACK
6
CONTINUOUS
10
2.2907480314960629
20
0.4733721259842519
11
2.2926737401574804
21
0.4721621653543307
0
LINE
8
BLACK
6
CONTINUOUS
10
2.2926737401574804
20
0.4721621653543307
11
2.2971621653543308
21
0.4676737401574803
0
LINE
8
BLACK
6
CONTINUOUS
10
2.2971621653543308
20
0.4676737401574803
11
2.3005392913385827
21
0.4622990551181102
0
LINE
8
BLACK
6
CONTINUOUS
10
2.3005392913385827
20
0.4622990551181102
11
2.3026357480314958
21
0.4563076771653543
0
LINE
8
BLACK
6
CONTINUOUS
10
2.3026357480314958
20
0.4563076771653543
11
2.3033464566929132
21
0.45
0
LINE
8
BLACK
6
CONTINUOUS
10
2.3033464566929132
20
0.45
11
2.3026357480314958
21
0.4436923228346457
0
LINE
8
BLACK
6
CONTINUOUS
10
2.3026357480314958
20
0.4436923228346457
11
2.3005392913385827
21
0.4377009448818898
0
LINE
8
BLACK
6
CONTINUOUS
10
2.3005392913385827
20
0.4377009448818898
11
2.2971621653543308
21
0.4323262598425197
0
LINE
8
BLACK
6
CONTINUOUS
10
2.2971621653543308
20
0.4323262598425197
11
2.2926737401574804
21
0.4278378346456693
0
LINE
8
BLACK
6
CONTINUOUS
10
2.2926737401574804
20
0.4278378346456693
11
2.28729905511811
21
0.4244607086614173
0
LINE
8
BLACK
6
CONTINUOUS
10
2.28729905511811
20
0.4244607086614173
11
2.2813076771653544
21
0.4223642519685039
0
LINE
8
BLACK
6
CONTINUOUS
10
2.2813076771653544
20
0.4223642519685039
11
2.2749999999999999
21
0.4216535433070866
0
LINE
8
BLACK
6
CONTINUOUS
10
2.2749999999999999
20
0.4216535433070866
11
2.2686923228346458
21
0.4223642519685039
0
LINE
8
BLACK
6
CONTINUOUS
10
2.2686923228346458
20
0.4223642519685039
11
2.2627009448818898
21
0.4244607086614173
0
LINE
8
BLACK
6
CONTINUOUS
10
2.2627009448818898
20
0.4244607086614173
11
2.2573262598425194
21
0.4278378346456693
0
LINE
8
BLACK
6
CONTINUOUS
10
2.2573262598425194
20
0.4278378346456693
11
2.2528378346456694
21
0.4323262598425197
0
LINE
8
BLACK
6
CONTINUOUS
10
2.2528378346456694
20
0.4323262598425197
11
2.2494607086614171
21
0.4377009448818898
0
LINE
8
BLACK
6
CONTINUOUS
10
2.2494607086614171
20
0.4377009448818898
11
2.247364251968504
21
0.4436923228346457
0
LINE
8
BLACK
6
CONTINUOUS
10
2.247364251968504
20
0.4436923228346457
11
2.2466535433070867
21
0.45
0
LINE
8
BLACK
6
CONTINUOUS
10
2.2466535433070867
20
0.45
11
2.247364251968504
21
0.4563076771653543
0
LINE
8
BLACK
6
CONTINUOUS
10
2.247364251968504
20
0.4563076771653543
11
2.2494607086614171
21
0.4622990551181102
0
LINE
8
BLACK
6
CONTINUOUS
10
2.2494607086614171
20
0.4622990551181102
11
2.2528378346456694
21
0.4676737401574803
0
LINE
8
BLACK
6
CONTINUOUS
10
2.2528378346456694
20
0.4676737401574803
11
2.2573262598425194
21
0.4721621653543307
0
LINE
8
BLACK
6
CONTINUOUS
10
2.2573262598425194
20
0.4721621653543307
11
2.2592519685039369
21
0.4733721259842519
0
LINE
8
BLACK
6
CONTINUOUS
10
2.2592519685039369
20
0.4733721259842519
11
2.2592519685039369
21
0.5224409448818897
0
LINE
8
BLACK
6
CONTINUOUS
10
2.2592519685039369
20
0.5224409448818897
11
2.2574999999999998
21
0.5224409448818897
0
LINE
8
BLACK
6
CONTINUOUS
10
2.2574999999999998
20
0.5224409448818897
11
2.2574999999999998
21
0.5775590551181102
0
LINE
8
BLACK
6
CONTINUOUS
10
2.2574999999999998
20
0.5775590551181102
11
2.2925
21
0.5775590551181102
0
LINE
8
BLACK
6
CONTINUOUS
10
2.2925
20
0.5775590551181102
11
2.2925
21
0.5224409448818897
0
LINE
8
BLACK
6
CONTINUOUS
10
1.7645841732283465
20
0.7943853543307087
11
1.76668437007874
21
0.7942351574803149
0
LINE
8
BLACK
6
CONTINUOUS
10
1.76668437007874
20
0.7942351574803149
11
1.7673464566929133
21
0.7939881889763779
0
LINE
8
BLACK
6
CONTINUOUS
10
1.7673464566929133
20
0.7939881889763779
11
1.768045905511811
21
0.7938876377952756
0
LINE
8
BLACK
6
CONTINUOUS
10
1.768045905511811
20
0.7938876377952756
11
1.7699612598425196
21
0.7930129133858268
0
LINE
8
BLACK
6
CONTINUOUS
10
1.7699612598425196
20
0.7930129133858268
11
1.7719340157480314
21
0.7922771259842519
0
LINE
8
BLACK
6
CONTINUOUS
10
1.7719340157480314
20
0.7922771259842519
11
1.7724996062992127
21
0.7918537007874016
0
LINE
8
BLACK
6
CONTINUOUS
10
1.7724996062992127
20
0.7918537007874016
11
1.7731425196850392
21
0.7915601181102362
0
LINE
8
BLACK
6
CONTINUOUS
10
1.7731425196850392
20
0.7915601181102362
11
1.7747340157480314
21
0.790181062992126
0
LINE
8
BLACK
6
CONTINUOUS
10
1.7747340157480314
20
0.790181062992126
11
1.7764194094488188
21
0.7889194094488189
0
LINE
8
BLACK
6
CONTINUOUS
10
1.7764194094488188
20
0.7889194094488189
11
1.7851420078740157
21
0.7801968503937008
0
LINE
8
BLACK
6
CONTINUOUS
10
1.7851420078740157
20
0.7801968503937008
11
1.8025590551181101
21
0.7801968503937008
0
LINE
8
BLACK
6
CONTINUOUS
10
1.8025590551181101
20
0.7801968503937008
11
1.8025590551181101
21
0.7448031496062992
0
LINE
8
BLACK
6
CONTINUOUS
10
1.8025590551181101
20
0.7448031496062992
11
1.7946850393700786
21
0.7448031496062992
0
LINE
8
BLACK
6
CONTINUOUS
10
1.7946850393700786
20
0.7448031496062992
11
1.7946850393700786
21
0.7135868503937007
0
LINE
8
BLACK
6
CONTINUOUS
10
1.7946850393700786
20
0.7135868503937007
11
1.8207718897637795
21
0.6875
0
LINE
8
BLACK
6
CONTINUOUS
10
1.8207718897637795
20
0.6875
11
1.825
21
0.6875
0
LINE
8
BLACK
6
CONTINUOUS
10
1.825
20
0.6875
11
1.8645669291338582
21
0.6875
0
LINE
8
BLACK
6
CONTINUOUS
10
1.8645669291338582
20
0.6875
11
1.8645669291338582
21
0.6889763779527559
0
LINE
8
BLACK
6
CONTINUOUS
10
1.8645669291338582
20
0.6889763779527559
11
1.8653161417322834
21
0.6927429527559055
0
LINE
8
BLACK
6
CONTINUOUS
10
1.8653161417322834
20
0.6927429527559055
11
1.8674497244094488
21
0.6959361023622047
0
LINE
8
BLACK
6
CONTINUOUS
10
1.8674497244094488
20
0.6959361023622047
11
1.8706428740157479
21
0.6980696850393701
0
LINE
8
BLACK
6
CONTINUOUS
10
1.8706428740157479
20
0.6980696850393701
11
1.8744094488188976
21
0.6988188976377953
0
LINE
8
BLACK
6
CONTINUOUS
10
1.8744094488188976
20
0.6988188976377953
11
1.9255905511811022
21
0.6988188976377953
0
LINE
8
BLACK
6
CONTINUOUS
10
1.9255905511811022
20
0.6988188976377953
11
1.9293571259842519
21
0.6980696850393701
0
LINE
8
BLACK
6
CONTINUOUS
10
1.9293571259842519
20
0.6980696850393701
11
1.932550275590551
21
0.6959361023622047
0
LINE
8
BLACK
6
CONTINUOUS
10
1.932550275590551
20
0.6959361023622047
11
1.9346838582677164
21
0.6927429527559055
0
LINE
8
BLACK
6
CONTINUOUS
10
1.9346838582677164
20
0.6927429527559055
11
1.9354330708661416
21
0.6889763779527559
0
LINE
8
BLACK
6
CONTINUOUS
10
1.9354330708661416
20
0.6889763779527559
11
1.9354330708661416
21
0.6466535433070866
0
LINE
8
BLACK
6
CONTINUOUS
10
1.9354330708661416
20
0.6466535433070866
11
1.9346838582677164
21
0.642886968503937
0
LINE
8
BLACK
6
CONTINUOUS
10
1.9346838582677164
20
0.642886968503937
11
1.932550275590551
21
0.6396938188976378
0
LINE
8
BLACK
6
CONTINUOUS
10
1.932550275590551
20
0.6396938188976378
11
1.9293571259842519
21
0.6375602362204724
0
LINE
8
BLACK
6
CONTINUOUS
10
1.9293571259842519
20
0.6375602362204724
11
1.9255905511811022
21
0.6368110236220472
0
LINE
8
BLACK
6
CONTINUOUS
10
1.9255905511811022
20
0.6368110236220472
11
1.8744094488188976
21
0.6368110236220472
0
LINE
8
BLACK
6
CONTINUOUS
10
1.8744094488188976
20
0.6368110236220472
11
1.8706428740157479
21
0.6375602362204724
0
LINE
8
BLACK
6
CONTINUOUS
10
1.8706428740157479
20
0.6375602362204724
11
1.8674497244094488
21
0.6396938188976378
0
LINE
8
BLACK
6
CONTINUOUS
10
1.8674497244094488
20
0.6396938188976378
11
1.8653161417322834
21
0.642886968503937
0
LINE
8
BLACK
6
CONTINUOUS
10
1.8653161417322834
20
0.642886968503937
11
1.8645669291338582
21
0.6466535433070866
0
LINE
8
BLACK
6
CONTINUOUS
10
1.8645669291338582
20
0.6466535433070866
11
1.8645669291338582
21
0.6481299212598425
0
LINE
8
BLACK
6
CONTINUOUS
10
1.8645669291338582
20
0.6481299212598425
11
1.8446850393700787
21
0.6481299212598425
0
LINE
8
BLACK
6
CONTINUOUS
10
1.8446850393700787
20
0.6481299212598425
11
1.8446850393700787
21
0.53
0
LINE
8
BLACK
6
CONTINUOUS
10
1.8446850393700787
20
0.53
11
1.855
21
0.53
0
LINE
8
BLACK
6
CONTINUOUS
10
1.855
20
0.53
11
1.855
21
0.47
0
LINE
8
BLACK
6
CONTINUOUS
10
1.855
20
0.47
11
1.7949999999999999
21
0.47
0
LINE
8
BLACK
6
CONTINUOUS
10
1.7949999999999999
20
0.47
11
1.7949999999999999
21
0.53
0
LINE
8
BLACK
6
CONTINUOUS
10
1.7949999999999999
20
0.53
11
1.8053149606299213
21
0.53
0
LINE
8
BLACK
6
CONTINUOUS
10
1.8053149606299213
20
0.53
11
1.8053149606299213
21
0.6497298031496063
0
LINE
8
BLACK
6
CONTINUOUS
10
1.8053149606299213
20
0.6497298031496063
11
1.805156811023622
21
0.6498020078740158
0
LINE
8
BLACK
6
CONTINUOUS
10
1.805156811023622
20
0.6498020078740158
11
1.8031840944881889
21
0.6505378346456693
0
LINE
8
BLACK
6
CONTINUOUS
10
1.8031840944881889
20
0.6505378346456693
11
1.8026184645669292
21
0.650961220472441
0
LINE
8
BLACK
6
CONTINUOUS
10
1.8026184645669292
20
0.650961220472441
11
1.8019755905511812
21
0.651254842519685
0
LINE
8
BLACK
6
CONTINUOUS
10
1.8019755905511812
20
0.651254842519685
11
1.8003840551181103
21
0.6526338582677165
0
LINE
8
BLACK
6
CONTINUOUS
10
1.8003840551181103
20
0.6526338582677165
11
1.7986987007874016
21
0.6538955511811023
0
LINE
8
BLACK
6
CONTINUOUS
10
1.7986987007874016
20
0.6538955511811023
11
1.761080590551181
21
0.6915136614173228
0
LINE
8
BLACK
6
CONTINUOUS
10
1.761080590551181
20
0.6915136614173228
11
1.7598188976377953
21
0.6931990157480314
0
LINE
8
BLACK
6
CONTINUOUS
10
1.7598188976377953
20
0.6931990157480314
11
1.7584398818897637
21
0.6947905511811023
0
LINE
8
BLACK
6
CONTINUOUS
10
1.7584398818897637
20
0.6947905511811023
11
1.7581462598425197
21
0.6954334251968504
0
LINE
8
BLACK
6
CONTINUOUS
10
1.7581462598425197
20
0.6954334251968504
11
1.757722874015748
21
0.6959990551181102
0
LINE
8
BLACK
6
CONTINUOUS
10
1.757722874015748
20
0.6959990551181102
11
1.7569870472440945
21
0.6979717716535433
0
LINE
8
BLACK
6
CONTINUOUS
10
1.7569870472440945
20
0.6979717716535433
11
1.7561123622047243
21
0.6998871653543307
0
LINE
8
BLACK
6
CONTINUOUS
10
1.7561123622047243
20
0.6998871653543307
11
1.7560117716535433
21
0.7005865748031496
0
LINE
8
BLACK
6
CONTINUOUS
10
1.7560117716535433
20
0.7005865748031496
11
1.755764842519685
21
0.7012487007874015
0
LINE
8
BLACK
6
CONTINUOUS
10
1.755764842519685
20
0.7012487007874015
11
1.7556146062992126
21
0.7033488582677165
0
LINE
8
BLACK
6
CONTINUOUS
10
1.7556146062992126
20
0.7033488582677165
11
1.7553149606299212
21
0.7054330708661417
0
LINE
8
BLACK
6
CONTINUOUS
10
1.7553149606299212
20
0.7054330708661417
11
1.7553149606299212
21
0.7448031496062992
0
LINE
8
BLACK
6
CONTINUOUS
10
1.7553149606299212
20
0.7448031496062992
11
1.7474409448818897
21
0.7448031496062992
0
LINE
8
BLACK
6
CONTINUOUS
10
1.7474409448818897
20
0.7448031496062992
11
1.7474409448818897
21
0.7553149606299212
0
LINE
8
BLACK
6
CONTINUOUS
10
1.7474409448818897
20
0.7553149606299212
11
1.6946850393700787
21
0.7553149606299212
0
LINE
8
BLACK
6
CONTINUOUS
10
1.6946850393700787
20
0.7553149606299212
11
1.6946850393700787
21
0.7370540157480315
0
LINE
8
BLACK
6
CONTINUOUS
10
1.6946850393700787
20
0.7370540157480315
11
1.6968728346456692
21
0.7358846456692913
0
LINE
8
BLACK
6
CONTINUOUS
10
1.6968728346456692
20
0.7358846456692913
11
1.7028388582677165
21
0.7309884645669291
0
LINE
8
BLACK
6
CONTINUOUS
10
1.7028388582677165
20
0.7309884645669291
11
1.7077350393700788
21
0.7250224409448819
0
LINE
8
BLACK
6
CONTINUOUS
10
1.7077350393700788
20
0.7250224409448819
11
1.7113732283464567
21
0.7182158661417323
0
LINE
8
BLACK
6
CONTINUOUS
10
1.7113732283464567
20
0.7182158661417323
11
1.7136135826771652
21
0.7108303149606299
0
LINE
8
BLACK
6
CONTINUOUS
10
1.7136135826771652
20
0.7108303149606299
11
1.7143700787401575
21
0.7031496062992126
0
LINE
8
BLACK
6
CONTINUOUS
10
1.7143700787401575
20
0.7031496062992126
11
1.7136135826771652
21
0.6954688976377953
0
LINE
8
BLACK
6
CONTINUOUS
10
1.7136135826771652
20
0.6954688976377953
11
1.7113732283464567
21
0.6880833464566929
0
LINE
8
BLACK
6
CONTINUOUS
10
1.7113732283464567
20
0.6880833464566929
11
1.7077350393700788
21
0.6812767716535433
0
LINE
8
BLACK
6
CONTINUOUS
10
1.7077350393700788
20
0.6812767716535433
11
1.7028388582677165
21
0.675310748031496
0
LINE
8
BLACK
6
CONTINUOUS
10
1.7028388582677165
20
0.675310748031496
11
1.6968728346456692
21
0.6704145669291338
0
LINE
8
BLACK
6
CONTINUOUS
10
1.6968728346456692
20
0.6704145669291338
11
1.6900662598425196
21
0.6667763779527559
0
LINE
8
BLACK
6
CONTINUOUS
10
1.6900662598425196
20
0.6667763779527559
11
1.6826807086614173
21
0.6645360236220472
0
LINE
8
BLACK
6
CONTINUOUS
10
1.6826807086614173
20
0.6645360236220472
11
1.675
21
0.6637795275590551
0
LINE
8
BLACK
6
CONTINUOUS
10
1.675
20
0.6637795275590551
11
1.6673192913385826
21
0.6645360236220472
0
LINE
8
BLACK
6
CONTINUOUS
10
1.6673192913385826
20
0.6645360236220472
11
1.6599337401574803
21
0.6667763779527559
0
LINE
8
BLACK
6
CONTINUOUS
10
1.6599337401574803
20
0.6667763779527559
11
1.6531271653543307
21
0.6704145669291338
0
LINE
8
BLACK
6
CONTINUOUS
10
1.6531271653543307
20
0.6704145669291338
11
1.6471611417322833
21
0.675310748031496
0
LINE
8
BLACK
6
CONTINUOUS
10
1.6471611417322833
20
0.675310748031496
11
1.6430542913385826
21
0.6803149606299213
0
LINE
8
BLACK
6
CONTINUOUS
10
1.6430542913385826
20
0.6803149606299213
11
1.5742
21
0.6803149606299213
0
LINE
8
BLACK
6
CONTINUOUS
10
1.5742
20
0.6803149606299213
11
1.5742
21
0.6497999999999999
0
LINE
8
BLACK
6
CONTINUOUS
10
1.5742
20
0.6497999999999999
11
1.4758
21
0.6497999999999999
0
LINE
8
BLACK
6
CONTINUOUS
10
1.4758
20
0.6497999999999999
11
1.4758
21
0.7502
0
LINE
8
BLACK
6
CONTINUOUS
10
1.4758
20
0.7502
11
1.5742
21
0.7502
0
LINE
8
BLACK
6
CONTINUOUS
10
1.5742
20
0.7502
11
1.5742
21
0.7196850393700788
0
LINE
8
BLACK
6
CONTINUOUS
10
1.5742
20
0.7196850393700788
11
1.6394120472440945
21
0.7196850393700788
0
LINE
8
BLACK
6
CONTINUOUS
10
1.6394120472440945
20
0.7196850393700788
11
1.6422649606299213
21
0.7250224409448819
0
LINE
8
BLACK
6
CONTINUOUS
10
1.6422649606299213
20
0.7250224409448819
11
1.6471611417322833
21
0.7309884645669291
0
LINE
8
BLACK
6
CONTINUOUS
10
1.6471611417322833
20
0.7309884645669291
11
1.6531271653543307
21
0.7358846456692913
0
LINE
8
BLACK
6
CONTINUOUS
10
1.6531271653543307
20
0.7358846456692913
11
1.6553149606299211
21
0.7370540157480315
0
LINE
8
BLACK
6
CONTINUOUS
10
1.6553149606299211
20
0.7370540157480315
11
1.6553149606299211
21
0.7573031496062992
0
LINE
8
BLACK
6
CONTINUOUS
10
1.6553149606299211
20
0.7573031496062992
11
1.6474409448818896
21
0.7573031496062992
0
LINE
8
BLACK
6
CONTINUOUS
10
1.6474409448818896
20
0.7573031496062992
11
1.6474409448818896
21
0.7926968503937007
0
LINE
8
BLACK
6
CONTINUOUS
10
1.6474409448818896
20
0.7926968503937007
11
1.6664968503937008
21
0.7926968503937007
0
LINE
8
BLACK
6
CONTINUOUS
10
1.6664968503937008
20
0.7926968503937007
11
1.6668225196850392
21
0.7929061417322835
0
LINE
8
BLACK
6
CONTINUOUS
10
1.6668225196850392
20
0.7929061417322835
11
1.6681735433070866
21
0.7933028346456693
0
LINE
8
BLACK
6
CONTINUOUS
10
1.6681735433070866
20
0.7933028346456693
11
1.669454094488189
21
0.7938876377952756
0
LINE
8
BLACK
6
CONTINUOUS
10
1.669454094488189
20
0.7938876377952756
11
1.6708474803149607
21
0.7940879527559055
0
LINE
8
BLACK
6
CONTINUOUS
10
1.6708474803149607
20
0.7940879527559055
11
1.6721985433070865
21
0.7944846850393701
0
LINE
8
BLACK
6
CONTINUOUS
10
1.6721985433070865
20
0.7944846850393701
11
1.6736065354330709
21
0.7944846850393701
0
LINE
8
BLACK
6
CONTINUOUS
10
1.6736065354330709
20
0.7944846850393701
11
1.675
21
0.7946850393700787
0
LINE
8
BLACK
6
CONTINUOUS
10
1.675
20
0.7946850393700787
11
1.7625
21
0.7946850393700787
0
LINE
8
BLACK
6
CONTINUOUS
10
1.7625
20
0.7946850393700787
11
1.7645841732283465
21
0.7943853543307087
0
LINE
8
BLACK
6
CONTINUOUS
10
2.32755905511811
20
1.0323031496062991
11
2.2947120472440945
21
1.0323031496062991
0
LINE
8
BLACK
6
CONTINUOUS
10
2.2947120472440945
20
1.0323031496062991
11
2.2275590551181104
21
0.965150157480315
0
LINE
8
BLACK
6
CONTINUOUS
10
2.2275590551181104
20
0.965150157480315
11
2.2275590551181104
21
0.964144251968504
0
LINE
8
BLACK
6
CONTINUOUS
10
2.2275590551181104
20
0.964144251968504
11
2.2333516535433069
21
0.9583516535433071
0
LINE
8
BLACK
6
CONTINUOUS
10
2.2333516535433069
20
0.9583516535433071
11
2.2335966929133857
21
0.9580564960629921
0
LINE
8
BLACK
6
CONTINUOUS
10
2.2335966929133857
20
0.9580564960629921
11
2.2337284645669291
21
0.9579570472440945
0
LINE
8
BLACK
6
CONTINUOUS
10
2.2337284645669291
20
0.9579570472440945
11
2.2338724409448818
21
0.9577244881889764
0
LINE
8
BLACK
6
CONTINUOUS
10
2.2338724409448818
20
0.9577244881889764
11
2.2347440944881889
21
0.956674842519685
0
LINE
8
BLACK
6
CONTINUOUS
10
2.2347440944881889
20
0.956674842519685
11
2.2352952362204723
21
0.9554265354330709
0
LINE
8
BLACK
6
CONTINUOUS
10
2.2352952362204723
20
0.9554265354330709
11
2.2360134645669292
21
0.9542666141732283
0
LINE
8
BLACK
6
CONTINUOUS
10
2.2360134645669292
20
0.9542666141732283
11
2.2361647244094489
21
0.9534573622047244
0
LINE
8
BLACK
6
CONTINUOUS
10
2.2361647244094489
20
0.9534573622047244
11
2.2364973228346456
21
0.9527041338582677
0
LINE
8
BLACK
6
CONTINUOUS
10
2.2364973228346456
20
0.9527041338582677
11
2.2365603149606299
21
0.9513411023622047
0
LINE
8
BLACK
6
CONTINUOUS
10
2.2365603149606299
20
0.9513411023622047
11
2.2368110236220473
21
0.95
0
LINE
8
BLACK
6
CONTINUOUS
10
2.2368110236220473
20
0.95
11
2.2368110236220473
21
0.8405709842519685
0
LINE
8
BLACK
6
CONTINUOUS
10
2.2368110236220473
20
0.8405709842519685
11
2.2378909448818898
21
0.839876968503937
0
LINE
8
BLACK
6
CONTINUOUS
10
2.2378909448818898
20
0.839876968503937
11
2.241560118110236
21
0.8356425196850393
0
LINE
8
BLACK
6
CONTINUOUS
10
2.241560118110236
20
0.8356425196850393
11
2.2438876377952757
21
0.830545905511811
0
LINE
8
BLACK
6
CONTINUOUS
10
2.2438876377952757
20
0.830545905511811
11
2.2446850393700788
21
0.825
0
LINE
8
BLACK
6
CONTINUOUS
10
2.2446850393700788
20
0.825
11
2.2446850393700788
21
0.7999999999999999
0
LINE
8
BLACK
6
CONTINUOUS
10
2.2446850393700788
20
0.7999999999999999
11
2.2443853937007874
21
0.7979161417322834
0
LINE
8
BLACK
6
CONTINUOUS
10
2.2443853937007874
20
0.7979161417322834
11
2.2442351968503935
21
0.7958156299212599
0
LINE
8
BLACK
6
CONTINUOUS
10
2.2442351968503935
20
0.7958156299212599
11
2.2439881496062992
21
0.7951533464566929
0
LINE
8
BLACK
6
CONTINUOUS
10
2.2439881496062992
20
0.7951533464566929
11
2.2438876377952757
21
0.7944540944881889
0
LINE
8
BLACK
6
CONTINUOUS
10
2.2438876377952757
20
0.7944540944881889
11
2.2430129921259843
21
0.7925388582677165
0
LINE
8
BLACK
6
CONTINUOUS
10
2.2430129921259843
20
0.7925388582677165
11
2.242277125984252
21
0.7905659842519684
0
LINE
8
BLACK
6
CONTINUOUS
10
2.242277125984252
20
0.7905659842519684
11
2.2418537007874013
21
0.7900003149606299
0
LINE
8
BLACK
6
CONTINUOUS
10
2.2418537007874013
20
0.7900003149606299
11
2.241560118110236
21
0.7893574803149606
0
LINE
8
BLACK
6
CONTINUOUS
10
2.241560118110236
20
0.7893574803149606
11
2.2401812204724409
21
0.7877661811023622
0
LINE
8
BLACK
6
CONTINUOUS
10
2.2401812204724409
20
0.7877661811023622
11
2.2389194488188977
21
0.7860805905511811
0
LINE
8
BLACK
6
CONTINUOUS
10
2.2389194488188977
20
0.7860805905511811
11
2.2176968503937009
21
0.7648579921259843
0
LINE
8
BLACK
6
CONTINUOUS
10
2.2176968503937009
20
0.7648579921259843
11
2.2176968503937009
21
0.7474409448818897
0
LINE
8
BLACK
6
CONTINUOUS
10
2.2176968503937009
20
0.7474409448818897
11
2.2118110236220474
21
0.7474409448818897
0
LINE
8
BLACK
6
CONTINUOUS
10
2.2118110236220474
20
0.7474409448818897
11
2.2118110236220474
21
0.7287111811023622
0
LINE
8
BLACK
6
CONTINUOUS
10
2.2118110236220474
20
0.7287111811023622
11
2.2333516535433069
21
0.7071705511811024
0
LINE
8
BLACK
6
CONTINUOUS
10
2.2333516535433069
20
0.7071705511811024
11
2.2335966929133857
21
0.7068753937007873
0
LINE
8
BLACK
6
CONTINUOUS
10
2.2335966929133857
20
0.7068753937007873
11
2.2337284645669291
21
0.7067759448818898
0
LINE
8
BLACK
6
CONTINUOUS
10
2.2337284645669291
20
0.7067759448818898
11
2.2338724409448818
21
0.7065433858267717
0
LINE
8
BLACK
6
CONTINUOUS
10
2.2338724409448818
20
0.7065433858267717
11
2.2347440944881889
21
0.7054937401574803
0
LINE
8
BLACK
6
CONTINUOUS
10
2.2347440944881889
20
0.7054937401574803
11
2.2352952362204723
21
0.7042454330708662
0
LINE
8
BLACK
6
CONTINUOUS
10
2.2352952362204723
20
0.7042454330708662
11
2.2360134645669292
21
0.7030855118110236
0
LINE
8
BLACK
6
CONTINUOUS
10
2.2360134645669292
20
0.7030855118110236
11
2.2361647244094489
21
0.7022762598425196
0
LINE
8
BLACK
6
CONTINUOUS
10
2.2361647244094489
20
0.7022762598425196
11
2.2364973228346456
21
0.701523031496063
0
LINE
8
BLACK
6
CONTINUOUS
10
2.2364973228346456
20
0.701523031496063
11
2.2365603149606299
21
0.70016
0
LINE
8
BLACK
6
CONTINUOUS
10
2.2365603149606299
20
0.70016
11
2.2368110236220473
21
0.6988188976377953
0
LINE
8
BLACK
6
CONTINUOUS
10
2.2368110236220473
20
0.6988188976377953
11
2.2368110236220473
21
0.6261811023622047
0
LINE
8
BLACK
6
CONTINUOUS
10
2.2368110236220473
20
0.6261811023622047
11
2.2367756299212598
21
0.6257992125984252
0
LINE
8
BLACK
6
CONTINUOUS
10
2.2367756299212598
20
0.6257992125984252
11
2.2367984645669292
21
0.6256356299212599
0
LINE
8
BLACK
6
CONTINUOUS
10
2.2367984645669292
20
0.6256356299212599
11
2.2367357480314962
21
0.6253691338582678
0
LINE
8
BLACK
6
CONTINUOUS
10
2.2367357480314962
20
0.6253691338582678
11
2.2366099212598423
21
0.6240108267716535
0
LINE
8
BLACK
6
CONTINUOUS
10
2.2366099212598423
20
0.6240108267716535
11
2.2361170472440945
21
0.6227386220472441
0
LINE
8
BLACK
6
CONTINUOUS
10
2.2361170472440945
20
0.6227386220472441
11
2.2358046456692913
21
0.6214103543307087
0
LINE
8
BLACK
6
CONTINUOUS
10
2.2358046456692913
20
0.6214103543307087
11
2.2353393307086615
21
0.6207311023622047
0
LINE
8
BLACK
6
CONTINUOUS
10
2.2353393307086615
20
0.6207311023622047
11
2.2350419291338581
21
0.6199633858267717
0
LINE
8
BLACK
6
CONTINUOUS
10
2.2350419291338581
20
0.6199633858267717
11
2.2341227165354329
21
0.6189550787401574
0
LINE
8
BLACK
6
CONTINUOUS
10
2.2341227165354329
20
0.6189550787401574
11
2.2333516535433069
21
0.6178294488188977
0
LINE
8
BLACK
6
CONTINUOUS
10
2.2333516535433069
20
0.6178294488188977
11
2.2118110236220474
21
0.5962888188976377
0
LINE
8
BLACK
6
CONTINUOUS
10
2.2118110236220474
20
0.5962888188976377
11
2.2118110236220474
21
0.5775590551181102
0
LINE
8
BLACK
6
CONTINUOUS
10
2.2118110236220474
20
0.5775590551181102
11
2.2176968503937009
21
0.5775590551181102
0
LINE
8
BLACK
6
CONTINUOUS
10
2.2176968503937009
20
0.5775590551181102
11
2.2176968503937009
21
0.5224409448818897
0
LINE
8
BLACK
6
CONTINUOUS
10
2.2176968503937009
20
0.5224409448818897
11
2.182303149606299
21
0.5224409448818897
0
LINE
8
BLACK
6
CONTINUOUS
10
2.182303149606299
20
0.5224409448818897
11
2.182303149606299
21
0.5775590551181102
0
LINE
8
BLACK
6
CONTINUOUS
10
2.182303149606299
20
0.5775590551181102
11
2.1881889763779525
21
0.5775590551181102
0
LINE
8
BLACK
6
CONTINUOUS
10
2.1881889763779525
20
0.5775590551181102
11
2.1881889763779525
21
0.6011811023622047
0
LINE
8
BLACK
6
CONTINUOUS
10
2.1881889763779525
20
0.6011811023622047
11
2.18822437007874
21
0.6015631102362204
0
LINE
8
BLACK
6
CONTINUOUS
10
2.18822437007874
20
0.6015631102362204
11
2.1882015748031494
21
0.6017265748031496
0
LINE
8
BLACK
6
CONTINUOUS
10
2.1882015748031494
20
0.6017265748031496
11
2.1882641732283465
21
0.6019927952755906
0
LINE
8
BLACK
6
CONTINUOUS
10
2.1882641732283465
20
0.6019927952755906
11
2.1883900787401576
21
0.6033513779527558
0
LINE
8
BLACK
6
CONTINUOUS
10
2.1883900787401576
20
0.6033513779527558
11
2.1888829527559053
21
0.6046236614173228
0
LINE
8
BLACK
6
CONTINUOUS
10
2.1888829527559053
20
0.6046236614173228
11
2.1891953543307086
21
0.6059518503937008
0
LINE
8
BLACK
6
CONTINUOUS
10
2.1891953543307086
20
0.6059518503937008
11
2.18966062992126
21
0.606631062992126
0
LINE
8
BLACK
6
CONTINUOUS
10
2.18966062992126
20
0.606631062992126
11
2.1899580708661417
21
0.6073988188976378
0
LINE
8
BLACK
6
CONTINUOUS
10
2.1899580708661417
20
0.6073988188976378
11
2.1908772440944881
21
0.6084070866141732
0
LINE
8
BLACK
6
CONTINUOUS
10
2.1908772440944881
20
0.6084070866141732
11
2.1916483464566929
21
0.6095327559055118
0
LINE
8
BLACK
6
CONTINUOUS
10
2.1916483464566929
20
0.6095327559055118
11
2.2131889763779529
21
0.6310733858267716
0
LINE
8
BLACK
6
CONTINUOUS
10
2.2131889763779529
20
0.6310733858267716
11
2.2131889763779529
21
0.6939266141732283
0
LINE
8
BLACK
6
CONTINUOUS
10
2.2131889763779529
20
0.6939266141732283
11
2.1916483464566929
21
0.7154672440944881
0
LINE
8
BLACK
6
CONTINUOUS
10
2.1916483464566929
20
0.7154672440944881
11
2.1914032677165354
21
0.7157623228346457
0
LINE
8
BLACK
6
CONTINUOUS
10
2.1914032677165354
20
0.7157623228346457
11
2.1912715354330707
21
0.7158618503937008
0
LINE
8
BLACK
6
CONTINUOUS
10
2.1912715354330707
20
0.7158618503937008
11
2.1911274803149605
21
0.7160944488188976
0
LINE
8
BLACK
6
CONTINUOUS
10
2.1911274803149605
20
0.7160944488188976
11
2.1902559448818897
21
0.7171440551181102
0
LINE
8
BLACK
6
CONTINUOUS
10
2.1902559448818897
20
0.7171440551181102
11
2.1897048031496062
21
0.7183921653543307
0
LINE
8
BLACK
6
CONTINUOUS
10
2.1897048031496062
20
0.7183921653543307
11
2.1889865354330706
21
0.7195522834645669
0
LINE
8
BLACK
6
CONTINUOUS
10
2.1889865354330706
20
0.7195522834645669
11
2.1888352362204726
21
0.7203615354330708
0
LINE
8
BLACK
6
CONTINUOUS
10
2.1888352362204726
20
0.7203615354330708
11
2.1885026771653542
21
0.7211147637795275
0
LINE
8
BLACK
6
CONTINUOUS
10
2.1885026771653542
20
0.7211147637795275
11
2.1884396456692912
21
0.7224777559055118
0
LINE
8
BLACK
6
CONTINUOUS
10
2.1884396456692912
20
0.7224777559055118
11
2.1881889763779525
21
0.7238188976377953
0
LINE
8
BLACK
6
CONTINUOUS
10
2.1881889763779525
20
0.7238188976377953
11
2.1881889763779525
21
0.7474409448818897
0
LINE
8
BLACK
6
CONTINUOUS
10
2.1881889763779525
20
0.7474409448818897
11
2.182303149606299
21
0.7474409448818897
0
LINE
8
BLACK
6
CONTINUOUS
10
2.182303149606299
20
0.7474409448818897
11
2.182303149606299
21
0.7667526377952756
0
LINE
8
BLACK
6
CONTINUOUS
10
2.182303149606299
20
0.7667526377952756
11
2.1815561023622045
21
0.7681207874015747
0
LINE
8
BLACK
6
CONTINUOUS
10
2.1815561023622045
20
0.7681207874015747
11
2.1803651181102364
21
0.7735956692913386
0
LINE
8
BLACK
6
CONTINUOUS
10
2.1803651181102364
20
0.7735956692913386
11
2.1807648425196851
21
0.7791843700787401
0
LINE
8
BLACK
6
CONTINUOUS
10
2.1807648425196851
20
0.7791843700787401
11
2.182303149606299
21
0.7833086614173228
0
LINE
8
BLACK
6
CONTINUOUS
10
2.182303149606299
20
0.7833086614173228
11
2.182303149606299
21
0.8025590551181102
0
LINE
8
BLACK
6
CONTINUOUS
10
2.182303149606299
20
0.8025590551181102
11
2.1997201968503934
21
0.8025590551181102
0
LINE
8
BLACK
6
CONTINUOUS
10
2.1997201968503934
20
0.8025590551181102
11
2.2053149606299214
21
0.8081537795275591
0
LINE
8
BLACK
6
CONTINUOUS
10
2.2053149606299214
20
0.8081537795275591
11
2.2053149606299214
21
0.825
0
LINE
8
BLACK
6
CONTINUOUS
10
2.2053149606299214
20
0.825
11
2.2061123622047245
21
0.830545905511811
0
LINE
8
BLACK
6
CONTINUOUS
10
2.2061123622047245
20
0.830545905511811
11
2.2084398818897637
21
0.8356425196850393
0
LINE
8
BLACK
6
CONTINUOUS
10
2.2084398818897637
20
0.8356425196850393
11
2.2121090551181104
21
0.839876968503937
0
LINE
8
BLACK
6
CONTINUOUS
10
2.2121090551181104
20
0.839876968503937
11
2.2131889763779529
21
0.8405709842519685
0
LINE
8
BLACK
6
CONTINUOUS
10
2.2131889763779529
20
0.8405709842519685
11
2.2131889763779529
21
0.945107716535433
0
LINE
8
BLACK
6
CONTINUOUS
10
2.2131889763779529
20
0.945107716535433
11
2.2009935433070864
21
0.9573031496062991
0
LINE
8
BLACK
6
CONTINUOUS
10
2.2009935433070864
20
0.9573031496062991
11
2.1724409448818895
21
0.9573031496062991
0
LINE
8
BLACK
6
CONTINUOUS
10
2.1724409448818895
20
0.9573031496062991
11
2.1724409448818895
21
0.9926968503937008
0
LINE
8
BLACK
6
CONTINUOUS
10
2.1724409448818895
20
0.9926968503937008
11
2.2105635433070865
21
0.9926968503937008
0
LINE
8
BLACK
6
CONTINUOUS
10
2.2105635433070865
20
0.9926968503937008
11
2.2724409448818896
21
1.054574251968504
0
LINE
8
BLACK
6
CONTINUOUS
10
2.2724409448818896
20
1.054574251968504
11
2.2724409448818896
21
1.0676968503937008
0
LINE
8
BLACK
6
CONTINUOUS
10
2.2724409448818896
20
1.0676968503937008
11
2.32755905511811
21
1.0676968503937008
0
LINE
8
BLACK
6
CONTINUOUS
10
2.32755905511811
20
1.0676968503937008
11
2.32755905511811
21
1.0323031496062991
0
LINE
8
BLACK
6
CONTINUOUS
10
2.1813076771653543
20
0.7026357480314961
11
2.1872990551181104
21
0.7005392913385826
0
LINE
8
BLACK
6
CONTINUOUS
10
2.1872990551181104
20
0.7005392913385826
11
2.1926737401574803
21
0.6971621653543307
0
LINE
8
BLACK
6
CONTINUOUS
10
2.1926737401574803
20
0.6971621653543307
11
2.1971621653543307
21
0.6926737401574803
0
LINE
8
BLACK
6
CONTINUOUS
10
2.1971621653543307
20
0.6926737401574803
11
2.2005392913385826
21
0.6872990551181102
0
LINE
8
BLACK
6
CONTINUOUS
10
2.2005392913385826
20
0.6872990551181102
11
2.2026357480314962
21
0.6813076771653543
0
LINE
8
BLACK
6
CONTINUOUS
10
2.2026357480314962
20
0.6813076771653543
11
2.2033464566929135
21
0.6749999999999999
0
LINE
8
BLACK
6
CONTINUOUS
10
2.2033464566929135
20
0.6749999999999999
11
2.2026357480314962
21
0.6686923228346456
0
LINE
8
BLACK
6
CONTINUOUS
10
2.2026357480314962
20
0.6686923228346456
11
2.2005392913385826
21
0.6627009448818898
0
LINE
8
BLACK
6
CONTINUOUS
10
2.2005392913385826
20
0.6627009448818898
11
2.1971621653543307
21
0.6573262598425197
0
LINE
8
BLACK
6
CONTINUOUS
10
2.1971621653543307
20
0.6573262598425197
11
2.1946850393700785
21
0.6548491338582677
0
LINE
8
BLACK
6
CONTINUOUS
10
2.1946850393700785
20
0.6548491338582677
11
2.1946850393700785
21
0.65
0
LINE
8
BLACK
6
CONTINUOUS
10
2.1946850393700785
20
0.65
11
2.1943853543307088
21
0.6479157874015747
0
LINE
8
BLACK
6
CONTINUOUS
10
2.1943853543307088
20
0.6479157874015747
11
2.1942351574803149
21
0.6458156299212598
0
LINE
8
BLACK
6
CONTINUOUS
10
2.1942351574803149
20
0.6458156299212598
11
2.1939881889763777
21
0.6451535039370079
0
LINE
8
BLACK
6
CONTINUOUS
10
2.1939881889763777
20
0.6451535039370079
11
2.1938876377952754
21
0.6444540944881889
0
LINE
8
BLACK
6
CONTINUOUS
10
2.1938876377952754
20
0.6444540944881889
11
2.1930129133858269
21
0.6425387007874016
0
LINE
8
BLACK
6
CONTINUOUS
10
2.1930129133858269
20
0.6425387007874016
11
2.1922771259842517
21
0.6405659842519685
0
LINE
8
BLACK
6
CONTINUOUS
10
2.1922771259842517
20
0.6405659842519685
11
2.1918537007874015
21
0.6400003149606299
0
LINE
8
BLACK
6
CONTINUOUS
10
2.1918537007874015
20
0.6400003149606299
11
2.1915601181102362
21
0.6393574803149606
0
LINE
8
BLACK
6
CONTINUOUS
10
2.1915601181102362
20
0.6393574803149606
11
2.1901812204724407
21
0.6377661811023622
0
LINE
8
BLACK
6
CONTINUOUS
10
2.1901812204724407
20
0.6377661811023622
11
2.1889194488188974
21
0.636080590551181
0
LINE
8
BLACK
6
CONTINUOUS
10
2.1889194488188974
20
0.636080590551181
11
2.1176968503937008
21
0.5648579921259842
0
LINE
8
BLACK
6
CONTINUOUS
10
2.1176968503937008
20
0.5648579921259842
11
2.1176968503937008
21
0.5474409448818898
0
LINE
8
BLACK
6
CONTINUOUS
10
2.1176968503937008
20
0.5474409448818898
11
2.0823031496062994
21
0.5474409448818898
0
LINE
8
BLACK
6
CONTINUOUS
10
2.0823031496062994
20
0.5474409448818898
11
2.0823031496062994
21
0.5667526377952756
0
LINE
8
BLACK
6
CONTINUOUS
10
2.0823031496062994
20
0.5667526377952756
11
2.0815561023622049
21
0.5681207874015748
0
LINE
8
BLACK
6
CONTINUOUS
10
2.0815561023622049
20
0.5681207874015748
11
2.0803651181102363
21
0.5735956692913385
0
LINE
8
BLACK
6
CONTINUOUS
10
2.0803651181102363
20
0.5735956692913385
11
2.080764842519685
21
0.5791843700787401
0
LINE
8
BLACK
6
CONTINUOUS
10
2.080764842519685
20
0.5791843700787401
11
2.0823031496062994
21
0.5833086614173228
0
LINE
8
BLACK
6
CONTINUOUS
10
2.0823031496062994
20
0.5833086614173228
11
2.0823031496062994
21
0.6025590551181103
0
LINE
8
BLACK
6
CONTINUOUS
10
2.0823031496062994
20
0.6025590551181103
11
2.0997202362204725
21
0.6025590551181103
0
LINE
8
BLACK
6
CONTINUOUS
10
2.0997202362204725
20
0.6025590551181103
11
2.1536625984251967
21
0.6565014566929134
0
LINE
8
BLACK
6
CONTINUOUS
10
2.1536625984251967
20
0.6565014566929134
11
2.1528378346456694
21
0.6573262598425197
0
LINE
8
BLACK
6
CONTINUOUS
10
2.1528378346456694
20
0.6573262598425197
11
2.1494607086614175
21
0.6627009448818898
0
LINE
8
BLACK
6
CONTINUOUS
10
2.1494607086614175
20
0.6627009448818898
11
2.1473642519685039
21
0.6686923228346456
0
LINE
8
BLACK
6
CONTINUOUS
10
2.1473642519685039
20
0.6686923228346456
11
2.1466535433070866
21
0.6749999999999999
0
LINE
8
BLACK
6
CONTINUOUS
10
2.1466535433070866
20
0.6749999999999999
11
2.1473642519685039
21
0.6813076771653543
0
LINE
8
BLACK
6
CONTINUOUS
10
2.1473642519685039
20
0.6813076771653543
11
2.1494607086614175
21
0.6872990551181102
0
LINE
8
BLACK
6
CONTINUOUS
10
2.1494607086614175
20
0.6872990551181102
11
2.1528378346456694
21
0.6926737401574803
0
LINE
8
BLACK
6
CONTINUOUS
10
2.1528378346456694
20
0.6926737401574803
11
2.1573262598425198
21
0.6971621653543307
0
LINE
8
BLACK
6
CONTINUOUS
10
2.1573262598425198
20
0.6971621653543307
11
2.1627009448818897
21
0.7005392913385826
0
LINE
8
BLACK
6
CONTINUOUS
10
2.1627009448818897
20
0.7005392913385826
11
2.1686923228346457
21
0.7026357480314961
0
LINE
8
BLACK
6
CONTINUOUS
10
2.1686923228346457
20
0.7026357480314961
11
2.1749999999999998
21
0.7033464566929134
0
LINE
8
BLACK
6
CONTINUOUS
10
2.1749999999999998
20
0.7033464566929134
11
2.1813076771653543
21
0.7026357480314961
0
LINE
8
BLACK
6
CONTINUOUS
10
2.0331774803149605
20
0.7679061417322834
11
2.033503149606299
21
0.7676968503937007
0
LINE
8
BLACK
6
CONTINUOUS
10
2.033503149606299
20
0.7676968503937007
11
2.0525590551181101
21
0.7676968503937007
0
LINE
8
BLACK
6
CONTINUOUS
10
2.0525590551181101
20
0.7676968503937007
11
2.0525590551181101
21
0.7323031496062992
0
LINE
8
BLACK
6
CONTINUOUS
10
2.0525590551181101
20
0.7323031496062992
11
2.0455356692913385
21
0.7323031496062992
0
LINE
8
BLACK
6
CONTINUOUS
10
2.0455356692913385
20
0.7323031496062992
11
2.0745437795275592
21
0.7032950393700788
0
LINE
8
BLACK
6
CONTINUOUS
10
2.0745437795275592
20
0.7032950393700788
11
2.0749999999999997
21
0.7033464566929134
0
LINE
8
BLACK
6
CONTINUOUS
10
2.0749999999999997
20
0.7033464566929134
11
2.0813076771653543
21
0.7026357480314961
0
LINE
8
BLACK
6
CONTINUOUS
10
2.0813076771653543
20
0.7026357480314961
11
2.0872990551181103
21
0.7005392913385826
0
LINE
8
BLACK
6
CONTINUOUS
10
2.0872990551181103
20
0.7005392913385826
11
2.0926737401574802
21
0.6971621653543307
0
LINE
8
BLACK
6
CONTINUOUS
10
2.0926737401574802
20
0.6971621653543307
11
2.0971621653543306
21
0.6926737401574803
0
LINE
8
BLACK
6
CONTINUOUS
10
2.0971621653543306
20
0.6926737401574803
11
2.1005392913385825
21
0.6872990551181102
0
LINE
8
BLACK
6
CONTINUOUS
10
2.1005392913385825
20
0.6872990551181102
11
2.1026357480314961
21
0.6813076771653543
0
LINE
8
BLACK
6
CONTINUOUS
10
2.1026357480314961
20
0.6813076771653543
11
2.1033464566929134
21
0.6749999999999999
0
LINE
8
BLACK
6
CONTINUOUS
10
2.1033464566929134
20
0.6749999999999999
11
2.1026357480314961
21
0.6686923228346456
0
LINE
8
BLACK
6
CONTINUOUS
10
2.1026357480314961
20
0.6686923228346456
11
2.1005392913385825
21
0.6627009448818898
0
LINE
8
BLACK
6
CONTINUOUS
10
2.1005392913385825
20
0.6627009448818898
11
2.0971621653543306
21
0.6573262598425197
0
LINE
8
BLACK
6
CONTINUOUS
10
2.0971621653543306
20
0.6573262598425197
11
2.0926737401574802
21
0.6528378346456692
0
LINE
8
BLACK
6
CONTINUOUS
10
2.0926737401574802
20
0.6528378346456692
11
2.0872990551181103
21
0.6494607086614174
0
LINE
8
BLACK
6
CONTINUOUS
10
2.0872990551181103
20
0.6494607086614174
11
2.0813076771653543
21
0.6473642519685039
0
LINE
8
BLACK
6
CONTINUOUS
10
2.0813076771653543
20
0.6473642519685039
11
2.0749999999999997
21
0.6466535433070866
0
LINE
8
BLACK
6
CONTINUOUS
10
2.0749999999999997
20
0.6466535433070866
11
2.0686923228346457
21
0.6473642519685039
0
LINE
8
BLACK
6
CONTINUOUS
10
2.0686923228346457
20
0.6473642519685039
11
2.0627009448818896
21
0.6494607086614174
0
LINE
8
BLACK
6
CONTINUOUS
10
2.0627009448818896
20
0.6494607086614174
11
2.0573262598425197
21
0.6528378346456692
0
LINE
8
BLACK
6
CONTINUOUS
10
2.0573262598425197
20
0.6528378346456692
11
2.0528378346456693
21
0.6573262598425197
0
LINE
8
BLACK
6
CONTINUOUS
10
2.0528378346456693
20
0.6573262598425197
11
2.0494607086614174
21
0.6627009448818898
0
LINE
8
BLACK
6
CONTINUOUS
10
2.0494607086614174
20
0.6627009448818898
11
2.0473642519685038
21
0.6686923228346456
0
LINE
8
BLACK
6
CONTINUOUS
10
2.0473642519685038
20
0.6686923228346456
11
2.0466535433070865
21
0.6749999999999999
0
LINE
8
BLACK
6
CONTINUOUS
10
2.0466535433070865
20
0.6749999999999999
11
2.0467049212598423
21
0.6754561811023622
0
LINE
8
BLACK
6
CONTINUOUS
10
2.0467049212598423
20
0.6754561811023622
11
2.011080590551181
21
0.7110805905511811
0
LINE
8
BLACK
6
CONTINUOUS
10
2.011080590551181
20
0.7110805905511811
11
2.0098188976377953
21
0.7127659448818897
0
LINE
8
BLACK
6
CONTINUOUS
10
2.0098188976377953
20
0.7127659448818897
11
2.0084398818897635
21
0.7143574803149606
0
LINE
8
BLACK
6
CONTINUOUS
10
2.0084398818897635
20
0.7143574803149606
11
2.0081462598425195
21
0.7150003543307086
0
LINE
8
BLACK
6
CONTINUOUS
10
2.0081462598425195
20
0.7150003543307086
11
2.007722874015748
21
0.7155659842519685
0
LINE
8
BLACK
6
CONTINUOUS
10
2.007722874015748
20
0.7155659842519685
11
2.0069870472440945
21
0.7175387007874016
0
LINE
8
BLACK
6
CONTINUOUS
10
2.0069870472440945
20
0.7175387007874016
11
2.0061123622047243
21
0.719454094488189
0
LINE
8
BLACK
6
CONTINUOUS
10
2.0061123622047243
20
0.719454094488189
11
2.0060117716535433
21
0.7201535039370078
0
LINE
8
BLACK
6
CONTINUOUS
10
2.0060117716535433
20
0.7201535039370078
11
2.0057648425196848
21
0.7208156299212598
0
LINE
8
BLACK
6
CONTINUOUS
10
2.0057648425196848
20
0.7208156299212598
11
2.0056146062992126
21
0.7229157874015748
0
LINE
8
BLACK
6
CONTINUOUS
10
2.0056146062992126
20
0.7229157874015748
11
2.0053149606299212
21
0.725
0
LINE
8
BLACK
6
CONTINUOUS
10
2.0053149606299212
20
0.725
11
2.0053149606299212
21
0.7323031496062992
0
LINE
8
BLACK
6
CONTINUOUS
10
2.0053149606299212
20
0.7323031496062992
11
1.9974409448818897
21
0.7323031496062992
0
LINE
8
BLACK
6
CONTINUOUS
10
1.9974409448818897
20
0.7323031496062992
11
1.9974409448818897
21
0.7676968503937007
0
LINE
8
BLACK
6
CONTINUOUS
10
1.9974409448818897
20
0.7676968503937007
11
2.0164968503937009
21
0.7676968503937007
0
LINE
8
BLACK
6
CONTINUOUS
10
2.0164968503937009
20
0.7676968503937007
11
2.0168225196850393
21
0.7679061417322834
0
LINE
8
BLACK
6
CONTINUOUS
10
2.0168225196850393
20
0.7679061417322834
11
2.0221985433070864
21
0.7694846850393701
0
LINE
8
BLACK
6
CONTINUOUS
10
2.0221985433070864
20
0.7694846850393701
11
2.0278014566929135
21
0.7694846850393701
0
LINE
8
BLACK
6
CONTINUOUS
10
2.0278014566929135
20
0.7694846850393701
11
2.0331774803149605
21
0.7679061417322834
0
LINE
8
BLACK
6
CONTINUOUS
10
2.2925
20
0.7474409448818897
11
2.2907480314960629
21
0.7474409448818897
0
LINE
8
BLACK
6
CONTINUOUS
10
2.2907480314960629
20
0.7474409448818897
11
2.2907480314960629
21
0.6983721259842519
0
LINE
8
BLACK
6
CONTINUOUS
10
2.2907480314960629
20
0.6983721259842519
11
2.2926737401574804
21
0.6971621653543307
0
LINE
8
BLACK
6
CONTINUOUS
10
2.2926737401574804
20
0.6971621653543307
11
2.2971621653543308
21
0.6926737401574803
0
LINE
8
BLACK
6
CONTINUOUS
10
2.2971621653543308
20
0.6926737401574803
11
2.3005392913385827
21
0.6872990551181102
0
LINE
8
BLACK
6
CONTINUOUS
10
2.3005392913385827
20
0.6872990551181102
11
2.3026357480314958
21
0.6813076771653543
0
LINE
8
BLACK
6
CONTINUOUS
10
2.3026357480314958
20
0.6813076771653543
11
2.3033464566929132
21
0.6749999999999999
0
LINE
8
BLACK
6
CONTINUOUS
10
2.3033464566929132
20
0.6749999999999999
11
2.3026357480314958
21
0.6686923228346456
0
LINE
8
BLACK
6
CONTINUOUS
10
2.3026357480314958
20
0.6686923228346456
11
2.3005392913385827
21
0.6627009448818898
0
LINE
8
BLACK
6
CONTINUOUS
10
2.3005392913385827
20
0.6627009448818898
11
2.2971621653543308
21
0.6573262598425197
0
LINE
8
BLACK
6
CONTINUOUS
10
2.2971621653543308
20
0.6573262598425197
11
2.2926737401574804
21
0.6528378346456692
0
LINE
8
BLACK
6
CONTINUOUS
10
2.2926737401574804
20
0.6528378346456692
11
2.28729905511811
21
0.6494607086614174
0
LINE
8
BLACK
6
CONTINUOUS
10
2.28729905511811
20
0.6494607086614174
11
2.2813076771653544
21
0.6473642519685039
0
LINE
8
BLACK
6
CONTINUOUS
10
2.2813076771653544
20
0.6473642519685039
11
2.2749999999999999
21
0.6466535433070866
0
LINE
8
BLACK
6
CONTINUOUS
10
2.2749999999999999
20
0.6466535433070866
11
2.2686923228346458
21
0.6473642519685039
0
LINE
8
BLACK
6
CONTINUOUS
10
2.2686923228346458
20
0.6473642519685039
11
2.2627009448818898
21
0.6494607086614174
0
LINE
8
BLACK
6
CONTINUOUS
10
2.2627009448818898
20
0.6494607086614174
11
2.2573262598425194
21
0.6528378346456692
0
LINE
8
BLACK
6
CONTINUOUS
10
2.2573262598425194
20
0.6528378346456692
11
2.2528378346456694
21
0.6573262598425197
0
LINE
8
BLACK
6
CONTINUOUS
10
2.2528378346456694
20
0.6573262598425197
11
2.2494607086614171
21
0.6627009448818898
0
LINE
8
BLACK
6
CONTINUOUS
10
2.2494607086614171
20
0.6627009448818898
11
2.247364251968504
21
0.6686923228346456
0
LINE
8
BLACK
6
CONTINUOUS
10
2.247364251968504
20
0.6686923228346456
11
2.2466535433070867
21
0.6749999999999999
0
LINE
8
BLACK
6
CONTINUOUS
10
2.2466535433070867
20
0.6749999999999999
11
2.247364251968504
21
0.6813076771653543
0
LINE
8
BLACK
6
CONTINUOUS
10
2.247364251968504
20
0.6813076771653543
11
2.2494607086614171
21
0.6872990551181102
0
LINE
8
BLACK
6
CONTINUOUS
10
2.2494607086614171
20
0.6872990551181102
11
2.2528378346456694
21
0.6926737401574803
0
LINE
8
BLACK
6
CONTINUOUS
10
2.2528378346456694
20
0.6926737401574803
11
2.2573262598425194
21
0.6971621653543307
0
LINE
8
BLACK
6
CONTINUOUS
10
2.2573262598425194
20
0.6971621653543307
11
2.2592519685039369
21
0.6983721259842519
0
LINE
8
BLACK
6
CONTINUOUS
10
2.2592519685039369
20
0.6983721259842519
11
2.2592519685039369
21
0.7474409448818897
0
LINE
8
BLACK
6
CONTINUOUS
10
2.2592519685039369
20
0.7474409448818897
11
2.2574999999999998
21
0.7474409448818897
0
LINE
8
BLACK
6
CONTINUOUS
10
2.2574999999999998
20
0.7474409448818897
11
2.2574999999999998
21
0.8025590551181102
0
LINE
8
BLACK
6
CONTINUOUS
10
2.2574999999999998
20
0.8025590551181102
11
2.2925
21
0.8025590551181102
0
LINE
8
BLACK
6
CONTINUOUS
10
2.2925
20
0.8025590551181102
11
2.2925
21
0.7474409448818897
0
LINE
8
BLACK
6
CONTINUOUS
10
0.4345299212598425
20
1.3734649606299212
11
0.4428159448818897
21
1.3712447244094488
0
LINE
8
BLACK
6
CONTINUOUS
10
0.4428159448818897
20
1.3712447244094488
11
0.4505905511811024
21
1.36761937007874
0
LINE
8
BLACK
6
CONTINUOUS
10
0.4505905511811024
20
1.36761937007874
11
0.4576175196850394
21
1.3626990551181102
0
LINE
8
BLACK
6
CONTINUOUS
10
0.4576175196850394
20
1.3626990551181102
11
0.4636833070866141
21
1.3566332677165354
0
LINE
8
BLACK
6
CONTINUOUS
10
0.4636833070866141
20
1.3566332677165354
11
0.4686036220472441
21
1.3496062992125983
0
LINE
8
BLACK
6
CONTINUOUS
10
0.4686036220472441
20
1.3496062992125983
11
0.4722289763779527
21
1.3418316929133858
0
LINE
8
BLACK
6
CONTINUOUS
10
0.4722289763779527
20
1.3418316929133858
11
0.4744492125984252
21
1.3335456692913386
0
LINE
8
BLACK
6
CONTINUOUS
10
0.4744492125984252
20
1.3335456692913386
11
0.4751968503937008
21
1.325
0
LINE
8
BLACK
6
CONTINUOUS
10
0.4751968503937008
20
1.325
11
0.4744492125984252
21
1.3164543307086614
0
LINE
8
BLACK
6
CONTINUOUS
10
0.4744492125984252
20
1.3164543307086614
11
0.4722289763779527
21
1.3081683070866141
0
LINE
8
BLACK
6
CONTINUOUS
10
0.4722289763779527
20
1.3081683070866141
11
0.4717283464566929
21
1.3070946850393701
0
LINE
8
BLACK
6
CONTINUOUS
10
0.4717283464566929
20
1.3070946850393701
11
0.9591380314960629
21
0.8196850393700787
0
LINE
8
BLACK
6
CONTINUOUS
10
0.9591380314960629
20
0.8196850393700787
11
1.3037401574803149
21
0.8196850393700787
0
LINE
8
BLACK
6
CONTINUOUS
10
1.3037401574803149
20
0.8196850393700787
11
1.3037401574803149
21
0.8452755905511811
0
LINE
8
BLACK
6
CONTINUOUS
10
1.3037401574803149
20
0.8452755905511811
11
1.3942913385826772
21
0.8452755905511811
0
LINE
8
BLACK
6
CONTINUOUS
10
1.3942913385826772
20
0.8452755905511811
11
1.3942913385826772
21
0.7547244094488189
0
LINE
8
BLACK
6
CONTINUOUS
10
1.3942913385826772
20
0.7547244094488189
11
1.3037401574803149
21
0.7547244094488189
0
LINE
8
BLACK
6
CONTINUOUS
10
1.3037401574803149
20
0.7547244094488189
11
1.3037401574803149
21
0.7803149606299212
0
LINE
8
BLACK
6
CONTINUOUS
10
1.3037401574803149
20
0.7803149606299212
11
0.9509842519685039
21
0.7803149606299212
0
LINE
8
BLACK
6
CONTINUOUS
10
0.9509842519685039
20
0.7803149606299212
11
0.9489000393700787
21
0.7806146062992125
0
LINE
8
BLACK
6
CONTINUOUS
10
0.9489000393700787
20
0.7806146062992125
11
0.9467998818897637
21
0.780764842519685
0
LINE
8
BLACK
6
CONTINUOUS
10
0.9467998818897637
20
0.780764842519685
11
0.9461377559055117
21
0.7810117716535433
0
LINE
8
BLACK
6
CONTINUOUS
10
0.9461377559055117
20
0.7810117716535433
11
0.9454383464566929
21
0.7811123622047244
0
LINE
8
BLACK
6
CONTINUOUS
10
0.9454383464566929
20
0.7811123622047244
11
0.9435229527559055
21
0.7819870472440945
0
LINE
8
BLACK
6
CONTINUOUS
10
0.9435229527559055
20
0.7819870472440945
11
0.9415502362204724
21
0.782722874015748
0
LINE
8
BLACK
6
CONTINUOUS
10
0.9415502362204724
20
0.782722874015748
11
0.9409846062992125
21
0.7831462598425196
0
LINE
8
BLACK
6
CONTINUOUS
10
0.9409846062992125
20
0.7831462598425196
11
0.9403417322834645
21
0.7834398818897638
0
LINE
8
BLACK
6
CONTINUOUS
10
0.9403417322834645
20
0.7834398818897638
11
0.9387501968503936
21
0.7848188976377952
0
LINE
8
BLACK
6
CONTINUOUS
10
0.9387501968503936
20
0.7848188976377952
11
0.937064842519685
21
0.7860805905511811
0
LINE
8
BLACK
6
CONTINUOUS
10
0.937064842519685
20
0.7860805905511811
11
0.4438895275590551
21
1.2792558661417321
0
LINE
8
BLACK
6
CONTINUOUS
10
0.4438895275590551
20
1.2792558661417321
11
0.4428159448818897
21
1.2787552755905511
0
LINE
8
BLACK
6
CONTINUOUS
10
0.4428159448818897
20
1.2787552755905511
11
0.4345299212598425
21
1.2765350393700787
0
LINE
8
BLACK
6
CONTINUOUS
10
0.4345299212598425
20
1.2765350393700787
11
0.4259842519685039
21
1.2757874015748032
0
LINE
8
BLACK
6
CONTINUOUS
10
0.4259842519685039
20
1.2757874015748032
11
0.4174385826771653
21
1.2765350393700787
0
LINE
8
BLACK
6
CONTINUOUS
10
0.4174385826771653
20
1.2765350393700787
11
0.4091525590551181
21
1.2787552755905511
0
LINE
8
BLACK
6
CONTINUOUS
10
0.4091525590551181
20
1.2787552755905511
11
0.4013779527559055
21
1.2823806299212599
0
LINE
8
BLACK
6
CONTINUOUS
10
0.4013779527559055
20
1.2823806299212599
11
0.3943509842519685
21
1.2873009448818897
0
LINE
8
BLACK
6
CONTINUOUS
10
0.3943509842519685
20
1.2873009448818897
11
0.3882851968503937
21
1.2933667322834645
0
LINE
8
BLACK
6
CONTINUOUS
10
0.3882851968503937
20
1.2933667322834645
11
0.3833648818897638
21
1.3003937007874016
0
LINE
8
BLACK
6
CONTINUOUS
10
0.3833648818897638
20
1.3003937007874016
11
0.3797395275590551
21
1.3081683070866141
0
LINE
8
BLACK
6
CONTINUOUS
10
0.3797395275590551
20
1.3081683070866141
11
0.3775192913385826
21
1.3164543307086614
0
LINE
8
BLACK
6
CONTINUOUS
10
0.3775192913385826
20
1.3164543307086614
11
0.3767716535433071
21
1.325
0
LINE
8
BLACK
6
CONTINUOUS
10
0.3767716535433071
20
1.325
11
0.3775192913385826
21
1.3335456692913386
0
LINE
8
BLACK
6
CONTINUOUS
10
0.3775192913385826
20
1.3335456692913386
11
0.3797395275590551
21
1.3418316929133858
0
LINE
8
BLACK
6
CONTINUOUS
10
0.3797395275590551
20
1.3418316929133858
11
0.3833648818897638
21
1.3496062992125983
0
LINE
8
BLACK
6
CONTINUOUS
10
0.3833648818897638
20
1.3496062992125983
11
0.3882851968503937
21
1.3566332677165354
0
LINE
8
BLACK
6
CONTINUOUS
10
0.3882851968503937
20
1.3566332677165354
11
0.3943509842519685
21
1.3626990551181102
0
LINE
8
BLACK
6
CONTINUOUS
10
0.3943509842519685
20
1.3626990551181102
11
0.4013779527559055
21
1.36761937007874
0
LINE
8
BLACK
6
CONTINUOUS
10
0.4013779527559055
20
1.36761937007874
11
0.4091525590551181
21
1.3712447244094488
0
LINE
8
BLACK
6
CONTINUOUS
10
0.4091525590551181
20
1.3712447244094488
11
0.4174385826771653
21
1.3734649606299212
0
LINE
8
BLACK
6
CONTINUOUS
10
0.4174385826771653
20
1.3734649606299212
11
0.4259842519685039
21
1.3742125984251967
0
LINE
8
BLACK
6
CONTINUOUS
10
0.4259842519685039
20
1.3742125984251967
11
0.4345299212598425
21
1.3734649606299212
0
LINE
8
BLACK
6
CONTINUOUS
10
1.9568792125984251
20
0.8684438976377953
11
1.9617968503937007
21
0.8657587007874016
0
LINE
8
BLACK
6
CONTINUOUS
10
1.9617968503937007
20
0.8657587007874016
11
1.9657587007874016
21
0.8617968503937008
0
LINE
8
BLACK
6
CONTINUOUS
10
1.9657587007874016
20
0.8617968503937008
11
1.9684438976377951
21
0.8568792125984251
0
LINE
8
BLACK
6
CONTINUOUS
10
1.9684438976377951
20
0.8568792125984251
11
1.9696348818897638
21
0.8514043307086614
0
LINE
8
BLACK
6
CONTINUOUS
10
1.9696348818897638
20
0.8514043307086614
11
1.9692351968503936
21
0.8458156299212598
0
LINE
8
BLACK
6
CONTINUOUS
10
1.9692351968503936
20
0.8458156299212598
11
1.9672771259842519
21
0.8405659842519685
0
LINE
8
BLACK
6
CONTINUOUS
10
1.9672771259842519
20
0.8405659842519685
11
1.9639194488188976
21
0.8360805905511811
0
LINE
8
BLACK
6
CONTINUOUS
10
1.9639194488188976
20
0.8360805905511811
11
1.9461044488188977
21
0.8182656299212598
0
LINE
8
BLACK
6
CONTINUOUS
10
1.9461044488188977
20
0.8182656299212598
11
1.9444190551181102
21
0.817003937007874
0
LINE
8
BLACK
6
CONTINUOUS
10
1.9444190551181102
20
0.817003937007874
11
1.9428275590551181
21
0.8156249212598425
0
LINE
8
BLACK
6
CONTINUOUS
10
1.9428275590551181
20
0.8156249212598425
11
1.9421846456692913
21
0.8153312992125984
0
LINE
8
BLACK
6
CONTINUOUS
10
1.9421846456692913
20
0.8153312992125984
11
1.9416190551181103
21
0.8149079133858268
0
LINE
8
BLACK
6
CONTINUOUS
10
1.9416190551181103
20
0.8149079133858268
11
1.9396462992125985
21
0.8141720866141732
0
LINE
8
BLACK
6
CONTINUOUS
10
1.9396462992125985
20
0.8141720866141732
11
1.9377309448818898
21
0.8132974015748031
0
LINE
8
BLACK
6
CONTINUOUS
10
1.9377309448818898
20
0.8132974015748031
11
1.9370314960629922
21
0.8131968110236221
0
LINE
8
BLACK
6
CONTINUOUS
10
1.9370314960629922
20
0.8131968110236221
11
1.9363694094488189
21
0.8129498818897638
0
LINE
8
BLACK
6
CONTINUOUS
10
1.9363694094488189
20
0.8129498818897638
11
1.935433031496063
21
0.812882874015748
0
LINE
8
BLACK
6
CONTINUOUS
10
1.935433031496063
20
0.812882874015748
11
1.9354330708661416
21
0.8110403543307086
0
LINE
8
BLACK
6
CONTINUOUS
10
1.9354330708661416
20
0.8110403543307086
11
1.9346825984251967
21
0.8072674015748031
0
LINE
8
BLACK
6
CONTINUOUS
10
1.9346825984251967
20
0.8072674015748031
11
1.9325453543307085
21
0.8040688188976378
0
LINE
8
BLACK
6
CONTINUOUS
10
1.9325453543307085
20
0.8040688188976378
11
1.9293467716535433
21
0.8019315748031496
0
LINE
8
BLACK
6
CONTINUOUS
10
1.9293467716535433
20
0.8019315748031496
11
1.9255737795275589
21
0.8011811417322835
0
LINE
8
BLACK
6
CONTINUOUS
10
1.9255737795275589
20
0.8011811417322835
11
1.8744261811023621
21
0.8011811023622047
0
LINE
8
BLACK
6
CONTINUOUS
10
1.8744261811023621
20
0.8011811023622047
11
1.8706532283464568
21
0.8019315748031496
0
LINE
8
BLACK
6
CONTINUOUS
10
1.8706532283464568
20
0.8019315748031496
11
1.8674546456692913
21
0.8040688188976378
0
LINE
8
BLACK
6
CONTINUOUS
10
1.8674546456692913
20
0.8040688188976378
11
1.8653174015748031
21
0.8072674015748031
0
LINE
8
BLACK
6
CONTINUOUS
10
1.8653174015748031
20
0.8072674015748031
11
1.864566968503937
21
0.8110403937007874
0
LINE
8
BLACK
6
CONTINUOUS
10
1.864566968503937
20
0.8110403937007874
11
1.8645669291338582
21
0.8533297244094488
0
LINE
8
BLACK
6
CONTINUOUS
10
1.8645669291338582
20
0.8533297244094488
11
1.8653174015748031
21
0.8571026771653543
0
LINE
8
BLACK
6
CONTINUOUS
10
1.8653174015748031
20
0.8571026771653543
11
1.8674546456692913
21
0.8603012598425197
0
LINE
8
BLACK
6
CONTINUOUS
10
1.8674546456692913
20
0.8603012598425197
11
1.8706532283464568
21
0.8624385039370078
0
LINE
8
BLACK
6
CONTINUOUS
10
1.8706532283464568
20
0.8624385039370078
11
1.8744262204724409
21
0.863188937007874
0
LINE
8
BLACK
6
CONTINUOUS
10
1.8744262204724409
20
0.863188937007874
11
1.9255738188976377
21
0.8631889763779528
0
LINE
8
BLACK
6
CONTINUOUS
10
1.9255738188976377
20
0.8631889763779528
11
1.9293467716535433
21
0.8624385039370078
0
LINE
8
BLACK
6
CONTINUOUS
10
1.9293467716535433
20
0.8624385039370078
11
1.9324956299212599
21
0.8603344488188976
0
LINE
8
BLACK
6
CONTINUOUS
10
1.9324956299212599
20
0.8603344488188976
11
1.9360805905511811
21
0.8639194488188976
0
LINE
8
BLACK
6
CONTINUOUS
10
1.9360805905511811
20
0.8639194488188976
11
1.9405659842519685
21
0.867277125984252
0
LINE
8
BLACK
6
CONTINUOUS
10
1.9405659842519685
20
0.867277125984252
11
1.9458156299212599
21
0.8692351968503936
0
LINE
8
BLACK
6
CONTINUOUS
10
1.9458156299212599
20
0.8692351968503936
11
1.9514043307086615
21
0.8696348818897638
0
LINE
8
BLACK
6
CONTINUOUS
10
1.9514043307086615
20
0.8696348818897638
11
1.9568792125984251
21
0.8684438976377953
0
LINE
8
BLACK
6
CONTINUOUS
10
2.1813076771653543
20
0.9276357480314961
11
2.1872990551181104
21
0.9255392913385827
0
LINE
8
BLACK
6
CONTINUOUS
10
2.1872990551181104
20
0.9255392913385827
11
2.1926737401574803
21
0.9221621653543307
0
LINE
8
BLACK
6
CONTINUOUS
10
2.1926737401574803
20
0.9221621653543307
11
2.1971621653543307
21
0.9176737401574803
0
LINE
8
BLACK
6
CONTINUOUS
10
2.1971621653543307
20
0.9176737401574803
11
2.2005392913385826
21
0.9122990551181103
0
LINE
8
BLACK
6
CONTINUOUS
10
2.2005392913385826
20
0.9122990551181103
11
2.2026357480314962
21
0.9063076771653543
0
LINE
8
BLACK
6
CONTINUOUS
10
2.2026357480314962
20
0.9063076771653543
11
2.2033464566929135
21
0.9
0
LINE
8
BLACK
6
CONTINUOUS
10
2.2033464566929135
20
0.9
11
2.2026357480314962
21
0.8936923228346456
0
LINE
8
BLACK
6
CONTINUOUS
10
2.2026357480314962
20
0.8936923228346456
11
2.2005392913385826
21
0.8877009448818898
0
LINE
8
BLACK
6
CONTINUOUS
10
2.2005392913385826
20
0.8877009448818898
11
2.1971621653543307
21
0.8823262598425197
0
LINE
8
BLACK
6
CONTINUOUS
10
2.1971621653543307
20
0.8823262598425197
11
2.1926737401574803
21
0.8778378346456692
0
LINE
8
BLACK
6
CONTINUOUS
10
2.1926737401574803
20
0.8778378346456692
11
2.1872990551181104
21
0.8744607086614173
0
LINE
8
BLACK
6
CONTINUOUS
10
2.1872990551181104
20
0.8744607086614173
11
2.1813076771653543
21
0.8723642519685039
0
LINE
8
BLACK
6
CONTINUOUS
10
2.1813076771653543
20
0.8723642519685039
11
2.1749999999999998
21
0.8716535433070866
0
LINE
8
BLACK
6
CONTINUOUS
10
2.1749999999999998
20
0.8716535433070866
11
2.1745437795275588
21
0.8717049212598424
0
LINE
8
BLACK
6
CONTINUOUS
10
2.1745437795275588
20
0.8717049212598424
11
2.1455356692913385
21
0.8426968503937008
0
LINE
8
BLACK
6
CONTINUOUS
10
2.1455356692913385
20
0.8426968503937008
11
2.1525590551181102
21
0.8426968503937008
0
LINE
8
BLACK
6
CONTINUOUS
10
2.1525590551181102
20
0.8426968503937008
11
2.1525590551181102
21
0.8073031496062992
0
LINE
8
BLACK
6
CONTINUOUS
10
2.1525590551181102
20
0.8073031496062992
11
2.1335031496062991
21
0.8073031496062992
0
LINE
8
BLACK
6
CONTINUOUS
10
2.1335031496062991
20
0.8073031496062992
11
2.1331774803149606
21
0.8070938582677165
0
LINE
8
BLACK
6
CONTINUOUS
10
2.1331774803149606
20
0.8070938582677165
11
2.1278014566929135
21
0.8055153149606299
0
LINE
8
BLACK
6
CONTINUOUS
10
2.1278014566929135
20
0.8055153149606299
11
2.1221985433070865
21
0.8055153149606299
0
LINE
8
BLACK
6
CONTINUOUS
10
2.1221985433070865
20
0.8055153149606299
11
2.1168225196850394
21
0.8070938582677165
0
LINE
8
BLACK
6
CONTINUOUS
10
2.1168225196850394
20
0.8070938582677165
11
2.1164968503937009
21
0.8073031496062992
0
LINE
8
BLACK
6
CONTINUOUS
10
2.1164968503937009
20
0.8073031496062992
11
2.0974409448818898
21
0.8073031496062992
0
LINE
8
BLACK
6
CONTINUOUS
10
2.0974409448818898
20
0.8073031496062992
11
2.0974409448818898
21
0.8426968503937008
0
LINE
8
BLACK
6
CONTINUOUS
10
2.0974409448818898
20
0.8426968503937008
11
2.1053149606299213
21
0.8426968503937008
0
LINE
8
BLACK
6
CONTINUOUS
10
2.1053149606299213
20
0.8426968503937008
11
2.1053149606299213
21
0.85
0
LINE
8
BLACK
6
CONTINUOUS
10
2.1053149606299213
20
0.85
11
2.1056146062992127
21
0.8520841732283464
0
LINE
8
BLACK
6
CONTINUOUS
10
2.1056146062992127
20
0.8520841732283464
11
2.1057648425196849
21
0.8541843700787402
0
LINE
8
BLACK
6
CONTINUOUS
10
2.1057648425196849
20
0.8541843700787402
11
2.1060117716535434
21
0.8548464566929134
0
LINE
8
BLACK
6
CONTINUOUS
10
2.1060117716535434
20
0.8548464566929134
11
2.1061123622047244
21
0.855545905511811
0
LINE
8
BLACK
6
CONTINUOUS
10
2.1061123622047244
20
0.855545905511811
11
2.1069870472440946
21
0.8574612598425196
0
LINE
8
BLACK
6
CONTINUOUS
10
2.1069870472440946
20
0.8574612598425196
11
2.1077228740157481
21
0.8594340157480315
0
LINE
8
BLACK
6
CONTINUOUS
10
2.1077228740157481
20
0.8594340157480315
11
2.1081462598425196
21
0.8599996062992126
0
LINE
8
BLACK
6
CONTINUOUS
10
2.1081462598425196
20
0.8599996062992126
11
2.1084398818897636
21
0.8606425196850394
0
LINE
8
BLACK
6
CONTINUOUS
10
2.1084398818897636
20
0.8606425196850394
11
2.1098188976377954
21
0.8622340157480315
0
LINE
8
BLACK
6
CONTINUOUS
10
2.1098188976377954
20
0.8622340157480315
11
2.1110805905511811
21
0.8639194094488188
0
LINE
8
BLACK
6
CONTINUOUS
10
2.1110805905511811
20
0.8639194094488188
11
2.1467049212598424
21
0.899543779527559
0
LINE
8
BLACK
6
CONTINUOUS
10
2.1467049212598424
20
0.899543779527559
11
2.1466535433070866
21
0.9
0
LINE
8
BLACK
6
CONTINUOUS
10
2.1466535433070866
20
0.9
11
2.1473642519685039
21
0.9063076771653543
0
LINE
8
BLACK
6
CONTINUOUS
10
2.1473642519685039
20
0.9063076771653543
11
2.1494607086614175
21
0.9122990551181103
0
LINE
8
BLACK
6
CONTINUOUS
10
2.1494607086614175
20
0.9122990551181103
11
2.1528378346456694
21
0.9176737401574803
0
LINE
8
BLACK
6
CONTINUOUS
10
2.1528378346456694
20
0.9176737401574803
11
2.1573262598425198
21
0.9221621653543307
0
LINE
8
BLACK
6
CONTINUOUS
10
2.1573262598425198
20
0.9221621653543307
11
2.1627009448818897
21
0.9255392913385827
0
LINE
8
BLACK
6
CONTINUOUS
10
2.1627009448818897
20
0.9255392913385827
11
2.1686923228346457
21
0.9276357480314961
0
LINE
8
BLACK
6
CONTINUOUS
10
2.1686923228346457
20
0.9276357480314961
11
2.1749999999999998
21
0.9283464566929134
0
LINE
8
BLACK
6
CONTINUOUS
10
2.1749999999999998
20
0.9283464566929134
11
2.1813076771653543
21
0.9276357480314961
0
LINE
8
BLACK
6
CONTINUOUS
10
2.0051968503937005
20
0.9446850393700787
11
2.0499999999999998
21
0.9446850393700787
0
LINE
8
BLACK
6
CONTINUOUS
10
2.0499999999999998
20
0.9446850393700787
11
2.0520841732283466
21
0.9443853543307087
0
LINE
8
BLACK
6
CONTINUOUS
10
2.0520841732283466
20
0.9443853543307087
11
2.0541843700787403
21
0.9442351574803149
0
LINE
8
BLACK
6
CONTINUOUS
10
2.0541843700787403
20
0.9442351574803149
11
2.0548464566929132
21
0.9439881889763779
0
LINE
8
BLACK
6
CONTINUOUS
10
2.0548464566929132
20
0.9439881889763779
11
2.0555459055118108
21
0.9438876377952755
0
LINE
8
BLACK
6
CONTINUOUS
10
2.0555459055118108
20
0.9438876377952755
11
2.0574612598425195
21
0.9430129133858267
0
LINE
8
BLACK
6
CONTINUOUS
10
2.0574612598425195
20
0.9430129133858267
11
2.0594340157480313
21
0.942277125984252
0
LINE
8
BLACK
6
CONTINUOUS
10
2.0594340157480313
20
0.942277125984252
11
2.0599996062992125
21
0.9418537007874016
0
LINE
8
BLACK
6
CONTINUOUS
10
2.0599996062992125
20
0.9418537007874016
11
2.0606425196850395
21
0.9415601181102362
0
LINE
8
BLACK
6
CONTINUOUS
10
2.0606425196850395
20
0.9415601181102362
11
2.0622340157480314
21
0.940181062992126
0
LINE
8
BLACK
6
CONTINUOUS
10
2.0622340157480314
20
0.940181062992126
11
2.0639194094488187
21
0.9389194094488189
0
LINE
8
BLACK
6
CONTINUOUS
10
2.0639194094488187
20
0.9389194094488189
11
2.0745437795275592
21
0.9282950393700787
0
LINE
8
BLACK
6
CONTINUOUS
10
2.0745437795275592
20
0.9282950393700787
11
2.0749999999999997
21
0.9283464566929134
0
LINE
8
BLACK
6
CONTINUOUS
10
2.0749999999999997
20
0.9283464566929134
11
2.0813076771653543
21
0.9276357480314961
0
LINE
8
BLACK
6
CONTINUOUS
10
2.0813076771653543
20
0.9276357480314961
11
2.0872990551181103
21
0.9255392913385827
0
LINE
8
BLACK
6
CONTINUOUS
10
2.0872990551181103
20
0.9255392913385827
11
2.0926737401574802
21
0.9221621653543307
0
LINE
8
BLACK
6
CONTINUOUS
10
2.0926737401574802
20
0.9221621653543307
11
2.0971621653543306
21
0.9176737401574803
0
LINE
8
BLACK
6
CONTINUOUS
10
2.0971621653543306
20
0.9176737401574803
11
2.1005392913385825
21
0.9122990551181103
0
LINE
8
BLACK
6
CONTINUOUS
10
2.1005392913385825
20
0.9122990551181103
11
2.1026357480314961
21
0.9063076771653543
0
LINE
8
BLACK
6
CONTINUOUS
10
2.1026357480314961
20
0.9063076771653543
11
2.1033464566929134
21
0.9
0
LINE
8
BLACK
6
CONTINUOUS
10
2.1033464566929134
20
0.9
11
2.1026357480314961
21
0.8936923228346456
0
LINE
8
BLACK
6
CONTINUOUS
10
2.1026357480314961
20
0.8936923228346456
11
2.1005392913385825
21
0.8877009448818898
0
LINE
8
BLACK
6
CONTINUOUS
10
2.1005392913385825
20
0.8877009448818898
11
2.0971621653543306
21
0.8823262598425197
0
LINE
8
BLACK
6
CONTINUOUS
10
2.0971621653543306
20
0.8823262598425197
11
2.0926737401574802
21
0.8778378346456692
0
LINE
8
BLACK
6
CONTINUOUS
10
2.0926737401574802
20
0.8778378346456692
11
2.0872990551181103
21
0.8744607086614173
0
LINE
8
BLACK
6
CONTINUOUS
10
2.0872990551181103
20
0.8744607086614173
11
2.0813076771653543
21
0.8723642519685039
0
LINE
8
BLACK
6
CONTINUOUS
10
2.0813076771653543
20
0.8723642519685039
11
2.0749999999999997
21
0.8716535433070866
0
LINE
8
BLACK
6
CONTINUOUS
10
2.0749999999999997
20
0.8716535433070866
11
2.0686923228346457
21
0.8723642519685039
0
LINE
8
BLACK
6
CONTINUOUS
10
2.0686923228346457
20
0.8723642519685039
11
2.0627009448818896
21
0.8744607086614173
0
LINE
8
BLACK
6
CONTINUOUS
10
2.0627009448818896
20
0.8744607086614173
11
2.0573262598425197
21
0.8778378346456692
0
LINE
8
BLACK
6
CONTINUOUS
10
2.0573262598425197
20
0.8778378346456692
11
2.0528378346456693
21
0.8823262598425197
0
LINE
8
BLACK
6
CONTINUOUS
10
2.0528378346456693
20
0.8823262598425197
11
2.0494607086614174
21
0.8877009448818898
0
LINE
8
BLACK
6
CONTINUOUS
10
2.0494607086614174
20
0.8877009448818898
11
2.0473642519685038
21
0.8936923228346456
0
LINE
8
BLACK
6
CONTINUOUS
10
2.0473642519685038
20
0.8936923228346456
11
2.0466535433070865
21
0.9
0
LINE
8
BLACK
6
CONTINUOUS
10
2.0466535433070865
20
0.9
11
2.0467049212598423
21
0.9004561811023621
0
LINE
8
BLACK
6
CONTINUOUS
10
2.0467049212598423
20
0.9004561811023621
11
2.0418462204724408
21
0.9053149606299212
0
LINE
8
BLACK
6
CONTINUOUS
10
2.0418462204724408
20
0.9053149606299212
11
2.0051968503937005
21
0.9053149606299212
0
LINE
8
BLACK
6
CONTINUOUS
10
2.0051968503937005
20
0.9053149606299212
11
2.0051968503937005
21
0.8974409448818897
0
LINE
8
BLACK
6
CONTINUOUS
10
2.0051968503937005
20
0.8974409448818897
11
1.9698031496062991
21
0.8974409448818897
0
LINE
8
BLACK
6
CONTINUOUS
10
1.9698031496062991
20
0.8974409448818897
11
1.9698031496062991
21
0.9164968503937008
0
LINE
8
BLACK
6
CONTINUOUS
10
1.9698031496062991
20
0.9164968503937008
11
1.9695938582677164
21
0.9168225196850394
0
LINE
8
BLACK
6
CONTINUOUS
10
1.9695938582677164
20
0.9168225196850394
11
1.9680153149606299
21
0.9221985433070866
0
LINE
8
BLACK
6
CONTINUOUS
10
1.9680153149606299
20
0.9221985433070866
11
1.9680153149606299
21
0.9278014566929134
0
LINE
8
BLACK
6
CONTINUOUS
10
1.9680153149606299
20
0.9278014566929134
11
1.9695938582677164
21
0.9331774803149606
0
LINE
8
BLACK
6
CONTINUOUS
10
1.9695938582677164
20
0.9331774803149606
11
1.9698031496062991
21
0.9335031102362205
0
LINE
8
BLACK
6
CONTINUOUS
10
1.9698031496062991
20
0.9335031102362205
11
1.9698031496062991
21
0.9525590551181102
0
LINE
8
BLACK
6
CONTINUOUS
10
1.9698031496062991
20
0.9525590551181102
11
2.0051968503937005
21
0.9525590551181102
0
LINE
8
BLACK
6
CONTINUOUS
10
2.0051968503937005
20
0.9525590551181102
11
2.0051968503937005
21
0.9446850393700787
0
LINE
8
BLACK
6
CONTINUOUS
10
2.32755905511811
20
0.9575
11
2.3047710629921259
21
0.9575
0
LINE
8
BLACK
6
CONTINUOUS
10
2.3047710629921259
20
0.9575
11
2.2907480314960629
21
0.9434769291338583
0
LINE
8
BLACK
6
CONTINUOUS
10
2.2907480314960629
20
0.9434769291338583
11
2.2907480314960629
21
0.923372125984252
0
LINE
8
BLACK
6
CONTINUOUS
10
2.2907480314960629
20
0.923372125984252
11
2.2926737401574804
21
0.9221621653543307
0
LINE
8
BLACK
6
CONTINUOUS
10
2.2926737401574804
20
0.9221621653543307
11
2.2971621653543308
21
0.9176737401574803
0
LINE
8
BLACK
6
CONTINUOUS
10
2.2971621653543308
20
0.9176737401574803
11
2.3005392913385827
21
0.9122990551181103
0
LINE
8
BLACK
6
CONTINUOUS
10
2.3005392913385827
20
0.9122990551181103
11
2.3026357480314958
21
0.9063076771653543
0
LINE
8
BLACK
6
CONTINUOUS
10
2.3026357480314958
20
0.9063076771653543
11
2.3033464566929132
21
0.9
0
LINE
8
BLACK
6
CONTINUOUS
10
2.3033464566929132
20
0.9
11
2.3026357480314958
21
0.8936923228346456
0
LINE
8
BLACK
6
CONTINUOUS
10
2.3026357480314958
20
0.8936923228346456
11
2.3005392913385827
21
0.8877009448818898
0
LINE
8
BLACK
6
CONTINUOUS
10
2.3005392913385827
20
0.8877009448818898
11
2.2971621653543308
21
0.8823262598425197
0
LINE
8
BLACK
6
CONTINUOUS
10
2.2971621653543308
20
0.8823262598425197
11
2.2926737401574804
21
0.8778378346456692
0
LINE
8
BLACK
6
CONTINUOUS
10
2.2926737401574804
20
0.8778378346456692
11
2.28729905511811
21
0.8744607086614173
0
LINE
8
BLACK
6
CONTINUOUS
10
2.28729905511811
20
0.8744607086614173
11
2.2813076771653544
21
0.8723642519685039
0
LINE
8
BLACK
6
CONTINUOUS
10
2.2813076771653544
20
0.8723642519685039
11
2.2749999999999999
21
0.8716535433070866
0
LINE
8
BLACK
6
CONTINUOUS
10
2.2749999999999999
20
0.8716535433070866
11
2.2686923228346458
21
0.8723642519685039
0
LINE
8
BLACK
6
CONTINUOUS
10
2.2686923228346458
20
0.8723642519685039
11
2.2627009448818898
21
0.8744607086614173
0
LINE
8
BLACK
6
CONTINUOUS
10
2.2627009448818898
20
0.8744607086614173
11
2.2573262598425194
21
0.8778378346456692
0
LINE
8
BLACK
6
CONTINUOUS
10
2.2573262598425194
20
0.8778378346456692
11
2.2528378346456694
21
0.8823262598425197
0
LINE
8
BLACK
6
CONTINUOUS
10
2.2528378346456694
20
0.8823262598425197
11
2.2494607086614171
21
0.8877009448818898
0
LINE
8
BLACK
6
CONTINUOUS
10
2.2494607086614171
20
0.8877009448818898
11
2.247364251968504
21
0.8936923228346456
0
LINE
8
BLACK
6
CONTINUOUS
10
2.247364251968504
20
0.8936923228346456
11
2.2466535433070867
21
0.9
0
LINE
8
BLACK
6
CONTINUOUS
10
2.2466535433070867
20
0.9
11
2.247364251968504
21
0.9063076771653543
0
LINE
8
BLACK
6
CONTINUOUS
10
2.247364251968504
20
0.9063076771653543
11
2.2494607086614171
21
0.9122990551181103
0
LINE
8
BLACK
6
CONTINUOUS
10
2.2494607086614171
20
0.9122990551181103
11
2.2528378346456694
21
0.9176737401574803
0
LINE
8
BLACK
6
CONTINUOUS
10
2.2528378346456694
20
0.9176737401574803
11
2.2573262598425194
21
0.9221621653543307
0
LINE
8
BLACK
6
CONTINUOUS
10
2.2573262598425194
20
0.9221621653543307
11
2.2592519685039369
21
0.923372125984252
0
LINE
8
BLACK
6
CONTINUOUS
10
2.2592519685039369
20
0.923372125984252
11
2.2592519685039369
21
0.95
0
LINE
8
BLACK
6
CONTINUOUS
10
2.2592519685039369
20
0.95
11
2.259445866141732
21
0.9512242125984252
0
LINE
8
BLACK
6
CONTINUOUS
10
2.259445866141732
20
0.9512242125984252
11
2.259445866141732
21
0.9524635433070866
0
LINE
8
BLACK
6
CONTINUOUS
10
2.259445866141732
20
0.9524635433070866
11
2.2598287795275591
21
0.9536421653543307
0
LINE
8
BLACK
6
CONTINUOUS
10
2.2598287795275591
20
0.9536421653543307
11
2.260022716535433
21
0.9548664173228346
0
LINE
8
BLACK
6
CONTINUOUS
10
2.260022716535433
20
0.9548664173228346
11
2.2605853937007874
21
0.9559707480314961
0
LINE
8
BLACK
6
CONTINUOUS
10
2.2605853937007874
20
0.9559707480314961
11
2.2609683858267715
21
0.9571494488188976
0
LINE
8
BLACK
6
CONTINUOUS
10
2.2609683858267715
20
0.9571494488188976
11
2.2616968897637797
21
0.9581521259842519
0
LINE
8
BLACK
6
CONTINUOUS
10
2.2616968897637797
20
0.9581521259842519
11
2.2622595669291337
21
0.9592564566929134
0
LINE
8
BLACK
6
CONTINUOUS
10
2.2622595669291337
20
0.9592564566929134
11
2.263135905511811
21
0.9601327952755905
0
LINE
8
BLACK
6
CONTINUOUS
10
2.263135905511811
20
0.9601327952755905
11
2.2638644488188975
21
0.9611355511811024
0
LINE
8
BLACK
6
CONTINUOUS
10
2.2638644488188975
20
0.9611355511811024
11
2.2724409448818896
21
0.9697120078740157
0
LINE
8
BLACK
6
CONTINUOUS
10
2.2724409448818896
20
0.9697120078740157
11
2.2724409448818896
21
0.9924999999999999
0
LINE
8
BLACK
6
CONTINUOUS
10
2.2724409448818896
20
0.9924999999999999
11
2.32755905511811
21
0.9924999999999999
0
LINE
8
BLACK
6
CONTINUOUS
10
2.32755905511811
20
0.9924999999999999
11
2.32755905511811
21
0.9575
0
LINE
8
BLACK
6
CONTINUOUS
10
1.855
20
1.4196850393700786
11
1.895
21
1.4196850393700786
0
LINE
8
BLACK
6
CONTINUOUS
10
1.895
20
1.4196850393700786
11
1.895
21
1.4299999999999999
0
LINE
8
BLACK
6
CONTINUOUS
10
1.895
20
1.4299999999999999
11
1.9549999999999998
21
1.4299999999999999
0
LINE
8
BLACK
6
CONTINUOUS
10
1.9549999999999998
20
1.4299999999999999
11
1.9549999999999998
21
1.4196850393700786
0
LINE
8
BLACK
6
CONTINUOUS
10
1.9549999999999998
20
1.4196850393700786
11
1.9943700787401575
21
1.4196850393700786
0
LINE
8
BLACK
6
CONTINUOUS
10
1.9943700787401575
20
1.4196850393700786
11
1.9964542519685038
21
1.4193853543307087
0
LINE
8
BLACK
6
CONTINUOUS
10
1.9964542519685038
20
1.4193853543307087
11
1.9985544488188975
21
1.419235157480315
0
LINE
8
BLACK
6
CONTINUOUS
10
1.9985544488188975
20
1.419235157480315
11
1.9992165354330709
21
1.418988188976378
0
LINE
8
BLACK
6
CONTINUOUS
10
1.9992165354330709
20
1.418988188976378
11
1.9999159842519685
21
1.4188876377952755
0
LINE
8
BLACK
6
CONTINUOUS
10
1.9999159842519685
20
1.4188876377952755
11
2.0018313385826771
21
1.4180129133858268
0
LINE
8
BLACK
6
CONTINUOUS
10
2.0018313385826771
20
1.4180129133858268
11
2.003804094488189
21
1.417277125984252
0
LINE
8
BLACK
6
CONTINUOUS
10
2.003804094488189
20
1.417277125984252
11
2.0043696850393702
21
1.4168537007874016
0
LINE
8
BLACK
6
CONTINUOUS
10
2.0043696850393702
20
1.4168537007874016
11
2.0050125984251967
21
1.4165601181102361
0
LINE
8
BLACK
6
CONTINUOUS
10
2.0050125984251967
20
1.4165601181102361
11
2.0066040944881891
21
1.415181062992126
0
LINE
8
BLACK
6
CONTINUOUS
10
2.0066040944881891
20
1.415181062992126
11
2.0082894881889763
21
1.4139194094488188
0
LINE
8
BLACK
6
CONTINUOUS
10
2.0082894881889763
20
1.4139194094488188
11
2.0367540157480315
21
1.3854548818897638
0
LINE
8
BLACK
6
CONTINUOUS
10
2.0367540157480315
20
1.3854548818897638
11
2.0380156692913385
21
1.3837694881889764
0
LINE
8
BLACK
6
CONTINUOUS
10
2.0380156692913385
20
1.3837694881889764
11
2.0393947244094486
21
1.3821779921259842
0
LINE
8
BLACK
6
CONTINUOUS
10
2.0393947244094486
20
1.3821779921259842
11
2.0396883070866143
21
1.3815350787401575
0
LINE
8
BLACK
6
CONTINUOUS
10
2.0396883070866143
20
1.3815350787401575
11
2.0401117322834645
21
1.3809694881889762
0
LINE
8
BLACK
6
CONTINUOUS
10
2.0401117322834645
20
1.3809694881889762
11
2.0408475196850393
21
1.3789967322834646
0
LINE
8
BLACK
6
CONTINUOUS
10
2.0408475196850393
20
1.3789967322834646
11
2.0417222440944882
21
1.377081377952756
0
LINE
8
BLACK
6
CONTINUOUS
10
2.0417222440944882
20
1.377081377952756
11
2.0418227952755905
21
1.3763819291338582
0
LINE
8
BLACK
6
CONTINUOUS
10
2.0418227952755905
20
1.3763819291338582
11
2.0420697637795273
21
1.375719842519685
0
LINE
8
BLACK
6
CONTINUOUS
10
2.0420697637795273
20
1.375719842519685
11
2.0422199606299212
21
1.3736196456692913
0
LINE
8
BLACK
6
CONTINUOUS
10
2.0422199606299212
20
1.3736196456692913
11
2.0425196456692913
21
1.3715354724409448
0
LINE
8
BLACK
6
CONTINUOUS
10
2.0425196456692913
20
1.3715354724409448
11
2.0425196456692913
21
1.2853191732283464
0
LINE
8
BLACK
6
CONTINUOUS
10
2.0425196456692913
20
1.2853191732283464
11
2.1745437795275588
21
1.1532950393700787
0
LINE
8
BLACK
6
CONTINUOUS
10
2.1745437795275588
20
1.1532950393700787
11
2.1749999999999998
21
1.1533464566929135
0
LINE
8
BLACK
6
CONTINUOUS
10
2.1749999999999998
20
1.1533464566929135
11
2.1813076771653543
21
1.1526357480314959
0
LINE
8
BLACK
6
CONTINUOUS
10
2.1813076771653543
20
1.1526357480314959
11
2.1872990551181104
21
1.1505392913385826
0
LINE
8
BLACK
6
CONTINUOUS
10
2.1872990551181104
20
1.1505392913385826
11
2.1926737401574803
21
1.1471621653543307
0
LINE
8
BLACK
6
CONTINUOUS
10
2.1926737401574803
20
1.1471621653543307
11
2.1971621653543307
21
1.1426737401574802
0
LINE
8
BLACK
6
CONTINUOUS
10
2.1971621653543307
20
1.1426737401574802
11
2.2005392913385826
21
1.1372990551181101
0
LINE
8
BLACK
6
CONTINUOUS
10
2.2005392913385826
20
1.1372990551181101
11
2.2026357480314962
21
1.1313076771653543
0
LINE
8
BLACK
6
CONTINUOUS
10
2.2026357480314962
20
1.1313076771653543
11
2.2033464566929135
21
1.125
0
LINE
8
BLACK
6
CONTINUOUS
10
2.2033464566929135
20
1.125
11
2.2026357480314962
21
1.1186923228346457
0
LINE
8
BLACK
6
CONTINUOUS
10
2.2026357480314962
20
1.1186923228346457
11
2.2005392913385826
21
1.1127009448818896
0
LINE
8
BLACK
6
CONTINUOUS
10
2.2005392913385826
20
1.1127009448818896
11
2.1971621653543307
21
1.1073262598425198
0
LINE
8
BLACK
6
CONTINUOUS
10
2.1971621653543307
20
1.1073262598425198
11
2.1926737401574803
21
1.1028378346456693
0
LINE
8
BLACK
6
CONTINUOUS
10
2.1926737401574803
20
1.1028378346456693
11
2.1872990551181104
21
1.0994607086614172
0
LINE
8
BLACK
6
CONTINUOUS
10
2.1872990551181104
20
1.0994607086614172
11
2.1813076771653543
21
1.0973642519685038
0
LINE
8
BLACK
6
CONTINUOUS
10
2.1813076771653543
20
1.0973642519685038
11
2.1749999999999998
21
1.0966535433070865
0
LINE
8
BLACK
6
CONTINUOUS
10
2.1749999999999998
20
1.0966535433070865
11
2.1745437795275588
21
1.0967049212598425
0
LINE
8
BLACK
6
CONTINUOUS
10
2.1745437795275588
20
1.0967049212598425
11
2.1196850393700788
21
1.0418461811023623
0
LINE
8
BLACK
6
CONTINUOUS
10
2.1196850393700788
20
1.0418461811023623
11
2.1196850393700788
21
1.0249999999999999
0
LINE
8
BLACK
6
CONTINUOUS
10
2.1196850393700788
20
1.0249999999999999
11
2.1188876377952757
21
1.0194540944881889
0
LINE
8
BLACK
6
CONTINUOUS
10
2.1188876377952757
20
1.0194540944881889
11
2.1176968503937008
21
1.0168465748031497
0
LINE
8
BLACK
6
CONTINUOUS
10
2.1176968503937008
20
1.0168465748031497
11
2.1176968503937008
21
0.9974409448818897
0
LINE
8
BLACK
6
CONTINUOUS
10
2.1176968503937008
20
0.9974409448818897
11
2.0823031496062994
21
0.9974409448818897
0
LINE
8
BLACK
6
CONTINUOUS
10
2.0823031496062994
20
0.9974409448818897
11
2.0823031496062994
21
1.0168465748031497
0
LINE
8
BLACK
6
CONTINUOUS
10
2.0823031496062994
20
1.0168465748031497
11
2.0811123622047245
21
1.0194540944881889
0
LINE
8
BLACK
6
CONTINUOUS
10
2.0811123622047245
20
1.0194540944881889
11
2.0803149606299214
21
1.0249999999999999
0
LINE
8
BLACK
6
CONTINUOUS
10
2.0803149606299214
20
1.0249999999999999
11
2.0803149606299214
21
1.05
0
LINE
8
BLACK
6
CONTINUOUS
10
2.0803149606299214
20
1.05
11
2.0806146062992124
21
1.0520841732283464
0
LINE
8
BLACK
6
CONTINUOUS
10
2.0806146062992124
20
1.0520841732283464
11
2.080764842519685
21
1.0541843700787401
0
LINE
8
BLACK
6
CONTINUOUS
10
2.080764842519685
20
1.0541843700787401
11
2.0810117716535435
21
1.0548464566929134
0
LINE
8
BLACK
6
CONTINUOUS
10
2.0810117716535435
20
1.0548464566929134
11
2.0811123622047245
21
1.055545905511811
0
LINE
8
BLACK
6
CONTINUOUS
10
2.0811123622047245
20
1.055545905511811
11
2.0819870472440942
21
1.0574612598425197
0
LINE
8
BLACK
6
CONTINUOUS
10
2.0819870472440942
20
1.0574612598425197
11
2.0827228740157482
21
1.0594340157480315
0
LINE
8
BLACK
6
CONTINUOUS
10
2.0827228740157482
20
1.0594340157480315
11
2.0831462598425197
21
1.0599996062992125
0
LINE
8
BLACK
6
CONTINUOUS
10
2.0831462598425197
20
1.0599996062992125
11
2.0834398818897637
21
1.0606425196850393
0
LINE
8
BLACK
6
CONTINUOUS
10
2.0834398818897637
20
1.0606425196850393
11
2.084818897637795
21
1.0622340157480314
0
LINE
8
BLACK
6
CONTINUOUS
10
2.084818897637795
20
1.0622340157480314
11
2.0860805905511812
21
1.0639194094488189
0
LINE
8
BLACK
6
CONTINUOUS
10
2.0860805905511812
20
1.0639194094488189
11
2.1467049212598424
21
1.124543779527559
0
LINE
8
BLACK
6
CONTINUOUS
10
2.1467049212598424
20
1.124543779527559
11
2.1466535433070866
21
1.125
0
LINE
8
BLACK
6
CONTINUOUS
10
2.1466535433070866
20
1.125
11
2.1467049212598424
21
1.1254561811023622
0
LINE
8
BLACK
6
CONTINUOUS
10
2.1467049212598424
20
1.1254561811023622
11
2.0089151968503938
21
1.2632459842519685
0
LINE
8
BLACK
6
CONTINUOUS
10
2.0089151968503938
20
1.2632459842519685
11
2.007653503937008
21
1.264931338582677
0
LINE
8
BLACK
6
CONTINUOUS
10
2.007653503937008
20
1.264931338582677
11
2.0062744881889762
21
1.2665228740157479
0
LINE
8
BLACK
6
CONTINUOUS
10
2.0062744881889762
20
1.2665228740157479
11
2.0059808661417322
21
1.267165748031496
0
LINE
8
BLACK
6
CONTINUOUS
10
2.0059808661417322
20
1.267165748031496
11
2.0055574803149607
21
1.2677313779527559
0
LINE
8
BLACK
6
CONTINUOUS
10
2.0055574803149607
20
1.2677313779527559
11
2.0048216535433072
21
1.269704094488189
0
LINE
8
BLACK
6
CONTINUOUS
10
2.0048216535433072
20
1.269704094488189
11
2.0039469685039371
21
1.2716194881889764
0
LINE
8
BLACK
6
CONTINUOUS
10
2.0039469685039371
20
1.2716194881889764
11
2.003846377952756
21
1.2723188976377953
0
LINE
8
BLACK
6
CONTINUOUS
10
2.003846377952756
20
1.2723188976377953
11
2.0035994488188975
21
1.2729810236220471
0
LINE
8
BLACK
6
CONTINUOUS
10
2.0035994488188975
20
1.2729810236220471
11
2.0034492125984253
21
1.2750811811023621
0
LINE
8
BLACK
6
CONTINUOUS
10
2.0034492125984253
20
1.2750811811023621
11
2.0031495669291339
21
1.2771653937007874
0
LINE
8
BLACK
6
CONTINUOUS
10
2.0031495669291339
20
1.2771653937007874
11
2.0031495669291339
21
1.3633816929133857
0
LINE
8
BLACK
6
CONTINUOUS
10
2.0031495669291339
20
1.3633816929133857
11
1.9862162992125985
21
1.3803149606299212
0
LINE
8
BLACK
6
CONTINUOUS
10
1.9862162992125985
20
1.3803149606299212
11
1.9549999999999998
21
1.3803149606299212
0
LINE
8
BLACK
6
CONTINUOUS
10
1.9549999999999998
20
1.3803149606299212
11
1.9549999999999998
21
1.3699999999999999
0
LINE
8
BLACK
6
CONTINUOUS
10
1.9549999999999998
20
1.3699999999999999
11
1.895
21
1.3699999999999999
0
LINE
8
BLACK
6
CONTINUOUS
10
1.895
20
1.3699999999999999
11
1.895
21
1.3803149606299212
0
LINE
8
BLACK
6
CONTINUOUS
10
1.895
20
1.3803149606299212
11
1.855
21
1.3803149606299212
0
LINE
8
BLACK
6
CONTINUOUS
10
1.855
20
1.3803149606299212
11
1.855
21
1.3699999999999999
0
LINE
8
BLACK
6
CONTINUOUS
10
1.855
20
1.3699999999999999
11
1.7949999999999999
21
1.3699999999999999
0
LINE
8
BLACK
6
CONTINUOUS
10
1.7949999999999999
20
1.3699999999999999
11
1.7949999999999999
21
1.4299999999999999
0
LINE
8
BLACK
6
CONTINUOUS
10
1.7949999999999999
20
1.4299999999999999
11
1.855
21
1.4299999999999999
0
LINE
8
BLACK
6
CONTINUOUS
10
1.855
20
1.4299999999999999
11
1.855
21
1.4196850393700786
0
LINE
8
BLACK
6
CONTINUOUS
10
2.2813076771653544
20
1.1526357480314959
11
2.28729905511811
21
1.1505392913385826
0
LINE
8
BLACK
6
CONTINUOUS
10
2.28729905511811
20
1.1505392913385826
11
2.2926737401574804
21
1.1471621653543307
0
LINE
8
BLACK
6
CONTINUOUS
10
2.2926737401574804
20
1.1471621653543307
11
2.2971621653543308
21
1.1426737401574802
0
LINE
8
BLACK
6
CONTINUOUS
10
2.2971621653543308
20
1.1426737401574802
11
2.3005392913385827
21
1.1372990551181101
0
LINE
8
BLACK
6
CONTINUOUS
10
2.3005392913385827
20
1.1372990551181101
11
2.3026357480314958
21
1.1313076771653543
0
LINE
8
BLACK
6
CONTINUOUS
10
2.3026357480314958
20
1.1313076771653543
11
2.3033464566929132
21
1.125
0
LINE
8
BLACK
6
CONTINUOUS
10
2.3033464566929132
20
1.125
11
2.3026357480314958
21
1.1186923228346457
0
LINE
8
BLACK
6
CONTINUOUS
10
2.3026357480314958
20
1.1186923228346457
11
2.3005392913385827
21
1.1127009448818896
0
LINE
8
BLACK
6
CONTINUOUS
10
2.3005392913385827
20
1.1127009448818896
11
2.2971621653543308
21
1.1073262598425198
0
LINE
8
BLACK
6
CONTINUOUS
10
2.2971621653543308
20
1.1073262598425198
11
2.2926737401574804
21
1.1028378346456693
0
LINE
8
BLACK
6
CONTINUOUS
10
2.2926737401574804
20
1.1028378346456693
11
2.28729905511811
21
1.0994607086614172
0
LINE
8
BLACK
6
CONTINUOUS
10
2.28729905511811
20
1.0994607086614172
11
2.2813076771653544
21
1.0973642519685038
0
LINE
8
BLACK
6
CONTINUOUS
10
2.2813076771653544
20
1.0973642519685038
11
2.2749999999999999
21
1.0966535433070865
0
LINE
8
BLACK
6
CONTINUOUS
10
2.2749999999999999
20
1.0966535433070865
11
2.2695398425196851
21
1.0972687401574803
0
LINE
8
BLACK
6
CONTINUOUS
10
2.2695398425196851
20
1.0972687401574803
11
2.2275590551181104
21
1.0552879527559056
0
LINE
8
BLACK
6
CONTINUOUS
10
2.2275590551181104
20
1.0552879527559056
11
2.2275590551181104
21
1.0325
0
LINE
8
BLACK
6
CONTINUOUS
10
2.2275590551181104
20
1.0325
11
2.1724409448818895
21
1.0325
0
LINE
8
BLACK
6
CONTINUOUS
10
2.1724409448818895
20
1.0325
11
2.1724409448818895
21
1.0674999999999999
0
LINE
8
BLACK
6
CONTINUOUS
10
2.1724409448818895
20
1.0674999999999999
11
2.1952288976377954
21
1.0674999999999999
0
LINE
8
BLACK
6
CONTINUOUS
10
2.1952288976377954
20
1.0674999999999999
11
2.2472687401574802
21
1.119539842519685
0
LINE
8
BLACK
6
CONTINUOUS
10
2.2472687401574802
20
1.119539842519685
11
2.2466535433070867
21
1.125
0
LINE
8
BLACK
6
CONTINUOUS
10
2.2466535433070867
20
1.125
11
2.247364251968504
21
1.1313076771653543
0
LINE
8
BLACK
6
CONTINUOUS
10
2.247364251968504
20
1.1313076771653543
11
2.2494607086614171
21
1.1372990551181101
0
LINE
8
BLACK
6
CONTINUOUS
10
2.2494607086614171
20
1.1372990551181101
11
2.2528378346456694
21
1.1426737401574802
0
LINE
8
BLACK
6
CONTINUOUS
10
2.2528378346456694
20
1.1426737401574802
11
2.2573262598425194
21
1.1471621653543307
0
LINE
8
BLACK
6
CONTINUOUS
10
2.2573262598425194
20
1.1471621653543307
11
2.2627009448818898
21
1.1505392913385826
0
LINE
8
BLACK
6
CONTINUOUS
10
2.2627009448818898
20
1.1505392913385826
11
2.2686923228346458
21
1.1526357480314959
0
LINE
8
BLACK
6
CONTINUOUS
10
2.2686923228346458
20
1.1526357480314959
11
2.2749999999999999
21
1.1533464566929135
0
LINE
8
BLACK
6
CONTINUOUS
10
2.2749999999999999
20
1.1533464566929135
11
2.2813076771653544
21
1.1526357480314959
0
LINE
8
BLACK
6
CONTINUOUS
10
0.21
20
1.1899999999999999
11
0.1667033070866142
21
1.1899999999999999
0
LINE
8
BLACK
6
CONTINUOUS
10
0.1667033070866142
20
1.1899999999999999
11
0.11
21
1.1332966929133859
0
LINE
8
BLACK
6
CONTINUOUS
10
0.11
20
1.1332966929133859
11
0.11
21
1.0900000000000001
0
LINE
8
BLACK
6
CONTINUOUS
10
0.11
20
1.0900000000000001
11
0.05
21
1.0900000000000001
0
LINE
8
BLACK
6
CONTINUOUS
10
0.05
20
1.0900000000000001
11
0.05
21
1.1499999999999999
0
LINE
8
BLACK
6
CONTINUOUS
10
0.05
20
1.1499999999999999
11
0.0932966929133858
21
1.1499999999999999
0
LINE
8
BLACK
6
CONTINUOUS
10
0.0932966929133858
20
1.1499999999999999
11
0.15
21
1.2067033070866142
0
LINE
8
BLACK
6
CONTINUOUS
10
0.15
20
1.2067033070866142
11
0.15
21
1.25
0
LINE
8
BLACK
6
CONTINUOUS
10
0.15
20
1.25
11
0.21
21
1.25
0
LINE
8
BLACK
6
CONTINUOUS
10
0.21
20
1.25
11
0.21
21
1.1899999999999999
0
LINE
8
BLACK
6
CONTINUOUS
10
0.31
20
1.1899999999999999
11
0.2667033070866142
21
1.1899999999999999
0
LINE
8
BLACK
6
CONTINUOUS
10
0.2667033070866142
20
1.1899999999999999
11
0.21
21
1.1332966929133859
0
LINE
8
BLACK
6
CONTINUOUS
10
0.21
20
1.1332966929133859
11
0.21
21
1.0900000000000001
0
LINE
8
BLACK
6
CONTINUOUS
10
0.21
20
1.0900000000000001
11
0.15
21
1.0900000000000001
0
LINE
8
BLACK
6
CONTINUOUS
10
0.15
20
1.0900000000000001
11
0.15
21
1.1499999999999999
0
LINE
8
BLACK
6
CONTINUOUS
10
0.15
20
1.1499999999999999
11
0.1932966929133858
21
1.1499999999999999
0
LINE
8
BLACK
6
CONTINUOUS
10
0.1932966929133858
20
1.1499999999999999
11
0.25
21
1.2067033070866142
0
LINE
8
BLACK
6
CONTINUOUS
10
0.25
20
1.2067033070866142
11
0.25
21
1.25
0
LINE
8
BLACK
6
CONTINUOUS
10
0.25
20
1.25
11
0.31
21
1.25
0
LINE
8
BLACK
6
CONTINUOUS
10
0.31
20
1.25
11
0.31
21
1.1899999999999999
0
LINE
8
BLACK
6
CONTINUOUS
10
2.0813076771653543
20
1.1526357480314959
11
2.0872990551181103
21
1.1505392913385826
0
LINE
8
BLACK
6
CONTINUOUS
10
2.0872990551181103
20
1.1505392913385826
11
2.0926737401574802
21
1.1471621653543307
0
LINE
8
BLACK
6
CONTINUOUS
10
2.0926737401574802
20
1.1471621653543307
11
2.0971621653543306
21
1.1426737401574802
0
LINE
8
BLACK
6
CONTINUOUS
10
2.0971621653543306
20
1.1426737401574802
11
2.1005392913385825
21
1.1372990551181101
0
LINE
8
BLACK
6
CONTINUOUS
10
2.1005392913385825
20
1.1372990551181101
11
2.1026357480314961
21
1.1313076771653543
0
LINE
8
BLACK
6
CONTINUOUS
10
2.1026357480314961
20
1.1313076771653543
11
2.1033464566929134
21
1.125
0
LINE
8
BLACK
6
CONTINUOUS
10
2.1033464566929134
20
1.125
11
2.1026357480314961
21
1.1186923228346457
0
LINE
8
BLACK
6
CONTINUOUS
10
2.1026357480314961
20
1.1186923228346457
11
2.1005392913385825
21
1.1127009448818896
0
LINE
8
BLACK
6
CONTINUOUS
10
2.1005392913385825
20
1.1127009448818896
11
2.0971621653543306
21
1.1073262598425198
0
LINE
8
BLACK
6
CONTINUOUS
10
2.0971621653543306
20
1.1073262598425198
11
2.0926737401574802
21
1.1028378346456693
0
LINE
8
BLACK
6
CONTINUOUS
10
2.0926737401574802
20
1.1028378346456693
11
2.0872990551181103
21
1.0994607086614172
0
LINE
8
BLACK
6
CONTINUOUS
10
2.0872990551181103
20
1.0994607086614172
11
2.0813076771653543
21
1.0973642519685038
0
LINE
8
BLACK
6
CONTINUOUS
10
2.0813076771653543
20
1.0973642519685038
11
2.0749999999999997
21
1.0966535433070865
0
LINE
8
BLACK
6
CONTINUOUS
10
2.0749999999999997
20
1.0966535433070865
11
2.0686923228346457
21
1.0973642519685038
0
LINE
8
BLACK
6
CONTINUOUS
10
2.0686923228346457
20
1.0973642519685038
11
2.0627009448818896
21
1.0994607086614172
0
LINE
8
BLACK
6
CONTINUOUS
10
2.0627009448818896
20
1.0994607086614172
11
2.0573262598425197
21
1.1028378346456693
0
LINE
8
BLACK
6
CONTINUOUS
10
2.0573262598425197
20
1.1028378346456693
11
2.0548491338582675
21
1.1053149606299213
0
LINE
8
BLACK
6
CONTINUOUS
10
2.0548491338582675
20
1.1053149606299213
11
2.0176968503937007
21
1.1053149606299213
0
LINE
8
BLACK
6
CONTINUOUS
10
2.0176968503937007
20
1.1053149606299213
11
2.0176968503937007
21
1.0974409448818898
0
LINE
8
BLACK
6
CONTINUOUS
10
2.0176968503937007
20
1.0974409448818898
11
1.9823031496062993
21
1.0974409448818898
0
LINE
8
BLACK
6
CONTINUOUS
10
1.9823031496062993
20
1.0974409448818898
11
1.9823031496062993
21
1.1164968503937007
0
LINE
8
BLACK
6
CONTINUOUS
10
1.9823031496062993
20
1.1164968503937007
11
1.9820938582677166
21
1.1168225196850394
0
LINE
8
BLACK
6
CONTINUOUS
10
1.9820938582677166
20
1.1168225196850394
11
1.9805153149606298
21
1.1221985433070867
0
LINE
8
BLACK
6
CONTINUOUS
10
1.9805153149606298
20
1.1221985433070867
11
1.9805153149606298
21
1.1278014566929133
0
LINE
8
BLACK
6
CONTINUOUS
10
1.9805153149606298
20
1.1278014566929133
11
1.9820938582677166
21
1.1331774803149606
0
LINE
8
BLACK
6
CONTINUOUS
10
1.9820938582677166
20
1.1331774803149606
11
1.9823031496062993
21
1.1335031102362205
0
LINE
8
BLACK
6
CONTINUOUS
10
1.9823031496062993
20
1.1335031102362205
11
1.9823031496062993
21
1.1525590551181102
0
LINE
8
BLACK
6
CONTINUOUS
10
1.9823031496062993
20
1.1525590551181102
11
2.0176968503937007
21
1.1525590551181102
0
LINE
8
BLACK
6
CONTINUOUS
10
2.0176968503937007
20
1.1525590551181102
11
2.0176968503937007
21
1.1446850393700787
0
LINE
8
BLACK
6
CONTINUOUS
10
2.0176968503937007
20
1.1446850393700787
11
2.0548491338582675
21
1.1446850393700787
0
LINE
8
BLACK
6
CONTINUOUS
10
2.0548491338582675
20
1.1446850393700787
11
2.0573262598425197
21
1.1471621653543307
0
LINE
8
BLACK
6
CONTINUOUS
10
2.0573262598425197
20
1.1471621653543307
11
2.0627009448818896
21
1.1505392913385826
0
LINE
8
BLACK
6
CONTINUOUS
10
2.0627009448818896
20
1.1505392913385826
11
2.0686923228346457
21
1.1526357480314959
0
LINE
8
BLACK
6
CONTINUOUS
10
2.0686923228346457
20
1.1526357480314959
11
2.0749999999999997
21
1.1533464566929135
0
LINE
8
BLACK
6
CONTINUOUS
10
2.0749999999999997
20
1.1533464566929135
11
2.0813076771653543
21
1.1526357480314959
0
LINE
8
BLACK
6
CONTINUOUS
10
0.11
20
1.1899999999999999
11
0.05
21
1.1899999999999999
0
LINE
8
BLACK
6
CONTINUOUS
10
0.05
20
1.1899999999999999
11
0.05
21
1.25
0
LINE
8
BLACK
6
CONTINUOUS
10
0.05
20
1.25
11
0.11
21
1.25
0
LINE
8
BLACK
6
CONTINUOUS
10
0.11
20
1.25
11
0.11
21
1.1899999999999999
0
LINE
8
BLACK
6
CONTINUOUS
10
1.855
20
1.3196850393700787
11
1.895
21
1.3196850393700787
0
LINE
8
BLACK
6
CONTINUOUS
10
1.895
20
1.3196850393700787
11
1.895
21
1.3300000000000001
0
LINE
8
BLACK
6
CONTINUOUS
10
1.895
20
1.3300000000000001
11
1.9549999999999998
21
1.3300000000000001
0
LINE
8
BLACK
6
CONTINUOUS
10
1.9549999999999998
20
1.3300000000000001
11
1.9549999999999998
21
1.27
0
LINE
8
BLACK
6
CONTINUOUS
10
1.9549999999999998
20
1.27
11
1.895
21
1.27
0
LINE
8
BLACK
6
CONTINUOUS
10
1.895
20
1.27
11
1.895
21
1.2803149606299213
0
LINE
8
BLACK
6
CONTINUOUS
10
1.895
20
1.2803149606299213
11
1.855
21
1.2803149606299213
0
LINE
8
BLACK
6
CONTINUOUS
10
1.855
20
1.2803149606299213
11
1.855
21
1.27
0
LINE
8
BLACK
6
CONTINUOUS
10
1.855
20
1.27
11
1.7949999999999999
21
1.27
0
LINE
8
BLACK
6
CONTINUOUS
10
1.7949999999999999
20
1.27
11
1.7949999999999999
21
1.3300000000000001
0
LINE
8
BLACK
6
CONTINUOUS
10
1.7949999999999999
20
1.3300000000000001
11
1.855
21
1.3300000000000001
0
LINE
8
BLACK
6
CONTINUOUS
10
1.855
20
1.3300000000000001
11
1.855
21
1.3196850393700787
0
CIRCLE
8
BLACK
10
0.08
20
1.22
40
0.0068897637795276
0
CIRCLE
8
BLACK
10
0.08
20
1.1199999999999999
40
0.0068897637795276
0
CIRCLE
8
BLACK
10
0.18
20
1.22
40
0.0068897637795276
0
CIRCLE
8
BLACK
10
0.18
20
1.1199999999999999
40
0.0068897637795276
0
CIRCLE
8
BLACK
10
0.28
20
1.22
40
0.0068897637795276
0
CIRCLE
8
BLACK
10
0.28
20
1.1199999999999999
40
0.0068897637795276
0
CIRCLE
8
BLACK
10
1.3490157480314959
20
0.7999999999999999
40
0.0068897637795276
0
CIRCLE
8
BLACK
10
0.1009842519685039
20
0.7999999999999999
40
0.0068897637795276
0
CIRCLE
8
BLACK
10
1.675
20
0.9
40
0.0068897637795276
0
CIRCLE
8
BLACK
10
1.675
20
0.7031496062992126
40
0.0068897637795276
0
CIRCLE
8
BLACK
10
2.1999999999999997
20
1.3999999999999999
40
0.0068897637795276
0
CIRCLE
8
BLACK
10
0.2
20
0.2
40
0.0068897637795276
0
CIRCLE
8
BLACK
10
0.2
20
1.3999999999999999
40
0.0068897637795276
0
CIRCLE
8
BLACK
10
2.1999999999999997
20
0.2
40
0.0068897637795276
0
CIRCLE
8
BLACK
10
2.2749999999999999
20
1.125
40
0.0068897637795276
0
CIRCLE
8
BLACK
10
2.1749999999999998
20
1.125
40
0.0068897637795276
0
CIRCLE
8
BLACK
10
2.0749999999999997
20
1.125
40
0.0068897637795276
0
CIRCLE
8
BLACK
10
2.2749999999999999
20
0.9
40
0.0068897637795276
0
CIRCLE
8
BLACK
10
2.1749999999999998
20
0.9
40
0.0068897637795276
0
CIRCLE
8
BLACK
10
2.0749999999999997
20
0.9
40
0.0068897637795276
0
CIRCLE
8
BLACK
10
2.2749999999999999
20
0.6749999999999999
40
0.0068897637795276
0
CIRCLE
8
BLACK
10
2.1749999999999998
20
0.6749999999999999
40
0.0068897637795276
0
CIRCLE
8
BLACK
10
2.0749999999999997
20
0.6749999999999999
40
0.0068897637795276
0
CIRCLE
8
BLACK
10
2.2749999999999999
20
0.45
40
0.0068897637795276
0
CIRCLE
8
BLACK
10
2.1749999999999998
20
0.45
40
0.0068897637795276
0
CIRCLE
8
BLACK
10
2.0749999999999997
20
0.45
40
0.0068897637795276
0
CIRCLE
8
BLACK
10
1.6740157480314961
20
1.325
40
0.0068897637795276
0
CIRCLE
8
BLACK
10
0.4259842519685039
20
1.325
40
0.0068897637795276
0
CIRCLE
8
BLACK
10
0.4259842519685039
20
0.275
40
0.0068897637795276
0
CIRCLE
8
BLACK
10
1.6740157480314961
20
0.275
40
0.0068897637795276
0
CIRCLE
8
BLACK
10
1.825
20
0.5
40
0.0068897637795276
0
CIRCLE
8
BLACK
10
1.825
20
0.4
40
0.0068897637795276
0
CIRCLE
8
BLACK
10
1.825
20
0.2
40
0.0068897637795276
0
CIRCLE
8
BLACK
10
1.925
20
0.2
40
0.0068897637795276
0
CIRCLE
8
BLACK
10
1.825
20
0.1
40
0.0068897637795276
0
CIRCLE
8
BLACK
10
1.925
20
0.1
40
0.0068897637795276
0
CIRCLE
8
BLACK
10
1.825
20
1.3
40
0.0068897637795276
0
CIRCLE
8
BLACK
10
1.925
20
1.3
40
0.0068897637795276
0
CIRCLE
8
BLACK
10
1.825
20
1.3999999999999999
40
0.0068897637795276
0
CIRCLE
8
BLACK
10
1.925
20
1.3999999999999999
40
0.0068897637795276
0
CIRCLE
8
BLACK
10
1.825
20
1.5
40
0.0068897637795276
0
CIRCLE
8
BLACK
10
1.925
20
1.5
40
0.0068897637795276
0
CIRCLE
8
BLACK
10
2.2250000000000001
20
0.825
40
0.0078740157480315
0
CIRCLE
8
BLACK
10
1.95
20
0.85
40
0.0078740157480315
0
CIRCLE
8
BLACK
10
1.0900000000000001
20
0.9
40
0.0078740157480315
  0
ENDSEC
  0
EOF
