  0
SECTION
  2
HEADER
  9
$ANGBASE
  50
0.0
  9
$ANGDIR
  70
1
  9
$MEASUREMENT
  70
0
  0
ENDSEC
  0
SECTION
  2
TABLES
  0
TABLE
  2
LTYPE
  70
4
  0
LTYPE
  5
40F
  2
CONTINUOUS
  70
0
  3
Solid line
  72
65
  73
0
  40
0.0
  0
LTYPE
  5
410
  2
DASHDOT
 70
0
  3
Dash Dot ____ _ ____ _
 72
65
 73
4
 40
2.0
 49
1.25
 49
-0.25
 49
0.25
 49
-0.25
  0
LTYPE
  5
411
  2
DASHED
 70
0
  3
Dashed __ __ __ __ __
 72
65
 73
2
 40
0.75
 49
0.5
 49
-0.25
  0
LTYPE
  5
43B
  2
DOTTED
 70
0
  3
Dotted .  .  .  .
 72
65
 73
2
 40
0.2
 49
0.0
 49
-0.2
  0
ENDTAB
  0
TABLE
  2
STYLE
  70
4
  0
STYLE
  2
KICAD
  70
0
  40
0
  41
1
  42
1
  50
0
  71
0
  3
isocp.shx
  0
STYLE
  2
KICADB
  70
0
  40
0
  41
1
  42
1
  50
0
  71
0
  3
isocp.shx
  0
STYLE
  2
KICADI
  70
0
  40
0
  41
1
  42
1
  50
15
  71
0
  3
isocp.shx
  0
STYLE
  2
KICADBI
  70
0
  40
0
  41
1
  42
1
  50
15
  71
0
  3
isocp.shx
  0
ENDTAB
  0
TABLE
  2
LAYER
  70
1
  0
LAYER
  2
BLACK
  70
0
  62
7
  6
CONTINUOUS
  0
ENDTAB
  0
ENDSEC
  0
SECTION
  2
ENTITIES
0
LINE
8
BLACK
6
CONTINUOUS
10
1.9350743700787401
20
0.3742384645669291
11
1.9352096062992126
21
0.3741249606299212
0
LINE
8
BLACK
6
CONTINUOUS
10
1.9352096062992126
20
0.3741249606299212
11
1.9353849606299212
21
0.3741048031496063
0
LINE
8
BLACK
6
CONTINUOUS
10
1.9353849606299212
20
0.3741048031496063
11
1.9391344881889763
21
0.3722300393700788
0
LINE
8
BLACK
6
CONTINUOUS
10
1.9391344881889763
20
0.3722300393700788
11
1.9398435433070866
21
0.371704094488189
0
LINE
8
BLACK
6
CONTINUOUS
10
1.9398435433070866
20
0.371704094488189
11
1.9399018897637794
21
0.3716769291338582
0
LINE
8
BLACK
6
CONTINUOUS
10
1.9399018897637794
20
0.3716769291338582
11
1.941776653543307
21
0.3698021653543307
0
LINE
8
BLACK
6
CONTINUOUS
10
1.941776653543307
20
0.3698021653543307
11
1.9422829133858268
21
0.3690790551181102
0
LINE
8
BLACK
6
CONTINUOUS
10
1.9422829133858268
20
0.3690790551181102
11
1.9423297637795276
21
0.3690347637795275
0
LINE
8
BLACK
6
CONTINUOUS
10
1.9423297637795276
20
0.3690347637795275
11
1.9442045275590552
21
0.3652852362204724
0
LINE
8
BLACK
6
CONTINUOUS
10
1.9442045275590552
20
0.3652852362204724
11
1.9444968897637795
21
0.3643023228346456
0
LINE
8
BLACK
6
CONTINUOUS
10
1.9444968897637795
20
0.3643023228346456
11
1.9444558661417322
21
0.3641305905511811
0
LINE
8
BLACK
6
CONTINUOUS
10
1.9444558661417322
20
0.3641305905511811
11
1.9445162598425196
21
0.3639647244094488
0
LINE
8
BLACK
6
CONTINUOUS
10
1.9445162598425196
20
0.3639647244094488
11
1.9445162598425196
21
0.354590905511811
0
LINE
8
BLACK
6
CONTINUOUS
10
1.9445162598425196
20
0.354590905511811
11
1.944338188976378
21
0.3535809842519685
0
LINE
8
BLACK
6
CONTINUOUS
10
1.944338188976378
20
0.3535809842519685
11
1.9442246850393701
21
0.3534457086614173
0
LINE
8
BLACK
6
CONTINUOUS
10
1.9442246850393701
20
0.3534457086614173
11
1.9442045275590552
21
0.3532703937007874
0
LINE
8
BLACK
6
CONTINUOUS
10
1.9442045275590552
20
0.3532703937007874
11
1.9423297637795276
21
0.3495208661417323
0
LINE
8
BLACK
6
CONTINUOUS
10
1.9423297637795276
20
0.3495208661417323
11
1.9418038582677164
21
0.3488117716535433
0
LINE
8
BLACK
6
CONTINUOUS
10
1.9418038582677164
20
0.3488117716535433
11
1.941776653543307
21
0.3487534645669291
0
LINE
8
BLACK
6
CONTINUOUS
10
1.941776653543307
20
0.3487534645669291
11
1.9399018897637794
21
0.3468787007874016
0
LINE
8
BLACK
6
CONTINUOUS
10
1.9399018897637794
20
0.3468787007874016
11
1.939178779527559
21
0.3463724015748031
0
LINE
8
BLACK
6
CONTINUOUS
10
1.939178779527559
20
0.3463724015748031
11
1.9391344881889763
21
0.3463255905511811
0
LINE
8
BLACK
6
CONTINUOUS
10
1.9391344881889763
20
0.3463255905511811
11
1.9353849606299212
21
0.3444508267716536
0
LINE
8
BLACK
6
CONTINUOUS
10
1.9353849606299212
20
0.3444508267716536
11
1.9344020078740156
21
0.3441584645669291
0
LINE
8
BLACK
6
CONTINUOUS
10
1.9344020078740156
20
0.3441584645669291
11
1.9342303149606299
21
0.3441994488188976
0
LINE
8
BLACK
6
CONTINUOUS
10
1.9342303149606299
20
0.3441994488188976
11
1.9340644488188976
21
0.344139094488189
0
LINE
8
BLACK
6
CONTINUOUS
10
1.9340644488188976
20
0.344139094488189
11
1.9265653937007874
21
0.344139094488189
0
LINE
8
BLACK
6
CONTINUOUS
10
1.9265653937007874
20
0.344139094488189
11
1.9255554724409449
21
0.3443171653543307
0
LINE
8
BLACK
6
CONTINUOUS
10
1.9255554724409449
20
0.3443171653543307
11
1.9254201968503937
21
0.3444306299212598
0
LINE
8
BLACK
6
CONTINUOUS
10
1.9254201968503937
20
0.3444306299212598
11
1.9252448818897638
21
0.3444508267716536
0
LINE
8
BLACK
6
CONTINUOUS
10
1.9252448818897638
20
0.3444508267716536
11
1.9229523622047244
21
0.3455970866141732
0
LINE
8
BLACK
6
CONTINUOUS
10
1.9229523622047244
20
0.3455970866141732
11
1.923681653543307
21
0.3426798818897638
0
LINE
8
BLACK
6
CONTINUOUS
10
1.923681653543307
20
0.3426798818897638
11
1.9269852755905512
21
0.3377244094488189
0
LINE
8
BLACK
6
CONTINUOUS
10
1.9269852755905512
20
0.3377244094488189
11
1.9283144488188977
21
0.3363952362204725
0
LINE
8
BLACK
6
CONTINUOUS
10
1.9283144488188977
20
0.3363952362204725
11
1.9310120078740156
21
0.3350464566929134
0
LINE
8
BLACK
6
CONTINUOUS
10
1.9310120078740156
20
0.3350464566929134
11
1.9378139763779527
21
0.3350464566929134
0
LINE
8
BLACK
6
CONTINUOUS
10
1.9378139763779527
20
0.3350464566929134
11
1.9388238976377952
21
0.3348683858267716
0
LINE
8
BLACK
6
CONTINUOUS
10
1.9388238976377952
20
0.3348683858267716
11
1.9403711417322833
21
0.3335700787401575
0
LINE
8
BLACK
6
CONTINUOUS
10
1.9403711417322833
20
0.3335700787401575
11
1.9407218897637795
21
0.3315809448818898
0
LINE
8
BLACK
6
CONTINUOUS
10
1.9407218897637795
20
0.3315809448818898
11
1.939711968503937
21
0.3298317716535433
0
LINE
8
BLACK
6
CONTINUOUS
10
1.939711968503937
20
0.3298317716535433
11
1.9378139763779527
21
0.3291409448818898
0
LINE
8
BLACK
6
CONTINUOUS
10
1.9378139763779527
20
0.3291409448818898
11
1.9303149212598425
21
0.3291409448818898
0
LINE
8
BLACK
6
CONTINUOUS
10
1.9303149212598425
20
0.3291409448818898
11
1.929305
21
0.3293190157480315
0
LINE
8
BLACK
6
CONTINUOUS
10
1.929305
20
0.3293190157480315
11
1.9291697244094488
21
0.3294324803149606
0
LINE
8
BLACK
6
CONTINUOUS
10
1.9291697244094488
20
0.3294324803149606
11
1.9289944094488189
21
0.3294526771653543
0
LINE
8
BLACK
6
CONTINUOUS
10
1.9289944094488189
20
0.3294526771653543
11
1.9252448425196851
21
0.3313274803149606
0
LINE
8
BLACK
6
CONTINUOUS
10
1.9252448425196851
20
0.3313274803149606
11
1.9245358267716535
21
0.3318533464566929
0
LINE
8
BLACK
6
CONTINUOUS
10
1.9245358267716535
20
0.3318533464566929
11
1.9244774803149607
21
0.3318805905511811
0
LINE
8
BLACK
6
CONTINUOUS
10
1.9244774803149607
20
0.3318805905511811
11
1.9226027165354331
21
0.3337553543307086
0
LINE
8
BLACK
6
CONTINUOUS
10
1.9226027165354331
20
0.3337553543307086
11
1.9223446850393699
21
0.3341238188976378
0
LINE
8
BLACK
6
CONTINUOUS
10
1.9223446850393699
20
0.3341238188976378
11
1.922233779527559
21
0.3342053543307086
0
LINE
8
BLACK
6
CONTINUOUS
10
1.922233779527559
20
0.3342053543307086
11
1.9184842519685039
21
0.3398296456692914
0
LINE
8
BLACK
6
CONTINUOUS
10
1.9184842519685039
20
0.3398296456692914
11
1.9180859055118109
21
0.3407374015748031
0
LINE
8
BLACK
6
CONTINUOUS
10
1.9180859055118109
20
0.3407374015748031
11
1.9180764960629921
21
0.3407514173228346
0
LINE
8
BLACK
6
CONTINUOUS
10
1.9180764960629921
20
0.3407514173228346
11
1.9162017322834646
21
0.3482504724409449
0
LINE
8
BLACK
6
CONTINUOUS
10
1.9162017322834646
20
0.3482504724409449
11
1.9161602362204724
21
0.3488383464566929
0
LINE
8
BLACK
6
CONTINUOUS
10
1.9161602362204724
20
0.3488383464566929
11
1.9161135826771654
21
0.3489666141732283
0
LINE
8
BLACK
6
CONTINUOUS
10
1.9161135826771654
20
0.3489666141732283
11
1.9161135826771654
21
0.3639647244094488
0
LINE
8
BLACK
6
CONTINUOUS
10
1.9161135826771654
20
0.3639647244094488
11
1.916291653543307
21
0.3649746456692913
0
LINE
8
BLACK
6
CONTINUOUS
10
1.916291653543307
20
0.3649746456692913
11
1.9164051181102362
21
0.3651098818897638
0
LINE
8
BLACK
6
CONTINUOUS
10
1.9164051181102362
20
0.3651098818897638
11
1.9164253149606298
21
0.3652852362204724
0
LINE
8
BLACK
6
CONTINUOUS
10
1.9164253149606298
20
0.3652852362204724
11
1.9183000787401574
21
0.3690347637795275
0
LINE
8
BLACK
6
CONTINUOUS
10
1.9183000787401574
20
0.3690347637795275
11
1.9188259842519684
21
0.3697438188976378
0
LINE
8
BLACK
6
CONTINUOUS
10
1.9188259842519684
20
0.3697438188976378
11
1.9188531889763778
21
0.3698021653543307
0
LINE
8
BLACK
6
CONTINUOUS
10
1.9188531889763778
20
0.3698021653543307
11
1.9207279527559056
21
0.3716769291338582
0
LINE
8
BLACK
6
CONTINUOUS
10
1.9207279527559056
20
0.3716769291338582
11
1.9214510236220472
21
0.3721831889763779
0
LINE
8
BLACK
6
CONTINUOUS
10
1.9214510236220472
20
0.3721831889763779
11
1.9214953543307087
21
0.3722300393700788
0
LINE
8
BLACK
6
CONTINUOUS
10
1.9214953543307087
20
0.3722300393700788
11
1.9252448818897638
21
0.3741048031496063
0
LINE
8
BLACK
6
CONTINUOUS
10
1.9252448818897638
20
0.3741048031496063
11
1.9262277952755904
21
0.3743971653543307
0
LINE
8
BLACK
6
CONTINUOUS
10
1.9262277952755904
20
0.3743971653543307
11
1.9263994881889763
21
0.3743561417322834
0
LINE
8
BLACK
6
CONTINUOUS
10
1.9263994881889763
20
0.3743561417322834
11
1.9265653937007874
21
0.3744165354330709
0
LINE
8
BLACK
6
CONTINUOUS
10
1.9265653937007874
20
0.3744165354330709
11
1.9340644488188976
21
0.3744165354330709
0
LINE
8
BLACK
6
CONTINUOUS
10
1.9340644488188976
20
0.3744165354330709
11
1.9350743700787401
21
0.3742384645669291
0
LINE
8
BLACK
6
CONTINUOUS
10
1.9245649606299211
20
0.3671622834645669
11
1.9233678346456693
21
0.3659651574803149
0
LINE
8
BLACK
6
CONTINUOUS
10
1.9233678346456693
20
0.3659651574803149
11
1.922019094488189
21
0.3632676771653543
0
LINE
8
BLACK
6
CONTINUOUS
10
1.922019094488189
20
0.3632676771653543
11
1.922019094488189
21
0.3552879527559055
0
LINE
8
BLACK
6
CONTINUOUS
10
1.922019094488189
20
0.3552879527559055
11
1.9233678346456693
21
0.3525904724409449
0
LINE
8
BLACK
6
CONTINUOUS
10
1.9233678346456693
20
0.3525904724409449
11
1.9245649606299211
21
0.3513933464566929
0
LINE
8
BLACK
6
CONTINUOUS
10
1.9245649606299211
20
0.3513933464566929
11
1.9272624409448817
21
0.3500446062992126
0
LINE
8
BLACK
6
CONTINUOUS
10
1.9272624409448817
20
0.3500446062992126
11
1.933367401574803
21
0.3500446062992126
0
LINE
8
BLACK
6
CONTINUOUS
10
1.933367401574803
20
0.3500446062992126
11
1.9360648818897637
21
0.3513933464566929
0
LINE
8
BLACK
6
CONTINUOUS
10
1.9360648818897637
20
0.3513933464566929
11
1.9372620078740157
21
0.3525904724409449
0
LINE
8
BLACK
6
CONTINUOUS
10
1.9372620078740157
20
0.3525904724409449
11
1.938610748031496
21
0.3552879527559055
0
LINE
8
BLACK
6
CONTINUOUS
10
1.938610748031496
20
0.3552879527559055
11
1.938610748031496
21
0.3632676771653543
0
LINE
8
BLACK
6
CONTINUOUS
10
1.938610748031496
20
0.3632676771653543
11
1.9372620078740157
21
0.3659651574803149
0
LINE
8
BLACK
6
CONTINUOUS
10
1.9372620078740157
20
0.3659651574803149
11
1.9360648818897637
21
0.3671622834645669
0
LINE
8
BLACK
6
CONTINUOUS
10
1.9360648818897637
20
0.3671622834645669
11
1.933367401574803
21
0.3685110236220472
0
LINE
8
BLACK
6
CONTINUOUS
10
1.933367401574803
20
0.3685110236220472
11
1.9272624409448817
21
0.3685110236220472
0
LINE
8
BLACK
6
CONTINUOUS
10
1.9272624409448817
20
0.3685110236220472
11
1.9245649606299211
21
0.3671622834645669
0
LINE
8
BLACK
6
CONTINUOUS
10
1.9686796062992125
20
0.3742632283464567
11
1.9687439763779526
21
0.374265
0
LINE
8
BLACK
6
CONTINUOUS
10
1.9687439763779526
20
0.374265
11
1.9743682677165353
21
0.3723902362204725
0
LINE
8
BLACK
6
CONTINUOUS
10
1.9743682677165353
20
0.3723902362204725
11
1.9752700393700786
21
0.371901968503937
0
LINE
8
BLACK
6
CONTINUOUS
10
1.9752700393700786
20
0.371901968503937
11
1.9753624409448818
21
0.3717514960629921
0
LINE
8
BLACK
6
CONTINUOUS
10
1.9753624409448818
20
0.3717514960629921
11
1.9755224409448819
21
0.3716769291338582
0
LINE
8
BLACK
6
CONTINUOUS
10
1.9755224409448819
20
0.3716769291338582
11
1.9792719685039371
21
0.3679274015748031
0
LINE
8
BLACK
6
CONTINUOUS
10
1.9792719685039371
20
0.3679274015748031
11
1.9797783464566929
21
0.3672042125984252
0
LINE
8
BLACK
6
CONTINUOUS
10
1.9797783464566929
20
0.3672042125984252
11
1.9798250787401575
21
0.36716
0
LINE
8
BLACK
6
CONTINUOUS
10
1.9798250787401575
20
0.36716
11
1.981699842519685
21
0.3634104724409449
0
LINE
8
BLACK
6
CONTINUOUS
10
1.981699842519685
20
0.3634104724409449
11
1.9818451181102361
21
0.3629220078740157
0
LINE
8
BLACK
6
CONTINUOUS
10
1.9818451181102361
20
0.3629220078740157
11
1.9819234251968503
21
0.3628061023622047
0
LINE
8
BLACK
6
CONTINUOUS
10
1.9819234251968503
20
0.3628061023622047
11
1.9837981889763778
21
0.3553070472440945
0
LINE
8
BLACK
6
CONTINUOUS
10
1.9837981889763778
20
0.3553070472440945
11
1.9838396456692913
21
0.3547191338582677
0
LINE
8
BLACK
6
CONTINUOUS
10
1.9838396456692913
20
0.3547191338582677
11
1.983886338582677
21
0.354590905511811
0
LINE
8
BLACK
6
CONTINUOUS
10
1.983886338582677
20
0.354590905511811
11
1.983886338582677
21
0.3489666141732283
0
LINE
8
BLACK
6
CONTINUOUS
10
1.983886338582677
20
0.3489666141732283
11
1.9837839763779528
21
0.3483862204724409
0
LINE
8
BLACK
6
CONTINUOUS
10
1.9837839763779528
20
0.3483862204724409
11
1.9837981889763778
21
0.3482504724409449
0
LINE
8
BLACK
6
CONTINUOUS
10
1.9837981889763778
20
0.3482504724409449
11
1.9819234251968503
21
0.3407514173228346
0
LINE
8
BLACK
6
CONTINUOUS
10
1.9819234251968503
20
0.3407514173228346
11
1.9817158267716535
21
0.3402859448818897
0
LINE
8
BLACK
6
CONTINUOUS
10
1.9817158267716535
20
0.3402859448818897
11
1.981699842519685
21
0.3401470472440945
0
LINE
8
BLACK
6
CONTINUOUS
10
1.981699842519685
20
0.3401470472440945
11
1.9798250787401575
21
0.3363975196850393
0
LINE
8
BLACK
6
CONTINUOUS
10
1.9798250787401575
20
0.3363975196850393
11
1.9792991338582677
21
0.3356884251968504
0
LINE
8
BLACK
6
CONTINUOUS
10
1.9792991338582677
20
0.3356884251968504
11
1.9792719685039371
21
0.3356301181102362
0
LINE
8
BLACK
6
CONTINUOUS
10
1.9792719685039371
20
0.3356301181102362
11
1.9755224409448819
21
0.3318805905511811
0
LINE
8
BLACK
6
CONTINUOUS
10
1.9755224409448819
20
0.3318805905511811
11
1.974682401574803
21
0.3312924015748032
0
LINE
8
BLACK
6
CONTINUOUS
10
1.974682401574803
20
0.3312924015748032
11
1.9745065748031496
21
0.3312770078740158
0
LINE
8
BLACK
6
CONTINUOUS
10
1.9745065748031496
20
0.3312770078740158
11
1.974368307086614
21
0.3311672834645669
0
LINE
8
BLACK
6
CONTINUOUS
10
1.974368307086614
20
0.3311672834645669
11
1.9687440157480314
21
0.3292924803149606
0
LINE
8
BLACK
6
CONTINUOUS
10
1.9687440157480314
20
0.3292924803149606
11
1.9678707480314961
21
0.3291629527559055
0
LINE
8
BLACK
6
CONTINUOUS
10
1.9678707480314961
20
0.3291629527559055
11
1.9678102362204724
21
0.3291409448818898
0
LINE
8
BLACK
6
CONTINUOUS
10
1.9678102362204724
20
0.3291409448818898
11
1.9640607086614172
21
0.3291409448818898
0
LINE
8
BLACK
6
CONTINUOUS
10
1.9640607086614172
20
0.3291409448818898
11
1.9631912992125984
21
0.3292942125984252
0
LINE
8
BLACK
6
CONTINUOUS
10
1.9631912992125984
20
0.3292942125984252
11
1.963126968503937
21
0.3292924803149606
0
LINE
8
BLACK
6
CONTINUOUS
10
1.963126968503937
20
0.3292924803149606
11
1.9575026377952756
21
0.3311672834645669
0
LINE
8
BLACK
6
CONTINUOUS
10
1.9575026377952756
20
0.3311672834645669
11
1.9566008661417322
21
0.3316555905511811
0
LINE
8
BLACK
6
CONTINUOUS
10
1.9566008661417322
20
0.3316555905511811
11
1.9565084251968503
21
0.3318059842519685
0
LINE
8
BLACK
6
CONTINUOUS
10
1.9565084251968503
20
0.3318059842519685
11
1.9563485039370079
21
0.3318805905511811
0
LINE
8
BLACK
6
CONTINUOUS
10
1.9563485039370079
20
0.3318805905511811
11
1.9544737401574803
21
0.3337553543307086
0
LINE
8
BLACK
6
CONTINUOUS
10
1.9544737401574803
20
0.3337553543307086
11
1.9538855511811024
21
0.3345953937007874
0
LINE
8
BLACK
6
CONTINUOUS
10
1.9538855511811024
20
0.3345953937007874
11
1.9537094881889763
21
0.3366074803149606
0
LINE
8
BLACK
6
CONTINUOUS
10
1.9537094881889763
20
0.3366074803149606
11
1.9548680314960629
21
0.3382620472440945
0
LINE
8
BLACK
6
CONTINUOUS
10
1.9548680314960629
20
0.3382620472440945
11
1.9568189763779527
21
0.3387847637795275
0
LINE
8
BLACK
6
CONTINUOUS
10
1.9568189763779527
20
0.3387847637795275
11
1.9586495669291337
21
0.3379311811023622
0
LINE
8
BLACK
6
CONTINUOUS
10
1.9586495669291337
20
0.3379311811023622
11
1.9600314173228346
21
0.3365492913385827
0
LINE
8
BLACK
6
CONTINUOUS
10
1.9600314173228346
20
0.3365492913385827
11
1.9645398818897637
21
0.3350464566929134
0
LINE
8
BLACK
6
CONTINUOUS
10
1.9645398818897637
20
0.3350464566929134
11
1.9673310629921259
21
0.3350464566929134
0
LINE
8
BLACK
6
CONTINUOUS
10
1.9673310629921259
20
0.3350464566929134
11
1.9718394488188975
21
0.3365492519685039
0
LINE
8
BLACK
6
CONTINUOUS
10
1.9718394488188975
20
0.3365492519685039
11
1.9747573228346456
21
0.3394671259842519
0
LINE
8
BLACK
6
CONTINUOUS
10
1.9747573228346456
20
0.3394671259842519
11
1.9762727952755905
21
0.3424981102362205
0
LINE
8
BLACK
6
CONTINUOUS
10
1.9762727952755905
20
0.3424981102362205
11
1.9779808267716534
21
0.3493301574803149
0
LINE
8
BLACK
6
CONTINUOUS
10
1.9779808267716534
20
0.3493301574803149
11
1.9779808267716534
21
0.3542273622047244
0
LINE
8
BLACK
6
CONTINUOUS
10
1.9779808267716534
20
0.3542273622047244
11
1.9762727952755905
21
0.3610594094488189
0
LINE
8
BLACK
6
CONTINUOUS
10
1.9762727952755905
20
0.3610594094488189
11
1.9747573228346456
21
0.3640903937007874
0
LINE
8
BLACK
6
CONTINUOUS
10
1.9747573228346456
20
0.3640903937007874
11
1.9718394881889763
21
0.3670081889763779
0
LINE
8
BLACK
6
CONTINUOUS
10
1.9718394881889763
20
0.3670081889763779
11
1.9673311023622047
21
0.3685110236220472
0
LINE
8
BLACK
6
CONTINUOUS
10
1.9673311023622047
20
0.3685110236220472
11
1.9645398425196849
21
0.3685110236220472
0
LINE
8
BLACK
6
CONTINUOUS
10
1.9645398425196849
20
0.3685110236220472
11
1.9600314566929133
21
0.3670082283464567
0
LINE
8
BLACK
6
CONTINUOUS
10
1.9600314566929133
20
0.3670082283464567
11
1.9586495669291337
21
0.3656263385826772
0
LINE
8
BLACK
6
CONTINUOUS
10
1.9586495669291337
20
0.3656263385826772
11
1.957809527559055
21
0.3650381496062992
0
LINE
8
BLACK
6
CONTINUOUS
10
1.957809527559055
20
0.3650381496062992
11
1.9557974409448819
21
0.3648620866141732
0
LINE
8
BLACK
6
CONTINUOUS
10
1.9557974409448819
20
0.3648620866141732
11
1.954142874015748
21
0.3660206299212598
0
LINE
8
BLACK
6
CONTINUOUS
10
1.954142874015748
20
0.3660206299212598
11
1.9536201574803149
21
0.3679715748031496
0
LINE
8
BLACK
6
CONTINUOUS
10
1.9536201574803149
20
0.3679715748031496
11
1.9544737401574803
21
0.3698021653543307
0
LINE
8
BLACK
6
CONTINUOUS
10
1.9544737401574803
20
0.3698021653543307
11
1.9563485039370079
21
0.3716769291338582
0
LINE
8
BLACK
6
CONTINUOUS
10
1.9563485039370079
20
0.3716769291338582
11
1.9571885433070866
21
0.3722651181102362
0
LINE
8
BLACK
6
CONTINUOUS
10
1.9571885433070866
20
0.3722651181102362
11
1.9573643700787402
21
0.3722804724409449
0
LINE
8
BLACK
6
CONTINUOUS
10
1.9573643700787402
20
0.3722804724409449
11
1.9575026771653543
21
0.3723902362204725
0
LINE
8
BLACK
6
CONTINUOUS
10
1.9575026771653543
20
0.3723902362204725
11
1.9631269291338582
21
0.374265
0
LINE
8
BLACK
6
CONTINUOUS
10
1.9631269291338582
20
0.374265
11
1.964000157480315
21
0.3743944881889764
0
LINE
8
BLACK
6
CONTINUOUS
10
1.964000157480315
20
0.3743944881889764
11
1.9640607086614172
21
0.3744165354330709
0
LINE
8
BLACK
6
CONTINUOUS
10
1.9640607086614172
20
0.3744165354330709
11
1.9678102362204724
21
0.3744165354330709
0
LINE
8
BLACK
6
CONTINUOUS
10
1.9678102362204724
20
0.3744165354330709
11
1.9686796062992125
21
0.3742632283464567
0
LINE
8
BLACK
6
CONTINUOUS
10
1.9350743700787401
20
0.4742384645669291
11
1.9352096062992126
21
0.4741249606299213
0
LINE
8
BLACK
6
CONTINUOUS
10
1.9352096062992126
20
0.4741249606299213
11
1.9353849606299212
21
0.4741048031496063
0
LINE
8
BLACK
6
CONTINUOUS
10
1.9353849606299212
20
0.4741048031496063
11
1.9391344881889763
21
0.4722300393700787
0
LINE
8
BLACK
6
CONTINUOUS
10
1.9391344881889763
20
0.4722300393700787
11
1.9398435433070866
21
0.471704094488189
0
LINE
8
BLACK
6
CONTINUOUS
10
1.9398435433070866
20
0.471704094488189
11
1.9399018897637794
21
0.4716769291338583
0
LINE
8
BLACK
6
CONTINUOUS
10
1.9399018897637794
20
0.4716769291338583
11
1.941776653543307
21
0.4698021653543307
0
LINE
8
BLACK
6
CONTINUOUS
10
1.941776653543307
20
0.4698021653543307
11
1.9422829133858268
21
0.4690790551181102
0
LINE
8
BLACK
6
CONTINUOUS
10
1.9422829133858268
20
0.4690790551181102
11
1.9423297637795276
21
0.4690347637795276
0
LINE
8
BLACK
6
CONTINUOUS
10
1.9423297637795276
20
0.4690347637795276
11
1.9442045275590552
21
0.4652852362204724
0
LINE
8
BLACK
6
CONTINUOUS
10
1.9442045275590552
20
0.4652852362204724
11
1.9444968897637795
21
0.4643023228346457
0
LINE
8
BLACK
6
CONTINUOUS
10
1.9444968897637795
20
0.4643023228346457
11
1.9444558661417322
21
0.4641305905511811
0
LINE
8
BLACK
6
CONTINUOUS
10
1.9444558661417322
20
0.4641305905511811
11
1.9445162598425196
21
0.4639647244094488
0
LINE
8
BLACK
6
CONTINUOUS
10
1.9445162598425196
20
0.4639647244094488
11
1.9445162598425196
21
0.4620899606299212
0
LINE
8
BLACK
6
CONTINUOUS
10
1.9445162598425196
20
0.4620899606299212
11
1.944338188976378
21
0.4610800393700787
0
LINE
8
BLACK
6
CONTINUOUS
10
1.944338188976378
20
0.4610800393700787
11
1.9442246850393701
21
0.4609447637795275
0
LINE
8
BLACK
6
CONTINUOUS
10
1.9442246850393701
20
0.4609447637795275
11
1.9442045275590552
21
0.4607694488188976
0
LINE
8
BLACK
6
CONTINUOUS
10
1.9442045275590552
20
0.4607694488188976
11
1.9423297637795276
21
0.4570199212598425
0
LINE
8
BLACK
6
CONTINUOUS
10
1.9423297637795276
20
0.4570199212598425
11
1.9418038582677164
21
0.4563108267716535
0
LINE
8
BLACK
6
CONTINUOUS
10
1.9418038582677164
20
0.4563108267716535
11
1.941776653543307
21
0.4562525196850394
0
LINE
8
BLACK
6
CONTINUOUS
10
1.941776653543307
20
0.4562525196850394
11
1.9401150393700788
21
0.454590905511811
0
LINE
8
BLACK
6
CONTINUOUS
10
1.9401150393700788
20
0.454590905511811
11
1.941776653543307
21
0.4529292913385827
0
LINE
8
BLACK
6
CONTINUOUS
10
1.941776653543307
20
0.4529292913385827
11
1.9422829133858268
21
0.4522061811023622
0
LINE
8
BLACK
6
CONTINUOUS
10
1.9422829133858268
20
0.4522061811023622
11
1.9423297637795276
21
0.4521618897637795
0
LINE
8
BLACK
6
CONTINUOUS
10
1.9423297637795276
20
0.4521618897637795
11
1.9442045275590552
21
0.4484123622047244
0
LINE
8
BLACK
6
CONTINUOUS
10
1.9442045275590552
20
0.4484123622047244
11
1.9444968897637795
21
0.4474294488188976
0
LINE
8
BLACK
6
CONTINUOUS
10
1.9444968897637795
20
0.4474294488188976
11
1.9444558661417322
21
0.4472577165354331
0
LINE
8
BLACK
6
CONTINUOUS
10
1.9444558661417322
20
0.4472577165354331
11
1.9445162598425196
21
0.4470918503937008
0
LINE
8
BLACK
6
CONTINUOUS
10
1.9445162598425196
20
0.4470918503937008
11
1.9445162598425196
21
0.4395927952755905
0
LINE
8
BLACK
6
CONTINUOUS
10
1.9445162598425196
20
0.4395927952755905
11
1.944338188976378
21
0.438582874015748
0
LINE
8
BLACK
6
CONTINUOUS
10
1.944338188976378
20
0.438582874015748
11
1.9442246850393701
21
0.4384475984251968
0
LINE
8
BLACK
6
CONTINUOUS
10
1.9442246850393701
20
0.4384475984251968
11
1.9442045275590552
21
0.4382722834645669
0
LINE
8
BLACK
6
CONTINUOUS
10
1.9442045275590552
20
0.4382722834645669
11
1.9423297637795276
21
0.4345227559055118
0
LINE
8
BLACK
6
CONTINUOUS
10
1.9423297637795276
20
0.4345227559055118
11
1.9418038582677164
21
0.4338136614173228
0
LINE
8
BLACK
6
CONTINUOUS
10
1.9418038582677164
20
0.4338136614173228
11
1.941776653543307
21
0.4337553543307087
0
LINE
8
BLACK
6
CONTINUOUS
10
1.941776653543307
20
0.4337553543307087
11
1.9399018897637794
21
0.4318805905511811
0
LINE
8
BLACK
6
CONTINUOUS
10
1.9399018897637794
20
0.4318805905511811
11
1.9391788976377953
21
0.4313743700787401
0
LINE
8
BLACK
6
CONTINUOUS
10
1.9391788976377953
20
0.4313743700787401
11
1.939134527559055
21
0.4313274803149606
0
LINE
8
BLACK
6
CONTINUOUS
10
1.939134527559055
20
0.4313274803149606
11
1.9353849999999999
21
0.4294526771653543
0
LINE
8
BLACK
6
CONTINUOUS
10
1.9353849999999999
20
0.4294526771653543
11
1.9344020472440944
21
0.4291603149606299
0
LINE
8
BLACK
6
CONTINUOUS
10
1.9344020472440944
20
0.4291603149606299
11
1.9342303149606299
21
0.4292012992125984
0
LINE
8
BLACK
6
CONTINUOUS
10
1.9342303149606299
20
0.4292012992125984
11
1.9340644488188976
21
0.4291409448818898
0
LINE
8
BLACK
6
CONTINUOUS
10
1.9340644488188976
20
0.4291409448818898
11
1.9265653937007874
21
0.4291409448818898
0
LINE
8
BLACK
6
CONTINUOUS
10
1.9265653937007874
20
0.4291409448818898
11
1.9255554724409449
21
0.4293190157480315
0
LINE
8
BLACK
6
CONTINUOUS
10
1.9255554724409449
20
0.4293190157480315
11
1.9254201968503937
21
0.4294324803149606
0
LINE
8
BLACK
6
CONTINUOUS
10
1.9254201968503937
20
0.4294324803149606
11
1.9252448818897638
21
0.4294526771653543
0
LINE
8
BLACK
6
CONTINUOUS
10
1.9252448818897638
20
0.4294526771653543
11
1.92149531496063
21
0.4313274803149606
0
LINE
8
BLACK
6
CONTINUOUS
10
1.92149531496063
20
0.4313274803149606
11
1.9207862992125984
21
0.4318533464566929
0
LINE
8
BLACK
6
CONTINUOUS
10
1.9207862992125984
20
0.4318533464566929
11
1.9207279527559056
21
0.4318805905511811
0
LINE
8
BLACK
6
CONTINUOUS
10
1.9207279527559056
20
0.4318805905511811
11
1.9188531889763778
21
0.4337553543307087
0
LINE
8
BLACK
6
CONTINUOUS
10
1.9188531889763778
20
0.4337553543307087
11
1.9183468897637794
21
0.4344784251968504
0
LINE
8
BLACK
6
CONTINUOUS
10
1.9183468897637794
20
0.4344784251968504
11
1.9183000787401574
21
0.4345227559055118
0
LINE
8
BLACK
6
CONTINUOUS
10
1.9183000787401574
20
0.4345227559055118
11
1.9164253149606298
21
0.4382722834645669
0
LINE
8
BLACK
6
CONTINUOUS
10
1.9164253149606298
20
0.4382722834645669
11
1.9161329527559054
21
0.4392552362204724
0
LINE
8
BLACK
6
CONTINUOUS
10
1.9161329527559054
20
0.4392552362204724
11
1.9161739370078739
21
0.4394268897637795
0
LINE
8
BLACK
6
CONTINUOUS
10
1.9161739370078739
20
0.4394268897637795
11
1.9161135826771654
21
0.4395927952755905
0
LINE
8
BLACK
6
CONTINUOUS
10
1.9161135826771654
20
0.4395927952755905
11
1.9161135826771654
21
0.4470918503937008
0
LINE
8
BLACK
6
CONTINUOUS
10
1.9161135826771654
20
0.4470918503937008
11
1.916291653543307
21
0.4481017716535433
0
LINE
8
BLACK
6
CONTINUOUS
10
1.916291653543307
20
0.4481017716535433
11
1.9164051181102362
21
0.4482370078740157
0
LINE
8
BLACK
6
CONTINUOUS
10
1.9164051181102362
20
0.4482370078740157
11
1.9164253149606298
21
0.4484123622047244
0
LINE
8
BLACK
6
CONTINUOUS
10
1.9164253149606298
20
0.4484123622047244
11
1.9183000787401574
21
0.4521618897637795
0
LINE
8
BLACK
6
CONTINUOUS
10
1.9183000787401574
20
0.4521618897637795
11
1.9188259842519684
21
0.4528709448818898
0
LINE
8
BLACK
6
CONTINUOUS
10
1.9188259842519684
20
0.4528709448818898
11
1.9188531889763778
21
0.4529292913385827
0
LINE
8
BLACK
6
CONTINUOUS
10
1.9188531889763778
20
0.4529292913385827
11
1.9205148031496062
21
0.454590905511811
0
LINE
8
BLACK
6
CONTINUOUS
10
1.9205148031496062
20
0.454590905511811
11
1.9188531889763778
21
0.4562525196850394
0
LINE
8
BLACK
6
CONTINUOUS
10
1.9188531889763778
20
0.4562525196850394
11
1.9183468897637794
21
0.4569755905511811
0
LINE
8
BLACK
6
CONTINUOUS
10
1.9183468897637794
20
0.4569755905511811
11
1.9183000787401574
21
0.4570199212598425
0
LINE
8
BLACK
6
CONTINUOUS
10
1.9183000787401574
20
0.4570199212598425
11
1.9164253149606298
21
0.4607694488188976
0
LINE
8
BLACK
6
CONTINUOUS
10
1.9164253149606298
20
0.4607694488188976
11
1.9161329527559054
21
0.4617524015748031
0
LINE
8
BLACK
6
CONTINUOUS
10
1.9161329527559054
20
0.4617524015748031
11
1.9161739370078739
21
0.4619240551181102
0
LINE
8
BLACK
6
CONTINUOUS
10
1.9161739370078739
20
0.4619240551181102
11
1.9161135826771654
21
0.4620899606299212
0
LINE
8
BLACK
6
CONTINUOUS
10
1.9161135826771654
20
0.4620899606299212
11
1.9161135826771654
21
0.4639647244094488
0
LINE
8
BLACK
6
CONTINUOUS
10
1.9161135826771654
20
0.4639647244094488
11
1.916291653543307
21
0.4649746456692913
0
LINE
8
BLACK
6
CONTINUOUS
10
1.916291653543307
20
0.4649746456692913
11
1.9164051181102362
21
0.4651098818897638
0
LINE
8
BLACK
6
CONTINUOUS
10
1.9164051181102362
20
0.4651098818897638
11
1.9164253149606298
21
0.4652852362204724
0
LINE
8
BLACK
6
CONTINUOUS
10
1.9164253149606298
20
0.4652852362204724
11
1.9183000787401574
21
0.4690347637795276
0
LINE
8
BLACK
6
CONTINUOUS
10
1.9183000787401574
20
0.4690347637795276
11
1.9188259842519684
21
0.4697438188976378
0
LINE
8
BLACK
6
CONTINUOUS
10
1.9188259842519684
20
0.4697438188976378
11
1.9188531889763778
21
0.4698021653543307
0
LINE
8
BLACK
6
CONTINUOUS
10
1.9188531889763778
20
0.4698021653543307
11
1.9207279527559056
21
0.4716769291338583
0
LINE
8
BLACK
6
CONTINUOUS
10
1.9207279527559056
20
0.4716769291338583
11
1.9214510236220472
21
0.472183188976378
0
LINE
8
BLACK
6
CONTINUOUS
10
1.9214510236220472
20
0.472183188976378
11
1.9214953543307087
21
0.4722300393700787
0
LINE
8
BLACK
6
CONTINUOUS
10
1.9214953543307087
20
0.4722300393700787
11
1.9252448818897638
21
0.4741048031496063
0
LINE
8
BLACK
6
CONTINUOUS
10
1.9252448818897638
20
0.4741048031496063
11
1.9262277952755904
21
0.4743971653543307
0
LINE
8
BLACK
6
CONTINUOUS
10
1.9262277952755904
20
0.4743971653543307
11
1.9263994881889763
21
0.4743561417322835
0
LINE
8
BLACK
6
CONTINUOUS
10
1.9263994881889763
20
0.4743561417322835
11
1.9265653937007874
21
0.4744165354330708
0
LINE
8
BLACK
6
CONTINUOUS
10
1.9265653937007874
20
0.4744165354330708
11
1.9340644488188976
21
0.4744165354330708
0
LINE
8
BLACK
6
CONTINUOUS
10
1.9340644488188976
20
0.4744165354330708
11
1.9350743700787401
21
0.4742384645669291
0
LINE
8
BLACK
6
CONTINUOUS
10
1.9245649606299211
20
0.4502894094488189
11
1.9233678346456693
21
0.4490922834645669
0
LINE
8
BLACK
6
CONTINUOUS
10
1.9233678346456693
20
0.4490922834645669
11
1.922019094488189
21
0.4463948031496063
0
LINE
8
BLACK
6
CONTINUOUS
10
1.922019094488189
20
0.4463948031496063
11
1.922019094488189
21
0.440289842519685
0
LINE
8
BLACK
6
CONTINUOUS
10
1.922019094488189
20
0.440289842519685
11
1.9233678346456693
21
0.4375923622047244
0
LINE
8
BLACK
6
CONTINUOUS
10
1.9233678346456693
20
0.4375923622047244
11
1.9245649212598426
21
0.4363952362204724
0
LINE
8
BLACK
6
CONTINUOUS
10
1.9245649212598426
20
0.4363952362204724
11
1.9272624803149605
21
0.4350464566929134
0
LINE
8
BLACK
6
CONTINUOUS
10
1.9272624803149605
20
0.4350464566929134
11
1.9333673622047243
21
0.4350464566929134
0
LINE
8
BLACK
6
CONTINUOUS
10
1.9333673622047243
20
0.4350464566929134
11
1.9360648425196849
21
0.4363951968503937
0
LINE
8
BLACK
6
CONTINUOUS
10
1.9360648425196849
20
0.4363951968503937
11
1.9372620078740157
21
0.4375923622047244
0
LINE
8
BLACK
6
CONTINUOUS
10
1.9372620078740157
20
0.4375923622047244
11
1.938610748031496
21
0.440289842519685
0
LINE
8
BLACK
6
CONTINUOUS
10
1.938610748031496
20
0.440289842519685
11
1.938610748031496
21
0.4463948031496063
0
LINE
8
BLACK
6
CONTINUOUS
10
1.938610748031496
20
0.4463948031496063
11
1.9372620078740157
21
0.4490922834645669
0
LINE
8
BLACK
6
CONTINUOUS
10
1.9372620078740157
20
0.4490922834645669
11
1.9360648818897637
21
0.4502894094488189
0
LINE
8
BLACK
6
CONTINUOUS
10
1.9360648818897637
20
0.4502894094488189
11
1.933367401574803
21
0.4516381496062992
0
LINE
8
BLACK
6
CONTINUOUS
10
1.933367401574803
20
0.4516381496062992
11
1.9272624409448817
21
0.4516381496062992
0
LINE
8
BLACK
6
CONTINUOUS
10
1.9272624409448817
20
0.4516381496062992
11
1.9245649606299211
21
0.4502894094488189
0
LINE
8
BLACK
6
CONTINUOUS
10
1.9245649606299211
20
0.4671622834645669
11
1.9233678346456693
21
0.465965157480315
0
LINE
8
BLACK
6
CONTINUOUS
10
1.9233678346456693
20
0.465965157480315
11
1.922019094488189
21
0.4632676771653543
0
LINE
8
BLACK
6
CONTINUOUS
10
1.922019094488189
20
0.4632676771653543
11
1.922019094488189
21
0.4627870078740157
0
LINE
8
BLACK
6
CONTINUOUS
10
1.922019094488189
20
0.4627870078740157
11
1.9233678346456693
21
0.4600895275590551
0
LINE
8
BLACK
6
CONTINUOUS
10
1.9233678346456693
20
0.4600895275590551
11
1.9245649606299211
21
0.4588924015748032
0
LINE
8
BLACK
6
CONTINUOUS
10
1.9245649606299211
20
0.4588924015748032
11
1.9272624409448817
21
0.4575436614173228
0
LINE
8
BLACK
6
CONTINUOUS
10
1.9272624409448817
20
0.4575436614173228
11
1.933367401574803
21
0.4575436614173228
0
LINE
8
BLACK
6
CONTINUOUS
10
1.933367401574803
20
0.4575436614173228
11
1.9360648818897637
21
0.4588924015748032
0
LINE
8
BLACK
6
CONTINUOUS
10
1.9360648818897637
20
0.4588924015748032
11
1.9372620078740157
21
0.4600895275590551
0
LINE
8
BLACK
6
CONTINUOUS
10
1.9372620078740157
20
0.4600895275590551
11
1.938610748031496
21
0.4627870078740157
0
LINE
8
BLACK
6
CONTINUOUS
10
1.938610748031496
20
0.4627870078740157
11
1.938610748031496
21
0.4632676771653543
0
LINE
8
BLACK
6
CONTINUOUS
10
1.938610748031496
20
0.4632676771653543
11
1.9372620078740157
21
0.465965157480315
0
LINE
8
BLACK
6
CONTINUOUS
10
1.9372620078740157
20
0.465965157480315
11
1.9360648818897637
21
0.4671622834645669
0
LINE
8
BLACK
6
CONTINUOUS
10
1.9360648818897637
20
0.4671622834645669
11
1.933367401574803
21
0.4685110236220472
0
LINE
8
BLACK
6
CONTINUOUS
10
1.933367401574803
20
0.4685110236220472
11
1.9272624409448817
21
0.4685110236220472
0
LINE
8
BLACK
6
CONTINUOUS
10
1.9272624409448817
20
0.4685110236220472
11
1.9245649606299211
21
0.4671622834645669
0
LINE
8
BLACK
6
CONTINUOUS
10
1.9794423228346456
20
0.4743488976377953
11
1.9795715748031495
21
0.4743716929133858
0
LINE
8
BLACK
6
CONTINUOUS
10
1.9795715748031495
20
0.4743716929133858
11
1.9796851574803149
21
0.474306062992126
0
LINE
8
BLACK
6
CONTINUOUS
10
1.9796851574803149
20
0.474306062992126
11
1.9800687401574804
21
0.4742384645669291
0
LINE
8
BLACK
6
CONTINUOUS
10
1.9800687401574804
20
0.4742384645669291
11
1.9806564173228347
21
0.4737453149606299
0
LINE
8
BLACK
6
CONTINUOUS
10
1.9806564173228347
20
0.4737453149606299
11
1.981320748031496
21
0.4733617716535433
0
LINE
8
BLACK
6
CONTINUOUS
10
1.981320748031496
20
0.4733617716535433
11
1.9814118503937008
21
0.4731114173228346
0
LINE
8
BLACK
6
CONTINUOUS
10
1.9814118503937008
20
0.4731114173228346
11
1.9816159842519685
21
0.4729401574803149
0
LINE
8
BLACK
6
CONTINUOUS
10
1.9816159842519685
20
0.4729401574803149
11
1.9817492125984251
21
0.4721845669291339
0
LINE
8
BLACK
6
CONTINUOUS
10
1.9817492125984251
20
0.4721845669291339
11
1.9820115748031495
21
0.471463779527559
0
LINE
8
BLACK
6
CONTINUOUS
10
1.9820115748031495
20
0.471463779527559
11
1.9820115748031495
21
0.4320937007874016
0
LINE
8
BLACK
6
CONTINUOUS
10
1.9820115748031495
20
0.4320937007874016
11
1.9818335039370079
21
0.4310837795275591
0
LINE
8
BLACK
6
CONTINUOUS
10
1.9818335039370079
20
0.4310837795275591
11
1.9805351968503937
21
0.4295365354330709
0
LINE
8
BLACK
6
CONTINUOUS
10
1.9805351968503937
20
0.4295365354330709
11
1.9785460629921259
21
0.4291857874015748
0
LINE
8
BLACK
6
CONTINUOUS
10
1.9785460629921259
20
0.4291857874015748
11
1.9767968897637795
21
0.4301957086614173
0
LINE
8
BLACK
6
CONTINUOUS
10
1.9767968897637795
20
0.4301957086614173
11
1.9761060629921259
21
0.4320937007874016
0
LINE
8
BLACK
6
CONTINUOUS
10
1.9761060629921259
20
0.4320937007874016
11
1.9761060629921259
21
0.4478886220472441
0
LINE
8
BLACK
6
CONTINUOUS
10
1.9761060629921259
20
0.4478886220472441
11
1.9712223622047245
21
0.4478886220472441
0
LINE
8
BLACK
6
CONTINUOUS
10
1.9712223622047245
20
0.4478886220472441
11
1.9589806299212598
21
0.4304003937007874
0
LINE
8
BLACK
6
CONTINUOUS
10
1.9589806299212598
20
0.4304003937007874
11
1.9582556299212599
21
0.4296751574803149
0
LINE
8
BLACK
6
CONTINUOUS
10
1.9582556299212599
20
0.4296751574803149
11
1.9563047244094487
21
0.429152125984252
0
LINE
8
BLACK
6
CONTINUOUS
10
1.9563047244094487
20
0.429152125984252
11
1.9544740157480314
21
0.4300054724409449
0
LINE
8
BLACK
6
CONTINUOUS
10
1.9544740157480314
20
0.4300054724409449
11
1.9536201968503937
21
0.4318359448818898
0
LINE
8
BLACK
6
CONTINUOUS
10
1.9536201968503937
20
0.4318359448818898
11
1.9541426771653543
21
0.4337870078740158
0
LINE
8
BLACK
6
CONTINUOUS
10
1.9541426771653543
20
0.4337870078740158
11
1.964018937007874
21
0.4478959842519685
0
LINE
8
BLACK
6
CONTINUOUS
10
1.964018937007874
20
0.4478959842519685
11
1.9630507874015748
21
0.4480666929133858
0
LINE
8
BLACK
6
CONTINUOUS
10
1.9630507874015748
20
0.4480666929133858
11
1.9629155118110235
21
0.448180157480315
0
LINE
8
BLACK
6
CONTINUOUS
10
1.9629155118110235
20
0.448180157480315
11
1.9627401968503937
21
0.4482003543307087
0
LINE
8
BLACK
6
CONTINUOUS
10
1.9627401968503937
20
0.4482003543307087
11
1.9589906692913386
21
0.4500751181102362
0
LINE
8
BLACK
6
CONTINUOUS
10
1.9589906692913386
20
0.4500751181102362
11
1.9582815748031495
21
0.4506009842519685
0
LINE
8
BLACK
6
CONTINUOUS
10
1.9582815748031495
20
0.4506009842519685
11
1.9582232677165354
21
0.4506282283464567
0
LINE
8
BLACK
6
CONTINUOUS
10
1.9582232677165354
20
0.4506282283464567
11
1.9563485039370079
21
0.4525029921259842
0
LINE
8
BLACK
6
CONTINUOUS
10
1.9563485039370079
20
0.4525029921259842
11
1.9558422047244095
21
0.453226062992126
0
LINE
8
BLACK
6
CONTINUOUS
10
1.9558422047244095
20
0.453226062992126
11
1.9557953937007873
21
0.4532703937007874
0
LINE
8
BLACK
6
CONTINUOUS
10
1.9557953937007873
20
0.4532703937007874
11
1.9539206299212597
21
0.4570199212598425
0
LINE
8
BLACK
6
CONTINUOUS
10
1.9539206299212597
20
0.4570199212598425
11
1.9536282677165353
21
0.458002874015748
0
LINE
8
BLACK
6
CONTINUOUS
10
1.9536282677165353
20
0.458002874015748
11
1.9536692519685039
21
0.4581745275590551
0
LINE
8
BLACK
6
CONTINUOUS
10
1.9536692519685039
20
0.4581745275590551
11
1.9536088976377952
21
0.4583404330708661
0
LINE
8
BLACK
6
CONTINUOUS
10
1.9536088976377952
20
0.4583404330708661
11
1.9536088976377952
21
0.4639647244094488
0
LINE
8
BLACK
6
CONTINUOUS
10
1.9536088976377952
20
0.4639647244094488
11
1.9537869685039371
21
0.4649746456692913
0
LINE
8
BLACK
6
CONTINUOUS
10
1.9537869685039371
20
0.4649746456692913
11
1.953900433070866
21
0.4651098818897638
0
LINE
8
BLACK
6
CONTINUOUS
10
1.953900433070866
20
0.4651098818897638
11
1.9539206299212597
21
0.4652852362204724
0
LINE
8
BLACK
6
CONTINUOUS
10
1.9539206299212597
20
0.4652852362204724
11
1.9557953937007873
21
0.4690347637795276
0
LINE
8
BLACK
6
CONTINUOUS
10
1.9557953937007873
20
0.4690347637795276
11
1.9563212992125985
21
0.4697438188976378
0
LINE
8
BLACK
6
CONTINUOUS
10
1.9563212992125985
20
0.4697438188976378
11
1.9563485039370079
21
0.4698021653543307
0
LINE
8
BLACK
6
CONTINUOUS
10
1.9563485039370079
20
0.4698021653543307
11
1.9582232677165354
21
0.4716769291338583
0
LINE
8
BLACK
6
CONTINUOUS
10
1.9582232677165354
20
0.4716769291338583
11
1.9589463385826771
21
0.472183188976378
0
LINE
8
BLACK
6
CONTINUOUS
10
1.9589463385826771
20
0.472183188976378
11
1.9589906692913386
21
0.4722300393700787
0
LINE
8
BLACK
6
CONTINUOUS
10
1.9589906692913386
20
0.4722300393700787
11
1.9627401968503937
21
0.4741048031496063
0
LINE
8
BLACK
6
CONTINUOUS
10
1.9627401968503937
20
0.4741048031496063
11
1.9637231102362205
21
0.4743971653543307
0
LINE
8
BLACK
6
CONTINUOUS
10
1.9637231102362205
20
0.4743971653543307
11
1.9638948031496062
21
0.4743561417322835
0
LINE
8
BLACK
6
CONTINUOUS
10
1.9638948031496062
20
0.4743561417322835
11
1.9640607086614172
21
0.4744165354330708
0
LINE
8
BLACK
6
CONTINUOUS
10
1.9640607086614172
20
0.4744165354330708
11
1.9790588188976377
21
0.4744165354330708
0
LINE
8
BLACK
6
CONTINUOUS
10
1.9790588188976377
20
0.4744165354330708
11
1.9794423228346456
21
0.4743488976377953
0
LINE
8
BLACK
6
CONTINUOUS
10
1.9620602755905512
20
0.4671622834645669
11
1.9608631496062991
21
0.465965157480315
0
LINE
8
BLACK
6
CONTINUOUS
10
1.9608631496062991
20
0.465965157480315
11
1.9595144094488188
21
0.4632676771653543
0
LINE
8
BLACK
6
CONTINUOUS
10
1.9595144094488188
20
0.4632676771653543
11
1.9595144094488188
21
0.4590374803149606
0
LINE
8
BLACK
6
CONTINUOUS
10
1.9595144094488188
20
0.4590374803149606
11
1.9608631496062991
21
0.45634
0
LINE
8
BLACK
6
CONTINUOUS
10
1.9608631496062991
20
0.45634
11
1.9620602755905512
21
0.455142874015748
0
LINE
8
BLACK
6
CONTINUOUS
10
1.9620602755905512
20
0.455142874015748
11
1.9647577559055118
21
0.4537941338582677
0
LINE
8
BLACK
6
CONTINUOUS
10
1.9647577559055118
20
0.4537941338582677
11
1.9761060629921259
21
0.4537941338582677
0
LINE
8
BLACK
6
CONTINUOUS
10
1.9761060629921259
20
0.4537941338582677
11
1.9761060629921259
21
0.4685110236220472
0
LINE
8
BLACK
6
CONTINUOUS
10
1.9761060629921259
20
0.4685110236220472
11
1.9647577559055118
21
0.4685110236220472
0
LINE
8
BLACK
6
CONTINUOUS
10
1.9647577559055118
20
0.4685110236220472
11
1.9620602755905512
21
0.4671622834645669
0
LINE
8
BLACK
6
CONTINUOUS
10
2.2544423228346457
20
0.5743488976377953
11
2.2545715748031494
21
0.5743716929133859
0
LINE
8
BLACK
6
CONTINUOUS
10
2.2545715748031494
20
0.5743716929133859
11
2.2546851574803148
21
0.5743060629921259
0
LINE
8
BLACK
6
CONTINUOUS
10
2.2546851574803148
20
0.5743060629921259
11
2.2550687401574803
21
0.5742384645669292
0
LINE
8
BLACK
6
CONTINUOUS
10
2.2550687401574803
20
0.5742384645669292
11
2.2556564173228346
21
0.5737453149606299
0
LINE
8
BLACK
6
CONTINUOUS
10
2.2556564173228346
20
0.5737453149606299
11
2.256320748031496
21
0.5733617716535433
0
LINE
8
BLACK
6
CONTINUOUS
10
2.256320748031496
20
0.5733617716535433
11
2.2564118503937007
21
0.5731114173228347
0
LINE
8
BLACK
6
CONTINUOUS
10
2.2564118503937007
20
0.5731114173228347
11
2.2566159842519684
21
0.5729401574803149
0
LINE
8
BLACK
6
CONTINUOUS
10
2.2566159842519684
20
0.5729401574803149
11
2.2567492125984252
21
0.5721845669291339
0
LINE
8
BLACK
6
CONTINUOUS
10
2.2567492125984252
20
0.5721845669291339
11
2.2570115748031494
21
0.571463779527559
0
LINE
8
BLACK
6
CONTINUOUS
10
2.2570115748031494
20
0.571463779527559
11
2.2570115748031494
21
0.5320937007874016
0
LINE
8
BLACK
6
CONTINUOUS
10
2.2570115748031494
20
0.5320937007874016
11
2.256833503937008
21
0.531083779527559
0
LINE
8
BLACK
6
CONTINUOUS
10
2.256833503937008
20
0.531083779527559
11
2.2555351968503938
21
0.5295365354330709
0
LINE
8
BLACK
6
CONTINUOUS
10
2.2555351968503938
20
0.5295365354330709
11
2.2535460629921258
21
0.5291857874015747
0
LINE
8
BLACK
6
CONTINUOUS
10
2.2535460629921258
20
0.5291857874015747
11
2.2517968897637797
21
0.5301957086614173
0
LINE
8
BLACK
6
CONTINUOUS
10
2.2517968897637797
20
0.5301957086614173
11
2.2511060629921258
21
0.5320937007874016
0
LINE
8
BLACK
6
CONTINUOUS
10
2.2511060629921258
20
0.5320937007874016
11
2.2511060629921258
21
0.5478886220472441
0
LINE
8
BLACK
6
CONTINUOUS
10
2.2511060629921258
20
0.5478886220472441
11
2.2462223622047244
21
0.5478886220472441
0
LINE
8
BLACK
6
CONTINUOUS
10
2.2462223622047244
20
0.5478886220472441
11
2.2339806299212599
21
0.5304003937007874
0
LINE
8
BLACK
6
CONTINUOUS
10
2.2339806299212599
20
0.5304003937007874
11
2.2332556299212598
21
0.5296751574803149
0
LINE
8
BLACK
6
CONTINUOUS
10
2.2332556299212598
20
0.5296751574803149
11
2.2313047244094486
21
0.529152125984252
0
LINE
8
BLACK
6
CONTINUOUS
10
2.2313047244094486
20
0.529152125984252
11
2.2294740157480315
21
0.5300054724409449
0
LINE
8
BLACK
6
CONTINUOUS
10
2.2294740157480315
20
0.5300054724409449
11
2.2286201968503936
21
0.5318359448818898
0
LINE
8
BLACK
6
CONTINUOUS
10
2.2286201968503936
20
0.5318359448818898
11
2.2291426771653544
21
0.5337870078740158
0
LINE
8
BLACK
6
CONTINUOUS
10
2.2291426771653544
20
0.5337870078740158
11
2.2390189370078741
21
0.5478959842519685
0
LINE
8
BLACK
6
CONTINUOUS
10
2.2390189370078741
20
0.5478959842519685
11
2.2380507874015749
21
0.5480666929133858
0
LINE
8
BLACK
6
CONTINUOUS
10
2.2380507874015749
20
0.5480666929133858
11
2.2379155118110234
21
0.5481801574803149
0
LINE
8
BLACK
6
CONTINUOUS
10
2.2379155118110234
20
0.5481801574803149
11
2.2377401968503938
21
0.5482003543307087
0
LINE
8
BLACK
6
CONTINUOUS
10
2.2377401968503938
20
0.5482003543307087
11
2.2339906692913387
21
0.5500751181102362
0
LINE
8
BLACK
6
CONTINUOUS
10
2.2339906692913387
20
0.5500751181102362
11
2.2332815748031494
21
0.5506009842519685
0
LINE
8
BLACK
6
CONTINUOUS
10
2.2332815748031494
20
0.5506009842519685
11
2.2332232677165353
21
0.5506282283464566
0
LINE
8
BLACK
6
CONTINUOUS
10
2.2332232677165353
20
0.5506282283464566
11
2.2313485039370078
21
0.5525029921259842
0
LINE
8
BLACK
6
CONTINUOUS
10
2.2313485039370078
20
0.5525029921259842
11
2.2308422047244094
21
0.553226062992126
0
LINE
8
BLACK
6
CONTINUOUS
10
2.2308422047244094
20
0.553226062992126
11
2.2307953937007872
21
0.5532703937007873
0
LINE
8
BLACK
6
CONTINUOUS
10
2.2307953937007872
20
0.5532703937007873
11
2.2289206299212596
21
0.5570199212598425
0
LINE
8
BLACK
6
CONTINUOUS
10
2.2289206299212596
20
0.5570199212598425
11
2.2286282677165352
21
0.558002874015748
0
LINE
8
BLACK
6
CONTINUOUS
10
2.2286282677165352
20
0.558002874015748
11
2.2286692519685039
21
0.5581745275590551
0
LINE
8
BLACK
6
CONTINUOUS
10
2.2286692519685039
20
0.5581745275590551
11
2.2286088976377951
21
0.5583404330708661
0
LINE
8
BLACK
6
CONTINUOUS
10
2.2286088976377951
20
0.5583404330708661
11
2.2286088976377951
21
0.5639647244094488
0
LINE
8
BLACK
6
CONTINUOUS
10
2.2286088976377951
20
0.5639647244094488
11
2.228786968503937
21
0.5649746456692913
0
LINE
8
BLACK
6
CONTINUOUS
10
2.228786968503937
20
0.5649746456692913
11
2.2289004330708662
21
0.5651098818897637
0
LINE
8
BLACK
6
CONTINUOUS
10
2.2289004330708662
20
0.5651098818897637
11
2.2289206299212596
21
0.5652852362204724
0
LINE
8
BLACK
6
CONTINUOUS
10
2.2289206299212596
20
0.5652852362204724
11
2.2307953937007872
21
0.5690347637795276
0
LINE
8
BLACK
6
CONTINUOUS
10
2.2307953937007872
20
0.5690347637795276
11
2.2313212992125986
21
0.5697438188976378
0
LINE
8
BLACK
6
CONTINUOUS
10
2.2313212992125986
20
0.5697438188976378
11
2.2313485039370078
21
0.5698021653543307
0
LINE
8
BLACK
6
CONTINUOUS
10
2.2313485039370078
20
0.5698021653543307
11
2.2332232677165353
21
0.5716769291338583
0
LINE
8
BLACK
6
CONTINUOUS
10
2.2332232677165353
20
0.5716769291338583
11
2.233946338582677
21
0.572183188976378
0
LINE
8
BLACK
6
CONTINUOUS
10
2.233946338582677
20
0.572183188976378
11
2.2339906692913387
21
0.5722300393700788
0
LINE
8
BLACK
6
CONTINUOUS
10
2.2339906692913387
20
0.5722300393700788
11
2.2377401968503938
21
0.5741048031496063
0
LINE
8
BLACK
6
CONTINUOUS
10
2.2377401968503938
20
0.5741048031496063
11
2.2387231102362204
21
0.5743971653543307
0
LINE
8
BLACK
6
CONTINUOUS
10
2.2387231102362204
20
0.5743971653543307
11
2.2388948031496061
21
0.5743561417322834
0
LINE
8
BLACK
6
CONTINUOUS
10
2.2388948031496061
20
0.5743561417322834
11
2.2390607086614174
21
0.5744165354330708
0
LINE
8
BLACK
6
CONTINUOUS
10
2.2390607086614174
20
0.5744165354330708
11
2.2540588188976378
21
0.5744165354330708
0
LINE
8
BLACK
6
CONTINUOUS
10
2.2540588188976378
20
0.5744165354330708
11
2.2544423228346457
21
0.5743488976377953
0
LINE
8
BLACK
6
CONTINUOUS
10
2.2370602755905513
20
0.5671622834645669
11
2.2358631496062991
21
0.565965157480315
0
LINE
8
BLACK
6
CONTINUOUS
10
2.2358631496062991
20
0.565965157480315
11
2.2345144094488187
21
0.5632676771653543
0
LINE
8
BLACK
6
CONTINUOUS
10
2.2345144094488187
20
0.5632676771653543
11
2.2345144094488187
21
0.5590374803149606
0
LINE
8
BLACK
6
CONTINUOUS
10
2.2345144094488187
20
0.5590374803149606
11
2.2358631496062991
21
0.5563399999999999
0
LINE
8
BLACK
6
CONTINUOUS
10
2.2358631496062991
20
0.5563399999999999
11
2.2370602755905513
21
0.555142874015748
0
LINE
8
BLACK
6
CONTINUOUS
10
2.2370602755905513
20
0.555142874015748
11
2.239757755905512
21
0.5537941338582677
0
LINE
8
BLACK
6
CONTINUOUS
10
2.239757755905512
20
0.5537941338582677
11
2.2511060629921258
21
0.5537941338582677
0
LINE
8
BLACK
6
CONTINUOUS
10
2.2511060629921258
20
0.5537941338582677
11
2.2511060629921258
21
0.5685110236220472
0
LINE
8
BLACK
6
CONTINUOUS
10
2.2511060629921258
20
0.5685110236220472
11
2.239757755905512
21
0.5685110236220472
0
LINE
8
BLACK
6
CONTINUOUS
10
2.239757755905512
20
0.5685110236220472
11
2.2370602755905513
21
0.5671622834645669
0
LINE
8
BLACK
6
CONTINUOUS
10
2.219448188976378
20
0.5742384645669292
11
2.2209954330708661
21
0.5729401574803149
0
LINE
8
BLACK
6
CONTINUOUS
10
2.2209954330708661
20
0.5729401574803149
11
2.221346181102362
21
0.5709510236220472
0
LINE
8
BLACK
6
CONTINUOUS
10
2.221346181102362
20
0.5709510236220472
11
2.2203362598425196
21
0.5692018503937007
0
LINE
8
BLACK
6
CONTINUOUS
10
2.2203362598425196
20
0.5692018503937007
11
2.2184382677165355
21
0.5685110236220472
0
LINE
8
BLACK
6
CONTINUOUS
10
2.2184382677165355
20
0.5685110236220472
11
2.1966695669291338
21
0.5685110236220472
0
LINE
8
BLACK
6
CONTINUOUS
10
2.1966695669291338
20
0.5685110236220472
11
2.2117784645669292
21
0.5332568503937007
0
LINE
8
BLACK
6
CONTINUOUS
10
2.2117784645669292
20
0.5332568503937007
11
2.2120125984251966
21
0.5322584645669292
0
LINE
8
BLACK
6
CONTINUOUS
10
2.2120125984251966
20
0.5322584645669292
11
2.2114287795275591
21
0.5303248818897638
0
LINE
8
BLACK
6
CONTINUOUS
10
2.2114287795275591
20
0.5303248818897638
11
2.2097386220472441
21
0.529218937007874
0
LINE
8
BLACK
6
CONTINUOUS
10
2.2097386220472441
20
0.529218937007874
11
2.2077330708661416
21
0.5294581496062992
0
LINE
8
BLACK
6
CONTINUOUS
10
2.2077330708661416
20
0.5294581496062992
11
2.2063504330708663
21
0.5309305511811023
0
LINE
8
BLACK
6
CONTINUOUS
10
2.2063504330708663
20
0.5309305511811023
11
2.1894775590551179
21
0.5703006299212598
0
LINE
8
BLACK
6
CONTINUOUS
10
2.1894775590551179
20
0.5703006299212598
11
2.1892434251968504
21
0.5712990551181102
0
LINE
8
BLACK
6
CONTINUOUS
10
2.1892434251968504
20
0.5712990551181102
11
2.1893442125984253
21
0.5716329527559055
0
LINE
8
BLACK
6
CONTINUOUS
10
2.1893442125984253
20
0.5716329527559055
11
2.1892836614173228
21
0.5719765354330708
0
LINE
8
BLACK
6
CONTINUOUS
10
2.1892836614173228
20
0.5719765354330708
11
2.1896281102362205
21
0.5725731102362205
0
LINE
8
BLACK
6
CONTINUOUS
10
2.1896281102362205
20
0.5725731102362205
11
2.1898272440944879
21
0.5732325984251968
0
LINE
8
BLACK
6
CONTINUOUS
10
2.1898272440944879
20
0.5732325984251968
11
2.1901191338582677
21
0.5734235826771653
0
LINE
8
BLACK
6
CONTINUOUS
10
2.1901191338582677
20
0.5734235826771653
11
2.1902935826771652
21
0.5737257086614173
0
LINE
8
BLACK
6
CONTINUOUS
10
2.1902935826771652
20
0.5737257086614173
11
2.1909409055118108
21
0.5739612992125984
0
LINE
8
BLACK
6
CONTINUOUS
10
2.1909409055118108
20
0.5739612992125984
11
2.1915174015748029
21
0.5743385433070866
0
LINE
8
BLACK
6
CONTINUOUS
10
2.1915174015748029
20
0.5743385433070866
11
2.1918637795275591
21
0.5742972047244095
0
LINE
8
BLACK
6
CONTINUOUS
10
2.1918637795275591
20
0.5742972047244095
11
2.1921915748031497
21
0.5744165354330708
0
LINE
8
BLACK
6
CONTINUOUS
10
2.1921915748031497
20
0.5744165354330708
11
2.2184382677165355
21
0.5744165354330708
0
LINE
8
BLACK
6
CONTINUOUS
10
2.2184382677165355
20
0.5744165354330708
11
2.219448188976378
21
0.5742384645669292
0
LINE
8
BLACK
6
CONTINUOUS
10
2.0600743700787403
20
0.5992384645669291
11
2.0602096062992126
21
0.5991249606299213
0
LINE
8
BLACK
6
CONTINUOUS
10
2.0602096062992126
20
0.5991249606299213
11
2.0603849606299214
21
0.5991048031496062
0
LINE
8
BLACK
6
CONTINUOUS
10
2.0603849606299214
20
0.5991048031496062
11
2.0641344881889765
21
0.5972300393700787
0
LINE
8
BLACK
6
CONTINUOUS
10
2.0641344881889765
20
0.5972300393700787
11
2.0648435433070866
21
0.596704094488189
0
LINE
8
BLACK
6
CONTINUOUS
10
2.0648435433070866
20
0.596704094488189
11
2.0649018897637794
21
0.5966769291338583
0
LINE
8
BLACK
6
CONTINUOUS
10
2.0649018897637794
20
0.5966769291338583
11
2.066776653543307
21
0.5948021653543307
0
LINE
8
BLACK
6
CONTINUOUS
10
2.066776653543307
20
0.5948021653543307
11
2.0672829133858266
21
0.5940790551181102
0
LINE
8
BLACK
6
CONTINUOUS
10
2.0672829133858266
20
0.5940790551181102
11
2.0673297637795276
21
0.5940347637795276
0
LINE
8
BLACK
6
CONTINUOUS
10
2.0673297637795276
20
0.5940347637795276
11
2.0692045275590552
21
0.5902852362204725
0
LINE
8
BLACK
6
CONTINUOUS
10
2.0692045275590552
20
0.5902852362204725
11
2.0694968897637795
21
0.5893023228346457
0
LINE
8
BLACK
6
CONTINUOUS
10
2.0694968897637795
20
0.5893023228346457
11
2.0694558661417322
21
0.5891305905511811
0
LINE
8
BLACK
6
CONTINUOUS
10
2.0694558661417322
20
0.5891305905511811
11
2.0695162598425196
21
0.5889647244094488
0
LINE
8
BLACK
6
CONTINUOUS
10
2.0695162598425196
20
0.5889647244094488
11
2.0695162598425196
21
0.5870899606299212
0
LINE
8
BLACK
6
CONTINUOUS
10
2.0695162598425196
20
0.5870899606299212
11
2.0693381889763778
21
0.5860800393700787
0
LINE
8
BLACK
6
CONTINUOUS
10
2.0693381889763778
20
0.5860800393700787
11
2.0692246850393698
21
0.5859447637795275
0
LINE
8
BLACK
6
CONTINUOUS
10
2.0692246850393698
20
0.5859447637795275
11
2.0692045275590552
21
0.5857694488188976
0
LINE
8
BLACK
6
CONTINUOUS
10
2.0692045275590552
20
0.5857694488188976
11
2.0673297637795276
21
0.5820199212598425
0
LINE
8
BLACK
6
CONTINUOUS
10
2.0673297637795276
20
0.5820199212598425
11
2.0668038582677166
21
0.5813108267716536
0
LINE
8
BLACK
6
CONTINUOUS
10
2.0668038582677166
20
0.5813108267716536
11
2.066776653543307
21
0.5812525196850393
0
LINE
8
BLACK
6
CONTINUOUS
10
2.066776653543307
20
0.5812525196850393
11
2.0651150393700788
21
0.579590905511811
0
LINE
8
BLACK
6
CONTINUOUS
10
2.0651150393700788
20
0.579590905511811
11
2.066776653543307
21
0.5779292913385826
0
LINE
8
BLACK
6
CONTINUOUS
10
2.066776653543307
20
0.5779292913385826
11
2.0672829133858266
21
0.5772061811023622
0
LINE
8
BLACK
6
CONTINUOUS
10
2.0672829133858266
20
0.5772061811023622
11
2.0673297637795276
21
0.5771618897637795
0
LINE
8
BLACK
6
CONTINUOUS
10
2.0673297637795276
20
0.5771618897637795
11
2.0692045275590552
21
0.5734123622047244
0
LINE
8
BLACK
6
CONTINUOUS
10
2.0692045275590552
20
0.5734123622047244
11
2.0694968897637795
21
0.5724294488188977
0
LINE
8
BLACK
6
CONTINUOUS
10
2.0694968897637795
20
0.5724294488188977
11
2.0694558661417322
21
0.572257716535433
0
LINE
8
BLACK
6
CONTINUOUS
10
2.0694558661417322
20
0.572257716535433
11
2.0695162598425196
21
0.5720918503937008
0
LINE
8
BLACK
6
CONTINUOUS
10
2.0695162598425196
20
0.5720918503937008
11
2.0695162598425196
21
0.5645927952755906
0
LINE
8
BLACK
6
CONTINUOUS
10
2.0695162598425196
20
0.5645927952755906
11
2.0693381889763778
21
0.563582874015748
0
LINE
8
BLACK
6
CONTINUOUS
10
2.0693381889763778
20
0.563582874015748
11
2.0692246850393698
21
0.5634475984251969
0
LINE
8
BLACK
6
CONTINUOUS
10
2.0692246850393698
20
0.5634475984251969
11
2.0692045275590552
21
0.5632722834645669
0
LINE
8
BLACK
6
CONTINUOUS
10
2.0692045275590552
20
0.5632722834645669
11
2.0673297637795276
21
0.5595227559055118
0
LINE
8
BLACK
6
CONTINUOUS
10
2.0673297637795276
20
0.5595227559055118
11
2.0668038582677166
21
0.5588136614173228
0
LINE
8
BLACK
6
CONTINUOUS
10
2.0668038582677166
20
0.5588136614173228
11
2.066776653543307
21
0.5587553543307087
0
LINE
8
BLACK
6
CONTINUOUS
10
2.066776653543307
20
0.5587553543307087
11
2.0649018897637794
21
0.5568805905511811
0
LINE
8
BLACK
6
CONTINUOUS
10
2.0649018897637794
20
0.5568805905511811
11
2.0641788976377953
21
0.5563743700787401
0
LINE
8
BLACK
6
CONTINUOUS
10
2.0641788976377953
20
0.5563743700787401
11
2.0641345275590552
21
0.5563274803149606
0
LINE
8
BLACK
6
CONTINUOUS
10
2.0641345275590552
20
0.5563274803149606
11
2.0603850000000001
21
0.5544526771653543
0
LINE
8
BLACK
6
CONTINUOUS
10
2.0603850000000001
20
0.5544526771653543
11
2.0594020472440944
21
0.5541603149606299
0
LINE
8
BLACK
6
CONTINUOUS
10
2.0594020472440944
20
0.5541603149606299
11
2.0592303149606299
21
0.5542012992125984
0
LINE
8
BLACK
6
CONTINUOUS
10
2.0592303149606299
20
0.5542012992125984
11
2.0590644488188974
21
0.5541409448818897
0
LINE
8
BLACK
6
CONTINUOUS
10
2.0590644488188974
20
0.5541409448818897
11
2.0515653937007872
21
0.5541409448818897
0
LINE
8
BLACK
6
CONTINUOUS
10
2.0515653937007872
20
0.5541409448818897
11
2.0505554724409447
21
0.5543190157480314
0
LINE
8
BLACK
6
CONTINUOUS
10
2.0505554724409447
20
0.5543190157480314
11
2.0504201968503937
21
0.5544324803149606
0
LINE
8
BLACK
6
CONTINUOUS
10
2.0504201968503937
20
0.5544324803149606
11
2.0502448818897636
21
0.5544526771653543
0
LINE
8
BLACK
6
CONTINUOUS
10
2.0502448818897636
20
0.5544526771653543
11
2.0464953149606298
21
0.5563274803149606
0
LINE
8
BLACK
6
CONTINUOUS
10
2.0464953149606298
20
0.5563274803149606
11
2.0457862992125984
21
0.5568533464566929
0
LINE
8
BLACK
6
CONTINUOUS
10
2.0457862992125984
20
0.5568533464566929
11
2.0457279527559056
21
0.5568805905511811
0
LINE
8
BLACK
6
CONTINUOUS
10
2.0457279527559056
20
0.5568805905511811
11
2.043853188976378
21
0.5587553543307087
0
LINE
8
BLACK
6
CONTINUOUS
10
2.043853188976378
20
0.5587553543307087
11
2.0433468897637797
21
0.5594784251968504
0
LINE
8
BLACK
6
CONTINUOUS
10
2.0433468897637797
20
0.5594784251968504
11
2.0433000787401574
21
0.5595227559055118
0
LINE
8
BLACK
6
CONTINUOUS
10
2.0433000787401574
20
0.5595227559055118
11
2.0414253149606298
21
0.5632722834645669
0
LINE
8
BLACK
6
CONTINUOUS
10
2.0414253149606298
20
0.5632722834645669
11
2.0411329527559054
21
0.5642552362204725
0
LINE
8
BLACK
6
CONTINUOUS
10
2.0411329527559054
20
0.5642552362204725
11
2.0411739370078741
21
0.5644268897637795
0
LINE
8
BLACK
6
CONTINUOUS
10
2.0411739370078741
20
0.5644268897637795
11
2.0411135826771654
21
0.5645927952755906
0
LINE
8
BLACK
6
CONTINUOUS
10
2.0411135826771654
20
0.5645927952755906
11
2.0411135826771654
21
0.5720918503937008
0
LINE
8
BLACK
6
CONTINUOUS
10
2.0411135826771654
20
0.5720918503937008
11
2.0412916535433072
21
0.5731017716535433
0
LINE
8
BLACK
6
CONTINUOUS
10
2.0412916535433072
20
0.5731017716535433
11
2.0414051181102364
21
0.5732370078740158
0
LINE
8
BLACK
6
CONTINUOUS
10
2.0414051181102364
20
0.5732370078740158
11
2.0414253149606298
21
0.5734123622047244
0
LINE
8
BLACK
6
CONTINUOUS
10
2.0414253149606298
20
0.5734123622047244
11
2.0433000787401574
21
0.5771618897637795
0
LINE
8
BLACK
6
CONTINUOUS
10
2.0433000787401574
20
0.5771618897637795
11
2.0438259842519684
21
0.5778709448818897
0
LINE
8
BLACK
6
CONTINUOUS
10
2.0438259842519684
20
0.5778709448818897
11
2.043853188976378
21
0.5779292913385826
0
LINE
8
BLACK
6
CONTINUOUS
10
2.043853188976378
20
0.5779292913385826
11
2.0455148031496062
21
0.579590905511811
0
LINE
8
BLACK
6
CONTINUOUS
10
2.0455148031496062
20
0.579590905511811
11
2.043853188976378
21
0.5812525196850393
0
LINE
8
BLACK
6
CONTINUOUS
10
2.043853188976378
20
0.5812525196850393
11
2.0433468897637797
21
0.5819755905511811
0
LINE
8
BLACK
6
CONTINUOUS
10
2.0433468897637797
20
0.5819755905511811
11
2.0433000787401574
21
0.5820199212598425
0
LINE
8
BLACK
6
CONTINUOUS
10
2.0433000787401574
20
0.5820199212598425
11
2.0414253149606298
21
0.5857694488188976
0
LINE
8
BLACK
6
CONTINUOUS
10
2.0414253149606298
20
0.5857694488188976
11
2.0411329527559054
21
0.5867524015748031
0
LINE
8
BLACK
6
CONTINUOUS
10
2.0411329527559054
20
0.5867524015748031
11
2.0411739370078741
21
0.5869240551181102
0
LINE
8
BLACK
6
CONTINUOUS
10
2.0411739370078741
20
0.5869240551181102
11
2.0411135826771654
21
0.5870899606299212
0
LINE
8
BLACK
6
CONTINUOUS
10
2.0411135826771654
20
0.5870899606299212
11
2.0411135826771654
21
0.5889647244094488
0
LINE
8
BLACK
6
CONTINUOUS
10
2.0411135826771654
20
0.5889647244094488
11
2.0412916535433072
21
0.5899746456692914
0
LINE
8
BLACK
6
CONTINUOUS
10
2.0412916535433072
20
0.5899746456692914
11
2.0414051181102364
21
0.5901098818897638
0
LINE
8
BLACK
6
CONTINUOUS
10
2.0414051181102364
20
0.5901098818897638
11
2.0414253149606298
21
0.5902852362204725
0
LINE
8
BLACK
6
CONTINUOUS
10
2.0414253149606298
20
0.5902852362204725
11
2.0433000787401574
21
0.5940347637795276
0
LINE
8
BLACK
6
CONTINUOUS
10
2.0433000787401574
20
0.5940347637795276
11
2.0438259842519684
21
0.5947438188976378
0
LINE
8
BLACK
6
CONTINUOUS
10
2.0438259842519684
20
0.5947438188976378
11
2.043853188976378
21
0.5948021653543307
0
LINE
8
BLACK
6
CONTINUOUS
10
2.043853188976378
20
0.5948021653543307
11
2.0457279527559056
21
0.5966769291338583
0
LINE
8
BLACK
6
CONTINUOUS
10
2.0457279527559056
20
0.5966769291338583
11
2.0464510236220472
21
0.5971831889763779
0
LINE
8
BLACK
6
CONTINUOUS
10
2.0464510236220472
20
0.5971831889763779
11
2.0464953543307085
21
0.5972300393700787
0
LINE
8
BLACK
6
CONTINUOUS
10
2.0464953543307085
20
0.5972300393700787
11
2.0502448818897636
21
0.5991048031496062
0
LINE
8
BLACK
6
CONTINUOUS
10
2.0502448818897636
20
0.5991048031496062
11
2.0512277952755906
21
0.5993971653543307
0
LINE
8
BLACK
6
CONTINUOUS
10
2.0512277952755906
20
0.5993971653543307
11
2.0513994881889763
21
0.5993561417322835
0
LINE
8
BLACK
6
CONTINUOUS
10
2.0513994881889763
20
0.5993561417322835
11
2.0515653937007872
21
0.5994165354330708
0
LINE
8
BLACK
6
CONTINUOUS
10
2.0515653937007872
20
0.5994165354330708
11
2.0590644488188974
21
0.5994165354330708
0
LINE
8
BLACK
6
CONTINUOUS
10
2.0590644488188974
20
0.5994165354330708
11
2.0600743700787403
21
0.5992384645669291
0
LINE
8
BLACK
6
CONTINUOUS
10
2.0495649606299211
20
0.5752894094488189
11
2.0483678346456693
21
0.5740922834645669
0
LINE
8
BLACK
6
CONTINUOUS
10
2.0483678346456693
20
0.5740922834645669
11
2.047019094488189
21
0.5713948031496063
0
LINE
8
BLACK
6
CONTINUOUS
10
2.047019094488189
20
0.5713948031496063
11
2.047019094488189
21
0.5652898425196851
0
LINE
8
BLACK
6
CONTINUOUS
10
2.047019094488189
20
0.5652898425196851
11
2.0483678346456693
21
0.5625923622047244
0
LINE
8
BLACK
6
CONTINUOUS
10
2.0483678346456693
20
0.5625923622047244
11
2.0495649212598424
21
0.5613952362204724
0
LINE
8
BLACK
6
CONTINUOUS
10
2.0495649212598424
20
0.5613952362204724
11
2.0522624803149605
21
0.5600464566929134
0
LINE
8
BLACK
6
CONTINUOUS
10
2.0522624803149605
20
0.5600464566929134
11
2.0583673622047245
21
0.5600464566929134
0
LINE
8
BLACK
6
CONTINUOUS
10
2.0583673622047245
20
0.5600464566929134
11
2.0610648425196851
21
0.5613951968503937
0
LINE
8
BLACK
6
CONTINUOUS
10
2.0610648425196851
20
0.5613951968503937
11
2.0622620078740157
21
0.5625923622047244
0
LINE
8
BLACK
6
CONTINUOUS
10
2.0622620078740157
20
0.5625923622047244
11
2.063610748031496
21
0.5652898425196851
0
LINE
8
BLACK
6
CONTINUOUS
10
2.063610748031496
20
0.5652898425196851
11
2.063610748031496
21
0.5713948031496063
0
LINE
8
BLACK
6
CONTINUOUS
10
2.063610748031496
20
0.5713948031496063
11
2.0622620078740157
21
0.5740922834645669
0
LINE
8
BLACK
6
CONTINUOUS
10
2.0622620078740157
20
0.5740922834645669
11
2.0610648818897639
21
0.5752894094488189
0
LINE
8
BLACK
6
CONTINUOUS
10
2.0610648818897639
20
0.5752894094488189
11
2.0583674015748032
21
0.5766381496062992
0
LINE
8
BLACK
6
CONTINUOUS
10
2.0583674015748032
20
0.5766381496062992
11
2.0522624409448817
21
0.5766381496062992
0
LINE
8
BLACK
6
CONTINUOUS
10
2.0522624409448817
20
0.5766381496062992
11
2.0495649606299211
21
0.5752894094488189
0
LINE
8
BLACK
6
CONTINUOUS
10
2.0495649606299211
20
0.5921622834645669
11
2.0483678346456693
21
0.590965157480315
0
LINE
8
BLACK
6
CONTINUOUS
10
2.0483678346456693
20
0.590965157480315
11
2.047019094488189
21
0.5882676771653543
0
LINE
8
BLACK
6
CONTINUOUS
10
2.047019094488189
20
0.5882676771653543
11
2.047019094488189
21
0.5877870078740157
0
LINE
8
BLACK
6
CONTINUOUS
10
2.047019094488189
20
0.5877870078740157
11
2.0483678346456693
21
0.5850895275590551
0
LINE
8
BLACK
6
CONTINUOUS
10
2.0483678346456693
20
0.5850895275590551
11
2.0495649606299211
21
0.5838924015748032
0
LINE
8
BLACK
6
CONTINUOUS
10
2.0495649606299211
20
0.5838924015748032
11
2.0522624409448817
21
0.5825436614173228
0
LINE
8
BLACK
6
CONTINUOUS
10
2.0522624409448817
20
0.5825436614173228
11
2.0583674015748032
21
0.5825436614173228
0
LINE
8
BLACK
6
CONTINUOUS
10
2.0583674015748032
20
0.5825436614173228
11
2.0610648818897639
21
0.5838924015748032
0
LINE
8
BLACK
6
CONTINUOUS
10
2.0610648818897639
20
0.5838924015748032
11
2.0622620078740157
21
0.5850895275590551
0
LINE
8
BLACK
6
CONTINUOUS
10
2.0622620078740157
20
0.5850895275590551
11
2.063610748031496
21
0.5877870078740157
0
LINE
8
BLACK
6
CONTINUOUS
10
2.063610748031496
20
0.5877870078740157
11
2.063610748031496
21
0.5882676771653543
0
LINE
8
BLACK
6
CONTINUOUS
10
2.063610748031496
20
0.5882676771653543
11
2.0622620078740157
21
0.590965157480315
0
LINE
8
BLACK
6
CONTINUOUS
10
2.0622620078740157
20
0.590965157480315
11
2.0610648818897639
21
0.5921622834645669
0
LINE
8
BLACK
6
CONTINUOUS
10
2.0610648818897639
20
0.5921622834645669
11
2.0583674015748032
21
0.5935110236220472
0
LINE
8
BLACK
6
CONTINUOUS
10
2.0583674015748032
20
0.5935110236220472
11
2.0522624409448817
21
0.5935110236220472
0
LINE
8
BLACK
6
CONTINUOUS
10
2.0522624409448817
20
0.5935110236220472
11
2.0495649606299211
21
0.5921622834645669
0
LINE
8
BLACK
6
CONTINUOUS
10
2.0936796062992125
20
0.5992632283464567
11
2.0937439763779526
21
0.5992649999999999
0
LINE
8
BLACK
6
CONTINUOUS
10
2.0937439763779526
20
0.5992649999999999
11
2.0993682677165353
21
0.5973902362204724
0
LINE
8
BLACK
6
CONTINUOUS
10
2.0993682677165353
20
0.5973902362204724
11
2.1002700393700788
21
0.596901968503937
0
LINE
8
BLACK
6
CONTINUOUS
10
2.1002700393700788
20
0.596901968503937
11
2.100362440944882
21
0.5967514960629922
0
LINE
8
BLACK
6
CONTINUOUS
10
2.100362440944882
20
0.5967514960629922
11
2.1005224409448817
21
0.5966769291338583
0
LINE
8
BLACK
6
CONTINUOUS
10
2.1005224409448817
20
0.5966769291338583
11
2.1042719685039368
21
0.5929274015748032
0
LINE
8
BLACK
6
CONTINUOUS
10
2.1042719685039368
20
0.5929274015748032
11
2.1047783464566927
21
0.5922042125984252
0
LINE
8
BLACK
6
CONTINUOUS
10
2.1047783464566927
20
0.5922042125984252
11
2.1048250787401575
21
0.59216
0
LINE
8
BLACK
6
CONTINUOUS
10
2.1048250787401575
20
0.59216
11
2.106699842519685
21
0.5884104724409449
0
LINE
8
BLACK
6
CONTINUOUS
10
2.106699842519685
20
0.5884104724409449
11
2.1068451181102361
21
0.5879220078740157
0
LINE
8
BLACK
6
CONTINUOUS
10
2.1068451181102361
20
0.5879220078740157
11
2.1069234251968503
21
0.5878061023622048
0
LINE
8
BLACK
6
CONTINUOUS
10
2.1069234251968503
20
0.5878061023622048
11
2.1087981889763778
21
0.5803070472440944
0
LINE
8
BLACK
6
CONTINUOUS
10
2.1087981889763778
20
0.5803070472440944
11
2.1088396456692915
21
0.5797191338582677
0
LINE
8
BLACK
6
CONTINUOUS
10
2.1088396456692915
20
0.5797191338582677
11
2.108886338582677
21
0.579590905511811
0
LINE
8
BLACK
6
CONTINUOUS
10
2.108886338582677
20
0.579590905511811
11
2.108886338582677
21
0.5739666141732284
0
LINE
8
BLACK
6
CONTINUOUS
10
2.108886338582677
20
0.5739666141732284
11
2.1087839763779526
21
0.5733862204724409
0
LINE
8
BLACK
6
CONTINUOUS
10
2.1087839763779526
20
0.5733862204724409
11
2.1087981889763778
21
0.5732504724409448
0
LINE
8
BLACK
6
CONTINUOUS
10
2.1087981889763778
20
0.5732504724409448
11
2.1069234251968503
21
0.5657514173228346
0
LINE
8
BLACK
6
CONTINUOUS
10
2.1069234251968503
20
0.5657514173228346
11
2.1067158267716537
21
0.5652859448818898
0
LINE
8
BLACK
6
CONTINUOUS
10
2.1067158267716537
20
0.5652859448818898
11
2.106699842519685
21
0.5651470472440945
0
LINE
8
BLACK
6
CONTINUOUS
10
2.106699842519685
20
0.5651470472440945
11
2.1048250787401575
21
0.5613975196850394
0
LINE
8
BLACK
6
CONTINUOUS
10
2.1048250787401575
20
0.5613975196850394
11
2.1042991338582677
21
0.5606884251968504
0
LINE
8
BLACK
6
CONTINUOUS
10
2.1042991338582677
20
0.5606884251968504
11
2.1042719685039368
21
0.5606301181102362
0
LINE
8
BLACK
6
CONTINUOUS
10
2.1042719685039368
20
0.5606301181102362
11
2.1005224409448817
21
0.5568805905511811
0
LINE
8
BLACK
6
CONTINUOUS
10
2.1005224409448817
20
0.5568805905511811
11
2.0996824015748032
21
0.5562924015748031
0
LINE
8
BLACK
6
CONTINUOUS
10
2.0996824015748032
20
0.5562924015748031
11
2.0995065748031494
21
0.5562770078740157
0
LINE
8
BLACK
6
CONTINUOUS
10
2.0995065748031494
20
0.5562770078740157
11
2.099368307086614
21
0.5561672834645669
0
LINE
8
BLACK
6
CONTINUOUS
10
2.099368307086614
20
0.5561672834645669
11
2.0937440157480314
21
0.5542924803149606
0
LINE
8
BLACK
6
CONTINUOUS
10
2.0937440157480314
20
0.5542924803149606
11
2.0928707480314959
21
0.5541629527559055
0
LINE
8
BLACK
6
CONTINUOUS
10
2.0928707480314959
20
0.5541629527559055
11
2.0928102362204726
21
0.5541409448818897
0
LINE
8
BLACK
6
CONTINUOUS
10
2.0928102362204726
20
0.5541409448818897
11
2.0890607086614175
21
0.5541409448818897
0
LINE
8
BLACK
6
CONTINUOUS
10
2.0890607086614175
20
0.5541409448818897
11
2.0881912992125984
21
0.5542942125984252
0
LINE
8
BLACK
6
CONTINUOUS
10
2.0881912992125984
20
0.5542942125984252
11
2.088126968503937
21
0.5542924803149606
0
LINE
8
BLACK
6
CONTINUOUS
10
2.088126968503937
20
0.5542924803149606
11
2.0825026377952756
21
0.5561672834645669
0
LINE
8
BLACK
6
CONTINUOUS
10
2.0825026377952756
20
0.5561672834645669
11
2.0816008661417325
21
0.5566555905511811
0
LINE
8
BLACK
6
CONTINUOUS
10
2.0816008661417325
20
0.5566555905511811
11
2.0815084251968505
21
0.5568059842519685
0
LINE
8
BLACK
6
CONTINUOUS
10
2.0815084251968505
20
0.5568059842519685
11
2.0813485039370079
21
0.5568805905511811
0
LINE
8
BLACK
6
CONTINUOUS
10
2.0813485039370079
20
0.5568805905511811
11
2.0794737401574803
21
0.5587553543307087
0
LINE
8
BLACK
6
CONTINUOUS
10
2.0794737401574803
20
0.5587553543307087
11
2.0788855511811022
21
0.5595953937007874
0
LINE
8
BLACK
6
CONTINUOUS
10
2.0788855511811022
20
0.5595953937007874
11
2.0787094881889763
21
0.5616074803149607
0
LINE
8
BLACK
6
CONTINUOUS
10
2.0787094881889763
20
0.5616074803149607
11
2.0798680314960629
21
0.5632620472440945
0
LINE
8
BLACK
6
CONTINUOUS
10
2.0798680314960629
20
0.5632620472440945
11
2.0818189763779529
21
0.5637847637795276
0
LINE
8
BLACK
6
CONTINUOUS
10
2.0818189763779529
20
0.5637847637795276
11
2.0836495669291337
21
0.5629311811023622
0
LINE
8
BLACK
6
CONTINUOUS
10
2.0836495669291337
20
0.5629311811023622
11
2.0850314173228348
21
0.5615492913385827
0
LINE
8
BLACK
6
CONTINUOUS
10
2.0850314173228348
20
0.5615492913385827
11
2.0895398818897637
21
0.5600464566929134
0
LINE
8
BLACK
6
CONTINUOUS
10
2.0895398818897637
20
0.5600464566929134
11
2.0923310629921259
21
0.5600464566929134
0
LINE
8
BLACK
6
CONTINUOUS
10
2.0923310629921259
20
0.5600464566929134
11
2.0968394488188977
21
0.5615492519685039
0
LINE
8
BLACK
6
CONTINUOUS
10
2.0968394488188977
20
0.5615492519685039
11
2.0997573228346456
21
0.564467125984252
0
LINE
8
BLACK
6
CONTINUOUS
10
2.0997573228346456
20
0.564467125984252
11
2.1012727952755905
21
0.5674981102362204
0
LINE
8
BLACK
6
CONTINUOUS
10
2.1012727952755905
20
0.5674981102362204
11
2.1029808267716534
21
0.5743301574803149
0
LINE
8
BLACK
6
CONTINUOUS
10
2.1029808267716534
20
0.5743301574803149
11
2.1029808267716534
21
0.5792273622047244
0
LINE
8
BLACK
6
CONTINUOUS
10
2.1029808267716534
20
0.5792273622047244
11
2.1012727952755905
21
0.5860594094488188
0
LINE
8
BLACK
6
CONTINUOUS
10
2.1012727952755905
20
0.5860594094488188
11
2.0997573228346456
21
0.5890903937007874
0
LINE
8
BLACK
6
CONTINUOUS
10
2.0997573228346456
20
0.5890903937007874
11
2.0968394881889765
21
0.592008188976378
0
LINE
8
BLACK
6
CONTINUOUS
10
2.0968394881889765
20
0.592008188976378
11
2.0923311023622047
21
0.5935110236220472
0
LINE
8
BLACK
6
CONTINUOUS
10
2.0923311023622047
20
0.5935110236220472
11
2.0895398425196849
21
0.5935110236220472
0
LINE
8
BLACK
6
CONTINUOUS
10
2.0895398425196849
20
0.5935110236220472
11
2.0850314566929131
21
0.5920082283464567
0
LINE
8
BLACK
6
CONTINUOUS
10
2.0850314566929131
20
0.5920082283464567
11
2.0836495669291337
21
0.5906263385826771
0
LINE
8
BLACK
6
CONTINUOUS
10
2.0836495669291337
20
0.5906263385826771
11
2.0828095275590552
21
0.5900381496062992
0
LINE
8
BLACK
6
CONTINUOUS
10
2.0828095275590552
20
0.5900381496062992
11
2.0807974409448819
21
0.5898620866141732
0
LINE
8
BLACK
6
CONTINUOUS
10
2.0807974409448819
20
0.5898620866141732
11
2.0791428740157478
21
0.5910206299212598
0
LINE
8
BLACK
6
CONTINUOUS
10
2.0791428740157478
20
0.5910206299212598
11
2.0786201574803149
21
0.5929715748031495
0
LINE
8
BLACK
6
CONTINUOUS
10
2.0786201574803149
20
0.5929715748031495
11
2.0794737401574803
21
0.5948021653543307
0
LINE
8
BLACK
6
CONTINUOUS
10
2.0794737401574803
20
0.5948021653543307
11
2.0813485039370079
21
0.5966769291338583
0
LINE
8
BLACK
6
CONTINUOUS
10
2.0813485039370079
20
0.5966769291338583
11
2.0821885433070864
21
0.5972651181102362
0
LINE
8
BLACK
6
CONTINUOUS
10
2.0821885433070864
20
0.5972651181102362
11
2.0823643700787402
21
0.5972804724409448
0
LINE
8
BLACK
6
CONTINUOUS
10
2.0823643700787402
20
0.5972804724409448
11
2.0825026771653543
21
0.5973902362204724
0
LINE
8
BLACK
6
CONTINUOUS
10
2.0825026771653543
20
0.5973902362204724
11
2.0881269291338582
21
0.5992649999999999
0
LINE
8
BLACK
6
CONTINUOUS
10
2.0881269291338582
20
0.5992649999999999
11
2.089000157480315
21
0.5993944881889763
0
LINE
8
BLACK
6
CONTINUOUS
10
2.089000157480315
20
0.5993944881889763
11
2.0890607086614175
21
0.5994165354330708
0
LINE
8
BLACK
6
CONTINUOUS
10
2.0890607086614175
20
0.5994165354330708
11
2.0928102362204726
21
0.5994165354330708
0
LINE
8
BLACK
6
CONTINUOUS
10
2.0928102362204726
20
0.5994165354330708
11
2.0936796062992125
21
0.5992632283464567
0
LINE
8
BLACK
6
CONTINUOUS
10
1.4603619291338583
20
0.9193979921259843
11
1.4610527559055118
21
0.9175
0
LINE
8
BLACK
6
CONTINUOUS
10
1.4610527559055118
20
0.9175
11
1.4610527559055118
21
0.6813
0
LINE
8
BLACK
6
CONTINUOUS
10
1.4610527559055118
20
0.6813
11
1.4608746850393701
21
0.6802900787401575
0
LINE
8
BLACK
6
CONTINUOUS
10
1.4608746850393701
20
0.6802900787401575
11
1.459576377952756
21
0.6787428346456693
0
LINE
8
BLACK
6
CONTINUOUS
10
1.459576377952756
20
0.6787428346456693
11
1.4575872440944881
21
0.6783920866141732
0
LINE
8
BLACK
6
CONTINUOUS
10
1.4575872440944881
20
0.6783920866141732
11
1.4558380708661418
21
0.6794020078740157
0
LINE
8
BLACK
6
CONTINUOUS
10
1.4558380708661418
20
0.6794020078740157
11
1.4551472440944881
21
0.6813
0
LINE
8
BLACK
6
CONTINUOUS
10
1.4551472440944881
20
0.6813
11
1.4551472440944881
21
0.9175
0
LINE
8
BLACK
6
CONTINUOUS
10
1.4551472440944881
20
0.9175
11
1.4553253149606298
21
0.9185099212598425
0
LINE
8
BLACK
6
CONTINUOUS
10
1.4553253149606298
20
0.9185099212598425
11
1.4566236220472442
21
0.9200571653543307
0
LINE
8
BLACK
6
CONTINUOUS
10
1.4566236220472442
20
0.9200571653543307
11
1.4586127559055118
21
0.9204079133858267
0
LINE
8
BLACK
6
CONTINUOUS
10
1.4586127559055118
20
0.9204079133858267
11
1.4603619291338583
21
0.9193979921259843
0
LINE
8
BLACK
6
CONTINUOUS
10
1.5941619291338582
20
0.9193979921259843
11
1.5948527559055117
21
0.9175
0
LINE
8
BLACK
6
CONTINUOUS
10
1.5948527559055117
20
0.9175
11
1.5948527559055117
21
0.6813
0
LINE
8
BLACK
6
CONTINUOUS
10
1.5948527559055117
20
0.6813
11
1.59467468503937
21
0.6802900787401575
0
LINE
8
BLACK
6
CONTINUOUS
10
1.59467468503937
20
0.6802900787401575
11
1.5933763779527559
21
0.6787428346456693
0
LINE
8
BLACK
6
CONTINUOUS
10
1.5933763779527559
20
0.6787428346456693
11
1.5913872440944881
21
0.6783920866141732
0
LINE
8
BLACK
6
CONTINUOUS
10
1.5913872440944881
20
0.6783920866141732
11
1.5896380708661417
21
0.6794020078740157
0
LINE
8
BLACK
6
CONTINUOUS
10
1.5896380708661417
20
0.6794020078740157
11
1.5889472440944881
21
0.6813
0
LINE
8
BLACK
6
CONTINUOUS
10
1.5889472440944881
20
0.6813
11
1.5889472440944881
21
0.9175
0
LINE
8
BLACK
6
CONTINUOUS
10
1.5889472440944881
20
0.9175
11
1.5891253149606299
21
0.9185099212598425
0
LINE
8
BLACK
6
CONTINUOUS
10
1.5891253149606299
20
0.9185099212598425
11
1.5904236220472441
21
0.9200571653543307
0
LINE
8
BLACK
6
CONTINUOUS
10
1.5904236220472441
20
0.9200571653543307
11
1.5924127559055117
21
0.9204079133858267
0
LINE
8
BLACK
6
CONTINUOUS
10
1.5924127559055117
20
0.9204079133858267
11
1.5941619291338582
21
0.9193979921259843
0
LINE
8
BLACK
6
CONTINUOUS
10
1.8658435433070866
20
0.7954203937007874
11
1.8665354330708661
21
0.7937500787401575
0
LINE
8
BLACK
6
CONTINUOUS
10
1.8665354330708661
20
0.7937500787401575
11
1.8665354330708661
21
0.7062499212598425
0
LINE
8
BLACK
6
CONTINUOUS
10
1.8665354330708661
20
0.7062499212598425
11
1.8658435433070866
21
0.7045796062992126
0
LINE
8
BLACK
6
CONTINUOUS
10
1.8658435433070866
20
0.7045796062992126
11
1.8641732283464567
21
0.703887716535433
0
LINE
8
BLACK
6
CONTINUOUS
10
1.8641732283464567
20
0.703887716535433
11
1.8625029133858266
21
0.7045796062992126
0
LINE
8
BLACK
6
CONTINUOUS
10
1.8625029133858266
20
0.7045796062992126
11
1.8618110236220473
21
0.7062499212598425
0
LINE
8
BLACK
6
CONTINUOUS
10
1.8618110236220473
20
0.7062499212598425
11
1.8618110236220473
21
0.7937500787401575
0
LINE
8
BLACK
6
CONTINUOUS
10
1.8618110236220473
20
0.7937500787401575
11
1.8625029133858266
21
0.7954203937007874
0
LINE
8
BLACK
6
CONTINUOUS
10
1.8625029133858266
20
0.7954203937007874
11
1.8641732283464567
21
0.7961122834645669
0
LINE
8
BLACK
6
CONTINUOUS
10
1.8641732283464567
20
0.7961122834645669
11
1.8658435433070866
21
0.7954203937007874
0
LINE
8
BLACK
6
CONTINUOUS
10
1.9374970866141732
20
0.7954203937007874
11
1.9381889763779527
21
0.7937500787401575
0
LINE
8
BLACK
6
CONTINUOUS
10
1.9381889763779527
20
0.7937500787401575
11
1.9381889763779527
21
0.7062499212598425
0
LINE
8
BLACK
6
CONTINUOUS
10
1.9381889763779527
20
0.7062499212598425
11
1.9374970866141732
21
0.7045796062992126
0
LINE
8
BLACK
6
CONTINUOUS
10
1.9374970866141732
20
0.7045796062992126
11
1.9358267716535433
21
0.703887716535433
0
LINE
8
BLACK
6
CONTINUOUS
10
1.9358267716535433
20
0.703887716535433
11
1.9341564566929133
21
0.7045796062992126
0
LINE
8
BLACK
6
CONTINUOUS
10
1.9341564566929133
20
0.7045796062992126
11
1.9334645669291337
21
0.7062499212598425
0
LINE
8
BLACK
6
CONTINUOUS
10
1.9334645669291337
20
0.7062499212598425
11
1.9334645669291337
21
0.7937500787401575
0
LINE
8
BLACK
6
CONTINUOUS
10
1.9334645669291337
20
0.7937500787401575
11
1.9341564566929133
21
0.7954203937007874
0
LINE
8
BLACK
6
CONTINUOUS
10
1.9341564566929133
20
0.7954203937007874
11
1.9358267716535433
21
0.7961122834645669
0
LINE
8
BLACK
6
CONTINUOUS
10
1.9358267716535433
20
0.7961122834645669
11
1.9374970866141732
21
0.7954203937007874
0
LINE
8
BLACK
6
CONTINUOUS
10
1.8915438582677164
20
0.7439350787401575
11
1.8926566929133857
21
0.7422495275590552
0
LINE
8
BLACK
6
CONTINUOUS
10
1.8926566929133857
20
0.7422495275590552
11
1.8924257874015749
21
0.7402429921259842
0
LINE
8
BLACK
6
CONTINUOUS
10
1.8924257874015749
20
0.7402429921259842
11
1.8905510236220473
21
0.7364934645669291
0
LINE
8
BLACK
6
CONTINUOUS
10
1.8905510236220473
20
0.7364934645669291
11
1.8900250787401573
21
0.7357843700787401
0
LINE
8
BLACK
6
CONTINUOUS
10
1.8900250787401573
20
0.7357843700787401
11
1.8899979133858267
21
0.735726062992126
0
LINE
8
BLACK
6
CONTINUOUS
10
1.8899979133858267
20
0.735726062992126
11
1.8875395275590552
21
0.7332676771653543
0
LINE
8
BLACK
6
CONTINUOUS
10
1.8875395275590552
20
0.7332676771653543
11
1.9149535039370078
21
0.7332676771653543
0
LINE
8
BLACK
6
CONTINUOUS
10
1.9149535039370078
20
0.7332676771653543
11
1.9149535039370078
21
0.7415635039370079
0
LINE
8
BLACK
6
CONTINUOUS
10
1.9149535039370078
20
0.7415635039370079
11
1.9151315748031497
21
0.7425734251968503
0
LINE
8
BLACK
6
CONTINUOUS
10
1.9151315748031497
20
0.7425734251968503
11
1.9164298818897638
21
0.7441206692913386
0
LINE
8
BLACK
6
CONTINUOUS
10
1.9164298818897638
20
0.7441206692913386
11
1.9184190157480314
21
0.7444714173228346
0
LINE
8
BLACK
6
CONTINUOUS
10
1.9184190157480314
20
0.7444714173228346
11
1.920168188976378
21
0.7434614960629921
0
LINE
8
BLACK
6
CONTINUOUS
10
1.920168188976378
20
0.7434614960629921
11
1.9208590157480314
21
0.7415635039370079
0
LINE
8
BLACK
6
CONTINUOUS
10
1.9208590157480314
20
0.7415635039370079
11
1.9208590157480314
21
0.7190663385826771
0
LINE
8
BLACK
6
CONTINUOUS
10
1.9208590157480314
20
0.7190663385826771
11
1.9206809448818898
21
0.7180564173228347
0
LINE
8
BLACK
6
CONTINUOUS
10
1.9206809448818898
20
0.7180564173228347
11
1.9193826377952756
21
0.7165091732283464
0
LINE
8
BLACK
6
CONTINUOUS
10
1.9193826377952756
20
0.7165091732283464
11
1.9173935039370078
21
0.7161584251968504
0
LINE
8
BLACK
6
CONTINUOUS
10
1.9173935039370078
20
0.7161584251968504
11
1.9156443307086615
21
0.7171683464566929
0
LINE
8
BLACK
6
CONTINUOUS
10
1.9156443307086615
20
0.7171683464566929
11
1.9149535039370078
21
0.7190663385826771
0
LINE
8
BLACK
6
CONTINUOUS
10
1.9149535039370078
20
0.7190663385826771
11
1.9149535039370078
21
0.7273621653543307
0
LINE
8
BLACK
6
CONTINUOUS
10
1.9149535039370078
20
0.7273621653543307
11
1.8785361811023622
21
0.7273621653543307
0
LINE
8
BLACK
6
CONTINUOUS
10
1.8785361811023622
20
0.7273621653543307
11
1.8775262598425198
21
0.7275402362204724
0
LINE
8
BLACK
6
CONTINUOUS
10
1.8775262598425198
20
0.7275402362204724
11
1.8773961811023621
21
0.7276493307086614
0
LINE
8
BLACK
6
CONTINUOUS
10
1.8773961811023621
20
0.7276493307086614
11
1.8772274409448819
21
0.727668031496063
0
LINE
8
BLACK
6
CONTINUOUS
10
1.8772274409448819
20
0.727668031496063
11
1.8766355118110236
21
0.7282876377952756
0
LINE
8
BLACK
6
CONTINUOUS
10
1.8766355118110236
20
0.7282876377952756
11
1.8759790157480314
21
0.7288385433070866
0
LINE
8
BLACK
6
CONTINUOUS
10
1.8759790157480314
20
0.7288385433070866
11
1.875949527559055
21
0.7290057480314961
0
LINE
8
BLACK
6
CONTINUOUS
10
1.875949527559055
20
0.7290057480314961
11
1.8758322440944881
21
0.7291285433070867
0
LINE
8
BLACK
6
CONTINUOUS
10
1.8758322440944881
20
0.7291285433070867
11
1.8757770866141732
21
0.7299836614173228
0
LINE
8
BLACK
6
CONTINUOUS
10
1.8757770866141732
20
0.7299836614173228
11
1.8756282677165355
21
0.7308276771653544
0
LINE
8
BLACK
6
CONTINUOUS
10
1.8756282677165355
20
0.7308276771653544
11
1.8757131496062991
21
0.7309747244094488
0
LINE
8
BLACK
6
CONTINUOUS
10
1.8757131496062991
20
0.7309747244094488
11
1.8757022440944882
21
0.7311441338582677
0
LINE
8
BLACK
6
CONTINUOUS
10
1.8757022440944882
20
0.7311441338582677
11
1.8762096850393701
21
0.7318347244094489
0
LINE
8
BLACK
6
CONTINUOUS
10
1.8762096850393701
20
0.7318347244094489
11
1.8766381889763779
21
0.7325768503937008
0
LINE
8
BLACK
6
CONTINUOUS
10
1.8766381889763779
20
0.7325768503937008
11
1.8767976771653543
21
0.7326348818897638
0
LINE
8
BLACK
6
CONTINUOUS
10
1.8767976771653543
20
0.7326348818897638
11
1.8768982677165353
21
0.7327717716535432
0
LINE
8
BLACK
6
CONTINUOUS
10
1.8768982677165353
20
0.7327717716535432
11
1.8822792913385826
21
0.7363590944881889
0
LINE
8
BLACK
6
CONTINUOUS
10
1.8822792913385826
20
0.7363590944881889
11
1.8854832677165354
21
0.7395630708661417
0
LINE
8
BLACK
6
CONTINUOUS
10
1.8854832677165354
20
0.7395630708661417
11
1.8871437401574802
21
0.7428840157480315
0
LINE
8
BLACK
6
CONTINUOUS
10
1.8871437401574802
20
0.7428840157480315
11
1.8877546456692913
21
0.7437076771653544
0
LINE
8
BLACK
6
CONTINUOUS
10
1.8877546456692913
20
0.7437076771653544
11
1.8896078346456693
21
0.7445109448818897
0
LINE
8
BLACK
6
CONTINUOUS
10
1.8896078346456693
20
0.7445109448818897
11
1.8915438582677164
21
0.7439350787401575
0
LINE
8
BLACK
6
CONTINUOUS
10
1.3829283858267716
20
0.7945961023622047
11
1.3851245275590551
21
0.7923999606299212
0
LINE
8
BLACK
6
CONTINUOUS
10
1.3851245275590551
20
0.7923999606299212
11
1.3859283858267717
21
0.7893999606299212
0
LINE
8
BLACK
6
CONTINUOUS
10
1.3859283858267717
20
0.7893999606299212
11
1.3859283858267717
21
0.7654797244094488
0
LINE
8
BLACK
6
CONTINUOUS
10
1.3859283858267717
20
0.7654797244094488
11
1.3988344881889763
21
0.7767725984251969
0
LINE
8
BLACK
6
CONTINUOUS
10
1.3988344881889763
20
0.7767725984251969
11
1.3993664173228346
21
0.7770341732283464
0
LINE
8
BLACK
6
CONTINUOUS
10
1.3993664173228346
20
0.7770341732283464
11
1.3997855118110236
21
0.7774532677165354
0
LINE
8
BLACK
6
CONTINUOUS
10
1.3997855118110236
20
0.7774532677165354
11
1.4007372440944881
21
0.7777082677165355
0
LINE
8
BLACK
6
CONTINUOUS
10
1.4007372440944881
20
0.7777082677165355
11
1.4016215748031495
21
0.7781431496062992
0
LINE
8
BLACK
6
CONTINUOUS
10
1.4016215748031495
20
0.7781431496062992
11
1.4022129921259843
21
0.7781037007874015
0
LINE
8
BLACK
6
CONTINUOUS
10
1.4022129921259843
20
0.7781037007874015
11
1.4027855118110235
21
0.7782571259842519
0
LINE
8
BLACK
6
CONTINUOUS
10
1.4027855118110235
20
0.7782571259842519
11
1.4037372834645669
21
0.7780020866141732
0
LINE
8
BLACK
6
CONTINUOUS
10
1.4037372834645669
20
0.7780020866141732
11
1.4047205118110235
21
0.7779365354330708
0
LINE
8
BLACK
6
CONTINUOUS
10
1.4047205118110235
20
0.7779365354330708
11
1.4052129527559054
21
0.777606653543307
0
LINE
8
BLACK
6
CONTINUOUS
10
1.4052129527559054
20
0.777606653543307
11
1.4057855118110236
21
0.7774532677165354
0
LINE
8
BLACK
6
CONTINUOUS
10
1.4057855118110236
20
0.7774532677165354
11
1.4064822047244094
21
0.7767565354330709
0
LINE
8
BLACK
6
CONTINUOUS
10
1.4064822047244094
20
0.7767565354330709
11
1.4073009842519684
21
0.7762081496062992
0
LINE
8
BLACK
6
CONTINUOUS
10
1.4073009842519684
20
0.7762081496062992
11
1.4075625590551182
21
0.7756761811023621
0
LINE
8
BLACK
6
CONTINUOUS
10
1.4075625590551182
20
0.7756761811023621
11
1.407981653543307
21
0.775257125984252
0
LINE
8
BLACK
6
CONTINUOUS
10
1.407981653543307
20
0.775257125984252
11
1.4082366535433071
21
0.7743053937007874
0
LINE
8
BLACK
6
CONTINUOUS
10
1.4082366535433071
20
0.7743053937007874
11
1.4086715354330708
21
0.7734211023622047
0
LINE
8
BLACK
6
CONTINUOUS
10
1.4086715354330708
20
0.7734211023622047
11
1.4086320866141733
21
0.7728296456692914
0
LINE
8
BLACK
6
CONTINUOUS
10
1.4086320866141733
20
0.7728296456692914
11
1.4087855118110235
21
0.772257125984252
0
LINE
8
BLACK
6
CONTINUOUS
10
1.4087855118110235
20
0.772257125984252
11
1.4087855118110235
21
0.7651020472440945
0
LINE
8
BLACK
6
CONTINUOUS
10
1.4087855118110235
20
0.7651020472440945
11
1.4105737401574803
21
0.7615255511811023
0
LINE
8
BLACK
6
CONTINUOUS
10
1.4105737401574803
20
0.7615255511811023
11
1.412053937007874
21
0.7600453543307086
0
LINE
8
BLACK
6
CONTINUOUS
10
1.412053937007874
20
0.7600453543307086
11
1.4156305118110235
21
0.758257125984252
0
LINE
8
BLACK
6
CONTINUOUS
10
1.4156305118110235
20
0.758257125984252
11
1.4270833858267715
21
0.758257125984252
0
LINE
8
BLACK
6
CONTINUOUS
10
1.4270833858267715
20
0.758257125984252
11
1.4306599606299213
21
0.7600453937007874
0
LINE
8
BLACK
6
CONTINUOUS
10
1.4306599606299213
20
0.7600453937007874
11
1.4321400787401575
21
0.7615255118110236
0
LINE
8
BLACK
6
CONTINUOUS
10
1.4321400787401575
20
0.7615255118110236
11
1.4339283858267715
21
0.7651020866141732
0
LINE
8
BLACK
6
CONTINUOUS
10
1.4339283858267715
20
0.7651020866141732
11
1.4339283858267715
21
0.7794121259842519
0
LINE
8
BLACK
6
CONTINUOUS
10
1.4339283858267715
20
0.7794121259842519
11
1.4321401181102362
21
0.7829886614173228
0
LINE
8
BLACK
6
CONTINUOUS
10
1.4321401181102362
20
0.7829886614173228
11
1.4299714960629921
21
0.7851572834645669
0
LINE
8
BLACK
6
CONTINUOUS
10
1.4299714960629921
20
0.7851572834645669
11
1.4284185433070866
21
0.7878470078740157
0
LINE
8
BLACK
6
CONTINUOUS
10
1.4284185433070866
20
0.7878470078740157
11
1.4284185433070866
21
0.7909528346456692
0
LINE
8
BLACK
6
CONTINUOUS
10
1.4284185433070866
20
0.7909528346456692
11
1.4299714173228346
21
0.793642559055118
0
LINE
8
BLACK
6
CONTINUOUS
10
1.4299714173228346
20
0.793642559055118
11
1.4326611417322834
21
0.7951955118110237
0
LINE
8
BLACK
6
CONTINUOUS
10
1.4326611417322834
20
0.7951955118110237
11
1.4357669685039369
21
0.7951955118110237
0
LINE
8
BLACK
6
CONTINUOUS
10
1.4357669685039369
20
0.7951955118110237
11
1.4384566929133857
21
0.7936426377952756
0
LINE
8
BLACK
6
CONTINUOUS
10
1.4384566929133857
20
0.7936426377952756
11
1.4413138976377953
21
0.7907855118110236
0
LINE
8
BLACK
6
CONTINUOUS
10
1.4413138976377953
20
0.7907855118110236
11
1.4417969291338582
21
0.789948779527559
0
LINE
8
BLACK
6
CONTINUOUS
10
1.4417969291338582
20
0.789948779527559
11
1.4424378346456692
21
0.7892261023622047
0
LINE
8
BLACK
6
CONTINUOUS
10
1.4424378346456692
20
0.7892261023622047
11
1.4452949606299212
21
0.783511811023622
0
LINE
8
BLACK
6
CONTINUOUS
10
1.4452949606299212
20
0.783511811023622
11
1.4455714173228347
21
0.7821606299212598
0
LINE
8
BLACK
6
CONTINUOUS
10
1.4455714173228347
20
0.7821606299212598
11
1.4459283858267715
21
0.7808285433070866
0
LINE
8
BLACK
6
CONTINUOUS
10
1.4459283858267715
20
0.7808285433070866
11
1.4459283858267715
21
0.7636856692913385
0
LINE
8
BLACK
6
CONTINUOUS
10
1.4459283858267715
20
0.7636856692913385
11
1.4455714566929134
21
0.7623536220472441
0
LINE
8
BLACK
6
CONTINUOUS
10
1.4455714566929134
20
0.7623536220472441
11
1.4452949606299212
21
0.7610024015748031
0
LINE
8
BLACK
6
CONTINUOUS
10
1.4452949606299212
20
0.7610024015748031
11
1.4424378346456692
21
0.7552881496062992
0
LINE
8
BLACK
6
CONTINUOUS
10
1.4424378346456692
20
0.7552881496062992
11
1.4417968897637794
21
0.7545653543307086
0
LINE
8
BLACK
6
CONTINUOUS
10
1.4417968897637794
20
0.7545653543307086
11
1.4413138976377953
21
0.753728779527559
0
LINE
8
BLACK
6
CONTINUOUS
10
1.4413138976377953
20
0.753728779527559
11
1.4384567322834645
21
0.7508716141732283
0
LINE
8
BLACK
6
CONTINUOUS
10
1.4384567322834645
20
0.7508716141732283
11
1.4376201574803149
21
0.7503886220472441
0
LINE
8
BLACK
6
CONTINUOUS
10
1.4376201574803149
20
0.7503886220472441
11
1.4368973622047243
21
0.7497476771653543
0
LINE
8
BLACK
6
CONTINUOUS
10
1.4368973622047243
20
0.7497476771653543
11
1.4311830708661417
21
0.7468905511811024
0
LINE
8
BLACK
6
CONTINUOUS
10
1.4311830708661417
20
0.7468905511811024
11
1.4298318897637794
21
0.7466140551181102
0
LINE
8
BLACK
6
CONTINUOUS
10
1.4298318897637794
20
0.7466140551181102
11
1.4284998031496063
21
0.746257125984252
0
LINE
8
BLACK
6
CONTINUOUS
10
1.4284998031496063
20
0.746257125984252
11
1.4142140944881889
21
0.746257125984252
0
LINE
8
BLACK
6
CONTINUOUS
10
1.4142140944881889
20
0.746257125984252
11
1.4128819685039369
21
0.7466140551181102
0
LINE
8
BLACK
6
CONTINUOUS
10
1.4128819685039369
20
0.7466140551181102
11
1.4115308267716535
21
0.7468905511811024
0
LINE
8
BLACK
6
CONTINUOUS
10
1.4115308267716535
20
0.7468905511811024
11
1.4058165354330707
21
0.7497476771653543
0
LINE
8
BLACK
6
CONTINUOUS
10
1.4058165354330707
20
0.7497476771653543
11
1.4050938188976378
21
0.7503885433070866
0
LINE
8
BLACK
6
CONTINUOUS
10
1.4050938188976378
20
0.7503885433070866
11
1.404257125984252
21
0.7508716141732283
0
LINE
8
BLACK
6
CONTINUOUS
10
1.404257125984252
20
0.7508716141732283
11
1.4014
21
0.7537288188976378
0
LINE
8
BLACK
6
CONTINUOUS
10
1.4014
20
0.7537288188976378
11
1.4009170078740156
21
0.7545653937007873
0
LINE
8
BLACK
6
CONTINUOUS
10
1.4009170078740156
20
0.7545653937007873
11
1.4002761417322835
21
0.7552881102362204
0
LINE
8
BLACK
6
CONTINUOUS
10
1.4002761417322835
20
0.7552881102362204
11
1.3979106299212598
21
0.7600190157480314
0
LINE
8
BLACK
6
CONTINUOUS
10
1.3979106299212598
20
0.7600190157480314
11
1.3838794094488189
21
0.747741653543307
0
LINE
8
BLACK
6
CONTINUOUS
10
1.3838794094488189
20
0.747741653543307
11
1.3833474409448818
21
0.7474800393700787
0
LINE
8
BLACK
6
CONTINUOUS
10
1.3833474409448818
20
0.7474800393700787
11
1.3829283858267716
21
0.7470609842519685
0
LINE
8
BLACK
6
CONTINUOUS
10
1.3829283858267716
20
0.7470609842519685
11
1.3819766141732284
21
0.7468059448818898
0
LINE
8
BLACK
6
CONTINUOUS
10
1.3819766141732284
20
0.7468059448818898
11
1.3810923228346457
21
0.7463711023622047
0
LINE
8
BLACK
6
CONTINUOUS
10
1.3810923228346457
20
0.7463711023622047
11
1.3805008661417322
21
0.7464105118110236
0
LINE
8
BLACK
6
CONTINUOUS
10
1.3805008661417322
20
0.7464105118110236
11
1.3799283858267717
21
0.746257125984252
0
LINE
8
BLACK
6
CONTINUOUS
10
1.3799283858267717
20
0.746257125984252
11
1.3789765354330707
21
0.7465121653543307
0
LINE
8
BLACK
6
CONTINUOUS
10
1.3789765354330707
20
0.7465121653543307
11
1.3779934251968504
21
0.746577716535433
0
LINE
8
BLACK
6
CONTINUOUS
10
1.3779934251968504
20
0.746577716535433
11
1.3775009448818898
21
0.7469075590551181
0
LINE
8
BLACK
6
CONTINUOUS
10
1.3775009448818898
20
0.7469075590551181
11
1.3769283858267716
21
0.7470609842519685
0
LINE
8
BLACK
6
CONTINUOUS
10
1.3769283858267716
20
0.7470609842519685
11
1.3762316141732283
21
0.7477577165354331
0
LINE
8
BLACK
6
CONTINUOUS
10
1.3762316141732283
20
0.7477577165354331
11
1.3754129133858268
21
0.7483061023622047
0
LINE
8
BLACK
6
CONTINUOUS
10
1.3754129133858268
20
0.7483061023622047
11
1.3751512992125985
21
0.748838031496063
0
LINE
8
BLACK
6
CONTINUOUS
10
1.3751512992125985
20
0.748838031496063
11
1.3747322440944882
21
0.749257125984252
0
LINE
8
BLACK
6
CONTINUOUS
10
1.3747322440944882
20
0.749257125984252
11
1.3744772047244094
21
0.7502088582677165
0
LINE
8
BLACK
6
CONTINUOUS
10
1.3744772047244094
20
0.7502088582677165
11
1.3740423622047244
21
0.7510931889763779
0
LINE
8
BLACK
6
CONTINUOUS
10
1.3740423622047244
20
0.7510931889763779
11
1.3740817716535432
21
0.7516846062992126
0
LINE
8
BLACK
6
CONTINUOUS
10
1.3740817716535432
20
0.7516846062992126
11
1.3739283858267717
21
0.752257125984252
0
LINE
8
BLACK
6
CONTINUOUS
10
1.3739283858267717
20
0.752257125984252
11
1.3739283858267717
21
0.7893999606299212
0
LINE
8
BLACK
6
CONTINUOUS
10
1.3739283858267717
20
0.7893999606299212
11
1.3747322440944882
21
0.7923999606299212
0
LINE
8
BLACK
6
CONTINUOUS
10
1.3747322440944882
20
0.7923999606299212
11
1.3769283858267716
21
0.7945961023622047
0
LINE
8
BLACK
6
CONTINUOUS
10
1.3769283858267716
20
0.7945961023622047
11
1.3799283858267717
21
0.7953999606299212
0
LINE
8
BLACK
6
CONTINUOUS
10
1.3799283858267717
20
0.7953999606299212
11
1.3829283858267716
21
0.7945961023622047
0
LINE
8
BLACK
6
CONTINUOUS
10
1.9016137007874014
20
0.7837839763779527
11
1.9017494881889763
21
0.783798188976378
0
LINE
8
BLACK
6
CONTINUOUS
10
1.9017494881889763
20
0.783798188976378
11
1.9092485433070865
21
0.7819234251968504
0
LINE
8
BLACK
6
CONTINUOUS
10
1.9092485433070865
20
0.7819234251968504
11
1.9097139763779527
21
0.7817158267716535
0
LINE
8
BLACK
6
CONTINUOUS
10
1.9097139763779527
20
0.7817158267716535
11
1.9098529133858266
21
0.7816998425196851
0
LINE
8
BLACK
6
CONTINUOUS
10
1.9098529133858266
20
0.7816998425196851
11
1.9136024409448817
21
0.7798250787401575
0
LINE
8
BLACK
6
CONTINUOUS
10
1.9136024409448817
20
0.7798250787401575
11
1.9143114960629921
21
0.7792991338582677
0
LINE
8
BLACK
6
CONTINUOUS
10
1.9143114960629921
20
0.7792991338582677
11
1.9143698425196849
21
0.779271968503937
0
LINE
8
BLACK
6
CONTINUOUS
10
1.9143698425196849
20
0.779271968503937
11
1.9181194094488188
21
0.7755224409448819
0
LINE
8
BLACK
6
CONTINUOUS
10
1.9181194094488188
20
0.7755224409448819
11
1.9187076377952756
21
0.7746824015748032
0
LINE
8
BLACK
6
CONTINUOUS
10
1.9187076377952756
20
0.7746824015748032
11
1.9187229921259843
21
0.7745064566929134
0
LINE
8
BLACK
6
CONTINUOUS
10
1.9187229921259843
20
0.7745064566929134
11
1.9188327165354331
21
0.7743682677165354
0
LINE
8
BLACK
6
CONTINUOUS
10
1.9188327165354331
20
0.7743682677165354
11
1.9207074803149606
21
0.7687440157480315
0
LINE
8
BLACK
6
CONTINUOUS
10
1.9207074803149606
20
0.7687440157480315
11
1.920836968503937
21
0.767870748031496
0
LINE
8
BLACK
6
CONTINUOUS
10
1.920836968503937
20
0.767870748031496
11
1.9208590157480314
21
0.7678102362204724
0
LINE
8
BLACK
6
CONTINUOUS
10
1.9208590157480314
20
0.7678102362204724
11
1.9208590157480314
21
0.7640607086614173
0
LINE
8
BLACK
6
CONTINUOUS
10
1.9208590157480314
20
0.7640607086614173
11
1.9207057086614172
21
0.7631912992125984
0
LINE
8
BLACK
6
CONTINUOUS
10
1.9207057086614172
20
0.7631912992125984
11
1.9207074803149606
21
0.7631269291338583
0
LINE
8
BLACK
6
CONTINUOUS
10
1.9207074803149606
20
0.7631269291338583
11
1.9188327165354331
21
0.7575026771653544
0
LINE
8
BLACK
6
CONTINUOUS
10
1.9188327165354331
20
0.7575026771653544
11
1.9183444094488189
21
0.756600905511811
0
LINE
8
BLACK
6
CONTINUOUS
10
1.9183444094488189
20
0.756600905511811
11
1.9181939763779527
21
0.7565084645669291
0
LINE
8
BLACK
6
CONTINUOUS
10
1.9181939763779527
20
0.7565084645669291
11
1.91811937007874
21
0.7563484645669292
0
LINE
8
BLACK
6
CONTINUOUS
10
1.91811937007874
20
0.7563484645669292
11
1.9162445669291339
21
0.7544737007874015
0
LINE
8
BLACK
6
CONTINUOUS
10
1.9162445669291339
20
0.7544737007874015
11
1.915404527559055
21
0.7538855118110236
0
LINE
8
BLACK
6
CONTINUOUS
10
1.915404527559055
20
0.7538855118110236
11
1.9133924409448819
21
0.7537095275590551
0
LINE
8
BLACK
6
CONTINUOUS
10
1.9133924409448819
20
0.7537095275590551
11
1.9117379133858268
21
0.754868031496063
0
LINE
8
BLACK
6
CONTINUOUS
10
1.9117379133858268
20
0.754868031496063
11
1.9112151968503936
21
0.7568190157480315
0
LINE
8
BLACK
6
CONTINUOUS
10
1.9112151968503936
20
0.7568190157480315
11
1.9120688188976378
21
0.7586496062992126
0
LINE
8
BLACK
6
CONTINUOUS
10
1.9120688188976378
20
0.7586496062992126
11
1.9134507086614172
21
0.7600314566929134
0
LINE
8
BLACK
6
CONTINUOUS
10
1.9134507086614172
20
0.7600314566929134
11
1.9149535039370078
21
0.764539842519685
0
LINE
8
BLACK
6
CONTINUOUS
10
1.9149535039370078
20
0.764539842519685
11
1.9149535039370078
21
0.7673311023622047
0
LINE
8
BLACK
6
CONTINUOUS
10
1.9149535039370078
20
0.7673311023622047
11
1.9134507086614172
21
0.7718394488188977
0
LINE
8
BLACK
6
CONTINUOUS
10
1.9134507086614172
20
0.7718394488188977
11
1.9105328346456691
21
0.774757283464567
0
LINE
8
BLACK
6
CONTINUOUS
10
1.9105328346456691
20
0.774757283464567
11
1.9075018503937007
21
0.7762727952755906
0
LINE
8
BLACK
6
CONTINUOUS
10
1.9075018503937007
20
0.7762727952755906
11
1.9006698031496063
21
0.7779808267716535
0
LINE
8
BLACK
6
CONTINUOUS
10
1.9006698031496063
20
0.7779808267716535
11
1.8957725984251967
21
0.7779808267716535
0
LINE
8
BLACK
6
CONTINUOUS
10
1.8957725984251967
20
0.7779808267716535
11
1.8889405511811024
21
0.7762727952755906
0
LINE
8
BLACK
6
CONTINUOUS
10
1.8889405511811024
20
0.7762727952755906
11
1.8859095669291339
21
0.7747573228346456
0
LINE
8
BLACK
6
CONTINUOUS
10
1.8859095669291339
20
0.7747573228346456
11
1.8829917322834646
21
0.7718394881889764
0
LINE
8
BLACK
6
CONTINUOUS
10
1.8829917322834646
20
0.7718394881889764
11
1.881488937007874
21
0.7673310629921259
0
LINE
8
BLACK
6
CONTINUOUS
10
1.881488937007874
20
0.7673310629921259
11
1.881488937007874
21
0.764539842519685
0
LINE
8
BLACK
6
CONTINUOUS
10
1.881488937007874
20
0.764539842519685
11
1.8829917322834646
21
0.7600314173228346
0
LINE
8
BLACK
6
CONTINUOUS
10
1.8829917322834646
20
0.7600314173228346
11
1.884373622047244
21
0.7586495669291339
0
LINE
8
BLACK
6
CONTINUOUS
10
1.884373622047244
20
0.7586495669291339
11
1.8849618110236219
21
0.7578095275590551
0
LINE
8
BLACK
6
CONTINUOUS
10
1.8849618110236219
20
0.7578095275590551
11
1.8851378346456693
21
0.7557974409448819
0
LINE
8
BLACK
6
CONTINUOUS
10
1.8851378346456693
20
0.7557974409448819
11
1.8839793307086614
21
0.754142874015748
0
LINE
8
BLACK
6
CONTINUOUS
10
1.8839793307086614
20
0.754142874015748
11
1.8820283464566929
21
0.753620157480315
0
LINE
8
BLACK
6
CONTINUOUS
10
1.8820283464566929
20
0.753620157480315
11
1.8801977952755906
21
0.7544737401574803
0
LINE
8
BLACK
6
CONTINUOUS
10
1.8801977952755906
20
0.7544737401574803
11
1.8783230314960631
21
0.7563485039370078
0
LINE
8
BLACK
6
CONTINUOUS
10
1.8783230314960631
20
0.7563485039370078
11
1.8777348425196849
21
0.7571885433070866
0
LINE
8
BLACK
6
CONTINUOUS
10
1.8777348425196849
20
0.7571885433070866
11
1.8777194488188975
21
0.7573643700787401
0
LINE
8
BLACK
6
CONTINUOUS
10
1.8777194488188975
20
0.7573643700787401
11
1.8776097244094487
21
0.7575026771653544
0
LINE
8
BLACK
6
CONTINUOUS
10
1.8776097244094487
20
0.7575026771653544
11
1.8757349606299212
21
0.763126968503937
0
LINE
8
BLACK
6
CONTINUOUS
10
1.8757349606299212
20
0.763126968503937
11
1.8756054724409448
21
0.7640001181102362
0
LINE
8
BLACK
6
CONTINUOUS
10
1.8756054724409448
20
0.7640001181102362
11
1.8755834251968504
21
0.7640607086614173
0
LINE
8
BLACK
6
CONTINUOUS
10
1.8755834251968504
20
0.7640607086614173
11
1.8755834251968504
21
0.7678102362204724
0
LINE
8
BLACK
6
CONTINUOUS
10
1.8755834251968504
20
0.7678102362204724
11
1.8757366929133859
21
0.7686796062992126
0
LINE
8
BLACK
6
CONTINUOUS
10
1.8757366929133859
20
0.7686796062992126
11
1.8757349606299212
21
0.7687439763779528
0
LINE
8
BLACK
6
CONTINUOUS
10
1.8757349606299212
20
0.7687439763779528
11
1.8776097244094487
21
0.7743682677165354
0
LINE
8
BLACK
6
CONTINUOUS
10
1.8776097244094487
20
0.7743682677165354
11
1.8780979921259842
21
0.7752700393700788
0
LINE
8
BLACK
6
CONTINUOUS
10
1.8780979921259842
20
0.7752700393700788
11
1.8782484251968503
21
0.7753624409448818
0
LINE
8
BLACK
6
CONTINUOUS
10
1.8782484251968503
20
0.7753624409448818
11
1.8783230314960631
21
0.7755224409448819
0
LINE
8
BLACK
6
CONTINUOUS
10
1.8783230314960631
20
0.7755224409448819
11
1.8820725590551182
21
0.779271968503937
0
LINE
8
BLACK
6
CONTINUOUS
10
1.8820725590551182
20
0.779271968503937
11
1.8827957086614173
21
0.7797783464566929
0
LINE
8
BLACK
6
CONTINUOUS
10
1.8827957086614173
20
0.7797783464566929
11
1.8828399606299213
21
0.7798250787401575
0
LINE
8
BLACK
6
CONTINUOUS
10
1.8828399606299213
20
0.7798250787401575
11
1.8865894881889764
21
0.7816998425196851
0
LINE
8
BLACK
6
CONTINUOUS
10
1.8865894881889764
20
0.7816998425196851
11
1.8870779133858266
21
0.7818451181102362
0
LINE
8
BLACK
6
CONTINUOUS
10
1.8870779133858266
20
0.7818451181102362
11
1.8871938582677166
21
0.7819234251968504
0
LINE
8
BLACK
6
CONTINUOUS
10
1.8871938582677166
20
0.7819234251968504
11
1.8946929133858268
21
0.783798188976378
0
LINE
8
BLACK
6
CONTINUOUS
10
1.8946929133858268
20
0.783798188976378
11
1.8952807874015747
21
0.7838396456692913
0
LINE
8
BLACK
6
CONTINUOUS
10
1.8952807874015747
20
0.7838396456692913
11
1.8954090551181102
21
0.7838863385826772
0
LINE
8
BLACK
6
CONTINUOUS
10
1.8954090551181102
20
0.7838863385826772
11
1.9010333464566929
21
0.7838863385826772
0
LINE
8
BLACK
6
CONTINUOUS
10
1.9010333464566929
20
0.7838863385826772
11
1.9016137007874014
21
0.7837839763779527
0
LINE
8
BLACK
6
CONTINUOUS
10
2.2148425590551182
20
0.7993894094488189
11
2.2149096062992126
21
0.7994082677165354
0
LINE
8
BLACK
6
CONTINUOUS
10
2.2149096062992126
20
0.7994082677165354
11
2.2150211417322834
21
0.7993579133858267
0
LINE
8
BLACK
6
CONTINUOUS
10
2.2150211417322834
20
0.7993579133858267
11
2.2156986614173229
21
0.7992384645669292
0
LINE
8
BLACK
6
CONTINUOUS
10
2.2156986614173229
20
0.7992384645669292
11
2.2161790157480317
21
0.7988353543307086
0
LINE
8
BLACK
6
CONTINUOUS
10
2.2161790157480317
20
0.7988353543307086
11
2.2167505905511811
21
0.7985774409448819
0
LINE
8
BLACK
6
CONTINUOUS
10
2.2167505905511811
20
0.7985774409448819
11
2.2169296456692913
21
0.7982054724409449
0
LINE
8
BLACK
6
CONTINUOUS
10
2.2169296456692913
20
0.7982054724409449
11
2.217245905511811
21
0.797940157480315
0
LINE
8
BLACK
6
CONTINUOUS
10
2.217245905511811
20
0.797940157480315
11
2.2173547637795274
21
0.7973225984251968
0
LINE
8
BLACK
6
CONTINUOUS
10
2.2173547637795274
20
0.7973225984251968
11
2.2176268503937009
21
0.7967575984251968
0
LINE
8
BLACK
6
CONTINUOUS
10
2.2176268503937009
20
0.7967575984251968
11
2.2195016141732284
21
0.7780099606299212
0
LINE
8
BLACK
6
CONTINUOUS
10
2.2195016141732284
20
0.7780099606299212
11
2.2194249212598423
21
0.7769873228346457
0
LINE
8
BLACK
6
CONTINUOUS
10
2.2194249212598423
20
0.7769873228346457
11
2.2194139370078738
21
0.7769712204724409
0
LINE
8
BLACK
6
CONTINUOUS
10
2.2194139370078738
20
0.7769712204724409
11
2.2194156299212597
21
0.7769519291338582
0
LINE
8
BLACK
6
CONTINUOUS
10
2.2194156299212597
20
0.7769519291338582
11
2.218847244094488
21
0.776140157480315
0
LINE
8
BLACK
6
CONTINUOUS
10
2.218847244094488
20
0.776140157480315
11
2.2182870078740158
21
0.7753185826771654
0
LINE
8
BLACK
6
CONTINUOUS
10
2.2182870078740158
20
0.7753185826771654
11
2.2182682677165353
21
0.7753133070866142
0
LINE
8
BLACK
6
CONTINUOUS
10
2.2182682677165353
20
0.7753133070866142
11
2.2182571259842518
21
0.7752973622047243
0
LINE
8
BLACK
6
CONTINUOUS
10
2.2182571259842518
20
0.7752973622047243
11
2.2172981889763781
21
0.7750404330708661
0
LINE
8
BLACK
6
CONTINUOUS
10
2.2172981889763781
20
0.7750404330708661
11
2.2163426377952757
21
0.774771653543307
0
LINE
8
BLACK
6
CONTINUOUS
10
2.2163426377952757
20
0.774771653543307
11
2.2163248818897636
21
0.7747796456692914
0
LINE
8
BLACK
6
CONTINUOUS
10
2.2163248818897636
20
0.7747796456692914
11
2.2163061417322836
21
0.7747746456692913
0
LINE
8
BLACK
6
CONTINUOUS
10
2.2163061417322836
20
0.7747746456692913
11
2.2154077559055119
21
0.7751935433070866
0
LINE
8
BLACK
6
CONTINUOUS
10
2.2154077559055119
20
0.7751935433070866
11
2.2145016535433069
21
0.7756024803149606
0
LINE
8
BLACK
6
CONTINUOUS
10
2.2145016535433069
20
0.7756024803149606
11
2.2144931889763777
21
0.77562
0
LINE
8
BLACK
6
CONTINUOUS
10
2.2144931889763777
20
0.77562
11
2.214475590551181
21
0.7756282283464567
0
LINE
8
BLACK
6
CONTINUOUS
10
2.214475590551181
20
0.7756282283464567
11
2.2129396456692914
21
0.7771641732283464
0
LINE
8
BLACK
6
CONTINUOUS
10
2.2129396456692914
20
0.7771641732283464
11
2.2102421653543307
21
0.7785129133858267
0
LINE
8
BLACK
6
CONTINUOUS
10
2.2102421653543307
20
0.7785129133858267
11
2.2022624409448817
21
0.7785129133858267
0
LINE
8
BLACK
6
CONTINUOUS
10
2.2022624409448817
20
0.7785129133858267
11
2.199564960629921
21
0.7771641732283464
0
LINE
8
BLACK
6
CONTINUOUS
10
2.199564960629921
20
0.7771641732283464
11
2.1983678346456692
21
0.7759670472440945
0
LINE
8
BLACK
6
CONTINUOUS
10
2.1983678346456692
20
0.7759670472440945
11
2.1970190944881889
21
0.7732695669291338
0
LINE
8
BLACK
6
CONTINUOUS
10
2.1970190944881889
20
0.7732695669291338
11
2.1970190944881889
21
0.765289842519685
0
LINE
8
BLACK
6
CONTINUOUS
10
2.1970190944881889
20
0.765289842519685
11
2.1983678346456692
21
0.7625923622047244
0
LINE
8
BLACK
6
CONTINUOUS
10
2.1983678346456692
20
0.7625923622047244
11
2.1995649212598423
21
0.7613952362204724
0
LINE
8
BLACK
6
CONTINUOUS
10
2.1995649212598423
20
0.7613952362204724
11
2.2022624803149604
21
0.7600464566929134
0
LINE
8
BLACK
6
CONTINUOUS
10
2.2022624803149604
20
0.7600464566929134
11
2.210242125984252
21
0.7600464566929134
0
LINE
8
BLACK
6
CONTINUOUS
10
2.210242125984252
20
0.7600464566929134
11
2.2129396062992126
21
0.7613951968503937
0
LINE
8
BLACK
6
CONTINUOUS
10
2.2129396062992126
20
0.7613951968503937
11
2.214475590551181
21
0.7629311811023621
0
LINE
8
BLACK
6
CONTINUOUS
10
2.214475590551181
20
0.7629311811023621
11
2.21531562992126
21
0.7635193700787402
0
LINE
8
BLACK
6
CONTINUOUS
10
2.21531562992126
20
0.7635193700787402
11
2.2173277165354328
21
0.7636953937007874
0
LINE
8
BLACK
6
CONTINUOUS
10
2.2173277165354328
20
0.7636953937007874
11
2.2189822834645669
21
0.7625368897637795
0
LINE
8
BLACK
6
CONTINUOUS
10
2.2189822834645669
20
0.7625368897637795
11
2.2195049999999998
21
0.760585905511811
0
LINE
8
BLACK
6
CONTINUOUS
10
2.2195049999999998
20
0.760585905511811
11
2.2186514173228344
21
0.7587553543307086
0
LINE
8
BLACK
6
CONTINUOUS
10
2.2186514173228344
20
0.7587553543307086
11
2.2167766535433069
21
0.7568805905511811
0
LINE
8
BLACK
6
CONTINUOUS
10
2.2167766535433069
20
0.7568805905511811
11
2.2160536614173227
21
0.7563743700787401
0
LINE
8
BLACK
6
CONTINUOUS
10
2.2160536614173227
20
0.7563743700787401
11
2.2160092913385827
21
0.7563274803149607
0
LINE
8
BLACK
6
CONTINUOUS
10
2.2160092913385827
20
0.7563274803149607
11
2.2122597637795276
21
0.7544526771653544
0
LINE
8
BLACK
6
CONTINUOUS
10
2.2122597637795276
20
0.7544526771653544
11
2.2112768110236218
21
0.7541603149606299
0
LINE
8
BLACK
6
CONTINUOUS
10
2.2112768110236218
20
0.7541603149606299
11
2.2111050787401574
21
0.7542012992125984
0
LINE
8
BLACK
6
CONTINUOUS
10
2.2111050787401574
20
0.7542012992125984
11
2.2109392125984253
21
0.7541409448818898
0
LINE
8
BLACK
6
CONTINUOUS
10
2.2109392125984253
20
0.7541409448818898
11
2.2015653937007875
21
0.7541409448818898
0
LINE
8
BLACK
6
CONTINUOUS
10
2.2015653937007875
20
0.7541409448818898
11
2.2005554724409446
21
0.7543190157480315
0
LINE
8
BLACK
6
CONTINUOUS
10
2.2005554724409446
20
0.7543190157480315
11
2.2004201968503936
21
0.7544324803149606
0
LINE
8
BLACK
6
CONTINUOUS
10
2.2004201968503936
20
0.7544324803149606
11
2.2002448818897635
21
0.7544526771653544
0
LINE
8
BLACK
6
CONTINUOUS
10
2.2002448818897635
20
0.7544526771653544
11
2.1964953149606297
21
0.7563274803149607
0
LINE
8
BLACK
6
CONTINUOUS
10
2.1964953149606297
20
0.7563274803149607
11
2.1957862992125983
21
0.7568533464566929
0
LINE
8
BLACK
6
CONTINUOUS
10
2.1957862992125983
20
0.7568533464566929
11
2.1957279527559055
21
0.7568805905511811
0
LINE
8
BLACK
6
CONTINUOUS
10
2.1957279527559055
20
0.7568805905511811
11
2.1938531889763779
21
0.7587553543307086
0
LINE
8
BLACK
6
CONTINUOUS
10
2.1938531889763779
20
0.7587553543307086
11
2.1933468897637796
21
0.7594784251968504
0
LINE
8
BLACK
6
CONTINUOUS
10
2.1933468897637796
20
0.7594784251968504
11
2.1933000787401573
21
0.7595227559055118
0
LINE
8
BLACK
6
CONTINUOUS
10
2.1933000787401573
20
0.7595227559055118
11
2.1914253149606298
21
0.7632722834645669
0
LINE
8
BLACK
6
CONTINUOUS
10
2.1914253149606298
20
0.7632722834645669
11
2.1911329527559054
21
0.7642552362204724
0
LINE
8
BLACK
6
CONTINUOUS
10
2.1911329527559054
20
0.7642552362204724
11
2.191173937007874
21
0.7644268897637795
0
LINE
8
BLACK
6
CONTINUOUS
10
2.191173937007874
20
0.7644268897637795
11
2.1911135826771653
21
0.7645927952755905
0
LINE
8
BLACK
6
CONTINUOUS
10
2.1911135826771653
20
0.7645927952755905
11
2.1911135826771653
21
0.7739666141732283
0
LINE
8
BLACK
6
CONTINUOUS
10
2.1911135826771653
20
0.7739666141732283
11
2.1912916535433071
21
0.7749765354330709
0
LINE
8
BLACK
6
CONTINUOUS
10
2.1912916535433071
20
0.7749765354330709
11
2.1914051181102363
21
0.7751117716535433
0
LINE
8
BLACK
6
CONTINUOUS
10
2.1914051181102363
20
0.7751117716535433
11
2.1914253149606298
21
0.775287125984252
0
LINE
8
BLACK
6
CONTINUOUS
10
2.1914253149606298
20
0.775287125984252
11
2.1933000787401573
21
0.7790366535433071
0
LINE
8
BLACK
6
CONTINUOUS
10
2.1933000787401573
20
0.7790366535433071
11
2.1938259842519683
21
0.7797457086614173
0
LINE
8
BLACK
6
CONTINUOUS
10
2.1938259842519683
20
0.7797457086614173
11
2.1938531889763779
21
0.7798040551181102
0
LINE
8
BLACK
6
CONTINUOUS
10
2.1938531889763779
20
0.7798040551181102
11
2.1957279527559055
21
0.7816788188976378
0
LINE
8
BLACK
6
CONTINUOUS
10
2.1957279527559055
20
0.7816788188976378
11
2.1964510236220471
21
0.7821850787401574
0
LINE
8
BLACK
6
CONTINUOUS
10
2.1964510236220471
20
0.7821850787401574
11
2.1964953543307084
21
0.7822319291338582
0
LINE
8
BLACK
6
CONTINUOUS
10
2.1964953543307084
20
0.7822319291338582
11
2.2002448818897635
21
0.7841066929133859
0
LINE
8
BLACK
6
CONTINUOUS
10
2.2002448818897635
20
0.7841066929133859
11
2.2012277952755905
21
0.7843990551181103
0
LINE
8
BLACK
6
CONTINUOUS
10
2.2012277952755905
20
0.7843990551181103
11
2.2013994881889762
21
0.784358031496063
0
LINE
8
BLACK
6
CONTINUOUS
10
2.2013994881889762
20
0.784358031496063
11
2.2015653937007875
21
0.7844184251968503
0
LINE
8
BLACK
6
CONTINUOUS
10
2.2015653937007875
20
0.7844184251968503
11
2.2109392125984253
21
0.7844184251968503
0
LINE
8
BLACK
6
CONTINUOUS
10
2.2109392125984253
20
0.7844184251968503
11
2.2119491338582677
21
0.7842403543307086
0
LINE
8
BLACK
6
CONTINUOUS
10
2.2119491338582677
20
0.7842403543307086
11
2.21208437007874
21
0.7841268503937008
0
LINE
8
BLACK
6
CONTINUOUS
10
2.21208437007874
20
0.7841268503937008
11
2.2122597244094488
21
0.7841066929133859
0
LINE
8
BLACK
6
CONTINUOUS
10
2.2122597244094488
20
0.7841066929133859
11
2.2129936220472439
21
0.7837397244094488
0
LINE
8
BLACK
6
CONTINUOUS
10
2.2129936220472439
20
0.7837397244094488
11
2.212016535433071
21
0.7935110236220472
0
LINE
8
BLACK
6
CONTINUOUS
10
2.212016535433071
20
0.7935110236220472
11
2.1959411023622049
21
0.7935110236220472
0
LINE
8
BLACK
6
CONTINUOUS
10
2.1959411023622049
20
0.7935110236220472
11
2.194931181102362
21
0.7936890944881889
0
LINE
8
BLACK
6
CONTINUOUS
10
2.194931181102362
20
0.7936890944881889
11
2.1933839370078738
21
0.7949874015748031
0
LINE
8
BLACK
6
CONTINUOUS
10
2.1933839370078738
20
0.7949874015748031
11
2.1930331889763779
21
0.7969765354330709
0
LINE
8
BLACK
6
CONTINUOUS
10
2.1930331889763779
20
0.7969765354330709
11
2.1940431102362203
21
0.7987257086614173
0
LINE
8
BLACK
6
CONTINUOUS
10
2.1940431102362203
20
0.7987257086614173
11
2.1959411023622049
21
0.7994165354330709
0
LINE
8
BLACK
6
CONTINUOUS
10
2.1959411023622049
20
0.7994165354330709
11
2.2146887401574804
21
0.7994165354330709
0
LINE
8
BLACK
6
CONTINUOUS
10
2.2146887401574804
20
0.7994165354330709
11
2.2148425590551182
21
0.7993894094488189
0
LINE
8
BLACK
6
CONTINUOUS
10
2.2544423228346457
20
0.7993488976377953
11
2.2545715748031494
21
0.7993716929133858
0
LINE
8
BLACK
6
CONTINUOUS
10
2.2545715748031494
20
0.7993716929133858
11
2.2546851574803148
21
0.7993060629921259
0
LINE
8
BLACK
6
CONTINUOUS
10
2.2546851574803148
20
0.7993060629921259
11
2.2550687401574803
21
0.7992384645669292
0
LINE
8
BLACK
6
CONTINUOUS
10
2.2550687401574803
20
0.7992384645669292
11
2.2556564173228346
21
0.7987453149606299
0
LINE
8
BLACK
6
CONTINUOUS
10
2.2556564173228346
20
0.7987453149606299
11
2.256320748031496
21
0.7983617716535433
0
LINE
8
BLACK
6
CONTINUOUS
10
2.256320748031496
20
0.7983617716535433
11
2.2564118503937007
21
0.7981114173228346
0
LINE
8
BLACK
6
CONTINUOUS
10
2.2564118503937007
20
0.7981114173228346
11
2.2566159842519684
21
0.797940157480315
0
LINE
8
BLACK
6
CONTINUOUS
10
2.2566159842519684
20
0.797940157480315
11
2.2567492125984252
21
0.7971845669291339
0
LINE
8
BLACK
6
CONTINUOUS
10
2.2567492125984252
20
0.7971845669291339
11
2.2570115748031494
21
0.7964637795275591
0
LINE
8
BLACK
6
CONTINUOUS
10
2.2570115748031494
20
0.7964637795275591
11
2.2570115748031494
21
0.7570937007874016
0
LINE
8
BLACK
6
CONTINUOUS
10
2.2570115748031494
20
0.7570937007874016
11
2.256833503937008
21
0.756083779527559
0
LINE
8
BLACK
6
CONTINUOUS
10
2.256833503937008
20
0.756083779527559
11
2.2555351968503938
21
0.7545365354330709
0
LINE
8
BLACK
6
CONTINUOUS
10
2.2555351968503938
20
0.7545365354330709
11
2.2535460629921258
21
0.7541857874015748
0
LINE
8
BLACK
6
CONTINUOUS
10
2.2535460629921258
20
0.7541857874015748
11
2.2517968897637797
21
0.7551957086614173
0
LINE
8
BLACK
6
CONTINUOUS
10
2.2517968897637797
20
0.7551957086614173
11
2.2511060629921258
21
0.7570937007874016
0
LINE
8
BLACK
6
CONTINUOUS
10
2.2511060629921258
20
0.7570937007874016
11
2.2511060629921258
21
0.7728886220472441
0
LINE
8
BLACK
6
CONTINUOUS
10
2.2511060629921258
20
0.7728886220472441
11
2.2462223622047244
21
0.7728886220472441
0
LINE
8
BLACK
6
CONTINUOUS
10
2.2462223622047244
20
0.7728886220472441
11
2.2339806299212599
21
0.7554003937007874
0
LINE
8
BLACK
6
CONTINUOUS
10
2.2339806299212599
20
0.7554003937007874
11
2.2332556299212598
21
0.754675157480315
0
LINE
8
BLACK
6
CONTINUOUS
10
2.2332556299212598
20
0.754675157480315
11
2.2313047244094486
21
0.754152125984252
0
LINE
8
BLACK
6
CONTINUOUS
10
2.2313047244094486
20
0.754152125984252
11
2.2294740157480315
21
0.7550054724409448
0
LINE
8
BLACK
6
CONTINUOUS
10
2.2294740157480315
20
0.7550054724409448
11
2.2286201968503936
21
0.7568359448818898
0
LINE
8
BLACK
6
CONTINUOUS
10
2.2286201968503936
20
0.7568359448818898
11
2.2291426771653544
21
0.7587870078740158
0
LINE
8
BLACK
6
CONTINUOUS
10
2.2291426771653544
20
0.7587870078740158
11
2.2390189370078741
21
0.7728959842519685
0
LINE
8
BLACK
6
CONTINUOUS
10
2.2390189370078741
20
0.7728959842519685
11
2.2380507874015749
21
0.7730666929133858
0
LINE
8
BLACK
6
CONTINUOUS
10
2.2380507874015749
20
0.7730666929133858
11
2.2379155118110234
21
0.773180157480315
0
LINE
8
BLACK
6
CONTINUOUS
10
2.2379155118110234
20
0.773180157480315
11
2.2377401968503938
21
0.7732003543307087
0
LINE
8
BLACK
6
CONTINUOUS
10
2.2377401968503938
20
0.7732003543307087
11
2.2339906692913387
21
0.7750751181102362
0
LINE
8
BLACK
6
CONTINUOUS
10
2.2339906692913387
20
0.7750751181102362
11
2.2332815748031494
21
0.7756009842519684
0
LINE
8
BLACK
6
CONTINUOUS
10
2.2332815748031494
20
0.7756009842519684
11
2.2332232677165353
21
0.7756282283464567
0
LINE
8
BLACK
6
CONTINUOUS
10
2.2332232677165353
20
0.7756282283464567
11
2.2313485039370078
21
0.7775029921259843
0
LINE
8
BLACK
6
CONTINUOUS
10
2.2313485039370078
20
0.7775029921259843
11
2.2308422047244094
21
0.7782260629921259
0
LINE
8
BLACK
6
CONTINUOUS
10
2.2308422047244094
20
0.7782260629921259
11
2.2307953937007872
21
0.7782703937007874
0
LINE
8
BLACK
6
CONTINUOUS
10
2.2307953937007872
20
0.7782703937007874
11
2.2289206299212596
21
0.7820199212598425
0
LINE
8
BLACK
6
CONTINUOUS
10
2.2289206299212596
20
0.7820199212598425
11
2.2286282677165352
21
0.783002874015748
0
LINE
8
BLACK
6
CONTINUOUS
10
2.2286282677165352
20
0.783002874015748
11
2.2286692519685039
21
0.7831745275590551
0
LINE
8
BLACK
6
CONTINUOUS
10
2.2286692519685039
20
0.7831745275590551
11
2.2286088976377951
21
0.7833404330708661
0
LINE
8
BLACK
6
CONTINUOUS
10
2.2286088976377951
20
0.7833404330708661
11
2.2286088976377951
21
0.7889647244094488
0
LINE
8
BLACK
6
CONTINUOUS
10
2.2286088976377951
20
0.7889647244094488
11
2.228786968503937
21
0.7899746456692913
0
LINE
8
BLACK
6
CONTINUOUS
10
2.228786968503937
20
0.7899746456692913
11
2.2289004330708662
21
0.7901098818897637
0
LINE
8
BLACK
6
CONTINUOUS
10
2.2289004330708662
20
0.7901098818897637
11
2.2289206299212596
21
0.7902852362204724
0
LINE
8
BLACK
6
CONTINUOUS
10
2.2289206299212596
20
0.7902852362204724
11
2.2307953937007872
21
0.7940347637795275
0
LINE
8
BLACK
6
CONTINUOUS
10
2.2307953937007872
20
0.7940347637795275
11
2.2313212992125986
21
0.7947438188976378
0
LINE
8
BLACK
6
CONTINUOUS
10
2.2313212992125986
20
0.7947438188976378
11
2.2313485039370078
21
0.7948021653543307
0
LINE
8
BLACK
6
CONTINUOUS
10
2.2313485039370078
20
0.7948021653543307
11
2.2332232677165353
21
0.7966769291338582
0
LINE
8
BLACK
6
CONTINUOUS
10
2.2332232677165353
20
0.7966769291338582
11
2.233946338582677
21
0.797183188976378
0
LINE
8
BLACK
6
CONTINUOUS
10
2.233946338582677
20
0.797183188976378
11
2.2339906692913387
21
0.7972300393700787
0
LINE
8
BLACK
6
CONTINUOUS
10
2.2339906692913387
20
0.7972300393700787
11
2.2377401968503938
21
0.7991048031496063
0
LINE
8
BLACK
6
CONTINUOUS
10
2.2377401968503938
20
0.7991048031496063
11
2.2387231102362204
21
0.7993971653543307
0
LINE
8
BLACK
6
CONTINUOUS
10
2.2387231102362204
20
0.7993971653543307
11
2.2388948031496061
21
0.7993561417322834
0
LINE
8
BLACK
6
CONTINUOUS
10
2.2388948031496061
20
0.7993561417322834
11
2.2390607086614174
21
0.7994165354330709
0
LINE
8
BLACK
6
CONTINUOUS
10
2.2390607086614174
20
0.7994165354330709
11
2.2540588188976378
21
0.7994165354330709
0
LINE
8
BLACK
6
CONTINUOUS
10
2.2540588188976378
20
0.7994165354330709
11
2.2544423228346457
21
0.7993488976377953
0
LINE
8
BLACK
6
CONTINUOUS
10
2.2370602755905513
20
0.792162283464567
11
2.2358631496062991
21
0.7909651574803149
0
LINE
8
BLACK
6
CONTINUOUS
10
2.2358631496062991
20
0.7909651574803149
11
2.2345144094488187
21
0.7882676771653543
0
LINE
8
BLACK
6
CONTINUOUS
10
2.2345144094488187
20
0.7882676771653543
11
2.2345144094488187
21
0.7840374803149606
0
LINE
8
BLACK
6
CONTINUOUS
10
2.2345144094488187
20
0.7840374803149606
11
2.2358631496062991
21
0.78134
0
LINE
8
BLACK
6
CONTINUOUS
10
2.2358631496062991
20
0.78134
11
2.2370602755905513
21
0.780142874015748
0
LINE
8
BLACK
6
CONTINUOUS
10
2.2370602755905513
20
0.780142874015748
11
2.239757755905512
21
0.7787941338582677
0
LINE
8
BLACK
6
CONTINUOUS
10
2.239757755905512
20
0.7787941338582677
11
2.2511060629921258
21
0.7787941338582677
0
LINE
8
BLACK
6
CONTINUOUS
10
2.2511060629921258
20
0.7787941338582677
11
2.2511060629921258
21
0.7935110236220472
0
LINE
8
BLACK
6
CONTINUOUS
10
2.2511060629921258
20
0.7935110236220472
11
2.239757755905512
21
0.7935110236220472
0
LINE
8
BLACK
6
CONTINUOUS
10
2.239757755905512
20
0.7935110236220472
11
2.2370602755905513
21
0.792162283464567
0
LINE
8
BLACK
6
CONTINUOUS
10
2.1057981102362202
20
0.7953362598425197
11
2.1064889370078741
21
0.7934382677165354
0
LINE
8
BLACK
6
CONTINUOUS
10
2.1064889370078741
20
0.7934382677165354
11
2.1064889370078741
21
0.771669527559055
0
LINE
8
BLACK
6
CONTINUOUS
10
2.1064889370078741
20
0.771669527559055
11
2.1417431102362205
21
0.7867784645669291
0
LINE
8
BLACK
6
CONTINUOUS
10
2.1417431102362205
20
0.7867784645669291
11
2.142741496062992
21
0.7870125984251969
0
LINE
8
BLACK
6
CONTINUOUS
10
2.142741496062992
20
0.7870125984251969
11
2.1446750787401574
21
0.7864287795275591
0
LINE
8
BLACK
6
CONTINUOUS
10
2.1446750787401574
20
0.7864287795275591
11
2.1457810236220474
21
0.7847386220472441
0
LINE
8
BLACK
6
CONTINUOUS
10
2.1457810236220474
20
0.7847386220472441
11
2.1455418110236222
21
0.7827330708661417
0
LINE
8
BLACK
6
CONTINUOUS
10
2.1455418110236222
20
0.7827330708661417
11
2.1440694094488189
21
0.7813504330708662
0
LINE
8
BLACK
6
CONTINUOUS
10
2.1440694094488189
20
0.7813504330708662
11
2.1046993307086614
21
0.764477559055118
0
LINE
8
BLACK
6
CONTINUOUS
10
2.1046993307086614
20
0.764477559055118
11
2.1037009055118108
21
0.7642434251968504
0
LINE
8
BLACK
6
CONTINUOUS
10
2.1037009055118108
20
0.7642434251968504
11
2.1033669685039369
21
0.7643442125984252
0
LINE
8
BLACK
6
CONTINUOUS
10
2.1033669685039369
20
0.7643442125984252
11
2.1030234251968505
21
0.7642836614173228
0
LINE
8
BLACK
6
CONTINUOUS
10
2.1030234251968505
20
0.7642836614173228
11
2.1024268110236219
21
0.7646281102362205
0
LINE
8
BLACK
6
CONTINUOUS
10
2.1024268110236219
20
0.7646281102362205
11
2.1017673622047242
21
0.7648272440944882
0
LINE
8
BLACK
6
CONTINUOUS
10
2.1017673622047242
20
0.7648272440944882
11
2.1015763385826771
21
0.7651191338582677
0
LINE
8
BLACK
6
CONTINUOUS
10
2.1015763385826771
20
0.7651191338582677
11
2.1012742519685039
21
0.7652935826771653
0
LINE
8
BLACK
6
CONTINUOUS
10
2.1012742519685039
20
0.7652935826771653
11
2.1010386220472439
21
0.765940905511811
0
LINE
8
BLACK
6
CONTINUOUS
10
2.1010386220472439
20
0.765940905511811
11
2.1006614173228346
21
0.7665174015748031
0
LINE
8
BLACK
6
CONTINUOUS
10
2.1006614173228346
20
0.7665174015748031
11
2.1007027165354328
21
0.766863779527559
0
LINE
8
BLACK
6
CONTINUOUS
10
2.1007027165354328
20
0.766863779527559
11
2.1005834251968505
21
0.7671915748031496
0
LINE
8
BLACK
6
CONTINUOUS
10
2.1005834251968505
20
0.7671915748031496
11
2.1005834251968505
21
0.7934382677165354
0
LINE
8
BLACK
6
CONTINUOUS
10
2.1005834251968505
20
0.7934382677165354
11
2.1007614960629919
21
0.7944481889763779
0
LINE
8
BLACK
6
CONTINUOUS
10
2.1007614960629919
20
0.7944481889763779
11
2.1020598031496061
21
0.7959954330708662
0
LINE
8
BLACK
6
CONTINUOUS
10
2.1020598031496061
20
0.7959954330708662
11
2.1040489370078741
21
0.7963461811023622
0
LINE
8
BLACK
6
CONTINUOUS
10
2.1040489370078741
20
0.7963461811023622
11
2.1057981102362202
21
0.7953362598425197
0
LINE
8
BLACK
6
CONTINUOUS
10
1.7800733464566929
20
0.7944322047244095
11
1.7802956299212598
21
0.7944714173228347
0
LINE
8
BLACK
6
CONTINUOUS
10
1.7802956299212598
20
0.7944714173228347
11
1.7809931102362204
21
0.7940686614173228
0
LINE
8
BLACK
6
CONTINUOUS
10
1.7809931102362204
20
0.7940686614173228
11
1.7817419291338583
21
0.7937727559055118
0
LINE
8
BLACK
6
CONTINUOUS
10
1.7817419291338583
20
0.7937727559055118
11
1.7818493700787401
21
0.7935742913385827
0
LINE
8
BLACK
6
CONTINUOUS
10
1.7818493700787401
20
0.7935742913385827
11
1.7820448031496063
21
0.7934614960629921
0
LINE
8
BLACK
6
CONTINUOUS
10
1.7820448031496063
20
0.7934614960629921
11
1.7823201968503937
21
0.7927047637795276
0
LINE
8
BLACK
6
CONTINUOUS
10
1.7823201968503937
20
0.7927047637795276
11
1.7827037007874016
21
0.7919966141732283
0
LINE
8
BLACK
6
CONTINUOUS
10
1.7827037007874016
20
0.7919966141732283
11
1.7826584251968502
21
0.7917755118110236
0
LINE
8
BLACK
6
CONTINUOUS
10
1.7826584251968502
20
0.7917755118110236
11
1.7827356299212598
21
0.7915635039370078
0
LINE
8
BLACK
6
CONTINUOUS
10
1.7827356299212598
20
0.7915635039370078
11
1.7827356299212598
21
0.7757686220472441
0
LINE
8
BLACK
6
CONTINUOUS
10
1.7827356299212598
20
0.7757686220472441
11
1.7929062598425196
21
0.7757686220472441
0
LINE
8
BLACK
6
CONTINUOUS
10
1.7929062598425196
20
0.7757686220472441
11
1.7939161811023621
21
0.7755905511811023
0
LINE
8
BLACK
6
CONTINUOUS
10
1.7939161811023621
20
0.7755905511811023
11
1.7954634251968504
21
0.7742922440944882
0
LINE
8
BLACK
6
CONTINUOUS
10
1.7954634251968504
20
0.7742922440944882
11
1.7958141732283464
21
0.7723031102362204
0
LINE
8
BLACK
6
CONTINUOUS
10
1.7958141732283464
20
0.7723031102362204
11
1.7948042519685039
21
0.770553937007874
0
LINE
8
BLACK
6
CONTINUOUS
10
1.7948042519685039
20
0.770553937007874
11
1.7929062598425196
21
0.7698631102362204
0
LINE
8
BLACK
6
CONTINUOUS
10
1.7929062598425196
20
0.7698631102362204
11
1.7827356299212598
21
0.7698631102362204
0
LINE
8
BLACK
6
CONTINUOUS
10
1.7827356299212598
20
0.7698631102362204
11
1.7827356299212598
21
0.7671915748031496
0
LINE
8
BLACK
6
CONTINUOUS
10
1.7827356299212598
20
0.7671915748031496
11
1.7825575590551181
21
0.766181653543307
0
LINE
8
BLACK
6
CONTINUOUS
10
1.7825575590551181
20
0.766181653543307
11
1.781259251968504
21
0.7646344094488189
0
LINE
8
BLACK
6
CONTINUOUS
10
1.781259251968504
20
0.7646344094488189
11
1.7792701181102362
21
0.7642836614173228
0
LINE
8
BLACK
6
CONTINUOUS
10
1.7792701181102362
20
0.7642836614173228
11
1.7775209448818898
21
0.7652935826771653
0
LINE
8
BLACK
6
CONTINUOUS
10
1.7775209448818898
20
0.7652935826771653
11
1.7768301181102362
21
0.7671915748031496
0
LINE
8
BLACK
6
CONTINUOUS
10
1.7768301181102362
20
0.7671915748031496
11
1.7768301181102362
21
0.7698631102362204
0
LINE
8
BLACK
6
CONTINUOUS
10
1.7768301181102362
20
0.7698631102362204
11
1.7666595275590551
21
0.7698631102362204
0
LINE
8
BLACK
6
CONTINUOUS
10
1.7666595275590551
20
0.7698631102362204
11
1.7656496062992126
21
0.7700411811023622
0
LINE
8
BLACK
6
CONTINUOUS
10
1.7656496062992126
20
0.7700411811023622
11
1.7641023622047243
21
0.7713394881889764
0
LINE
8
BLACK
6
CONTINUOUS
10
1.7641023622047243
20
0.7713394881889764
11
1.7637516141732283
21
0.7733286220472441
0
LINE
8
BLACK
6
CONTINUOUS
10
1.7637516141732283
20
0.7733286220472441
11
1.7647615354330708
21
0.7750777952755905
0
LINE
8
BLACK
6
CONTINUOUS
10
1.7647615354330708
20
0.7750777952755905
11
1.7666595275590551
21
0.7757686220472441
0
LINE
8
BLACK
6
CONTINUOUS
10
1.7666595275590551
20
0.7757686220472441
11
1.7768301181102362
21
0.7757686220472441
0
LINE
8
BLACK
6
CONTINUOUS
10
1.7768301181102362
20
0.7757686220472441
11
1.7768301181102362
21
0.7874667716535433
0
LINE
8
BLACK
6
CONTINUOUS
10
1.7768301181102362
20
0.7874667716535433
11
1.7525951574803149
21
0.7793884645669291
0
LINE
8
BLACK
6
CONTINUOUS
10
1.7525951574803149
20
0.7793884645669291
11
1.751580748031496
21
0.779238031496063
0
LINE
8
BLACK
6
CONTINUOUS
10
1.751580748031496
20
0.779238031496063
11
1.7497023622047243
21
0.7799804330708662
0
LINE
8
BLACK
6
CONTINUOUS
10
1.7497023622047243
20
0.7799804330708662
11
1.748740590551181
21
0.7817565748031496
0
LINE
8
BLACK
6
CONTINUOUS
10
1.748740590551181
20
0.7817565748031496
11
1.7491455511811023
21
0.7837353543307086
0
LINE
8
BLACK
6
CONTINUOUS
10
1.7491455511811023
20
0.7837353543307086
11
1.7507276771653544
21
0.7849909055118111
0
LINE
8
BLACK
6
CONTINUOUS
10
1.7507276771653544
20
0.7849909055118111
11
1.778849094488189
21
0.7943647244094488
0
LINE
8
BLACK
6
CONTINUOUS
10
1.778849094488189
20
0.7943647244094488
11
1.7798635039370079
21
0.794515157480315
0
LINE
8
BLACK
6
CONTINUOUS
10
1.7798635039370079
20
0.794515157480315
11
1.7800733464566929
21
0.7944322047244095
0
LINE
8
BLACK
6
CONTINUOUS
10
1.6912445669291338
20
0.7936514566929134
11
1.6931193700787401
21
0.7917766929133858
0
LINE
8
BLACK
6
CONTINUOUS
10
1.6931193700787401
20
0.7917766929133858
11
1.693625748031496
21
0.7910535039370079
0
LINE
8
BLACK
6
CONTINUOUS
10
1.693625748031496
20
0.7910535039370079
11
1.6936725196850393
21
0.7910092519685039
0
LINE
8
BLACK
6
CONTINUOUS
10
1.6936725196850393
20
0.7910092519685039
11
1.6955472834645668
21
0.7872597244094488
0
LINE
8
BLACK
6
CONTINUOUS
10
1.6955472834645668
20
0.7872597244094488
11
1.6958396456692912
21
0.786276811023622
0
LINE
8
BLACK
6
CONTINUOUS
10
1.6958396456692912
20
0.786276811023622
11
1.6957986220472441
21
0.7861050787401574
0
LINE
8
BLACK
6
CONTINUOUS
10
1.6957986220472441
20
0.7861050787401574
11
1.6958590157480316
21
0.7859392125984251
0
LINE
8
BLACK
6
CONTINUOUS
10
1.6958590157480316
20
0.7859392125984251
11
1.6958590157480316
21
0.7765653937007874
0
LINE
8
BLACK
6
CONTINUOUS
10
1.6958590157480316
20
0.7765653937007874
11
1.6956809448818897
21
0.7755554724409449
0
LINE
8
BLACK
6
CONTINUOUS
10
1.6956809448818897
20
0.7755554724409449
11
1.6955674409448818
21
0.7754201968503937
0
LINE
8
BLACK
6
CONTINUOUS
10
1.6955674409448818
20
0.7754201968503937
11
1.6955472834645668
21
0.7752448818897638
0
LINE
8
BLACK
6
CONTINUOUS
10
1.6955472834645668
20
0.7752448818897638
11
1.6936725196850393
21
0.7714953543307086
0
LINE
8
BLACK
6
CONTINUOUS
10
1.6936725196850393
20
0.7714953543307086
11
1.6931465354330708
21
0.7707862204724409
0
LINE
8
BLACK
6
CONTINUOUS
10
1.6931465354330708
20
0.7707862204724409
11
1.6931193700787401
21
0.7707279133858268
0
LINE
8
BLACK
6
CONTINUOUS
10
1.6931193700787401
20
0.7707279133858268
11
1.6912445669291338
21
0.7688531496062992
0
LINE
8
BLACK
6
CONTINUOUS
10
1.6912445669291338
20
0.7688531496062992
11
1.6905214960629922
21
0.7683468503937008
0
LINE
8
BLACK
6
CONTINUOUS
10
1.6905214960629922
20
0.7683468503937008
11
1.6904772047244094
21
0.7683000787401575
0
LINE
8
BLACK
6
CONTINUOUS
10
1.6904772047244094
20
0.7683000787401575
11
1.6867276771653543
21
0.7664253149606299
0
LINE
8
BLACK
6
CONTINUOUS
10
1.6867276771653543
20
0.7664253149606299
11
1.6857447244094488
21
0.7661329527559055
0
LINE
8
BLACK
6
CONTINUOUS
10
1.6857447244094488
20
0.7661329527559055
11
1.6855730314960629
21
0.766173937007874
0
LINE
8
BLACK
6
CONTINUOUS
10
1.6855730314960629
20
0.766173937007874
11
1.6854071653543308
21
0.7661135826771653
0
LINE
8
BLACK
6
CONTINUOUS
10
1.6854071653543308
20
0.7661135826771653
11
1.6760333464566928
21
0.7661135826771653
0
LINE
8
BLACK
6
CONTINUOUS
10
1.6760333464566928
20
0.7661135826771653
11
1.6750234251968503
21
0.7662916535433071
0
LINE
8
BLACK
6
CONTINUOUS
10
1.6750234251968503
20
0.7662916535433071
11
1.6748881496062993
21
0.7664051181102361
0
LINE
8
BLACK
6
CONTINUOUS
10
1.6748881496062993
20
0.7664051181102361
11
1.6747128346456692
21
0.7664253149606299
0
LINE
8
BLACK
6
CONTINUOUS
10
1.6747128346456692
20
0.7664253149606299
11
1.6709633070866141
21
0.7683000787401575
0
LINE
8
BLACK
6
CONTINUOUS
10
1.6709633070866141
20
0.7683000787401575
11
1.6702542125984252
21
0.7688259448818897
0
LINE
8
BLACK
6
CONTINUOUS
10
1.6702542125984252
20
0.7688259448818897
11
1.670195905511811
21
0.7688531889763779
0
LINE
8
BLACK
6
CONTINUOUS
10
1.670195905511811
20
0.7688531889763779
11
1.6683211417322834
21
0.7707279527559054
0
LINE
8
BLACK
6
CONTINUOUS
10
1.6683211417322834
20
0.7707279527559054
11
1.667814842519685
21
0.7714510236220472
0
LINE
8
BLACK
6
CONTINUOUS
10
1.667814842519685
20
0.7714510236220472
11
1.667768031496063
21
0.7714953543307086
0
LINE
8
BLACK
6
CONTINUOUS
10
1.667768031496063
20
0.7714953543307086
11
1.6658932677165355
21
0.7752448818897638
0
LINE
8
BLACK
6
CONTINUOUS
10
1.6658932677165355
20
0.7752448818897638
11
1.6656009055118111
21
0.7762278346456692
0
LINE
8
BLACK
6
CONTINUOUS
10
1.6656009055118111
20
0.7762278346456692
11
1.6656418897637795
21
0.7763994881889763
0
LINE
8
BLACK
6
CONTINUOUS
10
1.6656418897637795
20
0.7763994881889763
11
1.6655815354330707
21
0.7765653937007874
0
LINE
8
BLACK
6
CONTINUOUS
10
1.6655815354330707
20
0.7765653937007874
11
1.6655815354330707
21
0.7859392125984251
0
LINE
8
BLACK
6
CONTINUOUS
10
1.6655815354330707
20
0.7859392125984251
11
1.6657596062992126
21
0.7869491338582677
0
LINE
8
BLACK
6
CONTINUOUS
10
1.6657596062992126
20
0.7869491338582677
11
1.6658730708661418
21
0.7870843700787401
0
LINE
8
BLACK
6
CONTINUOUS
10
1.6658730708661418
20
0.7870843700787401
11
1.6658932677165355
21
0.7872597244094488
0
LINE
8
BLACK
6
CONTINUOUS
10
1.6658932677165355
20
0.7872597244094488
11
1.6662601968503936
21
0.7879936220472441
0
LINE
8
BLACK
6
CONTINUOUS
10
1.6662601968503936
20
0.7879936220472441
11
1.6564889370078739
21
0.7870164960629921
0
LINE
8
BLACK
6
CONTINUOUS
10
1.6564889370078739
20
0.7870164960629921
11
1.6564889370078739
21
0.7709411023622047
0
LINE
8
BLACK
6
CONTINUOUS
10
1.6564889370078739
20
0.7709411023622047
11
1.6563108661417323
21
0.7699311811023621
0
LINE
8
BLACK
6
CONTINUOUS
10
1.6563108661417323
20
0.7699311811023621
11
1.6550125590551181
21
0.768383937007874
0
LINE
8
BLACK
6
CONTINUOUS
10
1.6550125590551181
20
0.768383937007874
11
1.6530234251968503
21
0.768033188976378
0
LINE
8
BLACK
6
CONTINUOUS
10
1.6530234251968503
20
0.768033188976378
11
1.651274251968504
21
0.7690431102362204
0
LINE
8
BLACK
6
CONTINUOUS
10
1.651274251968504
20
0.7690431102362204
11
1.6505834251968503
21
0.7709411023622047
0
LINE
8
BLACK
6
CONTINUOUS
10
1.6505834251968503
20
0.7709411023622047
11
1.6505834251968503
21
0.7896887401574803
0
LINE
8
BLACK
6
CONTINUOUS
10
1.6505834251968503
20
0.7896887401574803
11
1.6506105118110237
21
0.7898425590551181
0
LINE
8
BLACK
6
CONTINUOUS
10
1.6506105118110237
20
0.7898425590551181
11
1.6505916929133857
21
0.7899096062992126
0
LINE
8
BLACK
6
CONTINUOUS
10
1.6505916929133857
20
0.7899096062992126
11
1.6506420078740156
21
0.7900211417322834
0
LINE
8
BLACK
6
CONTINUOUS
10
1.6506420078740156
20
0.7900211417322834
11
1.6507614960629922
21
0.7906986614173228
0
LINE
8
BLACK
6
CONTINUOUS
10
1.6507614960629922
20
0.7906986614173228
11
1.6511645669291337
21
0.7911790157480315
0
LINE
8
BLACK
6
CONTINUOUS
10
1.6511645669291337
20
0.7911790157480315
11
1.6514225196850394
21
0.7917505905511811
0
LINE
8
BLACK
6
CONTINUOUS
10
1.6514225196850394
20
0.7917505905511811
11
1.6517944488188976
21
0.7919296456692914
0
LINE
8
BLACK
6
CONTINUOUS
10
1.6517944488188976
20
0.7919296456692914
11
1.6520598031496063
21
0.792245905511811
0
LINE
8
BLACK
6
CONTINUOUS
10
1.6520598031496063
20
0.792245905511811
11
1.6526773228346456
21
0.7923547637795275
0
LINE
8
BLACK
6
CONTINUOUS
10
1.6526773228346456
20
0.7923547637795275
11
1.6532423622047243
21
0.7926268503937007
0
LINE
8
BLACK
6
CONTINUOUS
10
1.6532423622047243
20
0.7926268503937007
11
1.6719899999999999
21
0.7945016141732283
0
LINE
8
BLACK
6
CONTINUOUS
10
1.6719899999999999
20
0.7945016141732283
11
1.6730126377952756
21
0.7944249212598425
0
LINE
8
BLACK
6
CONTINUOUS
10
1.6730126377952756
20
0.7944249212598425
11
1.6730287007874016
21
0.794413937007874
0
LINE
8
BLACK
6
CONTINUOUS
10
1.6730287007874016
20
0.794413937007874
11
1.673048031496063
21
0.7944156299212598
0
LINE
8
BLACK
6
CONTINUOUS
10
1.673048031496063
20
0.7944156299212598
11
1.6738597637795276
21
0.7938472440944881
0
LINE
8
BLACK
6
CONTINUOUS
10
1.6738597637795276
20
0.7938472440944881
11
1.6746813779527558
21
0.7932870078740157
0
LINE
8
BLACK
6
CONTINUOUS
10
1.6746813779527558
20
0.7932870078740157
11
1.6746866141732284
21
0.7932682677165355
0
LINE
8
BLACK
6
CONTINUOUS
10
1.6746866141732284
20
0.7932682677165355
11
1.6747025984251969
21
0.7932571259842519
0
LINE
8
BLACK
6
CONTINUOUS
10
1.6747025984251969
20
0.7932571259842519
11
1.6749594881889764
21
0.7922981889763779
0
LINE
8
BLACK
6
CONTINUOUS
10
1.6749594881889764
20
0.7922981889763779
11
1.6752283070866141
21
0.7913426377952756
0
LINE
8
BLACK
6
CONTINUOUS
10
1.6752283070866141
20
0.7913426377952756
11
1.6752202755905512
21
0.7913248818897638
0
LINE
8
BLACK
6
CONTINUOUS
10
1.6752202755905512
20
0.7913248818897638
11
1.67522531496063
21
0.7913061417322834
0
LINE
8
BLACK
6
CONTINUOUS
10
1.67522531496063
20
0.7913061417322834
11
1.6748063779527558
21
0.7904077559055118
0
LINE
8
BLACK
6
CONTINUOUS
10
1.6748063779527558
20
0.7904077559055118
11
1.6743974803149606
21
0.789501653543307
0
LINE
8
BLACK
6
CONTINUOUS
10
1.6743974803149606
20
0.789501653543307
11
1.6743799212598425
21
0.7894931889763779
0
LINE
8
BLACK
6
CONTINUOUS
10
1.6743799212598425
20
0.7894931889763779
11
1.6743717322834646
21
0.7894755905511811
0
LINE
8
BLACK
6
CONTINUOUS
10
1.6743717322834646
20
0.7894755905511811
11
1.6728357874015747
21
0.7879396456692913
0
LINE
8
BLACK
6
CONTINUOUS
10
1.6728357874015747
20
0.7879396456692913
11
1.6714870472440944
21
0.7852421653543307
0
LINE
8
BLACK
6
CONTINUOUS
10
1.6714870472440944
20
0.7852421653543307
11
1.6714870472440944
21
0.7772624409448818
0
LINE
8
BLACK
6
CONTINUOUS
10
1.6714870472440944
20
0.7772624409448818
11
1.6728357874015747
21
0.7745649606299212
0
LINE
8
BLACK
6
CONTINUOUS
10
1.6728357874015747
20
0.7745649606299212
11
1.6740329133858267
21
0.7733678346456693
0
LINE
8
BLACK
6
CONTINUOUS
10
1.6740329133858267
20
0.7733678346456693
11
1.6767303937007874
21
0.772019094488189
0
LINE
8
BLACK
6
CONTINUOUS
10
1.6767303937007874
20
0.772019094488189
11
1.6847101181102362
21
0.772019094488189
0
LINE
8
BLACK
6
CONTINUOUS
10
1.6847101181102362
20
0.772019094488189
11
1.6874075984251968
21
0.7733678346456693
0
LINE
8
BLACK
6
CONTINUOUS
10
1.6874075984251968
20
0.7733678346456693
11
1.6886047637795276
21
0.7745649606299212
0
LINE
8
BLACK
6
CONTINUOUS
10
1.6886047637795276
20
0.7745649606299212
11
1.6899535039370079
21
0.7772624409448818
0
LINE
8
BLACK
6
CONTINUOUS
10
1.6899535039370079
20
0.7772624409448818
11
1.6899535039370079
21
0.7852421653543307
0
LINE
8
BLACK
6
CONTINUOUS
10
1.6899535039370079
20
0.7852421653543307
11
1.6886047637795276
21
0.7879396062992126
0
LINE
8
BLACK
6
CONTINUOUS
10
1.6886047637795276
20
0.7879396062992126
11
1.6870688188976377
21
0.7894755511811024
0
LINE
8
BLACK
6
CONTINUOUS
10
1.6870688188976377
20
0.7894755511811024
11
1.686480590551181
21
0.7903155905511811
0
LINE
8
BLACK
6
CONTINUOUS
10
1.686480590551181
20
0.7903155905511811
11
1.6863045275590551
21
0.7923277165354331
0
LINE
8
BLACK
6
CONTINUOUS
10
1.6863045275590551
20
0.7923277165354331
11
1.687463031496063
21
0.7939822834645669
0
LINE
8
BLACK
6
CONTINUOUS
10
1.687463031496063
20
0.7939822834645669
11
1.6894140157480315
21
0.794505
0
LINE
8
BLACK
6
CONTINUOUS
10
1.6894140157480315
20
0.794505
11
1.6912445669291338
21
0.7936514566929134
0
LINE
8
BLACK
6
CONTINUOUS
10
2.0364170866141733
20
0.794338188976378
11
2.0365523228346456
21
0.79422468503937
0
LINE
8
BLACK
6
CONTINUOUS
10
2.0365523228346456
20
0.79422468503937
11
2.0367276771653544
21
0.7942045275590551
0
LINE
8
BLACK
6
CONTINUOUS
10
2.0367276771653544
20
0.7942045275590551
11
2.0404772047244095
21
0.7923297637795276
0
LINE
8
BLACK
6
CONTINUOUS
10
2.0404772047244095
20
0.7923297637795276
11
2.0411861811023622
21
0.7918038976377952
0
LINE
8
BLACK
6
CONTINUOUS
10
2.0411861811023622
20
0.7918038976377952
11
2.0412445669291337
21
0.7917766929133858
0
LINE
8
BLACK
6
CONTINUOUS
10
2.0412445669291337
20
0.7917766929133858
11
2.04311937007874
21
0.7899019291338583
0
LINE
8
BLACK
6
CONTINUOUS
10
2.04311937007874
20
0.7899019291338583
11
2.0436257480314959
21
0.7891787401574804
0
LINE
8
BLACK
6
CONTINUOUS
10
2.0436257480314959
20
0.7891787401574804
11
2.0436725196850394
21
0.7891344881889764
0
LINE
8
BLACK
6
CONTINUOUS
10
2.0436725196850394
20
0.7891344881889764
11
2.0455472834645669
21
0.7853849606299212
0
LINE
8
BLACK
6
CONTINUOUS
10
2.0455472834645669
20
0.7853849606299212
11
2.0458396456692913
21
0.7844020472440945
0
LINE
8
BLACK
6
CONTINUOUS
10
2.0458396456692913
20
0.7844020472440945
11
2.0457986220472439
21
0.7842303149606299
0
LINE
8
BLACK
6
CONTINUOUS
10
2.0457986220472439
20
0.7842303149606299
11
2.0458590157480314
21
0.7840644488188976
0
LINE
8
BLACK
6
CONTINUOUS
10
2.0458590157480314
20
0.7840644488188976
11
2.0458590157480314
21
0.7765653937007874
0
LINE
8
BLACK
6
CONTINUOUS
10
2.0458590157480314
20
0.7765653937007874
11
2.0456809448818896
21
0.7755554724409449
0
LINE
8
BLACK
6
CONTINUOUS
10
2.0456809448818896
20
0.7755554724409449
11
2.0455674409448816
21
0.7754201968503937
0
LINE
8
BLACK
6
CONTINUOUS
10
2.0455674409448816
20
0.7754201968503937
11
2.0455472834645669
21
0.7752448818897638
0
LINE
8
BLACK
6
CONTINUOUS
10
2.0455472834645669
20
0.7752448818897638
11
2.0436725196850394
21
0.7714953543307086
0
LINE
8
BLACK
6
CONTINUOUS
10
2.0436725196850394
20
0.7714953543307086
11
2.0431465354330709
21
0.7707862204724409
0
LINE
8
BLACK
6
CONTINUOUS
10
2.0431465354330709
20
0.7707862204724409
11
2.04311937007874
21
0.7707279133858268
0
LINE
8
BLACK
6
CONTINUOUS
10
2.04311937007874
20
0.7707279133858268
11
2.0412445669291337
21
0.7688531496062992
0
LINE
8
BLACK
6
CONTINUOUS
10
2.0412445669291337
20
0.7688531496062992
11
2.040521496062992
21
0.7683468503937008
0
LINE
8
BLACK
6
CONTINUOUS
10
2.040521496062992
20
0.7683468503937008
11
2.0404772047244095
21
0.7683000787401575
0
LINE
8
BLACK
6
CONTINUOUS
10
2.0404772047244095
20
0.7683000787401575
11
2.0367276771653544
21
0.7664253149606299
0
LINE
8
BLACK
6
CONTINUOUS
10
2.0367276771653544
20
0.7664253149606299
11
2.0357447244094486
21
0.7661329527559055
0
LINE
8
BLACK
6
CONTINUOUS
10
2.0357447244094486
20
0.7661329527559055
11
2.0355730314960629
21
0.766173937007874
0
LINE
8
BLACK
6
CONTINUOUS
10
2.0355730314960629
20
0.766173937007874
11
2.0354071653543309
21
0.7661135826771653
0
LINE
8
BLACK
6
CONTINUOUS
10
2.0354071653543309
20
0.7661135826771653
11
2.0260333464566931
21
0.7661135826771653
0
LINE
8
BLACK
6
CONTINUOUS
10
2.0260333464566931
20
0.7661135826771653
11
2.0250234251968502
21
0.7662916535433071
0
LINE
8
BLACK
6
CONTINUOUS
10
2.0250234251968502
20
0.7662916535433071
11
2.0248881496062991
21
0.7664051181102361
0
LINE
8
BLACK
6
CONTINUOUS
10
2.0248881496062991
20
0.7664051181102361
11
2.0247128346456691
21
0.7664253149606299
0
LINE
8
BLACK
6
CONTINUOUS
10
2.0247128346456691
20
0.7664253149606299
11
2.020963307086614
21
0.7683000787401575
0
LINE
8
BLACK
6
CONTINUOUS
10
2.020963307086614
20
0.7683000787401575
11
2.0202542125984251
21
0.7688259448818897
0
LINE
8
BLACK
6
CONTINUOUS
10
2.0202542125984251
20
0.7688259448818897
11
2.0201959055118111
21
0.7688531889763779
0
LINE
8
BLACK
6
CONTINUOUS
10
2.0201959055118111
20
0.7688531889763779
11
2.0183211417322835
21
0.7707279527559054
0
LINE
8
BLACK
6
CONTINUOUS
10
2.0183211417322835
20
0.7707279527559054
11
2.0178148425196851
21
0.7714510236220472
0
LINE
8
BLACK
6
CONTINUOUS
10
2.0178148425196851
20
0.7714510236220472
11
2.0177680314960629
21
0.7714953543307086
0
LINE
8
BLACK
6
CONTINUOUS
10
2.0177680314960629
20
0.7714953543307086
11
2.0158932677165353
21
0.7752448818897638
0
LINE
8
BLACK
6
CONTINUOUS
10
2.0158932677165353
20
0.7752448818897638
11
2.0156009055118109
21
0.7762278346456692
0
LINE
8
BLACK
6
CONTINUOUS
10
2.0156009055118109
20
0.7762278346456692
11
2.0156418897637796
21
0.7763994881889763
0
LINE
8
BLACK
6
CONTINUOUS
10
2.0156418897637796
20
0.7763994881889763
11
2.0155815354330708
21
0.7765653937007874
0
LINE
8
BLACK
6
CONTINUOUS
10
2.0155815354330708
20
0.7765653937007874
11
2.0155815354330708
21
0.7840644488188976
0
LINE
8
BLACK
6
CONTINUOUS
10
2.0155815354330708
20
0.7840644488188976
11
2.0157596062992127
21
0.7850743700787401
0
LINE
8
BLACK
6
CONTINUOUS
10
2.0157596062992127
20
0.7850743700787401
11
2.0158730708661419
21
0.7852096062992125
0
LINE
8
BLACK
6
CONTINUOUS
10
2.0158730708661419
20
0.7852096062992125
11
2.0158932677165353
21
0.7853849606299212
0
LINE
8
BLACK
6
CONTINUOUS
10
2.0158932677165353
20
0.7853849606299212
11
2.0170395275590551
21
0.7876774803149607
0
LINE
8
BLACK
6
CONTINUOUS
10
2.0170395275590551
20
0.7876774803149607
11
2.0141223622047244
21
0.786948188976378
0
LINE
8
BLACK
6
CONTINUOUS
10
2.0141223622047244
20
0.786948188976378
11
2.009166811023622
21
0.7836444881889764
0
LINE
8
BLACK
6
CONTINUOUS
10
2.009166811023622
20
0.7836444881889764
11
2.0078376771653543
21
0.7823153543307086
0
LINE
8
BLACK
6
CONTINUOUS
10
2.0078376771653543
20
0.7823153543307086
11
2.006488937007874
21
0.779617874015748
0
LINE
8
BLACK
6
CONTINUOUS
10
2.006488937007874
20
0.779617874015748
11
2.006488937007874
21
0.7728158661417323
0
LINE
8
BLACK
6
CONTINUOUS
10
2.006488937007874
20
0.7728158661417323
11
2.0063108661417322
21
0.7718059448818897
0
LINE
8
BLACK
6
CONTINUOUS
10
2.0063108661417322
20
0.7718059448818897
11
2.005012559055118
21
0.7702587007874016
0
LINE
8
BLACK
6
CONTINUOUS
10
2.005012559055118
20
0.7702587007874016
11
2.0030234251968504
21
0.7699079527559055
0
LINE
8
BLACK
6
CONTINUOUS
10
2.0030234251968504
20
0.7699079527559055
11
2.0012742519685038
21
0.770917874015748
0
LINE
8
BLACK
6
CONTINUOUS
10
2.0012742519685038
20
0.770917874015748
11
2.0005834251968504
21
0.7728158661417323
0
LINE
8
BLACK
6
CONTINUOUS
10
2.0005834251968504
20
0.7728158661417323
11
2.0005834251968504
21
0.7803149212598425
0
LINE
8
BLACK
6
CONTINUOUS
10
2.0005834251968504
20
0.7803149212598425
11
2.0007614960629923
21
0.781324842519685
0
LINE
8
BLACK
6
CONTINUOUS
10
2.0007614960629923
20
0.781324842519685
11
2.0008749606299214
21
0.7814600787401574
0
LINE
8
BLACK
6
CONTINUOUS
10
2.0008749606299214
20
0.7814600787401574
11
2.0008951574803149
21
0.7816354330708661
0
LINE
8
BLACK
6
CONTINUOUS
10
2.0008951574803149
20
0.7816354330708661
11
2.0027699212598424
21
0.7853849606299212
0
LINE
8
BLACK
6
CONTINUOUS
10
2.0027699212598424
20
0.7853849606299212
11
2.0032958267716534
21
0.7860940157480315
0
LINE
8
BLACK
6
CONTINUOUS
10
2.0032958267716534
20
0.7860940157480315
11
2.0033230314960631
21
0.7861523622047244
0
LINE
8
BLACK
6
CONTINUOUS
10
2.0033230314960631
20
0.7861523622047244
11
2.0051977952755906
21
0.788027125984252
0
LINE
8
BLACK
6
CONTINUOUS
10
2.0051977952755906
20
0.788027125984252
11
2.0055662598425195
21
0.7882851181102362
0
LINE
8
BLACK
6
CONTINUOUS
10
2.0055662598425195
20
0.7882851181102362
11
2.0056477952755905
21
0.7883960629921259
0
LINE
8
BLACK
6
CONTINUOUS
10
2.0056477952755905
20
0.7883960629921259
11
2.0112721259842519
21
0.7921455905511811
0
LINE
8
BLACK
6
CONTINUOUS
10
2.0112721259842519
20
0.7921455905511811
11
2.0121798425196848
21
0.7925438976377952
0
LINE
8
BLACK
6
CONTINUOUS
10
2.0121798425196848
20
0.7925438976377952
11
2.0121938582677164
21
0.7925533464566928
0
LINE
8
BLACK
6
CONTINUOUS
10
2.0121938582677164
20
0.7925533464566928
11
2.0196929133858266
21
0.7944281102362205
0
LINE
8
BLACK
6
CONTINUOUS
10
2.0196929133858266
20
0.7944281102362205
11
2.0202807874015747
21
0.7944695669291338
0
LINE
8
BLACK
6
CONTINUOUS
10
2.0202807874015747
20
0.7944695669291338
11
2.02040905511811
21
0.7945162598425196
0
LINE
8
BLACK
6
CONTINUOUS
10
2.02040905511811
20
0.7945162598425196
11
2.0354071653543309
21
0.7945162598425196
0
LINE
8
BLACK
6
CONTINUOUS
10
2.0354071653543309
20
0.7945162598425196
11
2.0364170866141733
21
0.794338188976378
0
LINE
8
BLACK
6
CONTINUOUS
10
2.0240329133858266
20
0.7872620078740157
11
2.0228357874015748
21
0.7860648818897638
0
LINE
8
BLACK
6
CONTINUOUS
10
2.0228357874015748
20
0.7860648818897638
11
2.0214870472440944
21
0.7833674015748031
0
LINE
8
BLACK
6
CONTINUOUS
10
2.0214870472440944
20
0.7833674015748031
11
2.0214870472440944
21
0.7772624409448818
0
LINE
8
BLACK
6
CONTINUOUS
10
2.0214870472440944
20
0.7772624409448818
11
2.0228357874015748
21
0.7745649606299212
0
LINE
8
BLACK
6
CONTINUOUS
10
2.0228357874015748
20
0.7745649606299212
11
2.0240329133858266
21
0.7733678346456693
0
LINE
8
BLACK
6
CONTINUOUS
10
2.0240329133858266
20
0.7733678346456693
11
2.0267303937007872
21
0.772019094488189
0
LINE
8
BLACK
6
CONTINUOUS
10
2.0267303937007872
20
0.772019094488189
11
2.0347101181102363
21
0.772019094488189
0
LINE
8
BLACK
6
CONTINUOUS
10
2.0347101181102363
20
0.772019094488189
11
2.0374075984251969
21
0.7733678346456693
0
LINE
8
BLACK
6
CONTINUOUS
10
2.0374075984251969
20
0.7733678346456693
11
2.0386047637795275
21
0.7745649606299212
0
LINE
8
BLACK
6
CONTINUOUS
10
2.0386047637795275
20
0.7745649606299212
11
2.0399535039370078
21
0.7772624409448818
0
LINE
8
BLACK
6
CONTINUOUS
10
2.0399535039370078
20
0.7772624409448818
11
2.0399535039370078
21
0.7833674015748031
0
LINE
8
BLACK
6
CONTINUOUS
10
2.0399535039370078
20
0.7833674015748031
11
2.0386047637795275
21
0.786064842519685
0
LINE
8
BLACK
6
CONTINUOUS
10
2.0386047637795275
20
0.786064842519685
11
2.0374075984251969
21
0.787261968503937
0
LINE
8
BLACK
6
CONTINUOUS
10
2.0374075984251969
20
0.787261968503937
11
2.0347101181102363
21
0.788610748031496
0
LINE
8
BLACK
6
CONTINUOUS
10
2.0347101181102363
20
0.788610748031496
11
2.0267303937007872
21
0.788610748031496
0
LINE
8
BLACK
6
CONTINUOUS
10
2.0267303937007872
20
0.788610748031496
11
2.0240329133858266
21
0.7872620078740157
0
LINE
8
BLACK
6
CONTINUOUS
10
1.4149290944881889
20
0.8523512204724409
11
1.4156693307086614
21
0.8523637007874015
0
LINE
8
BLACK
6
CONTINUOUS
10
1.4156693307086614
20
0.8523637007874015
11
1.4270979133858268
21
0.8495065354330709
0
LINE
8
BLACK
6
CONTINUOUS
10
1.4270979133858268
20
0.8495065354330709
11
1.4276770472440945
21
0.849185
0
LINE
8
BLACK
6
CONTINUOUS
10
1.4276770472440945
20
0.849185
11
1.4283259448818897
21
0.8490522440944882
0
LINE
8
BLACK
6
CONTINUOUS
10
1.4283259448818897
20
0.8490522440944882
11
1.4340402362204725
21
0.8461951181102362
0
LINE
8
BLACK
6
CONTINUOUS
10
1.4340402362204725
20
0.8461951181102362
11
1.4347630314960629
21
0.8455541338582677
0
LINE
8
BLACK
6
CONTINUOUS
10
1.4347630314960629
20
0.8455541338582677
11
1.4355996062992125
21
0.8450711811023622
0
LINE
8
BLACK
6
CONTINUOUS
10
1.4355996062992125
20
0.8450711811023622
11
1.4413138976377953
21
0.8393568897637795
0
LINE
8
BLACK
6
CONTINUOUS
10
1.4413138976377953
20
0.8393568897637795
11
1.4420034645669291
21
0.8381624803149607
0
LINE
8
BLACK
6
CONTINUOUS
10
1.4420034645669291
20
0.8381624803149607
11
1.4427633464566929
21
0.8370116141732283
0
LINE
8
BLACK
6
CONTINUOUS
10
1.4427633464566929
20
0.8370116141732283
11
1.4456205118110237
21
0.8284401968503937
0
LINE
8
BLACK
6
CONTINUOUS
10
1.4456205118110237
20
0.8284401968503937
11
1.4456783858267717
21
0.8274757874015748
0
LINE
8
BLACK
6
CONTINUOUS
10
1.4456783858267717
20
0.8274757874015748
11
1.4459283858267715
21
0.8265428346456692
0
LINE
8
BLACK
6
CONTINUOUS
10
1.4459283858267715
20
0.8265428346456692
11
1.4459283858267715
21
0.8208285433070865
0
LINE
8
BLACK
6
CONTINUOUS
10
1.4459283858267715
20
0.8208285433070865
11
1.4456783858267717
21
0.8198955511811024
0
LINE
8
BLACK
6
CONTINUOUS
10
1.4456783858267717
20
0.8198955511811024
11
1.4456205118110237
21
0.8189311811023622
0
LINE
8
BLACK
6
CONTINUOUS
10
1.4456205118110237
20
0.8189311811023622
11
1.4427633464566929
21
0.8103597637795276
0
LINE
8
BLACK
6
CONTINUOUS
10
1.4427633464566929
20
0.8103597637795276
11
1.4420034645669291
21
0.8092088582677165
0
LINE
8
BLACK
6
CONTINUOUS
10
1.4420034645669291
20
0.8092088582677165
11
1.4413138976377953
21
0.8080144881889764
0
LINE
8
BLACK
6
CONTINUOUS
10
1.4413138976377953
20
0.8080144881889764
11
1.4384567322834645
21
0.8051573228346457
0
LINE
8
BLACK
6
CONTINUOUS
10
1.4384567322834645
20
0.8051573228346457
11
1.4357670078740157
21
0.8036044094488188
0
LINE
8
BLACK
6
CONTINUOUS
10
1.4357670078740157
20
0.8036044094488188
11
1.4326611811023622
21
0.8036044094488188
0
LINE
8
BLACK
6
CONTINUOUS
10
1.4326611811023622
20
0.8036044094488188
11
1.4299714566929134
21
0.8051573228346457
0
LINE
8
BLACK
6
CONTINUOUS
10
1.4299714566929134
20
0.8051573228346457
11
1.4284185433070866
21
0.8078470472440945
0
LINE
8
BLACK
6
CONTINUOUS
10
1.4284185433070866
20
0.8078470472440945
11
1.4284185433070866
21
0.810952874015748
0
LINE
8
BLACK
6
CONTINUOUS
10
1.4284185433070866
20
0.810952874015748
11
1.4299714566929134
21
0.8136425984251968
0
LINE
8
BLACK
6
CONTINUOUS
10
1.4299714566929134
20
0.8136425984251968
11
1.4318270472440944
21
0.8154981889763779
0
LINE
8
BLACK
6
CONTINUOUS
10
1.4318270472440944
20
0.8154981889763779
11
1.4339283858267715
21
0.821802125984252
0
LINE
8
BLACK
6
CONTINUOUS
10
1.4339283858267715
20
0.821802125984252
11
1.4339283858267715
21
0.8255692125984252
0
LINE
8
BLACK
6
CONTINUOUS
10
1.4339283858267715
20
0.8255692125984252
11
1.4318270472440944
21
0.8318731496062992
0
LINE
8
BLACK
6
CONTINUOUS
10
1.4318270472440944
20
0.8318731496062992
11
1.4278028346456693
21
0.8358973622047244
0
LINE
8
BLACK
6
CONTINUOUS
10
1.4278028346456693
20
0.8358973622047244
11
1.4235485433070867
21
0.8380245275590551
0
LINE
8
BLACK
6
CONTINUOUS
10
1.4235485433070867
20
0.8380245275590551
11
1.4134753937007873
21
0.8405428346456693
0
LINE
8
BLACK
6
CONTINUOUS
10
1.4134753937007873
20
0.8405428346456693
11
1.4063813779527559
21
0.8405428346456693
0
LINE
8
BLACK
6
CONTINUOUS
10
1.4063813779527559
20
0.8405428346456693
11
1.396308188976378
21
0.8380245275590551
0
LINE
8
BLACK
6
CONTINUOUS
10
1.396308188976378
20
0.8380245275590551
11
1.3920538976377952
21
0.8358973622047244
0
LINE
8
BLACK
6
CONTINUOUS
10
1.3920538976377952
20
0.8358973622047244
11
1.3880297244094488
21
0.831873188976378
0
LINE
8
BLACK
6
CONTINUOUS
10
1.3880297244094488
20
0.831873188976378
11
1.3859283858267717
21
0.8255691732283464
0
LINE
8
BLACK
6
CONTINUOUS
10
1.3859283858267717
20
0.8255691732283464
11
1.3859283858267717
21
0.8218021653543307
0
LINE
8
BLACK
6
CONTINUOUS
10
1.3859283858267717
20
0.8218021653543307
11
1.3880297244094488
21
0.8154981496062992
0
LINE
8
BLACK
6
CONTINUOUS
10
1.3880297244094488
20
0.8154981496062992
11
1.3898853149606298
21
0.8136425984251968
0
LINE
8
BLACK
6
CONTINUOUS
10
1.3898853149606298
20
0.8136425984251968
11
1.3914382283464566
21
0.810952874015748
0
LINE
8
BLACK
6
CONTINUOUS
10
1.3914382283464566
20
0.810952874015748
11
1.3914382283464566
21
0.8078470472440945
0
LINE
8
BLACK
6
CONTINUOUS
10
1.3914382283464566
20
0.8078470472440945
11
1.3898853149606298
21
0.8051573228346457
0
LINE
8
BLACK
6
CONTINUOUS
10
1.3898853149606298
20
0.8051573228346457
11
1.387195590551181
21
0.8036044094488188
0
LINE
8
BLACK
6
CONTINUOUS
10
1.387195590551181
20
0.8036044094488188
11
1.3840897637795275
21
0.8036044094488188
0
LINE
8
BLACK
6
CONTINUOUS
10
1.3840897637795275
20
0.8036044094488188
11
1.3814000393700787
21
0.8051573228346457
0
LINE
8
BLACK
6
CONTINUOUS
10
1.3814000393700787
20
0.8051573228346457
11
1.3785428740157479
21
0.8080144881889764
0
LINE
8
BLACK
6
CONTINUOUS
10
1.3785428740157479
20
0.8080144881889764
11
1.3778532677165354
21
0.8092088582677165
0
LINE
8
BLACK
6
CONTINUOUS
10
1.3778532677165354
20
0.8092088582677165
11
1.3770934251968503
21
0.8103597637795276
0
LINE
8
BLACK
6
CONTINUOUS
10
1.3770934251968503
20
0.8103597637795276
11
1.3742362992125985
21
0.8189311811023622
0
LINE
8
BLACK
6
CONTINUOUS
10
1.3742362992125985
20
0.8189311811023622
11
1.3741783858267715
21
0.8198953937007873
0
LINE
8
BLACK
6
CONTINUOUS
10
1.3741783858267715
20
0.8198953937007873
11
1.3739283858267717
21
0.8208285433070865
0
LINE
8
BLACK
6
CONTINUOUS
10
1.3739283858267717
20
0.8208285433070865
11
1.3739283858267717
21
0.8265428346456692
0
LINE
8
BLACK
6
CONTINUOUS
10
1.3739283858267717
20
0.8265428346456692
11
1.3741783858267715
21
0.8274759448818897
0
LINE
8
BLACK
6
CONTINUOUS
10
1.3741783858267715
20
0.8274759448818897
11
1.3742362992125985
21
0.8284401968503937
0
LINE
8
BLACK
6
CONTINUOUS
10
1.3742362992125985
20
0.8284401968503937
11
1.3770934251968503
21
0.8370116141732283
0
LINE
8
BLACK
6
CONTINUOUS
10
1.3770934251968503
20
0.8370116141732283
11
1.3778532677165354
21
0.8381624803149607
0
LINE
8
BLACK
6
CONTINUOUS
10
1.3778532677165354
20
0.8381624803149607
11
1.3785428740157479
21
0.8393568897637795
0
LINE
8
BLACK
6
CONTINUOUS
10
1.3785428740157479
20
0.8393568897637795
11
1.3842571653543307
21
0.8450711811023622
0
LINE
8
BLACK
6
CONTINUOUS
10
1.3842571653543307
20
0.8450711811023622
11
1.3850937401574803
21
0.8455541732283465
0
LINE
8
BLACK
6
CONTINUOUS
10
1.3850937401574803
20
0.8455541732283465
11
1.3858165354330709
21
0.8461951181102362
0
LINE
8
BLACK
6
CONTINUOUS
10
1.3858165354330709
20
0.8461951181102362
11
1.3915308267716535
21
0.8490522440944882
0
LINE
8
BLACK
6
CONTINUOUS
10
1.3915308267716535
20
0.8490522440944882
11
1.39217968503937
21
0.849185
0
LINE
8
BLACK
6
CONTINUOUS
10
1.39217968503937
20
0.849185
11
1.3927588582677164
21
0.8495065354330709
0
LINE
8
BLACK
6
CONTINUOUS
10
1.3927588582677164
20
0.8495065354330709
11
1.4041874409448818
21
0.8523637007874015
0
LINE
8
BLACK
6
CONTINUOUS
10
1.4041874409448818
20
0.8523637007874015
11
1.4049276377952755
21
0.8523512204724409
0
LINE
8
BLACK
6
CONTINUOUS
10
1.4049276377952755
20
0.8523512204724409
11
1.4056426771653543
21
0.8525428346456693
0
LINE
8
BLACK
6
CONTINUOUS
10
1.4056426771653543
20
0.8525428346456693
11
1.4142140944881889
21
0.8525428346456693
0
LINE
8
BLACK
6
CONTINUOUS
10
1.4142140944881889
20
0.8525428346456693
11
1.4149290944881889
21
0.8523512204724409
0
LINE
8
BLACK
6
CONTINUOUS
10
2.0439161811023623
20
0.8318335039370078
11
2.0454634251968504
21
0.8305351968503937
0
LINE
8
BLACK
6
CONTINUOUS
10
2.0454634251968504
20
0.8305351968503937
11
2.0458141732283464
21
0.828546062992126
0
LINE
8
BLACK
6
CONTINUOUS
10
2.0458141732283464
20
0.828546062992126
11
2.0448042519685039
21
0.8267968897637795
0
LINE
8
BLACK
6
CONTINUOUS
10
2.0448042519685039
20
0.8267968897637795
11
2.0429062598425198
21
0.826106062992126
0
LINE
8
BLACK
6
CONTINUOUS
10
2.0429062598425198
20
0.826106062992126
11
2.0271113385826771
21
0.826106062992126
0
LINE
8
BLACK
6
CONTINUOUS
10
2.0271113385826771
20
0.826106062992126
11
2.0271113385826771
21
0.8212223622047244
0
LINE
8
BLACK
6
CONTINUOUS
10
2.0271113385826771
20
0.8212223622047244
11
2.0445995669291337
21
0.8089806299212599
0
LINE
8
BLACK
6
CONTINUOUS
10
2.0445995669291337
20
0.8089806299212599
11
2.0453248031496063
21
0.8082555905511811
0
LINE
8
BLACK
6
CONTINUOUS
10
2.0453248031496063
20
0.8082555905511811
11
2.0458478346456692
21
0.8063047244094488
0
LINE
8
BLACK
6
CONTINUOUS
10
2.0458478346456692
20
0.8063047244094488
11
2.0449944881889763
21
0.8044740157480315
0
LINE
8
BLACK
6
CONTINUOUS
10
2.0449944881889763
20
0.8044740157480315
11
2.0431640157480313
21
0.8036201968503937
0
LINE
8
BLACK
6
CONTINUOUS
10
2.0431640157480313
20
0.8036201968503937
11
2.0412129921259843
21
0.8041426377952756
0
LINE
8
BLACK
6
CONTINUOUS
10
2.0412129921259843
20
0.8041426377952756
11
2.0271039370078738
21
0.814018937007874
0
LINE
8
BLACK
6
CONTINUOUS
10
2.0271039370078738
20
0.814018937007874
11
2.0269332677165353
21
0.8130507874015748
0
LINE
8
BLACK
6
CONTINUOUS
10
2.0269332677165353
20
0.8130507874015748
11
2.0268197637795273
21
0.8129155118110236
0
LINE
8
BLACK
6
CONTINUOUS
10
2.0268197637795273
20
0.8129155118110236
11
2.0267996062992126
21
0.8127401968503937
0
LINE
8
BLACK
6
CONTINUOUS
10
2.0267996062992126
20
0.8127401968503937
11
2.0249248425196851
21
0.8089906692913386
0
LINE
8
BLACK
6
CONTINUOUS
10
2.0249248425196851
20
0.8089906692913386
11
2.0243989370078741
21
0.8082815748031495
0
LINE
8
BLACK
6
CONTINUOUS
10
2.0243989370078741
20
0.8082815748031495
11
2.0243717322834645
21
0.8082232677165354
0
LINE
8
BLACK
6
CONTINUOUS
10
2.0243717322834645
20
0.8082232677165354
11
2.0224969685039369
21
0.8063485039370079
0
LINE
8
BLACK
6
CONTINUOUS
10
2.0224969685039369
20
0.8063485039370079
11
2.0217738582677165
21
0.8058422047244095
0
LINE
8
BLACK
6
CONTINUOUS
10
2.0217738582677165
20
0.8058422047244095
11
2.021729566929134
21
0.8057953937007873
0
LINE
8
BLACK
6
CONTINUOUS
10
2.021729566929134
20
0.8057953937007873
11
2.0179800393700789
21
0.8039206299212598
0
LINE
8
BLACK
6
CONTINUOUS
10
2.0179800393700789
20
0.8039206299212598
11
2.0169970866141731
21
0.8036282677165354
0
LINE
8
BLACK
6
CONTINUOUS
10
2.0169970866141731
20
0.8036282677165354
11
2.0168253937007874
21
0.8036692519685039
0
LINE
8
BLACK
6
CONTINUOUS
10
2.0168253937007874
20
0.8036692519685039
11
2.0166595275590549
21
0.8036088976377953
0
LINE
8
BLACK
6
CONTINUOUS
10
2.0166595275590549
20
0.8036088976377953
11
2.0110352362204722
21
0.8036088976377953
0
LINE
8
BLACK
6
CONTINUOUS
10
2.0110352362204722
20
0.8036088976377953
11
2.0100253149606297
21
0.8037869685039369
0
LINE
8
BLACK
6
CONTINUOUS
10
2.0100253149606297
20
0.8037869685039369
11
2.0098900393700787
21
0.8039004330708661
0
LINE
8
BLACK
6
CONTINUOUS
10
2.0098900393700787
20
0.8039004330708661
11
2.0097147244094486
21
0.8039206299212598
0
LINE
8
BLACK
6
CONTINUOUS
10
2.0097147244094486
20
0.8039206299212598
11
2.0059651968503935
21
0.8057953937007873
0
LINE
8
BLACK
6
CONTINUOUS
10
2.0059651968503935
20
0.8057953937007873
11
2.0052561023622046
21
0.8063212598425197
0
LINE
8
BLACK
6
CONTINUOUS
10
2.0052561023622046
20
0.8063212598425197
11
2.0051977952755906
21
0.8063485039370079
0
LINE
8
BLACK
6
CONTINUOUS
10
2.0051977952755906
20
0.8063485039370079
11
2.0033230314960631
21
0.8082232677165354
0
LINE
8
BLACK
6
CONTINUOUS
10
2.0033230314960631
20
0.8082232677165354
11
2.0028167322834647
21
0.8089463385826772
0
LINE
8
BLACK
6
CONTINUOUS
10
2.0028167322834647
20
0.8089463385826772
11
2.0027699212598424
21
0.8089906692913386
0
LINE
8
BLACK
6
CONTINUOUS
10
2.0027699212598424
20
0.8089906692913386
11
2.0008951574803149
21
0.8127401968503937
0
LINE
8
BLACK
6
CONTINUOUS
10
2.0008951574803149
20
0.8127401968503937
11
2.0006027952755905
21
0.8137231496062992
0
LINE
8
BLACK
6
CONTINUOUS
10
2.0006027952755905
20
0.8137231496062992
11
2.0006437795275591
21
0.8138948031496063
0
LINE
8
BLACK
6
CONTINUOUS
10
2.0006437795275591
20
0.8138948031496063
11
2.0005834251968504
21
0.8140607086614173
0
LINE
8
BLACK
6
CONTINUOUS
10
2.0005834251968504
20
0.8140607086614173
11
2.0005834251968504
21
0.8290588188976378
0
LINE
8
BLACK
6
CONTINUOUS
10
2.0005834251968504
20
0.8290588188976378
11
2.0006510236220474
21
0.8294423228346457
0
LINE
8
BLACK
6
CONTINUOUS
10
2.0006510236220474
20
0.8294423228346457
11
2.0006282677165355
21
0.8295715748031496
0
LINE
8
BLACK
6
CONTINUOUS
10
2.0006282677165355
20
0.8295715748031496
11
2.0006938582677165
21
0.8296851574803149
0
LINE
8
BLACK
6
CONTINUOUS
10
2.0006938582677165
20
0.8296851574803149
11
2.0007614960629923
21
0.8300687401574803
0
LINE
8
BLACK
6
CONTINUOUS
10
2.0007614960629923
20
0.8300687401574803
11
2.0012546062992125
21
0.8306564173228346
0
LINE
8
BLACK
6
CONTINUOUS
10
2.0012546062992125
20
0.8306564173228346
11
2.0016381889763779
21
0.831320748031496
0
LINE
8
BLACK
6
CONTINUOUS
10
2.0016381889763779
20
0.831320748031496
11
2.0018885039370078
21
0.8314118503937008
0
LINE
8
BLACK
6
CONTINUOUS
10
2.0018885039370078
20
0.8314118503937008
11
2.0020598031496064
21
0.8316159842519685
0
LINE
8
BLACK
6
CONTINUOUS
10
2.0020598031496064
20
0.8316159842519685
11
2.0028153543307088
21
0.8317492125984252
0
LINE
8
BLACK
6
CONTINUOUS
10
2.0028153543307088
20
0.8317492125984252
11
2.003536181102362
21
0.8320115748031496
0
LINE
8
BLACK
6
CONTINUOUS
10
2.003536181102362
20
0.8320115748031496
11
2.0429062598425198
21
0.8320115748031496
0
LINE
8
BLACK
6
CONTINUOUS
10
2.0429062598425198
20
0.8320115748031496
11
2.0439161811023623
21
0.8318335039370078
0
LINE
8
BLACK
6
CONTINUOUS
10
2.006488937007874
20
0.8147577559055118
11
2.0078376771653543
21
0.8120602755905512
0
LINE
8
BLACK
6
CONTINUOUS
10
2.0078376771653543
20
0.8120602755905512
11
2.0090348031496061
21
0.8108631496062992
0
LINE
8
BLACK
6
CONTINUOUS
10
2.0090348031496061
20
0.8108631496062992
11
2.0117322834645668
21
0.8095144094488189
0
LINE
8
BLACK
6
CONTINUOUS
10
2.0117322834645668
20
0.8095144094488189
11
2.0159624803149607
21
0.8095144094488189
0
LINE
8
BLACK
6
CONTINUOUS
10
2.0159624803149607
20
0.8095144094488189
11
2.0186599606299214
21
0.8108631496062992
0
LINE
8
BLACK
6
CONTINUOUS
10
2.0186599606299214
20
0.8108631496062992
11
2.0198570866141732
21
0.8120602755905512
0
LINE
8
BLACK
6
CONTINUOUS
10
2.0198570866141732
20
0.8120602755905512
11
2.0212058267716535
21
0.8147577559055118
0
LINE
8
BLACK
6
CONTINUOUS
10
2.0212058267716535
20
0.8147577559055118
11
2.0212058267716535
21
0.826106062992126
0
LINE
8
BLACK
6
CONTINUOUS
10
2.0212058267716535
20
0.826106062992126
11
2.006488937007874
21
0.826106062992126
0
LINE
8
BLACK
6
CONTINUOUS
10
2.006488937007874
20
0.826106062992126
11
2.006488937007874
21
0.8147577559055118
0
LINE
8
BLACK
6
CONTINUOUS
10
1.6766137007874016
20
0.8337839763779528
11
1.6767494881889764
21
0.8337981889763779
0
LINE
8
BLACK
6
CONTINUOUS
10
1.6767494881889764
20
0.8337981889763779
11
1.6842485433070866
21
0.8319234251968504
0
LINE
8
BLACK
6
CONTINUOUS
10
1.6842485433070866
20
0.8319234251968504
11
1.6847139763779526
21
0.8317158267716536
0
LINE
8
BLACK
6
CONTINUOUS
10
1.6847139763779526
20
0.8317158267716536
11
1.6848529133858268
21
0.831699842519685
0
LINE
8
BLACK
6
CONTINUOUS
10
1.6848529133858268
20
0.831699842519685
11
1.6886024409448819
21
0.8298250787401574
0
LINE
8
BLACK
6
CONTINUOUS
10
1.6886024409448819
20
0.8298250787401574
11
1.689311496062992
21
0.8292991338582677
0
LINE
8
BLACK
6
CONTINUOUS
10
1.689311496062992
20
0.8292991338582677
11
1.689369842519685
21
0.829271968503937
0
LINE
8
BLACK
6
CONTINUOUS
10
1.689369842519685
20
0.829271968503937
11
1.6931194094488189
21
0.8255224409448819
0
LINE
8
BLACK
6
CONTINUOUS
10
1.6931194094488189
20
0.8255224409448819
11
1.6937076377952756
21
0.8246824015748031
0
LINE
8
BLACK
6
CONTINUOUS
10
1.6937076377952756
20
0.8246824015748031
11
1.6937229921259842
21
0.8245064566929133
0
LINE
8
BLACK
6
CONTINUOUS
10
1.6937229921259842
20
0.8245064566929133
11
1.693832716535433
21
0.8243682677165354
0
LINE
8
BLACK
6
CONTINUOUS
10
1.693832716535433
20
0.8243682677165354
11
1.6957074803149605
21
0.8187440157480315
0
LINE
8
BLACK
6
CONTINUOUS
10
1.6957074803149605
20
0.8187440157480315
11
1.6958369685039369
21
0.8178707480314961
0
LINE
8
BLACK
6
CONTINUOUS
10
1.6958369685039369
20
0.8178707480314961
11
1.6958590157480316
21
0.8178102362204724
0
LINE
8
BLACK
6
CONTINUOUS
10
1.6958590157480316
20
0.8178102362204724
11
1.6958590157480316
21
0.8140607086614173
0
LINE
8
BLACK
6
CONTINUOUS
10
1.6958590157480316
20
0.8140607086614173
11
1.6957057086614173
21
0.8131912992125984
0
LINE
8
BLACK
6
CONTINUOUS
10
1.6957057086614173
20
0.8131912992125984
11
1.6957074803149605
21
0.8131269291338582
0
LINE
8
BLACK
6
CONTINUOUS
10
1.6957074803149605
20
0.8131269291338582
11
1.693832716535433
21
0.8075026771653543
0
LINE
8
BLACK
6
CONTINUOUS
10
1.693832716535433
20
0.8075026771653543
11
1.6933444094488188
21
0.806600905511811
0
LINE
8
BLACK
6
CONTINUOUS
10
1.6933444094488188
20
0.806600905511811
11
1.6931939763779527
21
0.8065084645669292
0
LINE
8
BLACK
6
CONTINUOUS
10
1.6931939763779527
20
0.8065084645669292
11
1.6931193700787401
21
0.8063484645669291
0
LINE
8
BLACK
6
CONTINUOUS
10
1.6931193700787401
20
0.8063484645669291
11
1.6912445669291338
21
0.8044737007874015
0
LINE
8
BLACK
6
CONTINUOUS
10
1.6912445669291338
20
0.8044737007874015
11
1.6904045275590551
21
0.8038855118110236
0
LINE
8
BLACK
6
CONTINUOUS
10
1.6904045275590551
20
0.8038855118110236
11
1.6883924409448818
21
0.8037095275590551
0
LINE
8
BLACK
6
CONTINUOUS
10
1.6883924409448818
20
0.8037095275590551
11
1.6867379133858267
21
0.804868031496063
0
LINE
8
BLACK
6
CONTINUOUS
10
1.6867379133858267
20
0.804868031496063
11
1.6862151968503936
21
0.8068190157480315
0
LINE
8
BLACK
6
CONTINUOUS
10
1.6862151968503936
20
0.8068190157480315
11
1.6870688188976377
21
0.8086496062992126
0
LINE
8
BLACK
6
CONTINUOUS
10
1.6870688188976377
20
0.8086496062992126
11
1.6884507086614173
21
0.8100314566929133
0
LINE
8
BLACK
6
CONTINUOUS
10
1.6884507086614173
20
0.8100314566929133
11
1.6899535039370079
21
0.814539842519685
0
LINE
8
BLACK
6
CONTINUOUS
10
1.6899535039370079
20
0.814539842519685
11
1.6899535039370079
21
0.8173311023622047
0
LINE
8
BLACK
6
CONTINUOUS
10
1.6899535039370079
20
0.8173311023622047
11
1.6884507086614173
21
0.8218394488188976
0
LINE
8
BLACK
6
CONTINUOUS
10
1.6884507086614173
20
0.8218394488188976
11
1.6855328346456693
21
0.8247572834645669
0
LINE
8
BLACK
6
CONTINUOUS
10
1.6855328346456693
20
0.8247572834645669
11
1.6825018503937008
21
0.8262727952755905
0
LINE
8
BLACK
6
CONTINUOUS
10
1.6825018503937008
20
0.8262727952755905
11
1.6756698031496062
21
0.8279808267716535
0
LINE
8
BLACK
6
CONTINUOUS
10
1.6756698031496062
20
0.8279808267716535
11
1.6707725984251969
21
0.8279808267716535
0
LINE
8
BLACK
6
CONTINUOUS
10
1.6707725984251969
20
0.8279808267716535
11
1.6639405511811023
21
0.8262727952755905
0
LINE
8
BLACK
6
CONTINUOUS
10
1.6639405511811023
20
0.8262727952755905
11
1.6609095669291338
21
0.8247573228346456
0
LINE
8
BLACK
6
CONTINUOUS
10
1.6609095669291338
20
0.8247573228346456
11
1.6579917322834645
21
0.8218394881889763
0
LINE
8
BLACK
6
CONTINUOUS
10
1.6579917322834645
20
0.8218394881889763
11
1.6564889370078739
21
0.817331062992126
0
LINE
8
BLACK
6
CONTINUOUS
10
1.6564889370078739
20
0.817331062992126
11
1.6564889370078739
21
0.814539842519685
0
LINE
8
BLACK
6
CONTINUOUS
10
1.6564889370078739
20
0.814539842519685
11
1.6579917322834645
21
0.8100314173228347
0
LINE
8
BLACK
6
CONTINUOUS
10
1.6579917322834645
20
0.8100314173228347
11
1.6593736220472441
21
0.8086495669291338
0
LINE
8
BLACK
6
CONTINUOUS
10
1.6593736220472441
20
0.8086495669291338
11
1.6599618110236221
21
0.8078095275590551
0
LINE
8
BLACK
6
CONTINUOUS
10
1.6599618110236221
20
0.8078095275590551
11
1.6601378346456692
21
0.8057974409448819
0
LINE
8
BLACK
6
CONTINUOUS
10
1.6601378346456692
20
0.8057974409448819
11
1.6589793307086613
21
0.804142874015748
0
LINE
8
BLACK
6
CONTINUOUS
10
1.6589793307086613
20
0.804142874015748
11
1.6570283464566928
21
0.8036201574803149
0
LINE
8
BLACK
6
CONTINUOUS
10
1.6570283464566928
20
0.8036201574803149
11
1.6551977952755905
21
0.8044737401574803
0
LINE
8
BLACK
6
CONTINUOUS
10
1.6551977952755905
20
0.8044737401574803
11
1.653323031496063
21
0.8063485039370079
0
LINE
8
BLACK
6
CONTINUOUS
10
1.653323031496063
20
0.8063485039370079
11
1.6527348425196851
21
0.8071885433070866
0
LINE
8
BLACK
6
CONTINUOUS
10
1.6527348425196851
20
0.8071885433070866
11
1.6527194488188977
21
0.8073643700787402
0
LINE
8
BLACK
6
CONTINUOUS
10
1.6527194488188977
20
0.8073643700787402
11
1.6526097244094489
21
0.8075026771653543
0
LINE
8
BLACK
6
CONTINUOUS
10
1.6526097244094489
20
0.8075026771653543
11
1.6507349606299213
21
0.813126968503937
0
LINE
8
BLACK
6
CONTINUOUS
10
1.6507349606299213
20
0.813126968503937
11
1.6506054724409449
21
0.8140001181102362
0
LINE
8
BLACK
6
CONTINUOUS
10
1.6506054724409449
20
0.8140001181102362
11
1.6505834251968503
21
0.8140607086614173
0
LINE
8
BLACK
6
CONTINUOUS
10
1.6505834251968503
20
0.8140607086614173
11
1.6505834251968503
21
0.8178102362204724
0
LINE
8
BLACK
6
CONTINUOUS
10
1.6505834251968503
20
0.8178102362204724
11
1.6507366929133858
21
0.8186796062992125
0
LINE
8
BLACK
6
CONTINUOUS
10
1.6507366929133858
20
0.8186796062992125
11
1.6507349606299213
21
0.8187439763779527
0
LINE
8
BLACK
6
CONTINUOUS
10
1.6507349606299213
20
0.8187439763779527
11
1.6526097244094489
21
0.8243682677165354
0
LINE
8
BLACK
6
CONTINUOUS
10
1.6526097244094489
20
0.8243682677165354
11
1.6530979921259843
21
0.8252700393700787
0
LINE
8
BLACK
6
CONTINUOUS
10
1.6530979921259843
20
0.8252700393700787
11
1.6532484251968504
21
0.8253624409448819
0
LINE
8
BLACK
6
CONTINUOUS
10
1.6532484251968504
20
0.8253624409448819
11
1.653323031496063
21
0.8255224409448819
0
LINE
8
BLACK
6
CONTINUOUS
10
1.653323031496063
20
0.8255224409448819
11
1.6570725590551181
21
0.829271968503937
0
LINE
8
BLACK
6
CONTINUOUS
10
1.6570725590551181
20
0.829271968503937
11
1.6577957086614172
21
0.8297783464566929
0
LINE
8
BLACK
6
CONTINUOUS
10
1.6577957086614172
20
0.8297783464566929
11
1.6578399606299212
21
0.8298250787401574
0
LINE
8
BLACK
6
CONTINUOUS
10
1.6578399606299212
20
0.8298250787401574
11
1.6615894881889763
21
0.831699842519685
0
LINE
8
BLACK
6
CONTINUOUS
10
1.6615894881889763
20
0.831699842519685
11
1.6620779133858268
21
0.8318451181102362
0
LINE
8
BLACK
6
CONTINUOUS
10
1.6620779133858268
20
0.8318451181102362
11
1.6621938582677165
21
0.8319234251968504
0
LINE
8
BLACK
6
CONTINUOUS
10
1.6621938582677165
20
0.8319234251968504
11
1.6696929133858267
21
0.8337981889763779
0
LINE
8
BLACK
6
CONTINUOUS
10
1.6696929133858267
20
0.8337981889763779
11
1.6702807874015748
21
0.8338396456692914
0
LINE
8
BLACK
6
CONTINUOUS
10
1.6702807874015748
20
0.8338396456692914
11
1.6704090551181101
21
0.8338863385826771
0
LINE
8
BLACK
6
CONTINUOUS
10
1.6704090551181101
20
0.8338863385826771
11
1.6760333464566928
21
0.8338863385826771
0
LINE
8
BLACK
6
CONTINUOUS
10
1.6760333464566928
20
0.8338863385826771
11
1.6766137007874016
21
0.8337839763779528
0
LINE
8
BLACK
6
CONTINUOUS
10
1.7766137007874014
20
0.8337839763779528
11
1.7767494881889763
21
0.8337981889763779
0
LINE
8
BLACK
6
CONTINUOUS
10
1.7767494881889763
20
0.8337981889763779
11
1.7842485433070865
21
0.8319234251968504
0
LINE
8
BLACK
6
CONTINUOUS
10
1.7842485433070865
20
0.8319234251968504
11
1.7847139763779527
21
0.8317158267716536
0
LINE
8
BLACK
6
CONTINUOUS
10
1.7847139763779527
20
0.8317158267716536
11
1.7848529133858266
21
0.831699842519685
0
LINE
8
BLACK
6
CONTINUOUS
10
1.7848529133858266
20
0.831699842519685
11
1.7886024409448817
21
0.8298250787401574
0
LINE
8
BLACK
6
CONTINUOUS
10
1.7886024409448817
20
0.8298250787401574
11
1.7893114960629921
21
0.8292991338582677
0
LINE
8
BLACK
6
CONTINUOUS
10
1.7893114960629921
20
0.8292991338582677
11
1.7893698425196849
21
0.829271968503937
0
LINE
8
BLACK
6
CONTINUOUS
10
1.7893698425196849
20
0.829271968503937
11
1.7931194094488188
21
0.8255224409448819
0
LINE
8
BLACK
6
CONTINUOUS
10
1.7931194094488188
20
0.8255224409448819
11
1.7937076377952756
21
0.8246824015748031
0
LINE
8
BLACK
6
CONTINUOUS
10
1.7937076377952756
20
0.8246824015748031
11
1.7937229921259843
21
0.8245064566929133
0
LINE
8
BLACK
6
CONTINUOUS
10
1.7937229921259843
20
0.8245064566929133
11
1.7938327165354331
21
0.8243682677165354
0
LINE
8
BLACK
6
CONTINUOUS
10
1.7938327165354331
20
0.8243682677165354
11
1.7957074803149606
21
0.8187440157480315
0
LINE
8
BLACK
6
CONTINUOUS
10
1.7957074803149606
20
0.8187440157480315
11
1.795836968503937
21
0.8178707480314961
0
LINE
8
BLACK
6
CONTINUOUS
10
1.795836968503937
20
0.8178707480314961
11
1.7958590157480314
21
0.8178102362204724
0
LINE
8
BLACK
6
CONTINUOUS
10
1.7958590157480314
20
0.8178102362204724
11
1.7958590157480314
21
0.8140607086614173
0
LINE
8
BLACK
6
CONTINUOUS
10
1.7958590157480314
20
0.8140607086614173
11
1.7957057086614172
21
0.8131912992125984
0
LINE
8
BLACK
6
CONTINUOUS
10
1.7957057086614172
20
0.8131912992125984
11
1.7957074803149606
21
0.8131269291338582
0
LINE
8
BLACK
6
CONTINUOUS
10
1.7957074803149606
20
0.8131269291338582
11
1.7938327165354331
21
0.8075026771653543
0
LINE
8
BLACK
6
CONTINUOUS
10
1.7938327165354331
20
0.8075026771653543
11
1.7933444094488189
21
0.806600905511811
0
LINE
8
BLACK
6
CONTINUOUS
10
1.7933444094488189
20
0.806600905511811
11
1.7931939763779527
21
0.8065084645669292
0
LINE
8
BLACK
6
CONTINUOUS
10
1.7931939763779527
20
0.8065084645669292
11
1.7931193700787402
21
0.8063484645669291
0
LINE
8
BLACK
6
CONTINUOUS
10
1.7931193700787402
20
0.8063484645669291
11
1.7912445669291339
21
0.8044737007874015
0
LINE
8
BLACK
6
CONTINUOUS
10
1.7912445669291339
20
0.8044737007874015
11
1.790404527559055
21
0.8038855118110236
0
LINE
8
BLACK
6
CONTINUOUS
10
1.790404527559055
20
0.8038855118110236
11
1.7883924409448819
21
0.8037095275590551
0
LINE
8
BLACK
6
CONTINUOUS
10
1.7883924409448819
20
0.8037095275590551
11
1.7867379133858268
21
0.804868031496063
0
LINE
8
BLACK
6
CONTINUOUS
10
1.7867379133858268
20
0.804868031496063
11
1.7862151968503936
21
0.8068190157480315
0
LINE
8
BLACK
6
CONTINUOUS
10
1.7862151968503936
20
0.8068190157480315
11
1.7870688188976378
21
0.8086496062992126
0
LINE
8
BLACK
6
CONTINUOUS
10
1.7870688188976378
20
0.8086496062992126
11
1.7884507086614172
21
0.8100314566929133
0
LINE
8
BLACK
6
CONTINUOUS
10
1.7884507086614172
20
0.8100314566929133
11
1.7899535039370078
21
0.814539842519685
0
LINE
8
BLACK
6
CONTINUOUS
10
1.7899535039370078
20
0.814539842519685
11
1.7899535039370078
21
0.8173311023622047
0
LINE
8
BLACK
6
CONTINUOUS
10
1.7899535039370078
20
0.8173311023622047
11
1.7884507086614172
21
0.8218394488188976
0
LINE
8
BLACK
6
CONTINUOUS
10
1.7884507086614172
20
0.8218394488188976
11
1.7855328346456691
21
0.8247572834645669
0
LINE
8
BLACK
6
CONTINUOUS
10
1.7855328346456691
20
0.8247572834645669
11
1.7825018503937007
21
0.8262727952755905
0
LINE
8
BLACK
6
CONTINUOUS
10
1.7825018503937007
20
0.8262727952755905
11
1.7756698031496063
21
0.8279808267716535
0
LINE
8
BLACK
6
CONTINUOUS
10
1.7756698031496063
20
0.8279808267716535
11
1.7707725984251967
21
0.8279808267716535
0
LINE
8
BLACK
6
CONTINUOUS
10
1.7707725984251967
20
0.8279808267716535
11
1.7639405511811024
21
0.8262727952755905
0
LINE
8
BLACK
6
CONTINUOUS
10
1.7639405511811024
20
0.8262727952755905
11
1.7609095669291339
21
0.8247573228346456
0
LINE
8
BLACK
6
CONTINUOUS
10
1.7609095669291339
20
0.8247573228346456
11
1.7579917322834646
21
0.8218394881889763
0
LINE
8
BLACK
6
CONTINUOUS
10
1.7579917322834646
20
0.8218394881889763
11
1.756488937007874
21
0.817331062992126
0
LINE
8
BLACK
6
CONTINUOUS
10
1.756488937007874
20
0.817331062992126
11
1.756488937007874
21
0.814539842519685
0
LINE
8
BLACK
6
CONTINUOUS
10
1.756488937007874
20
0.814539842519685
11
1.7579917322834646
21
0.8100314173228347
0
LINE
8
BLACK
6
CONTINUOUS
10
1.7579917322834646
20
0.8100314173228347
11
1.759373622047244
21
0.8086495669291338
0
LINE
8
BLACK
6
CONTINUOUS
10
1.759373622047244
20
0.8086495669291338
11
1.7599618110236219
21
0.8078095275590551
0
LINE
8
BLACK
6
CONTINUOUS
10
1.7599618110236219
20
0.8078095275590551
11
1.7601378346456693
21
0.8057974409448819
0
LINE
8
BLACK
6
CONTINUOUS
10
1.7601378346456693
20
0.8057974409448819
11
1.7589793307086614
21
0.804142874015748
0
LINE
8
BLACK
6
CONTINUOUS
10
1.7589793307086614
20
0.804142874015748
11
1.7570283464566929
21
0.8036201574803149
0
LINE
8
BLACK
6
CONTINUOUS
10
1.7570283464566929
20
0.8036201574803149
11
1.7551977952755906
21
0.8044737401574803
0
LINE
8
BLACK
6
CONTINUOUS
10
1.7551977952755906
20
0.8044737401574803
11
1.7533230314960631
21
0.8063485039370079
0
LINE
8
BLACK
6
CONTINUOUS
10
1.7533230314960631
20
0.8063485039370079
11
1.7527348425196849
21
0.8071885433070866
0
LINE
8
BLACK
6
CONTINUOUS
10
1.7527348425196849
20
0.8071885433070866
11
1.7527194488188975
21
0.8073643700787402
0
LINE
8
BLACK
6
CONTINUOUS
10
1.7527194488188975
20
0.8073643700787402
11
1.7526097244094487
21
0.8075026771653543
0
LINE
8
BLACK
6
CONTINUOUS
10
1.7526097244094487
20
0.8075026771653543
11
1.7507349606299212
21
0.813126968503937
0
LINE
8
BLACK
6
CONTINUOUS
10
1.7507349606299212
20
0.813126968503937
11
1.7506054724409448
21
0.8140001181102362
0
LINE
8
BLACK
6
CONTINUOUS
10
1.7506054724409448
20
0.8140001181102362
11
1.7505834251968504
21
0.8140607086614173
0
LINE
8
BLACK
6
CONTINUOUS
10
1.7505834251968504
20
0.8140607086614173
11
1.7505834251968504
21
0.8178102362204724
0
LINE
8
BLACK
6
CONTINUOUS
10
1.7505834251968504
20
0.8178102362204724
11
1.7507366929133859
21
0.8186796062992125
0
LINE
8
BLACK
6
CONTINUOUS
10
1.7507366929133859
20
0.8186796062992125
11
1.7507349606299212
21
0.8187439763779527
0
LINE
8
BLACK
6
CONTINUOUS
10
1.7507349606299212
20
0.8187439763779527
11
1.7526097244094487
21
0.8243682677165354
0
LINE
8
BLACK
6
CONTINUOUS
10
1.7526097244094487
20
0.8243682677165354
11
1.7530979921259842
21
0.8252700393700787
0
LINE
8
BLACK
6
CONTINUOUS
10
1.7530979921259842
20
0.8252700393700787
11
1.7532484251968503
21
0.8253624409448819
0
LINE
8
BLACK
6
CONTINUOUS
10
1.7532484251968503
20
0.8253624409448819
11
1.7533230314960631
21
0.8255224409448819
0
LINE
8
BLACK
6
CONTINUOUS
10
1.7533230314960631
20
0.8255224409448819
11
1.7570725590551182
21
0.829271968503937
0
LINE
8
BLACK
6
CONTINUOUS
10
1.7570725590551182
20
0.829271968503937
11
1.7577957086614173
21
0.8297783464566929
0
LINE
8
BLACK
6
CONTINUOUS
10
1.7577957086614173
20
0.8297783464566929
11
1.7578399606299213
21
0.8298250787401574
0
LINE
8
BLACK
6
CONTINUOUS
10
1.7578399606299213
20
0.8298250787401574
11
1.7615894881889764
21
0.831699842519685
0
LINE
8
BLACK
6
CONTINUOUS
10
1.7615894881889764
20
0.831699842519685
11
1.7620779133858266
21
0.8318451181102362
0
LINE
8
BLACK
6
CONTINUOUS
10
1.7620779133858266
20
0.8318451181102362
11
1.7621938582677166
21
0.8319234251968504
0
LINE
8
BLACK
6
CONTINUOUS
10
1.7621938582677166
20
0.8319234251968504
11
1.7696929133858268
21
0.8337981889763779
0
LINE
8
BLACK
6
CONTINUOUS
10
1.7696929133858268
20
0.8337981889763779
11
1.7702807874015747
21
0.8338396456692914
0
LINE
8
BLACK
6
CONTINUOUS
10
1.7702807874015747
20
0.8338396456692914
11
1.7704090551181102
21
0.8338863385826771
0
LINE
8
BLACK
6
CONTINUOUS
10
1.7704090551181102
20
0.8338863385826771
11
1.7760333464566929
21
0.8338863385826771
0
LINE
8
BLACK
6
CONTINUOUS
10
1.7760333464566929
20
0.8338863385826771
11
1.7766137007874014
21
0.8337839763779528
0
LINE
8
BLACK
6
CONTINUOUS
10
2.1266137007874013
20
0.8337839763779528
11
2.1267494881889761
21
0.8337981889763779
0
LINE
8
BLACK
6
CONTINUOUS
10
2.1267494881889761
20
0.8337981889763779
11
2.1342485433070864
21
0.8319234251968504
0
LINE
8
BLACK
6
CONTINUOUS
10
2.1342485433070864
20
0.8319234251968504
11
2.1347139763779528
21
0.8317158267716536
0
LINE
8
BLACK
6
CONTINUOUS
10
2.1347139763779528
20
0.8317158267716536
11
2.1348529133858269
21
0.831699842519685
0
LINE
8
BLACK
6
CONTINUOUS
10
2.1348529133858269
20
0.831699842519685
11
2.1386024409448821
21
0.8298250787401574
0
LINE
8
BLACK
6
CONTINUOUS
10
2.1386024409448821
20
0.8298250787401574
11
2.1393114960629922
21
0.8292991338582677
0
LINE
8
BLACK
6
CONTINUOUS
10
2.1393114960629922
20
0.8292991338582677
11
2.139369842519685
21
0.829271968503937
0
LINE
8
BLACK
6
CONTINUOUS
10
2.139369842519685
20
0.829271968503937
11
2.1431194094488188
21
0.8255224409448819
0
LINE
8
BLACK
6
CONTINUOUS
10
2.1431194094488188
20
0.8255224409448819
11
2.1437076377952757
21
0.8246824015748031
0
LINE
8
BLACK
6
CONTINUOUS
10
2.1437076377952757
20
0.8246824015748031
11
2.1437229921259844
21
0.8245064566929133
0
LINE
8
BLACK
6
CONTINUOUS
10
2.1437229921259844
20
0.8245064566929133
11
2.1438327165354329
21
0.8243682677165354
0
LINE
8
BLACK
6
CONTINUOUS
10
2.1438327165354329
20
0.8243682677165354
11
2.1457074803149605
21
0.8187440157480315
0
LINE
8
BLACK
6
CONTINUOUS
10
2.1457074803149605
20
0.8187440157480315
11
2.1458369685039371
21
0.8178707480314961
0
LINE
8
BLACK
6
CONTINUOUS
10
2.1458369685039371
20
0.8178707480314961
11
2.1458590157480315
21
0.8178102362204724
0
LINE
8
BLACK
6
CONTINUOUS
10
2.1458590157480315
20
0.8178102362204724
11
2.1458590157480315
21
0.8140607086614173
0
LINE
8
BLACK
6
CONTINUOUS
10
2.1458590157480315
20
0.8140607086614173
11
2.1457057086614171
21
0.8131912992125984
0
LINE
8
BLACK
6
CONTINUOUS
10
2.1457057086614171
20
0.8131912992125984
11
2.1457074803149605
21
0.8131269291338582
0
LINE
8
BLACK
6
CONTINUOUS
10
2.1457074803149605
20
0.8131269291338582
11
2.1438327165354329
21
0.8075026771653543
0
LINE
8
BLACK
6
CONTINUOUS
10
2.1438327165354329
20
0.8075026771653543
11
2.1433444094488188
21
0.806600905511811
0
LINE
8
BLACK
6
CONTINUOUS
10
2.1433444094488188
20
0.806600905511811
11
2.1431939763779528
21
0.8065084645669292
0
LINE
8
BLACK
6
CONTINUOUS
10
2.1431939763779528
20
0.8065084645669292
11
2.1431193700787401
21
0.8063484645669291
0
LINE
8
BLACK
6
CONTINUOUS
10
2.1431193700787401
20
0.8063484645669291
11
2.1412445669291338
21
0.8044737007874015
0
LINE
8
BLACK
6
CONTINUOUS
10
2.1412445669291338
20
0.8044737007874015
11
2.1404045275590549
21
0.8038855118110236
0
LINE
8
BLACK
6
CONTINUOUS
10
2.1404045275590549
20
0.8038855118110236
11
2.138392440944882
21
0.8037095275590551
0
LINE
8
BLACK
6
CONTINUOUS
10
2.138392440944882
20
0.8037095275590551
11
2.1367379133858266
21
0.804868031496063
0
LINE
8
BLACK
6
CONTINUOUS
10
2.1367379133858266
20
0.804868031496063
11
2.1362151968503937
21
0.8068190157480315
0
LINE
8
BLACK
6
CONTINUOUS
10
2.1362151968503937
20
0.8068190157480315
11
2.1370688188976379
21
0.8086496062992126
0
LINE
8
BLACK
6
CONTINUOUS
10
2.1370688188976379
20
0.8086496062992126
11
2.1384507086614173
21
0.8100314566929133
0
LINE
8
BLACK
6
CONTINUOUS
10
2.1384507086614173
20
0.8100314566929133
11
2.1399535039370079
21
0.814539842519685
0
LINE
8
BLACK
6
CONTINUOUS
10
2.1399535039370079
20
0.814539842519685
11
2.1399535039370079
21
0.8173311023622047
0
LINE
8
BLACK
6
CONTINUOUS
10
2.1399535039370079
20
0.8173311023622047
11
2.1384507086614173
21
0.8218394488188976
0
LINE
8
BLACK
6
CONTINUOUS
10
2.1384507086614173
20
0.8218394488188976
11
2.1355328346456695
21
0.8247572834645669
0
LINE
8
BLACK
6
CONTINUOUS
10
2.1355328346456695
20
0.8247572834645669
11
2.1325018503937008
21
0.8262727952755905
0
LINE
8
BLACK
6
CONTINUOUS
10
2.1325018503937008
20
0.8262727952755905
11
2.1256698031496062
21
0.8279808267716535
0
LINE
8
BLACK
6
CONTINUOUS
10
2.1256698031496062
20
0.8279808267716535
11
2.1207725984251966
21
0.8279808267716535
0
LINE
8
BLACK
6
CONTINUOUS
10
2.1207725984251966
20
0.8279808267716535
11
2.1139405511811025
21
0.8262727952755905
0
LINE
8
BLACK
6
CONTINUOUS
10
2.1139405511811025
20
0.8262727952755905
11
2.1109095669291338
21
0.8247573228346456
0
LINE
8
BLACK
6
CONTINUOUS
10
2.1109095669291338
20
0.8247573228346456
11
2.1079917322834647
21
0.8218394881889763
0
LINE
8
BLACK
6
CONTINUOUS
10
2.1079917322834647
20
0.8218394881889763
11
2.1064889370078741
21
0.817331062992126
0
LINE
8
BLACK
6
CONTINUOUS
10
2.1064889370078741
20
0.817331062992126
11
2.1064889370078741
21
0.814539842519685
0
LINE
8
BLACK
6
CONTINUOUS
10
2.1064889370078741
20
0.814539842519685
11
2.1079917322834647
21
0.8100314173228347
0
LINE
8
BLACK
6
CONTINUOUS
10
2.1079917322834647
20
0.8100314173228347
11
2.1093736220472441
21
0.8086495669291338
0
LINE
8
BLACK
6
CONTINUOUS
10
2.1093736220472441
20
0.8086495669291338
11
2.1099618110236218
21
0.8078095275590551
0
LINE
8
BLACK
6
CONTINUOUS
10
2.1099618110236218
20
0.8078095275590551
11
2.1101378346456694
21
0.8057974409448819
0
LINE
8
BLACK
6
CONTINUOUS
10
2.1101378346456694
20
0.8057974409448819
11
2.1089793307086615
21
0.804142874015748
0
LINE
8
BLACK
6
CONTINUOUS
10
2.1089793307086615
20
0.804142874015748
11
2.1070283464566928
21
0.8036201574803149
0
LINE
8
BLACK
6
CONTINUOUS
10
2.1070283464566928
20
0.8036201574803149
11
2.1051977952755907
21
0.8044737401574803
0
LINE
8
BLACK
6
CONTINUOUS
10
2.1051977952755907
20
0.8044737401574803
11
2.1033230314960631
21
0.8063485039370079
0
LINE
8
BLACK
6
CONTINUOUS
10
2.1033230314960631
20
0.8063485039370079
11
2.102734842519685
21
0.8071885433070866
0
LINE
8
BLACK
6
CONTINUOUS
10
2.102734842519685
20
0.8071885433070866
11
2.1027194488188976
21
0.8073643700787402
0
LINE
8
BLACK
6
CONTINUOUS
10
2.1027194488188976
20
0.8073643700787402
11
2.1026097244094486
21
0.8075026771653543
0
LINE
8
BLACK
6
CONTINUOUS
10
2.1026097244094486
20
0.8075026771653543
11
2.100734960629921
21
0.813126968503937
0
LINE
8
BLACK
6
CONTINUOUS
10
2.100734960629921
20
0.813126968503937
11
2.1006054724409449
21
0.8140001181102362
0
LINE
8
BLACK
6
CONTINUOUS
10
2.1006054724409449
20
0.8140001181102362
11
2.1005834251968505
21
0.8140607086614173
0
LINE
8
BLACK
6
CONTINUOUS
10
2.1005834251968505
20
0.8140607086614173
11
2.1005834251968505
21
0.8178102362204724
0
LINE
8
BLACK
6
CONTINUOUS
10
2.1005834251968505
20
0.8178102362204724
11
2.1007366929133857
21
0.8186796062992125
0
LINE
8
BLACK
6
CONTINUOUS
10
2.1007366929133857
20
0.8186796062992125
11
2.100734960629921
21
0.8187439763779527
0
LINE
8
BLACK
6
CONTINUOUS
10
2.100734960629921
20
0.8187439763779527
11
2.1026097244094486
21
0.8243682677165354
0
LINE
8
BLACK
6
CONTINUOUS
10
2.1026097244094486
20
0.8243682677165354
11
2.103097992125984
21
0.8252700393700787
0
LINE
8
BLACK
6
CONTINUOUS
10
2.103097992125984
20
0.8252700393700787
11
2.1032484251968504
21
0.8253624409448819
0
LINE
8
BLACK
6
CONTINUOUS
10
2.1032484251968504
20
0.8253624409448819
11
2.1033230314960631
21
0.8255224409448819
0
LINE
8
BLACK
6
CONTINUOUS
10
2.1033230314960631
20
0.8255224409448819
11
2.1070725590551183
21
0.829271968503937
0
LINE
8
BLACK
6
CONTINUOUS
10
2.1070725590551183
20
0.829271968503937
11
2.1077957086614174
21
0.8297783464566929
0
LINE
8
BLACK
6
CONTINUOUS
10
2.1077957086614174
20
0.8297783464566929
11
2.1078399606299212
21
0.8298250787401574
0
LINE
8
BLACK
6
CONTINUOUS
10
2.1078399606299212
20
0.8298250787401574
11
2.1115894881889763
21
0.831699842519685
0
LINE
8
BLACK
6
CONTINUOUS
10
2.1115894881889763
20
0.831699842519685
11
2.1120779133858267
21
0.8318451181102362
0
LINE
8
BLACK
6
CONTINUOUS
10
2.1120779133858267
20
0.8318451181102362
11
2.1121938582677164
21
0.8319234251968504
0
LINE
8
BLACK
6
CONTINUOUS
10
2.1121938582677164
20
0.8319234251968504
11
2.1196929133858267
21
0.8337981889763779
0
LINE
8
BLACK
6
CONTINUOUS
10
2.1196929133858267
20
0.8337981889763779
11
2.1202807874015748
21
0.8338396456692914
0
LINE
8
BLACK
6
CONTINUOUS
10
2.1202807874015748
20
0.8338396456692914
11
2.1204090551181101
21
0.8338863385826771
0
LINE
8
BLACK
6
CONTINUOUS
10
2.1204090551181101
20
0.8338863385826771
11
2.1260333464566927
21
0.8338863385826771
0
LINE
8
BLACK
6
CONTINUOUS
10
2.1260333464566927
20
0.8338863385826771
11
2.1266137007874013
21
0.8337839763779528
0
LINE
8
BLACK
6
CONTINUOUS
10
1.9794423228346456
20
0.9493488976377953
11
1.9795715748031495
21
0.9493716929133859
0
LINE
8
BLACK
6
CONTINUOUS
10
1.9795715748031495
20
0.9493716929133859
11
1.9796851574803149
21
0.9493060629921259
0
LINE
8
BLACK
6
CONTINUOUS
10
1.9796851574803149
20
0.9493060629921259
11
1.9800687401574804
21
0.9492384645669291
0
LINE
8
BLACK
6
CONTINUOUS
10
1.9800687401574804
20
0.9492384645669291
11
1.9806564173228347
21
0.9487453149606299
0
LINE
8
BLACK
6
CONTINUOUS
10
1.9806564173228347
20
0.9487453149606299
11
1.981320748031496
21
0.9483617716535433
0
LINE
8
BLACK
6
CONTINUOUS
10
1.981320748031496
20
0.9483617716535433
11
1.9814118503937008
21
0.9481114173228347
0
LINE
8
BLACK
6
CONTINUOUS
10
1.9814118503937008
20
0.9481114173228347
11
1.9816159842519685
21
0.9479401574803149
0
LINE
8
BLACK
6
CONTINUOUS
10
1.9816159842519685
20
0.9479401574803149
11
1.9817492125984251
21
0.9471845669291339
0
LINE
8
BLACK
6
CONTINUOUS
10
1.9817492125984251
20
0.9471845669291339
11
1.9820115748031495
21
0.946463779527559
0
LINE
8
BLACK
6
CONTINUOUS
10
1.9820115748031495
20
0.946463779527559
11
1.9820115748031495
21
0.9070937007874016
0
LINE
8
BLACK
6
CONTINUOUS
10
1.9820115748031495
20
0.9070937007874016
11
1.9818335039370079
21
0.906083779527559
0
LINE
8
BLACK
6
CONTINUOUS
10
1.9818335039370079
20
0.906083779527559
11
1.9805351968503937
21
0.9045365354330709
0
LINE
8
BLACK
6
CONTINUOUS
10
1.9805351968503937
20
0.9045365354330709
11
1.9785460629921259
21
0.9041857874015747
0
LINE
8
BLACK
6
CONTINUOUS
10
1.9785460629921259
20
0.9041857874015747
11
1.9767968897637795
21
0.9051957086614173
0
LINE
8
BLACK
6
CONTINUOUS
10
1.9767968897637795
20
0.9051957086614173
11
1.9761060629921259
21
0.9070937007874016
0
LINE
8
BLACK
6
CONTINUOUS
10
1.9761060629921259
20
0.9070937007874016
11
1.9761060629921259
21
0.9228886220472441
0
LINE
8
BLACK
6
CONTINUOUS
10
1.9761060629921259
20
0.9228886220472441
11
1.9712223622047245
21
0.9228886220472441
0
LINE
8
BLACK
6
CONTINUOUS
10
1.9712223622047245
20
0.9228886220472441
11
1.9589806299212598
21
0.9054003937007874
0
LINE
8
BLACK
6
CONTINUOUS
10
1.9589806299212598
20
0.9054003937007874
11
1.9582556299212599
21
0.9046751574803149
0
LINE
8
BLACK
6
CONTINUOUS
10
1.9582556299212599
20
0.9046751574803149
11
1.9563047244094487
21
0.904152125984252
0
LINE
8
BLACK
6
CONTINUOUS
10
1.9563047244094487
20
0.904152125984252
11
1.9544740157480314
21
0.9050054724409449
0
LINE
8
BLACK
6
CONTINUOUS
10
1.9544740157480314
20
0.9050054724409449
11
1.9536201968503937
21
0.9068359448818898
0
LINE
8
BLACK
6
CONTINUOUS
10
1.9536201968503937
20
0.9068359448818898
11
1.9541426771653543
21
0.9087870078740157
0
LINE
8
BLACK
6
CONTINUOUS
10
1.9541426771653543
20
0.9087870078740157
11
1.964018937007874
21
0.9228959842519685
0
LINE
8
BLACK
6
CONTINUOUS
10
1.964018937007874
20
0.9228959842519685
11
1.9630507874015748
21
0.9230666929133858
0
LINE
8
BLACK
6
CONTINUOUS
10
1.9630507874015748
20
0.9230666929133858
11
1.9629155118110235
21
0.9231801574803149
0
LINE
8
BLACK
6
CONTINUOUS
10
1.9629155118110235
20
0.9231801574803149
11
1.9627401968503937
21
0.9232003543307087
0
LINE
8
BLACK
6
CONTINUOUS
10
1.9627401968503937
20
0.9232003543307087
11
1.9589906692913386
21
0.9250751181102362
0
LINE
8
BLACK
6
CONTINUOUS
10
1.9589906692913386
20
0.9250751181102362
11
1.9582815748031495
21
0.9256009842519685
0
LINE
8
BLACK
6
CONTINUOUS
10
1.9582815748031495
20
0.9256009842519685
11
1.9582232677165354
21
0.9256282283464566
0
LINE
8
BLACK
6
CONTINUOUS
10
1.9582232677165354
20
0.9256282283464566
11
1.9563485039370079
21
0.9275029921259842
0
LINE
8
BLACK
6
CONTINUOUS
10
1.9563485039370079
20
0.9275029921259842
11
1.9558422047244095
21
0.928226062992126
0
LINE
8
BLACK
6
CONTINUOUS
10
1.9558422047244095
20
0.928226062992126
11
1.9557953937007873
21
0.9282703937007873
0
LINE
8
BLACK
6
CONTINUOUS
10
1.9557953937007873
20
0.9282703937007873
11
1.9539206299212597
21
0.9320199212598425
0
LINE
8
BLACK
6
CONTINUOUS
10
1.9539206299212597
20
0.9320199212598425
11
1.9536282677165353
21
0.933002874015748
0
LINE
8
BLACK
6
CONTINUOUS
10
1.9536282677165353
20
0.933002874015748
11
1.9536692519685039
21
0.9331745275590551
0
LINE
8
BLACK
6
CONTINUOUS
10
1.9536692519685039
20
0.9331745275590551
11
1.9536088976377952
21
0.9333404330708661
0
LINE
8
BLACK
6
CONTINUOUS
10
1.9536088976377952
20
0.9333404330708661
11
1.9536088976377952
21
0.9389647244094488
0
LINE
8
BLACK
6
CONTINUOUS
10
1.9536088976377952
20
0.9389647244094488
11
1.9537869685039371
21
0.9399746456692913
0
LINE
8
BLACK
6
CONTINUOUS
10
1.9537869685039371
20
0.9399746456692913
11
1.953900433070866
21
0.9401098818897637
0
LINE
8
BLACK
6
CONTINUOUS
10
1.953900433070866
20
0.9401098818897637
11
1.9539206299212597
21
0.9402852362204724
0
LINE
8
BLACK
6
CONTINUOUS
10
1.9539206299212597
20
0.9402852362204724
11
1.9557953937007873
21
0.9440347637795276
0
LINE
8
BLACK
6
CONTINUOUS
10
1.9557953937007873
20
0.9440347637795276
11
1.9563212992125985
21
0.9447438188976378
0
LINE
8
BLACK
6
CONTINUOUS
10
1.9563212992125985
20
0.9447438188976378
11
1.9563485039370079
21
0.9448021653543307
0
LINE
8
BLACK
6
CONTINUOUS
10
1.9563485039370079
20
0.9448021653543307
11
1.9582232677165354
21
0.9466769291338583
0
LINE
8
BLACK
6
CONTINUOUS
10
1.9582232677165354
20
0.9466769291338583
11
1.9589463385826771
21
0.9471831889763779
0
LINE
8
BLACK
6
CONTINUOUS
10
1.9589463385826771
20
0.9471831889763779
11
1.9589906692913386
21
0.9472300393700788
0
LINE
8
BLACK
6
CONTINUOUS
10
1.9589906692913386
20
0.9472300393700788
11
1.9627401968503937
21
0.9491048031496063
0
LINE
8
BLACK
6
CONTINUOUS
10
1.9627401968503937
20
0.9491048031496063
11
1.9637231102362205
21
0.9493971653543307
0
LINE
8
BLACK
6
CONTINUOUS
10
1.9637231102362205
20
0.9493971653543307
11
1.9638948031496062
21
0.9493561417322834
0
LINE
8
BLACK
6
CONTINUOUS
10
1.9638948031496062
20
0.9493561417322834
11
1.9640607086614172
21
0.9494165354330708
0
LINE
8
BLACK
6
CONTINUOUS
10
1.9640607086614172
20
0.9494165354330708
11
1.9790588188976377
21
0.9494165354330708
0
LINE
8
BLACK
6
CONTINUOUS
10
1.9790588188976377
20
0.9494165354330708
11
1.9794423228346456
21
0.9493488976377953
0
LINE
8
BLACK
6
CONTINUOUS
10
1.9620602755905512
20
0.9421622834645669
11
1.9608631496062991
21
0.940965157480315
0
LINE
8
BLACK
6
CONTINUOUS
10
1.9608631496062991
20
0.940965157480315
11
1.9595144094488188
21
0.9382676771653543
0
LINE
8
BLACK
6
CONTINUOUS
10
1.9595144094488188
20
0.9382676771653543
11
1.9595144094488188
21
0.9340374803149606
0
LINE
8
BLACK
6
CONTINUOUS
10
1.9595144094488188
20
0.9340374803149606
11
1.9608631496062991
21
0.9313399999999999
0
LINE
8
BLACK
6
CONTINUOUS
10
1.9608631496062991
20
0.9313399999999999
11
1.9620602755905512
21
0.930142874015748
0
LINE
8
BLACK
6
CONTINUOUS
10
1.9620602755905512
20
0.930142874015748
11
1.9647577559055118
21
0.9287941338582677
0
LINE
8
BLACK
6
CONTINUOUS
10
1.9647577559055118
20
0.9287941338582677
11
1.9761060629921259
21
0.9287941338582677
0
LINE
8
BLACK
6
CONTINUOUS
10
1.9761060629921259
20
0.9287941338582677
11
1.9761060629921259
21
0.9435110236220472
0
LINE
8
BLACK
6
CONTINUOUS
10
1.9761060629921259
20
0.9435110236220472
11
1.9647577559055118
21
0.9435110236220472
0
LINE
8
BLACK
6
CONTINUOUS
10
1.9647577559055118
20
0.9435110236220472
11
1.9620602755905512
21
0.9421622834645669
0
LINE
8
BLACK
6
CONTINUOUS
10
1.9337353543307085
20
0.9508544488188976
11
1.9349909055118111
21
0.9492723228346457
0
LINE
8
BLACK
6
CONTINUOUS
10
1.9349909055118111
20
0.9492723228346457
11
1.9443647244094489
21
0.9211508267716535
0
LINE
8
BLACK
6
CONTINUOUS
10
1.9443647244094489
20
0.9211508267716535
11
1.944515157480315
21
0.9201364566929133
0
LINE
8
BLACK
6
CONTINUOUS
10
1.944515157480315
20
0.9201364566929133
11
1.9444322047244094
21
0.9199265748031495
0
LINE
8
BLACK
6
CONTINUOUS
10
1.9444322047244094
20
0.9199265748031495
11
1.9444714173228346
21
0.9197043307086614
0
LINE
8
BLACK
6
CONTINUOUS
10
1.9444714173228346
20
0.9197043307086614
11
1.9440686614173228
21
0.919006811023622
0
LINE
8
BLACK
6
CONTINUOUS
10
1.9440686614173228
20
0.919006811023622
11
1.9437727559055118
21
0.918258031496063
0
LINE
8
BLACK
6
CONTINUOUS
10
1.9437727559055118
20
0.918258031496063
11
1.9435742913385827
21
0.9181505511811023
0
LINE
8
BLACK
6
CONTINUOUS
10
1.9435742913385827
20
0.9181505511811023
11
1.9434614960629921
21
0.917955157480315
0
LINE
8
BLACK
6
CONTINUOUS
10
1.9434614960629921
20
0.917955157480315
11
1.9427047637795276
21
0.9176797244094488
0
LINE
8
BLACK
6
CONTINUOUS
10
1.9427047637795276
20
0.9176797244094488
11
1.9419966141732283
21
0.9172962598425196
0
LINE
8
BLACK
6
CONTINUOUS
10
1.9419966141732283
20
0.9172962598425196
11
1.9417755118110236
21
0.9173414960629921
0
LINE
8
BLACK
6
CONTINUOUS
10
1.9417755118110236
20
0.9173414960629921
11
1.9415635039370078
21
0.9172643307086614
0
LINE
8
BLACK
6
CONTINUOUS
10
1.9415635039370078
20
0.9172643307086614
11
1.9257686220472441
21
0.9172643307086614
0
LINE
8
BLACK
6
CONTINUOUS
10
1.9257686220472441
20
0.9172643307086614
11
1.9257686220472441
21
0.9070937007874016
0
LINE
8
BLACK
6
CONTINUOUS
10
1.9257686220472441
20
0.9070937007874016
11
1.9255905511811022
21
0.906083779527559
0
LINE
8
BLACK
6
CONTINUOUS
10
1.9255905511811022
20
0.906083779527559
11
1.9242922440944881
21
0.9045365354330709
0
LINE
8
BLACK
6
CONTINUOUS
10
1.9242922440944881
20
0.9045365354330709
11
1.9223031102362205
21
0.9041857874015747
0
LINE
8
BLACK
6
CONTINUOUS
10
1.9223031102362205
20
0.9041857874015747
11
1.9205539370078739
21
0.9051957086614173
0
LINE
8
BLACK
6
CONTINUOUS
10
1.9205539370078739
20
0.9051957086614173
11
1.9198631102362205
21
0.9070937007874016
0
LINE
8
BLACK
6
CONTINUOUS
10
1.9198631102362205
20
0.9070937007874016
11
1.9198631102362205
21
0.9172643307086614
0
LINE
8
BLACK
6
CONTINUOUS
10
1.9198631102362205
20
0.9172643307086614
11
1.9171915748031496
21
0.9172643307086614
0
LINE
8
BLACK
6
CONTINUOUS
10
1.9171915748031496
20
0.9172643307086614
11
1.9161816535433069
21
0.9174424015748032
0
LINE
8
BLACK
6
CONTINUOUS
10
1.9161816535433069
20
0.9174424015748032
11
1.9146344094488188
21
0.9187407086614173
0
LINE
8
BLACK
6
CONTINUOUS
10
1.9146344094488188
20
0.9187407086614173
11
1.9142836614173229
21
0.920729842519685
0
LINE
8
BLACK
6
CONTINUOUS
10
1.9142836614173229
20
0.920729842519685
11
1.9152935826771653
21
0.9224790157480315
0
LINE
8
BLACK
6
CONTINUOUS
10
1.9152935826771653
20
0.9224790157480315
11
1.9171915748031496
21
0.923169842519685
0
LINE
8
BLACK
6
CONTINUOUS
10
1.9171915748031496
20
0.923169842519685
11
1.9198631102362205
21
0.923169842519685
0
LINE
8
BLACK
6
CONTINUOUS
10
1.9198631102362205
20
0.923169842519685
11
1.9198631102362205
21
0.9333404330708661
0
LINE
8
BLACK
6
CONTINUOUS
10
1.9198631102362205
20
0.9333404330708661
11
1.9200411811023621
21
0.9343503543307087
0
LINE
8
BLACK
6
CONTINUOUS
10
1.9200411811023621
20
0.9343503543307087
11
1.9213394881889763
21
0.9358975984251968
0
LINE
8
BLACK
6
CONTINUOUS
10
1.9213394881889763
20
0.9358975984251968
11
1.9233286220472441
21
0.9362483464566929
0
LINE
8
BLACK
6
CONTINUOUS
10
1.9233286220472441
20
0.9362483464566929
11
1.9250777952755904
21
0.9352384251968504
0
LINE
8
BLACK
6
CONTINUOUS
10
1.9250777952755904
20
0.9352384251968504
11
1.9257686220472441
21
0.9333404330708661
0
LINE
8
BLACK
6
CONTINUOUS
10
1.9257686220472441
20
0.9333404330708661
11
1.9257686220472441
21
0.923169842519685
0
LINE
8
BLACK
6
CONTINUOUS
10
1.9257686220472441
20
0.923169842519685
11
1.9374667716535432
21
0.923169842519685
0
LINE
8
BLACK
6
CONTINUOUS
10
1.9374667716535432
20
0.923169842519685
11
1.929388464566929
21
0.947404842519685
0
LINE
8
BLACK
6
CONTINUOUS
10
1.929388464566929
20
0.947404842519685
11
1.9292380314960629
21
0.948419251968504
0
LINE
8
BLACK
6
CONTINUOUS
10
1.9292380314960629
20
0.948419251968504
11
1.9299804330708661
21
0.9502976377952755
0
LINE
8
BLACK
6
CONTINUOUS
10
1.9299804330708661
20
0.9502976377952755
11
1.9317565748031496
21
0.9512594094488189
0
LINE
8
BLACK
6
CONTINUOUS
10
1.9317565748031496
20
0.9512594094488189
11
1.9337353543307085
21
0.9508544488188976
0
LINE
8
BLACK
6
CONTINUOUS
10
1.5929099212598425
20
0.9714746850393701
11
1.5944571653543307
21
0.9701763779527559
0
LINE
8
BLACK
6
CONTINUOUS
10
1.5944571653543307
20
0.9701763779527559
11
1.5948079133858268
21
0.9681872440944882
0
LINE
8
BLACK
6
CONTINUOUS
10
1.5948079133858268
20
0.9681872440944882
11
1.5937979921259842
21
0.9664380708661418
0
LINE
8
BLACK
6
CONTINUOUS
10
1.5937979921259842
20
0.9664380708661418
11
1.5918999999999999
21
0.9657472440944882
0
LINE
8
BLACK
6
CONTINUOUS
10
1.5918999999999999
20
0.9657472440944882
11
1.4581
21
0.9657472440944882
0
LINE
8
BLACK
6
CONTINUOUS
10
1.4581
20
0.9657472440944882
11
1.4570900787401575
21
0.9659253149606299
0
LINE
8
BLACK
6
CONTINUOUS
10
1.4570900787401575
20
0.9659253149606299
11
1.4555428346456694
21
0.9672236220472441
0
LINE
8
BLACK
6
CONTINUOUS
10
1.4555428346456694
20
0.9672236220472441
11
1.4551920866141732
21
0.9692127559055118
0
LINE
8
BLACK
6
CONTINUOUS
10
1.4551920866141732
20
0.9692127559055118
11
1.4562020078740157
21
0.9709619291338583
0
LINE
8
BLACK
6
CONTINUOUS
10
1.4562020078740157
20
0.9709619291338583
11
1.4581
21
0.9716527559055118
0
LINE
8
BLACK
6
CONTINUOUS
10
1.4581
20
0.9716527559055118
11
1.5918999999999999
21
0.9716527559055118
0
LINE
8
BLACK
6
CONTINUOUS
10
1.5918999999999999
20
0.9716527559055118
11
1.5929099212598425
21
0.9714746850393701
0
LINE
8
BLACK
6
CONTINUOUS
10
2.3162445669291336
20
0.9955262204724409
11
2.3181193700787399
21
0.9936514566929133
0
LINE
8
BLACK
6
CONTINUOUS
10
2.3181193700787399
20
0.9936514566929133
11
2.3186257480314958
21
0.9929282677165354
0
LINE
8
BLACK
6
CONTINUOUS
10
2.3186257480314958
20
0.9929282677165354
11
2.3186725196850393
21
0.9928840157480314
0
LINE
8
BLACK
6
CONTINUOUS
10
2.3186725196850393
20
0.9928840157480314
11
2.3205472834645668
21
0.9891344881889763
0
LINE
8
BLACK
6
CONTINUOUS
10
2.3205472834645668
20
0.9891344881889763
11
2.3208396456692912
21
0.9881515748031496
0
LINE
8
BLACK
6
CONTINUOUS
10
2.3208396456692912
20
0.9881515748031496
11
2.3207986220472439
21
0.9879798425196851
0
LINE
8
BLACK
6
CONTINUOUS
10
2.3207986220472439
20
0.9879798425196851
11
2.3208590157480313
21
0.9878139763779528
0
LINE
8
BLACK
6
CONTINUOUS
10
2.3208590157480313
20
0.9878139763779528
11
2.3208590157480313
21
0.9765653937007874
0
LINE
8
BLACK
6
CONTINUOUS
10
2.3208590157480313
20
0.9765653937007874
11
2.3206809448818899
21
0.9755554724409449
0
LINE
8
BLACK
6
CONTINUOUS
10
2.3206809448818899
20
0.9755554724409449
11
2.320567440944882
21
0.9754201968503937
0
LINE
8
BLACK
6
CONTINUOUS
10
2.320567440944882
20
0.9754201968503937
11
2.3205472834645668
21
0.9752448818897638
0
LINE
8
BLACK
6
CONTINUOUS
10
2.3205472834645668
20
0.9752448818897638
11
2.3186725196850393
21
0.9714953543307087
0
LINE
8
BLACK
6
CONTINUOUS
10
2.3186725196850393
20
0.9714953543307087
11
2.3181465354330708
21
0.9707862204724409
0
LINE
8
BLACK
6
CONTINUOUS
10
2.3181465354330708
20
0.9707862204724409
11
2.3181193700787399
21
0.9707279133858268
0
LINE
8
BLACK
6
CONTINUOUS
10
2.3181193700787399
20
0.9707279133858268
11
2.3162445669291336
21
0.9688531496062992
0
LINE
8
BLACK
6
CONTINUOUS
10
2.3162445669291336
20
0.9688531496062992
11
2.315521496062992
21
0.9683468503937007
0
LINE
8
BLACK
6
CONTINUOUS
10
2.315521496062992
20
0.9683468503937007
11
2.3154772047244094
21
0.9683000787401574
0
LINE
8
BLACK
6
CONTINUOUS
10
2.3154772047244094
20
0.9683000787401574
11
2.3117276771653543
21
0.9664253149606299
0
LINE
8
BLACK
6
CONTINUOUS
10
2.3117276771653543
20
0.9664253149606299
11
2.3107447244094486
21
0.9661329527559055
0
LINE
8
BLACK
6
CONTINUOUS
10
2.3107447244094486
20
0.9661329527559055
11
2.3105730314960629
21
0.966173937007874
0
LINE
8
BLACK
6
CONTINUOUS
10
2.3105730314960629
20
0.966173937007874
11
2.3104071653543308
21
0.9661135826771653
0
LINE
8
BLACK
6
CONTINUOUS
10
2.3104071653543308
20
0.9661135826771653
11
2.301033346456693
21
0.9661135826771653
0
LINE
8
BLACK
6
CONTINUOUS
10
2.301033346456693
20
0.9661135826771653
11
2.3000234251968505
21
0.966291653543307
0
LINE
8
BLACK
6
CONTINUOUS
10
2.3000234251968505
20
0.966291653543307
11
2.2998881496062991
21
0.9664051181102362
0
LINE
8
BLACK
6
CONTINUOUS
10
2.2998881496062991
20
0.9664051181102362
11
2.2997128346456694
21
0.9664253149606299
0
LINE
8
BLACK
6
CONTINUOUS
10
2.2997128346456694
20
0.9664253149606299
11
2.2959633070866143
21
0.9683000787401574
0
LINE
8
BLACK
6
CONTINUOUS
10
2.2959633070866143
20
0.9683000787401574
11
2.295254212598425
21
0.9688259448818898
0
LINE
8
BLACK
6
CONTINUOUS
10
2.295254212598425
20
0.9688259448818898
11
2.295195905511811
21
0.968853188976378
0
LINE
8
BLACK
6
CONTINUOUS
10
2.295195905511811
20
0.968853188976378
11
2.2933211417322834
21
0.9707279527559055
0
LINE
8
BLACK
6
CONTINUOUS
10
2.2933211417322834
20
0.9707279527559055
11
2.292814842519685
21
0.9714510236220473
0
LINE
8
BLACK
6
CONTINUOUS
10
2.292814842519685
20
0.9714510236220473
11
2.2927680314960628
21
0.9714953543307087
0
LINE
8
BLACK
6
CONTINUOUS
10
2.2927680314960628
20
0.9714953543307087
11
2.2908932677165352
21
0.9752448818897638
0
LINE
8
BLACK
6
CONTINUOUS
10
2.2908932677165352
20
0.9752448818897638
11
2.290725590551181
21
0.9758085433070866
0
LINE
8
BLACK
6
CONTINUOUS
10
2.290725590551181
20
0.9758085433070866
11
2.2804805905511811
21
0.9668441732283465
0
LINE
8
BLACK
6
CONTINUOUS
10
2.2804805905511811
20
0.9668441732283465
11
2.2801007086614171
21
0.9666142519685039
0
LINE
8
BLACK
6
CONTINUOUS
10
2.2801007086614171
20
0.9666142519685039
11
2.2800125590551179
21
0.9665091732283464
0
LINE
8
BLACK
6
CONTINUOUS
10
2.2800125590551179
20
0.9665091732283464
11
2.2798919685039372
21
0.9664879133858267
0
LINE
8
BLACK
6
CONTINUOUS
10
2.2798919685039372
20
0.9664879133858267
11
2.2796032677165354
21
0.9663131496062992
0
LINE
8
BLACK
6
CONTINUOUS
10
2.2796032677165354
20
0.9663131496062992
11
2.2788074015748032
21
0.9662966535433071
0
LINE
8
BLACK
6
CONTINUOUS
10
2.2788074015748032
20
0.9662966535433071
11
2.2780234251968503
21
0.9661584251968504
0
LINE
8
BLACK
6
CONTINUOUS
10
2.2780234251968503
20
0.9661584251968504
11
2.2778194094488189
21
0.9662761811023621
0
LINE
8
BLACK
6
CONTINUOUS
10
2.2778194094488189
20
0.9662761811023621
11
2.2775839370078739
21
0.9662713385826771
0
LINE
8
BLACK
6
CONTINUOUS
10
2.2775839370078739
20
0.9662713385826771
11
2.276963661417323
21
0.9667702755905512
0
LINE
8
BLACK
6
CONTINUOUS
10
2.276963661417323
20
0.9667702755905512
11
2.2762742519685037
21
0.9671683464566929
0
LINE
8
BLACK
6
CONTINUOUS
10
2.2762742519685037
20
0.9671683464566929
11
2.2761936614173228
21
0.9673896850393701
0
LINE
8
BLACK
6
CONTINUOUS
10
2.2761936614173228
20
0.9673896850393701
11
2.2760101181102361
21
0.9675373622047244
0
LINE
8
BLACK
6
CONTINUOUS
10
2.2760101181102361
20
0.9675373622047244
11
2.2758556692913383
21
0.9683183070866141
0
LINE
8
BLACK
6
CONTINUOUS
10
2.2758556692913383
20
0.9683183070866141
11
2.2755834251968503
21
0.9690663385826771
0
LINE
8
BLACK
6
CONTINUOUS
10
2.2755834251968503
20
0.9690663385826771
11
2.2755834251968503
21
0.9934382677165354
0
LINE
8
BLACK
6
CONTINUOUS
10
2.2755834251968503
20
0.9934382677165354
11
2.2757614960629922
21
0.9944481889763779
0
LINE
8
BLACK
6
CONTINUOUS
10
2.2757614960629922
20
0.9944481889763779
11
2.2770598031496063
21
0.9959954330708661
0
LINE
8
BLACK
6
CONTINUOUS
10
2.2770598031496063
20
0.9959954330708661
11
2.2790489370078739
21
0.9963461811023622
0
LINE
8
BLACK
6
CONTINUOUS
10
2.2790489370078739
20
0.9963461811023622
11
2.2807981102362205
21
0.9953362598425196
0
LINE
8
BLACK
6
CONTINUOUS
10
2.2807981102362205
20
0.9953362598425196
11
2.2814889370078739
21
0.9934382677165354
0
LINE
8
BLACK
6
CONTINUOUS
10
2.2814889370078739
20
0.9934382677165354
11
2.2814889370078739
21
0.9755735039370078
0
LINE
8
BLACK
6
CONTINUOUS
10
2.2814889370078739
20
0.9755735039370078
11
2.2915898818897635
21
0.9844118503937007
0
LINE
8
BLACK
6
CONTINUOUS
10
2.2915898818897635
20
0.9844118503937007
11
2.2919697244094488
21
0.9846417322834645
0
LINE
8
BLACK
6
CONTINUOUS
10
2.2919697244094488
20
0.9846417322834645
11
2.2920579133858268
21
0.9847468503937008
0
LINE
8
BLACK
6
CONTINUOUS
10
2.2920579133858268
20
0.9847468503937008
11
2.2921784645669292
21
0.9847680708661417
0
LINE
8
BLACK
6
CONTINUOUS
10
2.2921784645669292
20
0.9847680708661417
11
2.2924672047244092
21
0.984942874015748
0
LINE
8
BLACK
6
CONTINUOUS
10
2.2924672047244092
20
0.984942874015748
11
2.2932630314960631
21
0.9849593307086614
0
LINE
8
BLACK
6
CONTINUOUS
10
2.2932630314960631
20
0.9849593307086614
11
2.2940470472440944
21
0.9850975984251968
0
LINE
8
BLACK
6
CONTINUOUS
10
2.2940470472440944
20
0.9850975984251968
11
2.294251023622047
21
0.9849798031496063
0
LINE
8
BLACK
6
CONTINUOUS
10
2.294251023622047
20
0.9849798031496063
11
2.2944865748031495
21
0.9849846850393701
0
LINE
8
BLACK
6
CONTINUOUS
10
2.2944865748031495
20
0.9849846850393701
11
2.2951068503937009
21
0.9844856692913385
0
LINE
8
BLACK
6
CONTINUOUS
10
2.2951068503937009
20
0.9844856692913385
11
2.2957962204724409
21
0.9840876771653543
0
LINE
8
BLACK
6
CONTINUOUS
10
2.2957962204724409
20
0.9840876771653543
11
2.2958767716535431
21
0.9838662992125984
0
LINE
8
BLACK
6
CONTINUOUS
10
2.2958767716535431
20
0.9838662992125984
11
2.2960603543307085
21
0.9837186614173228
0
LINE
8
BLACK
6
CONTINUOUS
10
2.2960603543307085
20
0.9837186614173228
11
2.2962147637795276
21
0.9829376771653543
0
LINE
8
BLACK
6
CONTINUOUS
10
2.2962147637795276
20
0.9829376771653543
11
2.2964870472440944
21
0.9821896850393701
0
LINE
8
BLACK
6
CONTINUOUS
10
2.2964870472440944
20
0.9821896850393701
11
2.2964870472440944
21
0.9772624409448819
0
LINE
8
BLACK
6
CONTINUOUS
10
2.2964870472440944
20
0.9772624409448819
11
2.2978357874015747
21
0.9745649606299213
0
LINE
8
BLACK
6
CONTINUOUS
10
2.2978357874015747
20
0.9745649606299213
11
2.2990329133858269
21
0.9733678346456692
0
LINE
8
BLACK
6
CONTINUOUS
10
2.2990329133858269
20
0.9733678346456692
11
2.3017303937007871
21
0.9720190944881889
0
LINE
8
BLACK
6
CONTINUOUS
10
2.3017303937007871
20
0.9720190944881889
11
2.3097101181102362
21
0.9720190944881889
0
LINE
8
BLACK
6
CONTINUOUS
10
2.3097101181102362
20
0.9720190944881889
11
2.3124075984251968
21
0.9733678346456692
0
LINE
8
BLACK
6
CONTINUOUS
10
2.3124075984251968
20
0.9733678346456692
11
2.3136047637795274
21
0.9745649606299213
0
LINE
8
BLACK
6
CONTINUOUS
10
2.3136047637795274
20
0.9745649606299213
11
2.3149535039370077
21
0.9772624409448819
0
LINE
8
BLACK
6
CONTINUOUS
10
2.3149535039370077
20
0.9772624409448819
11
2.3149535039370077
21
0.9871169291338583
0
LINE
8
BLACK
6
CONTINUOUS
10
2.3149535039370077
20
0.9871169291338583
11
2.3136047637795274
21
0.9898143700787402
0
LINE
8
BLACK
6
CONTINUOUS
10
2.3136047637795274
20
0.9898143700787402
11
2.3120688188976377
21
0.9913503149606299
0
LINE
8
BLACK
6
CONTINUOUS
10
2.3120688188976377
20
0.9913503149606299
11
2.3114805905511813
21
0.9921903543307087
0
LINE
8
BLACK
6
CONTINUOUS
10
2.3114805905511813
20
0.9921903543307087
11
2.3113045275590549
21
0.9942024803149606
0
LINE
8
BLACK
6
CONTINUOUS
10
2.3113045275590549
20
0.9942024803149606
11
2.3124630314960628
21
0.9958570472440945
0
LINE
8
BLACK
6
CONTINUOUS
10
2.3124630314960628
20
0.9958570472440945
11
2.3144140157480315
21
0.9963797637795275
0
LINE
8
BLACK
6
CONTINUOUS
10
2.3144140157480315
20
0.9963797637795275
11
2.3162445669291336
21
0.9955262204724409
0
LINE
8
BLACK
6
CONTINUOUS
10
2.1915438582677167
20
0.9939350787401574
11
2.1926566929133857
21
0.992249527559055
0
LINE
8
BLACK
6
CONTINUOUS
10
2.1926566929133857
20
0.992249527559055
11
2.1924257874015747
21
0.9902429921259842
0
LINE
8
BLACK
6
CONTINUOUS
10
2.1924257874015747
20
0.9902429921259842
11
2.1905510236220471
21
0.9864934645669291
0
LINE
8
BLACK
6
CONTINUOUS
10
2.1905510236220471
20
0.9864934645669291
11
2.1900250787401574
21
0.9857843700787401
0
LINE
8
BLACK
6
CONTINUOUS
10
2.1900250787401574
20
0.9857843700787401
11
2.1899979133858265
21
0.985726062992126
0
LINE
8
BLACK
6
CONTINUOUS
10
2.1899979133858265
20
0.985726062992126
11
2.1875395275590552
21
0.9832676771653543
0
LINE
8
BLACK
6
CONTINUOUS
10
2.1875395275590552
20
0.9832676771653543
11
2.2149535039370076
21
0.9832676771653543
0
LINE
8
BLACK
6
CONTINUOUS
10
2.2149535039370076
20
0.9832676771653543
11
2.2149535039370076
21
0.9915635039370079
0
LINE
8
BLACK
6
CONTINUOUS
10
2.2149535039370076
20
0.9915635039370079
11
2.2151315748031495
21
0.9925734251968503
0
LINE
8
BLACK
6
CONTINUOUS
10
2.2151315748031495
20
0.9925734251968503
11
2.2164298818897636
21
0.9941206692913386
0
LINE
8
BLACK
6
CONTINUOUS
10
2.2164298818897636
20
0.9941206692913386
11
2.2184190157480312
21
0.9944714173228346
0
LINE
8
BLACK
6
CONTINUOUS
10
2.2184190157480312
20
0.9944714173228346
11
2.2201681889763778
21
0.9934614960629921
0
LINE
8
BLACK
6
CONTINUOUS
10
2.2201681889763778
20
0.9934614960629921
11
2.2208590157480312
21
0.9915635039370079
0
LINE
8
BLACK
6
CONTINUOUS
10
2.2208590157480312
20
0.9915635039370079
11
2.2208590157480312
21
0.9690663385826771
0
LINE
8
BLACK
6
CONTINUOUS
10
2.2208590157480312
20
0.9690663385826771
11
2.2206809448818898
21
0.9680564173228347
0
LINE
8
BLACK
6
CONTINUOUS
10
2.2206809448818898
20
0.9680564173228347
11
2.2193826377952757
21
0.9665091732283464
0
LINE
8
BLACK
6
CONTINUOUS
10
2.2193826377952757
20
0.9665091732283464
11
2.2173935039370076
21
0.9661584251968504
0
LINE
8
BLACK
6
CONTINUOUS
10
2.2173935039370076
20
0.9661584251968504
11
2.2156443307086615
21
0.9671683464566929
0
LINE
8
BLACK
6
CONTINUOUS
10
2.2156443307086615
20
0.9671683464566929
11
2.2149535039370076
21
0.9690663385826771
0
LINE
8
BLACK
6
CONTINUOUS
10
2.2149535039370076
20
0.9690663385826771
11
2.2149535039370076
21
0.9773621653543307
0
LINE
8
BLACK
6
CONTINUOUS
10
2.2149535039370076
20
0.9773621653543307
11
2.1785361811023622
21
0.9773621653543307
0
LINE
8
BLACK
6
CONTINUOUS
10
2.1785361811023622
20
0.9773621653543307
11
2.1775262598425198
21
0.9775402362204724
0
LINE
8
BLACK
6
CONTINUOUS
10
2.1775262598425198
20
0.9775402362204724
11
2.1773961811023623
21
0.9776493307086614
0
LINE
8
BLACK
6
CONTINUOUS
10
2.1773961811023623
20
0.9776493307086614
11
2.1772274409448817
21
0.977668031496063
0
LINE
8
BLACK
6
CONTINUOUS
10
2.1772274409448817
20
0.977668031496063
11
2.1766355118110234
21
0.9782876377952756
0
LINE
8
BLACK
6
CONTINUOUS
10
2.1766355118110234
20
0.9782876377952756
11
2.1759790157480317
21
0.9788385433070866
0
LINE
8
BLACK
6
CONTINUOUS
10
2.1759790157480317
20
0.9788385433070866
11
2.1759495275590552
21
0.9790057480314961
0
LINE
8
BLACK
6
CONTINUOUS
10
2.1759495275590552
20
0.9790057480314961
11
2.1758322440944879
21
0.9791285433070865
0
LINE
8
BLACK
6
CONTINUOUS
10
2.1758322440944879
20
0.9791285433070865
11
2.1757770866141732
21
0.9799836614173228
0
LINE
8
BLACK
6
CONTINUOUS
10
2.1757770866141732
20
0.9799836614173228
11
2.1756282677165353
21
0.9808276771653544
0
LINE
8
BLACK
6
CONTINUOUS
10
2.1756282677165353
20
0.9808276771653544
11
2.1757131496062994
21
0.9809747244094488
0
LINE
8
BLACK
6
CONTINUOUS
10
2.1757131496062994
20
0.9809747244094488
11
2.175702244094488
21
0.9811441338582677
0
LINE
8
BLACK
6
CONTINUOUS
10
2.175702244094488
20
0.9811441338582677
11
2.1762096850393702
21
0.9818347244094487
0
LINE
8
BLACK
6
CONTINUOUS
10
2.1762096850393702
20
0.9818347244094487
11
2.1766381889763777
21
0.9825768503937008
0
LINE
8
BLACK
6
CONTINUOUS
10
2.1766381889763777
20
0.9825768503937008
11
2.1767976771653541
21
0.9826348818897638
0
LINE
8
BLACK
6
CONTINUOUS
10
2.1767976771653541
20
0.9826348818897638
11
2.1768982677165352
21
0.9827717716535432
0
LINE
8
BLACK
6
CONTINUOUS
10
2.1768982677165352
20
0.9827717716535432
11
2.1822792913385824
21
0.9863590944881889
0
LINE
8
BLACK
6
CONTINUOUS
10
2.1822792913385824
20
0.9863590944881889
11
2.1854832677165352
21
0.9895630708661417
0
LINE
8
BLACK
6
CONTINUOUS
10
2.1854832677165352
20
0.9895630708661417
11
2.1871437401574805
21
0.9928840157480314
0
LINE
8
BLACK
6
CONTINUOUS
10
2.1871437401574805
20
0.9928840157480314
11
2.1877546456692913
21
0.9937076771653544
0
LINE
8
BLACK
6
CONTINUOUS
10
2.1877546456692913
20
0.9937076771653544
11
2.1896078346456691
21
0.9945109448818897
0
LINE
8
BLACK
6
CONTINUOUS
10
2.1896078346456691
20
0.9945109448818897
11
2.1915438582677167
21
0.9939350787401574
0
LINE
8
BLACK
6
CONTINUOUS
10
1.4318759842519684
20
1.0242532283464567
11
1.4340721259842519
21
1.0220570866141732
0
LINE
8
BLACK
6
CONTINUOUS
10
1.4340721259842519
20
1.0220570866141732
11
1.4348759842519685
21
1.0190570866141733
0
LINE
8
BLACK
6
CONTINUOUS
10
1.4348759842519685
20
1.0190570866141733
11
1.4348759842519685
21
1.0021999606299212
0
LINE
8
BLACK
6
CONTINUOUS
10
1.4348759842519685
20
1.0021999606299212
11
1.4517331102362205
21
1.0021999606299212
0
LINE
8
BLACK
6
CONTINUOUS
10
1.4517331102362205
20
1.0021999606299212
11
1.4547331102362204
21
1.0013961023622047
0
LINE
8
BLACK
6
CONTINUOUS
10
1.4547331102362204
20
1.0013961023622047
11
1.456929251968504
21
0.9991999606299212
0
LINE
8
BLACK
6
CONTINUOUS
10
1.456929251968504
20
0.9991999606299212
11
1.4577331102362205
21
0.9961999606299212
0
LINE
8
BLACK
6
CONTINUOUS
10
1.4577331102362205
20
0.9961999606299212
11
1.456929251968504
21
0.9931999606299212
0
LINE
8
BLACK
6
CONTINUOUS
10
1.456929251968504
20
0.9931999606299212
11
1.4547331102362204
21
0.9910038188976378
0
LINE
8
BLACK
6
CONTINUOUS
10
1.4547331102362204
20
0.9910038188976378
11
1.4517331102362205
21
0.9901999606299212
0
LINE
8
BLACK
6
CONTINUOUS
10
1.4517331102362205
20
0.9901999606299212
11
1.4348759842519685
21
0.9901999606299212
0
LINE
8
BLACK
6
CONTINUOUS
10
1.4348759842519685
20
0.9901999606299212
11
1.4348759842519685
21
0.9733428346456693
0
LINE
8
BLACK
6
CONTINUOUS
10
1.4348759842519685
20
0.9733428346456693
11
1.4340721259842519
21
0.9703428346456693
0
LINE
8
BLACK
6
CONTINUOUS
10
1.4340721259842519
20
0.9703428346456693
11
1.4318759842519684
21
0.9681466929133858
0
LINE
8
BLACK
6
CONTINUOUS
10
1.4318759842519684
20
0.9681466929133858
11
1.4288759842519685
21
0.9673428346456693
0
LINE
8
BLACK
6
CONTINUOUS
10
1.4288759842519685
20
0.9673428346456693
11
1.4258759842519684
21
0.9681466929133858
0
LINE
8
BLACK
6
CONTINUOUS
10
1.4258759842519684
20
0.9681466929133858
11
1.424194094488189
21
0.9698285433070866
0
LINE
8
BLACK
6
CONTINUOUS
10
1.424194094488189
20
0.9698285433070866
11
1.4239872440944881
21
0.9697920866141732
0
LINE
8
BLACK
6
CONTINUOUS
10
1.4239872440944881
20
0.9697920866141732
11
1.4222380708661417
21
0.9708020078740157
0
LINE
8
BLACK
6
CONTINUOUS
10
1.4222380708661417
20
0.9708020078740157
11
1.4215472440944881
21
0.9727
0
LINE
8
BLACK
6
CONTINUOUS
10
1.4215472440944881
20
0.9727
11
1.4215472440944881
21
0.9901999606299212
0
LINE
8
BLACK
6
CONTINUOUS
10
1.4215472440944881
20
0.9901999606299212
11
1.4060188188976377
21
0.9901999606299212
0
LINE
8
BLACK
6
CONTINUOUS
10
1.4060188188976377
20
0.9901999606299212
11
1.4030188188976378
21
0.9910038188976378
0
LINE
8
BLACK
6
CONTINUOUS
10
1.4030188188976378
20
0.9910038188976378
11
1.4008226771653542
21
0.9931999606299212
0
LINE
8
BLACK
6
CONTINUOUS
10
1.4008226771653542
20
0.9931999606299212
11
1.4000188188976377
21
0.9961999606299212
0
LINE
8
BLACK
6
CONTINUOUS
10
1.4000188188976377
20
0.9961999606299212
11
1.4008226771653542
21
0.9991999606299212
0
LINE
8
BLACK
6
CONTINUOUS
10
1.4008226771653542
20
0.9991999606299212
11
1.4030188188976378
21
1.0013961023622047
0
LINE
8
BLACK
6
CONTINUOUS
10
1.4030188188976378
20
1.0013961023622047
11
1.4060188188976377
21
1.0021999606299212
0
LINE
8
BLACK
6
CONTINUOUS
10
1.4060188188976377
20
1.0021999606299212
11
1.4215472440944881
21
1.0021999606299212
0
LINE
8
BLACK
6
CONTINUOUS
10
1.4215472440944881
20
1.0021999606299212
11
1.4215472440944881
21
1.0199
0
LINE
8
BLACK
6
CONTINUOUS
10
1.4215472440944881
20
1.0199
11
1.4217253149606299
21
1.0209099212598425
0
LINE
8
BLACK
6
CONTINUOUS
10
1.4217253149606299
20
1.0209099212598425
11
1.4230236220472441
21
1.0224571653543306
0
LINE
8
BLACK
6
CONTINUOUS
10
1.4230236220472441
20
1.0224571653543306
11
1.4243060236220473
21
1.0226832677165354
0
LINE
8
BLACK
6
CONTINUOUS
10
1.4243060236220473
20
1.0226832677165354
11
1.4258759842519684
21
1.0242532283464567
0
LINE
8
BLACK
6
CONTINUOUS
10
1.4258759842519684
20
1.0242532283464567
11
1.4288759842519685
21
1.0250570866141733
0
LINE
8
BLACK
6
CONTINUOUS
10
1.4288759842519685
20
1.0250570866141733
11
1.4318759842519684
21
1.0242532283464567
0
LINE
8
BLACK
6
CONTINUOUS
10
2.2189161811023621
20
1.0318335039370079
11
2.2204634251968502
21
1.0305351968503937
0
LINE
8
BLACK
6
CONTINUOUS
10
2.2204634251968502
20
1.0305351968503937
11
2.2208141732283466
21
1.0285460629921259
0
LINE
8
BLACK
6
CONTINUOUS
10
2.2208141732283466
20
1.0285460629921259
11
2.2198042519685037
21
1.0267968897637796
0
LINE
8
BLACK
6
CONTINUOUS
10
2.2198042519685037
20
1.0267968897637796
11
2.2179062598425197
21
1.0261060629921259
0
LINE
8
BLACK
6
CONTINUOUS
10
2.2179062598425197
20
1.0261060629921259
11
2.2021113385826769
21
1.0261060629921259
0
LINE
8
BLACK
6
CONTINUOUS
10
2.2021113385826769
20
1.0261060629921259
11
2.2021113385826769
21
1.0212223622047243
0
LINE
8
BLACK
6
CONTINUOUS
10
2.2021113385826769
20
1.0212223622047243
11
2.219599566929134
21
1.0089806299212598
0
LINE
8
BLACK
6
CONTINUOUS
10
2.219599566929134
20
1.0089806299212598
11
2.2203248031496061
21
1.008255590551181
0
LINE
8
BLACK
6
CONTINUOUS
10
2.2203248031496061
20
1.008255590551181
11
2.220847834645669
21
1.0063047244094487
0
LINE
8
BLACK
6
CONTINUOUS
10
2.220847834645669
20
1.0063047244094487
11
2.2199944881889762
21
1.0044740157480314
0
LINE
8
BLACK
6
CONTINUOUS
10
2.2199944881889762
20
1.0044740157480314
11
2.2181640157480316
21
1.0036201968503937
0
LINE
8
BLACK
6
CONTINUOUS
10
2.2181640157480316
20
1.0036201968503937
11
2.2162129921259841
21
1.0041426377952756
0
LINE
8
BLACK
6
CONTINUOUS
10
2.2162129921259841
20
1.0041426377952756
11
2.2021039370078741
21
1.014018937007874
0
LINE
8
BLACK
6
CONTINUOUS
10
2.2021039370078741
20
1.014018937007874
11
2.2019332677165355
21
1.0130507874015748
0
LINE
8
BLACK
6
CONTINUOUS
10
2.2019332677165355
20
1.0130507874015748
11
2.2018197637795276
21
1.0129155118110236
0
LINE
8
BLACK
6
CONTINUOUS
10
2.2018197637795276
20
1.0129155118110236
11
2.2017996062992125
21
1.0127401968503937
0
LINE
8
BLACK
6
CONTINUOUS
10
2.2017996062992125
20
1.0127401968503937
11
2.1999248425196849
21
1.0089906692913386
0
LINE
8
BLACK
6
CONTINUOUS
10
2.1999248425196849
20
1.0089906692913386
11
2.1993989370078739
21
1.0082815748031495
0
LINE
8
BLACK
6
CONTINUOUS
10
2.1993989370078739
20
1.0082815748031495
11
2.1993717322834647
21
1.0082232677165355
0
LINE
8
BLACK
6
CONTINUOUS
10
2.1993717322834647
20
1.0082232677165355
11
2.1974969685039372
21
1.0063485039370079
0
LINE
8
BLACK
6
CONTINUOUS
10
2.1974969685039372
20
1.0063485039370079
11
2.1967738582677163
21
1.0058422047244093
0
LINE
8
BLACK
6
CONTINUOUS
10
2.1967738582677163
20
1.0058422047244093
11
2.1967295669291338
21
1.0057953937007873
0
LINE
8
BLACK
6
CONTINUOUS
10
2.1967295669291338
20
1.0057953937007873
11
2.1929800393700787
21
1.0039206299212597
0
LINE
8
BLACK
6
CONTINUOUS
10
2.1929800393700787
20
1.0039206299212597
11
2.1919970866141734
21
1.0036282677165353
0
LINE
8
BLACK
6
CONTINUOUS
10
2.1919970866141734
20
1.0036282677165353
11
2.1918253937007872
21
1.003669251968504
0
LINE
8
BLACK
6
CONTINUOUS
10
2.1918253937007872
20
1.003669251968504
11
2.1916595275590551
21
1.0036088976377953
0
LINE
8
BLACK
6
CONTINUOUS
10
2.1916595275590551
20
1.0036088976377953
11
2.1860352362204725
21
1.0036088976377953
0
LINE
8
BLACK
6
CONTINUOUS
10
2.1860352362204725
20
1.0036088976377953
11
2.18502531496063
21
1.0037869685039369
0
LINE
8
BLACK
6
CONTINUOUS
10
2.18502531496063
20
1.0037869685039369
11
2.1848900393700785
21
1.0039004330708661
0
LINE
8
BLACK
6
CONTINUOUS
10
2.1848900393700785
20
1.0039004330708661
11
2.1847147244094489
21
1.0039206299212597
0
LINE
8
BLACK
6
CONTINUOUS
10
2.1847147244094489
20
1.0039206299212597
11
2.1809651968503938
21
1.0057953937007873
0
LINE
8
BLACK
6
CONTINUOUS
10
2.1809651968503938
20
1.0057953937007873
11
2.1802561023622045
21
1.0063212598425197
0
LINE
8
BLACK
6
CONTINUOUS
10
2.1802561023622045
20
1.0063212598425197
11
2.1801977952755904
21
1.0063485039370079
0
LINE
8
BLACK
6
CONTINUOUS
10
2.1801977952755904
20
1.0063485039370079
11
2.1783230314960629
21
1.0082232677165355
0
LINE
8
BLACK
6
CONTINUOUS
10
2.1783230314960629
20
1.0082232677165355
11
2.1778167322834645
21
1.0089463385826771
0
LINE
8
BLACK
6
CONTINUOUS
10
2.1778167322834645
20
1.0089463385826771
11
2.1777699212598423
21
1.0089906692913386
0
LINE
8
BLACK
6
CONTINUOUS
10
2.1777699212598423
20
1.0089906692913386
11
2.1758951574803147
21
1.0127401968503937
0
LINE
8
BLACK
6
CONTINUOUS
10
2.1758951574803147
20
1.0127401968503937
11
2.1756027952755903
21
1.0137231496062993
0
LINE
8
BLACK
6
CONTINUOUS
10
2.1756027952755903
20
1.0137231496062993
11
2.1756437795275589
21
1.0138948031496062
0
LINE
8
BLACK
6
CONTINUOUS
10
2.1756437795275589
20
1.0138948031496062
11
2.1755834251968502
21
1.0140607086614173
0
LINE
8
BLACK
6
CONTINUOUS
10
2.1755834251968502
20
1.0140607086614173
11
2.1755834251968502
21
1.0290588188976377
0
LINE
8
BLACK
6
CONTINUOUS
10
2.1755834251968502
20
1.0290588188976377
11
2.1756510236220472
21
1.0294423228346457
0
LINE
8
BLACK
6
CONTINUOUS
10
2.1756510236220472
20
1.0294423228346457
11
2.1756282677165353
21
1.0295715748031495
0
LINE
8
BLACK
6
CONTINUOUS
10
2.1756282677165353
20
1.0295715748031495
11
2.1756938582677163
21
1.029685157480315
0
LINE
8
BLACK
6
CONTINUOUS
10
2.1756938582677163
20
1.029685157480315
11
2.1757614960629921
21
1.0300687401574804
0
LINE
8
BLACK
6
CONTINUOUS
10
2.1757614960629921
20
1.0300687401574804
11
2.1762546062992127
21
1.0306564173228345
0
LINE
8
BLACK
6
CONTINUOUS
10
2.1762546062992127
20
1.0306564173228345
11
2.1766381889763777
21
1.0313207480314961
0
LINE
8
BLACK
6
CONTINUOUS
10
2.1766381889763777
20
1.0313207480314961
11
2.1768885039370076
21
1.0314118503937009
0
LINE
8
BLACK
6
CONTINUOUS
10
2.1768885039370076
20
1.0314118503937009
11
2.1770598031496062
21
1.0316159842519685
0
LINE
8
BLACK
6
CONTINUOUS
10
2.1770598031496062
20
1.0316159842519685
11
2.1778153543307086
21
1.0317492125984251
0
LINE
8
BLACK
6
CONTINUOUS
10
2.1778153543307086
20
1.0317492125984251
11
2.1785361811023622
21
1.0320115748031495
0
LINE
8
BLACK
6
CONTINUOUS
10
2.1785361811023622
20
1.0320115748031495
11
2.2179062598425197
21
1.0320115748031495
0
LINE
8
BLACK
6
CONTINUOUS
10
2.2179062598425197
20
1.0320115748031495
11
2.2189161811023621
21
1.0318335039370079
0
LINE
8
BLACK
6
CONTINUOUS
10
2.1814889370078738
20
1.0147577559055119
11
2.1828376771653542
21
1.0120602755905512
0
LINE
8
BLACK
6
CONTINUOUS
10
2.1828376771653542
20
1.0120602755905512
11
2.1840348031496064
21
1.0108631496062992
0
LINE
8
BLACK
6
CONTINUOUS
10
2.1840348031496064
20
1.0108631496062992
11
2.1867322834645671
21
1.0095144094488189
0
LINE
8
BLACK
6
CONTINUOUS
10
2.1867322834645671
20
1.0095144094488189
11
2.1909624803149605
21
1.0095144094488189
0
LINE
8
BLACK
6
CONTINUOUS
10
2.1909624803149605
20
1.0095144094488189
11
2.1936599606299212
21
1.0108631496062992
0
LINE
8
BLACK
6
CONTINUOUS
10
2.1936599606299212
20
1.0108631496062992
11
2.194857086614173
21
1.0120602755905512
0
LINE
8
BLACK
6
CONTINUOUS
10
2.194857086614173
20
1.0120602755905512
11
2.1962058267716533
21
1.0147577559055119
0
LINE
8
BLACK
6
CONTINUOUS
10
2.1962058267716533
20
1.0147577559055119
11
2.1962058267716533
21
1.0261060629921259
0
LINE
8
BLACK
6
CONTINUOUS
10
2.1962058267716533
20
1.0261060629921259
11
2.1814889370078738
21
1.0261060629921259
0
LINE
8
BLACK
6
CONTINUOUS
10
2.1814889370078738
20
1.0261060629921259
11
2.1814889370078738
21
1.0147577559055119
0
LINE
8
BLACK
6
CONTINUOUS
10
2.3189161811023622
20
1.0318335039370079
11
2.3204634251968503
21
1.0305351968503937
0
LINE
8
BLACK
6
CONTINUOUS
10
2.3204634251968503
20
1.0305351968503937
11
2.3208141732283463
21
1.0285460629921259
0
LINE
8
BLACK
6
CONTINUOUS
10
2.3208141732283463
20
1.0285460629921259
11
2.3198042519685038
21
1.0267968897637796
0
LINE
8
BLACK
6
CONTINUOUS
10
2.3198042519685038
20
1.0267968897637796
11
2.3179062598425197
21
1.0261060629921259
0
LINE
8
BLACK
6
CONTINUOUS
10
2.3179062598425197
20
1.0261060629921259
11
2.302111338582677
21
1.0261060629921259
0
LINE
8
BLACK
6
CONTINUOUS
10
2.302111338582677
20
1.0261060629921259
11
2.302111338582677
21
1.0212223622047243
0
LINE
8
BLACK
6
CONTINUOUS
10
2.302111338582677
20
1.0212223622047243
11
2.3195995669291336
21
1.0089806299212598
0
LINE
8
BLACK
6
CONTINUOUS
10
2.3195995669291336
20
1.0089806299212598
11
2.3203248031496062
21
1.008255590551181
0
LINE
8
BLACK
6
CONTINUOUS
10
2.3203248031496062
20
1.008255590551181
11
2.3208478346456691
21
1.0063047244094487
0
LINE
8
BLACK
6
CONTINUOUS
10
2.3208478346456691
20
1.0063047244094487
11
2.3199944881889762
21
1.0044740157480314
0
LINE
8
BLACK
6
CONTINUOUS
10
2.3199944881889762
20
1.0044740157480314
11
2.3181640157480317
21
1.0036201968503937
0
LINE
8
BLACK
6
CONTINUOUS
10
2.3181640157480317
20
1.0036201968503937
11
2.3162129921259842
21
1.0041426377952756
0
LINE
8
BLACK
6
CONTINUOUS
10
2.3162129921259842
20
1.0041426377952756
11
2.3021039370078737
21
1.014018937007874
0
LINE
8
BLACK
6
CONTINUOUS
10
2.3021039370078737
20
1.014018937007874
11
2.3019332677165352
21
1.0130507874015748
0
LINE
8
BLACK
6
CONTINUOUS
10
2.3019332677165352
20
1.0130507874015748
11
2.3018197637795277
21
1.0129155118110236
0
LINE
8
BLACK
6
CONTINUOUS
10
2.3018197637795277
20
1.0129155118110236
11
2.3017996062992125
21
1.0127401968503937
0
LINE
8
BLACK
6
CONTINUOUS
10
2.3017996062992125
20
1.0127401968503937
11
2.299924842519685
21
1.0089906692913386
0
LINE
8
BLACK
6
CONTINUOUS
10
2.299924842519685
20
1.0089906692913386
11
2.299398937007874
21
1.0082815748031495
0
LINE
8
BLACK
6
CONTINUOUS
10
2.299398937007874
20
1.0082815748031495
11
2.2993717322834644
21
1.0082232677165355
0
LINE
8
BLACK
6
CONTINUOUS
10
2.2993717322834644
20
1.0082232677165355
11
2.2974969685039368
21
1.0063485039370079
0
LINE
8
BLACK
6
CONTINUOUS
10
2.2974969685039368
20
1.0063485039370079
11
2.2967738582677164
21
1.0058422047244093
0
LINE
8
BLACK
6
CONTINUOUS
10
2.2967738582677164
20
1.0058422047244093
11
2.2967295669291339
21
1.0057953937007873
0
LINE
8
BLACK
6
CONTINUOUS
10
2.2967295669291339
20
1.0057953937007873
11
2.2929800393700788
21
1.0039206299212597
0
LINE
8
BLACK
6
CONTINUOUS
10
2.2929800393700788
20
1.0039206299212597
11
2.291997086614173
21
1.0036282677165353
0
LINE
8
BLACK
6
CONTINUOUS
10
2.291997086614173
20
1.0036282677165353
11
2.2918253937007873
21
1.003669251968504
0
LINE
8
BLACK
6
CONTINUOUS
10
2.2918253937007873
20
1.003669251968504
11
2.2916595275590552
21
1.0036088976377953
0
LINE
8
BLACK
6
CONTINUOUS
10
2.2916595275590552
20
1.0036088976377953
11
2.2860352362204726
21
1.0036088976377953
0
LINE
8
BLACK
6
CONTINUOUS
10
2.2860352362204726
20
1.0036088976377953
11
2.2850253149606297
21
1.0037869685039369
0
LINE
8
BLACK
6
CONTINUOUS
10
2.2850253149606297
20
1.0037869685039369
11
2.2848900393700786
21
1.0039004330708661
0
LINE
8
BLACK
6
CONTINUOUS
10
2.2848900393700786
20
1.0039004330708661
11
2.2847147244094486
21
1.0039206299212597
0
LINE
8
BLACK
6
CONTINUOUS
10
2.2847147244094486
20
1.0039206299212597
11
2.2809651968503935
21
1.0057953937007873
0
LINE
8
BLACK
6
CONTINUOUS
10
2.2809651968503935
20
1.0057953937007873
11
2.2802561023622046
21
1.0063212598425197
0
LINE
8
BLACK
6
CONTINUOUS
10
2.2802561023622046
20
1.0063212598425197
11
2.2801977952755905
21
1.0063485039370079
0
LINE
8
BLACK
6
CONTINUOUS
10
2.2801977952755905
20
1.0063485039370079
11
2.278323031496063
21
1.0082232677165355
0
LINE
8
BLACK
6
CONTINUOUS
10
2.278323031496063
20
1.0082232677165355
11
2.2778167322834646
21
1.0089463385826771
0
LINE
8
BLACK
6
CONTINUOUS
10
2.2778167322834646
20
1.0089463385826771
11
2.2777699212598423
21
1.0089906692913386
0
LINE
8
BLACK
6
CONTINUOUS
10
2.2777699212598423
20
1.0089906692913386
11
2.2758951574803148
21
1.0127401968503937
0
LINE
8
BLACK
6
CONTINUOUS
10
2.2758951574803148
20
1.0127401968503937
11
2.2756027952755904
21
1.0137231496062993
0
LINE
8
BLACK
6
CONTINUOUS
10
2.2756027952755904
20
1.0137231496062993
11
2.275643779527559
21
1.0138948031496062
0
LINE
8
BLACK
6
CONTINUOUS
10
2.275643779527559
20
1.0138948031496062
11
2.2755834251968503
21
1.0140607086614173
0
LINE
8
BLACK
6
CONTINUOUS
10
2.2755834251968503
20
1.0140607086614173
11
2.2755834251968503
21
1.0290588188976377
0
LINE
8
BLACK
6
CONTINUOUS
10
2.2755834251968503
20
1.0290588188976377
11
2.2756510236220473
21
1.0294423228346457
0
LINE
8
BLACK
6
CONTINUOUS
10
2.2756510236220473
20
1.0294423228346457
11
2.2756282677165354
21
1.0295715748031495
0
LINE
8
BLACK
6
CONTINUOUS
10
2.2756282677165354
20
1.0295715748031495
11
2.2756938582677164
21
1.029685157480315
0
LINE
8
BLACK
6
CONTINUOUS
10
2.2756938582677164
20
1.029685157480315
11
2.2757614960629922
21
1.0300687401574804
0
LINE
8
BLACK
6
CONTINUOUS
10
2.2757614960629922
20
1.0300687401574804
11
2.2762546062992124
21
1.0306564173228345
0
LINE
8
BLACK
6
CONTINUOUS
10
2.2762546062992124
20
1.0306564173228345
11
2.2766381889763778
21
1.0313207480314961
0
LINE
8
BLACK
6
CONTINUOUS
10
2.2766381889763778
20
1.0313207480314961
11
2.2768885039370077
21
1.0314118503937009
0
LINE
8
BLACK
6
CONTINUOUS
10
2.2768885039370077
20
1.0314118503937009
11
2.2770598031496063
21
1.0316159842519685
0
LINE
8
BLACK
6
CONTINUOUS
10
2.2770598031496063
20
1.0316159842519685
11
2.2778153543307087
21
1.0317492125984251
0
LINE
8
BLACK
6
CONTINUOUS
10
2.2778153543307087
20
1.0317492125984251
11
2.2785361811023623
21
1.0320115748031495
0
LINE
8
BLACK
6
CONTINUOUS
10
2.2785361811023623
20
1.0320115748031495
11
2.3179062598425197
21
1.0320115748031495
0
LINE
8
BLACK
6
CONTINUOUS
10
2.3179062598425197
20
1.0320115748031495
11
2.3189161811023622
21
1.0318335039370079
0
LINE
8
BLACK
6
CONTINUOUS
10
2.2814889370078739
20
1.0147577559055119
11
2.2828376771653542
21
1.0120602755905512
0
LINE
8
BLACK
6
CONTINUOUS
10
2.2828376771653542
20
1.0120602755905512
11
2.2840348031496061
21
1.0108631496062992
0
LINE
8
BLACK
6
CONTINUOUS
10
2.2840348031496061
20
1.0108631496062992
11
2.2867322834645667
21
1.0095144094488189
0
LINE
8
BLACK
6
CONTINUOUS
10
2.2867322834645667
20
1.0095144094488189
11
2.2909624803149606
21
1.0095144094488189
0
LINE
8
BLACK
6
CONTINUOUS
10
2.2909624803149606
20
1.0095144094488189
11
2.2936599606299213
21
1.0108631496062992
0
LINE
8
BLACK
6
CONTINUOUS
10
2.2936599606299213
20
1.0108631496062992
11
2.2948570866141731
21
1.0120602755905512
0
LINE
8
BLACK
6
CONTINUOUS
10
2.2948570866141731
20
1.0120602755905512
11
2.2962058267716534
21
1.0147577559055119
0
LINE
8
BLACK
6
CONTINUOUS
10
2.2962058267716534
20
1.0147577559055119
11
2.2962058267716534
21
1.0261060629921259
0
LINE
8
BLACK
6
CONTINUOUS
10
2.2962058267716534
20
1.0261060629921259
11
2.2814889370078739
21
1.0261060629921259
0
LINE
8
BLACK
6
CONTINUOUS
10
2.2814889370078739
20
1.0261060629921259
11
2.2814889370078739
21
1.0147577559055119
0
LINE
8
BLACK
6
CONTINUOUS
10
2.0563248425196852
20
1.049238464566929
11
2.0564600787401575
21
1.0491249606299213
0
LINE
8
BLACK
6
CONTINUOUS
10
2.0564600787401575
20
1.0491249606299213
11
2.0566354330708663
21
1.0491048031496062
0
LINE
8
BLACK
6
CONTINUOUS
10
2.0566354330708663
20
1.0491048031496062
11
2.0603849606299214
21
1.0472300393700786
0
LINE
8
BLACK
6
CONTINUOUS
10
2.0603849606299214
20
1.0472300393700786
11
2.0610940157480315
21
1.0467040944881889
0
LINE
8
BLACK
6
CONTINUOUS
10
2.0610940157480315
20
1.0467040944881889
11
2.0611523622047243
21
1.0466769291338582
0
LINE
8
BLACK
6
CONTINUOUS
10
2.0611523622047243
20
1.0466769291338582
11
2.0630271259842519
21
1.0448021653543307
0
LINE
8
BLACK
6
CONTINUOUS
10
2.0630271259842519
20
1.0448021653543307
11
2.0632851181102363
21
1.0444336614173229
0
LINE
8
BLACK
6
CONTINUOUS
10
2.0632851181102363
20
1.0444336614173229
11
2.0633960629921257
21
1.0443521653543306
0
LINE
8
BLACK
6
CONTINUOUS
10
2.0633960629921257
20
1.0443521653543306
11
2.0671455905511809
21
1.0387278346456692
0
LINE
8
BLACK
6
CONTINUOUS
10
2.0671455905511809
20
1.0387278346456692
11
2.0675438976377953
21
1.0378200787401575
0
LINE
8
BLACK
6
CONTINUOUS
10
2.0675438976377953
20
1.0378200787401575
11
2.0675533464566929
21
1.0378061023622047
0
LINE
8
BLACK
6
CONTINUOUS
10
2.0675533464566929
20
1.0378061023622047
11
2.0694281102362204
21
1.0303070472440945
0
LINE
8
BLACK
6
CONTINUOUS
10
2.0694281102362204
20
1.0303070472440945
11
2.0694695669291336
21
1.0297191338582676
0
LINE
8
BLACK
6
CONTINUOUS
10
2.0694695669291336
20
1.0297191338582676
11
2.0695162598425196
21
1.0295909055118111
0
LINE
8
BLACK
6
CONTINUOUS
10
2.0695162598425196
20
1.0295909055118111
11
2.0695162598425196
21
1.0145927952755904
0
LINE
8
BLACK
6
CONTINUOUS
10
2.0695162598425196
20
1.0145927952755904
11
2.0693381889763778
21
1.013582874015748
0
LINE
8
BLACK
6
CONTINUOUS
10
2.0693381889763778
20
1.013582874015748
11
2.0692246850393698
21
1.0134475984251969
0
LINE
8
BLACK
6
CONTINUOUS
10
2.0692246850393698
20
1.0134475984251969
11
2.0692045275590552
21
1.0132722834645669
0
LINE
8
BLACK
6
CONTINUOUS
10
2.0692045275590552
20
1.0132722834645669
11
2.0673297637795276
21
1.0095227559055118
0
LINE
8
BLACK
6
CONTINUOUS
10
2.0673297637795276
20
1.0095227559055118
11
2.0668038582677166
21
1.0088136614173229
0
LINE
8
BLACK
6
CONTINUOUS
10
2.0668038582677166
20
1.0088136614173229
11
2.066776653543307
21
1.0087553543307086
0
LINE
8
BLACK
6
CONTINUOUS
10
2.066776653543307
20
1.0087553543307086
11
2.0649018897637794
21
1.0068805905511811
0
LINE
8
BLACK
6
CONTINUOUS
10
2.0649018897637794
20
1.0068805905511811
11
2.0641788976377953
21
1.0063743700787402
0
LINE
8
BLACK
6
CONTINUOUS
10
2.0641788976377953
20
1.0063743700787402
11
2.0641345275590552
21
1.0063274803149607
0
LINE
8
BLACK
6
CONTINUOUS
10
2.0641345275590552
20
1.0063274803149607
11
2.0603850000000001
21
1.0044526771653544
0
LINE
8
BLACK
6
CONTINUOUS
10
2.0603850000000001
20
1.0044526771653544
11
2.0594020472440944
21
1.00416031496063
0
LINE
8
BLACK
6
CONTINUOUS
10
2.0594020472440944
20
1.00416031496063
11
2.0592303149606299
21
1.0042012992125984
0
LINE
8
BLACK
6
CONTINUOUS
10
2.0592303149606299
20
1.0042012992125984
11
2.0590644488188974
21
1.0041409448818897
0
LINE
8
BLACK
6
CONTINUOUS
10
2.0590644488188974
20
1.0041409448818897
11
2.0515653937007872
21
1.0041409448818897
0
LINE
8
BLACK
6
CONTINUOUS
10
2.0515653937007872
20
1.0041409448818897
11
2.0505554724409447
21
1.0043190157480315
0
LINE
8
BLACK
6
CONTINUOUS
10
2.0505554724409447
20
1.0043190157480315
11
2.0504201968503937
21
1.0044324803149607
0
LINE
8
BLACK
6
CONTINUOUS
10
2.0504201968503937
20
1.0044324803149607
11
2.0502448818897636
21
1.0044526771653544
0
LINE
8
BLACK
6
CONTINUOUS
10
2.0502448818897636
20
1.0044526771653544
11
2.0464953149606298
21
1.0063274803149607
0
LINE
8
BLACK
6
CONTINUOUS
10
2.0464953149606298
20
1.0063274803149607
11
2.0457862992125984
21
1.0068533464566929
0
LINE
8
BLACK
6
CONTINUOUS
10
2.0457862992125984
20
1.0068533464566929
11
2.0457279527559056
21
1.0068805905511811
0
LINE
8
BLACK
6
CONTINUOUS
10
2.0457279527559056
20
1.0068805905511811
11
2.043853188976378
21
1.0087553543307086
0
LINE
8
BLACK
6
CONTINUOUS
10
2.043853188976378
20
1.0087553543307086
11
2.0433468897637797
21
1.0094784251968503
0
LINE
8
BLACK
6
CONTINUOUS
10
2.0433468897637797
20
1.0094784251968503
11
2.0433000787401574
21
1.0095227559055118
0
LINE
8
BLACK
6
CONTINUOUS
10
2.0433000787401574
20
1.0095227559055118
11
2.0414253149606298
21
1.0132722834645669
0
LINE
8
BLACK
6
CONTINUOUS
10
2.0414253149606298
20
1.0132722834645669
11
2.0411329527559054
21
1.0142552362204724
0
LINE
8
BLACK
6
CONTINUOUS
10
2.0411329527559054
20
1.0142552362204724
11
2.0411739370078741
21
1.0144268897637796
0
LINE
8
BLACK
6
CONTINUOUS
10
2.0411739370078741
20
1.0144268897637796
11
2.0411135826771654
21
1.0145927952755904
0
LINE
8
BLACK
6
CONTINUOUS
10
2.0411135826771654
20
1.0145927952755904
11
2.0411135826771654
21
1.0239666141732284
0
LINE
8
BLACK
6
CONTINUOUS
10
2.0411135826771654
20
1.0239666141732284
11
2.0412916535433072
21
1.0249765354330709
0
LINE
8
BLACK
6
CONTINUOUS
10
2.0412916535433072
20
1.0249765354330709
11
2.0414051181102364
21
1.0251117716535434
0
LINE
8
BLACK
6
CONTINUOUS
10
2.0414051181102364
20
1.0251117716535434
11
2.0414253149606298
21
1.025287125984252
0
LINE
8
BLACK
6
CONTINUOUS
10
2.0414253149606298
20
1.025287125984252
11
2.0433000787401574
21
1.0290366535433071
0
LINE
8
BLACK
6
CONTINUOUS
10
2.0433000787401574
20
1.0290366535433071
11
2.0438259842519684
21
1.0297457086614172
0
LINE
8
BLACK
6
CONTINUOUS
10
2.0438259842519684
20
1.0297457086614172
11
2.043853188976378
21
1.0298040551181102
0
LINE
8
BLACK
6
CONTINUOUS
10
2.043853188976378
20
1.0298040551181102
11
2.0457279527559056
21
1.0316788188976378
0
LINE
8
BLACK
6
CONTINUOUS
10
2.0457279527559056
20
1.0316788188976378
11
2.0464510236220472
21
1.0321850787401574
0
LINE
8
BLACK
6
CONTINUOUS
10
2.0464510236220472
20
1.0321850787401574
11
2.0464953543307085
21
1.0322319291338582
0
LINE
8
BLACK
6
CONTINUOUS
10
2.0464953543307085
20
1.0322319291338582
11
2.0502448818897636
21
1.0341066929133857
0
LINE
8
BLACK
6
CONTINUOUS
10
2.0502448818897636
20
1.0341066929133857
11
2.0512277952755906
21
1.0343990551181101
0
LINE
8
BLACK
6
CONTINUOUS
10
2.0512277952755906
20
1.0343990551181101
11
2.0513994881889763
21
1.034358031496063
0
LINE
8
BLACK
6
CONTINUOUS
10
2.0513994881889763
20
1.034358031496063
11
2.0515653937007872
21
1.0344184251968505
0
LINE
8
BLACK
6
CONTINUOUS
10
2.0515653937007872
20
1.0344184251968505
11
2.0590644488188974
21
1.0344184251968505
0
LINE
8
BLACK
6
CONTINUOUS
10
2.0590644488188974
20
1.0344184251968505
11
2.0600743700787403
21
1.0342403543307086
0
LINE
8
BLACK
6
CONTINUOUS
10
2.0600743700787403
20
1.0342403543307086
11
2.0602096062992126
21
1.0341268503937007
0
LINE
8
BLACK
6
CONTINUOUS
10
2.0602096062992126
20
1.0341268503937007
11
2.0603849606299214
21
1.0341066929133857
0
LINE
8
BLACK
6
CONTINUOUS
10
2.0603849606299214
20
1.0341066929133857
11
2.0626774803149606
21
1.0329604330708662
0
LINE
8
BLACK
6
CONTINUOUS
10
2.0626774803149606
20
1.0329604330708662
11
2.0619481889763778
21
1.0358775984251969
0
LINE
8
BLACK
6
CONTINUOUS
10
2.0619481889763778
20
1.0358775984251969
11
2.0586444881889765
21
1.0408331496062992
0
LINE
8
BLACK
6
CONTINUOUS
10
2.0586444881889765
20
1.0408331496062992
11
2.0573153543307088
21
1.042162283464567
0
LINE
8
BLACK
6
CONTINUOUS
10
2.0573153543307088
20
1.042162283464567
11
2.0546178740157481
21
1.0435110236220473
0
LINE
8
BLACK
6
CONTINUOUS
10
2.0546178740157481
20
1.0435110236220473
11
2.0478158661417321
21
1.0435110236220473
0
LINE
8
BLACK
6
CONTINUOUS
10
2.0478158661417321
20
1.0435110236220473
11
2.0468059448818896
21
1.0436890944881889
0
LINE
8
BLACK
6
CONTINUOUS
10
2.0468059448818896
20
1.0436890944881889
11
2.0452587007874015
21
1.0449874015748031
0
LINE
8
BLACK
6
CONTINUOUS
10
2.0452587007874015
20
1.0449874015748031
11
2.0449079527559055
21
1.0469765354330709
0
LINE
8
BLACK
6
CONTINUOUS
10
2.0449079527559055
20
1.0469765354330709
11
2.045917874015748
21
1.0487257086614172
0
LINE
8
BLACK
6
CONTINUOUS
10
2.045917874015748
20
1.0487257086614172
11
2.0478158661417321
21
1.0494165354330709
0
LINE
8
BLACK
6
CONTINUOUS
10
2.0478158661417321
20
1.0494165354330709
11
2.0553149212598423
21
1.0494165354330709
0
LINE
8
BLACK
6
CONTINUOUS
10
2.0553149212598423
20
1.0494165354330709
11
2.0563248425196852
21
1.049238464566929
0
LINE
8
BLACK
6
CONTINUOUS
10
2.0495649606299211
20
1.0271641732283465
11
2.0483678346456693
21
1.0259670472440945
0
LINE
8
BLACK
6
CONTINUOUS
10
2.0483678346456693
20
1.0259670472440945
11
2.047019094488189
21
1.0232695669291338
0
LINE
8
BLACK
6
CONTINUOUS
10
2.047019094488189
20
1.0232695669291338
11
2.047019094488189
21
1.015289842519685
0
LINE
8
BLACK
6
CONTINUOUS
10
2.047019094488189
20
1.015289842519685
11
2.0483678346456693
21
1.0125923622047244
0
LINE
8
BLACK
6
CONTINUOUS
10
2.0483678346456693
20
1.0125923622047244
11
2.0495649212598424
21
1.0113952362204723
0
LINE
8
BLACK
6
CONTINUOUS
10
2.0495649212598424
20
1.0113952362204723
11
2.0522624803149605
21
1.0100464566929133
0
LINE
8
BLACK
6
CONTINUOUS
10
2.0522624803149605
20
1.0100464566929133
11
2.0583673622047245
21
1.0100464566929133
0
LINE
8
BLACK
6
CONTINUOUS
10
2.0583673622047245
20
1.0100464566929133
11
2.0610648425196851
21
1.0113951968503936
0
LINE
8
BLACK
6
CONTINUOUS
10
2.0610648425196851
20
1.0113951968503936
11
2.0622620078740157
21
1.0125923622047244
0
LINE
8
BLACK
6
CONTINUOUS
10
2.0622620078740157
20
1.0125923622047244
11
2.063610748031496
21
1.015289842519685
0
LINE
8
BLACK
6
CONTINUOUS
10
2.063610748031496
20
1.015289842519685
11
2.063610748031496
21
1.0232695669291338
0
LINE
8
BLACK
6
CONTINUOUS
10
2.063610748031496
20
1.0232695669291338
11
2.0622620078740157
21
1.0259670472440945
0
LINE
8
BLACK
6
CONTINUOUS
10
2.0622620078740157
20
1.0259670472440945
11
2.0610648818897639
21
1.0271641732283465
0
LINE
8
BLACK
6
CONTINUOUS
10
2.0610648818897639
20
1.0271641732283465
11
2.0583674015748032
21
1.0285129133858268
0
LINE
8
BLACK
6
CONTINUOUS
10
2.0583674015748032
20
1.0285129133858268
11
2.0522624409448817
21
1.0285129133858268
0
LINE
8
BLACK
6
CONTINUOUS
10
2.0522624409448817
20
1.0285129133858268
11
2.0495649606299211
21
1.0271641732283465
0
LINE
8
BLACK
6
CONTINUOUS
10
2.0936796062992125
20
1.0492632283464567
11
2.0937439763779526
21
1.0492649999999999
0
LINE
8
BLACK
6
CONTINUOUS
10
2.0937439763779526
20
1.0492649999999999
11
2.0993682677165353
21
1.0473902362204723
0
LINE
8
BLACK
6
CONTINUOUS
10
2.0993682677165353
20
1.0473902362204723
11
2.1002700393700788
21
1.0469019685039369
0
LINE
8
BLACK
6
CONTINUOUS
10
2.1002700393700788
20
1.0469019685039369
11
2.100362440944882
21
1.046751496062992
0
LINE
8
BLACK
6
CONTINUOUS
10
2.100362440944882
20
1.046751496062992
11
2.1005224409448817
21
1.0466769291338582
0
LINE
8
BLACK
6
CONTINUOUS
10
2.1005224409448817
20
1.0466769291338582
11
2.1042719685039368
21
1.0429274015748031
0
LINE
8
BLACK
6
CONTINUOUS
10
2.1042719685039368
20
1.0429274015748031
11
2.1047783464566927
21
1.0422042125984252
0
LINE
8
BLACK
6
CONTINUOUS
10
2.1047783464566927
20
1.0422042125984252
11
2.1048250787401575
21
1.04216
0
LINE
8
BLACK
6
CONTINUOUS
10
2.1048250787401575
20
1.04216
11
2.106699842519685
21
1.0384104724409449
0
LINE
8
BLACK
6
CONTINUOUS
10
2.106699842519685
20
1.0384104724409449
11
2.1068451181102361
21
1.0379220078740157
0
LINE
8
BLACK
6
CONTINUOUS
10
2.1068451181102361
20
1.0379220078740157
11
2.1069234251968503
21
1.0378061023622047
0
LINE
8
BLACK
6
CONTINUOUS
10
2.1069234251968503
20
1.0378061023622047
11
2.1087981889763778
21
1.0303070472440945
0
LINE
8
BLACK
6
CONTINUOUS
10
2.1087981889763778
20
1.0303070472440945
11
2.1088396456692915
21
1.0297191338582676
0
LINE
8
BLACK
6
CONTINUOUS
10
2.1088396456692915
20
1.0297191338582676
11
2.108886338582677
21
1.0295909055118111
0
LINE
8
BLACK
6
CONTINUOUS
10
2.108886338582677
20
1.0295909055118111
11
2.108886338582677
21
1.0239666141732284
0
LINE
8
BLACK
6
CONTINUOUS
10
2.108886338582677
20
1.0239666141732284
11
2.1087839763779526
21
1.0233862204724409
0
LINE
8
BLACK
6
CONTINUOUS
10
2.1087839763779526
20
1.0233862204724409
11
2.1087981889763778
21
1.0232504724409448
0
LINE
8
BLACK
6
CONTINUOUS
10
2.1087981889763778
20
1.0232504724409448
11
2.1069234251968503
21
1.0157514173228346
0
LINE
8
BLACK
6
CONTINUOUS
10
2.1069234251968503
20
1.0157514173228346
11
2.1067158267716537
21
1.0152859448818898
0
LINE
8
BLACK
6
CONTINUOUS
10
2.1067158267716537
20
1.0152859448818898
11
2.106699842519685
21
1.0151470472440944
0
LINE
8
BLACK
6
CONTINUOUS
10
2.106699842519685
20
1.0151470472440944
11
2.1048250787401575
21
1.0113975196850393
0
LINE
8
BLACK
6
CONTINUOUS
10
2.1048250787401575
20
1.0113975196850393
11
2.1042991338582677
21
1.0106884251968504
0
LINE
8
BLACK
6
CONTINUOUS
10
2.1042991338582677
20
1.0106884251968504
11
2.1042719685039368
21
1.0106301181102362
0
LINE
8
BLACK
6
CONTINUOUS
10
2.1042719685039368
20
1.0106301181102362
11
2.1005224409448817
21
1.0068805905511811
0
LINE
8
BLACK
6
CONTINUOUS
10
2.1005224409448817
20
1.0068805905511811
11
2.0996824015748032
21
1.0062924015748032
0
LINE
8
BLACK
6
CONTINUOUS
10
2.0996824015748032
20
1.0062924015748032
11
2.0995065748031494
21
1.0062770078740157
0
LINE
8
BLACK
6
CONTINUOUS
10
2.0995065748031494
20
1.0062770078740157
11
2.099368307086614
21
1.006167283464567
0
LINE
8
BLACK
6
CONTINUOUS
10
2.099368307086614
20
1.006167283464567
11
2.0937440157480314
21
1.0042924803149607
0
LINE
8
BLACK
6
CONTINUOUS
10
2.0937440157480314
20
1.0042924803149607
11
2.0928707480314959
21
1.0041629527559055
0
LINE
8
BLACK
6
CONTINUOUS
10
2.0928707480314959
20
1.0041629527559055
11
2.0928102362204726
21
1.0041409448818897
0
LINE
8
BLACK
6
CONTINUOUS
10
2.0928102362204726
20
1.0041409448818897
11
2.0890607086614175
21
1.0041409448818897
0
LINE
8
BLACK
6
CONTINUOUS
10
2.0890607086614175
20
1.0041409448818897
11
2.0881912992125984
21
1.0042942125984251
0
LINE
8
BLACK
6
CONTINUOUS
10
2.0881912992125984
20
1.0042942125984251
11
2.088126968503937
21
1.0042924803149607
0
LINE
8
BLACK
6
CONTINUOUS
10
2.088126968503937
20
1.0042924803149607
11
2.0825026377952756
21
1.006167283464567
0
LINE
8
BLACK
6
CONTINUOUS
10
2.0825026377952756
20
1.006167283464567
11
2.0816008661417325
21
1.0066555905511811
0
LINE
8
BLACK
6
CONTINUOUS
10
2.0816008661417325
20
1.0066555905511811
11
2.0815084251968505
21
1.0068059842519685
0
LINE
8
BLACK
6
CONTINUOUS
10
2.0815084251968505
20
1.0068059842519685
11
2.0813485039370079
21
1.0068805905511811
0
LINE
8
BLACK
6
CONTINUOUS
10
2.0813485039370079
20
1.0068805905511811
11
2.0794737401574803
21
1.0087553543307086
0
LINE
8
BLACK
6
CONTINUOUS
10
2.0794737401574803
20
1.0087553543307086
11
2.0788855511811022
21
1.0095953937007873
0
LINE
8
BLACK
6
CONTINUOUS
10
2.0788855511811022
20
1.0095953937007873
11
2.0787094881889763
21
1.0116074803149606
0
LINE
8
BLACK
6
CONTINUOUS
10
2.0787094881889763
20
1.0116074803149606
11
2.0798680314960629
21
1.0132620472440945
0
LINE
8
BLACK
6
CONTINUOUS
10
2.0798680314960629
20
1.0132620472440945
11
2.0818189763779529
21
1.0137847637795276
0
LINE
8
BLACK
6
CONTINUOUS
10
2.0818189763779529
20
1.0137847637795276
11
2.0836495669291337
21
1.0129311811023622
0
LINE
8
BLACK
6
CONTINUOUS
10
2.0836495669291337
20
1.0129311811023622
11
2.0850314173228348
21
1.0115492913385826
0
LINE
8
BLACK
6
CONTINUOUS
10
2.0850314173228348
20
1.0115492913385826
11
2.0895398818897637
21
1.0100464566929133
0
LINE
8
BLACK
6
CONTINUOUS
10
2.0895398818897637
20
1.0100464566929133
11
2.0923310629921259
21
1.0100464566929133
0
LINE
8
BLACK
6
CONTINUOUS
10
2.0923310629921259
20
1.0100464566929133
11
2.0968394488188977
21
1.0115492519685039
0
LINE
8
BLACK
6
CONTINUOUS
10
2.0968394488188977
20
1.0115492519685039
11
2.0997573228346456
21
1.0144671259842519
0
LINE
8
BLACK
6
CONTINUOUS
10
2.0997573228346456
20
1.0144671259842519
11
2.1012727952755905
21
1.0174981102362204
0
LINE
8
BLACK
6
CONTINUOUS
10
2.1012727952755905
20
1.0174981102362204
11
2.1029808267716534
21
1.024330157480315
0
LINE
8
BLACK
6
CONTINUOUS
10
2.1029808267716534
20
1.024330157480315
11
2.1029808267716534
21
1.0292273622047243
0
LINE
8
BLACK
6
CONTINUOUS
10
2.1029808267716534
20
1.0292273622047243
11
2.1012727952755905
21
1.0360594094488189
0
LINE
8
BLACK
6
CONTINUOUS
10
2.1012727952755905
20
1.0360594094488189
11
2.0997573228346456
21
1.0390903937007874
0
LINE
8
BLACK
6
CONTINUOUS
10
2.0997573228346456
20
1.0390903937007874
11
2.0968394881889765
21
1.0420081889763779
0
LINE
8
BLACK
6
CONTINUOUS
10
2.0968394881889765
20
1.0420081889763779
11
2.0923311023622047
21
1.0435110236220473
0
LINE
8
BLACK
6
CONTINUOUS
10
2.0923311023622047
20
1.0435110236220473
11
2.0895398425196849
21
1.0435110236220473
0
LINE
8
BLACK
6
CONTINUOUS
10
2.0895398425196849
20
1.0435110236220473
11
2.0850314566929131
21
1.0420082283464567
0
LINE
8
BLACK
6
CONTINUOUS
10
2.0850314566929131
20
1.0420082283464567
11
2.0836495669291337
21
1.0406263385826771
0
LINE
8
BLACK
6
CONTINUOUS
10
2.0836495669291337
20
1.0406263385826771
11
2.0828095275590552
21
1.0400381496062991
0
LINE
8
BLACK
6
CONTINUOUS
10
2.0828095275590552
20
1.0400381496062991
11
2.0807974409448819
21
1.0398620866141732
0
LINE
8
BLACK
6
CONTINUOUS
10
2.0807974409448819
20
1.0398620866141732
11
2.0791428740157478
21
1.0410206299212599
0
LINE
8
BLACK
6
CONTINUOUS
10
2.0791428740157478
20
1.0410206299212599
11
2.0786201574803149
21
1.0429715748031496
0
LINE
8
BLACK
6
CONTINUOUS
10
2.0786201574803149
20
1.0429715748031496
11
2.0794737401574803
21
1.0448021653543307
0
LINE
8
BLACK
6
CONTINUOUS
10
2.0794737401574803
20
1.0448021653543307
11
2.0813485039370079
21
1.0466769291338582
0
LINE
8
BLACK
6
CONTINUOUS
10
2.0813485039370079
20
1.0466769291338582
11
2.0821885433070864
21
1.0472651181102361
0
LINE
8
BLACK
6
CONTINUOUS
10
2.0821885433070864
20
1.0472651181102361
11
2.0823643700787402
21
1.0472804724409448
0
LINE
8
BLACK
6
CONTINUOUS
10
2.0823643700787402
20
1.0472804724409448
11
2.0825026771653543
21
1.0473902362204723
0
LINE
8
BLACK
6
CONTINUOUS
10
2.0825026771653543
20
1.0473902362204723
11
2.0881269291338582
21
1.0492649999999999
0
LINE
8
BLACK
6
CONTINUOUS
10
2.0881269291338582
20
1.0492649999999999
11
2.089000157480315
21
1.0493944881889763
0
LINE
8
BLACK
6
CONTINUOUS
10
2.089000157480315
20
1.0493944881889763
11
2.0890607086614175
21
1.0494165354330709
0
LINE
8
BLACK
6
CONTINUOUS
10
2.0890607086614175
20
1.0494165354330709
11
2.0928102362204726
21
1.0494165354330709
0
LINE
8
BLACK
6
CONTINUOUS
10
2.0928102362204726
20
1.0494165354330709
11
2.0936796062992125
21
1.0492632283464567
0
LINE
8
BLACK
6
CONTINUOUS
10
1.9369491338582676
20
1.1492384645669291
11
1.9370843700787401
21
1.1491249606299212
0
LINE
8
BLACK
6
CONTINUOUS
10
1.9370843700787401
20
1.1491249606299212
11
1.9372597244094487
21
1.1491048031496063
0
LINE
8
BLACK
6
CONTINUOUS
10
1.9372597244094487
20
1.1491048031496063
11
1.9410092519685038
21
1.1472300393700787
0
LINE
8
BLACK
6
CONTINUOUS
10
1.9410092519685038
20
1.1472300393700787
11
1.9417183070866142
21
1.146704094488189
0
LINE
8
BLACK
6
CONTINUOUS
10
1.9417183070866142
20
1.146704094488189
11
1.941776653543307
21
1.1466769291338583
0
LINE
8
BLACK
6
CONTINUOUS
10
1.941776653543307
20
1.1466769291338583
11
1.9436514173228345
21
1.1448021653543308
0
LINE
8
BLACK
6
CONTINUOUS
10
1.9436514173228345
20
1.1448021653543308
11
1.9442396062992127
21
1.1439621259842518
0
LINE
8
BLACK
6
CONTINUOUS
10
1.9442396062992127
20
1.1439621259842518
11
1.9444156299212598
21
1.1419500393700788
0
LINE
8
BLACK
6
CONTINUOUS
10
1.9444156299212598
20
1.1419500393700788
11
1.9432571259842519
21
1.1402954724409449
0
LINE
8
BLACK
6
CONTINUOUS
10
1.9432571259842519
20
1.1402954724409449
11
1.9413061417322834
21
1.1397727559055117
0
LINE
8
BLACK
6
CONTINUOUS
10
1.9413061417322834
20
1.1397727559055117
11
1.9394755905511811
21
1.1406263385826771
0
LINE
8
BLACK
6
CONTINUOUS
10
1.9394755905511811
20
1.1406263385826771
11
1.9379396456692912
21
1.1421622834645668
0
LINE
8
BLACK
6
CONTINUOUS
10
1.9379396456692912
20
1.1421622834645668
11
1.9352421653543306
21
1.1435110236220472
0
LINE
8
BLACK
6
CONTINUOUS
10
1.9352421653543306
20
1.1435110236220472
11
1.9272624409448817
21
1.1435110236220472
0
LINE
8
BLACK
6
CONTINUOUS
10
1.9272624409448817
20
1.1435110236220472
11
1.9245649606299211
21
1.1421622834645668
0
LINE
8
BLACK
6
CONTINUOUS
10
1.9245649606299211
20
1.1421622834645668
11
1.9233678346456693
21
1.140965157480315
0
LINE
8
BLACK
6
CONTINUOUS
10
1.9233678346456693
20
1.140965157480315
11
1.922019094488189
21
1.1382676771653544
0
LINE
8
BLACK
6
CONTINUOUS
10
1.922019094488189
20
1.1382676771653544
11
1.922019094488189
21
1.1356943307086613
0
LINE
8
BLACK
6
CONTINUOUS
10
1.922019094488189
20
1.1356943307086613
11
1.9235218897637796
21
1.131185905511811
0
LINE
8
BLACK
6
CONTINUOUS
10
1.9235218897637796
20
1.131185905511811
11
1.9455261811023621
21
1.1091816141732282
0
LINE
8
BLACK
6
CONTINUOUS
10
1.9455261811023621
20
1.1091816141732282
11
1.9458959448818898
21
1.1086535433070865
0
LINE
8
BLACK
6
CONTINUOUS
10
1.9458959448818898
20
1.1086535433070865
11
1.9459954330708662
21
1.1085700787401576
0
LINE
8
BLACK
6
CONTINUOUS
10
1.9459954330708662
20
1.1085700787401576
11
1.9460092125984252
21
1.1084917322834646
0
LINE
8
BLACK
6
CONTINUOUS
10
1.9460092125984252
20
1.1084917322834646
11
1.9461144094488187
21
1.1083415748031495
0
LINE
8
BLACK
6
CONTINUOUS
10
1.9461144094488187
20
1.1083415748031495
11
1.9461918503937008
21
1.1074559842519685
0
LINE
8
BLACK
6
CONTINUOUS
10
1.9461918503937008
20
1.1074559842519685
11
1.9463461811023621
21
1.1065809448818897
0
LINE
8
BLACK
6
CONTINUOUS
10
1.9463461811023621
20
1.1065809448818897
11
1.9462786614173229
21
1.1064639763779527
0
LINE
8
BLACK
6
CONTINUOUS
10
1.9462786614173229
20
1.1064639763779527
11
1.9462904330708661
21
1.1063294488188977
0
LINE
8
BLACK
6
CONTINUOUS
10
1.9462904330708661
20
1.1063294488188977
11
1.9457805511811024
21
1.1056012598425196
0
LINE
8
BLACK
6
CONTINUOUS
10
1.9457805511811024
20
1.1056012598425196
11
1.9453362598425197
21
1.1048317716535432
0
LINE
8
BLACK
6
CONTINUOUS
10
1.9453362598425197
20
1.1048317716535432
11
1.9452093700787401
21
1.104785590551181
0
LINE
8
BLACK
6
CONTINUOUS
10
1.9452093700787401
20
1.104785590551181
11
1.9451318897637795
21
1.1046749212598426
0
LINE
8
BLACK
6
CONTINUOUS
10
1.9451318897637795
20
1.1046749212598426
11
1.9442733464566928
21
1.1044448818897639
0
LINE
8
BLACK
6
CONTINUOUS
10
1.9442733464566928
20
1.1044448818897639
11
1.9434382677165354
21
1.1041409448818897
0
LINE
8
BLACK
6
CONTINUOUS
10
1.9434382677165354
20
1.1041409448818897
11
1.9190663385826772
21
1.1041409448818897
0
LINE
8
BLACK
6
CONTINUOUS
10
1.9190663385826772
20
1.1041409448818897
11
1.9180564173228345
21
1.1043190157480314
0
LINE
8
BLACK
6
CONTINUOUS
10
1.9180564173228345
20
1.1043190157480314
11
1.9165091732283464
21
1.1056173228346458
0
LINE
8
BLACK
6
CONTINUOUS
10
1.9165091732283464
20
1.1056173228346458
11
1.9161584251968504
21
1.1076064566929134
0
LINE
8
BLACK
6
CONTINUOUS
10
1.9161584251968504
20
1.1076064566929134
11
1.9171683464566929
21
1.1093556299212599
0
LINE
8
BLACK
6
CONTINUOUS
10
1.9171683464566929
20
1.1093556299212599
11
1.9190663385826772
21
1.1100464566929134
0
LINE
8
BLACK
6
CONTINUOUS
10
1.9190663385826772
20
1.1100464566929134
11
1.93630968503937
21
1.1100464566929134
0
LINE
8
BLACK
6
CONTINUOUS
10
1.93630968503937
20
1.1100464566929134
11
1.9188531889763778
21
1.1275029921259843
0
LINE
8
BLACK
6
CONTINUOUS
10
1.9188531889763778
20
1.1275029921259843
11
1.9182649999999999
21
1.128343031496063
0
LINE
8
BLACK
6
CONTINUOUS
10
1.9182649999999999
20
1.128343031496063
11
1.9182496062992125
21
1.1285188582677166
0
LINE
8
BLACK
6
CONTINUOUS
10
1.9182496062992125
20
1.1285188582677166
11
1.9181398818897637
21
1.1286571653543307
0
LINE
8
BLACK
6
CONTINUOUS
10
1.9181398818897637
20
1.1286571653543307
11
1.9162651181102361
21
1.1342814566929134
0
LINE
8
BLACK
6
CONTINUOUS
10
1.9162651181102361
20
1.1342814566929134
11
1.9161356299212597
21
1.1351546062992126
0
LINE
8
BLACK
6
CONTINUOUS
10
1.9161356299212597
20
1.1351546062992126
11
1.9161135826771654
21
1.1352151968503936
0
LINE
8
BLACK
6
CONTINUOUS
10
1.9161135826771654
20
1.1352151968503936
11
1.9161135826771654
21
1.1389647244094487
0
LINE
8
BLACK
6
CONTINUOUS
10
1.9161135826771654
20
1.1389647244094487
11
1.916291653543307
21
1.1399746456692914
0
LINE
8
BLACK
6
CONTINUOUS
10
1.916291653543307
20
1.1399746456692914
11
1.9164051181102362
21
1.1401098818897637
0
LINE
8
BLACK
6
CONTINUOUS
10
1.9164051181102362
20
1.1401098818897637
11
1.9164253149606298
21
1.1402852362204725
0
LINE
8
BLACK
6
CONTINUOUS
10
1.9164253149606298
20
1.1402852362204725
11
1.9183000787401574
21
1.1440347637795276
0
LINE
8
BLACK
6
CONTINUOUS
10
1.9183000787401574
20
1.1440347637795276
11
1.9188259842519684
21
1.1447438188976378
0
LINE
8
BLACK
6
CONTINUOUS
10
1.9188259842519684
20
1.1447438188976378
11
1.9188531889763778
21
1.1448021653543308
0
LINE
8
BLACK
6
CONTINUOUS
10
1.9188531889763778
20
1.1448021653543308
11
1.9207279527559056
21
1.1466769291338583
0
LINE
8
BLACK
6
CONTINUOUS
10
1.9207279527559056
20
1.1466769291338583
11
1.9214510236220472
21
1.1471831889763779
0
LINE
8
BLACK
6
CONTINUOUS
10
1.9214510236220472
20
1.1471831889763779
11
1.9214953543307087
21
1.1472300393700787
0
LINE
8
BLACK
6
CONTINUOUS
10
1.9214953543307087
20
1.1472300393700787
11
1.9252448818897638
21
1.1491048031496063
0
LINE
8
BLACK
6
CONTINUOUS
10
1.9252448818897638
20
1.1491048031496063
11
1.9262277952755904
21
1.1493971653543307
0
LINE
8
BLACK
6
CONTINUOUS
10
1.9262277952755904
20
1.1493971653543307
11
1.9263994881889763
21
1.1493561417322835
0
LINE
8
BLACK
6
CONTINUOUS
10
1.9263994881889763
20
1.1493561417322835
11
1.9265653937007874
21
1.1494165354330708
0
LINE
8
BLACK
6
CONTINUOUS
10
1.9265653937007874
20
1.1494165354330708
11
1.9359392125984252
21
1.1494165354330708
0
LINE
8
BLACK
6
CONTINUOUS
10
1.9359392125984252
20
1.1494165354330708
11
1.9369491338582676
21
1.1492384645669291
0
LINE
8
BLACK
6
CONTINUOUS
10
1.9794423228346456
20
1.1493488976377952
11
1.9795715748031495
21
1.1493716929133857
0
LINE
8
BLACK
6
CONTINUOUS
10
1.9795715748031495
20
1.1493716929133857
11
1.9796851574803149
21
1.1493060629921259
0
LINE
8
BLACK
6
CONTINUOUS
10
1.9796851574803149
20
1.1493060629921259
11
1.9800687401574804
21
1.1492384645669291
0
LINE
8
BLACK
6
CONTINUOUS
10
1.9800687401574804
20
1.1492384645669291
11
1.9806564173228347
21
1.1487453149606299
0
LINE
8
BLACK
6
CONTINUOUS
10
1.9806564173228347
20
1.1487453149606299
11
1.981320748031496
21
1.1483617716535433
0
LINE
8
BLACK
6
CONTINUOUS
10
1.981320748031496
20
1.1483617716535433
11
1.9814118503937008
21
1.1481114173228346
0
LINE
8
BLACK
6
CONTINUOUS
10
1.9814118503937008
20
1.1481114173228346
11
1.9816159842519685
21
1.147940157480315
0
LINE
8
BLACK
6
CONTINUOUS
10
1.9816159842519685
20
1.147940157480315
11
1.9817492125984251
21
1.1471845669291338
0
LINE
8
BLACK
6
CONTINUOUS
10
1.9817492125984251
20
1.1471845669291338
11
1.9820115748031495
21
1.146463779527559
0
LINE
8
BLACK
6
CONTINUOUS
10
1.9820115748031495
20
1.146463779527559
11
1.9820115748031495
21
1.1070937007874015
0
LINE
8
BLACK
6
CONTINUOUS
10
1.9820115748031495
20
1.1070937007874015
11
1.9818335039370079
21
1.1060837795275591
0
LINE
8
BLACK
6
CONTINUOUS
10
1.9818335039370079
20
1.1060837795275591
11
1.9805351968503937
21
1.1045365354330707
0
LINE
8
BLACK
6
CONTINUOUS
10
1.9805351968503937
20
1.1045365354330707
11
1.9785460629921259
21
1.1041857874015748
0
LINE
8
BLACK
6
CONTINUOUS
10
1.9785460629921259
20
1.1041857874015748
11
1.9767968897637795
21
1.1051957086614173
0
LINE
8
BLACK
6
CONTINUOUS
10
1.9767968897637795
20
1.1051957086614173
11
1.9761060629921259
21
1.1070937007874015
0
LINE
8
BLACK
6
CONTINUOUS
10
1.9761060629921259
20
1.1070937007874015
11
1.9761060629921259
21
1.122888622047244
0
LINE
8
BLACK
6
CONTINUOUS
10
1.9761060629921259
20
1.122888622047244
11
1.9712223622047245
21
1.122888622047244
0
LINE
8
BLACK
6
CONTINUOUS
10
1.9712223622047245
20
1.122888622047244
11
1.9589806299212598
21
1.1054003937007875
0
LINE
8
BLACK
6
CONTINUOUS
10
1.9589806299212598
20
1.1054003937007875
11
1.9582556299212599
21
1.1046751574803149
0
LINE
8
BLACK
6
CONTINUOUS
10
1.9582556299212599
20
1.1046751574803149
11
1.9563047244094487
21
1.1041521259842519
0
LINE
8
BLACK
6
CONTINUOUS
10
1.9563047244094487
20
1.1041521259842519
11
1.9544740157480314
21
1.1050054724409448
0
LINE
8
BLACK
6
CONTINUOUS
10
1.9544740157480314
20
1.1050054724409448
11
1.9536201968503937
21
1.1068359448818896
0
LINE
8
BLACK
6
CONTINUOUS
10
1.9536201968503937
20
1.1068359448818896
11
1.9541426771653543
21
1.1087870078740156
0
LINE
8
BLACK
6
CONTINUOUS
10
1.9541426771653543
20
1.1087870078740156
11
1.964018937007874
21
1.1228959842519686
0
LINE
8
BLACK
6
CONTINUOUS
10
1.964018937007874
20
1.1228959842519686
11
1.9630507874015748
21
1.1230666929133859
0
LINE
8
BLACK
6
CONTINUOUS
10
1.9630507874015748
20
1.1230666929133859
11
1.9629155118110235
21
1.1231801574803149
0
LINE
8
BLACK
6
CONTINUOUS
10
1.9629155118110235
20
1.1231801574803149
11
1.9627401968503937
21
1.1232003543307085
0
LINE
8
BLACK
6
CONTINUOUS
10
1.9627401968503937
20
1.1232003543307085
11
1.9589906692913386
21
1.1250751181102363
0
LINE
8
BLACK
6
CONTINUOUS
10
1.9589906692913386
20
1.1250751181102363
11
1.9582815748031495
21
1.1256009842519685
0
LINE
8
BLACK
6
CONTINUOUS
10
1.9582815748031495
20
1.1256009842519685
11
1.9582232677165354
21
1.1256282283464567
0
LINE
8
BLACK
6
CONTINUOUS
10
1.9582232677165354
20
1.1256282283464567
11
1.9563485039370079
21
1.1275029921259843
0
LINE
8
BLACK
6
CONTINUOUS
10
1.9563485039370079
20
1.1275029921259843
11
1.9558422047244095
21
1.1282260629921259
0
LINE
8
BLACK
6
CONTINUOUS
10
1.9558422047244095
20
1.1282260629921259
11
1.9557953937007873
21
1.1282703937007874
0
LINE
8
BLACK
6
CONTINUOUS
10
1.9557953937007873
20
1.1282703937007874
11
1.9539206299212597
21
1.1320199212598425
0
LINE
8
BLACK
6
CONTINUOUS
10
1.9539206299212597
20
1.1320199212598425
11
1.9536282677165353
21
1.1330028740157481
0
LINE
8
BLACK
6
CONTINUOUS
10
1.9536282677165353
20
1.1330028740157481
11
1.9536692519685039
21
1.133174527559055
0
LINE
8
BLACK
6
CONTINUOUS
10
1.9536692519685039
20
1.133174527559055
11
1.9536088976377952
21
1.1333404330708661
0
LINE
8
BLACK
6
CONTINUOUS
10
1.9536088976377952
20
1.1333404330708661
11
1.9536088976377952
21
1.1389647244094487
0
LINE
8
BLACK
6
CONTINUOUS
10
1.9536088976377952
20
1.1389647244094487
11
1.9537869685039371
21
1.1399746456692914
0
LINE
8
BLACK
6
CONTINUOUS
10
1.9537869685039371
20
1.1399746456692914
11
1.953900433070866
21
1.1401098818897637
0
LINE
8
BLACK
6
CONTINUOUS
10
1.953900433070866
20
1.1401098818897637
11
1.9539206299212597
21
1.1402852362204725
0
LINE
8
BLACK
6
CONTINUOUS
10
1.9539206299212597
20
1.1402852362204725
11
1.9557953937007873
21
1.1440347637795276
0
LINE
8
BLACK
6
CONTINUOUS
10
1.9557953937007873
20
1.1440347637795276
11
1.9563212992125985
21
1.1447438188976378
0
LINE
8
BLACK
6
CONTINUOUS
10
1.9563212992125985
20
1.1447438188976378
11
1.9563485039370079
21
1.1448021653543308
0
LINE
8
BLACK
6
CONTINUOUS
10
1.9563485039370079
20
1.1448021653543308
11
1.9582232677165354
21
1.1466769291338583
0
LINE
8
BLACK
6
CONTINUOUS
10
1.9582232677165354
20
1.1466769291338583
11
1.9589463385826771
21
1.1471831889763779
0
LINE
8
BLACK
6
CONTINUOUS
10
1.9589463385826771
20
1.1471831889763779
11
1.9589906692913386
21
1.1472300393700787
0
LINE
8
BLACK
6
CONTINUOUS
10
1.9589906692913386
20
1.1472300393700787
11
1.9627401968503937
21
1.1491048031496063
0
LINE
8
BLACK
6
CONTINUOUS
10
1.9627401968503937
20
1.1491048031496063
11
1.9637231102362205
21
1.1493971653543307
0
LINE
8
BLACK
6
CONTINUOUS
10
1.9637231102362205
20
1.1493971653543307
11
1.9638948031496062
21
1.1493561417322835
0
LINE
8
BLACK
6
CONTINUOUS
10
1.9638948031496062
20
1.1493561417322835
11
1.9640607086614172
21
1.1494165354330708
0
LINE
8
BLACK
6
CONTINUOUS
10
1.9640607086614172
20
1.1494165354330708
11
1.9790588188976377
21
1.1494165354330708
0
LINE
8
BLACK
6
CONTINUOUS
10
1.9790588188976377
20
1.1494165354330708
11
1.9794423228346456
21
1.1493488976377952
0
LINE
8
BLACK
6
CONTINUOUS
10
1.9620602755905512
20
1.1421622834645668
11
1.9608631496062991
21
1.140965157480315
0
LINE
8
BLACK
6
CONTINUOUS
10
1.9608631496062991
20
1.140965157480315
11
1.9595144094488188
21
1.1382676771653544
0
LINE
8
BLACK
6
CONTINUOUS
10
1.9595144094488188
20
1.1382676771653544
11
1.9595144094488188
21
1.1340374803149607
0
LINE
8
BLACK
6
CONTINUOUS
10
1.9595144094488188
20
1.1340374803149607
11
1.9608631496062991
21
1.13134
0
LINE
8
BLACK
6
CONTINUOUS
10
1.9608631496062991
20
1.13134
11
1.9620602755905512
21
1.130142874015748
0
LINE
8
BLACK
6
CONTINUOUS
10
1.9620602755905512
20
1.130142874015748
11
1.9647577559055118
21
1.1287941338582677
0
LINE
8
BLACK
6
CONTINUOUS
10
1.9647577559055118
20
1.1287941338582677
11
1.9761060629921259
21
1.1287941338582677
0
LINE
8
BLACK
6
CONTINUOUS
10
1.9761060629921259
20
1.1287941338582677
11
1.9761060629921259
21
1.1435110236220472
0
LINE
8
BLACK
6
CONTINUOUS
10
1.9761060629921259
20
1.1435110236220472
11
1.9647577559055118
21
1.1435110236220472
0
LINE
8
BLACK
6
CONTINUOUS
10
1.9647577559055118
20
1.1435110236220472
11
1.9620602755905512
21
1.1421622834645668
0
CIRCLE
8
BLACK
10
0.08
20
1.22
40
0.0068897637795276
0
CIRCLE
8
BLACK
10
0.08
20
1.1199999999999999
40
0.0068897637795276
0
CIRCLE
8
BLACK
10
0.18
20
1.22
40
0.0068897637795276
0
CIRCLE
8
BLACK
10
0.18
20
1.1199999999999999
40
0.0068897637795276
0
CIRCLE
8
BLACK
10
0.28
20
1.22
40
0.0068897637795276
0
CIRCLE
8
BLACK
10
0.28
20
1.1199999999999999
40
0.0068897637795276
0
CIRCLE
8
BLACK
10
1.3490157480314959
20
0.7999999999999999
40
0.0068897637795276
0
CIRCLE
8
BLACK
10
0.1009842519685039
20
0.7999999999999999
40
0.0068897637795276
0
CIRCLE
8
BLACK
10
1.675
20
0.9
40
0.0068897637795276
0
CIRCLE
8
BLACK
10
1.675
20
0.7031496062992126
40
0.0068897637795276
0
CIRCLE
8
BLACK
10
2.1999999999999997
20
1.3999999999999999
40
0.0068897637795276
0
CIRCLE
8
BLACK
10
0.2
20
0.2
40
0.0068897637795276
0
CIRCLE
8
BLACK
10
0.2
20
1.3999999999999999
40
0.0068897637795276
0
CIRCLE
8
BLACK
10
2.1999999999999997
20
0.2
40
0.0068897637795276
0
CIRCLE
8
BLACK
10
2.2749999999999999
20
1.125
40
0.0068897637795276
0
CIRCLE
8
BLACK
10
2.1749999999999998
20
1.125
40
0.0068897637795276
0
CIRCLE
8
BLACK
10
2.0749999999999997
20
1.125
40
0.0068897637795276
0
CIRCLE
8
BLACK
10
2.2749999999999999
20
0.9
40
0.0068897637795276
0
CIRCLE
8
BLACK
10
2.1749999999999998
20
0.9
40
0.0068897637795276
0
CIRCLE
8
BLACK
10
2.0749999999999997
20
0.9
40
0.0068897637795276
0
CIRCLE
8
BLACK
10
2.2749999999999999
20
0.6749999999999999
40
0.0068897637795276
0
CIRCLE
8
BLACK
10
2.1749999999999998
20
0.6749999999999999
40
0.0068897637795276
0
CIRCLE
8
BLACK
10
2.0749999999999997
20
0.6749999999999999
40
0.0068897637795276
0
CIRCLE
8
BLACK
10
2.2749999999999999
20
0.45
40
0.0068897637795276
0
CIRCLE
8
BLACK
10
2.1749999999999998
20
0.45
40
0.0068897637795276
0
CIRCLE
8
BLACK
10
2.0749999999999997
20
0.45
40
0.0068897637795276
0
CIRCLE
8
BLACK
10
1.6740157480314961
20
1.325
40
0.0068897637795276
0
CIRCLE
8
BLACK
10
0.4259842519685039
20
1.325
40
0.0068897637795276
0
CIRCLE
8
BLACK
10
0.4259842519685039
20
0.275
40
0.0068897637795276
0
CIRCLE
8
BLACK
10
1.6740157480314961
20
0.275
40
0.0068897637795276
0
CIRCLE
8
BLACK
10
1.825
20
0.5
40
0.0068897637795276
0
CIRCLE
8
BLACK
10
1.825
20
0.4
40
0.0068897637795276
0
CIRCLE
8
BLACK
10
1.825
20
0.2
40
0.0068897637795276
0
CIRCLE
8
BLACK
10
1.925
20
0.2
40
0.0068897637795276
0
CIRCLE
8
BLACK
10
1.825
20
0.1
40
0.0068897637795276
0
CIRCLE
8
BLACK
10
1.925
20
0.1
40
0.0068897637795276
0
CIRCLE
8
BLACK
10
1.825
20
1.3
40
0.0068897637795276
0
CIRCLE
8
BLACK
10
1.925
20
1.3
40
0.0068897637795276
0
CIRCLE
8
BLACK
10
1.825
20
1.3999999999999999
40
0.0068897637795276
0
CIRCLE
8
BLACK
10
1.925
20
1.3999999999999999
40
0.0068897637795276
0
CIRCLE
8
BLACK
10
1.825
20
1.5
40
0.0068897637795276
0
CIRCLE
8
BLACK
10
1.925
20
1.5
40
0.0068897637795276
  0
ENDSEC
  0
EOF
