  0
SECTION
  2
HEADER
  9
$ANGBASE
  50
0.0
  9
$ANGDIR
  70
1
  9
$MEASUREMENT
  70
0
  0
ENDSEC
  0
SECTION
  2
TABLES
  0
TABLE
  2
LTYPE
  70
4
  0
LTYPE
  5
40F
  2
CONTINUOUS
  70
0
  3
Solid line
  72
65
  73
0
  40
0.0
  0
LTYPE
  5
410
  2
DASHDOT
 70
0
  3
Dash Dot ____ _ ____ _
 72
65
 73
4
 40
2.0
 49
1.25
 49
-0.25
 49
0.25
 49
-0.25
  0
LTYPE
  5
411
  2
DASHED
 70
0
  3
Dashed __ __ __ __ __
 72
65
 73
2
 40
0.75
 49
0.5
 49
-0.25
  0
LTYPE
  5
43B
  2
DOTTED
 70
0
  3
Dotted .  .  .  .
 72
65
 73
2
 40
0.2
 49
0.0
 49
-0.2
  0
ENDTAB
  0
TABLE
  2
STYLE
  70
4
  0
STYLE
  2
KICAD
  70
0
  40
0
  41
1
  42
1
  50
0
  71
0
  3
isocp.shx
  0
STYLE
  2
KICADB
  70
0
  40
0
  41
1
  42
1
  50
0
  71
0
  3
isocp.shx
  0
STYLE
  2
KICADI
  70
0
  40
0
  41
1
  42
1
  50
15
  71
0
  3
isocp.shx
  0
STYLE
  2
KICADBI
  70
0
  40
0
  41
1
  42
1
  50
15
  71
0
  3
isocp.shx
  0
ENDTAB
  0
TABLE
  2
LAYER
  70
1
  0
LAYER
  2
BLACK
  70
0
  62
7
  6
CONTINUOUS
  0
ENDTAB
  0
ENDSEC
  0
SECTION
  2
ENTITIES
0
LINE
8
BLACK
6
CONTINUOUS
10
1.8556322047244094
20
0.1377482283464567
11
1.8569183858267717
21
0.137578937007874
0
LINE
8
BLACK
6
CONTINUOUS
10
1.8569183858267717
20
0.137578937007874
11
1.8572418897637795
21
0.1374280708661417
0
LINE
8
BLACK
6
CONTINUOUS
10
1.8572418897637795
20
0.1374280708661417
11
1.8580132677165353
21
0.1372746456692913
0
LINE
8
BLACK
6
CONTINUOUS
10
1.8580132677165353
20
0.1372746456692913
11
1.859034842519685
21
0.1365920078740157
0
LINE
8
BLACK
6
CONTINUOUS
10
1.859034842519685
20
0.1365920078740157
11
1.8594727559055118
21
0.1363878346456693
0
LINE
8
BLACK
6
CONTINUOUS
10
1.8594727559055118
20
0.1363878346456693
11
1.8597391732283464
21
0.1361213779527559
0
LINE
8
BLACK
6
CONTINUOUS
10
1.8597391732283464
20
0.1361213779527559
11
1.8605677559055118
21
0.1355677559055118
0
LINE
8
BLACK
6
CONTINUOUS
10
1.8605677559055118
20
0.1355677559055118
11
1.8611213779527558
21
0.1347391732283464
0
LINE
8
BLACK
6
CONTINUOUS
10
1.8611213779527558
20
0.1347391732283464
11
1.8613878346456691
21
0.1344727559055118
0
LINE
8
BLACK
6
CONTINUOUS
10
1.8613878346456691
20
0.1344727559055118
11
1.8615920078740158
21
0.134034842519685
0
LINE
8
BLACK
6
CONTINUOUS
10
1.8615920078740158
20
0.134034842519685
11
1.8622746456692914
21
0.1330132677165354
0
LINE
8
BLACK
6
CONTINUOUS
10
1.8622746456692914
20
0.1330132677165354
11
1.8624280708661416
21
0.1322418897637795
0
LINE
8
BLACK
6
CONTINUOUS
10
1.8624280708661416
20
0.1322418897637795
11
1.862578937007874
21
0.1319183858267717
0
LINE
8
BLACK
6
CONTINUOUS
10
1.862578937007874
20
0.1319183858267717
11
1.8627482677165355
21
0.130632125984252
0
LINE
8
BLACK
6
CONTINUOUS
10
1.8627482677165355
20
0.130632125984252
11
1.8628740157480315
21
0.13
0
LINE
8
BLACK
6
CONTINUOUS
10
1.8628740157480315
20
0.13
11
1.8628740157480315
21
0.07
0
LINE
8
BLACK
6
CONTINUOUS
10
1.8628740157480315
20
0.07
11
1.8627482677165355
21
0.0693678346456693
0
LINE
8
BLACK
6
CONTINUOUS
10
1.8627482677165355
20
0.0693678346456693
11
1.862578937007874
21
0.0680815748031496
0
LINE
8
BLACK
6
CONTINUOUS
10
1.862578937007874
20
0.0680815748031496
11
1.8624280314960628
21
0.0677579921259843
0
LINE
8
BLACK
6
CONTINUOUS
10
1.8624280314960628
20
0.0677579921259843
11
1.8622746456692914
21
0.0669867322834646
0
LINE
8
BLACK
6
CONTINUOUS
10
1.8622746456692914
20
0.0669867322834646
11
1.8615920472440945
21
0.0659651968503937
0
LINE
8
BLACK
6
CONTINUOUS
10
1.8615920472440945
20
0.0659651968503937
11
1.8613878346456691
21
0.0655272047244094
0
LINE
8
BLACK
6
CONTINUOUS
10
1.8613878346456691
20
0.0655272047244094
11
1.8611212992125983
21
0.0652606692913386
0
LINE
8
BLACK
6
CONTINUOUS
10
1.8611212992125983
20
0.0652606692913386
11
1.8605677559055118
21
0.0644322440944882
0
LINE
8
BLACK
6
CONTINUOUS
10
1.8605677559055118
20
0.0644322440944882
11
1.8597392913385826
21
0.0638786614173228
0
LINE
8
BLACK
6
CONTINUOUS
10
1.8597392913385826
20
0.0638786614173228
11
1.8594727559055118
21
0.063612125984252
0
LINE
8
BLACK
6
CONTINUOUS
10
1.8594727559055118
20
0.063612125984252
11
1.8590346456692912
21
0.0634078346456693
0
LINE
8
BLACK
6
CONTINUOUS
10
1.8590346456692912
20
0.0634078346456693
11
1.8580132677165353
21
0.0627253543307087
0
LINE
8
BLACK
6
CONTINUOUS
10
1.8580132677165353
20
0.0627253543307087
11
1.8572420472440945
21
0.0625719291338583
0
LINE
8
BLACK
6
CONTINUOUS
10
1.8572420472440945
20
0.0625719291338583
11
1.8569183858267717
21
0.0624210236220472
0
LINE
8
BLACK
6
CONTINUOUS
10
1.8569183858267717
20
0.0624210236220472
11
1.8556315354330708
21
0.0622515748031496
0
LINE
8
BLACK
6
CONTINUOUS
10
1.8556315354330708
20
0.0622515748031496
11
1.855
21
0.0621259842519685
0
LINE
8
BLACK
6
CONTINUOUS
10
1.855
20
0.0621259842519685
11
1.8546773622047243
21
0.0621259842519685
0
LINE
8
BLACK
6
CONTINUOUS
10
1.8546773622047243
20
0.0621259842519685
11
1.7953226771653543
21
0.0621259842519685
0
LINE
8
BLACK
6
CONTINUOUS
10
1.7953226771653543
20
0.0621259842519685
11
1.7949999999999999
21
0.0621259842519685
0
LINE
8
BLACK
6
CONTINUOUS
10
1.7949999999999999
20
0.0621259842519685
11
1.7943684251968504
21
0.0622515748031496
0
LINE
8
BLACK
6
CONTINUOUS
10
1.7943684251968504
20
0.0622515748031496
11
1.7930815748031497
21
0.0624210236220472
0
LINE
8
BLACK
6
CONTINUOUS
10
1.7930815748031497
20
0.0624210236220472
11
1.7927578346456692
21
0.0625719291338583
0
LINE
8
BLACK
6
CONTINUOUS
10
1.7927578346456692
20
0.0625719291338583
11
1.7919867322834646
21
0.0627253543307087
0
LINE
8
BLACK
6
CONTINUOUS
10
1.7919867322834646
20
0.0627253543307087
11
1.7909653937007874
21
0.0634077559055118
0
LINE
8
BLACK
6
CONTINUOUS
10
1.7909653937007874
20
0.0634077559055118
11
1.7905272047244094
21
0.063612125984252
0
LINE
8
BLACK
6
CONTINUOUS
10
1.7905272047244094
20
0.063612125984252
11
1.7902605511811023
21
0.0638787401574803
0
LINE
8
BLACK
6
CONTINUOUS
10
1.7902605511811023
20
0.0638787401574803
11
1.7894322440944881
21
0.0644322440944882
0
LINE
8
BLACK
6
CONTINUOUS
10
1.7894322440944881
20
0.0644322440944882
11
1.7888787401574804
21
0.0652605511811024
0
LINE
8
BLACK
6
CONTINUOUS
10
1.7888787401574804
20
0.0652605511811024
11
1.788612125984252
21
0.0655272047244094
0
LINE
8
BLACK
6
CONTINUOUS
10
1.788612125984252
20
0.0655272047244094
11
1.7884077559055118
21
0.0659653937007874
0
LINE
8
BLACK
6
CONTINUOUS
10
1.7884077559055118
20
0.0659653937007874
11
1.7877253543307086
21
0.0669867322834646
0
LINE
8
BLACK
6
CONTINUOUS
10
1.7877253543307086
20
0.0669867322834646
11
1.7875719291338583
21
0.0677578346456693
0
LINE
8
BLACK
6
CONTINUOUS
10
1.7875719291338583
20
0.0677578346456693
11
1.7874210236220471
21
0.0680815748031496
0
LINE
8
BLACK
6
CONTINUOUS
10
1.7874210236220471
20
0.0680815748031496
11
1.7872515748031497
21
0.0693685039370079
0
LINE
8
BLACK
6
CONTINUOUS
10
1.7872515748031497
20
0.0693685039370079
11
1.7871259842519684
21
0.07
0
LINE
8
BLACK
6
CONTINUOUS
10
1.7871259842519684
20
0.07
11
1.7871259842519684
21
0.13
0
LINE
8
BLACK
6
CONTINUOUS
10
1.7871259842519684
20
0.13
11
1.7872516141732282
21
0.1306316141732284
0
LINE
8
BLACK
6
CONTINUOUS
10
1.7872516141732282
20
0.1306316141732284
11
1.7874210236220471
21
0.1319183858267717
0
LINE
8
BLACK
6
CONTINUOUS
10
1.7874210236220471
20
0.1319183858267717
11
1.7875719291338583
21
0.1322420472440945
0
LINE
8
BLACK
6
CONTINUOUS
10
1.7875719291338583
20
0.1322420472440945
11
1.7877253543307086
21
0.1330132677165354
0
LINE
8
BLACK
6
CONTINUOUS
10
1.7877253543307086
20
0.1330132677165354
11
1.7884078346456693
21
0.1340346456692913
0
LINE
8
BLACK
6
CONTINUOUS
10
1.7884078346456693
20
0.1340346456692913
11
1.788612125984252
21
0.1344727559055118
0
LINE
8
BLACK
6
CONTINUOUS
10
1.788612125984252
20
0.1344727559055118
11
1.7888786614173229
21
0.1347392913385827
0
LINE
8
BLACK
6
CONTINUOUS
10
1.7888786614173229
20
0.1347392913385827
11
1.7894322440944881
21
0.1355677559055118
0
LINE
8
BLACK
6
CONTINUOUS
10
1.7894322440944881
20
0.1355677559055118
11
1.7902606692913385
21
0.1361212992125984
0
LINE
8
BLACK
6
CONTINUOUS
10
1.7902606692913385
20
0.1361212992125984
11
1.7905272047244094
21
0.1363878346456693
0
LINE
8
BLACK
6
CONTINUOUS
10
1.7905272047244094
20
0.1363878346456693
11
1.7909651968503937
21
0.1365920472440945
0
LINE
8
BLACK
6
CONTINUOUS
10
1.7909651968503937
20
0.1365920472440945
11
1.7919867322834646
21
0.1372746456692913
0
LINE
8
BLACK
6
CONTINUOUS
10
1.7919867322834646
20
0.1372746456692913
11
1.7927579921259842
21
0.137428031496063
0
LINE
8
BLACK
6
CONTINUOUS
10
1.7927579921259842
20
0.137428031496063
11
1.7930815748031497
21
0.137578937007874
0
LINE
8
BLACK
6
CONTINUOUS
10
1.7930815748031497
20
0.137578937007874
11
1.7943679133858268
21
0.1377482677165354
0
LINE
8
BLACK
6
CONTINUOUS
10
1.7943679133858268
20
0.1377482677165354
11
1.7949999999999999
21
0.1378740157480315
0
LINE
8
BLACK
6
CONTINUOUS
10
1.7949999999999999
20
0.1378740157480315
11
1.855
21
0.1378740157480315
0
LINE
8
BLACK
6
CONTINUOUS
10
1.855
20
0.1378740157480315
11
1.8556322047244094
21
0.1377482283464567
0
LINE
8
BLACK
6
CONTINUOUS
10
1.9556322047244095
20
0.1377482283464567
11
1.9569183858267716
21
0.137578937007874
0
LINE
8
BLACK
6
CONTINUOUS
10
1.9569183858267716
20
0.137578937007874
11
1.9572418897637796
21
0.1374280708661417
0
LINE
8
BLACK
6
CONTINUOUS
10
1.9572418897637796
20
0.1374280708661417
11
1.9580132677165354
21
0.1372746456692913
0
LINE
8
BLACK
6
CONTINUOUS
10
1.9580132677165354
20
0.1372746456692913
11
1.9590348425196851
21
0.1365920078740157
0
LINE
8
BLACK
6
CONTINUOUS
10
1.9590348425196851
20
0.1365920078740157
11
1.9594727559055118
21
0.1363878346456693
0
LINE
8
BLACK
6
CONTINUOUS
10
1.9594727559055118
20
0.1363878346456693
11
1.9597391732283465
21
0.1361213779527559
0
LINE
8
BLACK
6
CONTINUOUS
10
1.9597391732283465
20
0.1361213779527559
11
1.9605677559055117
21
0.1355677559055118
0
LINE
8
BLACK
6
CONTINUOUS
10
1.9605677559055117
20
0.1355677559055118
11
1.9611213779527559
21
0.1347391732283464
0
LINE
8
BLACK
6
CONTINUOUS
10
1.9611213779527559
20
0.1347391732283464
11
1.9613878346456692
21
0.1344727559055118
0
LINE
8
BLACK
6
CONTINUOUS
10
1.9613878346456692
20
0.1344727559055118
11
1.9615920078740157
21
0.134034842519685
0
LINE
8
BLACK
6
CONTINUOUS
10
1.9615920078740157
20
0.134034842519685
11
1.9622746456692912
21
0.1330132677165354
0
LINE
8
BLACK
6
CONTINUOUS
10
1.9622746456692912
20
0.1330132677165354
11
1.9624280708661417
21
0.1322418897637795
0
LINE
8
BLACK
6
CONTINUOUS
10
1.9624280708661417
20
0.1322418897637795
11
1.9625789370078739
21
0.1319183858267717
0
LINE
8
BLACK
6
CONTINUOUS
10
1.9625789370078739
20
0.1319183858267717
11
1.9627482677165353
21
0.130632125984252
0
LINE
8
BLACK
6
CONTINUOUS
10
1.9627482677165353
20
0.130632125984252
11
1.9628740157480316
21
0.13
0
LINE
8
BLACK
6
CONTINUOUS
10
1.9628740157480316
20
0.13
11
1.9628740157480316
21
0.07
0
LINE
8
BLACK
6
CONTINUOUS
10
1.9628740157480316
20
0.07
11
1.9627482677165353
21
0.0693678346456693
0
LINE
8
BLACK
6
CONTINUOUS
10
1.9627482677165353
20
0.0693678346456693
11
1.9625789370078739
21
0.0680815748031496
0
LINE
8
BLACK
6
CONTINUOUS
10
1.9625789370078739
20
0.0680815748031496
11
1.9624280314960629
21
0.0677579921259843
0
LINE
8
BLACK
6
CONTINUOUS
10
1.9624280314960629
20
0.0677579921259843
11
1.9622746456692912
21
0.0669867322834646
0
LINE
8
BLACK
6
CONTINUOUS
10
1.9622746456692912
20
0.0669867322834646
11
1.9615920472440944
21
0.0659651968503937
0
LINE
8
BLACK
6
CONTINUOUS
10
1.9615920472440944
20
0.0659651968503937
11
1.9613878346456692
21
0.0655272047244094
0
LINE
8
BLACK
6
CONTINUOUS
10
1.9613878346456692
20
0.0655272047244094
11
1.9611212992125984
21
0.0652606692913386
0
LINE
8
BLACK
6
CONTINUOUS
10
1.9611212992125984
20
0.0652606692913386
11
1.9605677559055117
21
0.0644322440944882
0
LINE
8
BLACK
6
CONTINUOUS
10
1.9605677559055117
20
0.0644322440944882
11
1.9597392913385827
21
0.0638786614173228
0
LINE
8
BLACK
6
CONTINUOUS
10
1.9597392913385827
20
0.0638786614173228
11
1.9594727559055118
21
0.063612125984252
0
LINE
8
BLACK
6
CONTINUOUS
10
1.9594727559055118
20
0.063612125984252
11
1.9590346456692913
21
0.0634078346456693
0
LINE
8
BLACK
6
CONTINUOUS
10
1.9590346456692913
20
0.0634078346456693
11
1.9580132677165354
21
0.0627253543307087
0
LINE
8
BLACK
6
CONTINUOUS
10
1.9580132677165354
20
0.0627253543307087
11
1.9572420472440943
21
0.0625719291338583
0
LINE
8
BLACK
6
CONTINUOUS
10
1.9572420472440943
20
0.0625719291338583
11
1.9569183858267716
21
0.0624210236220472
0
LINE
8
BLACK
6
CONTINUOUS
10
1.9569183858267716
20
0.0624210236220472
11
1.9556315354330709
21
0.0622515748031496
0
LINE
8
BLACK
6
CONTINUOUS
10
1.9556315354330709
20
0.0622515748031496
11
1.9549999999999998
21
0.0621259842519685
0
LINE
8
BLACK
6
CONTINUOUS
10
1.9549999999999998
20
0.0621259842519685
11
1.9546773622047244
21
0.0621259842519685
0
LINE
8
BLACK
6
CONTINUOUS
10
1.9546773622047244
20
0.0621259842519685
11
1.8953226771653542
21
0.0621259842519685
0
LINE
8
BLACK
6
CONTINUOUS
10
1.8953226771653542
20
0.0621259842519685
11
1.895
21
0.0621259842519685
0
LINE
8
BLACK
6
CONTINUOUS
10
1.895
20
0.0621259842519685
11
1.8943684251968504
21
0.0622515748031496
0
LINE
8
BLACK
6
CONTINUOUS
10
1.8943684251968504
20
0.0622515748031496
11
1.8930815748031495
21
0.0624210236220472
0
LINE
8
BLACK
6
CONTINUOUS
10
1.8930815748031495
20
0.0624210236220472
11
1.8927578346456693
21
0.0625719291338583
0
LINE
8
BLACK
6
CONTINUOUS
10
1.8927578346456693
20
0.0625719291338583
11
1.8919867322834645
21
0.0627253543307087
0
LINE
8
BLACK
6
CONTINUOUS
10
1.8919867322834645
20
0.0627253543307087
11
1.8909653937007873
21
0.0634077559055118
0
LINE
8
BLACK
6
CONTINUOUS
10
1.8909653937007873
20
0.0634077559055118
11
1.8905272047244095
21
0.063612125984252
0
LINE
8
BLACK
6
CONTINUOUS
10
1.8905272047244095
20
0.063612125984252
11
1.8902605511811024
21
0.0638787401574803
0
LINE
8
BLACK
6
CONTINUOUS
10
1.8902605511811024
20
0.0638787401574803
11
1.8894322440944882
21
0.0644322440944882
0
LINE
8
BLACK
6
CONTINUOUS
10
1.8894322440944882
20
0.0644322440944882
11
1.8888787401574803
21
0.0652605511811024
0
LINE
8
BLACK
6
CONTINUOUS
10
1.8888787401574803
20
0.0652605511811024
11
1.8886121259842519
21
0.0655272047244094
0
LINE
8
BLACK
6
CONTINUOUS
10
1.8886121259842519
20
0.0655272047244094
11
1.8884077559055117
21
0.0659653937007874
0
LINE
8
BLACK
6
CONTINUOUS
10
1.8884077559055117
20
0.0659653937007874
11
1.8877253543307086
21
0.0669867322834646
0
LINE
8
BLACK
6
CONTINUOUS
10
1.8877253543307086
20
0.0669867322834646
11
1.8875719291338582
21
0.0677578346456693
0
LINE
8
BLACK
6
CONTINUOUS
10
1.8875719291338582
20
0.0677578346456693
11
1.8874210236220472
21
0.0680815748031496
0
LINE
8
BLACK
6
CONTINUOUS
10
1.8874210236220472
20
0.0680815748031496
11
1.8872515748031495
21
0.0693685039370079
0
LINE
8
BLACK
6
CONTINUOUS
10
1.8872515748031495
20
0.0693685039370079
11
1.8871259842519685
21
0.07
0
LINE
8
BLACK
6
CONTINUOUS
10
1.8871259842519685
20
0.07
11
1.8871259842519685
21
0.13
0
LINE
8
BLACK
6
CONTINUOUS
10
1.8871259842519685
20
0.13
11
1.8872516141732283
21
0.1306316141732284
0
LINE
8
BLACK
6
CONTINUOUS
10
1.8872516141732283
20
0.1306316141732284
11
1.8874210236220472
21
0.1319183858267717
0
LINE
8
BLACK
6
CONTINUOUS
10
1.8874210236220472
20
0.1319183858267717
11
1.8875719291338582
21
0.1322420472440945
0
LINE
8
BLACK
6
CONTINUOUS
10
1.8875719291338582
20
0.1322420472440945
11
1.8877253543307086
21
0.1330132677165354
0
LINE
8
BLACK
6
CONTINUOUS
10
1.8877253543307086
20
0.1330132677165354
11
1.8884078346456692
21
0.1340346456692913
0
LINE
8
BLACK
6
CONTINUOUS
10
1.8884078346456692
20
0.1340346456692913
11
1.8886121259842519
21
0.1344727559055118
0
LINE
8
BLACK
6
CONTINUOUS
10
1.8886121259842519
20
0.1344727559055118
11
1.8888786614173227
21
0.1347392913385827
0
LINE
8
BLACK
6
CONTINUOUS
10
1.8888786614173227
20
0.1347392913385827
11
1.8894322440944882
21
0.1355677559055118
0
LINE
8
BLACK
6
CONTINUOUS
10
1.8894322440944882
20
0.1355677559055118
11
1.8902606692913386
21
0.1361212992125984
0
LINE
8
BLACK
6
CONTINUOUS
10
1.8902606692913386
20
0.1361212992125984
11
1.8905272047244095
21
0.1363878346456693
0
LINE
8
BLACK
6
CONTINUOUS
10
1.8905272047244095
20
0.1363878346456693
11
1.8909651968503935
21
0.1365920472440945
0
LINE
8
BLACK
6
CONTINUOUS
10
1.8909651968503935
20
0.1365920472440945
11
1.8919867322834645
21
0.1372746456692913
0
LINE
8
BLACK
6
CONTINUOUS
10
1.8919867322834645
20
0.1372746456692913
11
1.8927579921259843
21
0.137428031496063
0
LINE
8
BLACK
6
CONTINUOUS
10
1.8927579921259843
20
0.137428031496063
11
1.8930815748031495
21
0.137578937007874
0
LINE
8
BLACK
6
CONTINUOUS
10
1.8930815748031495
20
0.137578937007874
11
1.8943679133858267
21
0.1377482677165354
0
LINE
8
BLACK
6
CONTINUOUS
10
1.8943679133858267
20
0.1377482677165354
11
1.895
21
0.1378740157480315
0
LINE
8
BLACK
6
CONTINUOUS
10
1.895
20
0.1378740157480315
11
1.9549999999999998
21
0.1378740157480315
0
LINE
8
BLACK
6
CONTINUOUS
10
1.9549999999999998
20
0.1378740157480315
11
1.9556322047244095
21
0.1377482283464567
0
LINE
8
BLACK
6
CONTINUOUS
10
0.2034183070866142
20
0.3257922834645669
11
0.2068203543307087
21
0.3257922834645669
0
LINE
8
BLACK
6
CONTINUOUS
10
0.2068203543307087
20
0.3257922834645669
11
0.2104525590551181
21
0.3253972440944882
0
LINE
8
BLACK
6
CONTINUOUS
10
0.2104525590551181
20
0.3253972440944882
11
0.2141057480314961
21
0.3251920866141732
0
LINE
8
BLACK
6
CONTINUOUS
10
0.2141057480314961
20
0.3251920866141732
11
0.2172482283464567
21
0.3246581496062992
0
LINE
8
BLACK
6
CONTINUOUS
10
0.2172482283464567
20
0.3246581496062992
11
0.2203805905511811
21
0.3243174803149606
0
LINE
8
BLACK
6
CONTINUOUS
10
0.2203805905511811
20
0.3243174803149606
11
0.2241953543307087
21
0.3234777559055118
0
LINE
8
BLACK
6
CONTINUOUS
10
0.2241953543307087
20
0.3234777559055118
11
0.2280341338582677
21
0.3228255511811023
0
LINE
8
BLACK
6
CONTINUOUS
10
0.2280341338582677
20
0.3228255511811023
11
0.2308694488188976
21
0.3220087007874016
0
LINE
8
BLACK
6
CONTINUOUS
10
0.2308694488188976
20
0.3220087007874016
11
0.2337024803149606
21
0.3213851181102362
0
LINE
8
BLACK
6
CONTINUOUS
10
0.2337024803149606
20
0.3213851181102362
11
0.2376449212598425
21
0.3200567322834645
0
LINE
8
BLACK
6
CONTINUOUS
10
0.2376449212598425
20
0.3200567322834645
11
0.2416099606299213
21
0.3189144488188976
0
LINE
8
BLACK
6
CONTINUOUS
10
0.2416099606299213
20
0.3189144488188976
11
0.2441162992125984
21
0.3178762598425197
0
LINE
8
BLACK
6
CONTINUOUS
10
0.2441162992125984
20
0.3178762598425197
11
0.2466288976377953
21
0.3170296850393701
0
LINE
8
BLACK
6
CONTINUOUS
10
0.2466288976377953
20
0.3170296850393701
11
0.2506376771653543
21
0.315175
0
LINE
8
BLACK
6
CONTINUOUS
10
0.2506376771653543
20
0.315175
11
0.2546625196850394
21
0.313507874015748
0
LINE
8
BLACK
6
CONTINUOUS
10
0.2546625196850394
20
0.313507874015748
11
0.2568276771653543
21
0.3123111811023622
0
LINE
8
BLACK
6
CONTINUOUS
10
0.2568276771653543
20
0.3123111811023622
11
0.2590087401574803
21
0.3113021653543307
0
LINE
8
BLACK
6
CONTINUOUS
10
0.2590087401574803
20
0.3113021653543307
11
0.263016062992126
21
0.3088909842519685
0
LINE
8
BLACK
6
CONTINUOUS
10
0.263016062992126
20
0.3088909842519685
11
0.2670276771653543
21
0.3066738976377953
0
LINE
8
BLACK
6
CONTINUOUS
10
0.2670276771653543
20
0.3066738976377953
11
0.2688501574803149
21
0.3053807480314961
0
LINE
8
BLACK
6
CONTINUOUS
10
0.2688501574803149
20
0.3053807480314961
11
0.2706966141732283
21
0.3042698031496063
0
LINE
8
BLACK
6
CONTINUOUS
10
0.2706966141732283
20
0.3042698031496063
11
0.2746290551181103
21
0.3012803937007874
0
LINE
8
BLACK
6
CONTINUOUS
10
0.2746290551181103
20
0.3012803937007874
11
0.2785498818897638
21
0.2984984645669291
0
LINE
8
BLACK
6
CONTINUOUS
10
0.2785498818897638
20
0.2984984645669291
11
0.2800375590551181
21
0.2971689763779528
0
LINE
8
BLACK
6
CONTINUOUS
10
0.2800375590551181
20
0.2971689763779528
11
0.2815556692913386
21
0.2960149606299213
0
LINE
8
BLACK
6
CONTINUOUS
10
0.2815556692913386
20
0.2960149606299213
11
0.2853361811023622
21
0.2924338188976378
0
LINE
8
BLACK
6
CONTINUOUS
10
0.2853361811023622
20
0.2924338188976378
11
0.2890843307086614
21
0.2890843307086614
0
LINE
8
BLACK
6
CONTINUOUS
10
0.2890843307086614
20
0.2890843307086614
11
0.290253937007874
21
0.2877755118110236
0
LINE
8
BLACK
6
CONTINUOUS
10
0.290253937007874
20
0.2877755118110236
11
0.2914588582677165
21
0.2866341732283464
0
LINE
8
BLACK
6
CONTINUOUS
10
0.2914588582677165
20
0.2866341732283464
11
0.2950095275590551
21
0.2824539763779528
0
LINE
8
BLACK
6
CONTINUOUS
10
0.2950095275590551
20
0.2824539763779528
11
0.2984984645669291
21
0.2785498818897638
0
LINE
8
BLACK
6
CONTINUOUS
10
0.2984984645669291
20
0.2785498818897638
11
0.2993746456692913
21
0.277315
0
LINE
8
BLACK
6
CONTINUOUS
10
0.2993746456692913
20
0.277315
11
0.3002894488188976
21
0.276238031496063
0
LINE
8
BLACK
6
CONTINUOUS
10
0.3002894488188976
20
0.276238031496063
11
0.3035294488188977
21
0.2714593307086614
0
LINE
8
BLACK
6
CONTINUOUS
10
0.3035294488188977
20
0.2714593307086614
11
0.3066738976377953
21
0.2670276771653543
0
LINE
8
BLACK
6
CONTINUOUS
10
0.3066738976377953
20
0.2670276771653543
11
0.3072899212598425
21
0.265913031496063
0
LINE
8
BLACK
6
CONTINUOUS
10
0.3072899212598425
20
0.265913031496063
11
0.3079442519685039
21
0.2649479921259842
0
LINE
8
BLACK
6
CONTINUOUS
10
0.3079442519685039
20
0.2649479921259842
11
0.3107925984251969
21
0.2595753937007874
0
LINE
8
BLACK
6
CONTINUOUS
10
0.3107925984251969
20
0.2595753937007874
11
0.313507874015748
21
0.2546625196850394
0
LINE
8
BLACK
6
CONTINUOUS
10
0.313507874015748
20
0.2546625196850394
11
0.3139029527559055
21
0.2537086220472441
0
LINE
8
BLACK
6
CONTINUOUS
10
0.3139029527559055
20
0.2537086220472441
11
0.3143336614173228
21
0.2528962992125984
0
LINE
8
BLACK
6
CONTINUOUS
10
0.3143336614173228
20
0.2528962992125984
11
0.3167122440944882
21
0.2469264566929134
0
LINE
8
BLACK
6
CONTINUOUS
10
0.3167122440944882
20
0.2469264566929134
11
0.3189144488188976
21
0.2416099606299213
0
LINE
8
BLACK
6
CONTINUOUS
10
0.3189144488188976
20
0.2416099606299213
11
0.3191334251968504
21
0.2408497637795275
0
LINE
8
BLACK
6
CONTINUOUS
10
0.3191334251968504
20
0.2408497637795275
11
0.3193824803149606
21
0.2402247637795276
0
LINE
8
BLACK
6
CONTINUOUS
10
0.3193824803149606
20
0.2402247637795276
11
0.3212153937007874
21
0.233623031496063
0
LINE
8
BLACK
6
CONTINUOUS
10
0.3212153937007874
20
0.233623031496063
11
0.3228255511811023
21
0.2280341338582677
0
LINE
8
BLACK
6
CONTINUOUS
10
0.3228255511811023
20
0.2280341338582677
11
0.3229175984251969
21
0.2274922047244095
0
LINE
8
BLACK
6
CONTINUOUS
10
0.3229175984251969
20
0.2274922047244095
11
0.3230317716535433
21
0.2270811023622047
0
LINE
8
BLACK
6
CONTINUOUS
10
0.3230317716535433
20
0.2270811023622047
11
0.3242491732283465
21
0.2196552362204724
0
LINE
8
BLACK
6
CONTINUOUS
10
0.3242491732283465
20
0.2196552362204724
11
0.3251920866141732
21
0.2141057480314961
0
LINE
8
BLACK
6
CONTINUOUS
10
0.3251920866141732
20
0.2141057480314961
11
0.3252093307086614
21
0.2137986220472441
0
LINE
8
BLACK
6
CONTINUOUS
10
0.3252093307086614
20
0.2137986220472441
11
0.3252385039370079
21
0.2136207086614173
0
LINE
8
BLACK
6
CONTINUOUS
10
0.3252385039370079
20
0.2136207086614173
11
0.3257745275590551
21
0.2037343307086614
0
LINE
8
BLACK
6
CONTINUOUS
10
0.3257745275590551
20
0.2037343307086614
11
0.3259842519685039
21
0.2
0
LINE
8
BLACK
6
CONTINUOUS
10
0.3259842519685039
20
0.2
11
0.3257745275590551
21
0.196265905511811
0
LINE
8
BLACK
6
CONTINUOUS
10
0.3257745275590551
20
0.196265905511811
11
0.3252385039370079
21
0.1863792519685039
0
LINE
8
BLACK
6
CONTINUOUS
10
0.3252385039370079
20
0.1863792519685039
11
0.3252092913385827
21
0.1862012992125984
0
LINE
8
BLACK
6
CONTINUOUS
10
0.3252092913385827
20
0.1862012992125984
11
0.3251920866141732
21
0.1858942519685039
0
LINE
8
BLACK
6
CONTINUOUS
10
0.3251920866141732
20
0.1858942519685039
11
0.3242493700787402
21
0.1803458267716535
0
LINE
8
BLACK
6
CONTINUOUS
10
0.3242493700787402
20
0.1803458267716535
11
0.3230317716535433
21
0.1729188582677165
0
LINE
8
BLACK
6
CONTINUOUS
10
0.3230317716535433
20
0.1729188582677165
11
0.3229175984251969
21
0.1725076771653543
0
LINE
8
BLACK
6
CONTINUOUS
10
0.3229175984251969
20
0.1725076771653543
11
0.3228255511811023
21
0.1719658661417323
0
LINE
8
BLACK
6
CONTINUOUS
10
0.3228255511811023
20
0.1719658661417323
11
0.3212157086614173
21
0.1663779921259843
0
LINE
8
BLACK
6
CONTINUOUS
10
0.3212157086614173
20
0.1663779921259843
11
0.3193824803149606
21
0.1597751968503937
0
LINE
8
BLACK
6
CONTINUOUS
10
0.3193824803149606
20
0.1597751968503937
11
0.3191333858267716
21
0.1591500787401575
0
LINE
8
BLACK
6
CONTINUOUS
10
0.3191333858267716
20
0.1591500787401575
11
0.3189144488188976
21
0.1583900393700787
0
LINE
8
BLACK
6
CONTINUOUS
10
0.3189144488188976
20
0.1583900393700787
11
0.3167126377952756
21
0.1530744881889764
0
LINE
8
BLACK
6
CONTINUOUS
10
0.3167126377952756
20
0.1530744881889764
11
0.3143336614173228
21
0.1471036614173228
0
LINE
8
BLACK
6
CONTINUOUS
10
0.3143336614173228
20
0.1471036614173228
11
0.3139029133858268
21
0.1462911811023622
0
LINE
8
BLACK
6
CONTINUOUS
10
0.3139029133858268
20
0.1462911811023622
11
0.313507874015748
21
0.1453374803149606
0
LINE
8
BLACK
6
CONTINUOUS
10
0.313507874015748
20
0.1453374803149606
11
0.3107931102362205
21
0.1404255118110236
0
LINE
8
BLACK
6
CONTINUOUS
10
0.3107931102362205
20
0.1404255118110236
11
0.3079442519685039
21
0.135051968503937
0
LINE
8
BLACK
6
CONTINUOUS
10
0.3079442519685039
20
0.135051968503937
11
0.3072898031496063
21
0.1340867322834646
0
LINE
8
BLACK
6
CONTINUOUS
10
0.3072898031496063
20
0.1340867322834646
11
0.3066738976377953
21
0.1329723228346457
0
LINE
8
BLACK
6
CONTINUOUS
10
0.3066738976377953
20
0.1329723228346457
11
0.3035300393700787
21
0.1285414960629921
0
LINE
8
BLACK
6
CONTINUOUS
10
0.3035300393700787
20
0.1285414960629921
11
0.3002894488188976
21
0.1237619291338583
0
LINE
8
BLACK
6
CONTINUOUS
10
0.3002894488188976
20
0.1237619291338583
11
0.2993744488188976
21
0.1226847244094488
0
LINE
8
BLACK
6
CONTINUOUS
10
0.2993744488188976
20
0.1226847244094488
11
0.2984984645669291
21
0.1214501181102362
0
LINE
8
BLACK
6
CONTINUOUS
10
0.2984984645669291
20
0.1214501181102362
11
0.2950101968503937
21
0.1175467322834646
0
LINE
8
BLACK
6
CONTINUOUS
10
0.2950101968503937
20
0.1175467322834646
11
0.2914588582677165
21
0.1133657874015748
0
LINE
8
BLACK
6
CONTINUOUS
10
0.2914588582677165
20
0.1133657874015748
11
0.2902537007874016
21
0.1122242125984252
0
LINE
8
BLACK
6
CONTINUOUS
10
0.2902537007874016
20
0.1122242125984252
11
0.2890843307086614
21
0.1109156692913386
0
LINE
8
BLACK
6
CONTINUOUS
10
0.2890843307086614
20
0.1109156692913386
11
0.2853369291338583
21
0.1075667716535433
0
LINE
8
BLACK
6
CONTINUOUS
10
0.2853369291338583
20
0.1075667716535433
11
0.2815556692913386
21
0.103985
0
LINE
8
BLACK
6
CONTINUOUS
10
0.2815556692913386
20
0.103985
11
0.2800372440944882
21
0.1028307086614173
0
LINE
8
BLACK
6
CONTINUOUS
10
0.2800372440944882
20
0.1028307086614173
11
0.2785498818897638
21
0.1015015354330709
0
LINE
8
BLACK
6
CONTINUOUS
10
0.2785498818897638
20
0.1015015354330709
11
0.274629842519685
21
0.0987201181102362
0
LINE
8
BLACK
6
CONTINUOUS
10
0.274629842519685
20
0.0987201181102362
11
0.2706966141732283
21
0.095730157480315
0
LINE
8
BLACK
6
CONTINUOUS
10
0.2706966141732283
20
0.095730157480315
11
0.2688497637795276
21
0.094618937007874
0
LINE
8
BLACK
6
CONTINUOUS
10
0.2688497637795276
20
0.094618937007874
11
0.2670276771653543
21
0.0933261023622047
0
LINE
8
BLACK
6
CONTINUOUS
10
0.2670276771653543
20
0.0933261023622047
11
0.2630168897637795
21
0.0911094094488189
0
LINE
8
BLACK
6
CONTINUOUS
10
0.2630168897637795
20
0.0911094094488189
11
0.2590087401574803
21
0.0886977952755905
0
LINE
8
BLACK
6
CONTINUOUS
10
0.2590087401574803
20
0.0886977952755905
11
0.2568272440944882
21
0.0876885039370079
0
LINE
8
BLACK
6
CONTINUOUS
10
0.2568272440944882
20
0.0876885039370079
11
0.2546625196850394
21
0.086492125984252
0
LINE
8
BLACK
6
CONTINUOUS
10
0.2546625196850394
20
0.086492125984252
11
0.2506385039370079
21
0.0848253149606299
0
LINE
8
BLACK
6
CONTINUOUS
10
0.2506385039370079
20
0.0848253149606299
11
0.2466288976377953
21
0.0829702755905512
0
LINE
8
BLACK
6
CONTINUOUS
10
0.2466288976377953
20
0.0829702755905512
11
0.2441158267716535
21
0.0821235039370079
0
LINE
8
BLACK
6
CONTINUOUS
10
0.2441158267716535
20
0.0821235039370079
11
0.2416099606299213
21
0.0810855511811024
0
LINE
8
BLACK
6
CONTINUOUS
10
0.2416099606299213
20
0.0810855511811024
11
0.2376457086614173
21
0.0799434645669291
0
LINE
8
BLACK
6
CONTINUOUS
10
0.2376457086614173
20
0.0799434645669291
11
0.2337024803149606
21
0.078614842519685
0
LINE
8
BLACK
6
CONTINUOUS
10
0.2337024803149606
20
0.078614842519685
11
0.2308688976377953
21
0.0779911023622047
0
LINE
8
BLACK
6
CONTINUOUS
10
0.2308688976377953
20
0.0779911023622047
11
0.2280341338582677
21
0.0771744488188976
0
LINE
8
BLACK
6
CONTINUOUS
10
0.2280341338582677
20
0.0771744488188976
11
0.2241961417322835
21
0.0765223228346457
0
LINE
8
BLACK
6
CONTINUOUS
10
0.2241961417322835
20
0.0765223228346457
11
0.2203805905511811
21
0.0756824803149606
0
LINE
8
BLACK
6
CONTINUOUS
10
0.2203805905511811
20
0.0756824803149606
11
0.2172477559055118
21
0.0753417322834646
0
LINE
8
BLACK
6
CONTINUOUS
10
0.2172477559055118
20
0.0753417322834646
11
0.2141057480314961
21
0.0748079133858268
0
LINE
8
BLACK
6
CONTINUOUS
10
0.2141057480314961
20
0.0748079133858268
11
0.2104527559055118
21
0.0746027559055118
0
LINE
8
BLACK
6
CONTINUOUS
10
0.2104527559055118
20
0.0746027559055118
11
0.2068203543307087
21
0.0742077165354331
0
LINE
8
BLACK
6
CONTINUOUS
10
0.2068203543307087
20
0.0742077165354331
11
0.2034183070866142
21
0.0742077165354331
0
LINE
8
BLACK
6
CONTINUOUS
10
0.2034183070866142
20
0.0742077165354331
11
0.2
21
0.0740157480314961
0
LINE
8
BLACK
6
CONTINUOUS
10
0.2
20
0.0740157480314961
11
0.1965816929133858
21
0.0742077165354331
0
LINE
8
BLACK
6
CONTINUOUS
10
0.1965816929133858
20
0.0742077165354331
11
0.1931796456692913
21
0.0742077165354331
0
LINE
8
BLACK
6
CONTINUOUS
10
0.1931796456692913
20
0.0742077165354331
11
0.1895471653543307
21
0.0746027559055118
0
LINE
8
BLACK
6
CONTINUOUS
10
0.1895471653543307
20
0.0746027559055118
11
0.1858942519685039
21
0.0748079133858268
0
LINE
8
BLACK
6
CONTINUOUS
10
0.1858942519685039
20
0.0748079133858268
11
0.1827522834645669
21
0.0753417322834646
0
LINE
8
BLACK
6
CONTINUOUS
10
0.1827522834645669
20
0.0753417322834646
11
0.1796193700787402
21
0.0756824803149606
0
LINE
8
BLACK
6
CONTINUOUS
10
0.1796193700787402
20
0.0756824803149606
11
0.1758036614173228
21
0.0765223622047244
0
LINE
8
BLACK
6
CONTINUOUS
10
0.1758036614173228
20
0.0765223622047244
11
0.1719658661417323
21
0.0771744488188976
0
LINE
8
BLACK
6
CONTINUOUS
10
0.1719658661417323
20
0.0771744488188976
11
0.1691312204724409
21
0.077991062992126
0
LINE
8
BLACK
6
CONTINUOUS
10
0.1691312204724409
20
0.077991062992126
11
0.1662974803149606
21
0.078614842519685
0
LINE
8
BLACK
6
CONTINUOUS
10
0.1662974803149606
20
0.078614842519685
11
0.1623539763779528
21
0.0799435433070866
0
LINE
8
BLACK
6
CONTINUOUS
10
0.1623539763779528
20
0.0799435433070866
11
0.1583900393700787
21
0.0810855511811024
0
LINE
8
BLACK
6
CONTINUOUS
10
0.1583900393700787
20
0.0810855511811024
11
0.1558843307086614
21
0.0821234251968504
0
LINE
8
BLACK
6
CONTINUOUS
10
0.1558843307086614
20
0.0821234251968504
11
0.153371062992126
21
0.0829702755905512
0
LINE
8
BLACK
6
CONTINUOUS
10
0.153371062992126
20
0.0829702755905512
11
0.1493611023622047
21
0.0848254724409449
0
LINE
8
BLACK
6
CONTINUOUS
10
0.1493611023622047
20
0.0848254724409449
11
0.1453374803149606
21
0.086492125984252
0
LINE
8
BLACK
6
CONTINUOUS
10
0.1453374803149606
20
0.086492125984252
11
0.1431729133858268
21
0.0876884251968504
0
LINE
8
BLACK
6
CONTINUOUS
10
0.1431729133858268
20
0.0876884251968504
11
0.1409912204724409
21
0.0886977952755905
0
LINE
8
BLACK
6
CONTINUOUS
10
0.1409912204724409
20
0.0886977952755905
11
0.1369825984251969
21
0.0911096850393701
0
LINE
8
BLACK
6
CONTINUOUS
10
0.1369825984251969
20
0.0911096850393701
11
0.1329723228346457
21
0.0933261023622047
0
LINE
8
BLACK
6
CONTINUOUS
10
0.1329723228346457
20
0.0933261023622047
11
0.1311503937007874
21
0.0946187795275591
0
LINE
8
BLACK
6
CONTINUOUS
10
0.1311503937007874
20
0.0946187795275591
11
0.1293033464566929
21
0.095730157480315
0
LINE
8
BLACK
6
CONTINUOUS
10
0.1293033464566929
20
0.095730157480315
11
0.1253695275590551
21
0.0987205118110236
0
LINE
8
BLACK
6
CONTINUOUS
10
0.1253695275590551
20
0.0987205118110236
11
0.1214501181102362
21
0.1015015354330709
0
LINE
8
BLACK
6
CONTINUOUS
10
0.1214501181102362
20
0.1015015354330709
11
0.1199629527559055
21
0.1028305118110236
0
LINE
8
BLACK
6
CONTINUOUS
10
0.1199629527559055
20
0.1028305118110236
11
0.1184442913385827
21
0.103985
0
LINE
8
BLACK
6
CONTINUOUS
10
0.1184442913385827
20
0.103985
11
0.1146623622047244
21
0.1075674015748031
0
LINE
8
BLACK
6
CONTINUOUS
10
0.1146623622047244
20
0.1075674015748031
11
0.1109156692913386
21
0.1109156692913386
0
LINE
8
BLACK
6
CONTINUOUS
10
0.1109156692913386
20
0.1109156692913386
11
0.1097464566929134
21
0.1122239763779528
0
LINE
8
BLACK
6
CONTINUOUS
10
0.1097464566929134
20
0.1122239763779528
11
0.1085411023622047
21
0.1133657874015748
0
LINE
8
BLACK
6
CONTINUOUS
10
0.1085411023622047
20
0.1133657874015748
11
0.1049889763779528
21
0.1175476377952756
0
LINE
8
BLACK
6
CONTINUOUS
10
0.1049889763779528
20
0.1175476377952756
11
0.1015015354330709
21
0.1214501181102362
0
LINE
8
BLACK
6
CONTINUOUS
10
0.1015015354330709
20
0.1214501181102362
11
0.1006257086614173
21
0.1226844488188976
0
LINE
8
BLACK
6
CONTINUOUS
10
0.1006257086614173
20
0.1226844488188976
11
0.0997105118110236
21
0.1237619291338583
0
LINE
8
BLACK
6
CONTINUOUS
10
0.0997105118110236
20
0.1237619291338583
11
0.0964690157480315
21
0.1285427165354331
0
LINE
8
BLACK
6
CONTINUOUS
10
0.0964690157480315
20
0.1285427165354331
11
0.0933261023622047
21
0.1329723228346457
0
LINE
8
BLACK
6
CONTINUOUS
10
0.0933261023622047
20
0.1329723228346457
11
0.0927103543307087
21
0.1340864173228346
0
LINE
8
BLACK
6
CONTINUOUS
10
0.0927103543307087
20
0.1340864173228346
11
0.0920557086614173
21
0.135051968503937
0
LINE
8
BLACK
6
CONTINUOUS
10
0.0920557086614173
20
0.135051968503937
11
0.0892058661417323
21
0.1404272440944882
0
LINE
8
BLACK
6
CONTINUOUS
10
0.0892058661417323
20
0.1404272440944882
11
0.086492125984252
21
0.1453374803149606
0
LINE
8
BLACK
6
CONTINUOUS
10
0.086492125984252
20
0.1453374803149606
11
0.0860972047244094
21
0.1462908267716535
0
LINE
8
BLACK
6
CONTINUOUS
10
0.0860972047244094
20
0.1462908267716535
11
0.0856662992125984
21
0.1471036614173228
0
LINE
8
BLACK
6
CONTINUOUS
10
0.0856662992125984
20
0.1471036614173228
11
0.0832862598425197
21
0.1530770078740157
0
LINE
8
BLACK
6
CONTINUOUS
10
0.0832862598425197
20
0.1530770078740157
11
0.0810855511811024
21
0.1583900393700787
0
LINE
8
BLACK
6
CONTINUOUS
10
0.0810855511811024
20
0.1583900393700787
11
0.0808666535433071
21
0.1591497244094488
0
LINE
8
BLACK
6
CONTINUOUS
10
0.0808666535433071
20
0.1591497244094488
11
0.0806174803149606
21
0.1597751968503937
0
LINE
8
BLACK
6
CONTINUOUS
10
0.0806174803149606
20
0.1597751968503937
11
0.0787831496062992
21
0.1663817322834646
0
LINE
8
BLACK
6
CONTINUOUS
10
0.0787831496062992
20
0.1663817322834646
11
0.0771744488188976
21
0.1719658661417323
0
LINE
8
BLACK
6
CONTINUOUS
10
0.0771744488188976
20
0.1719658661417323
11
0.0770824409448819
21
0.1725072834645669
0
LINE
8
BLACK
6
CONTINUOUS
10
0.0770824409448819
20
0.1725072834645669
11
0.076968188976378
21
0.1729188582677165
0
LINE
8
BLACK
6
CONTINUOUS
10
0.076968188976378
20
0.1729188582677165
11
0.0757494881889764
21
0.1803524409448819
0
LINE
8
BLACK
6
CONTINUOUS
10
0.0757494881889764
20
0.1803524409448819
11
0.0748079133858268
21
0.1858942519685039
0
LINE
8
BLACK
6
CONTINUOUS
10
0.0748079133858268
20
0.1858942519685039
11
0.0747906692913386
21
0.186200905511811
0
LINE
8
BLACK
6
CONTINUOUS
10
0.0747906692913386
20
0.186200905511811
11
0.0747614566929134
21
0.1863792519685039
0
LINE
8
BLACK
6
CONTINUOUS
10
0.0747614566929134
20
0.1863792519685039
11
0.0742242913385827
21
0.1962862204724409
0
LINE
8
BLACK
6
CONTINUOUS
10
0.0742242913385827
20
0.1962862204724409
11
0.0740157480314961
21
0.2
0
LINE
8
BLACK
6
CONTINUOUS
10
0.0740157480314961
20
0.2
11
0.0742242913385827
21
0.2037140551181102
0
LINE
8
BLACK
6
CONTINUOUS
10
0.0742242913385827
20
0.2037140551181102
11
0.0747614566929134
21
0.2136207086614173
0
LINE
8
BLACK
6
CONTINUOUS
10
0.0747614566929134
20
0.2136207086614173
11
0.0747906692913386
21
0.2137989763779528
0
LINE
8
BLACK
6
CONTINUOUS
10
0.0747906692913386
20
0.2137989763779528
11
0.0748079133858268
21
0.2141057480314961
0
LINE
8
BLACK
6
CONTINUOUS
10
0.0748079133858268
20
0.2141057480314961
11
0.0757496850393701
21
0.2196486220472441
0
LINE
8
BLACK
6
CONTINUOUS
10
0.0757496850393701
20
0.2196486220472441
11
0.076968188976378
21
0.2270811023622047
0
LINE
8
BLACK
6
CONTINUOUS
10
0.076968188976378
20
0.2270811023622047
11
0.0770824015748031
21
0.2274925590551181
0
LINE
8
BLACK
6
CONTINUOUS
10
0.0770824015748031
20
0.2274925590551181
11
0.0771744488188976
21
0.2280341338582677
0
LINE
8
BLACK
6
CONTINUOUS
10
0.0771744488188976
20
0.2280341338582677
11
0.0787834645669291
21
0.2336192519685039
0
LINE
8
BLACK
6
CONTINUOUS
10
0.0787834645669291
20
0.2336192519685039
11
0.0806174803149606
21
0.2402247637795276
0
LINE
8
BLACK
6
CONTINUOUS
10
0.0806174803149606
20
0.2402247637795276
11
0.0808666141732283
21
0.2408501181102362
0
LINE
8
BLACK
6
CONTINUOUS
10
0.0808666141732283
20
0.2408501181102362
11
0.0810855511811024
21
0.2416099606299213
0
LINE
8
BLACK
6
CONTINUOUS
10
0.0810855511811024
20
0.2416099606299213
11
0.0832866929133858
21
0.2469239763779527
0
LINE
8
BLACK
6
CONTINUOUS
10
0.0832866929133858
20
0.2469239763779527
11
0.0856662992125984
21
0.2528962992125984
0
LINE
8
BLACK
6
CONTINUOUS
10
0.0856662992125984
20
0.2528962992125984
11
0.086097125984252
21
0.253708937007874
0
LINE
8
BLACK
6
CONTINUOUS
10
0.086097125984252
20
0.253708937007874
11
0.086492125984252
21
0.2546625196850394
0
LINE
8
BLACK
6
CONTINUOUS
10
0.086492125984252
20
0.2546625196850394
11
0.0892063779527559
21
0.2595736220472441
0
LINE
8
BLACK
6
CONTINUOUS
10
0.0892063779527559
20
0.2595736220472441
11
0.0920557086614173
21
0.2649479921259842
0
LINE
8
BLACK
6
CONTINUOUS
10
0.0920557086614173
20
0.2649479921259842
11
0.0927102362204724
21
0.2659133464566929
0
LINE
8
BLACK
6
CONTINUOUS
10
0.0927102362204724
20
0.2659133464566929
11
0.0933261023622047
21
0.2670276771653543
0
LINE
8
BLACK
6
CONTINUOUS
10
0.0933261023622047
20
0.2670276771653543
11
0.0964696456692913
21
0.2714580708661417
0
LINE
8
BLACK
6
CONTINUOUS
10
0.0964696456692913
20
0.2714580708661417
11
0.0997105118110236
21
0.276238031496063
0
LINE
8
BLACK
6
CONTINUOUS
10
0.0997105118110236
20
0.276238031496063
11
0.1006255118110236
21
0.2773152755905512
0
LINE
8
BLACK
6
CONTINUOUS
10
0.1006255118110236
20
0.2773152755905512
11
0.1015015354330709
21
0.2785498818897638
0
LINE
8
BLACK
6
CONTINUOUS
10
0.1015015354330709
20
0.2785498818897638
11
0.1049896456692913
21
0.2824530708661417
0
LINE
8
BLACK
6
CONTINUOUS
10
0.1049896456692913
20
0.2824530708661417
11
0.1085411023622047
21
0.2866341732283464
0
LINE
8
BLACK
6
CONTINUOUS
10
0.1085411023622047
20
0.2866341732283464
11
0.1097462598425197
21
0.2877757480314961
0
LINE
8
BLACK
6
CONTINUOUS
10
0.1097462598425197
20
0.2877757480314961
11
0.1109156692913386
21
0.2890843307086614
0
LINE
8
BLACK
6
CONTINUOUS
10
0.1109156692913386
20
0.2890843307086614
11
0.1146630708661417
21
0.2924332283464567
0
LINE
8
BLACK
6
CONTINUOUS
10
0.1146630708661417
20
0.2924332283464567
11
0.1184442913385827
21
0.2960149606299213
0
LINE
8
BLACK
6
CONTINUOUS
10
0.1184442913385827
20
0.2960149606299213
11
0.1199626377952756
21
0.2971691732283465
0
LINE
8
BLACK
6
CONTINUOUS
10
0.1199626377952756
20
0.2971691732283465
11
0.1214501181102362
21
0.2984984645669291
0
LINE
8
BLACK
6
CONTINUOUS
10
0.1214501181102362
20
0.2984984645669291
11
0.1253703149606299
21
0.30128
0
LINE
8
BLACK
6
CONTINUOUS
10
0.1253703149606299
20
0.30128
11
0.1293033464566929
21
0.3042698031496063
0
LINE
8
BLACK
6
CONTINUOUS
10
0.1293033464566929
20
0.3042698031496063
11
0.1311500393700787
21
0.305380905511811
0
LINE
8
BLACK
6
CONTINUOUS
10
0.1311500393700787
20
0.305380905511811
11
0.1329723228346457
21
0.3066738976377953
0
LINE
8
BLACK
6
CONTINUOUS
10
0.1329723228346457
20
0.3066738976377953
11
0.1369833858267717
21
0.3088907480314961
0
LINE
8
BLACK
6
CONTINUOUS
10
0.1369833858267717
20
0.3088907480314961
11
0.1409912204724409
21
0.3113021653543307
0
LINE
8
BLACK
6
CONTINUOUS
10
0.1409912204724409
20
0.3113021653543307
11
0.1431724803149606
21
0.3123112992125984
0
LINE
8
BLACK
6
CONTINUOUS
10
0.1431724803149606
20
0.3123112992125984
11
0.1453374803149606
21
0.313507874015748
0
LINE
8
BLACK
6
CONTINUOUS
10
0.1453374803149606
20
0.313507874015748
11
0.1493618897637795
21
0.315174842519685
0
LINE
8
BLACK
6
CONTINUOUS
10
0.1493618897637795
20
0.315174842519685
11
0.153371062992126
21
0.3170296850393701
0
LINE
8
BLACK
6
CONTINUOUS
10
0.153371062992126
20
0.3170296850393701
11
0.1558838188976378
21
0.3178763385826772
0
LINE
8
BLACK
6
CONTINUOUS
10
0.1558838188976378
20
0.3178763385826772
11
0.1583900393700787
21
0.3189144488188976
0
LINE
8
BLACK
6
CONTINUOUS
10
0.1583900393700787
20
0.3189144488188976
11
0.1623547637795276
21
0.3200566535433071
0
LINE
8
BLACK
6
CONTINUOUS
10
0.1623547637795276
20
0.3200566535433071
11
0.1662974803149606
21
0.3213851181102362
0
LINE
8
BLACK
6
CONTINUOUS
10
0.1662974803149606
20
0.3213851181102362
11
0.1691306299212599
21
0.3220087401574803
0
LINE
8
BLACK
6
CONTINUOUS
10
0.1691306299212599
20
0.3220087401574803
11
0.1719658661417323
21
0.3228255511811023
0
LINE
8
BLACK
6
CONTINUOUS
10
0.1719658661417323
20
0.3228255511811023
11
0.1758044094488189
21
0.3234777165354331
0
LINE
8
BLACK
6
CONTINUOUS
10
0.1758044094488189
20
0.3234777165354331
11
0.1796193700787402
21
0.3243174803149606
0
LINE
8
BLACK
6
CONTINUOUS
10
0.1796193700787402
20
0.3243174803149606
11
0.1827517716535433
21
0.3246581496062992
0
LINE
8
BLACK
6
CONTINUOUS
10
0.1827517716535433
20
0.3246581496062992
11
0.1858942519685039
21
0.3251920866141732
0
LINE
8
BLACK
6
CONTINUOUS
10
0.1858942519685039
20
0.3251920866141732
11
0.1895474015748032
21
0.3253972440944882
0
LINE
8
BLACK
6
CONTINUOUS
10
0.1895474015748032
20
0.3253972440944882
11
0.1931796456692913
21
0.3257922834645669
0
LINE
8
BLACK
6
CONTINUOUS
10
0.1931796456692913
20
0.3257922834645669
11
0.1965816929133858
21
0.3257922834645669
0
LINE
8
BLACK
6
CONTINUOUS
10
0.1965816929133858
20
0.3257922834645669
11
0.2
21
0.3259842519685039
0
LINE
8
BLACK
6
CONTINUOUS
10
0.2
20
0.3259842519685039
11
0.2034183070866142
21
0.3257922834645669
0
LINE
8
BLACK
6
CONTINUOUS
10
2.203418307086614
20
0.3257922834645669
11
2.2068203543307088
21
0.3257922834645669
0
LINE
8
BLACK
6
CONTINUOUS
10
2.2068203543307088
20
0.3257922834645669
11
2.2104525590551178
21
0.3253972440944882
0
LINE
8
BLACK
6
CONTINUOUS
10
2.2104525590551178
20
0.3253972440944882
11
2.2141057480314958
21
0.3251920866141732
0
LINE
8
BLACK
6
CONTINUOUS
10
2.2141057480314958
20
0.3251920866141732
11
2.2172482283464565
21
0.3246581496062992
0
LINE
8
BLACK
6
CONTINUOUS
10
2.2172482283464565
20
0.3246581496062992
11
2.2203805905511809
21
0.3243174803149606
0
LINE
8
BLACK
6
CONTINUOUS
10
2.2203805905511809
20
0.3243174803149606
11
2.2241953543307087
21
0.3234777559055118
0
LINE
8
BLACK
6
CONTINUOUS
10
2.2241953543307087
20
0.3234777559055118
11
2.2280341338582677
21
0.3228255511811023
0
LINE
8
BLACK
6
CONTINUOUS
10
2.2280341338582677
20
0.3228255511811023
11
2.2308694488188974
21
0.3220087007874016
0
LINE
8
BLACK
6
CONTINUOUS
10
2.2308694488188974
20
0.3220087007874016
11
2.2337024803149608
21
0.3213851181102362
0
LINE
8
BLACK
6
CONTINUOUS
10
2.2337024803149608
20
0.3213851181102362
11
2.2376449212598426
21
0.3200567322834645
0
LINE
8
BLACK
6
CONTINUOUS
10
2.2376449212598426
20
0.3200567322834645
11
2.2416099606299213
21
0.3189144488188976
0
LINE
8
BLACK
6
CONTINUOUS
10
2.2416099606299213
20
0.3189144488188976
11
2.2441162992125983
21
0.3178762598425197
0
LINE
8
BLACK
6
CONTINUOUS
10
2.2441162992125983
20
0.3178762598425197
11
2.2466288976377951
21
0.3170296850393701
0
LINE
8
BLACK
6
CONTINUOUS
10
2.2466288976377951
20
0.3170296850393701
11
2.2506376771653542
21
0.315175
0
LINE
8
BLACK
6
CONTINUOUS
10
2.2506376771653542
20
0.315175
11
2.2546625196850392
21
0.313507874015748
0
LINE
8
BLACK
6
CONTINUOUS
10
2.2546625196850392
20
0.313507874015748
11
2.2568276771653544
21
0.3123111811023622
0
LINE
8
BLACK
6
CONTINUOUS
10
2.2568276771653544
20
0.3123111811023622
11
2.2590087401574803
21
0.3113021653543307
0
LINE
8
BLACK
6
CONTINUOUS
10
2.2590087401574803
20
0.3113021653543307
11
2.2630160629921261
21
0.3088909842519685
0
LINE
8
BLACK
6
CONTINUOUS
10
2.2630160629921261
20
0.3088909842519685
11
2.2670276771653541
21
0.3066738976377953
0
LINE
8
BLACK
6
CONTINUOUS
10
2.2670276771653541
20
0.3066738976377953
11
2.268850157480315
21
0.3053807480314961
0
LINE
8
BLACK
6
CONTINUOUS
10
2.268850157480315
20
0.3053807480314961
11
2.2706966141732283
21
0.3042698031496063
0
LINE
8
BLACK
6
CONTINUOUS
10
2.2706966141732283
20
0.3042698031496063
11
2.2746290551181101
21
0.3012803937007874
0
LINE
8
BLACK
6
CONTINUOUS
10
2.2746290551181101
20
0.3012803937007874
11
2.2785498818897638
21
0.2984984645669291
0
LINE
8
BLACK
6
CONTINUOUS
10
2.2785498818897638
20
0.2984984645669291
11
2.2800375590551178
21
0.2971689763779528
0
LINE
8
BLACK
6
CONTINUOUS
10
2.2800375590551178
20
0.2971689763779528
11
2.2815556692913384
21
0.2960149606299213
0
LINE
8
BLACK
6
CONTINUOUS
10
2.2815556692913384
20
0.2960149606299213
11
2.285336181102362
21
0.2924338188976378
0
LINE
8
BLACK
6
CONTINUOUS
10
2.285336181102362
20
0.2924338188976378
11
2.2890843307086612
21
0.2890843307086614
0
LINE
8
BLACK
6
CONTINUOUS
10
2.2890843307086612
20
0.2890843307086614
11
2.2902539370078738
21
0.2877755118110236
0
LINE
8
BLACK
6
CONTINUOUS
10
2.2902539370078738
20
0.2877755118110236
11
2.2914588582677164
21
0.2866341732283464
0
LINE
8
BLACK
6
CONTINUOUS
10
2.2914588582677164
20
0.2866341732283464
11
2.295009527559055
21
0.2824539763779528
0
LINE
8
BLACK
6
CONTINUOUS
10
2.295009527559055
20
0.2824539763779528
11
2.2984984645669293
21
0.2785498818897638
0
LINE
8
BLACK
6
CONTINUOUS
10
2.2984984645669293
20
0.2785498818897638
11
2.2993746456692912
21
0.277315
0
LINE
8
BLACK
6
CONTINUOUS
10
2.2993746456692912
20
0.277315
11
2.3002894488188974
21
0.276238031496063
0
LINE
8
BLACK
6
CONTINUOUS
10
2.3002894488188974
20
0.276238031496063
11
2.3035294488188978
21
0.2714593307086614
0
LINE
8
BLACK
6
CONTINUOUS
10
2.3035294488188978
20
0.2714593307086614
11
2.3066738976377952
21
0.2670276771653543
0
LINE
8
BLACK
6
CONTINUOUS
10
2.3066738976377952
20
0.2670276771653543
11
2.3072899212598426
21
0.265913031496063
0
LINE
8
BLACK
6
CONTINUOUS
10
2.3072899212598426
20
0.265913031496063
11
2.3079442519685038
21
0.2649479921259842
0
LINE
8
BLACK
6
CONTINUOUS
10
2.3079442519685038
20
0.2649479921259842
11
2.3107925984251967
21
0.2595753937007874
0
LINE
8
BLACK
6
CONTINUOUS
10
2.3107925984251967
20
0.2595753937007874
11
2.3135078740157482
21
0.2546625196850394
0
LINE
8
BLACK
6
CONTINUOUS
10
2.3135078740157482
20
0.2546625196850394
11
2.3139029527559054
21
0.2537086220472441
0
LINE
8
BLACK
6
CONTINUOUS
10
2.3139029527559054
20
0.2537086220472441
11
2.3143336614173227
21
0.2528962992125984
0
LINE
8
BLACK
6
CONTINUOUS
10
2.3143336614173227
20
0.2528962992125984
11
2.3167122440944881
21
0.2469264566929134
0
LINE
8
BLACK
6
CONTINUOUS
10
2.3167122440944881
20
0.2469264566929134
11
2.3189144488188975
21
0.2416099606299213
0
LINE
8
BLACK
6
CONTINUOUS
10
2.3189144488188975
20
0.2416099606299213
11
2.3191334251968505
21
0.2408497637795275
0
LINE
8
BLACK
6
CONTINUOUS
10
2.3191334251968505
20
0.2408497637795275
11
2.3193824803149607
21
0.2402247637795276
0
LINE
8
BLACK
6
CONTINUOUS
10
2.3193824803149607
20
0.2402247637795276
11
2.3212153937007876
21
0.233623031496063
0
LINE
8
BLACK
6
CONTINUOUS
10
2.3212153937007876
20
0.233623031496063
11
2.3228255511811025
21
0.2280341338582677
0
LINE
8
BLACK
6
CONTINUOUS
10
2.3228255511811025
20
0.2280341338582677
11
2.3229175984251969
21
0.2274922047244095
0
LINE
8
BLACK
6
CONTINUOUS
10
2.3229175984251969
20
0.2274922047244095
11
2.3230317716535431
21
0.2270811023622047
0
LINE
8
BLACK
6
CONTINUOUS
10
2.3230317716535431
20
0.2270811023622047
11
2.3242491732283463
21
0.2196552362204724
0
LINE
8
BLACK
6
CONTINUOUS
10
2.3242491732283463
20
0.2196552362204724
11
2.3251920866141731
21
0.2141057480314961
0
LINE
8
BLACK
6
CONTINUOUS
10
2.3251920866141731
20
0.2141057480314961
11
2.3252093307086614
21
0.2137986220472441
0
LINE
8
BLACK
6
CONTINUOUS
10
2.3252093307086614
20
0.2137986220472441
11
2.3252385039370078
21
0.2136207086614173
0
LINE
8
BLACK
6
CONTINUOUS
10
2.3252385039370078
20
0.2136207086614173
11
2.3257745275590551
21
0.2037343307086614
0
LINE
8
BLACK
6
CONTINUOUS
10
2.3257745275590551
20
0.2037343307086614
11
2.3259842519685039
21
0.2
0
LINE
8
BLACK
6
CONTINUOUS
10
2.3259842519685039
20
0.2
11
2.3257745275590551
21
0.196265905511811
0
LINE
8
BLACK
6
CONTINUOUS
10
2.3257745275590551
20
0.196265905511811
11
2.3252385039370078
21
0.1863792519685039
0
LINE
8
BLACK
6
CONTINUOUS
10
2.3252385039370078
20
0.1863792519685039
11
2.3252092913385827
21
0.1862012992125984
0
LINE
8
BLACK
6
CONTINUOUS
10
2.3252092913385827
20
0.1862012992125984
11
2.3251920866141731
21
0.1858942519685039
0
LINE
8
BLACK
6
CONTINUOUS
10
2.3251920866141731
20
0.1858942519685039
11
2.3242493700787401
21
0.1803458267716535
0
LINE
8
BLACK
6
CONTINUOUS
10
2.3242493700787401
20
0.1803458267716535
11
2.3230317716535431
21
0.1729188582677165
0
LINE
8
BLACK
6
CONTINUOUS
10
2.3230317716535431
20
0.1729188582677165
11
2.3229175984251969
21
0.1725076771653543
0
LINE
8
BLACK
6
CONTINUOUS
10
2.3229175984251969
20
0.1725076771653543
11
2.3228255511811025
21
0.1719658661417323
0
LINE
8
BLACK
6
CONTINUOUS
10
2.3228255511811025
20
0.1719658661417323
11
2.3212157086614171
21
0.1663779921259843
0
LINE
8
BLACK
6
CONTINUOUS
10
2.3212157086614171
20
0.1663779921259843
11
2.3193824803149607
21
0.1597751968503937
0
LINE
8
BLACK
6
CONTINUOUS
10
2.3193824803149607
20
0.1597751968503937
11
2.3191333858267718
21
0.1591500787401575
0
LINE
8
BLACK
6
CONTINUOUS
10
2.3191333858267718
20
0.1591500787401575
11
2.3189144488188975
21
0.1583900393700787
0
LINE
8
BLACK
6
CONTINUOUS
10
2.3189144488188975
20
0.1583900393700787
11
2.3167126377952756
21
0.1530744881889764
0
LINE
8
BLACK
6
CONTINUOUS
10
2.3167126377952756
20
0.1530744881889764
11
2.3143336614173227
21
0.1471036614173228
0
LINE
8
BLACK
6
CONTINUOUS
10
2.3143336614173227
20
0.1471036614173228
11
2.3139029133858267
21
0.1462911811023622
0
LINE
8
BLACK
6
CONTINUOUS
10
2.3139029133858267
20
0.1462911811023622
11
2.3135078740157482
21
0.1453374803149606
0
LINE
8
BLACK
6
CONTINUOUS
10
2.3135078740157482
20
0.1453374803149606
11
2.3107931102362205
21
0.1404255118110236
0
LINE
8
BLACK
6
CONTINUOUS
10
2.3107931102362205
20
0.1404255118110236
11
2.3079442519685038
21
0.135051968503937
0
LINE
8
BLACK
6
CONTINUOUS
10
2.3079442519685038
20
0.135051968503937
11
2.3072898031496063
21
0.1340867322834646
0
LINE
8
BLACK
6
CONTINUOUS
10
2.3072898031496063
20
0.1340867322834646
11
2.3066738976377952
21
0.1329723228346457
0
LINE
8
BLACK
6
CONTINUOUS
10
2.3066738976377952
20
0.1329723228346457
11
2.3035300393700786
21
0.1285414960629921
0
LINE
8
BLACK
6
CONTINUOUS
10
2.3035300393700786
20
0.1285414960629921
11
2.3002894488188974
21
0.1237619291338583
0
LINE
8
BLACK
6
CONTINUOUS
10
2.3002894488188974
20
0.1237619291338583
11
2.2993744488188974
21
0.1226847244094488
0
LINE
8
BLACK
6
CONTINUOUS
10
2.2993744488188974
20
0.1226847244094488
11
2.2984984645669293
21
0.1214501181102362
0
LINE
8
BLACK
6
CONTINUOUS
10
2.2984984645669293
20
0.1214501181102362
11
2.2950101968503938
21
0.1175467322834646
0
LINE
8
BLACK
6
CONTINUOUS
10
2.2950101968503938
20
0.1175467322834646
11
2.2914588582677164
21
0.1133657874015748
0
LINE
8
BLACK
6
CONTINUOUS
10
2.2914588582677164
20
0.1133657874015748
11
2.2902537007874013
21
0.1122242125984252
0
LINE
8
BLACK
6
CONTINUOUS
10
2.2902537007874013
20
0.1122242125984252
11
2.2890843307086612
21
0.1109156692913386
0
LINE
8
BLACK
6
CONTINUOUS
10
2.2890843307086612
20
0.1109156692913386
11
2.2853369291338583
21
0.1075667716535433
0
LINE
8
BLACK
6
CONTINUOUS
10
2.2853369291338583
20
0.1075667716535433
11
2.2815556692913384
21
0.103985
0
LINE
8
BLACK
6
CONTINUOUS
10
2.2815556692913384
20
0.103985
11
2.2800372440944883
21
0.1028307086614173
0
LINE
8
BLACK
6
CONTINUOUS
10
2.2800372440944883
20
0.1028307086614173
11
2.2785498818897638
21
0.1015015354330709
0
LINE
8
BLACK
6
CONTINUOUS
10
2.2785498818897638
20
0.1015015354330709
11
2.2746298425196851
21
0.0987201181102362
0
LINE
8
BLACK
6
CONTINUOUS
10
2.2746298425196851
20
0.0987201181102362
11
2.2706966141732283
21
0.095730157480315
0
LINE
8
BLACK
6
CONTINUOUS
10
2.2706966141732283
20
0.095730157480315
11
2.2688497637795275
21
0.094618937007874
0
LINE
8
BLACK
6
CONTINUOUS
10
2.2688497637795275
20
0.094618937007874
11
2.2670276771653541
21
0.0933261023622047
0
LINE
8
BLACK
6
CONTINUOUS
10
2.2670276771653541
20
0.0933261023622047
11
2.2630168897637795
21
0.0911094094488189
0
LINE
8
BLACK
6
CONTINUOUS
10
2.2630168897637795
20
0.0911094094488189
11
2.2590087401574803
21
0.0886977952755905
0
LINE
8
BLACK
6
CONTINUOUS
10
2.2590087401574803
20
0.0886977952755905
11
2.2568272440944881
21
0.0876885039370079
0
LINE
8
BLACK
6
CONTINUOUS
10
2.2568272440944881
20
0.0876885039370079
11
2.2546625196850392
21
0.086492125984252
0
LINE
8
BLACK
6
CONTINUOUS
10
2.2546625196850392
20
0.086492125984252
11
2.250638503937008
21
0.0848253149606299
0
LINE
8
BLACK
6
CONTINUOUS
10
2.250638503937008
20
0.0848253149606299
11
2.2466288976377951
21
0.0829702755905512
0
LINE
8
BLACK
6
CONTINUOUS
10
2.2466288976377951
20
0.0829702755905512
11
2.2441158267716537
21
0.0821235039370079
0
LINE
8
BLACK
6
CONTINUOUS
10
2.2441158267716537
20
0.0821235039370079
11
2.2416099606299213
21
0.0810855511811024
0
LINE
8
BLACK
6
CONTINUOUS
10
2.2416099606299213
20
0.0810855511811024
11
2.2376457086614172
21
0.0799434645669291
0
LINE
8
BLACK
6
CONTINUOUS
10
2.2376457086614172
20
0.0799434645669291
11
2.2337024803149608
21
0.078614842519685
0
LINE
8
BLACK
6
CONTINUOUS
10
2.2337024803149608
20
0.078614842519685
11
2.2308688976377953
21
0.0779911023622047
0
LINE
8
BLACK
6
CONTINUOUS
10
2.2308688976377953
20
0.0779911023622047
11
2.2280341338582677
21
0.0771744488188976
0
LINE
8
BLACK
6
CONTINUOUS
10
2.2280341338582677
20
0.0771744488188976
11
2.2241961417322833
21
0.0765223228346457
0
LINE
8
BLACK
6
CONTINUOUS
10
2.2241961417322833
20
0.0765223228346457
11
2.2203805905511809
21
0.0756824803149606
0
LINE
8
BLACK
6
CONTINUOUS
10
2.2203805905511809
20
0.0756824803149606
11
2.2172477559055119
21
0.0753417322834646
0
LINE
8
BLACK
6
CONTINUOUS
10
2.2172477559055119
20
0.0753417322834646
11
2.2141057480314958
21
0.0748079133858268
0
LINE
8
BLACK
6
CONTINUOUS
10
2.2141057480314958
20
0.0748079133858268
11
2.2104527559055116
21
0.0746027559055118
0
LINE
8
BLACK
6
CONTINUOUS
10
2.2104527559055116
20
0.0746027559055118
11
2.2068203543307088
21
0.0742077165354331
0
LINE
8
BLACK
6
CONTINUOUS
10
2.2068203543307088
20
0.0742077165354331
11
2.203418307086614
21
0.0742077165354331
0
LINE
8
BLACK
6
CONTINUOUS
10
2.203418307086614
20
0.0742077165354331
11
2.1999999999999997
21
0.0740157480314961
0
LINE
8
BLACK
6
CONTINUOUS
10
2.1999999999999997
20
0.0740157480314961
11
2.1965816929133859
21
0.0742077165354331
0
LINE
8
BLACK
6
CONTINUOUS
10
2.1965816929133859
20
0.0742077165354331
11
2.1931796456692911
21
0.0742077165354331
0
LINE
8
BLACK
6
CONTINUOUS
10
2.1931796456692911
20
0.0742077165354331
11
2.1895471653543308
21
0.0746027559055118
0
LINE
8
BLACK
6
CONTINUOUS
10
2.1895471653543308
20
0.0746027559055118
11
2.1858942519685041
21
0.0748079133858268
0
LINE
8
BLACK
6
CONTINUOUS
10
2.1858942519685041
20
0.0748079133858268
11
2.1827522834645667
21
0.0753417322834646
0
LINE
8
BLACK
6
CONTINUOUS
10
2.1827522834645667
20
0.0753417322834646
11
2.1796193700787403
21
0.0756824803149606
0
LINE
8
BLACK
6
CONTINUOUS
10
2.1796193700787403
20
0.0756824803149606
11
2.1758036614173228
21
0.0765223622047244
0
LINE
8
BLACK
6
CONTINUOUS
10
2.1758036614173228
20
0.0765223622047244
11
2.1719658661417323
21
0.0771744488188976
0
LINE
8
BLACK
6
CONTINUOUS
10
2.1719658661417323
20
0.0771744488188976
11
2.1691312204724409
21
0.077991062992126
0
LINE
8
BLACK
6
CONTINUOUS
10
2.1691312204724409
20
0.077991062992126
11
2.1662974803149604
21
0.078614842519685
0
LINE
8
BLACK
6
CONTINUOUS
10
2.1662974803149604
20
0.078614842519685
11
2.1623539763779527
21
0.0799435433070866
0
LINE
8
BLACK
6
CONTINUOUS
10
2.1623539763779527
20
0.0799435433070866
11
2.1583900393700786
21
0.0810855511811024
0
LINE
8
BLACK
6
CONTINUOUS
10
2.1583900393700786
20
0.0810855511811024
11
2.1558843307086613
21
0.0821234251968504
0
LINE
8
BLACK
6
CONTINUOUS
10
2.1558843307086613
20
0.0821234251968504
11
2.1533710629921261
21
0.0829702755905512
0
LINE
8
BLACK
6
CONTINUOUS
10
2.1533710629921261
20
0.0829702755905512
11
2.1493611023622048
21
0.0848254724409449
0
LINE
8
BLACK
6
CONTINUOUS
10
2.1493611023622048
20
0.0848254724409449
11
2.1453374803149607
21
0.086492125984252
0
LINE
8
BLACK
6
CONTINUOUS
10
2.1453374803149607
20
0.086492125984252
11
2.1431729133858268
21
0.0876884251968504
0
LINE
8
BLACK
6
CONTINUOUS
10
2.1431729133858268
20
0.0876884251968504
11
2.1409912204724408
21
0.0886977952755905
0
LINE
8
BLACK
6
CONTINUOUS
10
2.1409912204724408
20
0.0886977952755905
11
2.1369825984251967
21
0.0911096850393701
0
LINE
8
BLACK
6
CONTINUOUS
10
2.1369825984251967
20
0.0911096850393701
11
2.1329723228346458
21
0.0933261023622047
0
LINE
8
BLACK
6
CONTINUOUS
10
2.1329723228346458
20
0.0933261023622047
11
2.1311503937007874
21
0.0946187795275591
0
LINE
8
BLACK
6
CONTINUOUS
10
2.1311503937007874
20
0.0946187795275591
11
2.1293033464566928
21
0.095730157480315
0
LINE
8
BLACK
6
CONTINUOUS
10
2.1293033464566928
20
0.095730157480315
11
2.1253695275590552
21
0.0987205118110236
0
LINE
8
BLACK
6
CONTINUOUS
10
2.1253695275590552
20
0.0987205118110236
11
2.1214501181102361
21
0.1015015354330709
0
LINE
8
BLACK
6
CONTINUOUS
10
2.1214501181102361
20
0.1015015354330709
11
2.1199629527559054
21
0.1028305118110236
0
LINE
8
BLACK
6
CONTINUOUS
10
2.1199629527559054
20
0.1028305118110236
11
2.1184442913385828
21
0.103985
0
LINE
8
BLACK
6
CONTINUOUS
10
2.1184442913385828
20
0.103985
11
2.1146623622047245
21
0.1075674015748031
0
LINE
8
BLACK
6
CONTINUOUS
10
2.1146623622047245
20
0.1075674015748031
11
2.1109156692913387
21
0.1109156692913386
0
LINE
8
BLACK
6
CONTINUOUS
10
2.1109156692913387
20
0.1109156692913386
11
2.1097464566929132
21
0.1122239763779528
0
LINE
8
BLACK
6
CONTINUOUS
10
2.1097464566929132
20
0.1122239763779528
11
2.1085411023622047
21
0.1133657874015748
0
LINE
8
BLACK
6
CONTINUOUS
10
2.1085411023622047
20
0.1133657874015748
11
2.1049889763779528
21
0.1175476377952756
0
LINE
8
BLACK
6
CONTINUOUS
10
2.1049889763779528
20
0.1175476377952756
11
2.1015015354330706
21
0.1214501181102362
0
LINE
8
BLACK
6
CONTINUOUS
10
2.1015015354330706
20
0.1214501181102362
11
2.1006257086614171
21
0.1226844488188976
0
LINE
8
BLACK
6
CONTINUOUS
10
2.1006257086614171
20
0.1226844488188976
11
2.0997105118110237
21
0.1237619291338583
0
LINE
8
BLACK
6
CONTINUOUS
10
2.0997105118110237
20
0.1237619291338583
11
2.0964690157480312
21
0.1285427165354331
0
LINE
8
BLACK
6
CONTINUOUS
10
2.0964690157480312
20
0.1285427165354331
11
2.0933261023622047
21
0.1329723228346457
0
LINE
8
BLACK
6
CONTINUOUS
10
2.0933261023622047
20
0.1329723228346457
11
2.0927103543307086
21
0.1340864173228346
0
LINE
8
BLACK
6
CONTINUOUS
10
2.0927103543307086
20
0.1340864173228346
11
2.0920557086614173
21
0.135051968503937
0
LINE
8
BLACK
6
CONTINUOUS
10
2.0920557086614173
20
0.135051968503937
11
2.0892058661417323
21
0.1404272440944882
0
LINE
8
BLACK
6
CONTINUOUS
10
2.0892058661417323
20
0.1404272440944882
11
2.0864921259842517
21
0.1453374803149606
0
LINE
8
BLACK
6
CONTINUOUS
10
2.0864921259842517
20
0.1453374803149606
11
2.0860972047244095
21
0.1462908267716535
0
LINE
8
BLACK
6
CONTINUOUS
10
2.0860972047244095
20
0.1462908267716535
11
2.0856662992125985
21
0.1471036614173228
0
LINE
8
BLACK
6
CONTINUOUS
10
2.0856662992125985
20
0.1471036614173228
11
2.0832862598425197
21
0.1530770078740157
0
LINE
8
BLACK
6
CONTINUOUS
10
2.0832862598425197
20
0.1530770078740157
11
2.0810855511811024
21
0.1583900393700787
0
LINE
8
BLACK
6
CONTINUOUS
10
2.0810855511811024
20
0.1583900393700787
11
2.0808666535433069
21
0.1591497244094488
0
LINE
8
BLACK
6
CONTINUOUS
10
2.0808666535433069
20
0.1591497244094488
11
2.0806174803149604
21
0.1597751968503937
0
LINE
8
BLACK
6
CONTINUOUS
10
2.0806174803149604
20
0.1597751968503937
11
2.078783149606299
21
0.1663817322834646
0
LINE
8
BLACK
6
CONTINUOUS
10
2.078783149606299
20
0.1663817322834646
11
2.0771744488188975
21
0.1719658661417323
0
LINE
8
BLACK
6
CONTINUOUS
10
2.0771744488188975
20
0.1719658661417323
11
2.0770824409448818
21
0.1725072834645669
0
LINE
8
BLACK
6
CONTINUOUS
10
2.0770824409448818
20
0.1725072834645669
11
2.076968188976378
21
0.1729188582677165
0
LINE
8
BLACK
6
CONTINUOUS
10
2.076968188976378
20
0.1729188582677165
11
2.0757494881889764
21
0.1803524409448819
0
LINE
8
BLACK
6
CONTINUOUS
10
2.0757494881889764
20
0.1803524409448819
11
2.0748079133858268
21
0.1858942519685039
0
LINE
8
BLACK
6
CONTINUOUS
10
2.0748079133858268
20
0.1858942519685039
11
2.0747906692913385
21
0.186200905511811
0
LINE
8
BLACK
6
CONTINUOUS
10
2.0747906692913385
20
0.186200905511811
11
2.0747614566929133
21
0.1863792519685039
0
LINE
8
BLACK
6
CONTINUOUS
10
2.0747614566929133
20
0.1863792519685039
11
2.0742242913385827
21
0.1962862204724409
0
LINE
8
BLACK
6
CONTINUOUS
10
2.0742242913385827
20
0.1962862204724409
11
2.074015748031496
21
0.2
0
LINE
8
BLACK
6
CONTINUOUS
10
2.074015748031496
20
0.2
11
2.0742242913385827
21
0.2037140551181102
0
LINE
8
BLACK
6
CONTINUOUS
10
2.0742242913385827
20
0.2037140551181102
11
2.0747614566929133
21
0.2136207086614173
0
LINE
8
BLACK
6
CONTINUOUS
10
2.0747614566929133
20
0.2136207086614173
11
2.0747906692913385
21
0.2137989763779528
0
LINE
8
BLACK
6
CONTINUOUS
10
2.0747906692913385
20
0.2137989763779528
11
2.0748079133858268
21
0.2141057480314961
0
LINE
8
BLACK
6
CONTINUOUS
10
2.0748079133858268
20
0.2141057480314961
11
2.0757496850393702
21
0.2196486220472441
0
LINE
8
BLACK
6
CONTINUOUS
10
2.0757496850393702
20
0.2196486220472441
11
2.076968188976378
21
0.2270811023622047
0
LINE
8
BLACK
6
CONTINUOUS
10
2.076968188976378
20
0.2270811023622047
11
2.0770824015748031
21
0.2274925590551181
0
LINE
8
BLACK
6
CONTINUOUS
10
2.0770824015748031
20
0.2274925590551181
11
2.0771744488188975
21
0.2280341338582677
0
LINE
8
BLACK
6
CONTINUOUS
10
2.0771744488188975
20
0.2280341338582677
11
2.078783464566929
21
0.2336192519685039
0
LINE
8
BLACK
6
CONTINUOUS
10
2.078783464566929
20
0.2336192519685039
11
2.0806174803149604
21
0.2402247637795276
0
LINE
8
BLACK
6
CONTINUOUS
10
2.0806174803149604
20
0.2402247637795276
11
2.0808666141732282
21
0.2408501181102362
0
LINE
8
BLACK
6
CONTINUOUS
10
2.0808666141732282
20
0.2408501181102362
11
2.0810855511811024
21
0.2416099606299213
0
LINE
8
BLACK
6
CONTINUOUS
10
2.0810855511811024
20
0.2416099606299213
11
2.083286692913386
21
0.2469239763779527
0
LINE
8
BLACK
6
CONTINUOUS
10
2.083286692913386
20
0.2469239763779527
11
2.0856662992125985
21
0.2528962992125984
0
LINE
8
BLACK
6
CONTINUOUS
10
2.0856662992125985
20
0.2528962992125984
11
2.086097125984252
21
0.253708937007874
0
LINE
8
BLACK
6
CONTINUOUS
10
2.086097125984252
20
0.253708937007874
11
2.0864921259842517
21
0.2546625196850394
0
LINE
8
BLACK
6
CONTINUOUS
10
2.0864921259842517
20
0.2546625196850394
11
2.0892063779527557
21
0.2595736220472441
0
LINE
8
BLACK
6
CONTINUOUS
10
2.0892063779527557
20
0.2595736220472441
11
2.0920557086614173
21
0.2649479921259842
0
LINE
8
BLACK
6
CONTINUOUS
10
2.0920557086614173
20
0.2649479921259842
11
2.0927102362204724
21
0.2659133464566929
0
LINE
8
BLACK
6
CONTINUOUS
10
2.0927102362204724
20
0.2659133464566929
11
2.0933261023622047
21
0.2670276771653543
0
LINE
8
BLACK
6
CONTINUOUS
10
2.0933261023622047
20
0.2670276771653543
11
2.0964696456692913
21
0.2714580708661417
0
LINE
8
BLACK
6
CONTINUOUS
10
2.0964696456692913
20
0.2714580708661417
11
2.0997105118110237
21
0.276238031496063
0
LINE
8
BLACK
6
CONTINUOUS
10
2.0997105118110237
20
0.276238031496063
11
2.1006255118110237
21
0.2773152755905512
0
LINE
8
BLACK
6
CONTINUOUS
10
2.1006255118110237
20
0.2773152755905512
11
2.1015015354330706
21
0.2785498818897638
0
LINE
8
BLACK
6
CONTINUOUS
10
2.1015015354330706
20
0.2785498818897638
11
2.1049896456692911
21
0.2824530708661417
0
LINE
8
BLACK
6
CONTINUOUS
10
2.1049896456692911
20
0.2824530708661417
11
2.1085411023622047
21
0.2866341732283464
0
LINE
8
BLACK
6
CONTINUOUS
10
2.1085411023622047
20
0.2866341732283464
11
2.1097462598425198
21
0.2877757480314961
0
LINE
8
BLACK
6
CONTINUOUS
10
2.1097462598425198
20
0.2877757480314961
11
2.1109156692913387
21
0.2890843307086614
0
LINE
8
BLACK
6
CONTINUOUS
10
2.1109156692913387
20
0.2890843307086614
11
2.1146630708661416
21
0.2924332283464567
0
LINE
8
BLACK
6
CONTINUOUS
10
2.1146630708661416
20
0.2924332283464567
11
2.1184442913385828
21
0.2960149606299213
0
LINE
8
BLACK
6
CONTINUOUS
10
2.1184442913385828
20
0.2960149606299213
11
2.1199626377952754
21
0.2971691732283465
0
LINE
8
BLACK
6
CONTINUOUS
10
2.1199626377952754
20
0.2971691732283465
11
2.1214501181102361
21
0.2984984645669291
0
LINE
8
BLACK
6
CONTINUOUS
10
2.1214501181102361
20
0.2984984645669291
11
2.1253703149606298
21
0.30128
0
LINE
8
BLACK
6
CONTINUOUS
10
2.1253703149606298
20
0.30128
11
2.1293033464566928
21
0.3042698031496063
0
LINE
8
BLACK
6
CONTINUOUS
10
2.1293033464566928
20
0.3042698031496063
11
2.1311500393700786
21
0.305380905511811
0
LINE
8
BLACK
6
CONTINUOUS
10
2.1311500393700786
20
0.305380905511811
11
2.1329723228346458
21
0.3066738976377953
0
LINE
8
BLACK
6
CONTINUOUS
10
2.1329723228346458
20
0.3066738976377953
11
2.1369833858267717
21
0.3088907480314961
0
LINE
8
BLACK
6
CONTINUOUS
10
2.1369833858267717
20
0.3088907480314961
11
2.1409912204724408
21
0.3113021653543307
0
LINE
8
BLACK
6
CONTINUOUS
10
2.1409912204724408
20
0.3113021653543307
11
2.1431724803149605
21
0.3123112992125984
0
LINE
8
BLACK
6
CONTINUOUS
10
2.1431724803149605
20
0.3123112992125984
11
2.1453374803149607
21
0.313507874015748
0
LINE
8
BLACK
6
CONTINUOUS
10
2.1453374803149607
20
0.313507874015748
11
2.1493618897637794
21
0.315174842519685
0
LINE
8
BLACK
6
CONTINUOUS
10
2.1493618897637794
20
0.315174842519685
11
2.1533710629921261
21
0.3170296850393701
0
LINE
8
BLACK
6
CONTINUOUS
10
2.1533710629921261
20
0.3170296850393701
11
2.1558838188976379
21
0.3178763385826772
0
LINE
8
BLACK
6
CONTINUOUS
10
2.1558838188976379
20
0.3178763385826772
11
2.1583900393700786
21
0.3189144488188976
0
LINE
8
BLACK
6
CONTINUOUS
10
2.1583900393700786
20
0.3189144488188976
11
2.1623547637795273
21
0.3200566535433071
0
LINE
8
BLACK
6
CONTINUOUS
10
2.1623547637795273
20
0.3200566535433071
11
2.1662974803149604
21
0.3213851181102362
0
LINE
8
BLACK
6
CONTINUOUS
10
2.1662974803149604
20
0.3213851181102362
11
2.1691306299212596
21
0.3220087401574803
0
LINE
8
BLACK
6
CONTINUOUS
10
2.1691306299212596
20
0.3220087401574803
11
2.1719658661417323
21
0.3228255511811023
0
LINE
8
BLACK
6
CONTINUOUS
10
2.1719658661417323
20
0.3228255511811023
11
2.1758044094488187
21
0.3234777165354331
0
LINE
8
BLACK
6
CONTINUOUS
10
2.1758044094488187
20
0.3234777165354331
11
2.1796193700787403
21
0.3243174803149606
0
LINE
8
BLACK
6
CONTINUOUS
10
2.1796193700787403
20
0.3243174803149606
11
2.1827517716535434
21
0.3246581496062992
0
LINE
8
BLACK
6
CONTINUOUS
10
2.1827517716535434
20
0.3246581496062992
11
2.1858942519685041
21
0.3251920866141732
0
LINE
8
BLACK
6
CONTINUOUS
10
2.1858942519685041
20
0.3251920866141732
11
2.1895474015748033
21
0.3253972440944882
0
LINE
8
BLACK
6
CONTINUOUS
10
2.1895474015748033
20
0.3253972440944882
11
2.1931796456692911
21
0.3257922834645669
0
LINE
8
BLACK
6
CONTINUOUS
10
2.1931796456692911
20
0.3257922834645669
11
2.1965816929133859
21
0.3257922834645669
0
LINE
8
BLACK
6
CONTINUOUS
10
2.1965816929133859
20
0.3257922834645669
11
2.1999999999999997
21
0.3259842519685039
0
LINE
8
BLACK
6
CONTINUOUS
10
2.1999999999999997
20
0.3259842519685039
11
2.203418307086614
21
0.3257922834645669
0
LINE
8
BLACK
6
CONTINUOUS
10
1.8556322047244094
20
0.2377482283464567
11
1.8569183858267717
21
0.237578937007874
0
LINE
8
BLACK
6
CONTINUOUS
10
1.8569183858267717
20
0.237578937007874
11
1.8572418897637795
21
0.2374280708661417
0
LINE
8
BLACK
6
CONTINUOUS
10
1.8572418897637795
20
0.2374280708661417
11
1.8580132677165353
21
0.2372746456692913
0
LINE
8
BLACK
6
CONTINUOUS
10
1.8580132677165353
20
0.2372746456692913
11
1.859034842519685
21
0.2365920078740157
0
LINE
8
BLACK
6
CONTINUOUS
10
1.859034842519685
20
0.2365920078740157
11
1.8594727559055118
21
0.2363878346456693
0
LINE
8
BLACK
6
CONTINUOUS
10
1.8594727559055118
20
0.2363878346456693
11
1.8597391732283464
21
0.2361213779527559
0
LINE
8
BLACK
6
CONTINUOUS
10
1.8597391732283464
20
0.2361213779527559
11
1.8605677559055118
21
0.2355677559055118
0
LINE
8
BLACK
6
CONTINUOUS
10
1.8605677559055118
20
0.2355677559055118
11
1.8611213779527558
21
0.2347391732283464
0
LINE
8
BLACK
6
CONTINUOUS
10
1.8611213779527558
20
0.2347391732283464
11
1.8613878346456691
21
0.2344727559055118
0
LINE
8
BLACK
6
CONTINUOUS
10
1.8613878346456691
20
0.2344727559055118
11
1.8615920078740158
21
0.234034842519685
0
LINE
8
BLACK
6
CONTINUOUS
10
1.8615920078740158
20
0.234034842519685
11
1.8622746456692914
21
0.2330132677165354
0
LINE
8
BLACK
6
CONTINUOUS
10
1.8622746456692914
20
0.2330132677165354
11
1.8624280708661416
21
0.2322418897637795
0
LINE
8
BLACK
6
CONTINUOUS
10
1.8624280708661416
20
0.2322418897637795
11
1.862578937007874
21
0.2319183858267717
0
LINE
8
BLACK
6
CONTINUOUS
10
1.862578937007874
20
0.2319183858267717
11
1.8627482677165355
21
0.230632125984252
0
LINE
8
BLACK
6
CONTINUOUS
10
1.8627482677165355
20
0.230632125984252
11
1.8628740157480315
21
0.23
0
LINE
8
BLACK
6
CONTINUOUS
10
1.8628740157480315
20
0.23
11
1.8628740157480315
21
0.17
0
LINE
8
BLACK
6
CONTINUOUS
10
1.8628740157480315
20
0.17
11
1.8627482677165355
21
0.1693678346456693
0
LINE
8
BLACK
6
CONTINUOUS
10
1.8627482677165355
20
0.1693678346456693
11
1.862578937007874
21
0.1680815748031496
0
LINE
8
BLACK
6
CONTINUOUS
10
1.862578937007874
20
0.1680815748031496
11
1.8624280314960628
21
0.1677579921259842
0
LINE
8
BLACK
6
CONTINUOUS
10
1.8624280314960628
20
0.1677579921259842
11
1.8622746456692914
21
0.1669867322834646
0
LINE
8
BLACK
6
CONTINUOUS
10
1.8622746456692914
20
0.1669867322834646
11
1.8615920472440945
21
0.1659651968503937
0
LINE
8
BLACK
6
CONTINUOUS
10
1.8615920472440945
20
0.1659651968503937
11
1.8613878346456691
21
0.1655272047244094
0
LINE
8
BLACK
6
CONTINUOUS
10
1.8613878346456691
20
0.1655272047244094
11
1.8611212992125983
21
0.1652606692913386
0
LINE
8
BLACK
6
CONTINUOUS
10
1.8611212992125983
20
0.1652606692913386
11
1.8605677559055118
21
0.1644322440944882
0
LINE
8
BLACK
6
CONTINUOUS
10
1.8605677559055118
20
0.1644322440944882
11
1.8597392913385826
21
0.1638786614173228
0
LINE
8
BLACK
6
CONTINUOUS
10
1.8597392913385826
20
0.1638786614173228
11
1.8594727559055118
21
0.163612125984252
0
LINE
8
BLACK
6
CONTINUOUS
10
1.8594727559055118
20
0.163612125984252
11
1.8590346456692912
21
0.1634078346456693
0
LINE
8
BLACK
6
CONTINUOUS
10
1.8590346456692912
20
0.1634078346456693
11
1.8580132677165353
21
0.1627253543307087
0
LINE
8
BLACK
6
CONTINUOUS
10
1.8580132677165353
20
0.1627253543307087
11
1.8572420472440945
21
0.1625719291338583
0
LINE
8
BLACK
6
CONTINUOUS
10
1.8572420472440945
20
0.1625719291338583
11
1.8569183858267717
21
0.1624210236220472
0
LINE
8
BLACK
6
CONTINUOUS
10
1.8569183858267717
20
0.1624210236220472
11
1.8556315354330708
21
0.1622515748031496
0
LINE
8
BLACK
6
CONTINUOUS
10
1.8556315354330708
20
0.1622515748031496
11
1.855
21
0.1621259842519685
0
LINE
8
BLACK
6
CONTINUOUS
10
1.855
20
0.1621259842519685
11
1.8546773622047243
21
0.1621259842519685
0
LINE
8
BLACK
6
CONTINUOUS
10
1.8546773622047243
20
0.1621259842519685
11
1.7953226771653543
21
0.1621259842519685
0
LINE
8
BLACK
6
CONTINUOUS
10
1.7953226771653543
20
0.1621259842519685
11
1.7949999999999999
21
0.1621259842519685
0
LINE
8
BLACK
6
CONTINUOUS
10
1.7949999999999999
20
0.1621259842519685
11
1.7943684251968504
21
0.1622515748031496
0
LINE
8
BLACK
6
CONTINUOUS
10
1.7943684251968504
20
0.1622515748031496
11
1.7930815748031497
21
0.1624210236220472
0
LINE
8
BLACK
6
CONTINUOUS
10
1.7930815748031497
20
0.1624210236220472
11
1.7927578346456692
21
0.1625719291338583
0
LINE
8
BLACK
6
CONTINUOUS
10
1.7927578346456692
20
0.1625719291338583
11
1.7919867322834646
21
0.1627253543307087
0
LINE
8
BLACK
6
CONTINUOUS
10
1.7919867322834646
20
0.1627253543307087
11
1.7909653937007874
21
0.1634077559055118
0
LINE
8
BLACK
6
CONTINUOUS
10
1.7909653937007874
20
0.1634077559055118
11
1.7905272047244094
21
0.163612125984252
0
LINE
8
BLACK
6
CONTINUOUS
10
1.7905272047244094
20
0.163612125984252
11
1.7902605511811023
21
0.1638787401574803
0
LINE
8
BLACK
6
CONTINUOUS
10
1.7902605511811023
20
0.1638787401574803
11
1.7894322440944881
21
0.1644322440944882
0
LINE
8
BLACK
6
CONTINUOUS
10
1.7894322440944881
20
0.1644322440944882
11
1.7888787401574804
21
0.1652605511811024
0
LINE
8
BLACK
6
CONTINUOUS
10
1.7888787401574804
20
0.1652605511811024
11
1.788612125984252
21
0.1655272047244094
0
LINE
8
BLACK
6
CONTINUOUS
10
1.788612125984252
20
0.1655272047244094
11
1.7884077559055118
21
0.1659653937007874
0
LINE
8
BLACK
6
CONTINUOUS
10
1.7884077559055118
20
0.1659653937007874
11
1.7877253543307086
21
0.1669867322834646
0
LINE
8
BLACK
6
CONTINUOUS
10
1.7877253543307086
20
0.1669867322834646
11
1.7875719291338583
21
0.1677578346456693
0
LINE
8
BLACK
6
CONTINUOUS
10
1.7875719291338583
20
0.1677578346456693
11
1.7874210236220471
21
0.1680815748031496
0
LINE
8
BLACK
6
CONTINUOUS
10
1.7874210236220471
20
0.1680815748031496
11
1.7872515748031497
21
0.1693685039370079
0
LINE
8
BLACK
6
CONTINUOUS
10
1.7872515748031497
20
0.1693685039370079
11
1.7871259842519684
21
0.17
0
LINE
8
BLACK
6
CONTINUOUS
10
1.7871259842519684
20
0.17
11
1.7871259842519684
21
0.23
0
LINE
8
BLACK
6
CONTINUOUS
10
1.7871259842519684
20
0.23
11
1.7872516141732282
21
0.2306316141732283
0
LINE
8
BLACK
6
CONTINUOUS
10
1.7872516141732282
20
0.2306316141732283
11
1.7874210236220471
21
0.2319183858267717
0
LINE
8
BLACK
6
CONTINUOUS
10
1.7874210236220471
20
0.2319183858267717
11
1.7875719291338583
21
0.2322420472440945
0
LINE
8
BLACK
6
CONTINUOUS
10
1.7875719291338583
20
0.2322420472440945
11
1.7877253543307086
21
0.2330132677165354
0
LINE
8
BLACK
6
CONTINUOUS
10
1.7877253543307086
20
0.2330132677165354
11
1.7884078346456693
21
0.2340346456692913
0
LINE
8
BLACK
6
CONTINUOUS
10
1.7884078346456693
20
0.2340346456692913
11
1.788612125984252
21
0.2344727559055118
0
LINE
8
BLACK
6
CONTINUOUS
10
1.788612125984252
20
0.2344727559055118
11
1.7888786614173229
21
0.2347392913385827
0
LINE
8
BLACK
6
CONTINUOUS
10
1.7888786614173229
20
0.2347392913385827
11
1.7894322440944881
21
0.2355677559055118
0
LINE
8
BLACK
6
CONTINUOUS
10
1.7894322440944881
20
0.2355677559055118
11
1.7902606692913385
21
0.2361212992125984
0
LINE
8
BLACK
6
CONTINUOUS
10
1.7902606692913385
20
0.2361212992125984
11
1.7905272047244094
21
0.2363878346456693
0
LINE
8
BLACK
6
CONTINUOUS
10
1.7905272047244094
20
0.2363878346456693
11
1.7909651968503937
21
0.2365920472440945
0
LINE
8
BLACK
6
CONTINUOUS
10
1.7909651968503937
20
0.2365920472440945
11
1.7919867322834646
21
0.2372746456692913
0
LINE
8
BLACK
6
CONTINUOUS
10
1.7919867322834646
20
0.2372746456692913
11
1.7927579921259842
21
0.237428031496063
0
LINE
8
BLACK
6
CONTINUOUS
10
1.7927579921259842
20
0.237428031496063
11
1.7930815748031497
21
0.237578937007874
0
LINE
8
BLACK
6
CONTINUOUS
10
1.7930815748031497
20
0.237578937007874
11
1.7943679133858268
21
0.2377482677165354
0
LINE
8
BLACK
6
CONTINUOUS
10
1.7943679133858268
20
0.2377482677165354
11
1.7949999999999999
21
0.2378740157480315
0
LINE
8
BLACK
6
CONTINUOUS
10
1.7949999999999999
20
0.2378740157480315
11
1.855
21
0.2378740157480315
0
LINE
8
BLACK
6
CONTINUOUS
10
1.855
20
0.2378740157480315
11
1.8556322047244094
21
0.2377482283464567
0
LINE
8
BLACK
6
CONTINUOUS
10
1.9556322047244095
20
0.2377482283464567
11
1.9569183858267716
21
0.237578937007874
0
LINE
8
BLACK
6
CONTINUOUS
10
1.9569183858267716
20
0.237578937007874
11
1.9572418897637796
21
0.2374280708661417
0
LINE
8
BLACK
6
CONTINUOUS
10
1.9572418897637796
20
0.2374280708661417
11
1.9580132677165354
21
0.2372746456692913
0
LINE
8
BLACK
6
CONTINUOUS
10
1.9580132677165354
20
0.2372746456692913
11
1.9590348425196851
21
0.2365920078740157
0
LINE
8
BLACK
6
CONTINUOUS
10
1.9590348425196851
20
0.2365920078740157
11
1.9594727559055118
21
0.2363878346456693
0
LINE
8
BLACK
6
CONTINUOUS
10
1.9594727559055118
20
0.2363878346456693
11
1.9597391732283465
21
0.2361213779527559
0
LINE
8
BLACK
6
CONTINUOUS
10
1.9597391732283465
20
0.2361213779527559
11
1.9605677559055117
21
0.2355677559055118
0
LINE
8
BLACK
6
CONTINUOUS
10
1.9605677559055117
20
0.2355677559055118
11
1.9611213779527559
21
0.2347391732283464
0
LINE
8
BLACK
6
CONTINUOUS
10
1.9611213779527559
20
0.2347391732283464
11
1.9613878346456692
21
0.2344727559055118
0
LINE
8
BLACK
6
CONTINUOUS
10
1.9613878346456692
20
0.2344727559055118
11
1.9615920078740157
21
0.234034842519685
0
LINE
8
BLACK
6
CONTINUOUS
10
1.9615920078740157
20
0.234034842519685
11
1.9622746456692912
21
0.2330132677165354
0
LINE
8
BLACK
6
CONTINUOUS
10
1.9622746456692912
20
0.2330132677165354
11
1.9624280708661417
21
0.2322418897637795
0
LINE
8
BLACK
6
CONTINUOUS
10
1.9624280708661417
20
0.2322418897637795
11
1.9625789370078739
21
0.2319183858267717
0
LINE
8
BLACK
6
CONTINUOUS
10
1.9625789370078739
20
0.2319183858267717
11
1.9627482677165353
21
0.230632125984252
0
LINE
8
BLACK
6
CONTINUOUS
10
1.9627482677165353
20
0.230632125984252
11
1.9628740157480316
21
0.23
0
LINE
8
BLACK
6
CONTINUOUS
10
1.9628740157480316
20
0.23
11
1.9628740157480316
21
0.17
0
LINE
8
BLACK
6
CONTINUOUS
10
1.9628740157480316
20
0.17
11
1.9627482677165353
21
0.1693678346456693
0
LINE
8
BLACK
6
CONTINUOUS
10
1.9627482677165353
20
0.1693678346456693
11
1.9625789370078739
21
0.1680815748031496
0
LINE
8
BLACK
6
CONTINUOUS
10
1.9625789370078739
20
0.1680815748031496
11
1.9624280314960629
21
0.1677579921259842
0
LINE
8
BLACK
6
CONTINUOUS
10
1.9624280314960629
20
0.1677579921259842
11
1.9622746456692912
21
0.1669867322834646
0
LINE
8
BLACK
6
CONTINUOUS
10
1.9622746456692912
20
0.1669867322834646
11
1.9615920472440944
21
0.1659651968503937
0
LINE
8
BLACK
6
CONTINUOUS
10
1.9615920472440944
20
0.1659651968503937
11
1.9613878346456692
21
0.1655272047244094
0
LINE
8
BLACK
6
CONTINUOUS
10
1.9613878346456692
20
0.1655272047244094
11
1.9611212992125984
21
0.1652606692913386
0
LINE
8
BLACK
6
CONTINUOUS
10
1.9611212992125984
20
0.1652606692913386
11
1.9605677559055117
21
0.1644322440944882
0
LINE
8
BLACK
6
CONTINUOUS
10
1.9605677559055117
20
0.1644322440944882
11
1.9597392913385827
21
0.1638786614173228
0
LINE
8
BLACK
6
CONTINUOUS
10
1.9597392913385827
20
0.1638786614173228
11
1.9594727559055118
21
0.163612125984252
0
LINE
8
BLACK
6
CONTINUOUS
10
1.9594727559055118
20
0.163612125984252
11
1.9590346456692913
21
0.1634078346456693
0
LINE
8
BLACK
6
CONTINUOUS
10
1.9590346456692913
20
0.1634078346456693
11
1.9580132677165354
21
0.1627253543307087
0
LINE
8
BLACK
6
CONTINUOUS
10
1.9580132677165354
20
0.1627253543307087
11
1.9572420472440943
21
0.1625719291338583
0
LINE
8
BLACK
6
CONTINUOUS
10
1.9572420472440943
20
0.1625719291338583
11
1.9569183858267716
21
0.1624210236220472
0
LINE
8
BLACK
6
CONTINUOUS
10
1.9569183858267716
20
0.1624210236220472
11
1.9556315354330709
21
0.1622515748031496
0
LINE
8
BLACK
6
CONTINUOUS
10
1.9556315354330709
20
0.1622515748031496
11
1.9549999999999998
21
0.1621259842519685
0
LINE
8
BLACK
6
CONTINUOUS
10
1.9549999999999998
20
0.1621259842519685
11
1.9546773622047244
21
0.1621259842519685
0
LINE
8
BLACK
6
CONTINUOUS
10
1.9546773622047244
20
0.1621259842519685
11
1.8953226771653542
21
0.1621259842519685
0
LINE
8
BLACK
6
CONTINUOUS
10
1.8953226771653542
20
0.1621259842519685
11
1.895
21
0.1621259842519685
0
LINE
8
BLACK
6
CONTINUOUS
10
1.895
20
0.1621259842519685
11
1.8943684251968504
21
0.1622515748031496
0
LINE
8
BLACK
6
CONTINUOUS
10
1.8943684251968504
20
0.1622515748031496
11
1.8930815748031495
21
0.1624210236220472
0
LINE
8
BLACK
6
CONTINUOUS
10
1.8930815748031495
20
0.1624210236220472
11
1.8927578346456693
21
0.1625719291338583
0
LINE
8
BLACK
6
CONTINUOUS
10
1.8927578346456693
20
0.1625719291338583
11
1.8919867322834645
21
0.1627253543307087
0
LINE
8
BLACK
6
CONTINUOUS
10
1.8919867322834645
20
0.1627253543307087
11
1.8909653937007873
21
0.1634077559055118
0
LINE
8
BLACK
6
CONTINUOUS
10
1.8909653937007873
20
0.1634077559055118
11
1.8905272047244095
21
0.163612125984252
0
LINE
8
BLACK
6
CONTINUOUS
10
1.8905272047244095
20
0.163612125984252
11
1.8902605511811024
21
0.1638787401574803
0
LINE
8
BLACK
6
CONTINUOUS
10
1.8902605511811024
20
0.1638787401574803
11
1.8894322440944882
21
0.1644322440944882
0
LINE
8
BLACK
6
CONTINUOUS
10
1.8894322440944882
20
0.1644322440944882
11
1.8888787401574803
21
0.1652605511811024
0
LINE
8
BLACK
6
CONTINUOUS
10
1.8888787401574803
20
0.1652605511811024
11
1.8886121259842519
21
0.1655272047244094
0
LINE
8
BLACK
6
CONTINUOUS
10
1.8886121259842519
20
0.1655272047244094
11
1.8884077559055117
21
0.1659653937007874
0
LINE
8
BLACK
6
CONTINUOUS
10
1.8884077559055117
20
0.1659653937007874
11
1.8877253543307086
21
0.1669867322834646
0
LINE
8
BLACK
6
CONTINUOUS
10
1.8877253543307086
20
0.1669867322834646
11
1.8875719291338582
21
0.1677578346456693
0
LINE
8
BLACK
6
CONTINUOUS
10
1.8875719291338582
20
0.1677578346456693
11
1.8874210236220472
21
0.1680815748031496
0
LINE
8
BLACK
6
CONTINUOUS
10
1.8874210236220472
20
0.1680815748031496
11
1.8872515748031495
21
0.1693685039370079
0
LINE
8
BLACK
6
CONTINUOUS
10
1.8872515748031495
20
0.1693685039370079
11
1.8871259842519685
21
0.17
0
LINE
8
BLACK
6
CONTINUOUS
10
1.8871259842519685
20
0.17
11
1.8871259842519685
21
0.23
0
LINE
8
BLACK
6
CONTINUOUS
10
1.8871259842519685
20
0.23
11
1.8872516141732283
21
0.2306316141732283
0
LINE
8
BLACK
6
CONTINUOUS
10
1.8872516141732283
20
0.2306316141732283
11
1.8874210236220472
21
0.2319183858267717
0
LINE
8
BLACK
6
CONTINUOUS
10
1.8874210236220472
20
0.2319183858267717
11
1.8875719291338582
21
0.2322420472440945
0
LINE
8
BLACK
6
CONTINUOUS
10
1.8875719291338582
20
0.2322420472440945
11
1.8877253543307086
21
0.2330132677165354
0
LINE
8
BLACK
6
CONTINUOUS
10
1.8877253543307086
20
0.2330132677165354
11
1.8884078346456692
21
0.2340346456692913
0
LINE
8
BLACK
6
CONTINUOUS
10
1.8884078346456692
20
0.2340346456692913
11
1.8886121259842519
21
0.2344727559055118
0
LINE
8
BLACK
6
CONTINUOUS
10
1.8886121259842519
20
0.2344727559055118
11
1.8888786614173227
21
0.2347392913385827
0
LINE
8
BLACK
6
CONTINUOUS
10
1.8888786614173227
20
0.2347392913385827
11
1.8894322440944882
21
0.2355677559055118
0
LINE
8
BLACK
6
CONTINUOUS
10
1.8894322440944882
20
0.2355677559055118
11
1.8902606692913386
21
0.2361212992125984
0
LINE
8
BLACK
6
CONTINUOUS
10
1.8902606692913386
20
0.2361212992125984
11
1.8905272047244095
21
0.2363878346456693
0
LINE
8
BLACK
6
CONTINUOUS
10
1.8905272047244095
20
0.2363878346456693
11
1.8909651968503935
21
0.2365920472440945
0
LINE
8
BLACK
6
CONTINUOUS
10
1.8909651968503935
20
0.2365920472440945
11
1.8919867322834645
21
0.2372746456692913
0
LINE
8
BLACK
6
CONTINUOUS
10
1.8919867322834645
20
0.2372746456692913
11
1.8927579921259843
21
0.237428031496063
0
LINE
8
BLACK
6
CONTINUOUS
10
1.8927579921259843
20
0.237428031496063
11
1.8930815748031495
21
0.237578937007874
0
LINE
8
BLACK
6
CONTINUOUS
10
1.8930815748031495
20
0.237578937007874
11
1.8943679133858267
21
0.2377482677165354
0
LINE
8
BLACK
6
CONTINUOUS
10
1.8943679133858267
20
0.2377482677165354
11
1.895
21
0.2378740157480315
0
LINE
8
BLACK
6
CONTINUOUS
10
1.895
20
0.2378740157480315
11
1.9549999999999998
21
0.2378740157480315
0
LINE
8
BLACK
6
CONTINUOUS
10
1.9549999999999998
20
0.2378740157480315
11
1.9556322047244095
21
0.2377482283464567
0
LINE
8
BLACK
6
CONTINUOUS
10
1.6762992913385826
20
0.3318916535433071
11
1.6787299212598426
21
0.3318916535433071
0
LINE
8
BLACK
6
CONTINUOUS
10
1.6787299212598426
20
0.3318916535433071
11
1.6808996062992125
21
0.3315295669291338
0
LINE
8
BLACK
6
CONTINUOUS
10
1.6808996062992125
20
0.3315295669291338
11
1.6829438188976378
21
0.3313687007874015
0
LINE
8
BLACK
6
CONTINUOUS
10
1.6829438188976378
20
0.3313687007874015
11
1.6854059448818897
21
0.3307775590551181
0
LINE
8
BLACK
6
CONTINUOUS
10
1.6854059448818897
20
0.3307775590551181
11
1.6880296850393701
21
0.3303397637795276
0
LINE
8
BLACK
6
CONTINUOUS
10
1.6880296850393701
20
0.3303397637795276
11
1.6898903149606299
21
0.3297009842519685
0
LINE
8
BLACK
6
CONTINUOUS
10
1.6898903149606299
20
0.3297009842519685
11
1.691651653543307
21
0.3292781496062992
0
LINE
8
BLACK
6
CONTINUOUS
10
1.691651653543307
20
0.3292781496062992
11
1.6942154330708661
21
0.3282161811023622
0
LINE
8
BLACK
6
CONTINUOUS
10
1.6942154330708661
20
0.3282161811023622
11
1.6969471653543307
21
0.3272783858267717
0
LINE
8
BLACK
6
CONTINUOUS
10
1.6969471653543307
20
0.3272783858267717
11
1.6984729921259842
21
0.3264526377952756
0
LINE
8
BLACK
6
CONTINUOUS
10
1.6984729921259842
20
0.3264526377952756
11
1.6999256299212597
21
0.3258509448818898
0
LINE
8
BLACK
6
CONTINUOUS
10
1.6999256299212597
20
0.3258509448818898
11
1.7025002362204724
21
0.324273188976378
0
LINE
8
BLACK
6
CONTINUOUS
10
1.7025002362204724
20
0.324273188976378
11
1.7052391732283465
21
0.3227909842519685
0
LINE
8
BLACK
6
CONTINUOUS
10
1.7052391732283465
20
0.3227909842519685
11
1.70642437007874
21
0.3218684645669291
0
LINE
8
BLACK
6
CONTINUOUS
10
1.70642437007874
20
0.3218684645669291
11
1.7075613385826771
21
0.3211717716535433
0
LINE
8
BLACK
6
CONTINUOUS
10
1.7075613385826771
20
0.3211717716535433
11
1.7100455511811024
21
0.31905
0
LINE
8
BLACK
6
CONTINUOUS
10
1.7100455511811024
20
0.31905
11
1.7126794488188977
21
0.317
0
LINE
8
BLACK
6
CONTINUOUS
10
1.7126794488188977
20
0.317
11
1.7135387401574802
21
0.3160665354330708
0
LINE
8
BLACK
6
CONTINUOUS
10
1.7135387401574802
20
0.3160665354330708
11
1.7143712598425196
21
0.3153555118110236
0
LINE
8
BLACK
6
CONTINUOUS
10
1.7143712598425196
20
0.3153555118110236
11
1.7166575590551181
21
0.3126785826771654
0
LINE
8
BLACK
6
CONTINUOUS
10
1.7166575590551181
20
0.3126785826771654
11
1.7190651181102361
21
0.3100633070866142
0
LINE
8
BLACK
6
CONTINUOUS
10
1.7190651181102361
20
0.3100633070866142
11
1.7196309055118111
21
0.3091972440944882
0
LINE
8
BLACK
6
CONTINUOUS
10
1.7196309055118111
20
0.3091972440944882
11
1.7201875196850394
21
0.3085455905511811
0
LINE
8
BLACK
6
CONTINUOUS
10
1.7201875196850394
20
0.3085455905511811
11
1.722165433070866
21
0.305317874015748
0
LINE
8
BLACK
6
CONTINUOUS
10
1.722165433070866
20
0.305317874015748
11
1.7242219291338583
21
0.3021702362204725
0
LINE
8
BLACK
6
CONTINUOUS
10
1.7242219291338583
20
0.3021702362204725
11
1.7245432283464566
21
0.3014376771653543
0
LINE
8
BLACK
6
CONTINUOUS
10
1.7245432283464566
20
0.3014376771653543
11
1.7248666929133858
21
0.3009098818897638
0
LINE
8
BLACK
6
CONTINUOUS
10
1.7248666929133858
20
0.3009098818897638
11
1.7264255905511812
21
0.2971462992125984
0
LINE
8
BLACK
6
CONTINUOUS
10
1.7264255905511812
20
0.2971462992125984
11
1.728009251968504
21
0.2935359842519685
0
LINE
8
BLACK
6
CONTINUOUS
10
1.728009251968504
20
0.2935359842519685
11
1.7281479527559054
21
0.292988188976378
0
LINE
8
BLACK
6
CONTINUOUS
10
1.7281479527559054
20
0.292988188976378
11
1.7282938976377953
21
0.292635905511811
0
LINE
8
BLACK
6
CONTINUOUS
10
1.7282938976377953
20
0.292635905511811
11
1.7293286614173229
21
0.2883255905511811
0
LINE
8
BLACK
6
CONTINUOUS
10
1.7293286614173229
20
0.2883255905511811
11
1.730323779527559
21
0.2843961417322834
0
LINE
8
BLACK
6
CONTINUOUS
10
1.730323779527559
20
0.2843961417322834
11
1.7303510236220472
21
0.2840672440944882
0
LINE
8
BLACK
6
CONTINUOUS
10
1.7303510236220472
20
0.2840672440944882
11
1.7303844488188975
21
0.2839280708661417
0
LINE
8
BLACK
6
CONTINUOUS
10
1.7303844488188975
20
0.2839280708661417
11
1.7307987007874015
21
0.2786645669291338
0
LINE
8
BLACK
6
CONTINUOUS
10
1.7307987007874015
20
0.2786645669291338
11
1.7311023622047244
21
0.275
0
LINE
8
BLACK
6
CONTINUOUS
10
1.7311023622047244
20
0.275
11
1.7307987007874015
21
0.2713357086614173
0
LINE
8
BLACK
6
CONTINUOUS
10
1.7307987007874015
20
0.2713357086614173
11
1.7303844488188975
21
0.2660718897637795
0
LINE
8
BLACK
6
CONTINUOUS
10
1.7303844488188975
20
0.2660718897637795
11
1.7303510236220472
21
0.2659326377952756
0
LINE
8
BLACK
6
CONTINUOUS
10
1.7303510236220472
20
0.2659326377952756
11
1.730323779527559
21
0.2656038582677165
0
LINE
8
BLACK
6
CONTINUOUS
10
1.730323779527559
20
0.2656038582677165
11
1.7293288582677164
21
0.2616750787401575
0
LINE
8
BLACK
6
CONTINUOUS
10
1.7293288582677164
20
0.2616750787401575
11
1.7282938976377953
21
0.2573640551181102
0
LINE
8
BLACK
6
CONTINUOUS
10
1.7282938976377953
20
0.2573640551181102
11
1.7281479133858266
21
0.2570116535433071
0
LINE
8
BLACK
6
CONTINUOUS
10
1.7281479133858266
20
0.2570116535433071
11
1.728009251968504
21
0.2564640157480315
0
LINE
8
BLACK
6
CONTINUOUS
10
1.728009251968504
20
0.2564640157480315
11
1.726425905511811
21
0.2528543307086614
0
LINE
8
BLACK
6
CONTINUOUS
10
1.726425905511811
20
0.2528543307086614
11
1.7248666929133858
21
0.2490900787401575
0
LINE
8
BLACK
6
CONTINUOUS
10
1.7248666929133858
20
0.2490900787401575
11
1.7245431889763778
21
0.2485621653543307
0
LINE
8
BLACK
6
CONTINUOUS
10
1.7245431889763778
20
0.2485621653543307
11
1.7242219291338583
21
0.2478297637795276
0
LINE
8
BLACK
6
CONTINUOUS
10
1.7242219291338583
20
0.2478297637795276
11
1.7221658267716535
21
0.2446826771653543
0
LINE
8
BLACK
6
CONTINUOUS
10
1.7221658267716535
20
0.2446826771653543
11
1.7201875196850394
21
0.2414543700787402
0
LINE
8
BLACK
6
CONTINUOUS
10
1.7201875196850394
20
0.2414543700787402
11
1.7196307874015748
21
0.2408025590551181
0
LINE
8
BLACK
6
CONTINUOUS
10
1.7196307874015748
20
0.2408025590551181
11
1.7190651181102361
21
0.2399366929133858
0
LINE
8
BLACK
6
CONTINUOUS
10
1.7190651181102361
20
0.2399366929133858
11
1.7166580314960629
21
0.2373218897637795
0
LINE
8
BLACK
6
CONTINUOUS
10
1.7166580314960629
20
0.2373218897637795
11
1.7143712598425196
21
0.2346444488188976
0
LINE
8
BLACK
6
CONTINUOUS
10
1.7143712598425196
20
0.2346444488188976
11
1.7135385826771654
21
0.2339332677165354
0
LINE
8
BLACK
6
CONTINUOUS
10
1.7135385826771654
20
0.2339332677165354
11
1.7126794488188977
21
0.233
0
LINE
8
BLACK
6
CONTINUOUS
10
1.7126794488188977
20
0.233
11
1.7100460629921259
21
0.2309503543307087
0
LINE
8
BLACK
6
CONTINUOUS
10
1.7100460629921259
20
0.2309503543307087
11
1.7075613385826771
21
0.2288281889763779
0
LINE
8
BLACK
6
CONTINUOUS
10
1.7075613385826771
20
0.2288281889763779
11
1.7064241338582677
21
0.2281312992125984
0
LINE
8
BLACK
6
CONTINUOUS
10
1.7064241338582677
20
0.2281312992125984
11
1.7052391732283465
21
0.2272090157480315
0
LINE
8
BLACK
6
CONTINUOUS
10
1.7052391732283465
20
0.2272090157480315
11
1.7025007874015747
21
0.2257270866141732
0
LINE
8
BLACK
6
CONTINUOUS
10
1.7025007874015747
20
0.2257270866141732
11
1.6999256299212597
21
0.2241490157480315
0
LINE
8
BLACK
6
CONTINUOUS
10
1.6999256299212597
20
0.2241490157480315
11
1.6984726771653542
21
0.2235471653543307
0
LINE
8
BLACK
6
CONTINUOUS
10
1.6984726771653542
20
0.2235471653543307
11
1.6969471653543307
21
0.2227216141732283
0
LINE
8
BLACK
6
CONTINUOUS
10
1.6969471653543307
20
0.2227216141732283
11
1.6942159842519684
21
0.2217839763779527
0
LINE
8
BLACK
6
CONTINUOUS
10
1.6942159842519684
20
0.2217839763779527
11
1.691651653543307
21
0.220721811023622
0
LINE
8
BLACK
6
CONTINUOUS
10
1.691651653543307
20
0.220721811023622
11
1.6898899212598424
21
0.2202988582677165
0
LINE
8
BLACK
6
CONTINUOUS
10
1.6898899212598424
20
0.2202988582677165
11
1.6880296850393701
21
0.2196602362204724
0
LINE
8
BLACK
6
CONTINUOUS
10
1.6880296850393701
20
0.2196602362204724
11
1.685406496062992
21
0.2192224803149606
0
LINE
8
BLACK
6
CONTINUOUS
10
1.685406496062992
20
0.2192224803149606
11
1.6829438188976378
21
0.2186312598425197
0
LINE
8
BLACK
6
CONTINUOUS
10
1.6829438188976378
20
0.2186312598425197
11
1.6808991338582677
21
0.2184703149606299
0
LINE
8
BLACK
6
CONTINUOUS
10
1.6808991338582677
20
0.2184703149606299
11
1.6787299212598426
21
0.2181083464566929
0
LINE
8
BLACK
6
CONTINUOUS
10
1.6787299212598426
20
0.2181083464566929
11
1.6762998031496064
21
0.2181083464566929
0
LINE
8
BLACK
6
CONTINUOUS
10
1.6762998031496064
20
0.2181083464566929
11
1.6740157480314961
21
0.2179285826771654
0
LINE
8
BLACK
6
CONTINUOUS
10
1.6740157480314961
20
0.2179285826771654
11
1.6717316929133859
21
0.2181083464566929
0
LINE
8
BLACK
6
CONTINUOUS
10
1.6717316929133859
20
0.2181083464566929
11
1.6693015748031497
21
0.2181083464566929
0
LINE
8
BLACK
6
CONTINUOUS
10
1.6693015748031497
20
0.2181083464566929
11
1.6671323228346457
21
0.2184703149606299
0
LINE
8
BLACK
6
CONTINUOUS
10
1.6671323228346457
20
0.2184703149606299
11
1.6650876377952755
21
0.2186312598425197
0
LINE
8
BLACK
6
CONTINUOUS
10
1.6650876377952755
20
0.2186312598425197
11
1.662624842519685
21
0.2192224803149606
0
LINE
8
BLACK
6
CONTINUOUS
10
1.662624842519685
20
0.2192224803149606
11
1.6600018110236221
21
0.2196602362204724
0
LINE
8
BLACK
6
CONTINUOUS
10
1.6600018110236221
20
0.2196602362204724
11
1.6581416141732284
21
0.2202988188976378
0
LINE
8
BLACK
6
CONTINUOUS
10
1.6581416141732284
20
0.2202988188976378
11
1.6563798031496062
21
0.220721811023622
0
LINE
8
BLACK
6
CONTINUOUS
10
1.6563798031496062
20
0.220721811023622
11
1.6538152362204723
21
0.2217840551181102
0
LINE
8
BLACK
6
CONTINUOUS
10
1.6538152362204723
20
0.2217840551181102
11
1.6510843307086613
21
0.2227216141732283
0
LINE
8
BLACK
6
CONTINUOUS
10
1.6510843307086613
20
0.2227216141732283
11
1.6495588976377953
21
0.2235470866141732
0
LINE
8
BLACK
6
CONTINUOUS
10
1.6495588976377953
20
0.2235470866141732
11
1.6481058267716535
21
0.2241490157480315
0
LINE
8
BLACK
6
CONTINUOUS
10
1.6481058267716535
20
0.2241490157480315
11
1.64553031496063
21
0.2257272440944882
0
LINE
8
BLACK
6
CONTINUOUS
10
1.64553031496063
20
0.2257272440944882
11
1.6427923228346457
21
0.2272090157480315
0
LINE
8
BLACK
6
CONTINUOUS
10
1.6427923228346457
20
0.2272090157480315
11
1.6416074803149605
21
0.2281311811023622
0
LINE
8
BLACK
6
CONTINUOUS
10
1.6416074803149605
20
0.2281311811023622
11
1.6404701181102361
21
0.2288281889763779
0
LINE
8
BLACK
6
CONTINUOUS
10
1.6404701181102361
20
0.2288281889763779
11
1.6379849606299213
21
0.2309507086614173
0
LINE
8
BLACK
6
CONTINUOUS
10
1.6379849606299213
20
0.2309507086614173
11
1.6353520472440946
21
0.233
0
LINE
8
BLACK
6
CONTINUOUS
10
1.6353520472440946
20
0.233
11
1.6344930314960631
21
0.2339331102362205
0
LINE
8
BLACK
6
CONTINUOUS
10
1.6344930314960631
20
0.2339331102362205
11
1.6336601968503937
21
0.2346444488188976
0
LINE
8
BLACK
6
CONTINUOUS
10
1.6336601968503937
20
0.2346444488188976
11
1.6313729133858268
21
0.2373224803149606
0
LINE
8
BLACK
6
CONTINUOUS
10
1.6313729133858268
20
0.2373224803149606
11
1.6289663779527559
21
0.2399366929133858
0
LINE
8
BLACK
6
CONTINUOUS
10
1.6289663779527559
20
0.2399366929133858
11
1.6284007874015747
21
0.2408023622047244
0
LINE
8
BLACK
6
CONTINUOUS
10
1.6284007874015747
20
0.2408023622047244
11
1.6278439370078739
21
0.2414543700787402
0
LINE
8
BLACK
6
CONTINUOUS
10
1.6278439370078739
20
0.2414543700787402
11
1.6258649999999999
21
0.2446836220472441
0
LINE
8
BLACK
6
CONTINUOUS
10
1.6258649999999999
20
0.2446836220472441
11
1.6238095669291339
21
0.2478297637795276
0
LINE
8
BLACK
6
CONTINUOUS
10
1.6238095669291339
20
0.2478297637795276
11
1.6234883858267717
21
0.2485619291338583
0
LINE
8
BLACK
6
CONTINUOUS
10
1.6234883858267717
20
0.2485619291338583
11
1.6231647637795275
21
0.2490900787401575
0
LINE
8
BLACK
6
CONTINUOUS
10
1.6231647637795275
20
0.2490900787401575
11
1.621604842519685
21
0.2528559448818898
0
LINE
8
BLACK
6
CONTINUOUS
10
1.621604842519685
20
0.2528559448818898
11
1.6200222440944883
21
0.2564640157480315
0
LINE
8
BLACK
6
CONTINUOUS
10
1.6200222440944883
20
0.2564640157480315
11
1.6198835826771654
21
0.2570114173228346
0
LINE
8
BLACK
6
CONTINUOUS
10
1.6198835826771654
20
0.2570114173228346
11
1.6197375590551182
21
0.2573640551181102
0
LINE
8
BLACK
6
CONTINUOUS
10
1.6197375590551182
20
0.2573640551181102
11
1.6187018503937007
21
0.2616780708661417
0
LINE
8
BLACK
6
CONTINUOUS
10
1.6187018503937007
20
0.2616780708661417
11
1.617707716535433
21
0.2656038582677165
0
LINE
8
BLACK
6
CONTINUOUS
10
1.617707716535433
20
0.2656038582677165
11
1.6176804724409448
21
0.2659324015748031
0
LINE
8
BLACK
6
CONTINUOUS
10
1.6176804724409448
20
0.2659324015748031
11
1.6176470078740157
21
0.2660718897637795
0
LINE
8
BLACK
6
CONTINUOUS
10
1.6176470078740157
20
0.2660718897637795
11
1.6172319685039369
21
0.271345157480315
0
LINE
8
BLACK
6
CONTINUOUS
10
1.6172319685039369
20
0.271345157480315
11
1.6169291338582676
21
0.275
0
LINE
8
BLACK
6
CONTINUOUS
10
1.6169291338582676
20
0.275
11
1.6172319685039369
21
0.2786550787401575
0
LINE
8
BLACK
6
CONTINUOUS
10
1.6172319685039369
20
0.2786550787401575
11
1.6176470078740157
21
0.2839280708661417
0
LINE
8
BLACK
6
CONTINUOUS
10
1.6176470078740157
20
0.2839280708661417
11
1.6176804724409448
21
0.2840674803149606
0
LINE
8
BLACK
6
CONTINUOUS
10
1.6176804724409448
20
0.2840674803149606
11
1.617707716535433
21
0.2843961417322834
0
LINE
8
BLACK
6
CONTINUOUS
10
1.617707716535433
20
0.2843961417322834
11
1.6187020078740157
21
0.2883225984251969
0
LINE
8
BLACK
6
CONTINUOUS
10
1.6187020078740157
20
0.2883225984251969
11
1.6197375590551182
21
0.292635905511811
0
LINE
8
BLACK
6
CONTINUOUS
10
1.6197375590551182
20
0.292635905511811
11
1.6198835826771654
21
0.2929884251968504
0
LINE
8
BLACK
6
CONTINUOUS
10
1.6198835826771654
20
0.2929884251968504
11
1.6200222440944883
21
0.2935359842519685
0
LINE
8
BLACK
6
CONTINUOUS
10
1.6200222440944883
20
0.2935359842519685
11
1.621605157480315
21
0.2971446850393701
0
LINE
8
BLACK
6
CONTINUOUS
10
1.621605157480315
20
0.2971446850393701
11
1.6231647637795275
21
0.3009098818897638
0
LINE
8
BLACK
6
CONTINUOUS
10
1.6231647637795275
20
0.3009098818897638
11
1.6234883070866142
21
0.301437874015748
0
LINE
8
BLACK
6
CONTINUOUS
10
1.6234883070866142
20
0.301437874015748
11
1.6238095669291339
21
0.3021702362204725
0
LINE
8
BLACK
6
CONTINUOUS
10
1.6238095669291339
20
0.3021702362204725
11
1.6258653937007874
21
0.3053169291338583
0
LINE
8
BLACK
6
CONTINUOUS
10
1.6258653937007874
20
0.3053169291338583
11
1.6278439370078739
21
0.3085455905511811
0
LINE
8
BLACK
6
CONTINUOUS
10
1.6278439370078739
20
0.3085455905511811
11
1.6284006692913386
21
0.3091974409448819
0
LINE
8
BLACK
6
CONTINUOUS
10
1.6284006692913386
20
0.3091974409448819
11
1.6289663779527559
21
0.3100633070866142
0
LINE
8
BLACK
6
CONTINUOUS
10
1.6289663779527559
20
0.3100633070866142
11
1.6313733464566929
21
0.3126779921259842
0
LINE
8
BLACK
6
CONTINUOUS
10
1.6313733464566929
20
0.3126779921259842
11
1.6336601968503937
21
0.3153555118110236
0
LINE
8
BLACK
6
CONTINUOUS
10
1.6336601968503937
20
0.3153555118110236
11
1.6344928740157481
21
0.3160666929133858
0
LINE
8
BLACK
6
CONTINUOUS
10
1.6344928740157481
20
0.3160666929133858
11
1.6353520472440946
21
0.317
0
LINE
8
BLACK
6
CONTINUOUS
10
1.6353520472440946
20
0.317
11
1.6379854724409448
21
0.3190496850393701
0
LINE
8
BLACK
6
CONTINUOUS
10
1.6379854724409448
20
0.3190496850393701
11
1.6404701181102361
21
0.3211717716535433
0
LINE
8
BLACK
6
CONTINUOUS
10
1.6404701181102361
20
0.3211717716535433
11
1.6416072440944882
21
0.3218685826771653
0
LINE
8
BLACK
6
CONTINUOUS
10
1.6416072440944882
20
0.3218685826771653
11
1.6427923228346457
21
0.3227909842519685
0
LINE
8
BLACK
6
CONTINUOUS
10
1.6427923228346457
20
0.3227909842519685
11
1.6455308661417323
21
0.3242729921259843
0
LINE
8
BLACK
6
CONTINUOUS
10
1.6455308661417323
20
0.3242729921259843
11
1.6481058267716535
21
0.3258509448818898
0
LINE
8
BLACK
6
CONTINUOUS
10
1.6481058267716535
20
0.3258509448818898
11
1.6495585826771653
21
0.3264526771653543
0
LINE
8
BLACK
6
CONTINUOUS
10
1.6495585826771653
20
0.3264526771653543
11
1.6510843307086613
21
0.3272783858267717
0
LINE
8
BLACK
6
CONTINUOUS
10
1.6510843307086613
20
0.3272783858267717
11
1.6538157874015749
21
0.328216062992126
0
LINE
8
BLACK
6
CONTINUOUS
10
1.6538157874015749
20
0.328216062992126
11
1.6563798031496062
21
0.3292781496062992
0
LINE
8
BLACK
6
CONTINUOUS
10
1.6563798031496062
20
0.3292781496062992
11
1.6581412204724408
21
0.3297010236220472
0
LINE
8
BLACK
6
CONTINUOUS
10
1.6581412204724408
20
0.3297010236220472
11
1.6600018110236221
21
0.3303397637795276
0
LINE
8
BLACK
6
CONTINUOUS
10
1.6600018110236221
20
0.3303397637795276
11
1.6626253543307086
21
0.3307775590551181
0
LINE
8
BLACK
6
CONTINUOUS
10
1.6626253543307086
20
0.3307775590551181
11
1.6650876377952755
21
0.3313687007874015
0
LINE
8
BLACK
6
CONTINUOUS
10
1.6650876377952755
20
0.3313687007874015
11
1.6671318897637795
21
0.3315295669291338
0
LINE
8
BLACK
6
CONTINUOUS
10
1.6671318897637795
20
0.3315295669291338
11
1.6693015748031497
21
0.3318916535433071
0
LINE
8
BLACK
6
CONTINUOUS
10
1.6693015748031497
20
0.3318916535433071
11
1.6717322047244094
21
0.3318916535433071
0
LINE
8
BLACK
6
CONTINUOUS
10
1.6717322047244094
20
0.3318916535433071
11
1.6740157480314961
21
0.3320713779527559
0
LINE
8
BLACK
6
CONTINUOUS
10
1.6740157480314961
20
0.3320713779527559
11
1.6762992913385826
21
0.3318916535433071
0
LINE
8
BLACK
6
CONTINUOUS
10
0.4718920472440945
20
0.3280238188976378
11
0.4731782283464567
21
0.3278545275590551
0
LINE
8
BLACK
6
CONTINUOUS
10
0.4731782283464567
20
0.3278545275590551
11
0.4735017322834645
21
0.3277036614173228
0
LINE
8
BLACK
6
CONTINUOUS
10
0.4735017322834645
20
0.3277036614173228
11
0.4742731102362205
21
0.3275502362204724
0
LINE
8
BLACK
6
CONTINUOUS
10
0.4742731102362205
20
0.3275502362204724
11
0.4752946850393701
21
0.3268675984251969
0
LINE
8
BLACK
6
CONTINUOUS
10
0.4752946850393701
20
0.3268675984251969
11
0.4757325984251968
21
0.3266634251968504
0
LINE
8
BLACK
6
CONTINUOUS
10
0.4757325984251968
20
0.3266634251968504
11
0.4759990157480315
21
0.326396968503937
0
LINE
8
BLACK
6
CONTINUOUS
10
0.4759990157480315
20
0.326396968503937
11
0.4768275984251968
21
0.3258433464566929
0
LINE
8
BLACK
6
CONTINUOUS
10
0.4768275984251968
20
0.3258433464566929
11
0.4773812204724409
21
0.3250147637795275
0
LINE
8
BLACK
6
CONTINUOUS
10
0.4773812204724409
20
0.3250147637795275
11
0.4776476771653543
21
0.3247483464566929
0
LINE
8
BLACK
6
CONTINUOUS
10
0.4776476771653543
20
0.3247483464566929
11
0.4778518503937008
21
0.3243104330708662
0
LINE
8
BLACK
6
CONTINUOUS
10
0.4778518503937008
20
0.3243104330708662
11
0.4785344881889764
21
0.3232888582677165
0
LINE
8
BLACK
6
CONTINUOUS
10
0.4785344881889764
20
0.3232888582677165
11
0.4786879133858268
21
0.3225174803149606
0
LINE
8
BLACK
6
CONTINUOUS
10
0.4786879133858268
20
0.3225174803149606
11
0.478838779527559
21
0.3221939763779528
0
LINE
8
BLACK
6
CONTINUOUS
10
0.478838779527559
20
0.3221939763779528
11
0.4790081102362205
21
0.320907716535433
0
LINE
8
BLACK
6
CONTINUOUS
10
0.4790081102362205
20
0.320907716535433
11
0.4791338582677165
21
0.3202755905511811
0
LINE
8
BLACK
6
CONTINUOUS
10
0.4791338582677165
20
0.3202755905511811
11
0.4791338582677165
21
0.2297244094488189
0
LINE
8
BLACK
6
CONTINUOUS
10
0.4791338582677165
20
0.2297244094488189
11
0.4790081102362205
21
0.2290922440944882
0
LINE
8
BLACK
6
CONTINUOUS
10
0.4790081102362205
20
0.2290922440944882
11
0.478838779527559
21
0.2278059842519685
0
LINE
8
BLACK
6
CONTINUOUS
10
0.478838779527559
20
0.2278059842519685
11
0.478687874015748
21
0.2274824015748032
0
LINE
8
BLACK
6
CONTINUOUS
10
0.478687874015748
20
0.2274824015748032
11
0.4785344881889764
21
0.2267111417322835
0
LINE
8
BLACK
6
CONTINUOUS
10
0.4785344881889764
20
0.2267111417322835
11
0.4778518897637795
21
0.2256896062992126
0
LINE
8
BLACK
6
CONTINUOUS
10
0.4778518897637795
20
0.2256896062992126
11
0.4776476771653543
21
0.2252516141732283
0
LINE
8
BLACK
6
CONTINUOUS
10
0.4776476771653543
20
0.2252516141732283
11
0.4773811417322835
21
0.2249850787401575
0
LINE
8
BLACK
6
CONTINUOUS
10
0.4773811417322835
20
0.2249850787401575
11
0.4768275984251968
21
0.2241566535433071
0
LINE
8
BLACK
6
CONTINUOUS
10
0.4768275984251968
20
0.2241566535433071
11
0.4759991338582677
21
0.2236030708661417
0
LINE
8
BLACK
6
CONTINUOUS
10
0.4759991338582677
20
0.2236030708661417
11
0.4757325984251968
21
0.2233365354330709
0
LINE
8
BLACK
6
CONTINUOUS
10
0.4757325984251968
20
0.2233365354330709
11
0.4752944881889763
21
0.2231322440944882
0
LINE
8
BLACK
6
CONTINUOUS
10
0.4752944881889763
20
0.2231322440944882
11
0.4742731102362205
21
0.2224497637795275
0
LINE
8
BLACK
6
CONTINUOUS
10
0.4742731102362205
20
0.2224497637795275
11
0.4735018897637795
21
0.2222963385826772
0
LINE
8
BLACK
6
CONTINUOUS
10
0.4735018897637795
20
0.2222963385826772
11
0.4731782283464567
21
0.2221454330708661
0
LINE
8
BLACK
6
CONTINUOUS
10
0.4731782283464567
20
0.2221454330708661
11
0.4718913779527559
21
0.2219759842519685
0
LINE
8
BLACK
6
CONTINUOUS
10
0.4718913779527559
20
0.2219759842519685
11
0.471259842519685
21
0.2218503937007874
0
LINE
8
BLACK
6
CONTINUOUS
10
0.471259842519685
20
0.2218503937007874
11
0.4709372047244094
21
0.2218503937007874
0
LINE
8
BLACK
6
CONTINUOUS
10
0.4709372047244094
20
0.2218503937007874
11
0.3810313385826772
21
0.2218503937007874
0
LINE
8
BLACK
6
CONTINUOUS
10
0.3810313385826772
20
0.2218503937007874
11
0.3807086614173228
21
0.2218503937007874
0
LINE
8
BLACK
6
CONTINUOUS
10
0.3807086614173228
20
0.2218503937007874
11
0.3800770866141732
21
0.2219759842519685
0
LINE
8
BLACK
6
CONTINUOUS
10
0.3800770866141732
20
0.2219759842519685
11
0.3787902362204724
21
0.2221454330708661
0
LINE
8
BLACK
6
CONTINUOUS
10
0.3787902362204724
20
0.2221454330708661
11
0.3784664960629921
21
0.2222963385826772
0
LINE
8
BLACK
6
CONTINUOUS
10
0.3784664960629921
20
0.2222963385826772
11
0.3776953937007874
21
0.2224497637795275
0
LINE
8
BLACK
6
CONTINUOUS
10
0.3776953937007874
20
0.2224497637795275
11
0.3766740551181103
21
0.2231321653543307
0
LINE
8
BLACK
6
CONTINUOUS
10
0.3766740551181103
20
0.2231321653543307
11
0.3762358661417323
21
0.2233365354330709
0
LINE
8
BLACK
6
CONTINUOUS
10
0.3762358661417323
20
0.2233365354330709
11
0.3759692125984252
21
0.2236031496062992
0
LINE
8
BLACK
6
CONTINUOUS
10
0.3759692125984252
20
0.2236031496062992
11
0.375140905511811
21
0.2241566535433071
0
LINE
8
BLACK
6
CONTINUOUS
10
0.375140905511811
20
0.2241566535433071
11
0.3745874015748031
21
0.2249849606299213
0
LINE
8
BLACK
6
CONTINUOUS
10
0.3745874015748031
20
0.2249849606299213
11
0.3743207874015748
21
0.2252516141732283
0
LINE
8
BLACK
6
CONTINUOUS
10
0.3743207874015748
20
0.2252516141732283
11
0.3741164173228346
21
0.2256898031496063
0
LINE
8
BLACK
6
CONTINUOUS
10
0.3741164173228346
20
0.2256898031496063
11
0.3734340157480315
21
0.2267111417322835
0
LINE
8
BLACK
6
CONTINUOUS
10
0.3734340157480315
20
0.2267111417322835
11
0.3732805905511811
21
0.2274822440944882
0
LINE
8
BLACK
6
CONTINUOUS
10
0.3732805905511811
20
0.2274822440944882
11
0.3731296850393701
21
0.2278059842519685
0
LINE
8
BLACK
6
CONTINUOUS
10
0.3731296850393701
20
0.2278059842519685
11
0.3729602362204724
21
0.2290929133858268
0
LINE
8
BLACK
6
CONTINUOUS
10
0.3729602362204724
20
0.2290929133858268
11
0.3728346456692913
21
0.2297244094488189
0
LINE
8
BLACK
6
CONTINUOUS
10
0.3728346456692913
20
0.2297244094488189
11
0.3728346456692913
21
0.3202755905511811
0
LINE
8
BLACK
6
CONTINUOUS
10
0.3728346456692913
20
0.3202755905511811
11
0.3729602755905512
21
0.3209072047244094
0
LINE
8
BLACK
6
CONTINUOUS
10
0.3729602755905512
20
0.3209072047244094
11
0.3731296850393701
21
0.3221939763779528
0
LINE
8
BLACK
6
CONTINUOUS
10
0.3731296850393701
20
0.3221939763779528
11
0.3732805905511811
21
0.3225176377952756
0
LINE
8
BLACK
6
CONTINUOUS
10
0.3732805905511811
20
0.3225176377952756
11
0.3734340157480315
21
0.3232888582677165
0
LINE
8
BLACK
6
CONTINUOUS
10
0.3734340157480315
20
0.3232888582677165
11
0.3741164960629921
21
0.3243102362204724
0
LINE
8
BLACK
6
CONTINUOUS
10
0.3741164960629921
20
0.3243102362204724
11
0.3743207874015748
21
0.3247483464566929
0
LINE
8
BLACK
6
CONTINUOUS
10
0.3743207874015748
20
0.3247483464566929
11
0.3745873228346457
21
0.3250148818897638
0
LINE
8
BLACK
6
CONTINUOUS
10
0.3745873228346457
20
0.3250148818897638
11
0.375140905511811
21
0.3258433464566929
0
LINE
8
BLACK
6
CONTINUOUS
10
0.375140905511811
20
0.3258433464566929
11
0.3759693307086614
21
0.3263968897637795
0
LINE
8
BLACK
6
CONTINUOUS
10
0.3759693307086614
20
0.3263968897637795
11
0.3762358661417323
21
0.3266634251968504
0
LINE
8
BLACK
6
CONTINUOUS
10
0.3762358661417323
20
0.3266634251968504
11
0.3766738582677165
21
0.3268676377952756
0
LINE
8
BLACK
6
CONTINUOUS
10
0.3766738582677165
20
0.3268676377952756
11
0.3776953937007874
21
0.3275502362204724
0
LINE
8
BLACK
6
CONTINUOUS
10
0.3776953937007874
20
0.3275502362204724
11
0.3784666535433071
21
0.3277036220472441
0
LINE
8
BLACK
6
CONTINUOUS
10
0.3784666535433071
20
0.3277036220472441
11
0.3787902362204724
21
0.3278545275590551
0
LINE
8
BLACK
6
CONTINUOUS
10
0.3787902362204724
20
0.3278545275590551
11
0.3800765748031496
21
0.3280238582677165
0
LINE
8
BLACK
6
CONTINUOUS
10
0.3800765748031496
20
0.3280238582677165
11
0.3807086614173228
21
0.3281496062992126
0
LINE
8
BLACK
6
CONTINUOUS
10
0.3807086614173228
20
0.3281496062992126
11
0.471259842519685
21
0.3281496062992126
0
LINE
8
BLACK
6
CONTINUOUS
10
0.471259842519685
20
0.3281496062992126
11
0.4718920472440945
21
0.3280238188976378
0
LINE
8
BLACK
6
CONTINUOUS
10
1.9306322047244093
20
0.3853072834645669
11
1.9319183858267717
21
0.3851379921259843
0
LINE
8
BLACK
6
CONTINUOUS
10
1.9319183858267717
20
0.3851379921259843
11
1.9322418897637794
21
0.3849871259842519
0
LINE
8
BLACK
6
CONTINUOUS
10
1.9322418897637794
20
0.3849871259842519
11
1.9330132677165355
21
0.3848337007874016
0
LINE
8
BLACK
6
CONTINUOUS
10
1.9330132677165355
20
0.3848337007874016
11
1.9340348425196849
21
0.384151062992126
0
LINE
8
BLACK
6
CONTINUOUS
10
1.9340348425196849
20
0.384151062992126
11
1.9344727559055117
21
0.3839468897637795
0
LINE
8
BLACK
6
CONTINUOUS
10
1.9344727559055117
20
0.3839468897637795
11
1.9347391732283463
21
0.3836804330708661
0
LINE
8
BLACK
6
CONTINUOUS
10
1.9347391732283463
20
0.3836804330708661
11
1.9355677559055118
21
0.3831268110236221
0
LINE
8
BLACK
6
CONTINUOUS
10
1.9355677559055118
20
0.3831268110236221
11
1.936121377952756
21
0.3822982283464567
0
LINE
8
BLACK
6
CONTINUOUS
10
1.936121377952756
20
0.3822982283464567
11
1.9363878346456693
21
0.382031811023622
0
LINE
8
BLACK
6
CONTINUOUS
10
1.9363878346456693
20
0.382031811023622
11
1.9365920078740158
21
0.3815938976377953
0
LINE
8
BLACK
6
CONTINUOUS
10
1.9365920078740158
20
0.3815938976377953
11
1.9372746456692913
21
0.3805723228346456
0
LINE
8
BLACK
6
CONTINUOUS
10
1.9372746456692913
20
0.3805723228346456
11
1.9374280708661418
21
0.3798009448818898
0
LINE
8
BLACK
6
CONTINUOUS
10
1.9374280708661418
20
0.3798009448818898
11
1.937578937007874
21
0.3794774409448819
0
LINE
8
BLACK
6
CONTINUOUS
10
1.937578937007874
20
0.3794774409448819
11
1.9377482677165354
21
0.3781911811023622
0
LINE
8
BLACK
6
CONTINUOUS
10
1.9377482677165354
20
0.3781911811023622
11
1.9378740157480314
21
0.3775590551181102
0
LINE
8
BLACK
6
CONTINUOUS
10
1.9378740157480314
20
0.3775590551181102
11
1.9378740157480314
21
0.3224409448818897
0
LINE
8
BLACK
6
CONTINUOUS
10
1.9378740157480314
20
0.3224409448818897
11
1.9377482677165354
21
0.321808779527559
0
LINE
8
BLACK
6
CONTINUOUS
10
1.9377482677165354
20
0.321808779527559
11
1.937578937007874
21
0.3205225196850394
0
LINE
8
BLACK
6
CONTINUOUS
10
1.937578937007874
20
0.3205225196850394
11
1.937428031496063
21
0.320198937007874
0
LINE
8
BLACK
6
CONTINUOUS
10
1.937428031496063
20
0.320198937007874
11
1.9372746456692913
21
0.3194276771653543
0
LINE
8
BLACK
6
CONTINUOUS
10
1.9372746456692913
20
0.3194276771653543
11
1.9365920472440945
21
0.3184061417322834
0
LINE
8
BLACK
6
CONTINUOUS
10
1.9365920472440945
20
0.3184061417322834
11
1.9363878346456693
21
0.3179681496062992
0
LINE
8
BLACK
6
CONTINUOUS
10
1.9363878346456693
20
0.3179681496062992
11
1.9361212992125985
21
0.3177016141732283
0
LINE
8
BLACK
6
CONTINUOUS
10
1.9361212992125985
20
0.3177016141732283
11
1.9355677559055118
21
0.316873188976378
0
LINE
8
BLACK
6
CONTINUOUS
10
1.9355677559055118
20
0.316873188976378
11
1.9347392913385826
21
0.3163196062992126
0
LINE
8
BLACK
6
CONTINUOUS
10
1.9347392913385826
20
0.3163196062992126
11
1.9344727559055117
21
0.3160530708661417
0
LINE
8
BLACK
6
CONTINUOUS
10
1.9344727559055117
20
0.3160530708661417
11
1.9340346456692914
21
0.315848779527559
0
LINE
8
BLACK
6
CONTINUOUS
10
1.9340346456692914
20
0.315848779527559
11
1.9330132677165355
21
0.3151662992125984
0
LINE
8
BLACK
6
CONTINUOUS
10
1.9330132677165355
20
0.3151662992125984
11
1.9322420472440944
21
0.315012874015748
0
LINE
8
BLACK
6
CONTINUOUS
10
1.9322420472440944
20
0.315012874015748
11
1.9319183858267717
21
0.314861968503937
0
LINE
8
BLACK
6
CONTINUOUS
10
1.9319183858267717
20
0.314861968503937
11
1.9306315354330708
21
0.3146925196850394
0
LINE
8
BLACK
6
CONTINUOUS
10
1.9306315354330708
20
0.3146925196850394
11
1.9299999999999999
21
0.3145669291338583
0
LINE
8
BLACK
6
CONTINUOUS
10
1.9299999999999999
20
0.3145669291338583
11
1.9296773622047243
21
0.3145669291338583
0
LINE
8
BLACK
6
CONTINUOUS
10
1.9296773622047243
20
0.3145669291338583
11
1.8953226771653542
21
0.3145669291338583
0
LINE
8
BLACK
6
CONTINUOUS
10
1.8953226771653542
20
0.3145669291338583
11
1.895
21
0.3145669291338583
0
LINE
8
BLACK
6
CONTINUOUS
10
1.895
20
0.3145669291338583
11
1.8943684251968504
21
0.3146925196850394
0
LINE
8
BLACK
6
CONTINUOUS
10
1.8943684251968504
20
0.3146925196850394
11
1.8930815748031495
21
0.314861968503937
0
LINE
8
BLACK
6
CONTINUOUS
10
1.8930815748031495
20
0.314861968503937
11
1.8927578346456693
21
0.315012874015748
0
LINE
8
BLACK
6
CONTINUOUS
10
1.8927578346456693
20
0.315012874015748
11
1.8919867322834645
21
0.3151662992125984
0
LINE
8
BLACK
6
CONTINUOUS
10
1.8919867322834645
20
0.3151662992125984
11
1.8909653937007873
21
0.3158487007874016
0
LINE
8
BLACK
6
CONTINUOUS
10
1.8909653937007873
20
0.3158487007874016
11
1.8905272047244095
21
0.3160530708661417
0
LINE
8
BLACK
6
CONTINUOUS
10
1.8905272047244095
20
0.3160530708661417
11
1.8902605511811024
21
0.3163196850393701
0
LINE
8
BLACK
6
CONTINUOUS
10
1.8902605511811024
20
0.3163196850393701
11
1.8894322440944882
21
0.316873188976378
0
LINE
8
BLACK
6
CONTINUOUS
10
1.8894322440944882
20
0.316873188976378
11
1.8888787401574803
21
0.3177014960629921
0
LINE
8
BLACK
6
CONTINUOUS
10
1.8888787401574803
20
0.3177014960629921
11
1.8886121259842519
21
0.3179681496062992
0
LINE
8
BLACK
6
CONTINUOUS
10
1.8886121259842519
20
0.3179681496062992
11
1.8884077559055117
21
0.3184063385826771
0
LINE
8
BLACK
6
CONTINUOUS
10
1.8884077559055117
20
0.3184063385826771
11
1.8877253543307086
21
0.3194276771653543
0
LINE
8
BLACK
6
CONTINUOUS
10
1.8877253543307086
20
0.3194276771653543
11
1.8875719291338582
21
0.320198779527559
0
LINE
8
BLACK
6
CONTINUOUS
10
1.8875719291338582
20
0.320198779527559
11
1.8874210236220472
21
0.3205225196850394
0
LINE
8
BLACK
6
CONTINUOUS
10
1.8874210236220472
20
0.3205225196850394
11
1.8872515748031495
21
0.3218094488188976
0
LINE
8
BLACK
6
CONTINUOUS
10
1.8872515748031495
20
0.3218094488188976
11
1.8871259842519685
21
0.3224409448818897
0
LINE
8
BLACK
6
CONTINUOUS
10
1.8871259842519685
20
0.3224409448818897
11
1.8871259842519685
21
0.3775590551181102
0
LINE
8
BLACK
6
CONTINUOUS
10
1.8871259842519685
20
0.3775590551181102
11
1.8872516141732283
21
0.3781906692913386
0
LINE
8
BLACK
6
CONTINUOUS
10
1.8872516141732283
20
0.3781906692913386
11
1.8874210236220472
21
0.3794774409448819
0
LINE
8
BLACK
6
CONTINUOUS
10
1.8874210236220472
20
0.3794774409448819
11
1.8875719291338582
21
0.3798011023622047
0
LINE
8
BLACK
6
CONTINUOUS
10
1.8875719291338582
20
0.3798011023622047
11
1.8877253543307086
21
0.3805723228346456
0
LINE
8
BLACK
6
CONTINUOUS
10
1.8877253543307086
20
0.3805723228346456
11
1.8884078346456692
21
0.3815937007874016
0
LINE
8
BLACK
6
CONTINUOUS
10
1.8884078346456692
20
0.3815937007874016
11
1.8886121259842519
21
0.382031811023622
0
LINE
8
BLACK
6
CONTINUOUS
10
1.8886121259842519
20
0.382031811023622
11
1.8888786614173227
21
0.3822983464566929
0
LINE
8
BLACK
6
CONTINUOUS
10
1.8888786614173227
20
0.3822983464566929
11
1.8894322440944882
21
0.3831268110236221
0
LINE
8
BLACK
6
CONTINUOUS
10
1.8894322440944882
20
0.3831268110236221
11
1.8902606692913386
21
0.3836803543307086
0
LINE
8
BLACK
6
CONTINUOUS
10
1.8902606692913386
20
0.3836803543307086
11
1.8905272047244095
21
0.3839468897637795
0
LINE
8
BLACK
6
CONTINUOUS
10
1.8905272047244095
20
0.3839468897637795
11
1.8909651968503935
21
0.3841511023622047
0
LINE
8
BLACK
6
CONTINUOUS
10
1.8909651968503935
20
0.3841511023622047
11
1.8919867322834645
21
0.3848337007874016
0
LINE
8
BLACK
6
CONTINUOUS
10
1.8919867322834645
20
0.3848337007874016
11
1.8927579921259843
21
0.3849870866141732
0
LINE
8
BLACK
6
CONTINUOUS
10
1.8927579921259843
20
0.3849870866141732
11
1.8930815748031495
21
0.3851379921259843
0
LINE
8
BLACK
6
CONTINUOUS
10
1.8930815748031495
20
0.3851379921259843
11
1.8943679133858267
21
0.3853073228346456
0
LINE
8
BLACK
6
CONTINUOUS
10
1.8943679133858267
20
0.3853073228346456
11
1.895
21
0.3854330708661417
0
LINE
8
BLACK
6
CONTINUOUS
10
1.895
20
0.3854330708661417
11
1.9299999999999999
21
0.3854330708661417
0
LINE
8
BLACK
6
CONTINUOUS
10
1.9299999999999999
20
0.3854330708661417
11
1.9306322047244093
21
0.3853072834645669
0
LINE
8
BLACK
6
CONTINUOUS
10
2.0058290551181104
20
0.3853072834645669
11
2.0071152362204723
21
0.3851379921259843
0
LINE
8
BLACK
6
CONTINUOUS
10
2.0071152362204723
20
0.3851379921259843
11
2.0074387401574803
21
0.3849871259842519
0
LINE
8
BLACK
6
CONTINUOUS
10
2.0074387401574803
20
0.3849871259842519
11
2.0082101181102363
21
0.3848337007874016
0
LINE
8
BLACK
6
CONTINUOUS
10
2.0082101181102363
20
0.3848337007874016
11
2.009231692913386
21
0.384151062992126
0
LINE
8
BLACK
6
CONTINUOUS
10
2.009231692913386
20
0.384151062992126
11
2.0096696062992128
21
0.3839468897637795
0
LINE
8
BLACK
6
CONTINUOUS
10
2.0096696062992128
20
0.3839468897637795
11
2.0099360236220472
21
0.3836804330708661
0
LINE
8
BLACK
6
CONTINUOUS
10
2.0099360236220472
20
0.3836804330708661
11
2.0107646062992126
21
0.3831268110236221
0
LINE
8
BLACK
6
CONTINUOUS
10
2.0107646062992126
20
0.3831268110236221
11
2.0113182283464566
21
0.3822982283464567
0
LINE
8
BLACK
6
CONTINUOUS
10
2.0113182283464566
20
0.3822982283464567
11
2.0115846850393702
21
0.382031811023622
0
LINE
8
BLACK
6
CONTINUOUS
10
2.0115846850393702
20
0.382031811023622
11
2.0117888582677166
21
0.3815938976377953
0
LINE
8
BLACK
6
CONTINUOUS
10
2.0117888582677166
20
0.3815938976377953
11
2.0124714960629921
21
0.3805723228346456
0
LINE
8
BLACK
6
CONTINUOUS
10
2.0124714960629921
20
0.3805723228346456
11
2.0126249212598424
21
0.3798009448818898
0
LINE
8
BLACK
6
CONTINUOUS
10
2.0126249212598424
20
0.3798009448818898
11
2.0127757874015746
21
0.3794774409448819
0
LINE
8
BLACK
6
CONTINUOUS
10
2.0127757874015746
20
0.3794774409448819
11
2.012945118110236
21
0.3781911811023622
0
LINE
8
BLACK
6
CONTINUOUS
10
2.012945118110236
20
0.3781911811023622
11
2.013070866141732
21
0.3775590551181102
0
LINE
8
BLACK
6
CONTINUOUS
10
2.013070866141732
20
0.3775590551181102
11
2.013070866141732
21
0.3224409448818897
0
LINE
8
BLACK
6
CONTINUOUS
10
2.013070866141732
20
0.3224409448818897
11
2.012945118110236
21
0.321808779527559
0
LINE
8
BLACK
6
CONTINUOUS
10
2.012945118110236
20
0.321808779527559
11
2.0127757874015746
21
0.3205225196850394
0
LINE
8
BLACK
6
CONTINUOUS
10
2.0127757874015746
20
0.3205225196850394
11
2.0126248818897636
21
0.320198937007874
0
LINE
8
BLACK
6
CONTINUOUS
10
2.0126248818897636
20
0.320198937007874
11
2.0124714960629921
21
0.3194276771653543
0
LINE
8
BLACK
6
CONTINUOUS
10
2.0124714960629921
20
0.3194276771653543
11
2.0117888976377953
21
0.3184061417322834
0
LINE
8
BLACK
6
CONTINUOUS
10
2.0117888976377953
20
0.3184061417322834
11
2.0115846850393702
21
0.3179681496062992
0
LINE
8
BLACK
6
CONTINUOUS
10
2.0115846850393702
20
0.3179681496062992
11
2.0113181496062991
21
0.3177016141732283
0
LINE
8
BLACK
6
CONTINUOUS
10
2.0113181496062991
20
0.3177016141732283
11
2.0107646062992126
21
0.316873188976378
0
LINE
8
BLACK
6
CONTINUOUS
10
2.0107646062992126
20
0.316873188976378
11
2.0099361417322834
21
0.3163196062992126
0
LINE
8
BLACK
6
CONTINUOUS
10
2.0099361417322834
20
0.3163196062992126
11
2.0096696062992128
21
0.3160530708661417
0
LINE
8
BLACK
6
CONTINUOUS
10
2.0096696062992128
20
0.3160530708661417
11
2.0092314960629922
21
0.315848779527559
0
LINE
8
BLACK
6
CONTINUOUS
10
2.0092314960629922
20
0.315848779527559
11
2.0082101181102363
21
0.3151662992125984
0
LINE
8
BLACK
6
CONTINUOUS
10
2.0082101181102363
20
0.3151662992125984
11
2.0074388976377953
21
0.315012874015748
0
LINE
8
BLACK
6
CONTINUOUS
10
2.0074388976377953
20
0.315012874015748
11
2.0071152362204723
21
0.314861968503937
0
LINE
8
BLACK
6
CONTINUOUS
10
2.0071152362204723
20
0.314861968503937
11
2.0058283858267716
21
0.3146925196850394
0
LINE
8
BLACK
6
CONTINUOUS
10
2.0058283858267716
20
0.3146925196850394
11
2.0051968503937005
21
0.3145669291338583
0
LINE
8
BLACK
6
CONTINUOUS
10
2.0051968503937005
20
0.3145669291338583
11
2.0048742125984251
21
0.3145669291338583
0
LINE
8
BLACK
6
CONTINUOUS
10
2.0048742125984251
20
0.3145669291338583
11
1.9701258267716535
21
0.3145669291338583
0
LINE
8
BLACK
6
CONTINUOUS
10
1.9701258267716535
20
0.3145669291338583
11
1.9698031496062991
21
0.3145669291338583
0
LINE
8
BLACK
6
CONTINUOUS
10
1.9698031496062991
20
0.3145669291338583
11
1.9691715748031495
21
0.3146925196850394
0
LINE
8
BLACK
6
CONTINUOUS
10
1.9691715748031495
20
0.3146925196850394
11
1.9678847244094488
21
0.314861968503937
0
LINE
8
BLACK
6
CONTINUOUS
10
1.9678847244094488
20
0.314861968503937
11
1.9675609842519686
21
0.315012874015748
0
LINE
8
BLACK
6
CONTINUOUS
10
1.9675609842519686
20
0.315012874015748
11
1.9667898818897638
21
0.3151662992125984
0
LINE
8
BLACK
6
CONTINUOUS
10
1.9667898818897638
20
0.3151662992125984
11
1.9657685433070866
21
0.3158487007874016
0
LINE
8
BLACK
6
CONTINUOUS
10
1.9657685433070866
20
0.3158487007874016
11
1.9653303543307086
21
0.3160530708661417
0
LINE
8
BLACK
6
CONTINUOUS
10
1.9653303543307086
20
0.3160530708661417
11
1.9650637007874014
21
0.3163196850393701
0
LINE
8
BLACK
6
CONTINUOUS
10
1.9650637007874014
20
0.3163196850393701
11
1.9642353937007873
21
0.316873188976378
0
LINE
8
BLACK
6
CONTINUOUS
10
1.9642353937007873
20
0.316873188976378
11
1.9636818897637796
21
0.3177014960629921
0
LINE
8
BLACK
6
CONTINUOUS
10
1.9636818897637796
20
0.3177014960629921
11
1.9634152755905512
21
0.3179681496062992
0
LINE
8
BLACK
6
CONTINUOUS
10
1.9634152755905512
20
0.3179681496062992
11
1.963210905511811
21
0.3184063385826771
0
LINE
8
BLACK
6
CONTINUOUS
10
1.963210905511811
20
0.3184063385826771
11
1.9625285039370077
21
0.3194276771653543
0
LINE
8
BLACK
6
CONTINUOUS
10
1.9625285039370077
20
0.3194276771653543
11
1.9623750787401575
21
0.320198779527559
0
LINE
8
BLACK
6
CONTINUOUS
10
1.9623750787401575
20
0.320198779527559
11
1.9622241732283463
21
0.3205225196850394
0
LINE
8
BLACK
6
CONTINUOUS
10
1.9622241732283463
20
0.3205225196850394
11
1.9620547244094488
21
0.3218094488188976
0
LINE
8
BLACK
6
CONTINUOUS
10
1.9620547244094488
20
0.3218094488188976
11
1.9619291338582676
21
0.3224409448818897
0
LINE
8
BLACK
6
CONTINUOUS
10
1.9619291338582676
20
0.3224409448818897
11
1.9619291338582676
21
0.3775590551181102
0
LINE
8
BLACK
6
CONTINUOUS
10
1.9619291338582676
20
0.3775590551181102
11
1.9620547637795276
21
0.3781906692913386
0
LINE
8
BLACK
6
CONTINUOUS
10
1.9620547637795276
20
0.3781906692913386
11
1.9622241732283463
21
0.3794774409448819
0
LINE
8
BLACK
6
CONTINUOUS
10
1.9622241732283463
20
0.3794774409448819
11
1.9623750787401575
21
0.3798011023622047
0
LINE
8
BLACK
6
CONTINUOUS
10
1.9623750787401575
20
0.3798011023622047
11
1.9625285039370077
21
0.3805723228346456
0
LINE
8
BLACK
6
CONTINUOUS
10
1.9625285039370077
20
0.3805723228346456
11
1.9632109842519685
21
0.3815937007874016
0
LINE
8
BLACK
6
CONTINUOUS
10
1.9632109842519685
20
0.3815937007874016
11
1.9634152755905512
21
0.382031811023622
0
LINE
8
BLACK
6
CONTINUOUS
10
1.9634152755905512
20
0.382031811023622
11
1.963681811023622
21
0.3822983464566929
0
LINE
8
BLACK
6
CONTINUOUS
10
1.963681811023622
20
0.3822983464566929
11
1.9642353937007873
21
0.3831268110236221
0
LINE
8
BLACK
6
CONTINUOUS
10
1.9642353937007873
20
0.3831268110236221
11
1.9650638188976377
21
0.3836803543307086
0
LINE
8
BLACK
6
CONTINUOUS
10
1.9650638188976377
20
0.3836803543307086
11
1.9653303543307086
21
0.3839468897637795
0
LINE
8
BLACK
6
CONTINUOUS
10
1.9653303543307086
20
0.3839468897637795
11
1.9657683464566928
21
0.3841511023622047
0
LINE
8
BLACK
6
CONTINUOUS
10
1.9657683464566928
20
0.3841511023622047
11
1.9667898818897638
21
0.3848337007874016
0
LINE
8
BLACK
6
CONTINUOUS
10
1.9667898818897638
20
0.3848337007874016
11
1.9675611417322834
21
0.3849870866141732
0
LINE
8
BLACK
6
CONTINUOUS
10
1.9675611417322834
20
0.3849870866141732
11
1.9678847244094488
21
0.3851379921259843
0
LINE
8
BLACK
6
CONTINUOUS
10
1.9678847244094488
20
0.3851379921259843
11
1.969171062992126
21
0.3853073228346456
0
LINE
8
BLACK
6
CONTINUOUS
10
1.969171062992126
20
0.3853073228346456
11
1.9698031496062991
21
0.3854330708661417
0
LINE
8
BLACK
6
CONTINUOUS
10
1.9698031496062991
20
0.3854330708661417
11
2.0051968503937005
21
0.3854330708661417
0
LINE
8
BLACK
6
CONTINUOUS
10
2.0051968503937005
20
0.3854330708661417
11
2.0058290551181104
21
0.3853072834645669
0
LINE
8
BLACK
6
CONTINUOUS
10
1.8556322047244094
20
0.4377482283464567
11
1.8569183858267717
21
0.437578937007874
0
LINE
8
BLACK
6
CONTINUOUS
10
1.8569183858267717
20
0.437578937007874
11
1.8572418897637795
21
0.4374280708661417
0
LINE
8
BLACK
6
CONTINUOUS
10
1.8572418897637795
20
0.4374280708661417
11
1.8580132677165353
21
0.4372746456692913
0
LINE
8
BLACK
6
CONTINUOUS
10
1.8580132677165353
20
0.4372746456692913
11
1.859034842519685
21
0.4365920078740158
0
LINE
8
BLACK
6
CONTINUOUS
10
1.859034842519685
20
0.4365920078740158
11
1.8594727559055118
21
0.4363878346456693
0
LINE
8
BLACK
6
CONTINUOUS
10
1.8594727559055118
20
0.4363878346456693
11
1.8597391732283464
21
0.4361213779527559
0
LINE
8
BLACK
6
CONTINUOUS
10
1.8597391732283464
20
0.4361213779527559
11
1.8605677559055118
21
0.4355677559055118
0
LINE
8
BLACK
6
CONTINUOUS
10
1.8605677559055118
20
0.4355677559055118
11
1.8611213779527558
21
0.4347391732283464
0
LINE
8
BLACK
6
CONTINUOUS
10
1.8611213779527558
20
0.4347391732283464
11
1.8613878346456691
21
0.4344727559055118
0
LINE
8
BLACK
6
CONTINUOUS
10
1.8613878346456691
20
0.4344727559055118
11
1.8615920078740158
21
0.434034842519685
0
LINE
8
BLACK
6
CONTINUOUS
10
1.8615920078740158
20
0.434034842519685
11
1.8622746456692914
21
0.4330132677165354
0
LINE
8
BLACK
6
CONTINUOUS
10
1.8622746456692914
20
0.4330132677165354
11
1.8624280708661416
21
0.4322418897637795
0
LINE
8
BLACK
6
CONTINUOUS
10
1.8624280708661416
20
0.4322418897637795
11
1.862578937007874
21
0.4319183858267717
0
LINE
8
BLACK
6
CONTINUOUS
10
1.862578937007874
20
0.4319183858267717
11
1.8627482677165355
21
0.4306321259842519
0
LINE
8
BLACK
6
CONTINUOUS
10
1.8627482677165355
20
0.4306321259842519
11
1.8628740157480315
21
0.43
0
LINE
8
BLACK
6
CONTINUOUS
10
1.8628740157480315
20
0.43
11
1.8628740157480315
21
0.37
0
LINE
8
BLACK
6
CONTINUOUS
10
1.8628740157480315
20
0.37
11
1.8627482677165355
21
0.3693678346456693
0
LINE
8
BLACK
6
CONTINUOUS
10
1.8627482677165355
20
0.3693678346456693
11
1.862578937007874
21
0.3680815748031496
0
LINE
8
BLACK
6
CONTINUOUS
10
1.862578937007874
20
0.3680815748031496
11
1.8624280314960628
21
0.3677579921259843
0
LINE
8
BLACK
6
CONTINUOUS
10
1.8624280314960628
20
0.3677579921259843
11
1.8622746456692914
21
0.3669867322834646
0
LINE
8
BLACK
6
CONTINUOUS
10
1.8622746456692914
20
0.3669867322834646
11
1.8615920472440945
21
0.3659651968503937
0
LINE
8
BLACK
6
CONTINUOUS
10
1.8615920472440945
20
0.3659651968503937
11
1.8613878346456691
21
0.3655272047244094
0
LINE
8
BLACK
6
CONTINUOUS
10
1.8613878346456691
20
0.3655272047244094
11
1.8611212992125983
21
0.3652606692913385
0
LINE
8
BLACK
6
CONTINUOUS
10
1.8611212992125983
20
0.3652606692913385
11
1.8605677559055118
21
0.3644322440944882
0
LINE
8
BLACK
6
CONTINUOUS
10
1.8605677559055118
20
0.3644322440944882
11
1.8597392913385826
21
0.3638786614173228
0
LINE
8
BLACK
6
CONTINUOUS
10
1.8597392913385826
20
0.3638786614173228
11
1.8594727559055118
21
0.363612125984252
0
LINE
8
BLACK
6
CONTINUOUS
10
1.8594727559055118
20
0.363612125984252
11
1.8590346456692912
21
0.3634078346456693
0
LINE
8
BLACK
6
CONTINUOUS
10
1.8590346456692912
20
0.3634078346456693
11
1.8580132677165353
21
0.3627253543307086
0
LINE
8
BLACK
6
CONTINUOUS
10
1.8580132677165353
20
0.3627253543307086
11
1.8572420472440945
21
0.3625719291338583
0
LINE
8
BLACK
6
CONTINUOUS
10
1.8572420472440945
20
0.3625719291338583
11
1.8569183858267717
21
0.3624210236220473
0
LINE
8
BLACK
6
CONTINUOUS
10
1.8569183858267717
20
0.3624210236220473
11
1.8556315354330708
21
0.3622515748031496
0
LINE
8
BLACK
6
CONTINUOUS
10
1.8556315354330708
20
0.3622515748031496
11
1.855
21
0.3621259842519685
0
LINE
8
BLACK
6
CONTINUOUS
10
1.855
20
0.3621259842519685
11
1.8546773622047243
21
0.3621259842519685
0
LINE
8
BLACK
6
CONTINUOUS
10
1.8546773622047243
20
0.3621259842519685
11
1.7953226771653543
21
0.3621259842519685
0
LINE
8
BLACK
6
CONTINUOUS
10
1.7953226771653543
20
0.3621259842519685
11
1.7949999999999999
21
0.3621259842519685
0
LINE
8
BLACK
6
CONTINUOUS
10
1.7949999999999999
20
0.3621259842519685
11
1.7943684251968504
21
0.3622515748031496
0
LINE
8
BLACK
6
CONTINUOUS
10
1.7943684251968504
20
0.3622515748031496
11
1.7930815748031497
21
0.3624210236220473
0
LINE
8
BLACK
6
CONTINUOUS
10
1.7930815748031497
20
0.3624210236220473
11
1.7927578346456692
21
0.3625719291338583
0
LINE
8
BLACK
6
CONTINUOUS
10
1.7927578346456692
20
0.3625719291338583
11
1.7919867322834646
21
0.3627253543307086
0
LINE
8
BLACK
6
CONTINUOUS
10
1.7919867322834646
20
0.3627253543307086
11
1.7909653937007874
21
0.3634077559055118
0
LINE
8
BLACK
6
CONTINUOUS
10
1.7909653937007874
20
0.3634077559055118
11
1.7905272047244094
21
0.363612125984252
0
LINE
8
BLACK
6
CONTINUOUS
10
1.7905272047244094
20
0.363612125984252
11
1.7902605511811023
21
0.3638787401574803
0
LINE
8
BLACK
6
CONTINUOUS
10
1.7902605511811023
20
0.3638787401574803
11
1.7894322440944881
21
0.3644322440944882
0
LINE
8
BLACK
6
CONTINUOUS
10
1.7894322440944881
20
0.3644322440944882
11
1.7888787401574804
21
0.3652605511811023
0
LINE
8
BLACK
6
CONTINUOUS
10
1.7888787401574804
20
0.3652605511811023
11
1.788612125984252
21
0.3655272047244094
0
LINE
8
BLACK
6
CONTINUOUS
10
1.788612125984252
20
0.3655272047244094
11
1.7884077559055118
21
0.3659653937007874
0
LINE
8
BLACK
6
CONTINUOUS
10
1.7884077559055118
20
0.3659653937007874
11
1.7877253543307086
21
0.3669867322834646
0
LINE
8
BLACK
6
CONTINUOUS
10
1.7877253543307086
20
0.3669867322834646
11
1.7875719291338583
21
0.3677578346456693
0
LINE
8
BLACK
6
CONTINUOUS
10
1.7875719291338583
20
0.3677578346456693
11
1.7874210236220471
21
0.3680815748031496
0
LINE
8
BLACK
6
CONTINUOUS
10
1.7874210236220471
20
0.3680815748031496
11
1.7872515748031497
21
0.3693685039370079
0
LINE
8
BLACK
6
CONTINUOUS
10
1.7872515748031497
20
0.3693685039370079
11
1.7871259842519684
21
0.37
0
LINE
8
BLACK
6
CONTINUOUS
10
1.7871259842519684
20
0.37
11
1.7871259842519684
21
0.43
0
LINE
8
BLACK
6
CONTINUOUS
10
1.7871259842519684
20
0.43
11
1.7872516141732282
21
0.4306316141732283
0
LINE
8
BLACK
6
CONTINUOUS
10
1.7872516141732282
20
0.4306316141732283
11
1.7874210236220471
21
0.4319183858267717
0
LINE
8
BLACK
6
CONTINUOUS
10
1.7874210236220471
20
0.4319183858267717
11
1.7875719291338583
21
0.4322420472440945
0
LINE
8
BLACK
6
CONTINUOUS
10
1.7875719291338583
20
0.4322420472440945
11
1.7877253543307086
21
0.4330132677165354
0
LINE
8
BLACK
6
CONTINUOUS
10
1.7877253543307086
20
0.4330132677165354
11
1.7884078346456693
21
0.4340346456692913
0
LINE
8
BLACK
6
CONTINUOUS
10
1.7884078346456693
20
0.4340346456692913
11
1.788612125984252
21
0.4344727559055118
0
LINE
8
BLACK
6
CONTINUOUS
10
1.788612125984252
20
0.4344727559055118
11
1.7888786614173229
21
0.4347392913385827
0
LINE
8
BLACK
6
CONTINUOUS
10
1.7888786614173229
20
0.4347392913385827
11
1.7894322440944881
21
0.4355677559055118
0
LINE
8
BLACK
6
CONTINUOUS
10
1.7894322440944881
20
0.4355677559055118
11
1.7902606692913385
21
0.4361212992125984
0
LINE
8
BLACK
6
CONTINUOUS
10
1.7902606692913385
20
0.4361212992125984
11
1.7905272047244094
21
0.4363878346456693
0
LINE
8
BLACK
6
CONTINUOUS
10
1.7905272047244094
20
0.4363878346456693
11
1.7909651968503937
21
0.4365920472440945
0
LINE
8
BLACK
6
CONTINUOUS
10
1.7909651968503937
20
0.4365920472440945
11
1.7919867322834646
21
0.4372746456692913
0
LINE
8
BLACK
6
CONTINUOUS
10
1.7919867322834646
20
0.4372746456692913
11
1.7927579921259842
21
0.437428031496063
0
LINE
8
BLACK
6
CONTINUOUS
10
1.7927579921259842
20
0.437428031496063
11
1.7930815748031497
21
0.437578937007874
0
LINE
8
BLACK
6
CONTINUOUS
10
1.7930815748031497
20
0.437578937007874
11
1.7943679133858268
21
0.4377482677165354
0
LINE
8
BLACK
6
CONTINUOUS
10
1.7943679133858268
20
0.4377482677165354
11
1.7949999999999999
21
0.4378740157480315
0
LINE
8
BLACK
6
CONTINUOUS
10
1.7949999999999999
20
0.4378740157480315
11
1.855
21
0.4378740157480315
0
LINE
8
BLACK
6
CONTINUOUS
10
1.855
20
0.4378740157480315
11
1.8556322047244094
21
0.4377482283464567
0
LINE
8
BLACK
6
CONTINUOUS
10
2.0767728740157478
20
0.4860220472440945
11
2.0787860629921258
21
0.4860220472440945
0
LINE
8
BLACK
6
CONTINUOUS
10
2.0787860629921258
20
0.4860220472440945
11
2.0805242913385826
21
0.4856525590551181
0
LINE
8
BLACK
6
CONTINUOUS
10
2.0805242913385826
20
0.4856525590551181
11
2.0820614566929132
21
0.4855011811023622
0
LINE
8
BLACK
6
CONTINUOUS
10
2.0820614566929132
20
0.4855011811023622
11
2.0839925196850393
21
0.4849153543307086
0
LINE
8
BLACK
6
CONTINUOUS
10
2.0839925196850393
20
0.4849153543307086
11
2.0861927559055116
21
0.4844477165354331
0
LINE
8
BLACK
6
CONTINUOUS
10
2.0861927559055116
20
0.4844477165354331
11
2.087600748031496
21
0.4838207874015748
0
LINE
8
BLACK
6
CONTINUOUS
10
2.087600748031496
20
0.4838207874015748
11
2.0888520078740158
21
0.4834412598425197
0
LINE
8
BLACK
6
CONTINUOUS
10
2.0888520078740158
20
0.4834412598425197
11
2.0908404724409446
21
0.4823783858267716
0
LINE
8
BLACK
6
CONTINUOUS
10
2.0908404724409446
20
0.4823783858267716
11
2.0931102362204723
21
0.4813678346456693
0
LINE
8
BLACK
6
CONTINUOUS
10
2.0931102362204723
20
0.4813678346456693
11
2.0941654330708661
21
0.4806011811023622
0
LINE
8
BLACK
6
CONTINUOUS
10
2.0941654330708661
20
0.4806011811023622
11
2.0951097244094488
21
0.4800964566929134
0
LINE
8
BLACK
6
CONTINUOUS
10
2.0951097244094488
20
0.4800964566929134
11
2.0970359055118108
21
0.4785156299212598
0
LINE
8
BLACK
6
CONTINUOUS
10
2.0970359055118108
20
0.4785156299212598
11
2.0992362204724411
21
0.4769170472440944
0
LINE
8
BLACK
6
CONTINUOUS
10
2.0992362204724411
20
0.4769170472440944
11
2.0999506299212598
21
0.4761235826771654
0
LINE
8
BLACK
6
CONTINUOUS
10
2.0999506299212598
20
0.4761235826771654
11
2.1005948818897635
21
0.4755948818897638
0
LINE
8
BLACK
6
CONTINUOUS
10
2.1005948818897635
20
0.4755948818897638
11
2.1023260629921259
21
0.4734853937007874
0
LINE
8
BLACK
6
CONTINUOUS
10
2.1023260629921259
20
0.4734853937007874
11
2.1043029921259842
21
0.471289842519685
0
LINE
8
BLACK
6
CONTINUOUS
10
2.1043029921259842
20
0.471289842519685
11
2.1047182677165353
21
0.4705704724409449
0
LINE
8
BLACK
6
CONTINUOUS
10
2.1047182677165353
20
0.4705704724409449
11
2.1050964566929133
21
0.4701097244094488
0
LINE
8
BLACK
6
CONTINUOUS
10
2.1050964566929133
20
0.4701097244094488
11
2.1064952755905511
21
0.4674926771653543
0
LINE
8
BLACK
6
CONTINUOUS
10
2.1064952755905511
20
0.4674926771653543
11
2.1080890551181102
21
0.4647322047244095
0
LINE
8
BLACK
6
CONTINUOUS
10
2.1080890551181102
20
0.4647322047244095
11
2.1082724015748031
21
0.4641679133858267
0
LINE
8
BLACK
6
CONTINUOUS
10
2.1082724015748031
20
0.4641679133858267
11
2.1084412598425195
21
0.4638520078740158
0
LINE
8
BLACK
6
CONTINUOUS
10
2.1084412598425195
20
0.4638520078740158
11
2.1093724803149607
21
0.4607822047244094
0
LINE
8
BLACK
6
CONTINUOUS
10
2.1093724803149607
20
0.4607822047244094
11
2.1104289763779529
21
0.4575306692913386
0
LINE
8
BLACK
6
CONTINUOUS
10
2.1104289763779529
20
0.4575306692913386
11
2.1104661417322834
21
0.4571768897637795
0
LINE
8
BLACK
6
CONTINUOUS
10
2.1104661417322834
20
0.4571768897637795
11
2.1105011811023622
21
0.4570614566929134
0
LINE
8
BLACK
6
CONTINUOUS
10
2.1105011811023622
20
0.4570614566929134
11
2.1108419685039368
21
0.4536009842519685
0
LINE
8
BLACK
6
CONTINUOUS
10
2.1108419685039368
20
0.4536009842519685
11
2.1112204724409449
21
0.45
0
LINE
8
BLACK
6
CONTINUOUS
10
2.1112204724409449
20
0.45
11
2.1108420078740155
21
0.4463992519685039
0
LINE
8
BLACK
6
CONTINUOUS
10
2.1108420078740155
20
0.4463992519685039
11
2.1105011811023622
21
0.4429385039370078
0
LINE
8
BLACK
6
CONTINUOUS
10
2.1105011811023622
20
0.4429385039370078
11
2.1104661417322834
21
0.4428229921259842
0
LINE
8
BLACK
6
CONTINUOUS
10
2.1104661417322834
20
0.4428229921259842
11
2.1104289763779529
21
0.4424693307086614
0
LINE
8
BLACK
6
CONTINUOUS
10
2.1104289763779529
20
0.4424693307086614
11
2.1093726377952757
21
0.4392183070866142
0
LINE
8
BLACK
6
CONTINUOUS
10
2.1093726377952757
20
0.4392183070866142
11
2.1084412598425195
21
0.4361479527559055
0
LINE
8
BLACK
6
CONTINUOUS
10
2.1084412598425195
20
0.4361479527559055
11
2.1082723622047244
21
0.435831968503937
0
LINE
8
BLACK
6
CONTINUOUS
10
2.1082723622047244
20
0.435831968503937
11
2.1080890551181102
21
0.4352677952755906
0
LINE
8
BLACK
6
CONTINUOUS
10
2.1080890551181102
20
0.4352677952755906
11
2.1064955511811023
21
0.4325077559055118
0
LINE
8
BLACK
6
CONTINUOUS
10
2.1064955511811023
20
0.4325077559055118
11
2.1050964566929133
21
0.4298902362204725
0
LINE
8
BLACK
6
CONTINUOUS
10
2.1050964566929133
20
0.4298902362204725
11
2.1047181889763777
21
0.4294293307086614
0
LINE
8
BLACK
6
CONTINUOUS
10
2.1047181889763777
20
0.4294293307086614
11
2.1043029921259842
21
0.4287101574803149
0
LINE
8
BLACK
6
CONTINUOUS
10
2.1043029921259842
20
0.4287101574803149
11
2.1023264566929134
21
0.426515
0
LINE
8
BLACK
6
CONTINUOUS
10
2.1023264566929134
20
0.426515
11
2.1005948818897635
21
0.4244050787401575
0
LINE
8
BLACK
6
CONTINUOUS
10
2.1005948818897635
20
0.4244050787401575
11
2.0999505118110235
21
0.4238762598425197
0
LINE
8
BLACK
6
CONTINUOUS
10
2.0999505118110235
20
0.4238762598425197
11
2.0992362204724411
21
0.4230829527559055
0
LINE
8
BLACK
6
CONTINUOUS
10
2.0992362204724411
20
0.4230829527559055
11
2.0970363385826771
21
0.4214846456692913
0
LINE
8
BLACK
6
CONTINUOUS
10
2.0970363385826771
20
0.4214846456692913
11
2.0951097244094488
21
0.4199035039370079
0
LINE
8
BLACK
6
CONTINUOUS
10
2.0951097244094488
20
0.4199035039370079
11
2.0941651968503936
21
0.4193986614173228
0
LINE
8
BLACK
6
CONTINUOUS
10
2.0941651968503936
20
0.4193986614173228
11
2.0931102362204723
21
0.4186321653543307
0
LINE
8
BLACK
6
CONTINUOUS
10
2.0931102362204723
20
0.4186321653543307
11
2.0908409448818897
21
0.4176217716535433
0
LINE
8
BLACK
6
CONTINUOUS
10
2.0908409448818897
20
0.4176217716535433
11
2.0888520078740158
21
0.4165587007874016
0
LINE
8
BLACK
6
CONTINUOUS
10
2.0888520078740158
20
0.4165587007874016
11
2.0876004724409447
21
0.4161790157480315
0
LINE
8
BLACK
6
CONTINUOUS
10
2.0876004724409447
20
0.4161790157480315
11
2.0861927559055116
21
0.4155522834645669
0
LINE
8
BLACK
6
CONTINUOUS
10
2.0861927559055116
20
0.4155522834645669
11
2.0839929527559056
21
0.4150846850393701
0
LINE
8
BLACK
6
CONTINUOUS
10
2.0839929527559056
20
0.4150846850393701
11
2.0820614566929132
21
0.414498779527559
0
LINE
8
BLACK
6
CONTINUOUS
10
2.0820614566929132
20
0.414498779527559
11
2.0805239763779526
21
0.4143473228346456
0
LINE
8
BLACK
6
CONTINUOUS
10
2.0805239763779526
20
0.4143473228346456
11
2.0787860629921258
21
0.4139779527559055
0
LINE
8
BLACK
6
CONTINUOUS
10
2.0787860629921258
20
0.4139779527559055
11
2.0767732677165354
21
0.4139779527559055
0
LINE
8
BLACK
6
CONTINUOUS
10
2.0767732677165354
20
0.4139779527559055
11
2.0749999999999997
21
0.4138033070866142
0
LINE
8
BLACK
6
CONTINUOUS
10
2.0749999999999997
20
0.4138033070866142
11
2.0732267322834645
21
0.4139779527559055
0
LINE
8
BLACK
6
CONTINUOUS
10
2.0732267322834645
20
0.4139779527559055
11
2.0712139370078742
21
0.4139779527559055
0
LINE
8
BLACK
6
CONTINUOUS
10
2.0712139370078742
20
0.4139779527559055
11
2.0694760236220473
21
0.4143473228346456
0
LINE
8
BLACK
6
CONTINUOUS
10
2.0694760236220473
20
0.4143473228346456
11
2.067938503937008
21
0.414498779527559
0
LINE
8
BLACK
6
CONTINUOUS
10
2.067938503937008
20
0.414498779527559
11
2.0660068503937006
21
0.4150847244094488
0
LINE
8
BLACK
6
CONTINUOUS
10
2.0660068503937006
20
0.4150847244094488
11
2.0638072440944883
21
0.4155522834645669
0
LINE
8
BLACK
6
CONTINUOUS
10
2.0638072440944883
20
0.4155522834645669
11
2.062399566929134
21
0.4161789763779528
0
LINE
8
BLACK
6
CONTINUOUS
10
2.062399566929134
20
0.4161789763779528
11
2.0611479527559053
21
0.4165587007874016
0
LINE
8
BLACK
6
CONTINUOUS
10
2.0611479527559053
20
0.4165587007874016
11
2.059158779527559
21
0.4176218897637795
0
LINE
8
BLACK
6
CONTINUOUS
10
2.059158779527559
20
0.4176218897637795
11
2.0568897637795276
21
0.4186321653543307
0
LINE
8
BLACK
6
CONTINUOUS
10
2.0568897637795276
20
0.4186321653543307
11
2.0558348425196851
21
0.4193985826771653
0
LINE
8
BLACK
6
CONTINUOUS
10
2.0558348425196851
20
0.4193985826771653
11
2.0548902362204724
21
0.4199035039370079
0
LINE
8
BLACK
6
CONTINUOUS
10
2.0548902362204724
20
0.4199035039370079
11
2.0529632677165353
21
0.4214848818897638
0
LINE
8
BLACK
6
CONTINUOUS
10
2.0529632677165353
20
0.4214848818897638
11
2.0507637795275588
21
0.4230829527559055
0
LINE
8
BLACK
6
CONTINUOUS
10
2.0507637795275588
20
0.4230829527559055
11
2.0500495669291339
21
0.4238761417322834
0
LINE
8
BLACK
6
CONTINUOUS
10
2.0500495669291339
20
0.4238761417322834
11
2.0494050787401576
21
0.4244050787401575
0
LINE
8
BLACK
6
CONTINUOUS
10
2.0494050787401576
20
0.4244050787401575
11
2.0476730708661415
21
0.4265154724409449
0
LINE
8
BLACK
6
CONTINUOUS
10
2.0476730708661415
20
0.4265154724409449
11
2.0456970078740158
21
0.4287101574803149
0
LINE
8
BLACK
6
CONTINUOUS
10
2.0456970078740158
20
0.4287101574803149
11
2.0452818503937009
21
0.4294291732283465
0
LINE
8
BLACK
6
CONTINUOUS
10
2.0452818503937009
20
0.4294291732283465
11
2.0449035039370078
21
0.4298902362204725
0
LINE
8
BLACK
6
CONTINUOUS
10
2.0449035039370078
20
0.4298902362204725
11
2.0435038976377951
21
0.4325087007874016
0
LINE
8
BLACK
6
CONTINUOUS
10
2.0435038976377951
20
0.4325087007874016
11
2.0419109448818897
21
0.4352677952755906
0
LINE
8
BLACK
6
CONTINUOUS
10
2.0419109448818897
20
0.4352677952755906
11
2.0417276771653543
21
0.4358317716535433
0
LINE
8
BLACK
6
CONTINUOUS
10
2.0417276771653543
20
0.4358317716535433
11
2.0415587007874016
21
0.4361479527559055
0
LINE
8
BLACK
6
CONTINUOUS
10
2.0415587007874016
20
0.4361479527559055
11
2.0406267322834646
21
0.439220157480315
0
LINE
8
BLACK
6
CONTINUOUS
10
2.0406267322834646
20
0.439220157480315
11
2.039571023622047
21
0.4424693307086614
0
LINE
8
BLACK
6
CONTINUOUS
10
2.039571023622047
20
0.4424693307086614
11
2.0395338582677165
21
0.4428227952755905
0
LINE
8
BLACK
6
CONTINUOUS
10
2.0395338582677165
20
0.4428227952755905
11
2.039498779527559
21
0.4429385039370078
0
LINE
8
BLACK
6
CONTINUOUS
10
2.039498779527559
20
0.4429385039370078
11
2.0391573228346456
21
0.4464051968503937
0
LINE
8
BLACK
6
CONTINUOUS
10
2.0391573228346456
20
0.4464051968503937
11
2.038779527559055
21
0.45
0
LINE
8
BLACK
6
CONTINUOUS
10
2.038779527559055
20
0.45
11
2.0391573622047243
21
0.4535950393700787
0
LINE
8
BLACK
6
CONTINUOUS
10
2.0391573622047243
20
0.4535950393700787
11
2.039498779527559
21
0.4570614566929134
0
LINE
8
BLACK
6
CONTINUOUS
10
2.039498779527559
20
0.4570614566929134
11
2.0395338582677165
21
0.4571770866141732
0
LINE
8
BLACK
6
CONTINUOUS
10
2.0395338582677165
20
0.4571770866141732
11
2.039571023622047
21
0.4575306692913386
0
LINE
8
BLACK
6
CONTINUOUS
10
2.039571023622047
20
0.4575306692913386
11
2.0406268897637796
21
0.4607803543307086
0
LINE
8
BLACK
6
CONTINUOUS
10
2.0406268897637796
20
0.4607803543307086
11
2.0415587007874016
21
0.4638520078740158
0
LINE
8
BLACK
6
CONTINUOUS
10
2.0415587007874016
20
0.4638520078740158
11
2.0417276377952756
21
0.4641680708661417
0
LINE
8
BLACK
6
CONTINUOUS
10
2.0417276377952756
20
0.4641680708661417
11
2.0419109448818897
21
0.4647322047244095
0
LINE
8
BLACK
6
CONTINUOUS
10
2.0419109448818897
20
0.4647322047244095
11
2.0435041732283463
21
0.4674917716535433
0
LINE
8
BLACK
6
CONTINUOUS
10
2.0435041732283463
20
0.4674917716535433
11
2.0449035039370078
21
0.4701097244094488
0
LINE
8
BLACK
6
CONTINUOUS
10
2.0449035039370078
20
0.4701097244094488
11
2.0452817716535434
21
0.4705706299212598
0
LINE
8
BLACK
6
CONTINUOUS
10
2.0452817716535434
20
0.4705706299212598
11
2.0456970078740158
21
0.471289842519685
0
LINE
8
BLACK
6
CONTINUOUS
10
2.0456970078740158
20
0.471289842519685
11
2.0476734251968502
21
0.4734848818897638
0
LINE
8
BLACK
6
CONTINUOUS
10
2.0476734251968502
20
0.4734848818897638
11
2.0494050787401576
21
0.4755948818897638
0
LINE
8
BLACK
6
CONTINUOUS
10
2.0494050787401576
20
0.4755948818897638
11
2.0500494488188976
21
0.4761237007874016
0
LINE
8
BLACK
6
CONTINUOUS
10
2.0500494488188976
20
0.4761237007874016
11
2.0507637795275588
21
0.4769170472440944
0
LINE
8
BLACK
6
CONTINUOUS
10
2.0507637795275588
20
0.4769170472440944
11
2.0529637007874015
21
0.4785153543307086
0
LINE
8
BLACK
6
CONTINUOUS
10
2.0529637007874015
20
0.4785153543307086
11
2.0548902362204724
21
0.4800964566929134
0
LINE
8
BLACK
6
CONTINUOUS
10
2.0548902362204724
20
0.4800964566929134
11
2.0558346456692913
21
0.4806012598425197
0
LINE
8
BLACK
6
CONTINUOUS
10
2.0558346456692913
20
0.4806012598425197
11
2.0568897637795276
21
0.4813678346456693
0
LINE
8
BLACK
6
CONTINUOUS
10
2.0568897637795276
20
0.4813678346456693
11
2.059159251968504
21
0.4823782677165354
0
LINE
8
BLACK
6
CONTINUOUS
10
2.059159251968504
20
0.4823782677165354
11
2.0611479527559053
21
0.4834412598425197
0
LINE
8
BLACK
6
CONTINUOUS
10
2.0611479527559053
20
0.4834412598425197
11
2.0623992913385827
21
0.4838208267716536
0
LINE
8
BLACK
6
CONTINUOUS
10
2.0623992913385827
20
0.4838208267716536
11
2.0638072440944883
21
0.4844477165354331
0
LINE
8
BLACK
6
CONTINUOUS
10
2.0638072440944883
20
0.4844477165354331
11
2.0660072834645669
21
0.4849153149606299
0
LINE
8
BLACK
6
CONTINUOUS
10
2.0660072834645669
20
0.4849153149606299
11
2.067938503937008
21
0.4855011811023622
0
LINE
8
BLACK
6
CONTINUOUS
10
2.067938503937008
20
0.4855011811023622
11
2.0694756692913385
21
0.4856525590551181
0
LINE
8
BLACK
6
CONTINUOUS
10
2.0694756692913385
20
0.4856525590551181
11
2.0712139370078742
21
0.4860220472440945
0
LINE
8
BLACK
6
CONTINUOUS
10
2.0712139370078742
20
0.4860220472440945
11
2.0732271259842521
21
0.4860220472440945
0
LINE
8
BLACK
6
CONTINUOUS
10
2.0732271259842521
20
0.4860220472440945
11
2.0749999999999997
21
0.4861966535433071
0
LINE
8
BLACK
6
CONTINUOUS
10
2.0749999999999997
20
0.4861966535433071
11
2.0767728740157478
21
0.4860220472440945
0
LINE
8
BLACK
6
CONTINUOUS
10
2.1767728740157479
20
0.4860220472440945
11
2.1787860629921258
21
0.4860220472440945
0
LINE
8
BLACK
6
CONTINUOUS
10
2.1787860629921258
20
0.4860220472440945
11
2.1805242913385827
21
0.4856525590551181
0
LINE
8
BLACK
6
CONTINUOUS
10
2.1805242913385827
20
0.4856525590551181
11
2.1820614566929133
21
0.4855011811023622
0
LINE
8
BLACK
6
CONTINUOUS
10
2.1820614566929133
20
0.4855011811023622
11
2.1839925196850394
21
0.4849153543307086
0
LINE
8
BLACK
6
CONTINUOUS
10
2.1839925196850394
20
0.4849153543307086
11
2.1861927559055117
21
0.4844477165354331
0
LINE
8
BLACK
6
CONTINUOUS
10
2.1861927559055117
20
0.4844477165354331
11
2.1876007480314961
21
0.4838207874015748
0
LINE
8
BLACK
6
CONTINUOUS
10
2.1876007480314961
20
0.4838207874015748
11
2.1888520078740159
21
0.4834412598425197
0
LINE
8
BLACK
6
CONTINUOUS
10
2.1888520078740159
20
0.4834412598425197
11
2.1908404724409447
21
0.4823783858267716
0
LINE
8
BLACK
6
CONTINUOUS
10
2.1908404724409447
20
0.4823783858267716
11
2.1931102362204724
21
0.4813678346456693
0
LINE
8
BLACK
6
CONTINUOUS
10
2.1931102362204724
20
0.4813678346456693
11
2.1941654330708662
21
0.4806011811023622
0
LINE
8
BLACK
6
CONTINUOUS
10
2.1941654330708662
20
0.4806011811023622
11
2.1951097244094488
21
0.4800964566929134
0
LINE
8
BLACK
6
CONTINUOUS
10
2.1951097244094488
20
0.4800964566929134
11
2.1970359055118109
21
0.4785156299212598
0
LINE
8
BLACK
6
CONTINUOUS
10
2.1970359055118109
20
0.4785156299212598
11
2.1992362204724407
21
0.4769170472440944
0
LINE
8
BLACK
6
CONTINUOUS
10
2.1992362204724407
20
0.4769170472440944
11
2.1999506299212599
21
0.4761235826771654
0
LINE
8
BLACK
6
CONTINUOUS
10
2.1999506299212599
20
0.4761235826771654
11
2.2005948818897636
21
0.4755948818897638
0
LINE
8
BLACK
6
CONTINUOUS
10
2.2005948818897636
20
0.4755948818897638
11
2.202326062992126
21
0.4734853937007874
0
LINE
8
BLACK
6
CONTINUOUS
10
2.202326062992126
20
0.4734853937007874
11
2.2043029921259842
21
0.471289842519685
0
LINE
8
BLACK
6
CONTINUOUS
10
2.2043029921259842
20
0.471289842519685
11
2.2047182677165353
21
0.4705704724409449
0
LINE
8
BLACK
6
CONTINUOUS
10
2.2047182677165353
20
0.4705704724409449
11
2.2050964566929134
21
0.4701097244094488
0
LINE
8
BLACK
6
CONTINUOUS
10
2.2050964566929134
20
0.4701097244094488
11
2.2064952755905511
21
0.4674926771653543
0
LINE
8
BLACK
6
CONTINUOUS
10
2.2064952755905511
20
0.4674926771653543
11
2.2080890551181103
21
0.4647322047244095
0
LINE
8
BLACK
6
CONTINUOUS
10
2.2080890551181103
20
0.4647322047244095
11
2.2082724015748032
21
0.4641679133858267
0
LINE
8
BLACK
6
CONTINUOUS
10
2.2082724015748032
20
0.4641679133858267
11
2.2084412598425196
21
0.4638520078740158
0
LINE
8
BLACK
6
CONTINUOUS
10
2.2084412598425196
20
0.4638520078740158
11
2.2093724803149604
21
0.4607822047244094
0
LINE
8
BLACK
6
CONTINUOUS
10
2.2093724803149604
20
0.4607822047244094
11
2.2104289763779525
21
0.4575306692913386
0
LINE
8
BLACK
6
CONTINUOUS
10
2.2104289763779525
20
0.4575306692913386
11
2.2104661417322835
21
0.4571768897637795
0
LINE
8
BLACK
6
CONTINUOUS
10
2.2104661417322835
20
0.4571768897637795
11
2.2105011811023623
21
0.4570614566929134
0
LINE
8
BLACK
6
CONTINUOUS
10
2.2105011811023623
20
0.4570614566929134
11
2.2108419685039369
21
0.4536009842519685
0
LINE
8
BLACK
6
CONTINUOUS
10
2.2108419685039369
20
0.4536009842519685
11
2.211220472440945
21
0.45
0
LINE
8
BLACK
6
CONTINUOUS
10
2.211220472440945
20
0.45
11
2.2108420078740156
21
0.4463992519685039
0
LINE
8
BLACK
6
CONTINUOUS
10
2.2108420078740156
20
0.4463992519685039
11
2.2105011811023623
21
0.4429385039370078
0
LINE
8
BLACK
6
CONTINUOUS
10
2.2105011811023623
20
0.4429385039370078
11
2.2104661417322835
21
0.4428229921259842
0
LINE
8
BLACK
6
CONTINUOUS
10
2.2104661417322835
20
0.4428229921259842
11
2.2104289763779525
21
0.4424693307086614
0
LINE
8
BLACK
6
CONTINUOUS
10
2.2104289763779525
20
0.4424693307086614
11
2.2093726377952754
21
0.4392183070866142
0
LINE
8
BLACK
6
CONTINUOUS
10
2.2093726377952754
20
0.4392183070866142
11
2.2084412598425196
21
0.4361479527559055
0
LINE
8
BLACK
6
CONTINUOUS
10
2.2084412598425196
20
0.4361479527559055
11
2.2082723622047244
21
0.435831968503937
0
LINE
8
BLACK
6
CONTINUOUS
10
2.2082723622047244
20
0.435831968503937
11
2.2080890551181103
21
0.4352677952755906
0
LINE
8
BLACK
6
CONTINUOUS
10
2.2080890551181103
20
0.4352677952755906
11
2.2064955511811024
21
0.4325077559055118
0
LINE
8
BLACK
6
CONTINUOUS
10
2.2064955511811024
20
0.4325077559055118
11
2.2050964566929134
21
0.4298902362204725
0
LINE
8
BLACK
6
CONTINUOUS
10
2.2050964566929134
20
0.4298902362204725
11
2.2047181889763778
21
0.4294293307086614
0
LINE
8
BLACK
6
CONTINUOUS
10
2.2047181889763778
20
0.4294293307086614
11
2.2043029921259842
21
0.4287101574803149
0
LINE
8
BLACK
6
CONTINUOUS
10
2.2043029921259842
20
0.4287101574803149
11
2.2023264566929135
21
0.426515
0
LINE
8
BLACK
6
CONTINUOUS
10
2.2023264566929135
20
0.426515
11
2.2005948818897636
21
0.4244050787401575
0
LINE
8
BLACK
6
CONTINUOUS
10
2.2005948818897636
20
0.4244050787401575
11
2.1999505118110236
21
0.4238762598425197
0
LINE
8
BLACK
6
CONTINUOUS
10
2.1999505118110236
20
0.4238762598425197
11
2.1992362204724407
21
0.4230829527559055
0
LINE
8
BLACK
6
CONTINUOUS
10
2.1992362204724407
20
0.4230829527559055
11
2.1970363385826772
21
0.4214846456692913
0
LINE
8
BLACK
6
CONTINUOUS
10
2.1970363385826772
20
0.4214846456692913
11
2.1951097244094488
21
0.4199035039370079
0
LINE
8
BLACK
6
CONTINUOUS
10
2.1951097244094488
20
0.4199035039370079
11
2.1941651968503937
21
0.4193986614173228
0
LINE
8
BLACK
6
CONTINUOUS
10
2.1941651968503937
20
0.4193986614173228
11
2.1931102362204724
21
0.4186321653543307
0
LINE
8
BLACK
6
CONTINUOUS
10
2.1931102362204724
20
0.4186321653543307
11
2.1908409448818897
21
0.4176217716535433
0
LINE
8
BLACK
6
CONTINUOUS
10
2.1908409448818897
20
0.4176217716535433
11
2.1888520078740159
21
0.4165587007874016
0
LINE
8
BLACK
6
CONTINUOUS
10
2.1888520078740159
20
0.4165587007874016
11
2.1876004724409448
21
0.4161790157480315
0
LINE
8
BLACK
6
CONTINUOUS
10
2.1876004724409448
20
0.4161790157480315
11
2.1861927559055117
21
0.4155522834645669
0
LINE
8
BLACK
6
CONTINUOUS
10
2.1861927559055117
20
0.4155522834645669
11
2.1839929527559057
21
0.4150846850393701
0
LINE
8
BLACK
6
CONTINUOUS
10
2.1839929527559057
20
0.4150846850393701
11
2.1820614566929133
21
0.414498779527559
0
LINE
8
BLACK
6
CONTINUOUS
10
2.1820614566929133
20
0.414498779527559
11
2.1805239763779527
21
0.4143473228346456
0
LINE
8
BLACK
6
CONTINUOUS
10
2.1805239763779527
20
0.4143473228346456
11
2.1787860629921258
21
0.4139779527559055
0
LINE
8
BLACK
6
CONTINUOUS
10
2.1787860629921258
20
0.4139779527559055
11
2.1767732677165355
21
0.4139779527559055
0
LINE
8
BLACK
6
CONTINUOUS
10
2.1767732677165355
20
0.4139779527559055
11
2.1749999999999998
21
0.4138033070866142
0
LINE
8
BLACK
6
CONTINUOUS
10
2.1749999999999998
20
0.4138033070866142
11
2.1732267322834646
21
0.4139779527559055
0
LINE
8
BLACK
6
CONTINUOUS
10
2.1732267322834646
20
0.4139779527559055
11
2.1712139370078738
21
0.4139779527559055
0
LINE
8
BLACK
6
CONTINUOUS
10
2.1712139370078738
20
0.4139779527559055
11
2.1694760236220474
21
0.4143473228346456
0
LINE
8
BLACK
6
CONTINUOUS
10
2.1694760236220474
20
0.4143473228346456
11
2.167938503937008
21
0.414498779527559
0
LINE
8
BLACK
6
CONTINUOUS
10
2.167938503937008
20
0.414498779527559
11
2.1660068503937007
21
0.4150847244094488
0
LINE
8
BLACK
6
CONTINUOUS
10
2.1660068503937007
20
0.4150847244094488
11
2.163807244094488
21
0.4155522834645669
0
LINE
8
BLACK
6
CONTINUOUS
10
2.163807244094488
20
0.4155522834645669
11
2.1623995669291336
21
0.4161789763779528
0
LINE
8
BLACK
6
CONTINUOUS
10
2.1623995669291336
20
0.4161789763779528
11
2.1611479527559054
21
0.4165587007874016
0
LINE
8
BLACK
6
CONTINUOUS
10
2.1611479527559054
20
0.4165587007874016
11
2.1591587795275591
21
0.4176218897637795
0
LINE
8
BLACK
6
CONTINUOUS
10
2.1591587795275591
20
0.4176218897637795
11
2.1568897637795277
21
0.4186321653543307
0
LINE
8
BLACK
6
CONTINUOUS
10
2.1568897637795277
20
0.4186321653543307
11
2.1558348425196852
21
0.4193985826771653
0
LINE
8
BLACK
6
CONTINUOUS
10
2.1558348425196852
20
0.4193985826771653
11
2.1548902362204725
21
0.4199035039370079
0
LINE
8
BLACK
6
CONTINUOUS
10
2.1548902362204725
20
0.4199035039370079
11
2.1529632677165353
21
0.4214848818897638
0
LINE
8
BLACK
6
CONTINUOUS
10
2.1529632677165353
20
0.4214848818897638
11
2.1507637795275589
21
0.4230829527559055
0
LINE
8
BLACK
6
CONTINUOUS
10
2.1507637795275589
20
0.4230829527559055
11
2.150049566929134
21
0.4238761417322834
0
LINE
8
BLACK
6
CONTINUOUS
10
2.150049566929134
20
0.4238761417322834
11
2.1494050787401573
21
0.4244050787401575
0
LINE
8
BLACK
6
CONTINUOUS
10
2.1494050787401573
20
0.4244050787401575
11
2.1476730708661416
21
0.4265154724409449
0
LINE
8
BLACK
6
CONTINUOUS
10
2.1476730708661416
20
0.4265154724409449
11
2.1456970078740158
21
0.4287101574803149
0
LINE
8
BLACK
6
CONTINUOUS
10
2.1456970078740158
20
0.4287101574803149
11
2.1452818503937006
21
0.4294291732283465
0
LINE
8
BLACK
6
CONTINUOUS
10
2.1452818503937006
20
0.4294291732283465
11
2.1449035039370079
21
0.4298902362204725
0
LINE
8
BLACK
6
CONTINUOUS
10
2.1449035039370079
20
0.4298902362204725
11
2.1435038976377951
21
0.4325087007874016
0
LINE
8
BLACK
6
CONTINUOUS
10
2.1435038976377951
20
0.4325087007874016
11
2.1419109448818898
21
0.4352677952755906
0
LINE
8
BLACK
6
CONTINUOUS
10
2.1419109448818898
20
0.4352677952755906
11
2.1417276771653544
21
0.4358317716535433
0
LINE
8
BLACK
6
CONTINUOUS
10
2.1417276771653544
20
0.4358317716535433
11
2.1415587007874017
21
0.4361479527559055
0
LINE
8
BLACK
6
CONTINUOUS
10
2.1415587007874017
20
0.4361479527559055
11
2.1406267322834647
21
0.439220157480315
0
LINE
8
BLACK
6
CONTINUOUS
10
2.1406267322834647
20
0.439220157480315
11
2.1395710236220471
21
0.4424693307086614
0
LINE
8
BLACK
6
CONTINUOUS
10
2.1395710236220471
20
0.4424693307086614
11
2.1395338582677166
21
0.4428227952755905
0
LINE
8
BLACK
6
CONTINUOUS
10
2.1395338582677166
20
0.4428227952755905
11
2.1394987795275591
21
0.4429385039370078
0
LINE
8
BLACK
6
CONTINUOUS
10
2.1394987795275591
20
0.4429385039370078
11
2.1391573228346457
21
0.4464051968503937
0
LINE
8
BLACK
6
CONTINUOUS
10
2.1391573228346457
20
0.4464051968503937
11
2.1387795275590551
21
0.45
0
LINE
8
BLACK
6
CONTINUOUS
10
2.1387795275590551
20
0.45
11
2.1391573622047244
21
0.4535950393700787
0
LINE
8
BLACK
6
CONTINUOUS
10
2.1391573622047244
20
0.4535950393700787
11
2.1394987795275591
21
0.4570614566929134
0
LINE
8
BLACK
6
CONTINUOUS
10
2.1394987795275591
20
0.4570614566929134
11
2.1395338582677166
21
0.4571770866141732
0
LINE
8
BLACK
6
CONTINUOUS
10
2.1395338582677166
20
0.4571770866141732
11
2.1395710236220471
21
0.4575306692913386
0
LINE
8
BLACK
6
CONTINUOUS
10
2.1395710236220471
20
0.4575306692913386
11
2.1406268897637797
21
0.4607803543307086
0
LINE
8
BLACK
6
CONTINUOUS
10
2.1406268897637797
20
0.4607803543307086
11
2.1415587007874017
21
0.4638520078740158
0
LINE
8
BLACK
6
CONTINUOUS
10
2.1415587007874017
20
0.4638520078740158
11
2.1417276377952756
21
0.4641680708661417
0
LINE
8
BLACK
6
CONTINUOUS
10
2.1417276377952756
20
0.4641680708661417
11
2.1419109448818898
21
0.4647322047244095
0
LINE
8
BLACK
6
CONTINUOUS
10
2.1419109448818898
20
0.4647322047244095
11
2.1435041732283464
21
0.4674917716535433
0
LINE
8
BLACK
6
CONTINUOUS
10
2.1435041732283464
20
0.4674917716535433
11
2.1449035039370079
21
0.4701097244094488
0
LINE
8
BLACK
6
CONTINUOUS
10
2.1449035039370079
20
0.4701097244094488
11
2.1452817716535431
21
0.4705706299212598
0
LINE
8
BLACK
6
CONTINUOUS
10
2.1452817716535431
20
0.4705706299212598
11
2.1456970078740158
21
0.471289842519685
0
LINE
8
BLACK
6
CONTINUOUS
10
2.1456970078740158
20
0.471289842519685
11
2.1476734251968503
21
0.4734848818897638
0
LINE
8
BLACK
6
CONTINUOUS
10
2.1476734251968503
20
0.4734848818897638
11
2.1494050787401573
21
0.4755948818897638
0
LINE
8
BLACK
6
CONTINUOUS
10
2.1494050787401573
20
0.4755948818897638
11
2.1500494488188977
21
0.4761237007874016
0
LINE
8
BLACK
6
CONTINUOUS
10
2.1500494488188977
20
0.4761237007874016
11
2.1507637795275589
21
0.4769170472440944
0
LINE
8
BLACK
6
CONTINUOUS
10
2.1507637795275589
20
0.4769170472440944
11
2.1529637007874016
21
0.4785153543307086
0
LINE
8
BLACK
6
CONTINUOUS
10
2.1529637007874016
20
0.4785153543307086
11
2.1548902362204725
21
0.4800964566929134
0
LINE
8
BLACK
6
CONTINUOUS
10
2.1548902362204725
20
0.4800964566929134
11
2.1558346456692914
21
0.4806012598425197
0
LINE
8
BLACK
6
CONTINUOUS
10
2.1558346456692914
20
0.4806012598425197
11
2.1568897637795277
21
0.4813678346456693
0
LINE
8
BLACK
6
CONTINUOUS
10
2.1568897637795277
20
0.4813678346456693
11
2.1591592519685037
21
0.4823782677165354
0
LINE
8
BLACK
6
CONTINUOUS
10
2.1591592519685037
20
0.4823782677165354
11
2.1611479527559054
21
0.4834412598425197
0
LINE
8
BLACK
6
CONTINUOUS
10
2.1611479527559054
20
0.4834412598425197
11
2.1623992913385828
21
0.4838208267716536
0
LINE
8
BLACK
6
CONTINUOUS
10
2.1623992913385828
20
0.4838208267716536
11
2.163807244094488
21
0.4844477165354331
0
LINE
8
BLACK
6
CONTINUOUS
10
2.163807244094488
20
0.4844477165354331
11
2.1660072834645669
21
0.4849153149606299
0
LINE
8
BLACK
6
CONTINUOUS
10
2.1660072834645669
20
0.4849153149606299
11
2.167938503937008
21
0.4855011811023622
0
LINE
8
BLACK
6
CONTINUOUS
10
2.167938503937008
20
0.4855011811023622
11
2.1694756692913386
21
0.4856525590551181
0
LINE
8
BLACK
6
CONTINUOUS
10
2.1694756692913386
20
0.4856525590551181
11
2.1712139370078738
21
0.4860220472440945
0
LINE
8
BLACK
6
CONTINUOUS
10
2.1712139370078738
20
0.4860220472440945
11
2.1732271259842517
21
0.4860220472440945
0
LINE
8
BLACK
6
CONTINUOUS
10
2.1732271259842517
20
0.4860220472440945
11
2.1749999999999998
21
0.4861966535433071
0
LINE
8
BLACK
6
CONTINUOUS
10
2.1749999999999998
20
0.4861966535433071
11
2.1767728740157479
21
0.4860220472440945
0
LINE
8
BLACK
6
CONTINUOUS
10
2.276772874015748
20
0.4860220472440945
11
2.2787860629921259
21
0.4860220472440945
0
LINE
8
BLACK
6
CONTINUOUS
10
2.2787860629921259
20
0.4860220472440945
11
2.2805242913385828
21
0.4856525590551181
0
LINE
8
BLACK
6
CONTINUOUS
10
2.2805242913385828
20
0.4856525590551181
11
2.2820614566929134
21
0.4855011811023622
0
LINE
8
BLACK
6
CONTINUOUS
10
2.2820614566929134
20
0.4855011811023622
11
2.2839925196850395
21
0.4849153543307086
0
LINE
8
BLACK
6
CONTINUOUS
10
2.2839925196850395
20
0.4849153543307086
11
2.2861927559055117
21
0.4844477165354331
0
LINE
8
BLACK
6
CONTINUOUS
10
2.2861927559055117
20
0.4844477165354331
11
2.2876007480314962
21
0.4838207874015748
0
LINE
8
BLACK
6
CONTINUOUS
10
2.2876007480314962
20
0.4838207874015748
11
2.2888520078740155
21
0.4834412598425197
0
LINE
8
BLACK
6
CONTINUOUS
10
2.2888520078740155
20
0.4834412598425197
11
2.2908404724409448
21
0.4823783858267716
0
LINE
8
BLACK
6
CONTINUOUS
10
2.2908404724409448
20
0.4823783858267716
11
2.2931102362204725
21
0.4813678346456693
0
LINE
8
BLACK
6
CONTINUOUS
10
2.2931102362204725
20
0.4813678346456693
11
2.2941654330708663
21
0.4806011811023622
0
LINE
8
BLACK
6
CONTINUOUS
10
2.2941654330708663
20
0.4806011811023622
11
2.2951097244094489
21
0.4800964566929134
0
LINE
8
BLACK
6
CONTINUOUS
10
2.2951097244094489
20
0.4800964566929134
11
2.297035905511811
21
0.4785156299212598
0
LINE
8
BLACK
6
CONTINUOUS
10
2.297035905511811
20
0.4785156299212598
11
2.2992362204724408
21
0.4769170472440944
0
LINE
8
BLACK
6
CONTINUOUS
10
2.2992362204724408
20
0.4769170472440944
11
2.29995062992126
21
0.4761235826771654
0
LINE
8
BLACK
6
CONTINUOUS
10
2.29995062992126
20
0.4761235826771654
11
2.3005948818897637
21
0.4755948818897638
0
LINE
8
BLACK
6
CONTINUOUS
10
2.3005948818897637
20
0.4755948818897638
11
2.3023260629921261
21
0.4734853937007874
0
LINE
8
BLACK
6
CONTINUOUS
10
2.3023260629921261
20
0.4734853937007874
11
2.3043029921259843
21
0.471289842519685
0
LINE
8
BLACK
6
CONTINUOUS
10
2.3043029921259843
20
0.471289842519685
11
2.3047182677165354
21
0.4705704724409449
0
LINE
8
BLACK
6
CONTINUOUS
10
2.3047182677165354
20
0.4705704724409449
11
2.3050964566929135
21
0.4701097244094488
0
LINE
8
BLACK
6
CONTINUOUS
10
2.3050964566929135
20
0.4701097244094488
11
2.3064952755905512
21
0.4674926771653543
0
LINE
8
BLACK
6
CONTINUOUS
10
2.3064952755905512
20
0.4674926771653543
11
2.3080890551181104
21
0.4647322047244095
0
LINE
8
BLACK
6
CONTINUOUS
10
2.3080890551181104
20
0.4647322047244095
11
2.3082724015748033
21
0.4641679133858267
0
LINE
8
BLACK
6
CONTINUOUS
10
2.3082724015748033
20
0.4641679133858267
11
2.3084412598425197
21
0.4638520078740158
0
LINE
8
BLACK
6
CONTINUOUS
10
2.3084412598425197
20
0.4638520078740158
11
2.3093724803149605
21
0.4607822047244094
0
LINE
8
BLACK
6
CONTINUOUS
10
2.3093724803149605
20
0.4607822047244094
11
2.3104289763779526
21
0.4575306692913386
0
LINE
8
BLACK
6
CONTINUOUS
10
2.3104289763779526
20
0.4575306692913386
11
2.3104661417322836
21
0.4571768897637795
0
LINE
8
BLACK
6
CONTINUOUS
10
2.3104661417322836
20
0.4571768897637795
11
2.3105011811023624
21
0.4570614566929134
0
LINE
8
BLACK
6
CONTINUOUS
10
2.3105011811023624
20
0.4570614566929134
11
2.310841968503937
21
0.4536009842519685
0
LINE
8
BLACK
6
CONTINUOUS
10
2.310841968503937
20
0.4536009842519685
11
2.3112204724409446
21
0.45
0
LINE
8
BLACK
6
CONTINUOUS
10
2.3112204724409446
20
0.45
11
2.3108420078740157
21
0.4463992519685039
0
LINE
8
BLACK
6
CONTINUOUS
10
2.3108420078740157
20
0.4463992519685039
11
2.3105011811023624
21
0.4429385039370078
0
LINE
8
BLACK
6
CONTINUOUS
10
2.3105011811023624
20
0.4429385039370078
11
2.3104661417322836
21
0.4428229921259842
0
LINE
8
BLACK
6
CONTINUOUS
10
2.3104661417322836
20
0.4428229921259842
11
2.3104289763779526
21
0.4424693307086614
0
LINE
8
BLACK
6
CONTINUOUS
10
2.3104289763779526
20
0.4424693307086614
11
2.3093726377952755
21
0.4392183070866142
0
LINE
8
BLACK
6
CONTINUOUS
10
2.3093726377952755
20
0.4392183070866142
11
2.3084412598425197
21
0.4361479527559055
0
LINE
8
BLACK
6
CONTINUOUS
10
2.3084412598425197
20
0.4361479527559055
11
2.3082723622047245
21
0.435831968503937
0
LINE
8
BLACK
6
CONTINUOUS
10
2.3082723622047245
20
0.435831968503937
11
2.3080890551181104
21
0.4352677952755906
0
LINE
8
BLACK
6
CONTINUOUS
10
2.3080890551181104
20
0.4352677952755906
11
2.3064955511811025
21
0.4325077559055118
0
LINE
8
BLACK
6
CONTINUOUS
10
2.3064955511811025
20
0.4325077559055118
11
2.3050964566929135
21
0.4298902362204725
0
LINE
8
BLACK
6
CONTINUOUS
10
2.3050964566929135
20
0.4298902362204725
11
2.3047181889763779
21
0.4294293307086614
0
LINE
8
BLACK
6
CONTINUOUS
10
2.3047181889763779
20
0.4294293307086614
11
2.3043029921259843
21
0.4287101574803149
0
LINE
8
BLACK
6
CONTINUOUS
10
2.3043029921259843
20
0.4287101574803149
11
2.3023264566929131
21
0.426515
0
LINE
8
BLACK
6
CONTINUOUS
10
2.3023264566929131
20
0.426515
11
2.3005948818897637
21
0.4244050787401575
0
LINE
8
BLACK
6
CONTINUOUS
10
2.3005948818897637
20
0.4244050787401575
11
2.2999505118110237
21
0.4238762598425197
0
LINE
8
BLACK
6
CONTINUOUS
10
2.2999505118110237
20
0.4238762598425197
11
2.2992362204724408
21
0.4230829527559055
0
LINE
8
BLACK
6
CONTINUOUS
10
2.2992362204724408
20
0.4230829527559055
11
2.2970363385826773
21
0.4214846456692913
0
LINE
8
BLACK
6
CONTINUOUS
10
2.2970363385826773
20
0.4214846456692913
11
2.2951097244094489
21
0.4199035039370079
0
LINE
8
BLACK
6
CONTINUOUS
10
2.2951097244094489
20
0.4199035039370079
11
2.2941651968503938
21
0.4193986614173228
0
LINE
8
BLACK
6
CONTINUOUS
10
2.2941651968503938
20
0.4193986614173228
11
2.2931102362204725
21
0.4186321653543307
0
LINE
8
BLACK
6
CONTINUOUS
10
2.2931102362204725
20
0.4186321653543307
11
2.2908409448818898
21
0.4176217716535433
0
LINE
8
BLACK
6
CONTINUOUS
10
2.2908409448818898
20
0.4176217716535433
11
2.2888520078740155
21
0.4165587007874016
0
LINE
8
BLACK
6
CONTINUOUS
10
2.2888520078740155
20
0.4165587007874016
11
2.2876004724409449
21
0.4161790157480315
0
LINE
8
BLACK
6
CONTINUOUS
10
2.2876004724409449
20
0.4161790157480315
11
2.2861927559055117
21
0.4155522834645669
0
LINE
8
BLACK
6
CONTINUOUS
10
2.2861927559055117
20
0.4155522834645669
11
2.2839929527559053
21
0.4150846850393701
0
LINE
8
BLACK
6
CONTINUOUS
10
2.2839929527559053
20
0.4150846850393701
11
2.2820614566929134
21
0.414498779527559
0
LINE
8
BLACK
6
CONTINUOUS
10
2.2820614566929134
20
0.414498779527559
11
2.2805239763779528
21
0.4143473228346456
0
LINE
8
BLACK
6
CONTINUOUS
10
2.2805239763779528
20
0.4143473228346456
11
2.2787860629921259
21
0.4139779527559055
0
LINE
8
BLACK
6
CONTINUOUS
10
2.2787860629921259
20
0.4139779527559055
11
2.2767732677165355
21
0.4139779527559055
0
LINE
8
BLACK
6
CONTINUOUS
10
2.2767732677165355
20
0.4139779527559055
11
2.2749999999999999
21
0.4138033070866142
0
LINE
8
BLACK
6
CONTINUOUS
10
2.2749999999999999
20
0.4138033070866142
11
2.2732267322834647
21
0.4139779527559055
0
LINE
8
BLACK
6
CONTINUOUS
10
2.2732267322834647
20
0.4139779527559055
11
2.2712139370078739
21
0.4139779527559055
0
LINE
8
BLACK
6
CONTINUOUS
10
2.2712139370078739
20
0.4139779527559055
11
2.269476023622047
21
0.4143473228346456
0
LINE
8
BLACK
6
CONTINUOUS
10
2.269476023622047
20
0.4143473228346456
11
2.2679385039370077
21
0.414498779527559
0
LINE
8
BLACK
6
CONTINUOUS
10
2.2679385039370077
20
0.414498779527559
11
2.2660068503937008
21
0.4150847244094488
0
LINE
8
BLACK
6
CONTINUOUS
10
2.2660068503937008
20
0.4150847244094488
11
2.2638072440944881
21
0.4155522834645669
0
LINE
8
BLACK
6
CONTINUOUS
10
2.2638072440944881
20
0.4155522834645669
11
2.2623995669291337
21
0.4161789763779528
0
LINE
8
BLACK
6
CONTINUOUS
10
2.2623995669291337
20
0.4161789763779528
11
2.2611479527559055
21
0.4165587007874016
0
LINE
8
BLACK
6
CONTINUOUS
10
2.2611479527559055
20
0.4165587007874016
11
2.2591587795275592
21
0.4176218897637795
0
LINE
8
BLACK
6
CONTINUOUS
10
2.2591587795275592
20
0.4176218897637795
11
2.2568897637795273
21
0.4186321653543307
0
LINE
8
BLACK
6
CONTINUOUS
10
2.2568897637795273
20
0.4186321653543307
11
2.2558348425196848
21
0.4193985826771653
0
LINE
8
BLACK
6
CONTINUOUS
10
2.2558348425196848
20
0.4193985826771653
11
2.2548902362204726
21
0.4199035039370079
0
LINE
8
BLACK
6
CONTINUOUS
10
2.2548902362204726
20
0.4199035039370079
11
2.2529632677165354
21
0.4214848818897638
0
LINE
8
BLACK
6
CONTINUOUS
10
2.2529632677165354
20
0.4214848818897638
11
2.250763779527559
21
0.4230829527559055
0
LINE
8
BLACK
6
CONTINUOUS
10
2.250763779527559
20
0.4230829527559055
11
2.2500495669291336
21
0.4238761417322834
0
LINE
8
BLACK
6
CONTINUOUS
10
2.2500495669291336
20
0.4238761417322834
11
2.2494050787401574
21
0.4244050787401575
0
LINE
8
BLACK
6
CONTINUOUS
10
2.2494050787401574
20
0.4244050787401575
11
2.2476730708661417
21
0.4265154724409449
0
LINE
8
BLACK
6
CONTINUOUS
10
2.2476730708661417
20
0.4265154724409449
11
2.2456970078740155
21
0.4287101574803149
0
LINE
8
BLACK
6
CONTINUOUS
10
2.2456970078740155
20
0.4287101574803149
11
2.2452818503937007
21
0.4294291732283465
0
LINE
8
BLACK
6
CONTINUOUS
10
2.2452818503937007
20
0.4294291732283465
11
2.244903503937008
21
0.4298902362204725
0
LINE
8
BLACK
6
CONTINUOUS
10
2.244903503937008
20
0.4298902362204725
11
2.2435038976377952
21
0.4325087007874016
0
LINE
8
BLACK
6
CONTINUOUS
10
2.2435038976377952
20
0.4325087007874016
11
2.2419109448818899
21
0.4352677952755906
0
LINE
8
BLACK
6
CONTINUOUS
10
2.2419109448818899
20
0.4352677952755906
11
2.2417276771653545
21
0.4358317716535433
0
LINE
8
BLACK
6
CONTINUOUS
10
2.2417276771653545
20
0.4358317716535433
11
2.2415587007874014
21
0.4361479527559055
0
LINE
8
BLACK
6
CONTINUOUS
10
2.2415587007874014
20
0.4361479527559055
11
2.2406267322834643
21
0.439220157480315
0
LINE
8
BLACK
6
CONTINUOUS
10
2.2406267322834643
20
0.439220157480315
11
2.2395710236220472
21
0.4424693307086614
0
LINE
8
BLACK
6
CONTINUOUS
10
2.2395710236220472
20
0.4424693307086614
11
2.2395338582677167
21
0.4428227952755905
0
LINE
8
BLACK
6
CONTINUOUS
10
2.2395338582677167
20
0.4428227952755905
11
2.2394987795275592
21
0.4429385039370078
0
LINE
8
BLACK
6
CONTINUOUS
10
2.2394987795275592
20
0.4429385039370078
11
2.2391573228346457
21
0.4464051968503937
0
LINE
8
BLACK
6
CONTINUOUS
10
2.2391573228346457
20
0.4464051968503937
11
2.2387795275590552
21
0.45
0
LINE
8
BLACK
6
CONTINUOUS
10
2.2387795275590552
20
0.45
11
2.2391573622047245
21
0.4535950393700787
0
LINE
8
BLACK
6
CONTINUOUS
10
2.2391573622047245
20
0.4535950393700787
11
2.2394987795275592
21
0.4570614566929134
0
LINE
8
BLACK
6
CONTINUOUS
10
2.2394987795275592
20
0.4570614566929134
11
2.2395338582677167
21
0.4571770866141732
0
LINE
8
BLACK
6
CONTINUOUS
10
2.2395338582677167
20
0.4571770866141732
11
2.2395710236220472
21
0.4575306692913386
0
LINE
8
BLACK
6
CONTINUOUS
10
2.2395710236220472
20
0.4575306692913386
11
2.2406268897637793
21
0.4607803543307086
0
LINE
8
BLACK
6
CONTINUOUS
10
2.2406268897637793
20
0.4607803543307086
11
2.2415587007874014
21
0.4638520078740158
0
LINE
8
BLACK
6
CONTINUOUS
10
2.2415587007874014
20
0.4638520078740158
11
2.2417276377952757
21
0.4641680708661417
0
LINE
8
BLACK
6
CONTINUOUS
10
2.2417276377952757
20
0.4641680708661417
11
2.2419109448818899
21
0.4647322047244095
0
LINE
8
BLACK
6
CONTINUOUS
10
2.2419109448818899
20
0.4647322047244095
11
2.2435041732283465
21
0.4674917716535433
0
LINE
8
BLACK
6
CONTINUOUS
10
2.2435041732283465
20
0.4674917716535433
11
2.244903503937008
21
0.4701097244094488
0
LINE
8
BLACK
6
CONTINUOUS
10
2.244903503937008
20
0.4701097244094488
11
2.2452817716535431
21
0.4705706299212598
0
LINE
8
BLACK
6
CONTINUOUS
10
2.2452817716535431
20
0.4705706299212598
11
2.2456970078740155
21
0.471289842519685
0
LINE
8
BLACK
6
CONTINUOUS
10
2.2456970078740155
20
0.471289842519685
11
2.2476734251968504
21
0.4734848818897638
0
LINE
8
BLACK
6
CONTINUOUS
10
2.2476734251968504
20
0.4734848818897638
11
2.2494050787401574
21
0.4755948818897638
0
LINE
8
BLACK
6
CONTINUOUS
10
2.2494050787401574
20
0.4755948818897638
11
2.2500494488188978
21
0.4761237007874016
0
LINE
8
BLACK
6
CONTINUOUS
10
2.2500494488188978
20
0.4761237007874016
11
2.250763779527559
21
0.4769170472440944
0
LINE
8
BLACK
6
CONTINUOUS
10
2.250763779527559
20
0.4769170472440944
11
2.2529637007874017
21
0.4785153543307086
0
LINE
8
BLACK
6
CONTINUOUS
10
2.2529637007874017
20
0.4785153543307086
11
2.2548902362204726
21
0.4800964566929134
0
LINE
8
BLACK
6
CONTINUOUS
10
2.2548902362204726
20
0.4800964566929134
11
2.2558346456692915
21
0.4806012598425197
0
LINE
8
BLACK
6
CONTINUOUS
10
2.2558346456692915
20
0.4806012598425197
11
2.2568897637795273
21
0.4813678346456693
0
LINE
8
BLACK
6
CONTINUOUS
10
2.2568897637795273
20
0.4813678346456693
11
2.2591592519685038
21
0.4823782677165354
0
LINE
8
BLACK
6
CONTINUOUS
10
2.2591592519685038
20
0.4823782677165354
11
2.2611479527559055
21
0.4834412598425197
0
LINE
8
BLACK
6
CONTINUOUS
10
2.2611479527559055
20
0.4834412598425197
11
2.2623992913385824
21
0.4838208267716536
0
LINE
8
BLACK
6
CONTINUOUS
10
2.2623992913385824
20
0.4838208267716536
11
2.2638072440944881
21
0.4844477165354331
0
LINE
8
BLACK
6
CONTINUOUS
10
2.2638072440944881
20
0.4844477165354331
11
2.266007283464567
21
0.4849153149606299
0
LINE
8
BLACK
6
CONTINUOUS
10
2.266007283464567
20
0.4849153149606299
11
2.2679385039370077
21
0.4855011811023622
0
LINE
8
BLACK
6
CONTINUOUS
10
2.2679385039370077
20
0.4855011811023622
11
2.2694756692913387
21
0.4856525590551181
0
LINE
8
BLACK
6
CONTINUOUS
10
2.2694756692913387
20
0.4856525590551181
11
2.2712139370078739
21
0.4860220472440945
0
LINE
8
BLACK
6
CONTINUOUS
10
2.2712139370078739
20
0.4860220472440945
11
2.2732271259842518
21
0.4860220472440945
0
LINE
8
BLACK
6
CONTINUOUS
10
2.2732271259842518
20
0.4860220472440945
11
2.2749999999999999
21
0.4861966535433071
0
LINE
8
BLACK
6
CONTINUOUS
10
2.2749999999999999
20
0.4861966535433071
11
2.276772874015748
21
0.4860220472440945
0
LINE
8
BLACK
6
CONTINUOUS
10
1.9306322047244093
20
0.4853072834645669
11
1.9319183858267717
21
0.4851379921259842
0
LINE
8
BLACK
6
CONTINUOUS
10
1.9319183858267717
20
0.4851379921259842
11
1.9322418897637794
21
0.484987125984252
0
LINE
8
BLACK
6
CONTINUOUS
10
1.9322418897637794
20
0.484987125984252
11
1.9330132677165355
21
0.4848337007874016
0
LINE
8
BLACK
6
CONTINUOUS
10
1.9330132677165355
20
0.4848337007874016
11
1.9340348425196849
21
0.484151062992126
0
LINE
8
BLACK
6
CONTINUOUS
10
1.9340348425196849
20
0.484151062992126
11
1.9344727559055117
21
0.4839468897637795
0
LINE
8
BLACK
6
CONTINUOUS
10
1.9344727559055117
20
0.4839468897637795
11
1.9347391732283463
21
0.4836804330708661
0
LINE
8
BLACK
6
CONTINUOUS
10
1.9347391732283463
20
0.4836804330708661
11
1.9355677559055118
21
0.483126811023622
0
LINE
8
BLACK
6
CONTINUOUS
10
1.9355677559055118
20
0.483126811023622
11
1.936121377952756
21
0.4822982283464567
0
LINE
8
BLACK
6
CONTINUOUS
10
1.936121377952756
20
0.4822982283464567
11
1.9363878346456693
21
0.482031811023622
0
LINE
8
BLACK
6
CONTINUOUS
10
1.9363878346456693
20
0.482031811023622
11
1.9365920078740158
21
0.4815938976377953
0
LINE
8
BLACK
6
CONTINUOUS
10
1.9365920078740158
20
0.4815938976377953
11
1.9372746456692913
21
0.4805723228346457
0
LINE
8
BLACK
6
CONTINUOUS
10
1.9372746456692913
20
0.4805723228346457
11
1.9374280708661418
21
0.4798009448818897
0
LINE
8
BLACK
6
CONTINUOUS
10
1.9374280708661418
20
0.4798009448818897
11
1.937578937007874
21
0.4794774409448819
0
LINE
8
BLACK
6
CONTINUOUS
10
1.937578937007874
20
0.4794774409448819
11
1.9377482677165354
21
0.4781911811023622
0
LINE
8
BLACK
6
CONTINUOUS
10
1.9377482677165354
20
0.4781911811023622
11
1.9378740157480314
21
0.4775590551181102
0
LINE
8
BLACK
6
CONTINUOUS
10
1.9378740157480314
20
0.4775590551181102
11
1.9378740157480314
21
0.4224409448818898
0
LINE
8
BLACK
6
CONTINUOUS
10
1.9378740157480314
20
0.4224409448818898
11
1.9377482677165354
21
0.421808779527559
0
LINE
8
BLACK
6
CONTINUOUS
10
1.9377482677165354
20
0.421808779527559
11
1.937578937007874
21
0.4205225196850393
0
LINE
8
BLACK
6
CONTINUOUS
10
1.937578937007874
20
0.4205225196850393
11
1.937428031496063
21
0.420198937007874
0
LINE
8
BLACK
6
CONTINUOUS
10
1.937428031496063
20
0.420198937007874
11
1.9372746456692913
21
0.4194276771653543
0
LINE
8
BLACK
6
CONTINUOUS
10
1.9372746456692913
20
0.4194276771653543
11
1.9365920472440945
21
0.4184061417322835
0
LINE
8
BLACK
6
CONTINUOUS
10
1.9365920472440945
20
0.4184061417322835
11
1.9363878346456693
21
0.4179681496062992
0
LINE
8
BLACK
6
CONTINUOUS
10
1.9363878346456693
20
0.4179681496062992
11
1.9361212992125985
21
0.4177016141732283
0
LINE
8
BLACK
6
CONTINUOUS
10
1.9361212992125985
20
0.4177016141732283
11
1.9355677559055118
21
0.4168731889763779
0
LINE
8
BLACK
6
CONTINUOUS
10
1.9355677559055118
20
0.4168731889763779
11
1.9347392913385826
21
0.4163196062992126
0
LINE
8
BLACK
6
CONTINUOUS
10
1.9347392913385826
20
0.4163196062992126
11
1.9344727559055117
21
0.4160530708661417
0
LINE
8
BLACK
6
CONTINUOUS
10
1.9344727559055117
20
0.4160530708661417
11
1.9340346456692914
21
0.4158487795275591
0
LINE
8
BLACK
6
CONTINUOUS
10
1.9340346456692914
20
0.4158487795275591
11
1.9330132677165355
21
0.4151662992125984
0
LINE
8
BLACK
6
CONTINUOUS
10
1.9330132677165355
20
0.4151662992125984
11
1.9322420472440944
21
0.415012874015748
0
LINE
8
BLACK
6
CONTINUOUS
10
1.9322420472440944
20
0.415012874015748
11
1.9319183858267717
21
0.414861968503937
0
LINE
8
BLACK
6
CONTINUOUS
10
1.9319183858267717
20
0.414861968503937
11
1.9306315354330708
21
0.4146925196850393
0
LINE
8
BLACK
6
CONTINUOUS
10
1.9306315354330708
20
0.4146925196850393
11
1.9299999999999999
21
0.4145669291338582
0
LINE
8
BLACK
6
CONTINUOUS
10
1.9299999999999999
20
0.4145669291338582
11
1.9296773622047243
21
0.4145669291338582
0
LINE
8
BLACK
6
CONTINUOUS
10
1.9296773622047243
20
0.4145669291338582
11
1.8953226771653542
21
0.4145669291338582
0
LINE
8
BLACK
6
CONTINUOUS
10
1.8953226771653542
20
0.4145669291338582
11
1.895
21
0.4145669291338582
0
LINE
8
BLACK
6
CONTINUOUS
10
1.895
20
0.4145669291338582
11
1.8943684251968504
21
0.4146925196850393
0
LINE
8
BLACK
6
CONTINUOUS
10
1.8943684251968504
20
0.4146925196850393
11
1.8930815748031495
21
0.414861968503937
0
LINE
8
BLACK
6
CONTINUOUS
10
1.8930815748031495
20
0.414861968503937
11
1.8927578346456693
21
0.415012874015748
0
LINE
8
BLACK
6
CONTINUOUS
10
1.8927578346456693
20
0.415012874015748
11
1.8919867322834645
21
0.4151662992125984
0
LINE
8
BLACK
6
CONTINUOUS
10
1.8919867322834645
20
0.4151662992125984
11
1.8909653937007873
21
0.4158487007874015
0
LINE
8
BLACK
6
CONTINUOUS
10
1.8909653937007873
20
0.4158487007874015
11
1.8905272047244095
21
0.4160530708661417
0
LINE
8
BLACK
6
CONTINUOUS
10
1.8905272047244095
20
0.4160530708661417
11
1.8902605511811024
21
0.4163196850393701
0
LINE
8
BLACK
6
CONTINUOUS
10
1.8902605511811024
20
0.4163196850393701
11
1.8894322440944882
21
0.4168731889763779
0
LINE
8
BLACK
6
CONTINUOUS
10
1.8894322440944882
20
0.4168731889763779
11
1.8888787401574803
21
0.4177014960629921
0
LINE
8
BLACK
6
CONTINUOUS
10
1.8888787401574803
20
0.4177014960629921
11
1.8886121259842519
21
0.4179681496062992
0
LINE
8
BLACK
6
CONTINUOUS
10
1.8886121259842519
20
0.4179681496062992
11
1.8884077559055117
21
0.4184063385826772
0
LINE
8
BLACK
6
CONTINUOUS
10
1.8884077559055117
20
0.4184063385826772
11
1.8877253543307086
21
0.4194276771653543
0
LINE
8
BLACK
6
CONTINUOUS
10
1.8877253543307086
20
0.4194276771653543
11
1.8875719291338582
21
0.420198779527559
0
LINE
8
BLACK
6
CONTINUOUS
10
1.8875719291338582
20
0.420198779527559
11
1.8874210236220472
21
0.4205225196850393
0
LINE
8
BLACK
6
CONTINUOUS
10
1.8874210236220472
20
0.4205225196850393
11
1.8872515748031495
21
0.4218094488188976
0
LINE
8
BLACK
6
CONTINUOUS
10
1.8872515748031495
20
0.4218094488188976
11
1.8871259842519685
21
0.4224409448818898
0
LINE
8
BLACK
6
CONTINUOUS
10
1.8871259842519685
20
0.4224409448818898
11
1.8871259842519685
21
0.4775590551181102
0
LINE
8
BLACK
6
CONTINUOUS
10
1.8871259842519685
20
0.4775590551181102
11
1.8872516141732283
21
0.4781906692913386
0
LINE
8
BLACK
6
CONTINUOUS
10
1.8872516141732283
20
0.4781906692913386
11
1.8874210236220472
21
0.4794774409448819
0
LINE
8
BLACK
6
CONTINUOUS
10
1.8874210236220472
20
0.4794774409448819
11
1.8875719291338582
21
0.4798011023622047
0
LINE
8
BLACK
6
CONTINUOUS
10
1.8875719291338582
20
0.4798011023622047
11
1.8877253543307086
21
0.4805723228346457
0
LINE
8
BLACK
6
CONTINUOUS
10
1.8877253543307086
20
0.4805723228346457
11
1.8884078346456692
21
0.4815937007874015
0
LINE
8
BLACK
6
CONTINUOUS
10
1.8884078346456692
20
0.4815937007874015
11
1.8886121259842519
21
0.482031811023622
0
LINE
8
BLACK
6
CONTINUOUS
10
1.8886121259842519
20
0.482031811023622
11
1.8888786614173227
21
0.4822983464566929
0
LINE
8
BLACK
6
CONTINUOUS
10
1.8888786614173227
20
0.4822983464566929
11
1.8894322440944882
21
0.483126811023622
0
LINE
8
BLACK
6
CONTINUOUS
10
1.8894322440944882
20
0.483126811023622
11
1.8902606692913386
21
0.4836803543307087
0
LINE
8
BLACK
6
CONTINUOUS
10
1.8902606692913386
20
0.4836803543307087
11
1.8905272047244095
21
0.4839468897637795
0
LINE
8
BLACK
6
CONTINUOUS
10
1.8905272047244095
20
0.4839468897637795
11
1.8909651968503935
21
0.4841511023622047
0
LINE
8
BLACK
6
CONTINUOUS
10
1.8909651968503935
20
0.4841511023622047
11
1.8919867322834645
21
0.4848337007874016
0
LINE
8
BLACK
6
CONTINUOUS
10
1.8919867322834645
20
0.4848337007874016
11
1.8927579921259843
21
0.4849870866141732
0
LINE
8
BLACK
6
CONTINUOUS
10
1.8927579921259843
20
0.4849870866141732
11
1.8930815748031495
21
0.4851379921259842
0
LINE
8
BLACK
6
CONTINUOUS
10
1.8930815748031495
20
0.4851379921259842
11
1.8943679133858267
21
0.4853073228346457
0
LINE
8
BLACK
6
CONTINUOUS
10
1.8943679133858267
20
0.4853073228346457
11
1.895
21
0.4854330708661417
0
LINE
8
BLACK
6
CONTINUOUS
10
1.895
20
0.4854330708661417
11
1.9299999999999999
21
0.4854330708661417
0
LINE
8
BLACK
6
CONTINUOUS
10
1.9299999999999999
20
0.4854330708661417
11
1.9306322047244093
21
0.4853072834645669
0
LINE
8
BLACK
6
CONTINUOUS
10
2.0058290551181104
20
0.4853072834645669
11
2.0071152362204723
21
0.4851379921259842
0
LINE
8
BLACK
6
CONTINUOUS
10
2.0071152362204723
20
0.4851379921259842
11
2.0074387401574803
21
0.484987125984252
0
LINE
8
BLACK
6
CONTINUOUS
10
2.0074387401574803
20
0.484987125984252
11
2.0082101181102363
21
0.4848337007874016
0
LINE
8
BLACK
6
CONTINUOUS
10
2.0082101181102363
20
0.4848337007874016
11
2.009231692913386
21
0.484151062992126
0
LINE
8
BLACK
6
CONTINUOUS
10
2.009231692913386
20
0.484151062992126
11
2.0096696062992128
21
0.4839468897637795
0
LINE
8
BLACK
6
CONTINUOUS
10
2.0096696062992128
20
0.4839468897637795
11
2.0099360236220472
21
0.4836804330708661
0
LINE
8
BLACK
6
CONTINUOUS
10
2.0099360236220472
20
0.4836804330708661
11
2.0107646062992126
21
0.483126811023622
0
LINE
8
BLACK
6
CONTINUOUS
10
2.0107646062992126
20
0.483126811023622
11
2.0113182283464566
21
0.4822982283464567
0
LINE
8
BLACK
6
CONTINUOUS
10
2.0113182283464566
20
0.4822982283464567
11
2.0115846850393702
21
0.482031811023622
0
LINE
8
BLACK
6
CONTINUOUS
10
2.0115846850393702
20
0.482031811023622
11
2.0117888582677166
21
0.4815938976377953
0
LINE
8
BLACK
6
CONTINUOUS
10
2.0117888582677166
20
0.4815938976377953
11
2.0124714960629921
21
0.4805723228346457
0
LINE
8
BLACK
6
CONTINUOUS
10
2.0124714960629921
20
0.4805723228346457
11
2.0126249212598424
21
0.4798009448818897
0
LINE
8
BLACK
6
CONTINUOUS
10
2.0126249212598424
20
0.4798009448818897
11
2.0127757874015746
21
0.4794774409448819
0
LINE
8
BLACK
6
CONTINUOUS
10
2.0127757874015746
20
0.4794774409448819
11
2.012945118110236
21
0.4781911811023622
0
LINE
8
BLACK
6
CONTINUOUS
10
2.012945118110236
20
0.4781911811023622
11
2.013070866141732
21
0.4775590551181102
0
LINE
8
BLACK
6
CONTINUOUS
10
2.013070866141732
20
0.4775590551181102
11
2.013070866141732
21
0.4224409448818898
0
LINE
8
BLACK
6
CONTINUOUS
10
2.013070866141732
20
0.4224409448818898
11
2.012945118110236
21
0.421808779527559
0
LINE
8
BLACK
6
CONTINUOUS
10
2.012945118110236
20
0.421808779527559
11
2.0127757874015746
21
0.4205225196850393
0
LINE
8
BLACK
6
CONTINUOUS
10
2.0127757874015746
20
0.4205225196850393
11
2.0126248818897636
21
0.420198937007874
0
LINE
8
BLACK
6
CONTINUOUS
10
2.0126248818897636
20
0.420198937007874
11
2.0124714960629921
21
0.4194276771653543
0
LINE
8
BLACK
6
CONTINUOUS
10
2.0124714960629921
20
0.4194276771653543
11
2.0117888976377953
21
0.4184061417322835
0
LINE
8
BLACK
6
CONTINUOUS
10
2.0117888976377953
20
0.4184061417322835
11
2.0115846850393702
21
0.4179681496062992
0
LINE
8
BLACK
6
CONTINUOUS
10
2.0115846850393702
20
0.4179681496062992
11
2.0113181496062991
21
0.4177016141732283
0
LINE
8
BLACK
6
CONTINUOUS
10
2.0113181496062991
20
0.4177016141732283
11
2.0107646062992126
21
0.4168731889763779
0
LINE
8
BLACK
6
CONTINUOUS
10
2.0107646062992126
20
0.4168731889763779
11
2.0099361417322834
21
0.4163196062992126
0
LINE
8
BLACK
6
CONTINUOUS
10
2.0099361417322834
20
0.4163196062992126
11
2.0096696062992128
21
0.4160530708661417
0
LINE
8
BLACK
6
CONTINUOUS
10
2.0096696062992128
20
0.4160530708661417
11
2.0092314960629922
21
0.4158487795275591
0
LINE
8
BLACK
6
CONTINUOUS
10
2.0092314960629922
20
0.4158487795275591
11
2.0082101181102363
21
0.4151662992125984
0
LINE
8
BLACK
6
CONTINUOUS
10
2.0082101181102363
20
0.4151662992125984
11
2.0074388976377953
21
0.415012874015748
0
LINE
8
BLACK
6
CONTINUOUS
10
2.0074388976377953
20
0.415012874015748
11
2.0071152362204723
21
0.414861968503937
0
LINE
8
BLACK
6
CONTINUOUS
10
2.0071152362204723
20
0.414861968503937
11
2.0058283858267716
21
0.4146925196850393
0
LINE
8
BLACK
6
CONTINUOUS
10
2.0058283858267716
20
0.4146925196850393
11
2.0051968503937005
21
0.4145669291338582
0
LINE
8
BLACK
6
CONTINUOUS
10
2.0051968503937005
20
0.4145669291338582
11
2.0048742125984251
21
0.4145669291338582
0
LINE
8
BLACK
6
CONTINUOUS
10
2.0048742125984251
20
0.4145669291338582
11
1.9701258267716535
21
0.4145669291338582
0
LINE
8
BLACK
6
CONTINUOUS
10
1.9701258267716535
20
0.4145669291338582
11
1.9698031496062991
21
0.4145669291338582
0
LINE
8
BLACK
6
CONTINUOUS
10
1.9698031496062991
20
0.4145669291338582
11
1.9691715748031495
21
0.4146925196850393
0
LINE
8
BLACK
6
CONTINUOUS
10
1.9691715748031495
20
0.4146925196850393
11
1.9678847244094488
21
0.414861968503937
0
LINE
8
BLACK
6
CONTINUOUS
10
1.9678847244094488
20
0.414861968503937
11
1.9675609842519686
21
0.415012874015748
0
LINE
8
BLACK
6
CONTINUOUS
10
1.9675609842519686
20
0.415012874015748
11
1.9667898818897638
21
0.4151662992125984
0
LINE
8
BLACK
6
CONTINUOUS
10
1.9667898818897638
20
0.4151662992125984
11
1.9657685433070866
21
0.4158487007874015
0
LINE
8
BLACK
6
CONTINUOUS
10
1.9657685433070866
20
0.4158487007874015
11
1.9653303543307086
21
0.4160530708661417
0
LINE
8
BLACK
6
CONTINUOUS
10
1.9653303543307086
20
0.4160530708661417
11
1.9650637007874014
21
0.4163196850393701
0
LINE
8
BLACK
6
CONTINUOUS
10
1.9650637007874014
20
0.4163196850393701
11
1.9642353937007873
21
0.4168731889763779
0
LINE
8
BLACK
6
CONTINUOUS
10
1.9642353937007873
20
0.4168731889763779
11
1.9636818897637796
21
0.4177014960629921
0
LINE
8
BLACK
6
CONTINUOUS
10
1.9636818897637796
20
0.4177014960629921
11
1.9634152755905512
21
0.4179681496062992
0
LINE
8
BLACK
6
CONTINUOUS
10
1.9634152755905512
20
0.4179681496062992
11
1.963210905511811
21
0.4184063385826772
0
LINE
8
BLACK
6
CONTINUOUS
10
1.963210905511811
20
0.4184063385826772
11
1.9625285039370077
21
0.4194276771653543
0
LINE
8
BLACK
6
CONTINUOUS
10
1.9625285039370077
20
0.4194276771653543
11
1.9623750787401575
21
0.420198779527559
0
LINE
8
BLACK
6
CONTINUOUS
10
1.9623750787401575
20
0.420198779527559
11
1.9622241732283463
21
0.4205225196850393
0
LINE
8
BLACK
6
CONTINUOUS
10
1.9622241732283463
20
0.4205225196850393
11
1.9620547244094488
21
0.4218094488188976
0
LINE
8
BLACK
6
CONTINUOUS
10
1.9620547244094488
20
0.4218094488188976
11
1.9619291338582676
21
0.4224409448818898
0
LINE
8
BLACK
6
CONTINUOUS
10
1.9619291338582676
20
0.4224409448818898
11
1.9619291338582676
21
0.4775590551181102
0
LINE
8
BLACK
6
CONTINUOUS
10
1.9619291338582676
20
0.4775590551181102
11
1.9620547637795276
21
0.4781906692913386
0
LINE
8
BLACK
6
CONTINUOUS
10
1.9620547637795276
20
0.4781906692913386
11
1.9622241732283463
21
0.4794774409448819
0
LINE
8
BLACK
6
CONTINUOUS
10
1.9622241732283463
20
0.4794774409448819
11
1.9623750787401575
21
0.4798011023622047
0
LINE
8
BLACK
6
CONTINUOUS
10
1.9623750787401575
20
0.4798011023622047
11
1.9625285039370077
21
0.4805723228346457
0
LINE
8
BLACK
6
CONTINUOUS
10
1.9625285039370077
20
0.4805723228346457
11
1.9632109842519685
21
0.4815937007874015
0
LINE
8
BLACK
6
CONTINUOUS
10
1.9632109842519685
20
0.4815937007874015
11
1.9634152755905512
21
0.482031811023622
0
LINE
8
BLACK
6
CONTINUOUS
10
1.9634152755905512
20
0.482031811023622
11
1.963681811023622
21
0.4822983464566929
0
LINE
8
BLACK
6
CONTINUOUS
10
1.963681811023622
20
0.4822983464566929
11
1.9642353937007873
21
0.483126811023622
0
LINE
8
BLACK
6
CONTINUOUS
10
1.9642353937007873
20
0.483126811023622
11
1.9650638188976377
21
0.4836803543307087
0
LINE
8
BLACK
6
CONTINUOUS
10
1.9650638188976377
20
0.4836803543307087
11
1.9653303543307086
21
0.4839468897637795
0
LINE
8
BLACK
6
CONTINUOUS
10
1.9653303543307086
20
0.4839468897637795
11
1.9657683464566928
21
0.4841511023622047
0
LINE
8
BLACK
6
CONTINUOUS
10
1.9657683464566928
20
0.4841511023622047
11
1.9667898818897638
21
0.4848337007874016
0
LINE
8
BLACK
6
CONTINUOUS
10
1.9667898818897638
20
0.4848337007874016
11
1.9675611417322834
21
0.4849870866141732
0
LINE
8
BLACK
6
CONTINUOUS
10
1.9675611417322834
20
0.4849870866141732
11
1.9678847244094488
21
0.4851379921259842
0
LINE
8
BLACK
6
CONTINUOUS
10
1.9678847244094488
20
0.4851379921259842
11
1.969171062992126
21
0.4853073228346457
0
LINE
8
BLACK
6
CONTINUOUS
10
1.969171062992126
20
0.4853073228346457
11
1.9698031496062991
21
0.4854330708661417
0
LINE
8
BLACK
6
CONTINUOUS
10
1.9698031496062991
20
0.4854330708661417
11
2.0051968503937005
21
0.4854330708661417
0
LINE
8
BLACK
6
CONTINUOUS
10
2.0051968503937005
20
0.4854330708661417
11
2.0058290551181104
21
0.4853072834645669
0
LINE
8
BLACK
6
CONTINUOUS
10
1.8556322047244094
20
0.5377482283464566
11
1.8569183858267717
21
0.537578937007874
0
LINE
8
BLACK
6
CONTINUOUS
10
1.8569183858267717
20
0.537578937007874
11
1.8572418897637795
21
0.5374280708661417
0
LINE
8
BLACK
6
CONTINUOUS
10
1.8572418897637795
20
0.5374280708661417
11
1.8580132677165353
21
0.5372746456692913
0
LINE
8
BLACK
6
CONTINUOUS
10
1.8580132677165353
20
0.5372746456692913
11
1.859034842519685
21
0.5365920078740157
0
LINE
8
BLACK
6
CONTINUOUS
10
1.859034842519685
20
0.5365920078740157
11
1.8594727559055118
21
0.5363878346456693
0
LINE
8
BLACK
6
CONTINUOUS
10
1.8594727559055118
20
0.5363878346456693
11
1.8597391732283464
21
0.5361213779527559
0
LINE
8
BLACK
6
CONTINUOUS
10
1.8597391732283464
20
0.5361213779527559
11
1.8605677559055118
21
0.5355677559055118
0
LINE
8
BLACK
6
CONTINUOUS
10
1.8605677559055118
20
0.5355677559055118
11
1.8611213779527558
21
0.5347391732283464
0
LINE
8
BLACK
6
CONTINUOUS
10
1.8611213779527558
20
0.5347391732283464
11
1.8613878346456691
21
0.5344727559055118
0
LINE
8
BLACK
6
CONTINUOUS
10
1.8613878346456691
20
0.5344727559055118
11
1.8615920078740158
21
0.534034842519685
0
LINE
8
BLACK
6
CONTINUOUS
10
1.8615920078740158
20
0.534034842519685
11
1.8622746456692914
21
0.5330132677165355
0
LINE
8
BLACK
6
CONTINUOUS
10
1.8622746456692914
20
0.5330132677165355
11
1.8624280708661416
21
0.5322418897637795
0
LINE
8
BLACK
6
CONTINUOUS
10
1.8624280708661416
20
0.5322418897637795
11
1.862578937007874
21
0.5319183858267716
0
LINE
8
BLACK
6
CONTINUOUS
10
1.862578937007874
20
0.5319183858267716
11
1.8627482677165355
21
0.5306321259842519
0
LINE
8
BLACK
6
CONTINUOUS
10
1.8627482677165355
20
0.5306321259842519
11
1.8628740157480315
21
0.53
0
LINE
8
BLACK
6
CONTINUOUS
10
1.8628740157480315
20
0.53
11
1.8628740157480315
21
0.47
0
LINE
8
BLACK
6
CONTINUOUS
10
1.8628740157480315
20
0.47
11
1.8627482677165355
21
0.4693678346456693
0
LINE
8
BLACK
6
CONTINUOUS
10
1.8627482677165355
20
0.4693678346456693
11
1.862578937007874
21
0.4680815748031496
0
LINE
8
BLACK
6
CONTINUOUS
10
1.862578937007874
20
0.4680815748031496
11
1.8624280314960628
21
0.4677579921259842
0
LINE
8
BLACK
6
CONTINUOUS
10
1.8624280314960628
20
0.4677579921259842
11
1.8622746456692914
21
0.4669867322834645
0
LINE
8
BLACK
6
CONTINUOUS
10
1.8622746456692914
20
0.4669867322834645
11
1.8615920472440945
21
0.4659651968503937
0
LINE
8
BLACK
6
CONTINUOUS
10
1.8615920472440945
20
0.4659651968503937
11
1.8613878346456691
21
0.4655272047244094
0
LINE
8
BLACK
6
CONTINUOUS
10
1.8613878346456691
20
0.4655272047244094
11
1.8611212992125983
21
0.4652606692913386
0
LINE
8
BLACK
6
CONTINUOUS
10
1.8611212992125983
20
0.4652606692913386
11
1.8605677559055118
21
0.4644322440944882
0
LINE
8
BLACK
6
CONTINUOUS
10
1.8605677559055118
20
0.4644322440944882
11
1.8597392913385826
21
0.4638786614173228
0
LINE
8
BLACK
6
CONTINUOUS
10
1.8597392913385826
20
0.4638786614173228
11
1.8594727559055118
21
0.4636121259842519
0
LINE
8
BLACK
6
CONTINUOUS
10
1.8594727559055118
20
0.4636121259842519
11
1.8590346456692912
21
0.4634078346456693
0
LINE
8
BLACK
6
CONTINUOUS
10
1.8590346456692912
20
0.4634078346456693
11
1.8580132677165353
21
0.4627253543307087
0
LINE
8
BLACK
6
CONTINUOUS
10
1.8580132677165353
20
0.4627253543307087
11
1.8572420472440945
21
0.4625719291338583
0
LINE
8
BLACK
6
CONTINUOUS
10
1.8572420472440945
20
0.4625719291338583
11
1.8569183858267717
21
0.4624210236220472
0
LINE
8
BLACK
6
CONTINUOUS
10
1.8569183858267717
20
0.4624210236220472
11
1.8556315354330708
21
0.4622515748031496
0
LINE
8
BLACK
6
CONTINUOUS
10
1.8556315354330708
20
0.4622515748031496
11
1.855
21
0.4621259842519685
0
LINE
8
BLACK
6
CONTINUOUS
10
1.855
20
0.4621259842519685
11
1.8546773622047243
21
0.4621259842519685
0
LINE
8
BLACK
6
CONTINUOUS
10
1.8546773622047243
20
0.4621259842519685
11
1.7953226771653543
21
0.4621259842519685
0
LINE
8
BLACK
6
CONTINUOUS
10
1.7953226771653543
20
0.4621259842519685
11
1.7949999999999999
21
0.4621259842519685
0
LINE
8
BLACK
6
CONTINUOUS
10
1.7949999999999999
20
0.4621259842519685
11
1.7943684251968504
21
0.4622515748031496
0
LINE
8
BLACK
6
CONTINUOUS
10
1.7943684251968504
20
0.4622515748031496
11
1.7930815748031497
21
0.4624210236220472
0
LINE
8
BLACK
6
CONTINUOUS
10
1.7930815748031497
20
0.4624210236220472
11
1.7927578346456692
21
0.4625719291338583
0
LINE
8
BLACK
6
CONTINUOUS
10
1.7927578346456692
20
0.4625719291338583
11
1.7919867322834646
21
0.4627253543307087
0
LINE
8
BLACK
6
CONTINUOUS
10
1.7919867322834646
20
0.4627253543307087
11
1.7909653937007874
21
0.4634077559055118
0
LINE
8
BLACK
6
CONTINUOUS
10
1.7909653937007874
20
0.4634077559055118
11
1.7905272047244094
21
0.4636121259842519
0
LINE
8
BLACK
6
CONTINUOUS
10
1.7905272047244094
20
0.4636121259842519
11
1.7902605511811023
21
0.4638787401574803
0
LINE
8
BLACK
6
CONTINUOUS
10
1.7902605511811023
20
0.4638787401574803
11
1.7894322440944881
21
0.4644322440944882
0
LINE
8
BLACK
6
CONTINUOUS
10
1.7894322440944881
20
0.4644322440944882
11
1.7888787401574804
21
0.4652605511811024
0
LINE
8
BLACK
6
CONTINUOUS
10
1.7888787401574804
20
0.4652605511811024
11
1.788612125984252
21
0.4655272047244094
0
LINE
8
BLACK
6
CONTINUOUS
10
1.788612125984252
20
0.4655272047244094
11
1.7884077559055118
21
0.4659653937007874
0
LINE
8
BLACK
6
CONTINUOUS
10
1.7884077559055118
20
0.4659653937007874
11
1.7877253543307086
21
0.4669867322834645
0
LINE
8
BLACK
6
CONTINUOUS
10
1.7877253543307086
20
0.4669867322834645
11
1.7875719291338583
21
0.4677578346456693
0
LINE
8
BLACK
6
CONTINUOUS
10
1.7875719291338583
20
0.4677578346456693
11
1.7874210236220471
21
0.4680815748031496
0
LINE
8
BLACK
6
CONTINUOUS
10
1.7874210236220471
20
0.4680815748031496
11
1.7872515748031497
21
0.4693685039370079
0
LINE
8
BLACK
6
CONTINUOUS
10
1.7872515748031497
20
0.4693685039370079
11
1.7871259842519684
21
0.47
0
LINE
8
BLACK
6
CONTINUOUS
10
1.7871259842519684
20
0.47
11
1.7871259842519684
21
0.53
0
LINE
8
BLACK
6
CONTINUOUS
10
1.7871259842519684
20
0.53
11
1.7872516141732282
21
0.5306316141732283
0
LINE
8
BLACK
6
CONTINUOUS
10
1.7872516141732282
20
0.5306316141732283
11
1.7874210236220471
21
0.5319183858267716
0
LINE
8
BLACK
6
CONTINUOUS
10
1.7874210236220471
20
0.5319183858267716
11
1.7875719291338583
21
0.5322420472440945
0
LINE
8
BLACK
6
CONTINUOUS
10
1.7875719291338583
20
0.5322420472440945
11
1.7877253543307086
21
0.5330132677165355
0
LINE
8
BLACK
6
CONTINUOUS
10
1.7877253543307086
20
0.5330132677165355
11
1.7884078346456693
21
0.5340346456692914
0
LINE
8
BLACK
6
CONTINUOUS
10
1.7884078346456693
20
0.5340346456692914
11
1.788612125984252
21
0.5344727559055118
0
LINE
8
BLACK
6
CONTINUOUS
10
1.788612125984252
20
0.5344727559055118
11
1.7888786614173229
21
0.5347392913385827
0
LINE
8
BLACK
6
CONTINUOUS
10
1.7888786614173229
20
0.5347392913385827
11
1.7894322440944881
21
0.5355677559055118
0
LINE
8
BLACK
6
CONTINUOUS
10
1.7894322440944881
20
0.5355677559055118
11
1.7902606692913385
21
0.5361212992125984
0
LINE
8
BLACK
6
CONTINUOUS
10
1.7902606692913385
20
0.5361212992125984
11
1.7905272047244094
21
0.5363878346456693
0
LINE
8
BLACK
6
CONTINUOUS
10
1.7905272047244094
20
0.5363878346456693
11
1.7909651968503937
21
0.5365920472440945
0
LINE
8
BLACK
6
CONTINUOUS
10
1.7909651968503937
20
0.5365920472440945
11
1.7919867322834646
21
0.5372746456692913
0
LINE
8
BLACK
6
CONTINUOUS
10
1.7919867322834646
20
0.5372746456692913
11
1.7927579921259842
21
0.537428031496063
0
LINE
8
BLACK
6
CONTINUOUS
10
1.7927579921259842
20
0.537428031496063
11
1.7930815748031497
21
0.537578937007874
0
LINE
8
BLACK
6
CONTINUOUS
10
1.7930815748031497
20
0.537578937007874
11
1.7943679133858268
21
0.5377482677165354
0
LINE
8
BLACK
6
CONTINUOUS
10
1.7943679133858268
20
0.5377482677165354
11
1.7949999999999999
21
0.5378740157480315
0
LINE
8
BLACK
6
CONTINUOUS
10
1.7949999999999999
20
0.5378740157480315
11
1.855
21
0.5378740157480315
0
LINE
8
BLACK
6
CONTINUOUS
10
1.855
20
0.5378740157480315
11
1.8556322047244094
21
0.5377482283464566
0
LINE
8
BLACK
6
CONTINUOUS
10
2.2183290551181103
20
0.585307283464567
11
2.2196152362204722
21
0.5851379921259843
0
LINE
8
BLACK
6
CONTINUOUS
10
2.2196152362204722
20
0.5851379921259843
11
2.2199387401574802
21
0.584987125984252
0
LINE
8
BLACK
6
CONTINUOUS
10
2.2199387401574802
20
0.584987125984252
11
2.2207101181102362
21
0.5848337007874016
0
LINE
8
BLACK
6
CONTINUOUS
10
2.2207101181102362
20
0.5848337007874016
11
2.2217316929133859
21
0.5841510629921259
0
LINE
8
BLACK
6
CONTINUOUS
10
2.2217316929133859
20
0.5841510629921259
11
2.2221696062992127
21
0.5839468897637795
0
LINE
8
BLACK
6
CONTINUOUS
10
2.2221696062992127
20
0.5839468897637795
11
2.2224360236220471
21
0.5836804330708661
0
LINE
8
BLACK
6
CONTINUOUS
10
2.2224360236220471
20
0.5836804330708661
11
2.2232646062992125
21
0.5831268110236221
0
LINE
8
BLACK
6
CONTINUOUS
10
2.2232646062992125
20
0.5831268110236221
11
2.2238182283464565
21
0.5822982283464567
0
LINE
8
BLACK
6
CONTINUOUS
10
2.2238182283464565
20
0.5822982283464567
11
2.2240846850393701
21
0.582031811023622
0
LINE
8
BLACK
6
CONTINUOUS
10
2.2240846850393701
20
0.582031811023622
11
2.2242888582677165
21
0.5815938976377952
0
LINE
8
BLACK
6
CONTINUOUS
10
2.2242888582677165
20
0.5815938976377952
11
2.224971496062992
21
0.5805723228346457
0
LINE
8
BLACK
6
CONTINUOUS
10
2.224971496062992
20
0.5805723228346457
11
2.2251249212598423
21
0.5798009448818897
0
LINE
8
BLACK
6
CONTINUOUS
10
2.2251249212598423
20
0.5798009448818897
11
2.2252757874015749
21
0.5794774409448818
0
LINE
8
BLACK
6
CONTINUOUS
10
2.2252757874015749
20
0.5794774409448818
11
2.2254451181102364
21
0.5781911811023622
0
LINE
8
BLACK
6
CONTINUOUS
10
2.2254451181102364
20
0.5781911811023622
11
2.2255708661417324
21
0.5775590551181102
0
LINE
8
BLACK
6
CONTINUOUS
10
2.2255708661417324
20
0.5775590551181102
11
2.2255708661417324
21
0.5224409448818897
0
LINE
8
BLACK
6
CONTINUOUS
10
2.2255708661417324
20
0.5224409448818897
11
2.2254451181102364
21
0.521808779527559
0
LINE
8
BLACK
6
CONTINUOUS
10
2.2254451181102364
20
0.521808779527559
11
2.2252757874015749
21
0.5205225196850394
0
LINE
8
BLACK
6
CONTINUOUS
10
2.2252757874015749
20
0.5205225196850394
11
2.2251248818897635
21
0.520198937007874
0
LINE
8
BLACK
6
CONTINUOUS
10
2.2251248818897635
20
0.520198937007874
11
2.224971496062992
21
0.5194276771653543
0
LINE
8
BLACK
6
CONTINUOUS
10
2.224971496062992
20
0.5194276771653543
11
2.2242888976377952
21
0.5184061417322835
0
LINE
8
BLACK
6
CONTINUOUS
10
2.2242888976377952
20
0.5184061417322835
11
2.2240846850393701
21
0.5179681496062992
0
LINE
8
BLACK
6
CONTINUOUS
10
2.2240846850393701
20
0.5179681496062992
11
2.223818149606299
21
0.5177016141732284
0
LINE
8
BLACK
6
CONTINUOUS
10
2.223818149606299
20
0.5177016141732284
11
2.2232646062992125
21
0.5168731889763779
0
LINE
8
BLACK
6
CONTINUOUS
10
2.2232646062992125
20
0.5168731889763779
11
2.2224361417322833
21
0.5163196062992126
0
LINE
8
BLACK
6
CONTINUOUS
10
2.2224361417322833
20
0.5163196062992126
11
2.2221696062992127
21
0.5160530708661417
0
LINE
8
BLACK
6
CONTINUOUS
10
2.2221696062992127
20
0.5160530708661417
11
2.2217314960629921
21
0.515848779527559
0
LINE
8
BLACK
6
CONTINUOUS
10
2.2217314960629921
20
0.515848779527559
11
2.2207101181102362
21
0.5151662992125984
0
LINE
8
BLACK
6
CONTINUOUS
10
2.2207101181102362
20
0.5151662992125984
11
2.2199388976377952
21
0.515012874015748
0
LINE
8
BLACK
6
CONTINUOUS
10
2.2199388976377952
20
0.515012874015748
11
2.2196152362204722
21
0.514861968503937
0
LINE
8
BLACK
6
CONTINUOUS
10
2.2196152362204722
20
0.514861968503937
11
2.2183283858267715
21
0.5146925196850394
0
LINE
8
BLACK
6
CONTINUOUS
10
2.2183283858267715
20
0.5146925196850394
11
2.2176968503937009
21
0.5145669291338583
0
LINE
8
BLACK
6
CONTINUOUS
10
2.2176968503937009
20
0.5145669291338583
11
2.217374212598425
21
0.5145669291338583
0
LINE
8
BLACK
6
CONTINUOUS
10
2.217374212598425
20
0.5145669291338583
11
2.1826258267716536
21
0.5145669291338583
0
LINE
8
BLACK
6
CONTINUOUS
10
2.1826258267716536
20
0.5145669291338583
11
2.182303149606299
21
0.5145669291338583
0
LINE
8
BLACK
6
CONTINUOUS
10
2.182303149606299
20
0.5145669291338583
11
2.1816715748031497
21
0.5146925196850394
0
LINE
8
BLACK
6
CONTINUOUS
10
2.1816715748031497
20
0.5146925196850394
11
2.180384724409449
21
0.514861968503937
0
LINE
8
BLACK
6
CONTINUOUS
10
2.180384724409449
20
0.514861968503937
11
2.1800609842519685
21
0.515012874015748
0
LINE
8
BLACK
6
CONTINUOUS
10
2.1800609842519685
20
0.515012874015748
11
2.1792898818897637
21
0.5151662992125984
0
LINE
8
BLACK
6
CONTINUOUS
10
2.1792898818897637
20
0.5151662992125984
11
2.1782685433070865
21
0.5158487007874015
0
LINE
8
BLACK
6
CONTINUOUS
10
2.1782685433070865
20
0.5158487007874015
11
2.1778303543307085
21
0.5160530708661417
0
LINE
8
BLACK
6
CONTINUOUS
10
2.1778303543307085
20
0.5160530708661417
11
2.1775637007874016
21
0.5163196850393701
0
LINE
8
BLACK
6
CONTINUOUS
10
2.1775637007874016
20
0.5163196850393701
11
2.1767353937007874
21
0.5168731889763779
0
LINE
8
BLACK
6
CONTINUOUS
10
2.1767353937007874
20
0.5168731889763779
11
2.1761818897637797
21
0.5177014960629921
0
LINE
8
BLACK
6
CONTINUOUS
10
2.1761818897637797
20
0.5177014960629921
11
2.1759152755905511
21
0.5179681496062992
0
LINE
8
BLACK
6
CONTINUOUS
10
2.1759152755905511
20
0.5179681496062992
11
2.1757109055118109
21
0.5184063385826772
0
LINE
8
BLACK
6
CONTINUOUS
10
2.1757109055118109
20
0.5184063385826772
11
2.1750285039370079
21
0.5194276771653543
0
LINE
8
BLACK
6
CONTINUOUS
10
2.1750285039370079
20
0.5194276771653543
11
2.1748750787401576
21
0.520198779527559
0
LINE
8
BLACK
6
CONTINUOUS
10
2.1748750787401576
20
0.520198779527559
11
2.1747241732283462
21
0.5205225196850394
0
LINE
8
BLACK
6
CONTINUOUS
10
2.1747241732283462
20
0.5205225196850394
11
2.174554724409449
21
0.5218094488188977
0
LINE
8
BLACK
6
CONTINUOUS
10
2.174554724409449
20
0.5218094488188977
11
2.1744291338582675
21
0.5224409448818897
0
LINE
8
BLACK
6
CONTINUOUS
10
2.1744291338582675
20
0.5224409448818897
11
2.1744291338582675
21
0.5775590551181102
0
LINE
8
BLACK
6
CONTINUOUS
10
2.1744291338582675
20
0.5775590551181102
11
2.1745547637795277
21
0.5781906692913386
0
LINE
8
BLACK
6
CONTINUOUS
10
2.1745547637795277
20
0.5781906692913386
11
2.1747241732283462
21
0.5794774409448818
0
LINE
8
BLACK
6
CONTINUOUS
10
2.1747241732283462
20
0.5794774409448818
11
2.1748750787401576
21
0.5798011023622047
0
LINE
8
BLACK
6
CONTINUOUS
10
2.1748750787401576
20
0.5798011023622047
11
2.1750285039370079
21
0.5805723228346457
0
LINE
8
BLACK
6
CONTINUOUS
10
2.1750285039370079
20
0.5805723228346457
11
2.1757109842519684
21
0.5815937007874016
0
LINE
8
BLACK
6
CONTINUOUS
10
2.1757109842519684
20
0.5815937007874016
11
2.1759152755905511
21
0.582031811023622
0
LINE
8
BLACK
6
CONTINUOUS
10
2.1759152755905511
20
0.582031811023622
11
2.1761818110236222
21
0.5822983464566929
0
LINE
8
BLACK
6
CONTINUOUS
10
2.1761818110236222
20
0.5822983464566929
11
2.1767353937007874
21
0.5831268110236221
0
LINE
8
BLACK
6
CONTINUOUS
10
2.1767353937007874
20
0.5831268110236221
11
2.1775638188976378
21
0.5836803543307086
0
LINE
8
BLACK
6
CONTINUOUS
10
2.1775638188976378
20
0.5836803543307086
11
2.1778303543307085
21
0.5839468897637795
0
LINE
8
BLACK
6
CONTINUOUS
10
2.1778303543307085
20
0.5839468897637795
11
2.1782683464566928
21
0.5841511023622047
0
LINE
8
BLACK
6
CONTINUOUS
10
2.1782683464566928
20
0.5841511023622047
11
2.1792898818897637
21
0.5848337007874016
0
LINE
8
BLACK
6
CONTINUOUS
10
2.1792898818897637
20
0.5848337007874016
11
2.1800611417322835
21
0.5849870866141732
0
LINE
8
BLACK
6
CONTINUOUS
10
2.1800611417322835
20
0.5849870866141732
11
2.180384724409449
21
0.5851379921259843
0
LINE
8
BLACK
6
CONTINUOUS
10
2.180384724409449
20
0.5851379921259843
11
2.1816710629921259
21
0.5853073228346457
0
LINE
8
BLACK
6
CONTINUOUS
10
2.1816710629921259
20
0.5853073228346457
11
2.182303149606299
21
0.5854330708661417
0
LINE
8
BLACK
6
CONTINUOUS
10
2.182303149606299
20
0.5854330708661417
11
2.2176968503937009
21
0.5854330708661417
0
LINE
8
BLACK
6
CONTINUOUS
10
2.2176968503937009
20
0.5854330708661417
11
2.2183290551181103
21
0.585307283464567
0
LINE
8
BLACK
6
CONTINUOUS
10
2.2931322047244094
20
0.585307283464567
11
2.2944183858267717
21
0.5851379921259843
0
LINE
8
BLACK
6
CONTINUOUS
10
2.2944183858267717
20
0.5851379921259843
11
2.2947418897637797
21
0.584987125984252
0
LINE
8
BLACK
6
CONTINUOUS
10
2.2947418897637797
20
0.584987125984252
11
2.2955132677165353
21
0.5848337007874016
0
LINE
8
BLACK
6
CONTINUOUS
10
2.2955132677165353
20
0.5848337007874016
11
2.296534842519685
21
0.5841510629921259
0
LINE
8
BLACK
6
CONTINUOUS
10
2.296534842519685
20
0.5841510629921259
11
2.2969727559055118
21
0.5839468897637795
0
LINE
8
BLACK
6
CONTINUOUS
10
2.2969727559055118
20
0.5839468897637795
11
2.2972391732283466
21
0.5836804330708661
0
LINE
8
BLACK
6
CONTINUOUS
10
2.2972391732283466
20
0.5836804330708661
11
2.2980677559055116
21
0.5831268110236221
0
LINE
8
BLACK
6
CONTINUOUS
10
2.2980677559055116
20
0.5831268110236221
11
2.298621377952756
21
0.5822982283464567
0
LINE
8
BLACK
6
CONTINUOUS
10
2.298621377952756
20
0.5822982283464567
11
2.2988878346456691
21
0.582031811023622
0
LINE
8
BLACK
6
CONTINUOUS
10
2.2988878346456691
20
0.582031811023622
11
2.2990920078740156
21
0.5815938976377952
0
LINE
8
BLACK
6
CONTINUOUS
10
2.2990920078740156
20
0.5815938976377952
11
2.2997746456692911
21
0.5805723228346457
0
LINE
8
BLACK
6
CONTINUOUS
10
2.2997746456692911
20
0.5805723228346457
11
2.2999280708661418
21
0.5798009448818897
0
LINE
8
BLACK
6
CONTINUOUS
10
2.2999280708661418
20
0.5798009448818897
11
2.300078937007874
21
0.5794774409448818
0
LINE
8
BLACK
6
CONTINUOUS
10
2.300078937007874
20
0.5794774409448818
11
2.3002482677165355
21
0.5781911811023622
0
LINE
8
BLACK
6
CONTINUOUS
10
2.3002482677165355
20
0.5781911811023622
11
2.3003740157480315
21
0.5775590551181102
0
LINE
8
BLACK
6
CONTINUOUS
10
2.3003740157480315
20
0.5775590551181102
11
2.3003740157480315
21
0.5224409448818897
0
LINE
8
BLACK
6
CONTINUOUS
10
2.3003740157480315
20
0.5224409448818897
11
2.3002482677165355
21
0.521808779527559
0
LINE
8
BLACK
6
CONTINUOUS
10
2.3002482677165355
20
0.521808779527559
11
2.300078937007874
21
0.5205225196850394
0
LINE
8
BLACK
6
CONTINUOUS
10
2.300078937007874
20
0.5205225196850394
11
2.2999280314960631
21
0.520198937007874
0
LINE
8
BLACK
6
CONTINUOUS
10
2.2999280314960631
20
0.520198937007874
11
2.2997746456692911
21
0.5194276771653543
0
LINE
8
BLACK
6
CONTINUOUS
10
2.2997746456692911
20
0.5194276771653543
11
2.2990920472440943
21
0.5184061417322835
0
LINE
8
BLACK
6
CONTINUOUS
10
2.2990920472440943
20
0.5184061417322835
11
2.2988878346456691
21
0.5179681496062992
0
LINE
8
BLACK
6
CONTINUOUS
10
2.2988878346456691
20
0.5179681496062992
11
2.2986212992125985
21
0.5177016141732284
0
LINE
8
BLACK
6
CONTINUOUS
10
2.2986212992125985
20
0.5177016141732284
11
2.2980677559055116
21
0.5168731889763779
0
LINE
8
BLACK
6
CONTINUOUS
10
2.2980677559055116
20
0.5168731889763779
11
2.2972392913385828
21
0.5163196062992126
0
LINE
8
BLACK
6
CONTINUOUS
10
2.2972392913385828
20
0.5163196062992126
11
2.2969727559055118
21
0.5160530708661417
0
LINE
8
BLACK
6
CONTINUOUS
10
2.2969727559055118
20
0.5160530708661417
11
2.2965346456692912
21
0.515848779527559
0
LINE
8
BLACK
6
CONTINUOUS
10
2.2965346456692912
20
0.515848779527559
11
2.2955132677165353
21
0.5151662992125984
0
LINE
8
BLACK
6
CONTINUOUS
10
2.2955132677165353
20
0.5151662992125984
11
2.2947420472440943
21
0.515012874015748
0
LINE
8
BLACK
6
CONTINUOUS
10
2.2947420472440943
20
0.515012874015748
11
2.2944183858267717
21
0.514861968503937
0
LINE
8
BLACK
6
CONTINUOUS
10
2.2944183858267717
20
0.514861968503937
11
2.293131535433071
21
0.5146925196850394
0
LINE
8
BLACK
6
CONTINUOUS
10
2.293131535433071
20
0.5146925196850394
11
2.2925
21
0.5145669291338583
0
LINE
8
BLACK
6
CONTINUOUS
10
2.2925
20
0.5145669291338583
11
2.2921773622047246
21
0.5145669291338583
0
LINE
8
BLACK
6
CONTINUOUS
10
2.2921773622047246
20
0.5145669291338583
11
2.2578226771653545
21
0.5145669291338583
0
LINE
8
BLACK
6
CONTINUOUS
10
2.2578226771653545
20
0.5145669291338583
11
2.2574999999999998
21
0.5145669291338583
0
LINE
8
BLACK
6
CONTINUOUS
10
2.2574999999999998
20
0.5145669291338583
11
2.2568684251968505
21
0.5146925196850394
0
LINE
8
BLACK
6
CONTINUOUS
10
2.2568684251968505
20
0.5146925196850394
11
2.2555815748031494
21
0.514861968503937
0
LINE
8
BLACK
6
CONTINUOUS
10
2.2555815748031494
20
0.514861968503937
11
2.2552578346456693
21
0.515012874015748
0
LINE
8
BLACK
6
CONTINUOUS
10
2.2552578346456693
20
0.515012874015748
11
2.2544867322834645
21
0.5151662992125984
0
LINE
8
BLACK
6
CONTINUOUS
10
2.2544867322834645
20
0.5151662992125984
11
2.2534653937007874
21
0.5158487007874015
0
LINE
8
BLACK
6
CONTINUOUS
10
2.2534653937007874
20
0.5158487007874015
11
2.2530272047244093
21
0.5160530708661417
0
LINE
8
BLACK
6
CONTINUOUS
10
2.2530272047244093
20
0.5160530708661417
11
2.2527605511811024
21
0.5163196850393701
0
LINE
8
BLACK
6
CONTINUOUS
10
2.2527605511811024
20
0.5163196850393701
11
2.2519322440944882
21
0.5168731889763779
0
LINE
8
BLACK
6
CONTINUOUS
10
2.2519322440944882
20
0.5168731889763779
11
2.2513787401574801
21
0.5177014960629921
0
LINE
8
BLACK
6
CONTINUOUS
10
2.2513787401574801
20
0.5177014960629921
11
2.2511121259842519
21
0.5179681496062992
0
LINE
8
BLACK
6
CONTINUOUS
10
2.2511121259842519
20
0.5179681496062992
11
2.2509077559055117
21
0.5184063385826772
0
LINE
8
BLACK
6
CONTINUOUS
10
2.2509077559055117
20
0.5184063385826772
11
2.2502253543307087
21
0.5194276771653543
0
LINE
8
BLACK
6
CONTINUOUS
10
2.2502253543307087
20
0.5194276771653543
11
2.250071929133858
21
0.520198779527559
0
LINE
8
BLACK
6
CONTINUOUS
10
2.250071929133858
20
0.520198779527559
11
2.249921023622047
21
0.5205225196850394
0
LINE
8
BLACK
6
CONTINUOUS
10
2.249921023622047
20
0.5205225196850394
11
2.2497515748031494
21
0.5218094488188977
0
LINE
8
BLACK
6
CONTINUOUS
10
2.2497515748031494
20
0.5218094488188977
11
2.2496259842519684
21
0.5224409448818897
0
LINE
8
BLACK
6
CONTINUOUS
10
2.2496259842519684
20
0.5224409448818897
11
2.2496259842519684
21
0.5775590551181102
0
LINE
8
BLACK
6
CONTINUOUS
10
2.2496259842519684
20
0.5775590551181102
11
2.2497516141732281
21
0.5781906692913386
0
LINE
8
BLACK
6
CONTINUOUS
10
2.2497516141732281
20
0.5781906692913386
11
2.249921023622047
21
0.5794774409448818
0
LINE
8
BLACK
6
CONTINUOUS
10
2.249921023622047
20
0.5794774409448818
11
2.250071929133858
21
0.5798011023622047
0
LINE
8
BLACK
6
CONTINUOUS
10
2.250071929133858
20
0.5798011023622047
11
2.2502253543307087
21
0.5805723228346457
0
LINE
8
BLACK
6
CONTINUOUS
10
2.2502253543307087
20
0.5805723228346457
11
2.2509078346456692
21
0.5815937007874016
0
LINE
8
BLACK
6
CONTINUOUS
10
2.2509078346456692
20
0.5815937007874016
11
2.2511121259842519
21
0.582031811023622
0
LINE
8
BLACK
6
CONTINUOUS
10
2.2511121259842519
20
0.582031811023622
11
2.2513786614173226
21
0.5822983464566929
0
LINE
8
BLACK
6
CONTINUOUS
10
2.2513786614173226
20
0.5822983464566929
11
2.2519322440944882
21
0.5831268110236221
0
LINE
8
BLACK
6
CONTINUOUS
10
2.2519322440944882
20
0.5831268110236221
11
2.2527606692913387
21
0.5836803543307086
0
LINE
8
BLACK
6
CONTINUOUS
10
2.2527606692913387
20
0.5836803543307086
11
2.2530272047244093
21
0.5839468897637795
0
LINE
8
BLACK
6
CONTINUOUS
10
2.2530272047244093
20
0.5839468897637795
11
2.2534651968503936
21
0.5841511023622047
0
LINE
8
BLACK
6
CONTINUOUS
10
2.2534651968503936
20
0.5841511023622047
11
2.2544867322834645
21
0.5848337007874016
0
LINE
8
BLACK
6
CONTINUOUS
10
2.2544867322834645
20
0.5848337007874016
11
2.2552579921259843
21
0.5849870866141732
0
LINE
8
BLACK
6
CONTINUOUS
10
2.2552579921259843
20
0.5849870866141732
11
2.2555815748031494
21
0.5851379921259843
0
LINE
8
BLACK
6
CONTINUOUS
10
2.2555815748031494
20
0.5851379921259843
11
2.2568679133858267
21
0.5853073228346457
0
LINE
8
BLACK
6
CONTINUOUS
10
2.2568679133858267
20
0.5853073228346457
11
2.2574999999999998
21
0.5854330708661417
0
LINE
8
BLACK
6
CONTINUOUS
10
2.2574999999999998
20
0.5854330708661417
11
2.2925
21
0.5854330708661417
0
LINE
8
BLACK
6
CONTINUOUS
10
2.2925
20
0.5854330708661417
11
2.2931322047244094
21
0.585307283464567
0
LINE
8
BLACK
6
CONTINUOUS
10
2.0431322047244094
20
0.6103072834645669
11
2.0444183858267717
21
0.6101379921259842
0
LINE
8
BLACK
6
CONTINUOUS
10
2.0444183858267717
20
0.6101379921259842
11
2.0447418897637797
21
0.609987125984252
0
LINE
8
BLACK
6
CONTINUOUS
10
2.0447418897637797
20
0.609987125984252
11
2.0455132677165353
21
0.6098337007874015
0
LINE
8
BLACK
6
CONTINUOUS
10
2.0455132677165353
20
0.6098337007874015
11
2.046534842519685
21
0.609151062992126
0
LINE
8
BLACK
6
CONTINUOUS
10
2.046534842519685
20
0.609151062992126
11
2.0469727559055118
21
0.6089468897637795
0
LINE
8
BLACK
6
CONTINUOUS
10
2.0469727559055118
20
0.6089468897637795
11
2.0472391732283466
21
0.6086804330708662
0
LINE
8
BLACK
6
CONTINUOUS
10
2.0472391732283466
20
0.6086804330708662
11
2.0480677559055116
21
0.608126811023622
0
LINE
8
BLACK
6
CONTINUOUS
10
2.0480677559055116
20
0.608126811023622
11
2.048621377952756
21
0.6072982283464566
0
LINE
8
BLACK
6
CONTINUOUS
10
2.048621377952756
20
0.6072982283464566
11
2.0488878346456691
21
0.607031811023622
0
LINE
8
BLACK
6
CONTINUOUS
10
2.0488878346456691
20
0.607031811023622
11
2.0490920078740156
21
0.6065938976377953
0
LINE
8
BLACK
6
CONTINUOUS
10
2.0490920078740156
20
0.6065938976377953
11
2.0497746456692911
21
0.6055723228346457
0
LINE
8
BLACK
6
CONTINUOUS
10
2.0497746456692911
20
0.6055723228346457
11
2.0499280708661418
21
0.6048009448818897
0
LINE
8
BLACK
6
CONTINUOUS
10
2.0499280708661418
20
0.6048009448818897
11
2.050078937007874
21
0.6044774409448819
0
LINE
8
BLACK
6
CONTINUOUS
10
2.050078937007874
20
0.6044774409448819
11
2.0502482677165355
21
0.6031911811023621
0
LINE
8
BLACK
6
CONTINUOUS
10
2.0502482677165355
20
0.6031911811023621
11
2.0503740157480315
21
0.6025590551181103
0
LINE
8
BLACK
6
CONTINUOUS
10
2.0503740157480315
20
0.6025590551181103
11
2.0503740157480315
21
0.5474409448818898
0
LINE
8
BLACK
6
CONTINUOUS
10
2.0503740157480315
20
0.5474409448818898
11
2.0502482677165355
21
0.546808779527559
0
LINE
8
BLACK
6
CONTINUOUS
10
2.0502482677165355
20
0.546808779527559
11
2.050078937007874
21
0.5455225196850394
0
LINE
8
BLACK
6
CONTINUOUS
10
2.050078937007874
20
0.5455225196850394
11
2.0499280314960631
21
0.545198937007874
0
LINE
8
BLACK
6
CONTINUOUS
10
2.0499280314960631
20
0.545198937007874
11
2.0497746456692911
21
0.5444276771653543
0
LINE
8
BLACK
6
CONTINUOUS
10
2.0497746456692911
20
0.5444276771653543
11
2.0490920472440943
21
0.5434061417322834
0
LINE
8
BLACK
6
CONTINUOUS
10
2.0490920472440943
20
0.5434061417322834
11
2.0488878346456691
21
0.5429681496062992
0
LINE
8
BLACK
6
CONTINUOUS
10
2.0488878346456691
20
0.5429681496062992
11
2.0486212992125985
21
0.5427016141732284
0
LINE
8
BLACK
6
CONTINUOUS
10
2.0486212992125985
20
0.5427016141732284
11
2.0480677559055116
21
0.5418731889763779
0
LINE
8
BLACK
6
CONTINUOUS
10
2.0480677559055116
20
0.5418731889763779
11
2.0472392913385828
21
0.5413196062992126
0
LINE
8
BLACK
6
CONTINUOUS
10
2.0472392913385828
20
0.5413196062992126
11
2.0469727559055118
21
0.5410530708661417
0
LINE
8
BLACK
6
CONTINUOUS
10
2.0469727559055118
20
0.5410530708661417
11
2.0465346456692912
21
0.5408487795275591
0
LINE
8
BLACK
6
CONTINUOUS
10
2.0465346456692912
20
0.5408487795275591
11
2.0455132677165353
21
0.5401662992125984
0
LINE
8
BLACK
6
CONTINUOUS
10
2.0455132677165353
20
0.5401662992125984
11
2.0447420472440943
21
0.540012874015748
0
LINE
8
BLACK
6
CONTINUOUS
10
2.0447420472440943
20
0.540012874015748
11
2.0444183858267717
21
0.539861968503937
0
LINE
8
BLACK
6
CONTINUOUS
10
2.0444183858267717
20
0.539861968503937
11
2.043131535433071
21
0.5396925196850394
0
LINE
8
BLACK
6
CONTINUOUS
10
2.043131535433071
20
0.5396925196850394
11
2.0425
21
0.5395669291338583
0
LINE
8
BLACK
6
CONTINUOUS
10
2.0425
20
0.5395669291338583
11
2.0421773622047246
21
0.5395669291338583
0
LINE
8
BLACK
6
CONTINUOUS
10
2.0421773622047246
20
0.5395669291338583
11
2.0078226771653545
21
0.5395669291338583
0
LINE
8
BLACK
6
CONTINUOUS
10
2.0078226771653545
20
0.5395669291338583
11
2.0074999999999998
21
0.5395669291338583
0
LINE
8
BLACK
6
CONTINUOUS
10
2.0074999999999998
20
0.5395669291338583
11
2.0068684251968505
21
0.5396925196850394
0
LINE
8
BLACK
6
CONTINUOUS
10
2.0068684251968505
20
0.5396925196850394
11
2.0055815748031494
21
0.539861968503937
0
LINE
8
BLACK
6
CONTINUOUS
10
2.0055815748031494
20
0.539861968503937
11
2.0052578346456693
21
0.540012874015748
0
LINE
8
BLACK
6
CONTINUOUS
10
2.0052578346456693
20
0.540012874015748
11
2.0044867322834645
21
0.5401662992125984
0
LINE
8
BLACK
6
CONTINUOUS
10
2.0044867322834645
20
0.5401662992125984
11
2.0034653937007874
21
0.5408487007874015
0
LINE
8
BLACK
6
CONTINUOUS
10
2.0034653937007874
20
0.5408487007874015
11
2.0030272047244093
21
0.5410530708661417
0
LINE
8
BLACK
6
CONTINUOUS
10
2.0030272047244093
20
0.5410530708661417
11
2.0027605511811024
21
0.5413196850393701
0
LINE
8
BLACK
6
CONTINUOUS
10
2.0027605511811024
20
0.5413196850393701
11
2.0019322440944882
21
0.5418731889763779
0
LINE
8
BLACK
6
CONTINUOUS
10
2.0019322440944882
20
0.5418731889763779
11
2.0013787401574801
21
0.5427014960629921
0
LINE
8
BLACK
6
CONTINUOUS
10
2.0013787401574801
20
0.5427014960629921
11
2.0011121259842519
21
0.5429681496062992
0
LINE
8
BLACK
6
CONTINUOUS
10
2.0011121259842519
20
0.5429681496062992
11
2.0009077559055117
21
0.5434063385826772
0
LINE
8
BLACK
6
CONTINUOUS
10
2.0009077559055117
20
0.5434063385826772
11
2.0002253543307087
21
0.5444276771653543
0
LINE
8
BLACK
6
CONTINUOUS
10
2.0002253543307087
20
0.5444276771653543
11
2.000071929133858
21
0.545198779527559
0
LINE
8
BLACK
6
CONTINUOUS
10
2.000071929133858
20
0.545198779527559
11
1.9999210236220473
21
0.5455225196850394
0
LINE
8
BLACK
6
CONTINUOUS
10
1.9999210236220473
20
0.5455225196850394
11
1.9997515748031496
21
0.5468094488188976
0
LINE
8
BLACK
6
CONTINUOUS
10
1.9997515748031496
20
0.5468094488188976
11
1.9996259842519684
21
0.5474409448818898
0
LINE
8
BLACK
6
CONTINUOUS
10
1.9996259842519684
20
0.5474409448818898
11
1.9996259842519684
21
0.6025590551181103
0
LINE
8
BLACK
6
CONTINUOUS
10
1.9996259842519684
20
0.6025590551181103
11
1.9997516141732283
21
0.6031906692913386
0
LINE
8
BLACK
6
CONTINUOUS
10
1.9997516141732283
20
0.6031906692913386
11
1.9999210236220473
21
0.6044774409448819
0
LINE
8
BLACK
6
CONTINUOUS
10
1.9999210236220473
20
0.6044774409448819
11
2.000071929133858
21
0.6048011023622047
0
LINE
8
BLACK
6
CONTINUOUS
10
2.000071929133858
20
0.6048011023622047
11
2.0002253543307087
21
0.6055723228346457
0
LINE
8
BLACK
6
CONTINUOUS
10
2.0002253543307087
20
0.6055723228346457
11
2.0009078346456692
21
0.6065937007874016
0
LINE
8
BLACK
6
CONTINUOUS
10
2.0009078346456692
20
0.6065937007874016
11
2.0011121259842519
21
0.607031811023622
0
LINE
8
BLACK
6
CONTINUOUS
10
2.0011121259842519
20
0.607031811023622
11
2.0013786614173226
21
0.6072983464566929
0
LINE
8
BLACK
6
CONTINUOUS
10
2.0013786614173226
20
0.6072983464566929
11
2.0019322440944882
21
0.608126811023622
0
LINE
8
BLACK
6
CONTINUOUS
10
2.0019322440944882
20
0.608126811023622
11
2.0027606692913387
21
0.6086803543307087
0
LINE
8
BLACK
6
CONTINUOUS
10
2.0027606692913387
20
0.6086803543307087
11
2.0030272047244093
21
0.6089468897637795
0
LINE
8
BLACK
6
CONTINUOUS
10
2.0030272047244093
20
0.6089468897637795
11
2.0034651968503936
21
0.6091511023622047
0
LINE
8
BLACK
6
CONTINUOUS
10
2.0034651968503936
20
0.6091511023622047
11
2.0044867322834645
21
0.6098337007874015
0
LINE
8
BLACK
6
CONTINUOUS
10
2.0044867322834645
20
0.6098337007874015
11
2.0052579921259843
21
0.6099870866141732
0
LINE
8
BLACK
6
CONTINUOUS
10
2.0052579921259843
20
0.6099870866141732
11
2.0055815748031494
21
0.6101379921259842
0
LINE
8
BLACK
6
CONTINUOUS
10
2.0055815748031494
20
0.6101379921259842
11
2.0068679133858267
21
0.6103073228346456
0
LINE
8
BLACK
6
CONTINUOUS
10
2.0068679133858267
20
0.6103073228346456
11
2.0074999999999998
21
0.6104330708661417
0
LINE
8
BLACK
6
CONTINUOUS
10
2.0074999999999998
20
0.6104330708661417
11
2.0425
21
0.6104330708661417
0
LINE
8
BLACK
6
CONTINUOUS
10
2.0425
20
0.6104330708661417
11
2.0431322047244094
21
0.6103072834645669
0
LINE
8
BLACK
6
CONTINUOUS
10
2.1183290551181102
20
0.6103072834645669
11
2.1196152362204725
21
0.6101379921259842
0
LINE
8
BLACK
6
CONTINUOUS
10
2.1196152362204725
20
0.6101379921259842
11
2.1199387401574801
21
0.609987125984252
0
LINE
8
BLACK
6
CONTINUOUS
10
2.1199387401574801
20
0.609987125984252
11
2.1207101181102361
21
0.6098337007874015
0
LINE
8
BLACK
6
CONTINUOUS
10
2.1207101181102361
20
0.6098337007874015
11
2.1217316929133858
21
0.609151062992126
0
LINE
8
BLACK
6
CONTINUOUS
10
2.1217316929133858
20
0.609151062992126
11
2.1221696062992126
21
0.6089468897637795
0
LINE
8
BLACK
6
CONTINUOUS
10
2.1221696062992126
20
0.6089468897637795
11
2.122436023622047
21
0.6086804330708662
0
LINE
8
BLACK
6
CONTINUOUS
10
2.122436023622047
20
0.6086804330708662
11
2.1232646062992124
21
0.608126811023622
0
LINE
8
BLACK
6
CONTINUOUS
10
2.1232646062992124
20
0.608126811023622
11
2.1238182283464568
21
0.6072982283464566
0
LINE
8
BLACK
6
CONTINUOUS
10
2.1238182283464568
20
0.6072982283464566
11
2.12408468503937
21
0.607031811023622
0
LINE
8
BLACK
6
CONTINUOUS
10
2.12408468503937
20
0.607031811023622
11
2.1242888582677164
21
0.6065938976377953
0
LINE
8
BLACK
6
CONTINUOUS
10
2.1242888582677164
20
0.6065938976377953
11
2.124971496062992
21
0.6055723228346457
0
LINE
8
BLACK
6
CONTINUOUS
10
2.124971496062992
20
0.6055723228346457
11
2.1251249212598426
21
0.6048009448818897
0
LINE
8
BLACK
6
CONTINUOUS
10
2.1251249212598426
20
0.6048009448818897
11
2.1252757874015749
21
0.6044774409448819
0
LINE
8
BLACK
6
CONTINUOUS
10
2.1252757874015749
20
0.6044774409448819
11
2.1254451181102363
21
0.6031911811023621
0
LINE
8
BLACK
6
CONTINUOUS
10
2.1254451181102363
20
0.6031911811023621
11
2.1255708661417323
21
0.6025590551181103
0
LINE
8
BLACK
6
CONTINUOUS
10
2.1255708661417323
20
0.6025590551181103
11
2.1255708661417323
21
0.5474409448818898
0
LINE
8
BLACK
6
CONTINUOUS
10
2.1255708661417323
20
0.5474409448818898
11
2.1254451181102363
21
0.546808779527559
0
LINE
8
BLACK
6
CONTINUOUS
10
2.1254451181102363
20
0.546808779527559
11
2.1252757874015749
21
0.5455225196850394
0
LINE
8
BLACK
6
CONTINUOUS
10
2.1252757874015749
20
0.5455225196850394
11
2.1251248818897639
21
0.545198937007874
0
LINE
8
BLACK
6
CONTINUOUS
10
2.1251248818897639
20
0.545198937007874
11
2.124971496062992
21
0.5444276771653543
0
LINE
8
BLACK
6
CONTINUOUS
10
2.124971496062992
20
0.5444276771653543
11
2.1242888976377952
21
0.5434061417322834
0
LINE
8
BLACK
6
CONTINUOUS
10
2.1242888976377952
20
0.5434061417322834
11
2.12408468503937
21
0.5429681496062992
0
LINE
8
BLACK
6
CONTINUOUS
10
2.12408468503937
20
0.5429681496062992
11
2.1238181496062993
21
0.5427016141732284
0
LINE
8
BLACK
6
CONTINUOUS
10
2.1238181496062993
20
0.5427016141732284
11
2.1232646062992124
21
0.5418731889763779
0
LINE
8
BLACK
6
CONTINUOUS
10
2.1232646062992124
20
0.5418731889763779
11
2.1224361417322832
21
0.5413196062992126
0
LINE
8
BLACK
6
CONTINUOUS
10
2.1224361417322832
20
0.5413196062992126
11
2.1221696062992126
21
0.5410530708661417
0
LINE
8
BLACK
6
CONTINUOUS
10
2.1221696062992126
20
0.5410530708661417
11
2.1217314960629921
21
0.5408487795275591
0
LINE
8
BLACK
6
CONTINUOUS
10
2.1217314960629921
20
0.5408487795275591
11
2.1207101181102361
21
0.5401662992125984
0
LINE
8
BLACK
6
CONTINUOUS
10
2.1207101181102361
20
0.5401662992125984
11
2.1199388976377951
21
0.540012874015748
0
LINE
8
BLACK
6
CONTINUOUS
10
2.1199388976377951
20
0.540012874015748
11
2.1196152362204725
21
0.539861968503937
0
LINE
8
BLACK
6
CONTINUOUS
10
2.1196152362204725
20
0.539861968503937
11
2.1183283858267714
21
0.5396925196850394
0
LINE
8
BLACK
6
CONTINUOUS
10
2.1183283858267714
20
0.5396925196850394
11
2.1176968503937008
21
0.5395669291338583
0
LINE
8
BLACK
6
CONTINUOUS
10
2.1176968503937008
20
0.5395669291338583
11
2.117374212598425
21
0.5395669291338583
0
LINE
8
BLACK
6
CONTINUOUS
10
2.117374212598425
20
0.5395669291338583
11
2.0826258267716535
21
0.5395669291338583
0
LINE
8
BLACK
6
CONTINUOUS
10
2.0826258267716535
20
0.5395669291338583
11
2.0823031496062994
21
0.5395669291338583
0
LINE
8
BLACK
6
CONTINUOUS
10
2.0823031496062994
20
0.5395669291338583
11
2.0816715748031496
21
0.5396925196850394
0
LINE
8
BLACK
6
CONTINUOUS
10
2.0816715748031496
20
0.5396925196850394
11
2.0803847244094489
21
0.539861968503937
0
LINE
8
BLACK
6
CONTINUOUS
10
2.0803847244094489
20
0.539861968503937
11
2.0800609842519684
21
0.540012874015748
0
LINE
8
BLACK
6
CONTINUOUS
10
2.0800609842519684
20
0.540012874015748
11
2.0792898818897636
21
0.5401662992125984
0
LINE
8
BLACK
6
CONTINUOUS
10
2.0792898818897636
20
0.5401662992125984
11
2.0782685433070864
21
0.5408487007874015
0
LINE
8
BLACK
6
CONTINUOUS
10
2.0782685433070864
20
0.5408487007874015
11
2.0778303543307084
21
0.5410530708661417
0
LINE
8
BLACK
6
CONTINUOUS
10
2.0778303543307084
20
0.5410530708661417
11
2.0775637007874015
21
0.5413196850393701
0
LINE
8
BLACK
6
CONTINUOUS
10
2.0775637007874015
20
0.5413196850393701
11
2.0767353937007873
21
0.5418731889763779
0
LINE
8
BLACK
6
CONTINUOUS
10
2.0767353937007873
20
0.5418731889763779
11
2.0761818897637796
21
0.5427014960629921
0
LINE
8
BLACK
6
CONTINUOUS
10
2.0761818897637796
20
0.5427014960629921
11
2.075915275590551
21
0.5429681496062992
0
LINE
8
BLACK
6
CONTINUOUS
10
2.075915275590551
20
0.5429681496062992
11
2.0757109055118108
21
0.5434063385826772
0
LINE
8
BLACK
6
CONTINUOUS
10
2.0757109055118108
20
0.5434063385826772
11
2.0750285039370078
21
0.5444276771653543
0
LINE
8
BLACK
6
CONTINUOUS
10
2.0750285039370078
20
0.5444276771653543
11
2.0748750787401575
21
0.545198779527559
0
LINE
8
BLACK
6
CONTINUOUS
10
2.0748750787401575
20
0.545198779527559
11
2.0747241732283466
21
0.5455225196850394
0
LINE
8
BLACK
6
CONTINUOUS
10
2.0747241732283466
20
0.5455225196850394
11
2.0745547244094489
21
0.5468094488188976
0
LINE
8
BLACK
6
CONTINUOUS
10
2.0745547244094489
20
0.5468094488188976
11
2.0744291338582679
21
0.5474409448818898
0
LINE
8
BLACK
6
CONTINUOUS
10
2.0744291338582679
20
0.5474409448818898
11
2.0744291338582679
21
0.6025590551181103
0
LINE
8
BLACK
6
CONTINUOUS
10
2.0744291338582679
20
0.6025590551181103
11
2.0745547637795276
21
0.6031906692913386
0
LINE
8
BLACK
6
CONTINUOUS
10
2.0745547637795276
20
0.6031906692913386
11
2.0747241732283466
21
0.6044774409448819
0
LINE
8
BLACK
6
CONTINUOUS
10
2.0747241732283466
20
0.6044774409448819
11
2.0748750787401575
21
0.6048011023622047
0
LINE
8
BLACK
6
CONTINUOUS
10
2.0748750787401575
20
0.6048011023622047
11
2.0750285039370078
21
0.6055723228346457
0
LINE
8
BLACK
6
CONTINUOUS
10
2.0750285039370078
20
0.6055723228346457
11
2.0757109842519683
21
0.6065937007874016
0
LINE
8
BLACK
6
CONTINUOUS
10
2.0757109842519683
20
0.6065937007874016
11
2.075915275590551
21
0.607031811023622
0
LINE
8
BLACK
6
CONTINUOUS
10
2.075915275590551
20
0.607031811023622
11
2.0761818110236221
21
0.6072983464566929
0
LINE
8
BLACK
6
CONTINUOUS
10
2.0761818110236221
20
0.6072983464566929
11
2.0767353937007873
21
0.608126811023622
0
LINE
8
BLACK
6
CONTINUOUS
10
2.0767353937007873
20
0.608126811023622
11
2.0775638188976377
21
0.6086803543307087
0
LINE
8
BLACK
6
CONTINUOUS
10
2.0775638188976377
20
0.6086803543307087
11
2.0778303543307084
21
0.6089468897637795
0
LINE
8
BLACK
6
CONTINUOUS
10
2.0778303543307084
20
0.6089468897637795
11
2.0782683464566927
21
0.6091511023622047
0
LINE
8
BLACK
6
CONTINUOUS
10
2.0782683464566927
20
0.6091511023622047
11
2.0792898818897636
21
0.6098337007874015
0
LINE
8
BLACK
6
CONTINUOUS
10
2.0792898818897636
20
0.6098337007874015
11
2.0800611417322834
21
0.6099870866141732
0
LINE
8
BLACK
6
CONTINUOUS
10
2.0800611417322834
20
0.6099870866141732
11
2.0803847244094489
21
0.6101379921259842
0
LINE
8
BLACK
6
CONTINUOUS
10
2.0803847244094489
20
0.6101379921259842
11
2.0816710629921258
21
0.6103073228346456
0
LINE
8
BLACK
6
CONTINUOUS
10
2.0816710629921258
20
0.6103073228346456
11
2.0823031496062994
21
0.6104330708661417
0
LINE
8
BLACK
6
CONTINUOUS
10
2.0823031496062994
20
0.6104330708661417
11
2.1176968503937008
21
0.6104330708661417
0
LINE
8
BLACK
6
CONTINUOUS
10
2.1176968503937008
20
0.6104330708661417
11
2.1183290551181102
21
0.6103072834645669
0
LINE
8
BLACK
6
CONTINUOUS
10
1.9252511417322835
20
0.8710629527559055
11
1.9255738188976377
21
0.8710629921259843
0
LINE
8
BLACK
6
CONTINUOUS
10
1.9255738188976377
20
0.8710629921259843
11
1.9288706299212599
21
0.8707538582677166
0
LINE
8
BLACK
6
CONTINUOUS
10
1.9288706299212599
20
0.8707538582677166
11
1.9296375984251968
21
0.8704854724409449
0
LINE
8
BLACK
6
CONTINUOUS
10
1.9296375984251968
20
0.8704854724409449
11
1.9301525984251968
21
0.8704176771653543
0
LINE
8
BLACK
6
CONTINUOUS
10
1.9301525984251968
20
0.8704176771653543
11
1.9319007874015748
21
0.8696935433070866
0
LINE
8
BLACK
6
CONTINUOUS
10
1.9319007874015748
20
0.8696935433070866
11
1.9338599999999999
21
0.8690079921259842
0
LINE
8
BLACK
6
CONTINUOUS
10
1.9338599999999999
20
0.8690079921259842
11
1.9342489763779527
21
0.8687208661417323
0
LINE
8
BLACK
6
CONTINUOUS
10
1.9342489763779527
20
0.8687208661417323
11
1.9344192125984252
21
0.8686503937007873
0
LINE
8
BLACK
6
CONTINUOUS
10
1.9344192125984252
20
0.8686503937007873
11
1.9362995275590551
21
0.8672075196850394
0
LINE
8
BLACK
6
CONTINUOUS
10
1.9362995275590551
20
0.8672075196850394
11
1.9381131496062991
21
0.8658690551181102
0
LINE
8
BLACK
6
CONTINUOUS
10
1.9381131496062991
20
0.8658690551181102
11
1.9394516141732283
21
0.8640554330708661
0
LINE
8
BLACK
6
CONTINUOUS
10
1.9394516141732283
20
0.8640554330708661
11
1.9408944881889763
21
0.8621751181102362
0
LINE
8
BLACK
6
CONTINUOUS
10
1.9408944881889763
20
0.8621751181102362
11
1.9409649606299213
21
0.8620048818897638
0
LINE
8
BLACK
6
CONTINUOUS
10
1.9409649606299213
20
0.8620048818897638
11
1.9412520866141731
21
0.861615905511811
0
LINE
8
BLACK
6
CONTINUOUS
10
1.9412520866141731
20
0.861615905511811
11
1.9419376377952755
21
0.8596566929133858
0
LINE
8
BLACK
6
CONTINUOUS
10
1.9419376377952755
20
0.8596566929133858
11
1.9426617716535433
21
0.8579085039370079
0
LINE
8
BLACK
6
CONTINUOUS
10
1.9426617716535433
20
0.8579085039370079
11
1.9427295669291338
21
0.8573935039370079
0
LINE
8
BLACK
6
CONTINUOUS
10
1.9427295669291338
20
0.8573935039370079
11
1.9429979527559054
21
0.8566265354330709
0
LINE
8
BLACK
6
CONTINUOUS
10
1.9429979527559054
20
0.8566265354330709
11
1.9433070472440945
21
0.85332968503937
0
LINE
8
BLACK
6
CONTINUOUS
10
1.9433070472440945
20
0.85332968503937
11
1.9433070472440945
21
0.8530072834645669
0
LINE
8
BLACK
6
CONTINUOUS
10
1.9433070472440945
20
0.8530072834645669
11
1.9433070866141733
21
0.8530070078740157
0
LINE
8
BLACK
6
CONTINUOUS
10
1.9433070866141733
20
0.8530070078740157
11
1.9433070866141733
21
0.8305815748031495
0
LINE
8
BLACK
6
CONTINUOUS
10
1.9433070866141733
20
0.8305815748031495
11
1.9433070866141733
21
0.8110403543307086
0
LINE
8
BLACK
6
CONTINUOUS
10
1.9433070866141733
20
0.8110403543307086
11
1.9429979527559054
21
0.8077435433070866
0
LINE
8
BLACK
6
CONTINUOUS
10
1.9429979527559054
20
0.8077435433070866
11
1.9427295669291338
21
0.8069765748031495
0
LINE
8
BLACK
6
CONTINUOUS
10
1.9427295669291338
20
0.8069765748031495
11
1.9426617716535433
21
0.8064615354330709
0
LINE
8
BLACK
6
CONTINUOUS
10
1.9426617716535433
20
0.8064615354330709
11
1.9419375196850392
21
0.8047130708661417
0
LINE
8
BLACK
6
CONTINUOUS
10
1.9419375196850392
20
0.8047130708661417
11
1.9412520866141731
21
0.8027541732283464
0
LINE
8
BLACK
6
CONTINUOUS
10
1.9412520866141731
20
0.8027541732283464
11
1.9409650000000001
21
0.8023651968503936
0
LINE
8
BLACK
6
CONTINUOUS
10
1.9409650000000001
20
0.8023651968503936
11
1.9408944881889763
21
0.8021949212598425
0
LINE
8
BLACK
6
CONTINUOUS
10
1.9408944881889763
20
0.8021949212598425
11
1.9394508661417322
21
0.8003135826771653
0
LINE
8
BLACK
6
CONTINUOUS
10
1.9394508661417322
20
0.8003135826771653
11
1.9381131496062991
21
0.7985010236220472
0
LINE
8
BLACK
6
CONTINUOUS
10
1.9381131496062991
20
0.7985010236220472
11
1.936300905511811
21
0.7971635433070866
0
LINE
8
BLACK
6
CONTINUOUS
10
1.936300905511811
20
0.7971635433070866
11
1.9322826771653543
21
0.7940801968503937
0
LINE
8
BLACK
6
CONTINUOUS
10
1.9322826771653543
20
0.7940801968503937
11
1.9345498031496062
21
0.7874015748031495
0
LINE
8
BLACK
6
CONTINUOUS
10
1.9345498031496062
20
0.7874015748031495
11
1.9590551181102362
21
0.7874015748031495
0
LINE
8
BLACK
6
CONTINUOUS
10
1.9590551181102362
20
0.7874015748031495
11
1.9596872834645669
21
0.7872757874015748
0
LINE
8
BLACK
6
CONTINUOUS
10
1.9596872834645669
20
0.7872757874015748
11
1.9609735039370078
21
0.7871064960629921
0
LINE
8
BLACK
6
CONTINUOUS
10
1.9609735039370078
20
0.7871064960629921
11
1.9612970078740157
21
0.7869556299212598
0
LINE
8
BLACK
6
CONTINUOUS
10
1.9612970078740157
20
0.7869556299212598
11
1.9620683858267716
21
0.7868022047244094
0
LINE
8
BLACK
6
CONTINUOUS
10
1.9620683858267716
20
0.7868022047244094
11
1.9630899606299212
21
0.7861195669291339
0
LINE
8
BLACK
6
CONTINUOUS
10
1.9630899606299212
20
0.7861195669291339
11
1.963527874015748
21
0.7859153937007873
0
LINE
8
BLACK
6
CONTINUOUS
10
1.963527874015748
20
0.7859153937007873
11
1.9637942913385826
21
0.785648937007874
0
LINE
8
BLACK
6
CONTINUOUS
10
1.9637942913385826
20
0.785648937007874
11
1.9646228740157481
21
0.7850953149606299
0
LINE
8
BLACK
6
CONTINUOUS
10
1.9646228740157481
20
0.7850953149606299
11
1.9651764960629921
21
0.7842667322834646
0
LINE
8
BLACK
6
CONTINUOUS
10
1.9651764960629921
20
0.7842667322834646
11
1.9654429527559054
21
0.7840003149606299
0
LINE
8
BLACK
6
CONTINUOUS
10
1.9654429527559054
20
0.7840003149606299
11
1.9656471259842518
21
0.7835624015748032
0
LINE
8
BLACK
6
CONTINUOUS
10
1.9656471259842518
20
0.7835624015748032
11
1.9663297637795276
21
0.7825408267716535
0
LINE
8
BLACK
6
CONTINUOUS
10
1.9663297637795276
20
0.7825408267716535
11
1.9664831889763779
21
0.7817694488188976
0
LINE
8
BLACK
6
CONTINUOUS
10
1.9664831889763779
20
0.7817694488188976
11
1.9666340551181103
21
0.7814459448818898
0
LINE
8
BLACK
6
CONTINUOUS
10
1.9666340551181103
20
0.7814459448818898
11
1.9668033858267715
21
0.7801596850393701
0
LINE
8
BLACK
6
CONTINUOUS
10
1.9668033858267715
20
0.7801596850393701
11
1.9669291338582677
21
0.7795275590551181
0
LINE
8
BLACK
6
CONTINUOUS
10
1.9669291338582677
20
0.7795275590551181
11
1.9669291338582677
21
0.7204724409448818
0
LINE
8
BLACK
6
CONTINUOUS
10
1.9669291338582677
20
0.7204724409448818
11
1.9668033858267715
21
0.7198402755905512
0
LINE
8
BLACK
6
CONTINUOUS
10
1.9668033858267715
20
0.7198402755905512
11
1.9666340551181103
21
0.7185540157480315
0
LINE
8
BLACK
6
CONTINUOUS
10
1.9666340551181103
20
0.7185540157480315
11
1.9664831496062991
21
0.7182304330708661
0
LINE
8
BLACK
6
CONTINUOUS
10
1.9664831496062991
20
0.7182304330708661
11
1.9663297637795276
21
0.7174591732283464
0
LINE
8
BLACK
6
CONTINUOUS
10
1.9663297637795276
20
0.7174591732283464
11
1.9656471653543306
21
0.7164376377952756
0
LINE
8
BLACK
6
CONTINUOUS
10
1.9656471653543306
20
0.7164376377952756
11
1.9654429527559054
21
0.7159996456692913
0
LINE
8
BLACK
6
CONTINUOUS
10
1.9654429527559054
20
0.7159996456692913
11
1.9651764173228345
21
0.7157331102362204
0
LINE
8
BLACK
6
CONTINUOUS
10
1.9651764173228345
20
0.7157331102362204
11
1.9646228740157481
21
0.7149046850393701
0
LINE
8
BLACK
6
CONTINUOUS
10
1.9646228740157481
20
0.7149046850393701
11
1.9637944094488189
21
0.7143511023622047
0
LINE
8
BLACK
6
CONTINUOUS
10
1.9637944094488189
20
0.7143511023622047
11
1.963527874015748
21
0.7140845669291338
0
LINE
8
BLACK
6
CONTINUOUS
10
1.963527874015748
20
0.7140845669291338
11
1.9630897637795275
21
0.7138802755905511
0
LINE
8
BLACK
6
CONTINUOUS
10
1.9630897637795275
20
0.7138802755905511
11
1.9620683858267716
21
0.7131977952755906
0
LINE
8
BLACK
6
CONTINUOUS
10
1.9620683858267716
20
0.7131977952755906
11
1.9612971653543307
21
0.7130443700787401
0
LINE
8
BLACK
6
CONTINUOUS
10
1.9612971653543307
20
0.7130443700787401
11
1.9609735039370078
21
0.7128934645669291
0
LINE
8
BLACK
6
CONTINUOUS
10
1.9609735039370078
20
0.7128934645669291
11
1.9596866535433071
21
0.7127240157480315
0
LINE
8
BLACK
6
CONTINUOUS
10
1.9596866535433071
20
0.7127240157480315
11
1.9590551181102362
21
0.7125984251968503
0
LINE
8
BLACK
6
CONTINUOUS
10
1.9590551181102362
20
0.7125984251968503
11
1.9587324803149606
21
0.7125984251968503
0
LINE
8
BLACK
6
CONTINUOUS
10
1.9587324803149606
20
0.7125984251968503
11
1.9345610236220472
21
0.7125984251968503
0
LINE
8
BLACK
6
CONTINUOUS
10
1.9345610236220472
20
0.7125984251968503
11
1.9322939763779527
21
0.7059196850393701
0
LINE
8
BLACK
6
CONTINUOUS
10
1.9322939763779527
20
0.7059196850393701
11
1.9363049212598424
21
0.702841968503937
0
LINE
8
BLACK
6
CONTINUOUS
10
1.9363049212598424
20
0.702841968503937
11
1.9381180314960629
21
0.7015038582677166
0
LINE
8
BLACK
6
CONTINUOUS
10
1.9381180314960629
20
0.7015038582677166
11
1.93945531496063
21
0.6996918897637795
0
LINE
8
BLACK
6
CONTINUOUS
10
1.93945531496063
20
0.6996918897637795
11
1.9408967322834645
21
0.6978134251968504
0
LINE
8
BLACK
6
CONTINUOUS
10
1.9408967322834645
20
0.6978134251968504
11
1.9409670866141733
21
0.6976434645669292
0
LINE
8
BLACK
6
CONTINUOUS
10
1.9409670866141733
20
0.6976434645669292
11
1.9412540157480314
21
0.6972547637795276
0
LINE
8
BLACK
6
CONTINUOUS
10
1.9412540157480314
20
0.6972547637795276
11
1.9419391338582677
21
0.6952967322834646
0
LINE
8
BLACK
6
CONTINUOUS
10
1.9419391338582677
20
0.6952967322834646
11
1.9426623228346456
21
0.6935508267716535
0
LINE
8
BLACK
6
CONTINUOUS
10
1.9426623228346456
20
0.6935508267716535
11
1.9427299999999998
21
0.6930365354330709
0
LINE
8
BLACK
6
CONTINUOUS
10
1.9427299999999998
20
0.6930365354330709
11
1.9429982283464566
21
0.6922700787401574
0
LINE
8
BLACK
6
CONTINUOUS
10
1.9429982283464566
20
0.6922700787401574
11
1.9433070866141733
21
0.6889763779527559
0
LINE
8
BLACK
6
CONTINUOUS
10
1.9433070866141733
20
0.6889763779527559
11
1.9433070866141733
21
0.6466535433070866
0
LINE
8
BLACK
6
CONTINUOUS
10
1.9433070866141733
20
0.6466535433070866
11
1.9429982283464566
21
0.643359842519685
0
LINE
8
BLACK
6
CONTINUOUS
10
1.9429982283464566
20
0.643359842519685
11
1.9427299999999998
21
0.6425933858267716
0
LINE
8
BLACK
6
CONTINUOUS
10
1.9427299999999998
20
0.6425933858267716
11
1.9426623228346456
21
0.6420790551181103
0
LINE
8
BLACK
6
CONTINUOUS
10
1.9426623228346456
20
0.6420790551181103
11
1.9419390551181102
21
0.6403329133858268
0
LINE
8
BLACK
6
CONTINUOUS
10
1.9419390551181102
20
0.6403329133858268
11
1.9412540157480314
21
0.6383751574803149
0
LINE
8
BLACK
6
CONTINUOUS
10
1.9412540157480314
20
0.6383751574803149
11
1.940967125984252
21
0.6379864566929133
0
LINE
8
BLACK
6
CONTINUOUS
10
1.940967125984252
20
0.6379864566929133
11
1.9408967322834645
21
0.6378164566929134
0
LINE
8
BLACK
6
CONTINUOUS
10
1.9408967322834645
20
0.6378164566929134
11
1.9394546456692914
21
0.635937125984252
0
LINE
8
BLACK
6
CONTINUOUS
10
1.9394546456692914
20
0.635937125984252
11
1.9381180314960629
21
0.6341260629921259
0
LINE
8
BLACK
6
CONTINUOUS
10
1.9381180314960629
20
0.6341260629921259
11
1.9363072440944882
21
0.6327896062992125
0
LINE
8
BLACK
6
CONTINUOUS
10
1.9363072440944882
20
0.6327896062992125
11
1.9344275984251968
21
0.6313473228346457
0
LINE
8
BLACK
6
CONTINUOUS
10
1.9344275984251968
20
0.6313473228346457
11
1.9342575196850393
21
0.6312768503937007
0
LINE
8
BLACK
6
CONTINUOUS
10
1.9342575196850393
20
0.6312768503937007
11
1.9338689370078739
21
0.6309900787401574
0
LINE
8
BLACK
6
CONTINUOUS
10
1.9338689370078739
20
0.6309900787401574
11
1.9319114960629922
21
0.6303051181102362
0
LINE
8
BLACK
6
CONTINUOUS
10
1.9319114960629922
20
0.6303051181102362
11
1.9301649999999999
21
0.6295817322834646
0
LINE
8
BLACK
6
CONTINUOUS
10
1.9301649999999999
20
0.6295817322834646
11
1.9296505118110236
21
0.6295139763779527
0
LINE
8
BLACK
6
CONTINUOUS
10
1.9296505118110236
20
0.6295139763779527
11
1.9288842519685039
21
0.6292458661417323
0
LINE
8
BLACK
6
CONTINUOUS
10
1.9288842519685039
20
0.6292458661417323
11
1.9255905511811022
21
0.6289370078740157
0
LINE
8
BLACK
6
CONTINUOUS
10
1.9255905511811022
20
0.6289370078740157
11
1.9252678740157481
21
0.6289370078740157
0
LINE
8
BLACK
6
CONTINUOUS
10
1.9252678740157481
20
0.6289370078740157
11
1.874732125984252
21
0.6289370078740157
0
LINE
8
BLACK
6
CONTINUOUS
10
1.874732125984252
20
0.6289370078740157
11
1.8744094488188976
21
0.6289370078740157
0
LINE
8
BLACK
6
CONTINUOUS
10
1.8744094488188976
20
0.6289370078740157
11
1.8711157480314959
21
0.6292458661417323
0
LINE
8
BLACK
6
CONTINUOUS
10
1.8711157480314959
20
0.6292458661417323
11
1.8703494488188976
21
0.6295139763779527
0
LINE
8
BLACK
6
CONTINUOUS
10
1.8703494488188976
20
0.6295139763779527
11
1.8698349606299212
21
0.6295817322834646
0
LINE
8
BLACK
6
CONTINUOUS
10
1.8698349606299212
20
0.6295817322834646
11
1.8680881889763779
21
0.6303052362204724
0
LINE
8
BLACK
6
CONTINUOUS
10
1.8680881889763779
20
0.6303052362204724
11
1.8661310629921259
21
0.6309900787401574
0
LINE
8
BLACK
6
CONTINUOUS
10
1.8661310629921259
20
0.6309900787401574
11
1.8657424803149605
21
0.631276811023622
0
LINE
8
BLACK
6
CONTINUOUS
10
1.8657424803149605
20
0.631276811023622
11
1.8655723622047244
21
0.6313473228346457
0
LINE
8
BLACK
6
CONTINUOUS
10
1.8655723622047244
20
0.6313473228346457
11
1.8636916929133858
21
0.6327903937007874
0
LINE
8
BLACK
6
CONTINUOUS
10
1.8636916929133858
20
0.6327903937007874
11
1.8618819685039369
21
0.6341260629921259
0
LINE
8
BLACK
6
CONTINUOUS
10
1.8618819685039369
20
0.6341260629921259
11
1.8605462992125983
21
0.6359357874015747
0
LINE
8
BLACK
6
CONTINUOUS
10
1.8605462992125983
20
0.6359357874015747
11
1.8591032283464566
21
0.6378164566929134
0
LINE
8
BLACK
6
CONTINUOUS
10
1.8591032283464566
20
0.6378164566929134
11
1.859032716535433
21
0.6379865748031496
0
LINE
8
BLACK
6
CONTINUOUS
10
1.859032716535433
20
0.6379865748031496
11
1.8587459842519685
21
0.6383751574803149
0
LINE
8
BLACK
6
CONTINUOUS
10
1.8587459842519685
20
0.6383751574803149
11
1.8580611417322834
21
0.6403322834645669
0
LINE
8
BLACK
6
CONTINUOUS
10
1.8580611417322834
20
0.6403322834645669
11
1.8573376377952755
21
0.6420790551181103
0
LINE
8
BLACK
6
CONTINUOUS
10
1.8573376377952755
20
0.6420790551181103
11
1.8572698818897637
21
0.6425935433070866
0
LINE
8
BLACK
6
CONTINUOUS
10
1.8572698818897637
20
0.6425935433070866
11
1.8570017716535432
21
0.643359842519685
0
LINE
8
BLACK
6
CONTINUOUS
10
1.8570017716535432
20
0.643359842519685
11
1.8566929133858268
21
0.6466535433070866
0
LINE
8
BLACK
6
CONTINUOUS
10
1.8566929133858268
20
0.6466535433070866
11
1.8566929133858268
21
0.6889763779527559
0
LINE
8
BLACK
6
CONTINUOUS
10
1.8566929133858268
20
0.6889763779527559
11
1.8570017716535432
21
0.6922700787401574
0
LINE
8
BLACK
6
CONTINUOUS
10
1.8570017716535432
20
0.6922700787401574
11
1.8572698818897637
21
0.6930363385826771
0
LINE
8
BLACK
6
CONTINUOUS
10
1.8572698818897637
20
0.6930363385826771
11
1.8573376377952755
21
0.6935508267716535
0
LINE
8
BLACK
6
CONTINUOUS
10
1.8573376377952755
20
0.6935508267716535
11
1.8580610236220472
21
0.6952973228346456
0
LINE
8
BLACK
6
CONTINUOUS
10
1.8580610236220472
20
0.6952973228346456
11
1.8587459842519685
21
0.6972547637795276
0
LINE
8
BLACK
6
CONTINUOUS
10
1.8587459842519685
20
0.6972547637795276
11
1.8590327559055118
21
0.6976433464566929
0
LINE
8
BLACK
6
CONTINUOUS
10
1.8590327559055118
20
0.6976433464566929
11
1.8591032283464566
21
0.6978134251968504
0
LINE
8
BLACK
6
CONTINUOUS
10
1.8591032283464566
20
0.6978134251968504
11
1.8605455118110237
21
0.6996930708661417
0
LINE
8
BLACK
6
CONTINUOUS
10
1.8605455118110237
20
0.6996930708661417
11
1.8618819685039369
21
0.7015038582677166
0
LINE
8
BLACK
6
CONTINUOUS
10
1.8618819685039369
20
0.7015038582677166
11
1.8636933858267717
21
0.7028407480314961
0
LINE
8
BLACK
6
CONTINUOUS
10
1.8636933858267717
20
0.7028407480314961
11
1.8677059842519685
21
0.7059197244094488
0
LINE
8
BLACK
6
CONTINUOUS
10
1.8677059842519685
20
0.7059197244094488
11
1.8654388582677164
21
0.7125984251968503
0
LINE
8
BLACK
6
CONTINUOUS
10
1.8654388582677164
20
0.7125984251968503
11
1.841267559055118
21
0.7125984251968503
0
LINE
8
BLACK
6
CONTINUOUS
10
1.841267559055118
20
0.7125984251968503
11
1.8409448818897638
21
0.7125984251968503
0
LINE
8
BLACK
6
CONTINUOUS
10
1.8409448818897638
20
0.7125984251968503
11
1.8403133070866142
21
0.7127240157480315
0
LINE
8
BLACK
6
CONTINUOUS
10
1.8403133070866142
20
0.7127240157480315
11
1.8390264566929133
21
0.7128934645669291
0
LINE
8
BLACK
6
CONTINUOUS
10
1.8390264566929133
20
0.7128934645669291
11
1.838702716535433
21
0.7130443700787401
0
LINE
8
BLACK
6
CONTINUOUS
10
1.838702716535433
20
0.7130443700787401
11
1.8379316141732283
21
0.7131977952755906
0
LINE
8
BLACK
6
CONTINUOUS
10
1.8379316141732283
20
0.7131977952755906
11
1.8369102755905511
21
0.7138801968503937
0
LINE
8
BLACK
6
CONTINUOUS
10
1.8369102755905511
20
0.7138801968503937
11
1.8364720866141733
21
0.7140845669291338
0
LINE
8
BLACK
6
CONTINUOUS
10
1.8364720866141733
20
0.7140845669291338
11
1.8362054330708661
21
0.7143511811023622
0
LINE
8
BLACK
6
CONTINUOUS
10
1.8362054330708661
20
0.7143511811023622
11
1.835377125984252
21
0.7149046850393701
0
LINE
8
BLACK
6
CONTINUOUS
10
1.835377125984252
20
0.7149046850393701
11
1.834823622047244
21
0.7157329921259843
0
LINE
8
BLACK
6
CONTINUOUS
10
1.834823622047244
20
0.7157329921259843
11
1.8345570078740157
21
0.7159996456692913
0
LINE
8
BLACK
6
CONTINUOUS
10
1.8345570078740157
20
0.7159996456692913
11
1.8343526377952755
21
0.7164378346456692
0
LINE
8
BLACK
6
CONTINUOUS
10
1.8343526377952755
20
0.7164378346456692
11
1.8336702362204724
21
0.7174591732283464
0
LINE
8
BLACK
6
CONTINUOUS
10
1.8336702362204724
20
0.7174591732283464
11
1.833516811023622
21
0.7182302755905512
0
LINE
8
BLACK
6
CONTINUOUS
10
1.833516811023622
20
0.7182302755905512
11
1.833365905511811
21
0.7185540157480315
0
LINE
8
BLACK
6
CONTINUOUS
10
1.833365905511811
20
0.7185540157480315
11
1.8331964566929133
21
0.7198409448818898
0
LINE
8
BLACK
6
CONTINUOUS
10
1.8331964566929133
20
0.7198409448818898
11
1.8330708661417323
21
0.7204724409448818
0
LINE
8
BLACK
6
CONTINUOUS
10
1.8330708661417323
20
0.7204724409448818
11
1.8330708661417323
21
0.7795275590551181
0
LINE
8
BLACK
6
CONTINUOUS
10
1.8330708661417323
20
0.7795275590551181
11
1.8331964960629921
21
0.7801591732283465
0
LINE
8
BLACK
6
CONTINUOUS
10
1.8331964960629921
20
0.7801591732283465
11
1.833365905511811
21
0.7814459448818898
0
LINE
8
BLACK
6
CONTINUOUS
10
1.833365905511811
20
0.7814459448818898
11
1.833516811023622
21
0.7817696062992125
0
LINE
8
BLACK
6
CONTINUOUS
10
1.833516811023622
20
0.7817696062992125
11
1.8336702362204724
21
0.7825408267716535
0
LINE
8
BLACK
6
CONTINUOUS
10
1.8336702362204724
20
0.7825408267716535
11
1.834352716535433
21
0.7835622047244094
0
LINE
8
BLACK
6
CONTINUOUS
10
1.834352716535433
20
0.7835622047244094
11
1.8345570078740157
21
0.7840003149606299
0
LINE
8
BLACK
6
CONTINUOUS
10
1.8345570078740157
20
0.7840003149606299
11
1.8348235433070865
21
0.7842668503937008
0
LINE
8
BLACK
6
CONTINUOUS
10
1.8348235433070865
20
0.7842668503937008
11
1.835377125984252
21
0.7850953149606299
0
LINE
8
BLACK
6
CONTINUOUS
10
1.835377125984252
20
0.7850953149606299
11
1.8362055511811024
21
0.7856488582677165
0
LINE
8
BLACK
6
CONTINUOUS
10
1.8362055511811024
20
0.7856488582677165
11
1.8364720866141733
21
0.7859153937007873
0
LINE
8
BLACK
6
CONTINUOUS
10
1.8364720866141733
20
0.7859153937007873
11
1.8369100787401575
21
0.7861196062992126
0
LINE
8
BLACK
6
CONTINUOUS
10
1.8369100787401575
20
0.7861196062992126
11
1.8379316141732283
21
0.7868022047244094
0
LINE
8
BLACK
6
CONTINUOUS
10
1.8379316141732283
20
0.7868022047244094
11
1.8387028740157481
21
0.7869555905511811
0
LINE
8
BLACK
6
CONTINUOUS
10
1.8387028740157481
20
0.7869555905511811
11
1.8390264566929133
21
0.7871064960629921
0
LINE
8
BLACK
6
CONTINUOUS
10
1.8390264566929133
20
0.7871064960629921
11
1.8403127952755904
21
0.7872758267716535
0
LINE
8
BLACK
6
CONTINUOUS
10
1.8403127952755904
20
0.7872758267716535
11
1.8409448818897638
21
0.7874015748031495
0
LINE
8
BLACK
6
CONTINUOUS
10
1.8409448818897638
20
0.7874015748031495
11
1.8654501968503936
21
0.7874015748031495
0
LINE
8
BLACK
6
CONTINUOUS
10
1.8654501968503936
20
0.7874015748031495
11
1.8677173228346455
21
0.7940801968503937
0
LINE
8
BLACK
6
CONTINUOUS
10
1.8677173228346455
20
0.7940801968503937
11
1.863698346456693
21
0.7971640551181102
0
LINE
8
BLACK
6
CONTINUOUS
10
1.863698346456693
20
0.7971640551181102
11
1.8618868503937007
21
0.7985010236220472
0
LINE
8
BLACK
6
CONTINUOUS
10
1.8618868503937007
20
0.7985010236220472
11
1.8605500787401574
21
0.8003122440944882
0
LINE
8
BLACK
6
CONTINUOUS
10
1.8605500787401574
20
0.8003122440944882
11
1.8591054724409448
21
0.8021949212598425
0
LINE
8
BLACK
6
CONTINUOUS
10
1.8591054724409448
20
0.8021949212598425
11
1.8590348818897637
21
0.8023653149606299
0
LINE
8
BLACK
6
CONTINUOUS
10
1.8590348818897637
20
0.8023653149606299
11
1.8587479133858267
21
0.8027541732283464
0
LINE
8
BLACK
6
CONTINUOUS
10
1.8587479133858267
20
0.8027541732283464
11
1.8580626377952756
21
0.8047124803149606
0
LINE
8
BLACK
6
CONTINUOUS
10
1.8580626377952756
20
0.8047124803149606
11
1.8573381889763778
21
0.8064615354330709
0
LINE
8
BLACK
6
CONTINUOUS
10
1.8573381889763778
20
0.8064615354330709
11
1.8572703543307085
21
0.8069767322834646
0
LINE
8
BLACK
6
CONTINUOUS
10
1.8572703543307085
20
0.8069767322834646
11
1.8570020472440945
21
0.8077435433070866
0
LINE
8
BLACK
6
CONTINUOUS
10
1.8570020472440945
20
0.8077435433070866
11
1.8566929527559055
21
0.8110403937007874
0
LINE
8
BLACK
6
CONTINUOUS
10
1.8566929527559055
20
0.8110403937007874
11
1.8566929133858268
21
0.811362716535433
0
LINE
8
BLACK
6
CONTINUOUS
10
1.8566929133858268
20
0.811362716535433
11
1.8566929133858268
21
0.8113630314960629
0
LINE
8
BLACK
6
CONTINUOUS
10
1.8566929133858268
20
0.8113630314960629
11
1.8566929133858268
21
0.8530070078740157
0
LINE
8
BLACK
6
CONTINUOUS
10
1.8566929133858268
20
0.8530070078740157
11
1.8566929133858268
21
0.8533297244094488
0
LINE
8
BLACK
6
CONTINUOUS
10
1.8566929133858268
20
0.8533297244094488
11
1.8570020472440945
21
0.8566265354330709
0
LINE
8
BLACK
6
CONTINUOUS
10
1.8570020472440945
20
0.8566265354330709
11
1.8572703543307085
21
0.8573933464566929
0
LINE
8
BLACK
6
CONTINUOUS
10
1.8572703543307085
20
0.8573933464566929
11
1.8573381889763778
21
0.8579085039370079
0
LINE
8
BLACK
6
CONTINUOUS
10
1.8573381889763778
20
0.8579085039370079
11
1.8580625590551181
21
0.8596573228346457
0
LINE
8
BLACK
6
CONTINUOUS
10
1.8580625590551181
20
0.8596573228346457
11
1.8587479133858267
21
0.861615905511811
0
LINE
8
BLACK
6
CONTINUOUS
10
1.8587479133858267
20
0.861615905511811
11
1.8590348818897637
21
0.8620047637795275
0
LINE
8
BLACK
6
CONTINUOUS
10
1.8590348818897637
20
0.8620047637795275
11
1.8591054724409448
21
0.8621751181102362
0
LINE
8
BLACK
6
CONTINUOUS
10
1.8591054724409448
20
0.8621751181102362
11
1.8605493307086614
21
0.8640567716535433
0
LINE
8
BLACK
6
CONTINUOUS
10
1.8605493307086614
20
0.8640567716535433
11
1.8618868503937007
21
0.8658690551181102
0
LINE
8
BLACK
6
CONTINUOUS
10
1.8618868503937007
20
0.8658690551181102
11
1.8636994094488188
21
0.8672067716535433
0
LINE
8
BLACK
6
CONTINUOUS
10
1.8636994094488188
20
0.8672067716535433
11
1.8655807480314961
21
0.8686503937007873
0
LINE
8
BLACK
6
CONTINUOUS
10
1.8655807480314961
20
0.8686503937007873
11
1.8657510236220471
21
0.868720905511811
0
LINE
8
BLACK
6
CONTINUOUS
10
1.8657510236220471
20
0.868720905511811
11
1.8661399999999999
21
0.8690079921259842
0
LINE
8
BLACK
6
CONTINUOUS
10
1.8661399999999999
20
0.8690079921259842
11
1.8680988976377952
21
0.8696934251968503
0
LINE
8
BLACK
6
CONTINUOUS
10
1.8680988976377952
20
0.8696934251968503
11
1.8698473622047245
21
0.8704176771653543
0
LINE
8
BLACK
6
CONTINUOUS
10
1.8698473622047245
20
0.8704176771653543
11
1.870362401574803
21
0.8704854724409449
0
LINE
8
BLACK
6
CONTINUOUS
10
1.870362401574803
20
0.8704854724409449
11
1.8711293700787401
21
0.8707538582677166
0
LINE
8
BLACK
6
CONTINUOUS
10
1.8711293700787401
20
0.8707538582677166
11
1.8744262204724409
21
0.8710629527559055
0
LINE
8
BLACK
6
CONTINUOUS
10
1.8744262204724409
20
0.8710629527559055
11
1.8747485433070865
21
0.8710629527559055
0
LINE
8
BLACK
6
CONTINUOUS
10
1.8747485433070865
20
0.8710629527559055
11
1.8747488582677165
21
0.8710629921259843
0
LINE
8
BLACK
6
CONTINUOUS
10
1.8747488582677165
20
0.8710629921259843
11
1.9252511417322835
21
0.8710629921259843
0
LINE
8
BLACK
6
CONTINUOUS
10
1.9252511417322835
20
0.8710629921259843
11
1.9252511417322835
21
0.8710629527559055
0
LINE
8
BLACK
6
CONTINUOUS
10
2.0767728740157478
20
0.7110220472440945
11
2.0787860629921258
21
0.7110220472440945
0
LINE
8
BLACK
6
CONTINUOUS
10
2.0787860629921258
20
0.7110220472440945
11
2.0805242913385826
21
0.7106525590551181
0
LINE
8
BLACK
6
CONTINUOUS
10
2.0805242913385826
20
0.7106525590551181
11
2.0820614566929132
21
0.7105011811023622
0
LINE
8
BLACK
6
CONTINUOUS
10
2.0820614566929132
20
0.7105011811023622
11
2.0839925196850393
21
0.7099153543307086
0
LINE
8
BLACK
6
CONTINUOUS
10
2.0839925196850393
20
0.7099153543307086
11
2.0861927559055116
21
0.709447716535433
0
LINE
8
BLACK
6
CONTINUOUS
10
2.0861927559055116
20
0.709447716535433
11
2.087600748031496
21
0.7088207874015748
0
LINE
8
BLACK
6
CONTINUOUS
10
2.087600748031496
20
0.7088207874015748
11
2.0888520078740158
21
0.7084412598425197
0
LINE
8
BLACK
6
CONTINUOUS
10
2.0888520078740158
20
0.7084412598425197
11
2.0908404724409446
21
0.7073783858267716
0
LINE
8
BLACK
6
CONTINUOUS
10
2.0908404724409446
20
0.7073783858267716
11
2.0931102362204723
21
0.7063678346456693
0
LINE
8
BLACK
6
CONTINUOUS
10
2.0931102362204723
20
0.7063678346456693
11
2.0941654330708661
21
0.7056011811023621
0
LINE
8
BLACK
6
CONTINUOUS
10
2.0941654330708661
20
0.7056011811023621
11
2.0951097244094488
21
0.7050964566929133
0
LINE
8
BLACK
6
CONTINUOUS
10
2.0951097244094488
20
0.7050964566929133
11
2.0970359055118108
21
0.7035156299212598
0
LINE
8
BLACK
6
CONTINUOUS
10
2.0970359055118108
20
0.7035156299212598
11
2.0992362204724411
21
0.7019170472440944
0
LINE
8
BLACK
6
CONTINUOUS
10
2.0992362204724411
20
0.7019170472440944
11
2.0999506299212598
21
0.7011235826771653
0
LINE
8
BLACK
6
CONTINUOUS
10
2.0999506299212598
20
0.7011235826771653
11
2.1005948818897635
21
0.7005948818897637
0
LINE
8
BLACK
6
CONTINUOUS
10
2.1005948818897635
20
0.7005948818897637
11
2.1023260629921259
21
0.6984853937007874
0
LINE
8
BLACK
6
CONTINUOUS
10
2.1023260629921259
20
0.6984853937007874
11
2.1043029921259842
21
0.6962898425196851
0
LINE
8
BLACK
6
CONTINUOUS
10
2.1043029921259842
20
0.6962898425196851
11
2.1047182677165353
21
0.6955704724409448
0
LINE
8
BLACK
6
CONTINUOUS
10
2.1047182677165353
20
0.6955704724409448
11
2.1050964566929133
21
0.6951097244094488
0
LINE
8
BLACK
6
CONTINUOUS
10
2.1050964566929133
20
0.6951097244094488
11
2.1064952755905511
21
0.6924926771653543
0
LINE
8
BLACK
6
CONTINUOUS
10
2.1064952755905511
20
0.6924926771653543
11
2.1080890551181102
21
0.6897322047244094
0
LINE
8
BLACK
6
CONTINUOUS
10
2.1080890551181102
20
0.6897322047244094
11
2.1082724015748031
21
0.6891679133858267
0
LINE
8
BLACK
6
CONTINUOUS
10
2.1082724015748031
20
0.6891679133858267
11
2.1084412598425195
21
0.6888520078740157
0
LINE
8
BLACK
6
CONTINUOUS
10
2.1084412598425195
20
0.6888520078740157
11
2.1093724803149607
21
0.6857822047244094
0
LINE
8
BLACK
6
CONTINUOUS
10
2.1093724803149607
20
0.6857822047244094
11
2.1104289763779529
21
0.6825306692913385
0
LINE
8
BLACK
6
CONTINUOUS
10
2.1104289763779529
20
0.6825306692913385
11
2.1104661417322834
21
0.6821768897637795
0
LINE
8
BLACK
6
CONTINUOUS
10
2.1104661417322834
20
0.6821768897637795
11
2.1105011811023622
21
0.6820614566929134
0
LINE
8
BLACK
6
CONTINUOUS
10
2.1105011811023622
20
0.6820614566929134
11
2.1108419685039368
21
0.6786009842519685
0
LINE
8
BLACK
6
CONTINUOUS
10
2.1108419685039368
20
0.6786009842519685
11
2.1112204724409449
21
0.6749999999999999
0
LINE
8
BLACK
6
CONTINUOUS
10
2.1112204724409449
20
0.6749999999999999
11
2.1108420078740155
21
0.6713992519685039
0
LINE
8
BLACK
6
CONTINUOUS
10
2.1108420078740155
20
0.6713992519685039
11
2.1105011811023622
21
0.6679385039370078
0
LINE
8
BLACK
6
CONTINUOUS
10
2.1105011811023622
20
0.6679385039370078
11
2.1104661417322834
21
0.6678229921259843
0
LINE
8
BLACK
6
CONTINUOUS
10
2.1104661417322834
20
0.6678229921259843
11
2.1104289763779529
21
0.6674693307086614
0
LINE
8
BLACK
6
CONTINUOUS
10
2.1104289763779529
20
0.6674693307086614
11
2.1093726377952757
21
0.6642183070866141
0
LINE
8
BLACK
6
CONTINUOUS
10
2.1093726377952757
20
0.6642183070866141
11
2.1084412598425195
21
0.6611479527559055
0
LINE
8
BLACK
6
CONTINUOUS
10
2.1084412598425195
20
0.6611479527559055
11
2.1082723622047244
21
0.660831968503937
0
LINE
8
BLACK
6
CONTINUOUS
10
2.1082723622047244
20
0.660831968503937
11
2.1080890551181102
21
0.6602677952755905
0
LINE
8
BLACK
6
CONTINUOUS
10
2.1080890551181102
20
0.6602677952755905
11
2.1064955511811023
21
0.6575077559055118
0
LINE
8
BLACK
6
CONTINUOUS
10
2.1064955511811023
20
0.6575077559055118
11
2.1050964566929133
21
0.6548902362204724
0
LINE
8
BLACK
6
CONTINUOUS
10
2.1050964566929133
20
0.6548902362204724
11
2.1047181889763777
21
0.6544293307086614
0
LINE
8
BLACK
6
CONTINUOUS
10
2.1047181889763777
20
0.6544293307086614
11
2.1043029921259842
21
0.6537101574803149
0
LINE
8
BLACK
6
CONTINUOUS
10
2.1043029921259842
20
0.6537101574803149
11
2.1023264566929134
21
0.651515
0
LINE
8
BLACK
6
CONTINUOUS
10
2.1023264566929134
20
0.651515
11
2.1005948818897635
21
0.6494050787401575
0
LINE
8
BLACK
6
CONTINUOUS
10
2.1005948818897635
20
0.6494050787401575
11
2.0999505118110235
21
0.6488762598425196
0
LINE
8
BLACK
6
CONTINUOUS
10
2.0999505118110235
20
0.6488762598425196
11
2.0992362204724411
21
0.6480829527559056
0
LINE
8
BLACK
6
CONTINUOUS
10
2.0992362204724411
20
0.6480829527559056
11
2.0970363385826771
21
0.6464846456692913
0
LINE
8
BLACK
6
CONTINUOUS
10
2.0970363385826771
20
0.6464846456692913
11
2.0951097244094488
21
0.6449035039370079
0
LINE
8
BLACK
6
CONTINUOUS
10
2.0951097244094488
20
0.6449035039370079
11
2.0941651968503936
21
0.6443986614173228
0
LINE
8
BLACK
6
CONTINUOUS
10
2.0941651968503936
20
0.6443986614173228
11
2.0931102362204723
21
0.6436321653543307
0
LINE
8
BLACK
6
CONTINUOUS
10
2.0931102362204723
20
0.6436321653543307
11
2.0908409448818897
21
0.6426217716535433
0
LINE
8
BLACK
6
CONTINUOUS
10
2.0908409448818897
20
0.6426217716535433
11
2.0888520078740158
21
0.6415587007874015
0
LINE
8
BLACK
6
CONTINUOUS
10
2.0888520078740158
20
0.6415587007874015
11
2.0876004724409447
21
0.6411790157480315
0
LINE
8
BLACK
6
CONTINUOUS
10
2.0876004724409447
20
0.6411790157480315
11
2.0861927559055116
21
0.6405522834645669
0
LINE
8
BLACK
6
CONTINUOUS
10
2.0861927559055116
20
0.6405522834645669
11
2.0839929527559056
21
0.6400846850393701
0
LINE
8
BLACK
6
CONTINUOUS
10
2.0839929527559056
20
0.6400846850393701
11
2.0820614566929132
21
0.6394987795275591
0
LINE
8
BLACK
6
CONTINUOUS
10
2.0820614566929132
20
0.6394987795275591
11
2.0805239763779526
21
0.6393473228346457
0
LINE
8
BLACK
6
CONTINUOUS
10
2.0805239763779526
20
0.6393473228346457
11
2.0787860629921258
21
0.6389779527559055
0
LINE
8
BLACK
6
CONTINUOUS
10
2.0787860629921258
20
0.6389779527559055
11
2.0767732677165354
21
0.6389779527559055
0
LINE
8
BLACK
6
CONTINUOUS
10
2.0767732677165354
20
0.6389779527559055
11
2.0749999999999997
21
0.6388033070866141
0
LINE
8
BLACK
6
CONTINUOUS
10
2.0749999999999997
20
0.6388033070866141
11
2.0732267322834645
21
0.6389779527559055
0
LINE
8
BLACK
6
CONTINUOUS
10
2.0732267322834645
20
0.6389779527559055
11
2.0712139370078742
21
0.6389779527559055
0
LINE
8
BLACK
6
CONTINUOUS
10
2.0712139370078742
20
0.6389779527559055
11
2.0694760236220473
21
0.6393473228346457
0
LINE
8
BLACK
6
CONTINUOUS
10
2.0694760236220473
20
0.6393473228346457
11
2.067938503937008
21
0.6394987795275591
0
LINE
8
BLACK
6
CONTINUOUS
10
2.067938503937008
20
0.6394987795275591
11
2.0660068503937006
21
0.6400847244094489
0
LINE
8
BLACK
6
CONTINUOUS
10
2.0660068503937006
20
0.6400847244094489
11
2.0638072440944883
21
0.6405522834645669
0
LINE
8
BLACK
6
CONTINUOUS
10
2.0638072440944883
20
0.6405522834645669
11
2.062399566929134
21
0.6411789763779527
0
LINE
8
BLACK
6
CONTINUOUS
10
2.062399566929134
20
0.6411789763779527
11
2.0611479527559053
21
0.6415587007874015
0
LINE
8
BLACK
6
CONTINUOUS
10
2.0611479527559053
20
0.6415587007874015
11
2.059158779527559
21
0.6426218897637795
0
LINE
8
BLACK
6
CONTINUOUS
10
2.059158779527559
20
0.6426218897637795
11
2.0568897637795276
21
0.6436321653543307
0
LINE
8
BLACK
6
CONTINUOUS
10
2.0568897637795276
20
0.6436321653543307
11
2.0558348425196851
21
0.6443985826771653
0
LINE
8
BLACK
6
CONTINUOUS
10
2.0558348425196851
20
0.6443985826771653
11
2.0548902362204724
21
0.6449035039370079
0
LINE
8
BLACK
6
CONTINUOUS
10
2.0548902362204724
20
0.6449035039370079
11
2.0529632677165353
21
0.6464848818897637
0
LINE
8
BLACK
6
CONTINUOUS
10
2.0529632677165353
20
0.6464848818897637
11
2.0507637795275588
21
0.6480829527559056
0
LINE
8
BLACK
6
CONTINUOUS
10
2.0507637795275588
20
0.6480829527559056
11
2.0500495669291339
21
0.6488761417322835
0
LINE
8
BLACK
6
CONTINUOUS
10
2.0500495669291339
20
0.6488761417322835
11
2.0494050787401576
21
0.6494050787401575
0
LINE
8
BLACK
6
CONTINUOUS
10
2.0494050787401576
20
0.6494050787401575
11
2.0476730708661415
21
0.6515154724409449
0
LINE
8
BLACK
6
CONTINUOUS
10
2.0476730708661415
20
0.6515154724409449
11
2.0456970078740158
21
0.6537101574803149
0
LINE
8
BLACK
6
CONTINUOUS
10
2.0456970078740158
20
0.6537101574803149
11
2.0452818503937009
21
0.6544291732283465
0
LINE
8
BLACK
6
CONTINUOUS
10
2.0452818503937009
20
0.6544291732283465
11
2.0449035039370078
21
0.6548902362204724
0
LINE
8
BLACK
6
CONTINUOUS
10
2.0449035039370078
20
0.6548902362204724
11
2.0435038976377951
21
0.6575087007874015
0
LINE
8
BLACK
6
CONTINUOUS
10
2.0435038976377951
20
0.6575087007874015
11
2.0419109448818897
21
0.6602677952755905
0
LINE
8
BLACK
6
CONTINUOUS
10
2.0419109448818897
20
0.6602677952755905
11
2.0417276771653543
21
0.6608317716535433
0
LINE
8
BLACK
6
CONTINUOUS
10
2.0417276771653543
20
0.6608317716535433
11
2.0415587007874016
21
0.6611479527559055
0
LINE
8
BLACK
6
CONTINUOUS
10
2.0415587007874016
20
0.6611479527559055
11
2.0406267322834646
21
0.6642201574803149
0
LINE
8
BLACK
6
CONTINUOUS
10
2.0406267322834646
20
0.6642201574803149
11
2.039571023622047
21
0.6674693307086614
0
LINE
8
BLACK
6
CONTINUOUS
10
2.039571023622047
20
0.6674693307086614
11
2.0395338582677165
21
0.6678227952755905
0
LINE
8
BLACK
6
CONTINUOUS
10
2.0395338582677165
20
0.6678227952755905
11
2.039498779527559
21
0.6679385039370078
0
LINE
8
BLACK
6
CONTINUOUS
10
2.039498779527559
20
0.6679385039370078
11
2.0391573228346456
21
0.6714051968503937
0
LINE
8
BLACK
6
CONTINUOUS
10
2.0391573228346456
20
0.6714051968503937
11
2.038779527559055
21
0.6749999999999999
0
LINE
8
BLACK
6
CONTINUOUS
10
2.038779527559055
20
0.6749999999999999
11
2.0391573622047243
21
0.6785950393700787
0
LINE
8
BLACK
6
CONTINUOUS
10
2.0391573622047243
20
0.6785950393700787
11
2.039498779527559
21
0.6820614566929134
0
LINE
8
BLACK
6
CONTINUOUS
10
2.039498779527559
20
0.6820614566929134
11
2.0395338582677165
21
0.6821770866141732
0
LINE
8
BLACK
6
CONTINUOUS
10
2.0395338582677165
20
0.6821770866141732
11
2.039571023622047
21
0.6825306692913385
0
LINE
8
BLACK
6
CONTINUOUS
10
2.039571023622047
20
0.6825306692913385
11
2.0406268897637796
21
0.6857803543307086
0
LINE
8
BLACK
6
CONTINUOUS
10
2.0406268897637796
20
0.6857803543307086
11
2.0415587007874016
21
0.6888520078740157
0
LINE
8
BLACK
6
CONTINUOUS
10
2.0415587007874016
20
0.6888520078740157
11
2.0417276377952756
21
0.6891680708661417
0
LINE
8
BLACK
6
CONTINUOUS
10
2.0417276377952756
20
0.6891680708661417
11
2.0419109448818897
21
0.6897322047244094
0
LINE
8
BLACK
6
CONTINUOUS
10
2.0419109448818897
20
0.6897322047244094
11
2.0435041732283463
21
0.6924917716535433
0
LINE
8
BLACK
6
CONTINUOUS
10
2.0435041732283463
20
0.6924917716535433
11
2.0449035039370078
21
0.6951097244094488
0
LINE
8
BLACK
6
CONTINUOUS
10
2.0449035039370078
20
0.6951097244094488
11
2.0452817716535434
21
0.6955706299212598
0
LINE
8
BLACK
6
CONTINUOUS
10
2.0452817716535434
20
0.6955706299212598
11
2.0456970078740158
21
0.6962898425196851
0
LINE
8
BLACK
6
CONTINUOUS
10
2.0456970078740158
20
0.6962898425196851
11
2.0476734251968502
21
0.6984848818897638
0
LINE
8
BLACK
6
CONTINUOUS
10
2.0476734251968502
20
0.6984848818897638
11
2.0494050787401576
21
0.7005948818897637
0
LINE
8
BLACK
6
CONTINUOUS
10
2.0494050787401576
20
0.7005948818897637
11
2.0500494488188976
21
0.7011237007874016
0
LINE
8
BLACK
6
CONTINUOUS
10
2.0500494488188976
20
0.7011237007874016
11
2.0507637795275588
21
0.7019170472440944
0
LINE
8
BLACK
6
CONTINUOUS
10
2.0507637795275588
20
0.7019170472440944
11
2.0529637007874015
21
0.7035153543307087
0
LINE
8
BLACK
6
CONTINUOUS
10
2.0529637007874015
20
0.7035153543307087
11
2.0548902362204724
21
0.7050964566929133
0
LINE
8
BLACK
6
CONTINUOUS
10
2.0548902362204724
20
0.7050964566929133
11
2.0558346456692913
21
0.7056012598425196
0
LINE
8
BLACK
6
CONTINUOUS
10
2.0558346456692913
20
0.7056012598425196
11
2.0568897637795276
21
0.7063678346456693
0
LINE
8
BLACK
6
CONTINUOUS
10
2.0568897637795276
20
0.7063678346456693
11
2.059159251968504
21
0.7073782677165354
0
LINE
8
BLACK
6
CONTINUOUS
10
2.059159251968504
20
0.7073782677165354
11
2.0611479527559053
21
0.7084412598425197
0
LINE
8
BLACK
6
CONTINUOUS
10
2.0611479527559053
20
0.7084412598425197
11
2.0623992913385827
21
0.7088208267716535
0
LINE
8
BLACK
6
CONTINUOUS
10
2.0623992913385827
20
0.7088208267716535
11
2.0638072440944883
21
0.709447716535433
0
LINE
8
BLACK
6
CONTINUOUS
10
2.0638072440944883
20
0.709447716535433
11
2.0660072834645669
21
0.7099153149606299
0
LINE
8
BLACK
6
CONTINUOUS
10
2.0660072834645669
20
0.7099153149606299
11
2.067938503937008
21
0.7105011811023622
0
LINE
8
BLACK
6
CONTINUOUS
10
2.067938503937008
20
0.7105011811023622
11
2.0694756692913385
21
0.7106525590551181
0
LINE
8
BLACK
6
CONTINUOUS
10
2.0694756692913385
20
0.7106525590551181
11
2.0712139370078742
21
0.7110220472440945
0
LINE
8
BLACK
6
CONTINUOUS
10
2.0712139370078742
20
0.7110220472440945
11
2.0732271259842521
21
0.7110220472440945
0
LINE
8
BLACK
6
CONTINUOUS
10
2.0732271259842521
20
0.7110220472440945
11
2.0749999999999997
21
0.7111966535433071
0
LINE
8
BLACK
6
CONTINUOUS
10
2.0749999999999997
20
0.7111966535433071
11
2.0767728740157478
21
0.7110220472440945
0
LINE
8
BLACK
6
CONTINUOUS
10
2.1767728740157479
20
0.7110220472440945
11
2.1787860629921258
21
0.7110220472440945
0
LINE
8
BLACK
6
CONTINUOUS
10
2.1787860629921258
20
0.7110220472440945
11
2.1805242913385827
21
0.7106525590551181
0
LINE
8
BLACK
6
CONTINUOUS
10
2.1805242913385827
20
0.7106525590551181
11
2.1820614566929133
21
0.7105011811023622
0
LINE
8
BLACK
6
CONTINUOUS
10
2.1820614566929133
20
0.7105011811023622
11
2.1839925196850394
21
0.7099153543307086
0
LINE
8
BLACK
6
CONTINUOUS
10
2.1839925196850394
20
0.7099153543307086
11
2.1861927559055117
21
0.709447716535433
0
LINE
8
BLACK
6
CONTINUOUS
10
2.1861927559055117
20
0.709447716535433
11
2.1876007480314961
21
0.7088207874015748
0
LINE
8
BLACK
6
CONTINUOUS
10
2.1876007480314961
20
0.7088207874015748
11
2.1888520078740159
21
0.7084412598425197
0
LINE
8
BLACK
6
CONTINUOUS
10
2.1888520078740159
20
0.7084412598425197
11
2.1908404724409447
21
0.7073783858267716
0
LINE
8
BLACK
6
CONTINUOUS
10
2.1908404724409447
20
0.7073783858267716
11
2.1931102362204724
21
0.7063678346456693
0
LINE
8
BLACK
6
CONTINUOUS
10
2.1931102362204724
20
0.7063678346456693
11
2.1941654330708662
21
0.7056011811023621
0
LINE
8
BLACK
6
CONTINUOUS
10
2.1941654330708662
20
0.7056011811023621
11
2.1951097244094488
21
0.7050964566929133
0
LINE
8
BLACK
6
CONTINUOUS
10
2.1951097244094488
20
0.7050964566929133
11
2.1970359055118109
21
0.7035156299212598
0
LINE
8
BLACK
6
CONTINUOUS
10
2.1970359055118109
20
0.7035156299212598
11
2.1992362204724407
21
0.7019170472440944
0
LINE
8
BLACK
6
CONTINUOUS
10
2.1992362204724407
20
0.7019170472440944
11
2.1999506299212599
21
0.7011235826771653
0
LINE
8
BLACK
6
CONTINUOUS
10
2.1999506299212599
20
0.7011235826771653
11
2.2005948818897636
21
0.7005948818897637
0
LINE
8
BLACK
6
CONTINUOUS
10
2.2005948818897636
20
0.7005948818897637
11
2.202326062992126
21
0.6984853937007874
0
LINE
8
BLACK
6
CONTINUOUS
10
2.202326062992126
20
0.6984853937007874
11
2.2043029921259842
21
0.6962898425196851
0
LINE
8
BLACK
6
CONTINUOUS
10
2.2043029921259842
20
0.6962898425196851
11
2.2047182677165353
21
0.6955704724409448
0
LINE
8
BLACK
6
CONTINUOUS
10
2.2047182677165353
20
0.6955704724409448
11
2.2050964566929134
21
0.6951097244094488
0
LINE
8
BLACK
6
CONTINUOUS
10
2.2050964566929134
20
0.6951097244094488
11
2.2064952755905511
21
0.6924926771653543
0
LINE
8
BLACK
6
CONTINUOUS
10
2.2064952755905511
20
0.6924926771653543
11
2.2080890551181103
21
0.6897322047244094
0
LINE
8
BLACK
6
CONTINUOUS
10
2.2080890551181103
20
0.6897322047244094
11
2.2082724015748032
21
0.6891679133858267
0
LINE
8
BLACK
6
CONTINUOUS
10
2.2082724015748032
20
0.6891679133858267
11
2.2084412598425196
21
0.6888520078740157
0
LINE
8
BLACK
6
CONTINUOUS
10
2.2084412598425196
20
0.6888520078740157
11
2.2093724803149604
21
0.6857822047244094
0
LINE
8
BLACK
6
CONTINUOUS
10
2.2093724803149604
20
0.6857822047244094
11
2.2104289763779525
21
0.6825306692913385
0
LINE
8
BLACK
6
CONTINUOUS
10
2.2104289763779525
20
0.6825306692913385
11
2.2104661417322835
21
0.6821768897637795
0
LINE
8
BLACK
6
CONTINUOUS
10
2.2104661417322835
20
0.6821768897637795
11
2.2105011811023623
21
0.6820614566929134
0
LINE
8
BLACK
6
CONTINUOUS
10
2.2105011811023623
20
0.6820614566929134
11
2.2108419685039369
21
0.6786009842519685
0
LINE
8
BLACK
6
CONTINUOUS
10
2.2108419685039369
20
0.6786009842519685
11
2.211220472440945
21
0.6749999999999999
0
LINE
8
BLACK
6
CONTINUOUS
10
2.211220472440945
20
0.6749999999999999
11
2.2108420078740156
21
0.6713992519685039
0
LINE
8
BLACK
6
CONTINUOUS
10
2.2108420078740156
20
0.6713992519685039
11
2.2105011811023623
21
0.6679385039370078
0
LINE
8
BLACK
6
CONTINUOUS
10
2.2105011811023623
20
0.6679385039370078
11
2.2104661417322835
21
0.6678229921259843
0
LINE
8
BLACK
6
CONTINUOUS
10
2.2104661417322835
20
0.6678229921259843
11
2.2104289763779525
21
0.6674693307086614
0
LINE
8
BLACK
6
CONTINUOUS
10
2.2104289763779525
20
0.6674693307086614
11
2.2093726377952754
21
0.6642183070866141
0
LINE
8
BLACK
6
CONTINUOUS
10
2.2093726377952754
20
0.6642183070866141
11
2.2084412598425196
21
0.6611479527559055
0
LINE
8
BLACK
6
CONTINUOUS
10
2.2084412598425196
20
0.6611479527559055
11
2.2082723622047244
21
0.660831968503937
0
LINE
8
BLACK
6
CONTINUOUS
10
2.2082723622047244
20
0.660831968503937
11
2.2080890551181103
21
0.6602677952755905
0
LINE
8
BLACK
6
CONTINUOUS
10
2.2080890551181103
20
0.6602677952755905
11
2.2064955511811024
21
0.6575077559055118
0
LINE
8
BLACK
6
CONTINUOUS
10
2.2064955511811024
20
0.6575077559055118
11
2.2050964566929134
21
0.6548902362204724
0
LINE
8
BLACK
6
CONTINUOUS
10
2.2050964566929134
20
0.6548902362204724
11
2.2047181889763778
21
0.6544293307086614
0
LINE
8
BLACK
6
CONTINUOUS
10
2.2047181889763778
20
0.6544293307086614
11
2.2043029921259842
21
0.6537101574803149
0
LINE
8
BLACK
6
CONTINUOUS
10
2.2043029921259842
20
0.6537101574803149
11
2.2023264566929135
21
0.651515
0
LINE
8
BLACK
6
CONTINUOUS
10
2.2023264566929135
20
0.651515
11
2.2005948818897636
21
0.6494050787401575
0
LINE
8
BLACK
6
CONTINUOUS
10
2.2005948818897636
20
0.6494050787401575
11
2.1999505118110236
21
0.6488762598425196
0
LINE
8
BLACK
6
CONTINUOUS
10
2.1999505118110236
20
0.6488762598425196
11
2.1992362204724407
21
0.6480829527559056
0
LINE
8
BLACK
6
CONTINUOUS
10
2.1992362204724407
20
0.6480829527559056
11
2.1970363385826772
21
0.6464846456692913
0
LINE
8
BLACK
6
CONTINUOUS
10
2.1970363385826772
20
0.6464846456692913
11
2.1951097244094488
21
0.6449035039370079
0
LINE
8
BLACK
6
CONTINUOUS
10
2.1951097244094488
20
0.6449035039370079
11
2.1941651968503937
21
0.6443986614173228
0
LINE
8
BLACK
6
CONTINUOUS
10
2.1941651968503937
20
0.6443986614173228
11
2.1931102362204724
21
0.6436321653543307
0
LINE
8
BLACK
6
CONTINUOUS
10
2.1931102362204724
20
0.6436321653543307
11
2.1908409448818897
21
0.6426217716535433
0
LINE
8
BLACK
6
CONTINUOUS
10
2.1908409448818897
20
0.6426217716535433
11
2.1888520078740159
21
0.6415587007874015
0
LINE
8
BLACK
6
CONTINUOUS
10
2.1888520078740159
20
0.6415587007874015
11
2.1876004724409448
21
0.6411790157480315
0
LINE
8
BLACK
6
CONTINUOUS
10
2.1876004724409448
20
0.6411790157480315
11
2.1861927559055117
21
0.6405522834645669
0
LINE
8
BLACK
6
CONTINUOUS
10
2.1861927559055117
20
0.6405522834645669
11
2.1839929527559057
21
0.6400846850393701
0
LINE
8
BLACK
6
CONTINUOUS
10
2.1839929527559057
20
0.6400846850393701
11
2.1820614566929133
21
0.6394987795275591
0
LINE
8
BLACK
6
CONTINUOUS
10
2.1820614566929133
20
0.6394987795275591
11
2.1805239763779527
21
0.6393473228346457
0
LINE
8
BLACK
6
CONTINUOUS
10
2.1805239763779527
20
0.6393473228346457
11
2.1787860629921258
21
0.6389779527559055
0
LINE
8
BLACK
6
CONTINUOUS
10
2.1787860629921258
20
0.6389779527559055
11
2.1767732677165355
21
0.6389779527559055
0
LINE
8
BLACK
6
CONTINUOUS
10
2.1767732677165355
20
0.6389779527559055
11
2.1749999999999998
21
0.6388033070866141
0
LINE
8
BLACK
6
CONTINUOUS
10
2.1749999999999998
20
0.6388033070866141
11
2.1732267322834646
21
0.6389779527559055
0
LINE
8
BLACK
6
CONTINUOUS
10
2.1732267322834646
20
0.6389779527559055
11
2.1712139370078738
21
0.6389779527559055
0
LINE
8
BLACK
6
CONTINUOUS
10
2.1712139370078738
20
0.6389779527559055
11
2.1694760236220474
21
0.6393473228346457
0
LINE
8
BLACK
6
CONTINUOUS
10
2.1694760236220474
20
0.6393473228346457
11
2.167938503937008
21
0.6394987795275591
0
LINE
8
BLACK
6
CONTINUOUS
10
2.167938503937008
20
0.6394987795275591
11
2.1660068503937007
21
0.6400847244094489
0
LINE
8
BLACK
6
CONTINUOUS
10
2.1660068503937007
20
0.6400847244094489
11
2.163807244094488
21
0.6405522834645669
0
LINE
8
BLACK
6
CONTINUOUS
10
2.163807244094488
20
0.6405522834645669
11
2.1623995669291336
21
0.6411789763779527
0
LINE
8
BLACK
6
CONTINUOUS
10
2.1623995669291336
20
0.6411789763779527
11
2.1611479527559054
21
0.6415587007874015
0
LINE
8
BLACK
6
CONTINUOUS
10
2.1611479527559054
20
0.6415587007874015
11
2.1591587795275591
21
0.6426218897637795
0
LINE
8
BLACK
6
CONTINUOUS
10
2.1591587795275591
20
0.6426218897637795
11
2.1568897637795277
21
0.6436321653543307
0
LINE
8
BLACK
6
CONTINUOUS
10
2.1568897637795277
20
0.6436321653543307
11
2.1558348425196852
21
0.6443985826771653
0
LINE
8
BLACK
6
CONTINUOUS
10
2.1558348425196852
20
0.6443985826771653
11
2.1548902362204725
21
0.6449035039370079
0
LINE
8
BLACK
6
CONTINUOUS
10
2.1548902362204725
20
0.6449035039370079
11
2.1529632677165353
21
0.6464848818897637
0
LINE
8
BLACK
6
CONTINUOUS
10
2.1529632677165353
20
0.6464848818897637
11
2.1507637795275589
21
0.6480829527559056
0
LINE
8
BLACK
6
CONTINUOUS
10
2.1507637795275589
20
0.6480829527559056
11
2.150049566929134
21
0.6488761417322835
0
LINE
8
BLACK
6
CONTINUOUS
10
2.150049566929134
20
0.6488761417322835
11
2.1494050787401573
21
0.6494050787401575
0
LINE
8
BLACK
6
CONTINUOUS
10
2.1494050787401573
20
0.6494050787401575
11
2.1476730708661416
21
0.6515154724409449
0
LINE
8
BLACK
6
CONTINUOUS
10
2.1476730708661416
20
0.6515154724409449
11
2.1456970078740158
21
0.6537101574803149
0
LINE
8
BLACK
6
CONTINUOUS
10
2.1456970078740158
20
0.6537101574803149
11
2.1452818503937006
21
0.6544291732283465
0
LINE
8
BLACK
6
CONTINUOUS
10
2.1452818503937006
20
0.6544291732283465
11
2.1449035039370079
21
0.6548902362204724
0
LINE
8
BLACK
6
CONTINUOUS
10
2.1449035039370079
20
0.6548902362204724
11
2.1435038976377951
21
0.6575087007874015
0
LINE
8
BLACK
6
CONTINUOUS
10
2.1435038976377951
20
0.6575087007874015
11
2.1419109448818898
21
0.6602677952755905
0
LINE
8
BLACK
6
CONTINUOUS
10
2.1419109448818898
20
0.6602677952755905
11
2.1417276771653544
21
0.6608317716535433
0
LINE
8
BLACK
6
CONTINUOUS
10
2.1417276771653544
20
0.6608317716535433
11
2.1415587007874017
21
0.6611479527559055
0
LINE
8
BLACK
6
CONTINUOUS
10
2.1415587007874017
20
0.6611479527559055
11
2.1406267322834647
21
0.6642201574803149
0
LINE
8
BLACK
6
CONTINUOUS
10
2.1406267322834647
20
0.6642201574803149
11
2.1395710236220471
21
0.6674693307086614
0
LINE
8
BLACK
6
CONTINUOUS
10
2.1395710236220471
20
0.6674693307086614
11
2.1395338582677166
21
0.6678227952755905
0
LINE
8
BLACK
6
CONTINUOUS
10
2.1395338582677166
20
0.6678227952755905
11
2.1394987795275591
21
0.6679385039370078
0
LINE
8
BLACK
6
CONTINUOUS
10
2.1394987795275591
20
0.6679385039370078
11
2.1391573228346457
21
0.6714051968503937
0
LINE
8
BLACK
6
CONTINUOUS
10
2.1391573228346457
20
0.6714051968503937
11
2.1387795275590551
21
0.6749999999999999
0
LINE
8
BLACK
6
CONTINUOUS
10
2.1387795275590551
20
0.6749999999999999
11
2.1391573622047244
21
0.6785950393700787
0
LINE
8
BLACK
6
CONTINUOUS
10
2.1391573622047244
20
0.6785950393700787
11
2.1394987795275591
21
0.6820614566929134
0
LINE
8
BLACK
6
CONTINUOUS
10
2.1394987795275591
20
0.6820614566929134
11
2.1395338582677166
21
0.6821770866141732
0
LINE
8
BLACK
6
CONTINUOUS
10
2.1395338582677166
20
0.6821770866141732
11
2.1395710236220471
21
0.6825306692913385
0
LINE
8
BLACK
6
CONTINUOUS
10
2.1395710236220471
20
0.6825306692913385
11
2.1406268897637797
21
0.6857803543307086
0
LINE
8
BLACK
6
CONTINUOUS
10
2.1406268897637797
20
0.6857803543307086
11
2.1415587007874017
21
0.6888520078740157
0
LINE
8
BLACK
6
CONTINUOUS
10
2.1415587007874017
20
0.6888520078740157
11
2.1417276377952756
21
0.6891680708661417
0
LINE
8
BLACK
6
CONTINUOUS
10
2.1417276377952756
20
0.6891680708661417
11
2.1419109448818898
21
0.6897322047244094
0
LINE
8
BLACK
6
CONTINUOUS
10
2.1419109448818898
20
0.6897322047244094
11
2.1435041732283464
21
0.6924917716535433
0
LINE
8
BLACK
6
CONTINUOUS
10
2.1435041732283464
20
0.6924917716535433
11
2.1449035039370079
21
0.6951097244094488
0
LINE
8
BLACK
6
CONTINUOUS
10
2.1449035039370079
20
0.6951097244094488
11
2.1452817716535431
21
0.6955706299212598
0
LINE
8
BLACK
6
CONTINUOUS
10
2.1452817716535431
20
0.6955706299212598
11
2.1456970078740158
21
0.6962898425196851
0
LINE
8
BLACK
6
CONTINUOUS
10
2.1456970078740158
20
0.6962898425196851
11
2.1476734251968503
21
0.6984848818897638
0
LINE
8
BLACK
6
CONTINUOUS
10
2.1476734251968503
20
0.6984848818897638
11
2.1494050787401573
21
0.7005948818897637
0
LINE
8
BLACK
6
CONTINUOUS
10
2.1494050787401573
20
0.7005948818897637
11
2.1500494488188977
21
0.7011237007874016
0
LINE
8
BLACK
6
CONTINUOUS
10
2.1500494488188977
20
0.7011237007874016
11
2.1507637795275589
21
0.7019170472440944
0
LINE
8
BLACK
6
CONTINUOUS
10
2.1507637795275589
20
0.7019170472440944
11
2.1529637007874016
21
0.7035153543307087
0
LINE
8
BLACK
6
CONTINUOUS
10
2.1529637007874016
20
0.7035153543307087
11
2.1548902362204725
21
0.7050964566929133
0
LINE
8
BLACK
6
CONTINUOUS
10
2.1548902362204725
20
0.7050964566929133
11
2.1558346456692914
21
0.7056012598425196
0
LINE
8
BLACK
6
CONTINUOUS
10
2.1558346456692914
20
0.7056012598425196
11
2.1568897637795277
21
0.7063678346456693
0
LINE
8
BLACK
6
CONTINUOUS
10
2.1568897637795277
20
0.7063678346456693
11
2.1591592519685037
21
0.7073782677165354
0
LINE
8
BLACK
6
CONTINUOUS
10
2.1591592519685037
20
0.7073782677165354
11
2.1611479527559054
21
0.7084412598425197
0
LINE
8
BLACK
6
CONTINUOUS
10
2.1611479527559054
20
0.7084412598425197
11
2.1623992913385828
21
0.7088208267716535
0
LINE
8
BLACK
6
CONTINUOUS
10
2.1623992913385828
20
0.7088208267716535
11
2.163807244094488
21
0.709447716535433
0
LINE
8
BLACK
6
CONTINUOUS
10
2.163807244094488
20
0.709447716535433
11
2.1660072834645669
21
0.7099153149606299
0
LINE
8
BLACK
6
CONTINUOUS
10
2.1660072834645669
20
0.7099153149606299
11
2.167938503937008
21
0.7105011811023622
0
LINE
8
BLACK
6
CONTINUOUS
10
2.167938503937008
20
0.7105011811023622
11
2.1694756692913386
21
0.7106525590551181
0
LINE
8
BLACK
6
CONTINUOUS
10
2.1694756692913386
20
0.7106525590551181
11
2.1712139370078738
21
0.7110220472440945
0
LINE
8
BLACK
6
CONTINUOUS
10
2.1712139370078738
20
0.7110220472440945
11
2.1732271259842517
21
0.7110220472440945
0
LINE
8
BLACK
6
CONTINUOUS
10
2.1732271259842517
20
0.7110220472440945
11
2.1749999999999998
21
0.7111966535433071
0
LINE
8
BLACK
6
CONTINUOUS
10
2.1749999999999998
20
0.7111966535433071
11
2.1767728740157479
21
0.7110220472440945
0
LINE
8
BLACK
6
CONTINUOUS
10
2.276772874015748
20
0.7110220472440945
11
2.2787860629921259
21
0.7110220472440945
0
LINE
8
BLACK
6
CONTINUOUS
10
2.2787860629921259
20
0.7110220472440945
11
2.2805242913385828
21
0.7106525590551181
0
LINE
8
BLACK
6
CONTINUOUS
10
2.2805242913385828
20
0.7106525590551181
11
2.2820614566929134
21
0.7105011811023622
0
LINE
8
BLACK
6
CONTINUOUS
10
2.2820614566929134
20
0.7105011811023622
11
2.2839925196850395
21
0.7099153543307086
0
LINE
8
BLACK
6
CONTINUOUS
10
2.2839925196850395
20
0.7099153543307086
11
2.2861927559055117
21
0.709447716535433
0
LINE
8
BLACK
6
CONTINUOUS
10
2.2861927559055117
20
0.709447716535433
11
2.2876007480314962
21
0.7088207874015748
0
LINE
8
BLACK
6
CONTINUOUS
10
2.2876007480314962
20
0.7088207874015748
11
2.2888520078740155
21
0.7084412598425197
0
LINE
8
BLACK
6
CONTINUOUS
10
2.2888520078740155
20
0.7084412598425197
11
2.2908404724409448
21
0.7073783858267716
0
LINE
8
BLACK
6
CONTINUOUS
10
2.2908404724409448
20
0.7073783858267716
11
2.2931102362204725
21
0.7063678346456693
0
LINE
8
BLACK
6
CONTINUOUS
10
2.2931102362204725
20
0.7063678346456693
11
2.2941654330708663
21
0.7056011811023621
0
LINE
8
BLACK
6
CONTINUOUS
10
2.2941654330708663
20
0.7056011811023621
11
2.2951097244094489
21
0.7050964566929133
0
LINE
8
BLACK
6
CONTINUOUS
10
2.2951097244094489
20
0.7050964566929133
11
2.297035905511811
21
0.7035156299212598
0
LINE
8
BLACK
6
CONTINUOUS
10
2.297035905511811
20
0.7035156299212598
11
2.2992362204724408
21
0.7019170472440944
0
LINE
8
BLACK
6
CONTINUOUS
10
2.2992362204724408
20
0.7019170472440944
11
2.29995062992126
21
0.7011235826771653
0
LINE
8
BLACK
6
CONTINUOUS
10
2.29995062992126
20
0.7011235826771653
11
2.3005948818897637
21
0.7005948818897637
0
LINE
8
BLACK
6
CONTINUOUS
10
2.3005948818897637
20
0.7005948818897637
11
2.3023260629921261
21
0.6984853937007874
0
LINE
8
BLACK
6
CONTINUOUS
10
2.3023260629921261
20
0.6984853937007874
11
2.3043029921259843
21
0.6962898425196851
0
LINE
8
BLACK
6
CONTINUOUS
10
2.3043029921259843
20
0.6962898425196851
11
2.3047182677165354
21
0.6955704724409448
0
LINE
8
BLACK
6
CONTINUOUS
10
2.3047182677165354
20
0.6955704724409448
11
2.3050964566929135
21
0.6951097244094488
0
LINE
8
BLACK
6
CONTINUOUS
10
2.3050964566929135
20
0.6951097244094488
11
2.3064952755905512
21
0.6924926771653543
0
LINE
8
BLACK
6
CONTINUOUS
10
2.3064952755905512
20
0.6924926771653543
11
2.3080890551181104
21
0.6897322047244094
0
LINE
8
BLACK
6
CONTINUOUS
10
2.3080890551181104
20
0.6897322047244094
11
2.3082724015748033
21
0.6891679133858267
0
LINE
8
BLACK
6
CONTINUOUS
10
2.3082724015748033
20
0.6891679133858267
11
2.3084412598425197
21
0.6888520078740157
0
LINE
8
BLACK
6
CONTINUOUS
10
2.3084412598425197
20
0.6888520078740157
11
2.3093724803149605
21
0.6857822047244094
0
LINE
8
BLACK
6
CONTINUOUS
10
2.3093724803149605
20
0.6857822047244094
11
2.3104289763779526
21
0.6825306692913385
0
LINE
8
BLACK
6
CONTINUOUS
10
2.3104289763779526
20
0.6825306692913385
11
2.3104661417322836
21
0.6821768897637795
0
LINE
8
BLACK
6
CONTINUOUS
10
2.3104661417322836
20
0.6821768897637795
11
2.3105011811023624
21
0.6820614566929134
0
LINE
8
BLACK
6
CONTINUOUS
10
2.3105011811023624
20
0.6820614566929134
11
2.310841968503937
21
0.6786009842519685
0
LINE
8
BLACK
6
CONTINUOUS
10
2.310841968503937
20
0.6786009842519685
11
2.3112204724409446
21
0.6749999999999999
0
LINE
8
BLACK
6
CONTINUOUS
10
2.3112204724409446
20
0.6749999999999999
11
2.3108420078740157
21
0.6713992519685039
0
LINE
8
BLACK
6
CONTINUOUS
10
2.3108420078740157
20
0.6713992519685039
11
2.3105011811023624
21
0.6679385039370078
0
LINE
8
BLACK
6
CONTINUOUS
10
2.3105011811023624
20
0.6679385039370078
11
2.3104661417322836
21
0.6678229921259843
0
LINE
8
BLACK
6
CONTINUOUS
10
2.3104661417322836
20
0.6678229921259843
11
2.3104289763779526
21
0.6674693307086614
0
LINE
8
BLACK
6
CONTINUOUS
10
2.3104289763779526
20
0.6674693307086614
11
2.3093726377952755
21
0.6642183070866141
0
LINE
8
BLACK
6
CONTINUOUS
10
2.3093726377952755
20
0.6642183070866141
11
2.3084412598425197
21
0.6611479527559055
0
LINE
8
BLACK
6
CONTINUOUS
10
2.3084412598425197
20
0.6611479527559055
11
2.3082723622047245
21
0.660831968503937
0
LINE
8
BLACK
6
CONTINUOUS
10
2.3082723622047245
20
0.660831968503937
11
2.3080890551181104
21
0.6602677952755905
0
LINE
8
BLACK
6
CONTINUOUS
10
2.3080890551181104
20
0.6602677952755905
11
2.3064955511811025
21
0.6575077559055118
0
LINE
8
BLACK
6
CONTINUOUS
10
2.3064955511811025
20
0.6575077559055118
11
2.3050964566929135
21
0.6548902362204724
0
LINE
8
BLACK
6
CONTINUOUS
10
2.3050964566929135
20
0.6548902362204724
11
2.3047181889763779
21
0.6544293307086614
0
LINE
8
BLACK
6
CONTINUOUS
10
2.3047181889763779
20
0.6544293307086614
11
2.3043029921259843
21
0.6537101574803149
0
LINE
8
BLACK
6
CONTINUOUS
10
2.3043029921259843
20
0.6537101574803149
11
2.3023264566929131
21
0.651515
0
LINE
8
BLACK
6
CONTINUOUS
10
2.3023264566929131
20
0.651515
11
2.3005948818897637
21
0.6494050787401575
0
LINE
8
BLACK
6
CONTINUOUS
10
2.3005948818897637
20
0.6494050787401575
11
2.2999505118110237
21
0.6488762598425196
0
LINE
8
BLACK
6
CONTINUOUS
10
2.2999505118110237
20
0.6488762598425196
11
2.2992362204724408
21
0.6480829527559056
0
LINE
8
BLACK
6
CONTINUOUS
10
2.2992362204724408
20
0.6480829527559056
11
2.2970363385826773
21
0.6464846456692913
0
LINE
8
BLACK
6
CONTINUOUS
10
2.2970363385826773
20
0.6464846456692913
11
2.2951097244094489
21
0.6449035039370079
0
LINE
8
BLACK
6
CONTINUOUS
10
2.2951097244094489
20
0.6449035039370079
11
2.2941651968503938
21
0.6443986614173228
0
LINE
8
BLACK
6
CONTINUOUS
10
2.2941651968503938
20
0.6443986614173228
11
2.2931102362204725
21
0.6436321653543307
0
LINE
8
BLACK
6
CONTINUOUS
10
2.2931102362204725
20
0.6436321653543307
11
2.2908409448818898
21
0.6426217716535433
0
LINE
8
BLACK
6
CONTINUOUS
10
2.2908409448818898
20
0.6426217716535433
11
2.2888520078740155
21
0.6415587007874015
0
LINE
8
BLACK
6
CONTINUOUS
10
2.2888520078740155
20
0.6415587007874015
11
2.2876004724409449
21
0.6411790157480315
0
LINE
8
BLACK
6
CONTINUOUS
10
2.2876004724409449
20
0.6411790157480315
11
2.2861927559055117
21
0.6405522834645669
0
LINE
8
BLACK
6
CONTINUOUS
10
2.2861927559055117
20
0.6405522834645669
11
2.2839929527559053
21
0.6400846850393701
0
LINE
8
BLACK
6
CONTINUOUS
10
2.2839929527559053
20
0.6400846850393701
11
2.2820614566929134
21
0.6394987795275591
0
LINE
8
BLACK
6
CONTINUOUS
10
2.2820614566929134
20
0.6394987795275591
11
2.2805239763779528
21
0.6393473228346457
0
LINE
8
BLACK
6
CONTINUOUS
10
2.2805239763779528
20
0.6393473228346457
11
2.2787860629921259
21
0.6389779527559055
0
LINE
8
BLACK
6
CONTINUOUS
10
2.2787860629921259
20
0.6389779527559055
11
2.2767732677165355
21
0.6389779527559055
0
LINE
8
BLACK
6
CONTINUOUS
10
2.2767732677165355
20
0.6389779527559055
11
2.2749999999999999
21
0.6388033070866141
0
LINE
8
BLACK
6
CONTINUOUS
10
2.2749999999999999
20
0.6388033070866141
11
2.2732267322834647
21
0.6389779527559055
0
LINE
8
BLACK
6
CONTINUOUS
10
2.2732267322834647
20
0.6389779527559055
11
2.2712139370078739
21
0.6389779527559055
0
LINE
8
BLACK
6
CONTINUOUS
10
2.2712139370078739
20
0.6389779527559055
11
2.269476023622047
21
0.6393473228346457
0
LINE
8
BLACK
6
CONTINUOUS
10
2.269476023622047
20
0.6393473228346457
11
2.2679385039370077
21
0.6394987795275591
0
LINE
8
BLACK
6
CONTINUOUS
10
2.2679385039370077
20
0.6394987795275591
11
2.2660068503937008
21
0.6400847244094489
0
LINE
8
BLACK
6
CONTINUOUS
10
2.2660068503937008
20
0.6400847244094489
11
2.2638072440944881
21
0.6405522834645669
0
LINE
8
BLACK
6
CONTINUOUS
10
2.2638072440944881
20
0.6405522834645669
11
2.2623995669291337
21
0.6411789763779527
0
LINE
8
BLACK
6
CONTINUOUS
10
2.2623995669291337
20
0.6411789763779527
11
2.2611479527559055
21
0.6415587007874015
0
LINE
8
BLACK
6
CONTINUOUS
10
2.2611479527559055
20
0.6415587007874015
11
2.2591587795275592
21
0.6426218897637795
0
LINE
8
BLACK
6
CONTINUOUS
10
2.2591587795275592
20
0.6426218897637795
11
2.2568897637795273
21
0.6436321653543307
0
LINE
8
BLACK
6
CONTINUOUS
10
2.2568897637795273
20
0.6436321653543307
11
2.2558348425196848
21
0.6443985826771653
0
LINE
8
BLACK
6
CONTINUOUS
10
2.2558348425196848
20
0.6443985826771653
11
2.2548902362204726
21
0.6449035039370079
0
LINE
8
BLACK
6
CONTINUOUS
10
2.2548902362204726
20
0.6449035039370079
11
2.2529632677165354
21
0.6464848818897637
0
LINE
8
BLACK
6
CONTINUOUS
10
2.2529632677165354
20
0.6464848818897637
11
2.250763779527559
21
0.6480829527559056
0
LINE
8
BLACK
6
CONTINUOUS
10
2.250763779527559
20
0.6480829527559056
11
2.2500495669291336
21
0.6488761417322835
0
LINE
8
BLACK
6
CONTINUOUS
10
2.2500495669291336
20
0.6488761417322835
11
2.2494050787401574
21
0.6494050787401575
0
LINE
8
BLACK
6
CONTINUOUS
10
2.2494050787401574
20
0.6494050787401575
11
2.2476730708661417
21
0.6515154724409449
0
LINE
8
BLACK
6
CONTINUOUS
10
2.2476730708661417
20
0.6515154724409449
11
2.2456970078740155
21
0.6537101574803149
0
LINE
8
BLACK
6
CONTINUOUS
10
2.2456970078740155
20
0.6537101574803149
11
2.2452818503937007
21
0.6544291732283465
0
LINE
8
BLACK
6
CONTINUOUS
10
2.2452818503937007
20
0.6544291732283465
11
2.244903503937008
21
0.6548902362204724
0
LINE
8
BLACK
6
CONTINUOUS
10
2.244903503937008
20
0.6548902362204724
11
2.2435038976377952
21
0.6575087007874015
0
LINE
8
BLACK
6
CONTINUOUS
10
2.2435038976377952
20
0.6575087007874015
11
2.2419109448818899
21
0.6602677952755905
0
LINE
8
BLACK
6
CONTINUOUS
10
2.2419109448818899
20
0.6602677952755905
11
2.2417276771653545
21
0.6608317716535433
0
LINE
8
BLACK
6
CONTINUOUS
10
2.2417276771653545
20
0.6608317716535433
11
2.2415587007874014
21
0.6611479527559055
0
LINE
8
BLACK
6
CONTINUOUS
10
2.2415587007874014
20
0.6611479527559055
11
2.2406267322834643
21
0.6642201574803149
0
LINE
8
BLACK
6
CONTINUOUS
10
2.2406267322834643
20
0.6642201574803149
11
2.2395710236220472
21
0.6674693307086614
0
LINE
8
BLACK
6
CONTINUOUS
10
2.2395710236220472
20
0.6674693307086614
11
2.2395338582677167
21
0.6678227952755905
0
LINE
8
BLACK
6
CONTINUOUS
10
2.2395338582677167
20
0.6678227952755905
11
2.2394987795275592
21
0.6679385039370078
0
LINE
8
BLACK
6
CONTINUOUS
10
2.2394987795275592
20
0.6679385039370078
11
2.2391573228346457
21
0.6714051968503937
0
LINE
8
BLACK
6
CONTINUOUS
10
2.2391573228346457
20
0.6714051968503937
11
2.2387795275590552
21
0.6749999999999999
0
LINE
8
BLACK
6
CONTINUOUS
10
2.2387795275590552
20
0.6749999999999999
11
2.2391573622047245
21
0.6785950393700787
0
LINE
8
BLACK
6
CONTINUOUS
10
2.2391573622047245
20
0.6785950393700787
11
2.2394987795275592
21
0.6820614566929134
0
LINE
8
BLACK
6
CONTINUOUS
10
2.2394987795275592
20
0.6820614566929134
11
2.2395338582677167
21
0.6821770866141732
0
LINE
8
BLACK
6
CONTINUOUS
10
2.2395338582677167
20
0.6821770866141732
11
2.2395710236220472
21
0.6825306692913385
0
LINE
8
BLACK
6
CONTINUOUS
10
2.2395710236220472
20
0.6825306692913385
11
2.2406268897637793
21
0.6857803543307086
0
LINE
8
BLACK
6
CONTINUOUS
10
2.2406268897637793
20
0.6857803543307086
11
2.2415587007874014
21
0.6888520078740157
0
LINE
8
BLACK
6
CONTINUOUS
10
2.2415587007874014
20
0.6888520078740157
11
2.2417276377952757
21
0.6891680708661417
0
LINE
8
BLACK
6
CONTINUOUS
10
2.2417276377952757
20
0.6891680708661417
11
2.2419109448818899
21
0.6897322047244094
0
LINE
8
BLACK
6
CONTINUOUS
10
2.2419109448818899
20
0.6897322047244094
11
2.2435041732283465
21
0.6924917716535433
0
LINE
8
BLACK
6
CONTINUOUS
10
2.2435041732283465
20
0.6924917716535433
11
2.244903503937008
21
0.6951097244094488
0
LINE
8
BLACK
6
CONTINUOUS
10
2.244903503937008
20
0.6951097244094488
11
2.2452817716535431
21
0.6955706299212598
0
LINE
8
BLACK
6
CONTINUOUS
10
2.2452817716535431
20
0.6955706299212598
11
2.2456970078740155
21
0.6962898425196851
0
LINE
8
BLACK
6
CONTINUOUS
10
2.2456970078740155
20
0.6962898425196851
11
2.2476734251968504
21
0.6984848818897638
0
LINE
8
BLACK
6
CONTINUOUS
10
2.2476734251968504
20
0.6984848818897638
11
2.2494050787401574
21
0.7005948818897637
0
LINE
8
BLACK
6
CONTINUOUS
10
2.2494050787401574
20
0.7005948818897637
11
2.2500494488188978
21
0.7011237007874016
0
LINE
8
BLACK
6
CONTINUOUS
10
2.2500494488188978
20
0.7011237007874016
11
2.250763779527559
21
0.7019170472440944
0
LINE
8
BLACK
6
CONTINUOUS
10
2.250763779527559
20
0.7019170472440944
11
2.2529637007874017
21
0.7035153543307087
0
LINE
8
BLACK
6
CONTINUOUS
10
2.2529637007874017
20
0.7035153543307087
11
2.2548902362204726
21
0.7050964566929133
0
LINE
8
BLACK
6
CONTINUOUS
10
2.2548902362204726
20
0.7050964566929133
11
2.2558346456692915
21
0.7056012598425196
0
LINE
8
BLACK
6
CONTINUOUS
10
2.2558346456692915
20
0.7056012598425196
11
2.2568897637795273
21
0.7063678346456693
0
LINE
8
BLACK
6
CONTINUOUS
10
2.2568897637795273
20
0.7063678346456693
11
2.2591592519685038
21
0.7073782677165354
0
LINE
8
BLACK
6
CONTINUOUS
10
2.2591592519685038
20
0.7073782677165354
11
2.2611479527559055
21
0.7084412598425197
0
LINE
8
BLACK
6
CONTINUOUS
10
2.2611479527559055
20
0.7084412598425197
11
2.2623992913385824
21
0.7088208267716535
0
LINE
8
BLACK
6
CONTINUOUS
10
2.2623992913385824
20
0.7088208267716535
11
2.2638072440944881
21
0.709447716535433
0
LINE
8
BLACK
6
CONTINUOUS
10
2.2638072440944881
20
0.709447716535433
11
2.266007283464567
21
0.7099153149606299
0
LINE
8
BLACK
6
CONTINUOUS
10
2.266007283464567
20
0.7099153149606299
11
2.2679385039370077
21
0.7105011811023622
0
LINE
8
BLACK
6
CONTINUOUS
10
2.2679385039370077
20
0.7105011811023622
11
2.2694756692913387
21
0.7106525590551181
0
LINE
8
BLACK
6
CONTINUOUS
10
2.2694756692913387
20
0.7106525590551181
11
2.2712139370078739
21
0.7110220472440945
0
LINE
8
BLACK
6
CONTINUOUS
10
2.2712139370078739
20
0.7110220472440945
11
2.2732271259842518
21
0.7110220472440945
0
LINE
8
BLACK
6
CONTINUOUS
10
2.2732271259842518
20
0.7110220472440945
11
2.2749999999999999
21
0.7111966535433071
0
LINE
8
BLACK
6
CONTINUOUS
10
2.2749999999999999
20
0.7111966535433071
11
2.276772874015748
21
0.7110220472440945
0
LINE
8
BLACK
6
CONTINUOUS
10
1.5748322047244094
20
0.7579482283464567
11
1.5761183858267716
21
0.757778937007874
0
LINE
8
BLACK
6
CONTINUOUS
10
1.5761183858267716
20
0.757778937007874
11
1.5764418897637795
21
0.7576280708661417
0
LINE
8
BLACK
6
CONTINUOUS
10
1.5764418897637795
20
0.7576280708661417
11
1.5772132677165354
21
0.7574746456692913
0
LINE
8
BLACK
6
CONTINUOUS
10
1.5772132677165354
20
0.7574746456692913
11
1.578234842519685
21
0.7567920078740157
0
LINE
8
BLACK
6
CONTINUOUS
10
1.578234842519685
20
0.7567920078740157
11
1.5786727559055118
21
0.7565878346456693
0
LINE
8
BLACK
6
CONTINUOUS
10
1.5786727559055118
20
0.7565878346456693
11
1.5789391732283464
21
0.7563213779527559
0
LINE
8
BLACK
6
CONTINUOUS
10
1.5789391732283464
20
0.7563213779527559
11
1.5797677559055119
21
0.7557677559055118
0
LINE
8
BLACK
6
CONTINUOUS
10
1.5797677559055119
20
0.7557677559055118
11
1.5803213779527558
21
0.7549391732283465
0
LINE
8
BLACK
6
CONTINUOUS
10
1.5803213779527558
20
0.7549391732283465
11
1.5805878346456692
21
0.7546727559055117
0
LINE
8
BLACK
6
CONTINUOUS
10
1.5805878346456692
20
0.7546727559055117
11
1.5807920078740156
21
0.754234842519685
0
LINE
8
BLACK
6
CONTINUOUS
10
1.5807920078740156
20
0.754234842519685
11
1.5814746456692914
21
0.7532132677165354
0
LINE
8
BLACK
6
CONTINUOUS
10
1.5814746456692914
20
0.7532132677165354
11
1.5816280708661417
21
0.7524418897637795
0
LINE
8
BLACK
6
CONTINUOUS
10
1.5816280708661417
20
0.7524418897637795
11
1.5817789370078741
21
0.7521183858267716
0
LINE
8
BLACK
6
CONTINUOUS
10
1.5817789370078741
20
0.7521183858267716
11
1.5819482677165353
21
0.750832125984252
0
LINE
8
BLACK
6
CONTINUOUS
10
1.5819482677165353
20
0.750832125984252
11
1.5820740157480315
21
0.7502
0
LINE
8
BLACK
6
CONTINUOUS
10
1.5820740157480315
20
0.7502
11
1.5820740157480315
21
0.6497999999999999
0
LINE
8
BLACK
6
CONTINUOUS
10
1.5820740157480315
20
0.6497999999999999
11
1.5819482677165353
21
0.6491678346456693
0
LINE
8
BLACK
6
CONTINUOUS
10
1.5819482677165353
20
0.6491678346456693
11
1.5817789370078741
21
0.6478815748031496
0
LINE
8
BLACK
6
CONTINUOUS
10
1.5817789370078741
20
0.6478815748031496
11
1.5816280314960629
21
0.6475579921259842
0
LINE
8
BLACK
6
CONTINUOUS
10
1.5816280314960629
20
0.6475579921259842
11
1.5814746456692914
21
0.6467867322834645
0
LINE
8
BLACK
6
CONTINUOUS
10
1.5814746456692914
20
0.6467867322834645
11
1.5807920472440944
21
0.6457651968503937
0
LINE
8
BLACK
6
CONTINUOUS
10
1.5807920472440944
20
0.6457651968503937
11
1.5805878346456692
21
0.6453272047244094
0
LINE
8
BLACK
6
CONTINUOUS
10
1.5805878346456692
20
0.6453272047244094
11
1.5803212992125983
21
0.6450606692913385
0
LINE
8
BLACK
6
CONTINUOUS
10
1.5803212992125983
20
0.6450606692913385
11
1.5797677559055119
21
0.6442322440944882
0
LINE
8
BLACK
6
CONTINUOUS
10
1.5797677559055119
20
0.6442322440944882
11
1.5789392913385827
21
0.6436786614173228
0
LINE
8
BLACK
6
CONTINUOUS
10
1.5789392913385827
20
0.6436786614173228
11
1.5786727559055118
21
0.6434121259842519
0
LINE
8
BLACK
6
CONTINUOUS
10
1.5786727559055118
20
0.6434121259842519
11
1.5782346456692913
21
0.6432078346456693
0
LINE
8
BLACK
6
CONTINUOUS
10
1.5782346456692913
20
0.6432078346456693
11
1.5772132677165354
21
0.6425253543307087
0
LINE
8
BLACK
6
CONTINUOUS
10
1.5772132677165354
20
0.6425253543307087
11
1.5764420472440945
21
0.6423719291338582
0
LINE
8
BLACK
6
CONTINUOUS
10
1.5764420472440945
20
0.6423719291338582
11
1.5761183858267716
21
0.6422210236220472
0
LINE
8
BLACK
6
CONTINUOUS
10
1.5761183858267716
20
0.6422210236220472
11
1.5748315354330709
21
0.6420515748031496
0
LINE
8
BLACK
6
CONTINUOUS
10
1.5748315354330709
20
0.6420515748031496
11
1.5742
21
0.6419259842519685
0
LINE
8
BLACK
6
CONTINUOUS
10
1.5742
20
0.6419259842519685
11
1.5738773622047244
21
0.6419259842519685
0
LINE
8
BLACK
6
CONTINUOUS
10
1.5738773622047244
20
0.6419259842519685
11
1.4761226771653544
21
0.6419259842519685
0
LINE
8
BLACK
6
CONTINUOUS
10
1.4761226771653544
20
0.6419259842519685
11
1.4758
21
0.6419259842519685
0
LINE
8
BLACK
6
CONTINUOUS
10
1.4758
20
0.6419259842519685
11
1.4751684251968504
21
0.6420515748031496
0
LINE
8
BLACK
6
CONTINUOUS
10
1.4751684251968504
20
0.6420515748031496
11
1.4738815748031495
21
0.6422210236220472
0
LINE
8
BLACK
6
CONTINUOUS
10
1.4738815748031495
20
0.6422210236220472
11
1.4735578346456693
21
0.6423719291338582
0
LINE
8
BLACK
6
CONTINUOUS
10
1.4735578346456693
20
0.6423719291338582
11
1.4727867322834645
21
0.6425253543307087
0
LINE
8
BLACK
6
CONTINUOUS
10
1.4727867322834645
20
0.6425253543307087
11
1.4717653937007873
21
0.6432077559055118
0
LINE
8
BLACK
6
CONTINUOUS
10
1.4717653937007873
20
0.6432077559055118
11
1.4713272047244095
21
0.6434121259842519
0
LINE
8
BLACK
6
CONTINUOUS
10
1.4713272047244095
20
0.6434121259842519
11
1.4710605511811023
21
0.6436787401574803
0
LINE
8
BLACK
6
CONTINUOUS
10
1.4710605511811023
20
0.6436787401574803
11
1.4702322440944882
21
0.6442322440944882
0
LINE
8
BLACK
6
CONTINUOUS
10
1.4702322440944882
20
0.6442322440944882
11
1.4696787401574802
21
0.6450605511811024
0
LINE
8
BLACK
6
CONTINUOUS
10
1.4696787401574802
20
0.6450605511811024
11
1.4694121259842519
21
0.6453272047244094
0
LINE
8
BLACK
6
CONTINUOUS
10
1.4694121259842519
20
0.6453272047244094
11
1.4692077559055117
21
0.6457653937007873
0
LINE
8
BLACK
6
CONTINUOUS
10
1.4692077559055117
20
0.6457653937007873
11
1.4685253543307086
21
0.6467867322834645
0
LINE
8
BLACK
6
CONTINUOUS
10
1.4685253543307086
20
0.6467867322834645
11
1.4683719291338582
21
0.6475578346456693
0
LINE
8
BLACK
6
CONTINUOUS
10
1.4683719291338582
20
0.6475578346456693
11
1.4682210236220472
21
0.6478815748031496
0
LINE
8
BLACK
6
CONTINUOUS
10
1.4682210236220472
20
0.6478815748031496
11
1.4680515748031495
21
0.6491685039370079
0
LINE
8
BLACK
6
CONTINUOUS
10
1.4680515748031495
20
0.6491685039370079
11
1.4679259842519685
21
0.6497999999999999
0
LINE
8
BLACK
6
CONTINUOUS
10
1.4679259842519685
20
0.6497999999999999
11
1.4679259842519685
21
0.7502
0
LINE
8
BLACK
6
CONTINUOUS
10
1.4679259842519685
20
0.7502
11
1.4680516141732283
21
0.7508316141732283
0
LINE
8
BLACK
6
CONTINUOUS
10
1.4680516141732283
20
0.7508316141732283
11
1.4682210236220472
21
0.7521183858267716
0
LINE
8
BLACK
6
CONTINUOUS
10
1.4682210236220472
20
0.7521183858267716
11
1.4683719291338582
21
0.7524420472440945
0
LINE
8
BLACK
6
CONTINUOUS
10
1.4683719291338582
20
0.7524420472440945
11
1.4685253543307086
21
0.7532132677165354
0
LINE
8
BLACK
6
CONTINUOUS
10
1.4685253543307086
20
0.7532132677165354
11
1.4692078346456692
21
0.7542346456692913
0
LINE
8
BLACK
6
CONTINUOUS
10
1.4692078346456692
20
0.7542346456692913
11
1.4694121259842519
21
0.7546727559055117
0
LINE
8
BLACK
6
CONTINUOUS
10
1.4694121259842519
20
0.7546727559055117
11
1.4696786614173227
21
0.7549392913385826
0
LINE
8
BLACK
6
CONTINUOUS
10
1.4696786614173227
20
0.7549392913385826
11
1.4702322440944882
21
0.7557677559055118
0
LINE
8
BLACK
6
CONTINUOUS
10
1.4702322440944882
20
0.7557677559055118
11
1.4710606692913386
21
0.7563212992125984
0
LINE
8
BLACK
6
CONTINUOUS
10
1.4710606692913386
20
0.7563212992125984
11
1.4713272047244095
21
0.7565878346456693
0
LINE
8
BLACK
6
CONTINUOUS
10
1.4713272047244095
20
0.7565878346456693
11
1.4717651968503938
21
0.7567920472440944
0
LINE
8
BLACK
6
CONTINUOUS
10
1.4717651968503938
20
0.7567920472440944
11
1.4727867322834645
21
0.7574746456692913
0
LINE
8
BLACK
6
CONTINUOUS
10
1.4727867322834645
20
0.7574746456692913
11
1.4735579921259843
21
0.7576280314960629
0
LINE
8
BLACK
6
CONTINUOUS
10
1.4735579921259843
20
0.7576280314960629
11
1.4738815748031495
21
0.757778937007874
0
LINE
8
BLACK
6
CONTINUOUS
10
1.4738815748031495
20
0.757778937007874
11
1.4751679133858266
21
0.7579482677165355
0
LINE
8
BLACK
6
CONTINUOUS
10
1.4751679133858266
20
0.7579482677165355
11
1.4758
21
0.7580740157480315
0
LINE
8
BLACK
6
CONTINUOUS
10
1.4758
20
0.7580740157480315
11
1.5742
21
0.7580740157480315
0
LINE
8
BLACK
6
CONTINUOUS
10
1.5742
20
0.7580740157480315
11
1.5748322047244094
21
0.7579482283464567
0
LINE
8
BLACK
6
CONTINUOUS
10
1.7031912598425196
20
0.8004450787401575
11
1.704477440944882
21
0.8002757874015748
0
LINE
8
BLACK
6
CONTINUOUS
10
1.704477440944882
20
0.8002757874015748
11
1.7048009448818897
21
0.8001249212598425
0
LINE
8
BLACK
6
CONTINUOUS
10
1.7048009448818897
20
0.8001249212598425
11
1.7055723228346455
21
0.7999714960629921
0
LINE
8
BLACK
6
CONTINUOUS
10
1.7055723228346455
20
0.7999714960629921
11
1.7065938976377952
21
0.7992888582677166
0
LINE
8
BLACK
6
CONTINUOUS
10
1.7065938976377952
20
0.7992888582677166
11
1.707031811023622
21
0.79908468503937
0
LINE
8
BLACK
6
CONTINUOUS
10
1.707031811023622
20
0.79908468503937
11
1.7072982283464566
21
0.7988182283464567
0
LINE
8
BLACK
6
CONTINUOUS
10
1.7072982283464566
20
0.7988182283464567
11
1.7081268110236221
21
0.7982646062992126
0
LINE
8
BLACK
6
CONTINUOUS
10
1.7081268110236221
20
0.7982646062992126
11
1.708680433070866
21
0.7974360236220472
0
LINE
8
BLACK
6
CONTINUOUS
10
1.708680433070866
20
0.7974360236220472
11
1.7089468897637794
21
0.7971696062992126
0
LINE
8
BLACK
6
CONTINUOUS
10
1.7089468897637794
20
0.7971696062992126
11
1.709151062992126
21
0.7967316929133859
0
LINE
8
BLACK
6
CONTINUOUS
10
1.709151062992126
20
0.7967316929133859
11
1.7098337007874016
21
0.7957101181102362
0
LINE
8
BLACK
6
CONTINUOUS
10
1.7098337007874016
20
0.7957101181102362
11
1.7099871259842518
21
0.7949387401574803
0
LINE
8
BLACK
6
CONTINUOUS
10
1.7099871259842518
20
0.7949387401574803
11
1.7101379921259843
21
0.7946152362204725
0
LINE
8
BLACK
6
CONTINUOUS
10
1.7101379921259843
20
0.7946152362204725
11
1.7103073228346457
21
0.7933289763779527
0
LINE
8
BLACK
6
CONTINUOUS
10
1.7103073228346457
20
0.7933289763779527
11
1.7104330708661417
21
0.7926968503937007
0
LINE
8
BLACK
6
CONTINUOUS
10
1.7104330708661417
20
0.7926968503937007
11
1.7104330708661417
21
0.7573031496062992
0
LINE
8
BLACK
6
CONTINUOUS
10
1.7104330708661417
20
0.7573031496062992
11
1.7103073228346457
21
0.7566709842519684
0
LINE
8
BLACK
6
CONTINUOUS
10
1.7103073228346457
20
0.7566709842519684
11
1.7101379921259843
21
0.7553847244094488
0
LINE
8
BLACK
6
CONTINUOUS
10
1.7101379921259843
20
0.7553847244094488
11
1.7099870866141731
21
0.7550611417322834
0
LINE
8
BLACK
6
CONTINUOUS
10
1.7099870866141731
20
0.7550611417322834
11
1.7098337007874016
21
0.7542898818897638
0
LINE
8
BLACK
6
CONTINUOUS
10
1.7098337007874016
20
0.7542898818897638
11
1.7091511023622046
21
0.7532683464566929
0
LINE
8
BLACK
6
CONTINUOUS
10
1.7091511023622046
20
0.7532683464566929
11
1.7089468897637794
21
0.7528303543307087
0
LINE
8
BLACK
6
CONTINUOUS
10
1.7089468897637794
20
0.7528303543307087
11
1.7086803543307085
21
0.7525638188976378
0
LINE
8
BLACK
6
CONTINUOUS
10
1.7086803543307085
20
0.7525638188976378
11
1.7081268110236221
21
0.7517353937007873
0
LINE
8
BLACK
6
CONTINUOUS
10
1.7081268110236221
20
0.7517353937007873
11
1.7072983464566929
21
0.751181811023622
0
LINE
8
BLACK
6
CONTINUOUS
10
1.7072983464566929
20
0.751181811023622
11
1.707031811023622
21
0.7509152755905512
0
LINE
8
BLACK
6
CONTINUOUS
10
1.707031811023622
20
0.7509152755905512
11
1.7065937007874015
21
0.7507109842519685
0
LINE
8
BLACK
6
CONTINUOUS
10
1.7065937007874015
20
0.7507109842519685
11
1.7055723228346455
21
0.7500285039370078
0
LINE
8
BLACK
6
CONTINUOUS
10
1.7055723228346455
20
0.7500285039370078
11
1.7048011023622047
21
0.7498750787401575
0
LINE
8
BLACK
6
CONTINUOUS
10
1.7048011023622047
20
0.7498750787401575
11
1.7012411417322835
21
0.7482150787401575
0
LINE
8
BLACK
6
CONTINUOUS
10
1.7012411417322835
20
0.7482150787401575
11
1.700745905511811
21
0.7425541338582677
0
LINE
8
BLACK
6
CONTINUOUS
10
1.700745905511811
20
0.7425541338582677
11
1.7009389763779528
21
0.7424188976377952
0
LINE
8
BLACK
6
CONTINUOUS
10
1.7009389763779528
20
0.7424188976377952
11
1.7034709448818897
21
0.7408512204724409
0
LINE
8
BLACK
6
CONTINUOUS
10
1.7034709448818897
20
0.7408512204724409
11
1.7044414173228346
21
0.7399664566929134
0
LINE
8
BLACK
6
CONTINUOUS
10
1.7044414173228346
20
0.7399664566929134
11
1.7053557874015748
21
0.7393262598425197
0
LINE
8
BLACK
6
CONTINUOUS
10
1.7053557874015748
20
0.7393262598425197
11
1.7075429921259841
21
0.7371390157480315
0
LINE
8
BLACK
6
CONTINUOUS
10
1.7075429921259841
20
0.7371390157480315
11
1.7099138188976377
21
0.7349777559055118
0
LINE
8
BLACK
6
CONTINUOUS
10
1.7099138188976377
20
0.7349777559055118
11
1.7105600787401574
21
0.7341219291338582
0
LINE
8
BLACK
6
CONTINUOUS
10
1.7105600787401574
20
0.7341219291338582
11
1.7111767716535433
21
0.7335052755905511
0
LINE
8
BLACK
6
CONTINUOUS
10
1.7111767716535433
20
0.7335052755905511
11
1.7131004330708661
21
0.7307579921259842
0
LINE
8
BLACK
6
CONTINUOUS
10
1.7131004330708661
20
0.7307579921259842
11
1.7151677559055118
21
0.7280204330708662
0
LINE
8
BLACK
6
CONTINUOUS
10
1.7151677559055118
20
0.7280204330708662
11
1.7155381102362204
21
0.7272766141732283
0
LINE
8
BLACK
6
CONTINUOUS
10
1.7155381102362204
20
0.7272766141732283
11
1.7158981889763778
21
0.7267624015748031
0
LINE
8
BLACK
6
CONTINUOUS
10
1.7158981889763778
20
0.7267624015748031
11
1.7174314566929134
21
0.7234742913385827
0
LINE
8
BLACK
6
CONTINUOUS
10
1.7174314566929134
20
0.7234742913385827
11
1.7190538188976379
21
0.7202161417322834
0
LINE
8
BLACK
6
CONTINUOUS
10
1.7190538188976379
20
0.7202161417322834
11
1.7192151181102362
21
0.7196491732283464
0
LINE
8
BLACK
6
CONTINUOUS
10
1.7192151181102362
20
0.7196491732283464
11
1.7193772440944881
21
0.7193015354330708
0
LINE
8
BLACK
6
CONTINUOUS
10
1.7193772440944881
20
0.7193015354330708
11
1.7203989370078741
21
0.7154884645669292
0
LINE
8
BLACK
6
CONTINUOUS
10
1.7203989370078741
20
0.7154884645669292
11
1.7214396850393701
21
0.7118306692913385
0
LINE
8
BLACK
6
CONTINUOUS
10
1.7214396850393701
20
0.7118306692913385
11
1.7214717322834645
21
0.7114848031496063
0
LINE
8
BLACK
6
CONTINUOUS
10
1.7214717322834645
20
0.7114848031496063
11
1.7215078346456691
21
0.7113500787401574
0
LINE
8
BLACK
6
CONTINUOUS
10
1.7215078346456691
20
0.7113500787401574
11
1.7219070866141732
21
0.7067862204724409
0
LINE
8
BLACK
6
CONTINUOUS
10
1.7219070866141732
20
0.7067862204724409
11
1.7222440944881889
21
0.7031496062992126
0
LINE
8
BLACK
6
CONTINUOUS
10
1.7222440944881889
20
0.7031496062992126
11
1.721907125984252
21
0.6995132283464567
0
LINE
8
BLACK
6
CONTINUOUS
10
1.721907125984252
20
0.6995132283464567
11
1.7215078346456691
21
0.694949094488189
0
LINE
8
BLACK
6
CONTINUOUS
10
1.7215078346456691
20
0.694949094488189
11
1.7214716929133858
21
0.6948143307086614
0
LINE
8
BLACK
6
CONTINUOUS
10
1.7214716929133858
20
0.6948143307086614
11
1.7214396850393701
21
0.6944685433070866
0
LINE
8
BLACK
6
CONTINUOUS
10
1.7214396850393701
20
0.6944685433070866
11
1.7203991338582676
21
0.6908113779527559
0
LINE
8
BLACK
6
CONTINUOUS
10
1.7203991338582676
20
0.6908113779527559
11
1.7193772440944881
21
0.6869976377952756
0
LINE
8
BLACK
6
CONTINUOUS
10
1.7193772440944881
20
0.6869976377952756
11
1.7192150787401574
21
0.6866498818897637
0
LINE
8
BLACK
6
CONTINUOUS
10
1.7192150787401574
20
0.6866498818897637
11
1.7190538188976379
21
0.6860830708661417
0
LINE
8
BLACK
6
CONTINUOUS
10
1.7190538188976379
20
0.6860830708661417
11
1.7174320866141732
21
0.6828262204724409
0
LINE
8
BLACK
6
CONTINUOUS
10
1.7174320866141732
20
0.6828262204724409
11
1.7158982677165353
21
0.6795368503937008
0
LINE
8
BLACK
6
CONTINUOUS
10
1.7158982677165353
20
0.6795368503937008
11
1.7155379921259841
21
0.6790223228346457
0
LINE
8
BLACK
6
CONTINUOUS
10
1.7155379921259841
20
0.6790223228346457
11
1.7151677559055118
21
0.678278779527559
0
LINE
8
BLACK
6
CONTINUOUS
10
1.7151677559055118
20
0.678278779527559
11
1.7131007480314959
21
0.6755416141732283
0
LINE
8
BLACK
6
CONTINUOUS
10
1.7131007480314959
20
0.6755416141732283
11
1.7111766929133858
21
0.6727938188976378
0
LINE
8
BLACK
6
CONTINUOUS
10
1.7111766929133858
20
0.6727938188976378
11
1.7105599606299213
21
0.6721770866141732
0
LINE
8
BLACK
6
CONTINUOUS
10
1.7105599606299213
20
0.6721770866141732
11
1.7099138188976377
21
0.6713214566929133
0
LINE
8
BLACK
6
CONTINUOUS
10
1.7099138188976377
20
0.6713214566929133
11
1.7075434251968504
21
0.6691605511811023
0
LINE
8
BLACK
6
CONTINUOUS
10
1.7075434251968504
20
0.6691605511811023
11
1.705355748031496
21
0.666972874015748
0
LINE
8
BLACK
6
CONTINUOUS
10
1.705355748031496
20
0.666972874015748
11
1.7044411417322833
21
0.6663324409448819
0
LINE
8
BLACK
6
CONTINUOUS
10
1.7044411417322833
20
0.6663324409448819
11
1.7034709448818897
21
0.6654479921259843
0
LINE
8
BLACK
6
CONTINUOUS
10
1.7034709448818897
20
0.6654479921259843
11
1.7009400393700786
21
0.6638809448818898
0
LINE
8
BLACK
6
CONTINUOUS
10
1.7009400393700786
20
0.6638809448818898
11
1.698612716535433
21
0.6622512992125984
0
LINE
8
BLACK
6
CONTINUOUS
10
1.698612716535433
20
0.6622512992125984
11
1.6973788188976378
21
0.6616759448818897
0
LINE
8
BLACK
6
CONTINUOUS
10
1.6973788188976378
20
0.6616759448818897
11
1.6960585039370077
21
0.6608584251968503
0
LINE
8
BLACK
6
CONTINUOUS
10
1.6960585039370077
20
0.6608584251968503
11
1.6935002362204723
21
0.6598673228346457
0
LINE
8
BLACK
6
CONTINUOUS
10
1.6935002362204723
20
0.6598673228346457
11
1.6911519291338581
21
0.6587723228346457
0
LINE
8
BLACK
6
CONTINUOUS
10
1.6911519291338581
20
0.6587723228346457
11
1.6896008661417323
21
0.6583566929133858
0
LINE
8
BLACK
6
CONTINUOUS
10
1.6896008661417323
20
0.6583566929133858
11
1.6879289763779528
21
0.6577090157480315
0
LINE
8
BLACK
6
CONTINUOUS
10
1.6879289763779528
20
0.6577090157480315
11
1.6854638582677166
21
0.6572481889763779
0
LINE
8
BLACK
6
CONTINUOUS
10
1.6854638582677166
20
0.6572481889763779
11
1.6832004724409448
21
0.6566417322834646
0
LINE
8
BLACK
6
CONTINUOUS
10
1.6832004724409448
20
0.6566417322834646
11
1.6813563779527558
21
0.6564803937007874
0
LINE
8
BLACK
6
CONTINUOUS
10
1.6813563779527558
20
0.6564803937007874
11
1.6793591338582676
21
0.6561070472440945
0
LINE
8
BLACK
6
CONTINUOUS
10
1.6793591338582676
20
0.6561070472440945
11
1.6770889370078739
21
0.6561070472440945
0
LINE
8
BLACK
6
CONTINUOUS
10
1.6770889370078739
20
0.6561070472440945
11
1.675
21
0.6559242913385827
0
LINE
8
BLACK
6
CONTINUOUS
10
1.675
20
0.6559242913385827
11
1.672911062992126
21
0.6561070472440945
0
LINE
8
BLACK
6
CONTINUOUS
10
1.672911062992126
20
0.6561070472440945
11
1.6706408661417322
21
0.6561070472440945
0
LINE
8
BLACK
6
CONTINUOUS
10
1.6706408661417322
20
0.6561070472440945
11
1.6686435826771653
21
0.6564803937007874
0
LINE
8
BLACK
6
CONTINUOUS
10
1.6686435826771653
20
0.6564803937007874
11
1.6667994881889763
21
0.6566417322834646
0
LINE
8
BLACK
6
CONTINUOUS
10
1.6667994881889763
20
0.6566417322834646
11
1.6645359448818897
21
0.6572482283464567
0
LINE
8
BLACK
6
CONTINUOUS
10
1.6645359448818897
20
0.6572482283464567
11
1.6620710236220473
21
0.6577090157480315
0
LINE
8
BLACK
6
CONTINUOUS
10
1.6620710236220473
20
0.6577090157480315
11
1.6603991732283465
21
0.6583566535433071
0
LINE
8
BLACK
6
CONTINUOUS
10
1.6603991732283465
20
0.6583566535433071
11
1.658848031496063
21
0.6587723228346457
0
LINE
8
BLACK
6
CONTINUOUS
10
1.658848031496063
20
0.6587723228346457
11
1.6564994881889763
21
0.6598674015748032
0
LINE
8
BLACK
6
CONTINUOUS
10
1.6564994881889763
20
0.6598674015748032
11
1.6539414960629921
21
0.6608584251968503
0
LINE
8
BLACK
6
CONTINUOUS
10
1.6539414960629921
20
0.6608584251968503
11
1.6526212598425196
21
0.6616758661417322
0
LINE
8
BLACK
6
CONTINUOUS
10
1.6526212598425196
20
0.6616758661417322
11
1.6513872440944881
21
0.6622512992125984
0
LINE
8
BLACK
6
CONTINUOUS
10
1.6513872440944881
20
0.6622512992125984
11
1.6490595669291339
21
0.6638811417322834
0
LINE
8
BLACK
6
CONTINUOUS
10
1.6490595669291339
20
0.6638811417322834
11
1.6465290551181102
21
0.6654479921259843
0
LINE
8
BLACK
6
CONTINUOUS
10
1.6465290551181102
20
0.6654479921259843
11
1.645558937007874
21
0.6663323228346456
0
LINE
8
BLACK
6
CONTINUOUS
10
1.645558937007874
20
0.6663323228346456
11
1.6446442125984251
21
0.666972874015748
0
LINE
8
BLACK
6
CONTINUOUS
10
1.6446442125984251
20
0.666972874015748
11
1.6424560629921259
21
0.6691609842519685
0
LINE
8
BLACK
6
CONTINUOUS
10
1.6424560629921259
20
0.6691609842519685
11
1.6400861811023622
21
0.6713214566929133
0
LINE
8
BLACK
6
CONTINUOUS
10
1.6400861811023622
20
0.6713214566929133
11
1.6394401181102363
21
0.6721769291338583
0
LINE
8
BLACK
6
CONTINUOUS
10
1.6394401181102363
20
0.6721769291338583
11
1.6388232677165353
21
0.6727938188976378
0
LINE
8
BLACK
6
CONTINUOUS
10
1.6388232677165353
20
0.6727938188976378
11
1.6368987007874016
21
0.6755423228346457
0
LINE
8
BLACK
6
CONTINUOUS
10
1.6368987007874016
20
0.6755423228346457
11
1.6348322440944882
21
0.678278779527559
0
LINE
8
BLACK
6
CONTINUOUS
10
1.6348322440944882
20
0.678278779527559
11
1.6344620472440945
21
0.6790221653543307
0
LINE
8
BLACK
6
CONTINUOUS
10
1.6344620472440945
20
0.6790221653543307
11
1.6341016929133858
21
0.6795368503937008
0
LINE
8
BLACK
6
CONTINUOUS
10
1.6341016929133858
20
0.6795368503937008
11
1.6325672440944881
21
0.6828274803149607
0
LINE
8
BLACK
6
CONTINUOUS
10
1.6325672440944881
20
0.6828274803149607
11
1.6309461811023622
21
0.6860830708661417
0
LINE
8
BLACK
6
CONTINUOUS
10
1.6309461811023622
20
0.6860830708661417
11
1.6307849606299212
21
0.6866496850393701
0
LINE
8
BLACK
6
CONTINUOUS
10
1.6307849606299212
20
0.6866496850393701
11
1.630622716535433
21
0.6869976377952756
0
LINE
8
BLACK
6
CONTINUOUS
10
1.630622716535433
20
0.6869976377952756
11
1.6296001574803149
21
0.6908137401574803
0
LINE
8
BLACK
6
CONTINUOUS
10
1.6296001574803149
20
0.6908137401574803
11
1.6285603149606298
21
0.6944685433070866
0
LINE
8
BLACK
6
CONTINUOUS
10
1.6285603149606298
20
0.6944685433070866
11
1.6285282677165354
21
0.694814094488189
0
LINE
8
BLACK
6
CONTINUOUS
10
1.6285282677165354
20
0.694814094488189
11
1.628492125984252
21
0.694949094488189
0
LINE
8
BLACK
6
CONTINUOUS
10
1.628492125984252
20
0.694949094488189
11
1.628092125984252
21
0.6995208267716535
0
LINE
8
BLACK
6
CONTINUOUS
10
1.628092125984252
20
0.6995208267716535
11
1.6277559055118109
21
0.7031496062992126
0
LINE
8
BLACK
6
CONTINUOUS
10
1.6277559055118109
20
0.7031496062992126
11
1.6280921653543308
21
0.7067786220472441
0
LINE
8
BLACK
6
CONTINUOUS
10
1.6280921653543308
20
0.7067786220472441
11
1.628492125984252
21
0.7113500787401574
0
LINE
8
BLACK
6
CONTINUOUS
10
1.628492125984252
20
0.7113500787401574
11
1.6285282677165354
21
0.711485
0
LINE
8
BLACK
6
CONTINUOUS
10
1.6285282677165354
20
0.711485
11
1.6285603149606298
21
0.7118306692913385
0
LINE
8
BLACK
6
CONTINUOUS
10
1.6285603149606298
20
0.7118306692913385
11
1.6296003543307087
21
0.7154860629921259
0
LINE
8
BLACK
6
CONTINUOUS
10
1.6296003543307087
20
0.7154860629921259
11
1.630622716535433
21
0.7193015354330708
0
LINE
8
BLACK
6
CONTINUOUS
10
1.630622716535433
20
0.7193015354330708
11
1.6307849212598424
21
0.7196493700787402
0
LINE
8
BLACK
6
CONTINUOUS
10
1.6307849212598424
20
0.7196493700787402
11
1.6309461811023622
21
0.7202161417322834
0
LINE
8
BLACK
6
CONTINUOUS
10
1.6309461811023622
20
0.7202161417322834
11
1.6325679133858266
21
0.723473031496063
0
LINE
8
BLACK
6
CONTINUOUS
10
1.6325679133858266
20
0.723473031496063
11
1.6341017716535433
21
0.7267624015748031
0
LINE
8
BLACK
6
CONTINUOUS
10
1.6341017716535433
20
0.7267624015748031
11
1.6344619291338582
21
0.7272767716535433
0
LINE
8
BLACK
6
CONTINUOUS
10
1.6344619291338582
20
0.7272767716535433
11
1.6348322440944882
21
0.7280204330708662
0
LINE
8
BLACK
6
CONTINUOUS
10
1.6348322440944882
20
0.7280204330708662
11
1.6368990157480314
21
0.7307572440944882
0
LINE
8
BLACK
6
CONTINUOUS
10
1.6368990157480314
20
0.7307572440944882
11
1.638823188976378
21
0.7335052755905511
0
LINE
8
BLACK
6
CONTINUOUS
10
1.638823188976378
20
0.7335052755905511
11
1.63944
21
0.7341220866141732
0
LINE
8
BLACK
6
CONTINUOUS
10
1.63944
20
0.7341220866141732
11
1.6400861811023622
21
0.7349777559055118
0
LINE
8
BLACK
6
CONTINUOUS
10
1.6400861811023622
20
0.7349777559055118
11
1.6424565354330709
21
0.7371386220472441
0
LINE
8
BLACK
6
CONTINUOUS
10
1.6424565354330709
20
0.7371386220472441
11
1.6446442913385826
21
0.7393263779527559
0
LINE
8
BLACK
6
CONTINUOUS
10
1.6446442913385826
20
0.7393263779527559
11
1.6455588188976378
21
0.7399667322834645
0
LINE
8
BLACK
6
CONTINUOUS
10
1.6455588188976378
20
0.7399667322834645
11
1.6465290551181102
21
0.7408512204724409
0
LINE
8
BLACK
6
CONTINUOUS
10
1.6465290551181102
20
0.7408512204724409
11
1.649060157480315
21
0.7424183858267717
0
LINE
8
BLACK
6
CONTINUOUS
10
1.649060157480315
20
0.7424183858267717
11
1.6492540551181103
21
0.7425541732283465
0
LINE
8
BLACK
6
CONTINUOUS
10
1.6492540551181103
20
0.7425541732283465
11
1.6487587795275591
21
0.7482150787401575
0
LINE
8
BLACK
6
CONTINUOUS
10
1.6487587795275591
20
0.7482150787401575
11
1.6451987401574804
21
0.7498751181102362
0
LINE
8
BLACK
6
CONTINUOUS
10
1.6451987401574804
20
0.7498751181102362
11
1.6444276771653543
21
0.7500285039370078
0
LINE
8
BLACK
6
CONTINUOUS
10
1.6444276771653543
20
0.7500285039370078
11
1.6434063779527559
21
0.750710905511811
0
LINE
8
BLACK
6
CONTINUOUS
10
1.6434063779527559
20
0.750710905511811
11
1.6429681496062991
21
0.7509152755905512
0
LINE
8
BLACK
6
CONTINUOUS
10
1.6429681496062991
20
0.7509152755905512
11
1.642701496062992
21
0.7511818897637795
0
LINE
8
BLACK
6
CONTINUOUS
10
1.642701496062992
20
0.7511818897637795
11
1.641873188976378
21
0.7517353937007873
0
LINE
8
BLACK
6
CONTINUOUS
10
1.641873188976378
20
0.7517353937007873
11
1.6413196850393701
21
0.7525637007874015
0
LINE
8
BLACK
6
CONTINUOUS
10
1.6413196850393701
20
0.7525637007874015
11
1.6410530708661417
21
0.7528303543307087
0
LINE
8
BLACK
6
CONTINUOUS
10
1.6410530708661417
20
0.7528303543307087
11
1.6408487007874015
21
0.7532685433070866
0
LINE
8
BLACK
6
CONTINUOUS
10
1.6408487007874015
20
0.7532685433070866
11
1.6401662992125985
21
0.7542898818897638
0
LINE
8
BLACK
6
CONTINUOUS
10
1.6401662992125985
20
0.7542898818897638
11
1.640012874015748
21
0.7550609842519684
0
LINE
8
BLACK
6
CONTINUOUS
10
1.640012874015748
20
0.7550609842519684
11
1.6398619685039371
21
0.7553847244094488
0
LINE
8
BLACK
6
CONTINUOUS
10
1.6398619685039371
20
0.7553847244094488
11
1.6396925196850394
21
0.7566716535433071
0
LINE
8
BLACK
6
CONTINUOUS
10
1.6396925196850394
20
0.7566716535433071
11
1.6395669291338582
21
0.7573031496062992
0
LINE
8
BLACK
6
CONTINUOUS
10
1.6395669291338582
20
0.7573031496062992
11
1.6395669291338582
21
0.7926968503937007
0
LINE
8
BLACK
6
CONTINUOUS
10
1.6395669291338582
20
0.7926968503937007
11
1.6396925590551181
21
0.7933284645669291
0
LINE
8
BLACK
6
CONTINUOUS
10
1.6396925590551181
20
0.7933284645669291
11
1.6398619685039371
21
0.7946152362204725
0
LINE
8
BLACK
6
CONTINUOUS
10
1.6398619685039371
20
0.7946152362204725
11
1.640012874015748
21
0.7949388976377952
0
LINE
8
BLACK
6
CONTINUOUS
10
1.640012874015748
20
0.7949388976377952
11
1.6401662992125985
21
0.7957101181102362
0
LINE
8
BLACK
6
CONTINUOUS
10
1.6401662992125985
20
0.7957101181102362
11
1.640848779527559
21
0.7967314960629921
0
LINE
8
BLACK
6
CONTINUOUS
10
1.640848779527559
20
0.7967314960629921
11
1.6410530708661417
21
0.7971696062992126
0
LINE
8
BLACK
6
CONTINUOUS
10
1.6410530708661417
20
0.7971696062992126
11
1.6413196062992126
21
0.7974361417322835
0
LINE
8
BLACK
6
CONTINUOUS
10
1.6413196062992126
20
0.7974361417322835
11
1.641873188976378
21
0.7982646062992126
0
LINE
8
BLACK
6
CONTINUOUS
10
1.641873188976378
20
0.7982646062992126
11
1.6427016141732282
21
0.7988181496062992
0
LINE
8
BLACK
6
CONTINUOUS
10
1.6427016141732282
20
0.7988181496062992
11
1.6429681496062991
21
0.79908468503937
0
LINE
8
BLACK
6
CONTINUOUS
10
1.6429681496062991
20
0.79908468503937
11
1.6434061417322834
21
0.7992888976377952
0
LINE
8
BLACK
6
CONTINUOUS
10
1.6434061417322834
20
0.7992888976377952
11
1.6444276771653543
21
0.7999714960629921
0
LINE
8
BLACK
6
CONTINUOUS
10
1.6444276771653543
20
0.7999714960629921
11
1.6451989370078739
21
0.8001248818897637
0
LINE
8
BLACK
6
CONTINUOUS
10
1.6451989370078739
20
0.8001248818897637
11
1.6455225196850394
21
0.8002757874015748
0
LINE
8
BLACK
6
CONTINUOUS
10
1.6455225196850394
20
0.8002757874015748
11
1.6468088582677165
21
0.8004451181102362
0
LINE
8
BLACK
6
CONTINUOUS
10
1.6468088582677165
20
0.8004451181102362
11
1.6474409448818896
21
0.8005708661417322
0
LINE
8
BLACK
6
CONTINUOUS
10
1.6474409448818896
20
0.8005708661417322
11
1.7025590551181102
21
0.8005708661417322
0
LINE
8
BLACK
6
CONTINUOUS
10
1.7025590551181102
20
0.8005708661417322
11
1.7031912598425196
21
0.8004450787401575
0
LINE
8
BLACK
6
CONTINUOUS
10
2.0531912598425195
20
0.7754450787401574
11
2.0544774409448818
21
0.7752757874015748
0
LINE
8
BLACK
6
CONTINUOUS
10
2.0544774409448818
20
0.7752757874015748
11
2.0548009448818898
21
0.7751249212598424
0
LINE
8
BLACK
6
CONTINUOUS
10
2.0548009448818898
20
0.7751249212598424
11
2.0555723228346454
21
0.7749714960629921
0
LINE
8
BLACK
6
CONTINUOUS
10
2.0555723228346454
20
0.7749714960629921
11
2.0565938976377951
21
0.7742888582677165
0
LINE
8
BLACK
6
CONTINUOUS
10
2.0565938976377951
20
0.7742888582677165
11
2.0570318110236219
21
0.7740846850393701
0
LINE
8
BLACK
6
CONTINUOUS
10
2.0570318110236219
20
0.7740846850393701
11
2.0572982283464567
21
0.7738182283464566
0
LINE
8
BLACK
6
CONTINUOUS
10
2.0572982283464567
20
0.7738182283464566
11
2.0581268110236222
21
0.7732646062992126
0
LINE
8
BLACK
6
CONTINUOUS
10
2.0581268110236222
20
0.7732646062992126
11
2.0586804330708661
21
0.7724360236220472
0
LINE
8
BLACK
6
CONTINUOUS
10
2.0586804330708661
20
0.7724360236220472
11
2.0589468897637793
21
0.7721696062992126
0
LINE
8
BLACK
6
CONTINUOUS
10
2.0589468897637793
20
0.7721696062992126
11
2.0591510629921261
21
0.7717316929133858
0
LINE
8
BLACK
6
CONTINUOUS
10
2.0591510629921261
20
0.7717316929133858
11
2.0598337007874017
21
0.7707101181102362
0
LINE
8
BLACK
6
CONTINUOUS
10
2.0598337007874017
20
0.7707101181102362
11
2.0599871259842519
21
0.7699387401574803
0
LINE
8
BLACK
6
CONTINUOUS
10
2.0599871259842519
20
0.7699387401574803
11
2.0601379921259841
21
0.7696152362204725
0
LINE
8
BLACK
6
CONTINUOUS
10
2.0601379921259841
20
0.7696152362204725
11
2.0603073228346456
21
0.7683289763779527
0
LINE
8
BLACK
6
CONTINUOUS
10
2.0603073228346456
20
0.7683289763779527
11
2.0604330708661416
21
0.7676968503937007
0
LINE
8
BLACK
6
CONTINUOUS
10
2.0604330708661416
20
0.7676968503937007
11
2.0604330708661416
21
0.7323031496062992
0
LINE
8
BLACK
6
CONTINUOUS
10
2.0604330708661416
20
0.7323031496062992
11
2.0603073228346456
21
0.7316709842519685
0
LINE
8
BLACK
6
CONTINUOUS
10
2.0603073228346456
20
0.7316709842519685
11
2.0601379921259841
21
0.7303847244094488
0
LINE
8
BLACK
6
CONTINUOUS
10
2.0601379921259841
20
0.7303847244094488
11
2.0599870866141732
21
0.7300611417322834
0
LINE
8
BLACK
6
CONTINUOUS
10
2.0599870866141732
20
0.7300611417322834
11
2.0598337007874017
21
0.7292898818897637
0
LINE
8
BLACK
6
CONTINUOUS
10
2.0598337007874017
20
0.7292898818897637
11
2.0591511023622049
21
0.7282683464566929
0
LINE
8
BLACK
6
CONTINUOUS
10
2.0591511023622049
20
0.7282683464566929
11
2.0589468897637793
21
0.7278303543307086
0
LINE
8
BLACK
6
CONTINUOUS
10
2.0589468897637793
20
0.7278303543307086
11
2.0586803543307086
21
0.7275638188976378
0
LINE
8
BLACK
6
CONTINUOUS
10
2.0586803543307086
20
0.7275638188976378
11
2.0581268110236222
21
0.7267353937007874
0
LINE
8
BLACK
6
CONTINUOUS
10
2.0581268110236222
20
0.7267353937007874
11
2.057298346456693
21
0.726181811023622
0
LINE
8
BLACK
6
CONTINUOUS
10
2.057298346456693
20
0.726181811023622
11
2.0570318110236219
21
0.7259152755905511
0
LINE
8
BLACK
6
CONTINUOUS
10
2.0570318110236219
20
0.7259152755905511
11
2.0565937007874013
21
0.7257109842519684
0
LINE
8
BLACK
6
CONTINUOUS
10
2.0565937007874013
20
0.7257109842519684
11
2.0555723228346454
21
0.7250285039370079
0
LINE
8
BLACK
6
CONTINUOUS
10
2.0555723228346454
20
0.7250285039370079
11
2.0548011023622048
21
0.7248750787401574
0
LINE
8
BLACK
6
CONTINUOUS
10
2.0548011023622048
20
0.7248750787401574
11
2.0544774409448818
21
0.7247241732283465
0
LINE
8
BLACK
6
CONTINUOUS
10
2.0544774409448818
20
0.7247241732283465
11
2.0531905905511811
21
0.7245547244094488
0
LINE
8
BLACK
6
CONTINUOUS
10
2.0531905905511811
20
0.7245547244094488
11
2.0525590551181101
21
0.7244291338582677
0
LINE
8
BLACK
6
CONTINUOUS
10
2.0525590551181101
20
0.7244291338582677
11
2.0522364173228347
21
0.7244291338582677
0
LINE
8
BLACK
6
CONTINUOUS
10
2.0522364173228347
20
0.7244291338582677
11
1.9977636220472441
21
0.7244291338582677
0
LINE
8
BLACK
6
CONTINUOUS
10
1.9977636220472441
20
0.7244291338582677
11
1.9974409448818897
21
0.7244291338582677
0
LINE
8
BLACK
6
CONTINUOUS
10
1.9974409448818897
20
0.7244291338582677
11
1.9968093700787402
21
0.7245547244094488
0
LINE
8
BLACK
6
CONTINUOUS
10
1.9968093700787402
20
0.7245547244094488
11
1.9955225196850392
21
0.7247241732283465
0
LINE
8
BLACK
6
CONTINUOUS
10
1.9955225196850392
20
0.7247241732283465
11
1.995198779527559
21
0.7248750787401574
0
LINE
8
BLACK
6
CONTINUOUS
10
1.995198779527559
20
0.7248750787401574
11
1.9944276771653542
21
0.7250285039370079
0
LINE
8
BLACK
6
CONTINUOUS
10
1.9944276771653542
20
0.7250285039370079
11
1.993406338582677
21
0.7257109055118111
0
LINE
8
BLACK
6
CONTINUOUS
10
1.993406338582677
20
0.7257109055118111
11
1.9929681496062992
21
0.7259152755905511
0
LINE
8
BLACK
6
CONTINUOUS
10
1.9929681496062992
20
0.7259152755905511
11
1.9927014960629921
21
0.7261818897637795
0
LINE
8
BLACK
6
CONTINUOUS
10
1.9927014960629921
20
0.7261818897637795
11
1.9918731889763779
21
0.7267353937007874
0
LINE
8
BLACK
6
CONTINUOUS
10
1.9918731889763779
20
0.7267353937007874
11
1.99131968503937
21
0.7275637007874015
0
LINE
8
BLACK
6
CONTINUOUS
10
1.99131968503937
20
0.7275637007874015
11
1.9910530708661416
21
0.7278303543307086
0
LINE
8
BLACK
6
CONTINUOUS
10
1.9910530708661416
20
0.7278303543307086
11
1.9908487007874016
21
0.7282685433070866
0
LINE
8
BLACK
6
CONTINUOUS
10
1.9908487007874016
20
0.7282685433070866
11
1.9901662992125984
21
0.7292898818897637
0
LINE
8
BLACK
6
CONTINUOUS
10
1.9901662992125984
20
0.7292898818897637
11
1.9900128740157479
21
0.7300609842519685
0
LINE
8
BLACK
6
CONTINUOUS
10
1.9900128740157479
20
0.7300609842519685
11
1.9898619685039369
21
0.7303847244094488
0
LINE
8
BLACK
6
CONTINUOUS
10
1.9898619685039369
20
0.7303847244094488
11
1.9896925196850392
21
0.7316716535433071
0
LINE
8
BLACK
6
CONTINUOUS
10
1.9896925196850392
20
0.7316716535433071
11
1.9895669291338582
21
0.7323031496062992
0
LINE
8
BLACK
6
CONTINUOUS
10
1.9895669291338582
20
0.7323031496062992
11
1.9895669291338582
21
0.7676968503937007
0
LINE
8
BLACK
6
CONTINUOUS
10
1.9895669291338582
20
0.7676968503937007
11
1.989692559055118
21
0.7683284645669292
0
LINE
8
BLACK
6
CONTINUOUS
10
1.989692559055118
20
0.7683284645669292
11
1.9898619685039369
21
0.7696152362204725
0
LINE
8
BLACK
6
CONTINUOUS
10
1.9898619685039369
20
0.7696152362204725
11
1.9900128740157479
21
0.7699388976377952
0
LINE
8
BLACK
6
CONTINUOUS
10
1.9900128740157479
20
0.7699388976377952
11
1.9901662992125984
21
0.7707101181102362
0
LINE
8
BLACK
6
CONTINUOUS
10
1.9901662992125984
20
0.7707101181102362
11
1.9908487795275591
21
0.7717314960629921
0
LINE
8
BLACK
6
CONTINUOUS
10
1.9908487795275591
20
0.7717314960629921
11
1.9910530708661416
21
0.7721696062992126
0
LINE
8
BLACK
6
CONTINUOUS
10
1.9910530708661416
20
0.7721696062992126
11
1.9913196062992125
21
0.7724361417322835
0
LINE
8
BLACK
6
CONTINUOUS
10
1.9913196062992125
20
0.7724361417322835
11
1.9918731889763779
21
0.7732646062992126
0
LINE
8
BLACK
6
CONTINUOUS
10
1.9918731889763779
20
0.7732646062992126
11
1.9927016141732283
21
0.7738181496062992
0
LINE
8
BLACK
6
CONTINUOUS
10
1.9927016141732283
20
0.7738181496062992
11
1.9929681496062992
21
0.7740846850393701
0
LINE
8
BLACK
6
CONTINUOUS
10
1.9929681496062992
20
0.7740846850393701
11
1.9934061417322835
21
0.7742888976377953
0
LINE
8
BLACK
6
CONTINUOUS
10
1.9934061417322835
20
0.7742888976377953
11
1.9944276771653542
21
0.7749714960629921
0
LINE
8
BLACK
6
CONTINUOUS
10
1.9944276771653542
20
0.7749714960629921
11
1.995198937007874
21
0.7751248818897638
0
LINE
8
BLACK
6
CONTINUOUS
10
1.995198937007874
20
0.7751248818897638
11
1.9955225196850392
21
0.7752757874015748
0
LINE
8
BLACK
6
CONTINUOUS
10
1.9955225196850392
20
0.7752757874015748
11
1.9968088582677166
21
0.7754451181102362
0
LINE
8
BLACK
6
CONTINUOUS
10
1.9968088582677166
20
0.7754451181102362
11
1.9974409448818897
21
0.7755708661417323
0
LINE
8
BLACK
6
CONTINUOUS
10
1.9974409448818897
20
0.7755708661417323
11
2.0525590551181101
21
0.7755708661417323
0
LINE
8
BLACK
6
CONTINUOUS
10
2.0525590551181101
20
0.7755708661417323
11
2.0531912598425195
21
0.7754450787401574
0
LINE
8
BLACK
6
CONTINUOUS
10
2.1531912598425196
20
0.7752482283464567
11
2.1544774409448819
21
0.775078937007874
0
LINE
8
BLACK
6
CONTINUOUS
10
2.1544774409448819
20
0.775078937007874
11
2.1548009448818899
21
0.7749280708661417
0
LINE
8
BLACK
6
CONTINUOUS
10
2.1548009448818899
20
0.7749280708661417
11
2.1555723228346455
21
0.7747746456692913
0
LINE
8
BLACK
6
CONTINUOUS
10
2.1555723228346455
20
0.7747746456692913
11
2.1565938976377952
21
0.7740920078740158
0
LINE
8
BLACK
6
CONTINUOUS
10
2.1565938976377952
20
0.7740920078740158
11
2.157031811023622
21
0.7738878346456692
0
LINE
8
BLACK
6
CONTINUOUS
10
2.157031811023622
20
0.7738878346456692
11
2.1572982283464568
21
0.7736213779527559
0
LINE
8
BLACK
6
CONTINUOUS
10
2.1572982283464568
20
0.7736213779527559
11
2.1581268110236218
21
0.7730677559055118
0
LINE
8
BLACK
6
CONTINUOUS
10
2.1581268110236218
20
0.7730677559055118
11
2.1586804330708662
21
0.7722391732283465
0
LINE
8
BLACK
6
CONTINUOUS
10
2.1586804330708662
20
0.7722391732283465
11
2.1589468897637794
21
0.7719727559055118
0
LINE
8
BLACK
6
CONTINUOUS
10
2.1589468897637794
20
0.7719727559055118
11
2.1591510629921258
21
0.7715348425196851
0
LINE
8
BLACK
6
CONTINUOUS
10
2.1591510629921258
20
0.7715348425196851
11
2.1598337007874013
21
0.7705132677165354
0
LINE
8
BLACK
6
CONTINUOUS
10
2.1598337007874013
20
0.7705132677165354
11
2.159987125984252
21
0.7697418897637796
0
LINE
8
BLACK
6
CONTINUOUS
10
2.159987125984252
20
0.7697418897637796
11
2.1601379921259842
21
0.7694183858267717
0
LINE
8
BLACK
6
CONTINUOUS
10
2.1601379921259842
20
0.7694183858267717
11
2.1603073228346457
21
0.768132125984252
0
LINE
8
BLACK
6
CONTINUOUS
10
2.1603073228346457
20
0.768132125984252
11
2.1604330708661417
21
0.7675
0
LINE
8
BLACK
6
CONTINUOUS
10
2.1604330708661417
20
0.7675
11
2.1604330708661417
21
0.7324999999999999
0
LINE
8
BLACK
6
CONTINUOUS
10
2.1604330708661417
20
0.7324999999999999
11
2.1603073228346457
21
0.7318678346456693
0
LINE
8
BLACK
6
CONTINUOUS
10
2.1603073228346457
20
0.7318678346456693
11
2.1601379921259842
21
0.7305815748031496
0
LINE
8
BLACK
6
CONTINUOUS
10
2.1601379921259842
20
0.7305815748031496
11
2.1599870866141733
21
0.7302579921259842
0
LINE
8
BLACK
6
CONTINUOUS
10
2.1599870866141733
20
0.7302579921259842
11
2.1598337007874013
21
0.7294867322834645
0
LINE
8
BLACK
6
CONTINUOUS
10
2.1598337007874013
20
0.7294867322834645
11
2.1591511023622045
21
0.7284651968503937
0
LINE
8
BLACK
6
CONTINUOUS
10
2.1591511023622045
20
0.7284651968503937
11
2.1589468897637794
21
0.7280272047244094
0
LINE
8
BLACK
6
CONTINUOUS
10
2.1589468897637794
20
0.7280272047244094
11
2.1586803543307087
21
0.7277606692913385
0
LINE
8
BLACK
6
CONTINUOUS
10
2.1586803543307087
20
0.7277606692913385
11
2.1581268110236218
21
0.7269322440944882
0
LINE
8
BLACK
6
CONTINUOUS
10
2.1581268110236218
20
0.7269322440944882
11
2.1572983464566931
21
0.7263786614173228
0
LINE
8
BLACK
6
CONTINUOUS
10
2.1572983464566931
20
0.7263786614173228
11
2.157031811023622
21
0.7261121259842519
0
LINE
8
BLACK
6
CONTINUOUS
10
2.157031811023622
20
0.7261121259842519
11
2.1565937007874014
21
0.7259078346456693
0
LINE
8
BLACK
6
CONTINUOUS
10
2.1565937007874014
20
0.7259078346456693
11
2.1555723228346455
21
0.7252253543307087
0
LINE
8
BLACK
6
CONTINUOUS
10
2.1555723228346455
20
0.7252253543307087
11
2.1548011023622045
21
0.7250719291338582
0
LINE
8
BLACK
6
CONTINUOUS
10
2.1548011023622045
20
0.7250719291338582
11
2.1544774409448819
21
0.7249210236220472
0
LINE
8
BLACK
6
CONTINUOUS
10
2.1544774409448819
20
0.7249210236220472
11
2.1531905905511812
21
0.7247515748031496
0
LINE
8
BLACK
6
CONTINUOUS
10
2.1531905905511812
20
0.7247515748031496
11
2.1525590551181102
21
0.7246259842519684
0
LINE
8
BLACK
6
CONTINUOUS
10
2.1525590551181102
20
0.7246259842519684
11
2.1522364173228348
21
0.7246259842519684
0
LINE
8
BLACK
6
CONTINUOUS
10
2.1522364173228348
20
0.7246259842519684
11
2.097763622047244
21
0.7246259842519684
0
LINE
8
BLACK
6
CONTINUOUS
10
2.097763622047244
20
0.7246259842519684
11
2.0974409448818898
21
0.7246259842519684
0
LINE
8
BLACK
6
CONTINUOUS
10
2.0974409448818898
20
0.7246259842519684
11
2.09680937007874
21
0.7247515748031496
0
LINE
8
BLACK
6
CONTINUOUS
10
2.09680937007874
20
0.7247515748031496
11
2.0955225196850393
21
0.7249210236220472
0
LINE
8
BLACK
6
CONTINUOUS
10
2.0955225196850393
20
0.7249210236220472
11
2.0951987795275588
21
0.7250719291338582
0
LINE
8
BLACK
6
CONTINUOUS
10
2.0951987795275588
20
0.7250719291338582
11
2.0944276771653545
21
0.7252253543307087
0
LINE
8
BLACK
6
CONTINUOUS
10
2.0944276771653545
20
0.7252253543307087
11
2.0934063385826773
21
0.7259077559055118
0
LINE
8
BLACK
6
CONTINUOUS
10
2.0934063385826773
20
0.7259077559055118
11
2.0929681496062993
21
0.7261121259842519
0
LINE
8
BLACK
6
CONTINUOUS
10
2.0929681496062993
20
0.7261121259842519
11
2.0927014960629919
21
0.7263787401574803
0
LINE
8
BLACK
6
CONTINUOUS
10
2.0927014960629919
20
0.7263787401574803
11
2.0918731889763778
21
0.7269322440944882
0
LINE
8
BLACK
6
CONTINUOUS
10
2.0918731889763778
20
0.7269322440944882
11
2.09131968503937
21
0.7277605511811024
0
LINE
8
BLACK
6
CONTINUOUS
10
2.09131968503937
20
0.7277605511811024
11
2.0910530708661419
21
0.7280272047244094
0
LINE
8
BLACK
6
CONTINUOUS
10
2.0910530708661419
20
0.7280272047244094
11
2.0908487007874017
21
0.7284653937007873
0
LINE
8
BLACK
6
CONTINUOUS
10
2.0908487007874017
20
0.7284653937007873
11
2.0901662992125982
21
0.7294867322834645
0
LINE
8
BLACK
6
CONTINUOUS
10
2.0901662992125982
20
0.7294867322834645
11
2.090012874015748
21
0.7302578346456693
0
LINE
8
BLACK
6
CONTINUOUS
10
2.090012874015748
20
0.7302578346456693
11
2.089861968503937
21
0.7305815748031496
0
LINE
8
BLACK
6
CONTINUOUS
10
2.089861968503937
20
0.7305815748031496
11
2.0896925196850393
21
0.7318685039370079
0
LINE
8
BLACK
6
CONTINUOUS
10
2.0896925196850393
20
0.7318685039370079
11
2.0895669291338583
21
0.7324999999999999
0
LINE
8
BLACK
6
CONTINUOUS
10
2.0895669291338583
20
0.7324999999999999
11
2.0895669291338583
21
0.7675
0
LINE
8
BLACK
6
CONTINUOUS
10
2.0895669291338583
20
0.7675
11
2.0896925590551181
21
0.7681316141732283
0
LINE
8
BLACK
6
CONTINUOUS
10
2.0896925590551181
20
0.7681316141732283
11
2.089861968503937
21
0.7694183858267717
0
LINE
8
BLACK
6
CONTINUOUS
10
2.089861968503937
20
0.7694183858267717
11
2.090012874015748
21
0.7697420472440945
0
LINE
8
BLACK
6
CONTINUOUS
10
2.090012874015748
20
0.7697420472440945
11
2.0901662992125982
21
0.7705132677165354
0
LINE
8
BLACK
6
CONTINUOUS
10
2.0901662992125982
20
0.7705132677165354
11
2.0908487795275592
21
0.7715346456692913
0
LINE
8
BLACK
6
CONTINUOUS
10
2.0908487795275592
20
0.7715346456692913
11
2.0910530708661419
21
0.7719727559055118
0
LINE
8
BLACK
6
CONTINUOUS
10
2.0910530708661419
20
0.7719727559055118
11
2.0913196062992125
21
0.7722392913385827
0
LINE
8
BLACK
6
CONTINUOUS
10
2.0913196062992125
20
0.7722392913385827
11
2.0918731889763778
21
0.7730677559055118
0
LINE
8
BLACK
6
CONTINUOUS
10
2.0918731889763778
20
0.7730677559055118
11
2.0927016141732282
21
0.7736212992125984
0
LINE
8
BLACK
6
CONTINUOUS
10
2.0927016141732282
20
0.7736212992125984
11
2.0929681496062993
21
0.7738878346456692
0
LINE
8
BLACK
6
CONTINUOUS
10
2.0929681496062993
20
0.7738878346456692
11
2.0934061417322836
21
0.7740920472440944
0
LINE
8
BLACK
6
CONTINUOUS
10
2.0934061417322836
20
0.7740920472440944
11
2.0944276771653545
21
0.7747746456692913
0
LINE
8
BLACK
6
CONTINUOUS
10
2.0944276771653545
20
0.7747746456692913
11
2.0951989370078739
21
0.7749280314960629
0
LINE
8
BLACK
6
CONTINUOUS
10
2.0951989370078739
20
0.7749280314960629
11
2.0955225196850393
21
0.775078937007874
0
LINE
8
BLACK
6
CONTINUOUS
10
2.0955225196850393
20
0.775078937007874
11
2.0968088582677167
21
0.7752482677165354
0
LINE
8
BLACK
6
CONTINUOUS
10
2.0968088582677167
20
0.7752482677165354
11
2.0974409448818898
21
0.7753740157480314
0
LINE
8
BLACK
6
CONTINUOUS
10
2.0974409448818898
20
0.7753740157480314
11
2.1525590551181102
21
0.7753740157480314
0
LINE
8
BLACK
6
CONTINUOUS
10
2.1525590551181102
20
0.7753740157480314
11
2.1531912598425196
21
0.7752482283464567
0
LINE
8
BLACK
6
CONTINUOUS
10
1.8031912598425197
20
0.7879450787401575
11
1.8044774409448818
21
0.7877757874015748
0
LINE
8
BLACK
6
CONTINUOUS
10
1.8044774409448818
20
0.7877757874015748
11
1.8048009448818898
21
0.7876249212598425
0
LINE
8
BLACK
6
CONTINUOUS
10
1.8048009448818898
20
0.7876249212598425
11
1.8055723228346456
21
0.7874714960629922
0
LINE
8
BLACK
6
CONTINUOUS
10
1.8055723228346456
20
0.7874714960629922
11
1.8065938976377953
21
0.7867888582677165
0
LINE
8
BLACK
6
CONTINUOUS
10
1.8065938976377953
20
0.7867888582677165
11
1.8070318110236221
21
0.7865846850393701
0
LINE
8
BLACK
6
CONTINUOUS
10
1.8070318110236221
20
0.7865846850393701
11
1.8072982283464567
21
0.7863182283464567
0
LINE
8
BLACK
6
CONTINUOUS
10
1.8072982283464567
20
0.7863182283464567
11
1.8081268110236219
21
0.7857646062992126
0
LINE
8
BLACK
6
CONTINUOUS
10
1.8081268110236219
20
0.7857646062992126
11
1.8086804330708661
21
0.7849360236220472
0
LINE
8
BLACK
6
CONTINUOUS
10
1.8086804330708661
20
0.7849360236220472
11
1.8089468897637795
21
0.7846696062992126
0
LINE
8
BLACK
6
CONTINUOUS
10
1.8089468897637795
20
0.7846696062992126
11
1.8091510629921259
21
0.7842316929133858
0
LINE
8
BLACK
6
CONTINUOUS
10
1.8091510629921259
20
0.7842316929133858
11
1.8098337007874015
21
0.7832101181102362
0
LINE
8
BLACK
6
CONTINUOUS
10
1.8098337007874015
20
0.7832101181102362
11
1.8099871259842519
21
0.7824387401574803
0
LINE
8
BLACK
6
CONTINUOUS
10
1.8099871259842519
20
0.7824387401574803
11
1.8101379921259841
21
0.7821152362204724
0
LINE
8
BLACK
6
CONTINUOUS
10
1.8101379921259841
20
0.7821152362204724
11
1.8103073228346456
21
0.7808289763779528
0
LINE
8
BLACK
6
CONTINUOUS
10
1.8103073228346456
20
0.7808289763779528
11
1.8104330708661416
21
0.7801968503937008
0
LINE
8
BLACK
6
CONTINUOUS
10
1.8104330708661416
20
0.7801968503937008
11
1.8104330708661416
21
0.7448031496062992
0
LINE
8
BLACK
6
CONTINUOUS
10
1.8104330708661416
20
0.7448031496062992
11
1.8103073228346456
21
0.7441709842519685
0
LINE
8
BLACK
6
CONTINUOUS
10
1.8103073228346456
20
0.7441709842519685
11
1.8101379921259841
21
0.7428847244094487
0
LINE
8
BLACK
6
CONTINUOUS
10
1.8101379921259841
20
0.7428847244094487
11
1.8099870866141732
21
0.7425611417322835
0
LINE
8
BLACK
6
CONTINUOUS
10
1.8099870866141732
20
0.7425611417322835
11
1.8098337007874015
21
0.7417898818897638
0
LINE
8
BLACK
6
CONTINUOUS
10
1.8098337007874015
20
0.7417898818897638
11
1.8091511023622047
21
0.7407683464566929
0
LINE
8
BLACK
6
CONTINUOUS
10
1.8091511023622047
20
0.7407683464566929
11
1.8089468897637795
21
0.7403303543307086
0
LINE
8
BLACK
6
CONTINUOUS
10
1.8089468897637795
20
0.7403303543307086
11
1.8086803543307086
21
0.7400638188976377
0
LINE
8
BLACK
6
CONTINUOUS
10
1.8086803543307086
20
0.7400638188976377
11
1.8081268110236219
21
0.7392353937007874
0
LINE
8
BLACK
6
CONTINUOUS
10
1.8081268110236219
20
0.7392353937007874
11
1.807298346456693
21
0.7386818110236221
0
LINE
8
BLACK
6
CONTINUOUS
10
1.807298346456693
20
0.7386818110236221
11
1.8070318110236221
21
0.7384152755905512
0
LINE
8
BLACK
6
CONTINUOUS
10
1.8070318110236221
20
0.7384152755905512
11
1.8065937007874016
21
0.7382109842519685
0
LINE
8
BLACK
6
CONTINUOUS
10
1.8065937007874016
20
0.7382109842519685
11
1.8055723228346456
21
0.7375285039370079
0
LINE
8
BLACK
6
CONTINUOUS
10
1.8055723228346456
20
0.7375285039370079
11
1.8048011023622046
21
0.7373750787401575
0
LINE
8
BLACK
6
CONTINUOUS
10
1.8048011023622046
20
0.7373750787401575
11
1.8044774409448818
21
0.7372241732283464
0
LINE
8
BLACK
6
CONTINUOUS
10
1.8044774409448818
20
0.7372241732283464
11
1.8031905905511811
21
0.7370547244094487
0
LINE
8
BLACK
6
CONTINUOUS
10
1.8031905905511811
20
0.7370547244094487
11
1.8025590551181101
21
0.7369291338582677
0
LINE
8
BLACK
6
CONTINUOUS
10
1.8025590551181101
20
0.7369291338582677
11
1.8022364173228347
21
0.7369291338582677
0
LINE
8
BLACK
6
CONTINUOUS
10
1.8022364173228347
20
0.7369291338582677
11
1.7477636220472441
21
0.7369291338582677
0
LINE
8
BLACK
6
CONTINUOUS
10
1.7477636220472441
20
0.7369291338582677
11
1.7474409448818897
21
0.7369291338582677
0
LINE
8
BLACK
6
CONTINUOUS
10
1.7474409448818897
20
0.7369291338582677
11
1.7468093700787402
21
0.7370547244094487
0
LINE
8
BLACK
6
CONTINUOUS
10
1.7468093700787402
20
0.7370547244094487
11
1.7455225196850392
21
0.7372241732283464
0
LINE
8
BLACK
6
CONTINUOUS
10
1.7455225196850392
20
0.7372241732283464
11
1.745198779527559
21
0.7373750787401575
0
LINE
8
BLACK
6
CONTINUOUS
10
1.745198779527559
20
0.7373750787401575
11
1.7444276771653542
21
0.7375285039370079
0
LINE
8
BLACK
6
CONTINUOUS
10
1.7444276771653542
20
0.7375285039370079
11
1.743406338582677
21
0.738210905511811
0
LINE
8
BLACK
6
CONTINUOUS
10
1.743406338582677
20
0.738210905511811
11
1.7429681496062992
21
0.7384152755905512
0
LINE
8
BLACK
6
CONTINUOUS
10
1.7429681496062992
20
0.7384152755905512
11
1.7427014960629921
21
0.7386818897637795
0
LINE
8
BLACK
6
CONTINUOUS
10
1.7427014960629921
20
0.7386818897637795
11
1.7418731889763779
21
0.7392353937007874
0
LINE
8
BLACK
6
CONTINUOUS
10
1.7418731889763779
20
0.7392353937007874
11
1.74131968503937
21
0.7400637007874016
0
LINE
8
BLACK
6
CONTINUOUS
10
1.74131968503937
20
0.7400637007874016
11
1.7410530708661416
21
0.7403303543307086
0
LINE
8
BLACK
6
CONTINUOUS
10
1.7410530708661416
20
0.7403303543307086
11
1.7408487007874016
21
0.7407685433070866
0
LINE
8
BLACK
6
CONTINUOUS
10
1.7408487007874016
20
0.7407685433070866
11
1.7401662992125984
21
0.7417898818897638
0
LINE
8
BLACK
6
CONTINUOUS
10
1.7401662992125984
20
0.7417898818897638
11
1.7400128740157479
21
0.7425609842519685
0
LINE
8
BLACK
6
CONTINUOUS
10
1.7400128740157479
20
0.7425609842519685
11
1.7398619685039369
21
0.7428847244094487
0
LINE
8
BLACK
6
CONTINUOUS
10
1.7398619685039369
20
0.7428847244094487
11
1.7396925196850392
21
0.7441716535433071
0
LINE
8
BLACK
6
CONTINUOUS
10
1.7396925196850392
20
0.7441716535433071
11
1.7395669291338582
21
0.7448031496062992
0
LINE
8
BLACK
6
CONTINUOUS
10
1.7395669291338582
20
0.7448031496062992
11
1.7395669291338582
21
0.7801968503937008
0
LINE
8
BLACK
6
CONTINUOUS
10
1.7395669291338582
20
0.7801968503937008
11
1.739692559055118
21
0.7808284645669291
0
LINE
8
BLACK
6
CONTINUOUS
10
1.739692559055118
20
0.7808284645669291
11
1.7398619685039369
21
0.7821152362204724
0
LINE
8
BLACK
6
CONTINUOUS
10
1.7398619685039369
20
0.7821152362204724
11
1.7400128740157479
21
0.7824388976377953
0
LINE
8
BLACK
6
CONTINUOUS
10
1.7400128740157479
20
0.7824388976377953
11
1.7401662992125984
21
0.7832101181102362
0
LINE
8
BLACK
6
CONTINUOUS
10
1.7401662992125984
20
0.7832101181102362
11
1.7408487795275591
21
0.7842314960629921
0
LINE
8
BLACK
6
CONTINUOUS
10
1.7408487795275591
20
0.7842314960629921
11
1.7410530708661416
21
0.7846696062992126
0
LINE
8
BLACK
6
CONTINUOUS
10
1.7410530708661416
20
0.7846696062992126
11
1.7413196062992125
21
0.7849361417322834
0
LINE
8
BLACK
6
CONTINUOUS
10
1.7413196062992125
20
0.7849361417322834
11
1.7418731889763779
21
0.7857646062992126
0
LINE
8
BLACK
6
CONTINUOUS
10
1.7418731889763779
20
0.7857646062992126
11
1.7427016141732283
21
0.7863181496062992
0
LINE
8
BLACK
6
CONTINUOUS
10
1.7427016141732283
20
0.7863181496062992
11
1.7429681496062992
21
0.7865846850393701
0
LINE
8
BLACK
6
CONTINUOUS
10
1.7429681496062992
20
0.7865846850393701
11
1.7434061417322835
21
0.7867888976377952
0
LINE
8
BLACK
6
CONTINUOUS
10
1.7434061417322835
20
0.7867888976377952
11
1.7444276771653542
21
0.7874714960629922
0
LINE
8
BLACK
6
CONTINUOUS
10
1.7444276771653542
20
0.7874714960629922
11
1.745198937007874
21
0.7876248818897638
0
LINE
8
BLACK
6
CONTINUOUS
10
1.745198937007874
20
0.7876248818897638
11
1.7455225196850392
21
0.7877757874015748
0
LINE
8
BLACK
6
CONTINUOUS
10
1.7455225196850392
20
0.7877757874015748
11
1.7468088582677166
21
0.7879451181102362
0
LINE
8
BLACK
6
CONTINUOUS
10
1.7468088582677166
20
0.7879451181102362
11
1.7474409448818897
21
0.7880708661417323
0
LINE
8
BLACK
6
CONTINUOUS
10
1.7474409448818897
20
0.7880708661417323
11
1.8025590551181101
21
0.7880708661417323
0
LINE
8
BLACK
6
CONTINUOUS
10
1.8025590551181101
20
0.7880708661417323
11
1.8031912598425197
21
0.7879450787401575
0
LINE
8
BLACK
6
CONTINUOUS
10
2.2183290551181103
20
0.8103072834645669
11
2.2196152362204722
21
0.8101379921259843
0
LINE
8
BLACK
6
CONTINUOUS
10
2.2196152362204722
20
0.8101379921259843
11
2.2199387401574802
21
0.8099871259842519
0
LINE
8
BLACK
6
CONTINUOUS
10
2.2199387401574802
20
0.8099871259842519
11
2.2207101181102362
21
0.8098337007874016
0
LINE
8
BLACK
6
CONTINUOUS
10
2.2207101181102362
20
0.8098337007874016
11
2.2217316929133859
21
0.8091510629921259
0
LINE
8
BLACK
6
CONTINUOUS
10
2.2217316929133859
20
0.8091510629921259
11
2.2221696062992127
21
0.8089468897637795
0
LINE
8
BLACK
6
CONTINUOUS
10
2.2221696062992127
20
0.8089468897637795
11
2.2224360236220471
21
0.8086804330708661
0
LINE
8
BLACK
6
CONTINUOUS
10
2.2224360236220471
20
0.8086804330708661
11
2.2232646062992125
21
0.808126811023622
0
LINE
8
BLACK
6
CONTINUOUS
10
2.2232646062992125
20
0.808126811023622
11
2.2238182283464565
21
0.8072982283464567
0
LINE
8
BLACK
6
CONTINUOUS
10
2.2238182283464565
20
0.8072982283464567
11
2.2240846850393701
21
0.807031811023622
0
LINE
8
BLACK
6
CONTINUOUS
10
2.2240846850393701
20
0.807031811023622
11
2.2242888582677165
21
0.8065938976377952
0
LINE
8
BLACK
6
CONTINUOUS
10
2.2242888582677165
20
0.8065938976377952
11
2.224971496062992
21
0.8055723228346456
0
LINE
8
BLACK
6
CONTINUOUS
10
2.224971496062992
20
0.8055723228346456
11
2.2251249212598423
21
0.8048009448818897
0
LINE
8
BLACK
6
CONTINUOUS
10
2.2251249212598423
20
0.8048009448818897
11
2.2252757874015749
21
0.8044774409448818
0
LINE
8
BLACK
6
CONTINUOUS
10
2.2252757874015749
20
0.8044774409448818
11
2.2254451181102364
21
0.8031911811023622
0
LINE
8
BLACK
6
CONTINUOUS
10
2.2254451181102364
20
0.8031911811023622
11
2.2255708661417324
21
0.8025590551181102
0
LINE
8
BLACK
6
CONTINUOUS
10
2.2255708661417324
20
0.8025590551181102
11
2.2255708661417324
21
0.7474409448818897
0
LINE
8
BLACK
6
CONTINUOUS
10
2.2255708661417324
20
0.7474409448818897
11
2.2254451181102364
21
0.7468087795275591
0
LINE
8
BLACK
6
CONTINUOUS
10
2.2254451181102364
20
0.7468087795275591
11
2.2252757874015749
21
0.7455225196850394
0
LINE
8
BLACK
6
CONTINUOUS
10
2.2252757874015749
20
0.7455225196850394
11
2.2251248818897635
21
0.745198937007874
0
LINE
8
BLACK
6
CONTINUOUS
10
2.2251248818897635
20
0.745198937007874
11
2.224971496062992
21
0.7444276771653543
0
LINE
8
BLACK
6
CONTINUOUS
10
2.224971496062992
20
0.7444276771653543
11
2.2242888976377952
21
0.7434061417322835
0
LINE
8
BLACK
6
CONTINUOUS
10
2.2242888976377952
20
0.7434061417322835
11
2.2240846850393701
21
0.7429681496062992
0
LINE
8
BLACK
6
CONTINUOUS
10
2.2240846850393701
20
0.7429681496062992
11
2.223818149606299
21
0.7427016141732283
0
LINE
8
BLACK
6
CONTINUOUS
10
2.223818149606299
20
0.7427016141732283
11
2.2232646062992125
21
0.7418731889763779
0
LINE
8
BLACK
6
CONTINUOUS
10
2.2232646062992125
20
0.7418731889763779
11
2.2224361417322833
21
0.7413196062992126
0
LINE
8
BLACK
6
CONTINUOUS
10
2.2224361417322833
20
0.7413196062992126
11
2.2221696062992127
21
0.7410530708661417
0
LINE
8
BLACK
6
CONTINUOUS
10
2.2221696062992127
20
0.7410530708661417
11
2.2217314960629921
21
0.740848779527559
0
LINE
8
BLACK
6
CONTINUOUS
10
2.2217314960629921
20
0.740848779527559
11
2.2207101181102362
21
0.7401662992125984
0
LINE
8
BLACK
6
CONTINUOUS
10
2.2207101181102362
20
0.7401662992125984
11
2.2199388976377952
21
0.740012874015748
0
LINE
8
BLACK
6
CONTINUOUS
10
2.2199388976377952
20
0.740012874015748
11
2.2196152362204722
21
0.739861968503937
0
LINE
8
BLACK
6
CONTINUOUS
10
2.2196152362204722
20
0.739861968503937
11
2.2183283858267715
21
0.7396925196850394
0
LINE
8
BLACK
6
CONTINUOUS
10
2.2183283858267715
20
0.7396925196850394
11
2.2176968503937009
21
0.7395669291338582
0
LINE
8
BLACK
6
CONTINUOUS
10
2.2176968503937009
20
0.7395669291338582
11
2.217374212598425
21
0.7395669291338582
0
LINE
8
BLACK
6
CONTINUOUS
10
2.217374212598425
20
0.7395669291338582
11
2.1826258267716536
21
0.7395669291338582
0
LINE
8
BLACK
6
CONTINUOUS
10
2.1826258267716536
20
0.7395669291338582
11
2.182303149606299
21
0.7395669291338582
0
LINE
8
BLACK
6
CONTINUOUS
10
2.182303149606299
20
0.7395669291338582
11
2.1816715748031497
21
0.7396925196850394
0
LINE
8
BLACK
6
CONTINUOUS
10
2.1816715748031497
20
0.7396925196850394
11
2.180384724409449
21
0.739861968503937
0
LINE
8
BLACK
6
CONTINUOUS
10
2.180384724409449
20
0.739861968503937
11
2.1800609842519685
21
0.740012874015748
0
LINE
8
BLACK
6
CONTINUOUS
10
2.1800609842519685
20
0.740012874015748
11
2.1792898818897637
21
0.7401662992125984
0
LINE
8
BLACK
6
CONTINUOUS
10
2.1792898818897637
20
0.7401662992125984
11
2.1782685433070865
21
0.7408487007874015
0
LINE
8
BLACK
6
CONTINUOUS
10
2.1782685433070865
20
0.7408487007874015
11
2.1778303543307085
21
0.7410530708661417
0
LINE
8
BLACK
6
CONTINUOUS
10
2.1778303543307085
20
0.7410530708661417
11
2.1775637007874016
21
0.7413196850393701
0
LINE
8
BLACK
6
CONTINUOUS
10
2.1775637007874016
20
0.7413196850393701
11
2.1767353937007874
21
0.7418731889763779
0
LINE
8
BLACK
6
CONTINUOUS
10
2.1767353937007874
20
0.7418731889763779
11
2.1761818897637797
21
0.7427014960629921
0
LINE
8
BLACK
6
CONTINUOUS
10
2.1761818897637797
20
0.7427014960629921
11
2.1759152755905511
21
0.7429681496062992
0
LINE
8
BLACK
6
CONTINUOUS
10
2.1759152755905511
20
0.7429681496062992
11
2.1757109055118109
21
0.7434063385826771
0
LINE
8
BLACK
6
CONTINUOUS
10
2.1757109055118109
20
0.7434063385826771
11
2.1750285039370079
21
0.7444276771653543
0
LINE
8
BLACK
6
CONTINUOUS
10
2.1750285039370079
20
0.7444276771653543
11
2.1748750787401576
21
0.7451987795275591
0
LINE
8
BLACK
6
CONTINUOUS
10
2.1748750787401576
20
0.7451987795275591
11
2.1747241732283462
21
0.7455225196850394
0
LINE
8
BLACK
6
CONTINUOUS
10
2.1747241732283462
20
0.7455225196850394
11
2.174554724409449
21
0.7468094488188977
0
LINE
8
BLACK
6
CONTINUOUS
10
2.174554724409449
20
0.7468094488188977
11
2.1744291338582675
21
0.7474409448818897
0
LINE
8
BLACK
6
CONTINUOUS
10
2.1744291338582675
20
0.7474409448818897
11
2.1744291338582675
21
0.8025590551181102
0
LINE
8
BLACK
6
CONTINUOUS
10
2.1744291338582675
20
0.8025590551181102
11
2.1745547637795277
21
0.8031906692913385
0
LINE
8
BLACK
6
CONTINUOUS
10
2.1745547637795277
20
0.8031906692913385
11
2.1747241732283462
21
0.8044774409448818
0
LINE
8
BLACK
6
CONTINUOUS
10
2.1747241732283462
20
0.8044774409448818
11
2.1748750787401576
21
0.8048011023622047
0
LINE
8
BLACK
6
CONTINUOUS
10
2.1748750787401576
20
0.8048011023622047
11
2.1750285039370079
21
0.8055723228346456
0
LINE
8
BLACK
6
CONTINUOUS
10
2.1750285039370079
20
0.8055723228346456
11
2.1757109842519684
21
0.8065937007874016
0
LINE
8
BLACK
6
CONTINUOUS
10
2.1757109842519684
20
0.8065937007874016
11
2.1759152755905511
21
0.807031811023622
0
LINE
8
BLACK
6
CONTINUOUS
10
2.1759152755905511
20
0.807031811023622
11
2.1761818110236222
21
0.8072983464566929
0
LINE
8
BLACK
6
CONTINUOUS
10
2.1761818110236222
20
0.8072983464566929
11
2.1767353937007874
21
0.808126811023622
0
LINE
8
BLACK
6
CONTINUOUS
10
2.1767353937007874
20
0.808126811023622
11
2.1775638188976378
21
0.8086803543307086
0
LINE
8
BLACK
6
CONTINUOUS
10
2.1775638188976378
20
0.8086803543307086
11
2.1778303543307085
21
0.8089468897637795
0
LINE
8
BLACK
6
CONTINUOUS
10
2.1778303543307085
20
0.8089468897637795
11
2.1782683464566928
21
0.8091511023622047
0
LINE
8
BLACK
6
CONTINUOUS
10
2.1782683464566928
20
0.8091511023622047
11
2.1792898818897637
21
0.8098337007874016
0
LINE
8
BLACK
6
CONTINUOUS
10
2.1792898818897637
20
0.8098337007874016
11
2.1800611417322835
21
0.8099870866141732
0
LINE
8
BLACK
6
CONTINUOUS
10
2.1800611417322835
20
0.8099870866141732
11
2.180384724409449
21
0.8101379921259843
0
LINE
8
BLACK
6
CONTINUOUS
10
2.180384724409449
20
0.8101379921259843
11
2.1816710629921259
21
0.8103073228346457
0
LINE
8
BLACK
6
CONTINUOUS
10
2.1816710629921259
20
0.8103073228346457
11
2.182303149606299
21
0.8104330708661417
0
LINE
8
BLACK
6
CONTINUOUS
10
2.182303149606299
20
0.8104330708661417
11
2.2176968503937009
21
0.8104330708661417
0
LINE
8
BLACK
6
CONTINUOUS
10
2.2176968503937009
20
0.8104330708661417
11
2.2183290551181103
21
0.8103072834645669
0
LINE
8
BLACK
6
CONTINUOUS
10
2.2931322047244094
20
0.8103072834645669
11
2.2944183858267717
21
0.8101379921259843
0
LINE
8
BLACK
6
CONTINUOUS
10
2.2944183858267717
20
0.8101379921259843
11
2.2947418897637797
21
0.8099871259842519
0
LINE
8
BLACK
6
CONTINUOUS
10
2.2947418897637797
20
0.8099871259842519
11
2.2955132677165353
21
0.8098337007874016
0
LINE
8
BLACK
6
CONTINUOUS
10
2.2955132677165353
20
0.8098337007874016
11
2.296534842519685
21
0.8091510629921259
0
LINE
8
BLACK
6
CONTINUOUS
10
2.296534842519685
20
0.8091510629921259
11
2.2969727559055118
21
0.8089468897637795
0
LINE
8
BLACK
6
CONTINUOUS
10
2.2969727559055118
20
0.8089468897637795
11
2.2972391732283466
21
0.8086804330708661
0
LINE
8
BLACK
6
CONTINUOUS
10
2.2972391732283466
20
0.8086804330708661
11
2.2980677559055116
21
0.808126811023622
0
LINE
8
BLACK
6
CONTINUOUS
10
2.2980677559055116
20
0.808126811023622
11
2.298621377952756
21
0.8072982283464567
0
LINE
8
BLACK
6
CONTINUOUS
10
2.298621377952756
20
0.8072982283464567
11
2.2988878346456691
21
0.807031811023622
0
LINE
8
BLACK
6
CONTINUOUS
10
2.2988878346456691
20
0.807031811023622
11
2.2990920078740156
21
0.8065938976377952
0
LINE
8
BLACK
6
CONTINUOUS
10
2.2990920078740156
20
0.8065938976377952
11
2.2997746456692911
21
0.8055723228346456
0
LINE
8
BLACK
6
CONTINUOUS
10
2.2997746456692911
20
0.8055723228346456
11
2.2999280708661418
21
0.8048009448818897
0
LINE
8
BLACK
6
CONTINUOUS
10
2.2999280708661418
20
0.8048009448818897
11
2.300078937007874
21
0.8044774409448818
0
LINE
8
BLACK
6
CONTINUOUS
10
2.300078937007874
20
0.8044774409448818
11
2.3002482677165355
21
0.8031911811023622
0
LINE
8
BLACK
6
CONTINUOUS
10
2.3002482677165355
20
0.8031911811023622
11
2.3003740157480315
21
0.8025590551181102
0
LINE
8
BLACK
6
CONTINUOUS
10
2.3003740157480315
20
0.8025590551181102
11
2.3003740157480315
21
0.7474409448818897
0
LINE
8
BLACK
6
CONTINUOUS
10
2.3003740157480315
20
0.7474409448818897
11
2.3002482677165355
21
0.7468087795275591
0
LINE
8
BLACK
6
CONTINUOUS
10
2.3002482677165355
20
0.7468087795275591
11
2.300078937007874
21
0.7455225196850394
0
LINE
8
BLACK
6
CONTINUOUS
10
2.300078937007874
20
0.7455225196850394
11
2.2999280314960631
21
0.745198937007874
0
LINE
8
BLACK
6
CONTINUOUS
10
2.2999280314960631
20
0.745198937007874
11
2.2997746456692911
21
0.7444276771653543
0
LINE
8
BLACK
6
CONTINUOUS
10
2.2997746456692911
20
0.7444276771653543
11
2.2990920472440943
21
0.7434061417322835
0
LINE
8
BLACK
6
CONTINUOUS
10
2.2990920472440943
20
0.7434061417322835
11
2.2988878346456691
21
0.7429681496062992
0
LINE
8
BLACK
6
CONTINUOUS
10
2.2988878346456691
20
0.7429681496062992
11
2.2986212992125985
21
0.7427016141732283
0
LINE
8
BLACK
6
CONTINUOUS
10
2.2986212992125985
20
0.7427016141732283
11
2.2980677559055116
21
0.7418731889763779
0
LINE
8
BLACK
6
CONTINUOUS
10
2.2980677559055116
20
0.7418731889763779
11
2.2972392913385828
21
0.7413196062992126
0
LINE
8
BLACK
6
CONTINUOUS
10
2.2972392913385828
20
0.7413196062992126
11
2.2969727559055118
21
0.7410530708661417
0
LINE
8
BLACK
6
CONTINUOUS
10
2.2969727559055118
20
0.7410530708661417
11
2.2965346456692912
21
0.740848779527559
0
LINE
8
BLACK
6
CONTINUOUS
10
2.2965346456692912
20
0.740848779527559
11
2.2955132677165353
21
0.7401662992125984
0
LINE
8
BLACK
6
CONTINUOUS
10
2.2955132677165353
20
0.7401662992125984
11
2.2947420472440943
21
0.740012874015748
0
LINE
8
BLACK
6
CONTINUOUS
10
2.2947420472440943
20
0.740012874015748
11
2.2944183858267717
21
0.739861968503937
0
LINE
8
BLACK
6
CONTINUOUS
10
2.2944183858267717
20
0.739861968503937
11
2.293131535433071
21
0.7396925196850394
0
LINE
8
BLACK
6
CONTINUOUS
10
2.293131535433071
20
0.7396925196850394
11
2.2925
21
0.7395669291338582
0
LINE
8
BLACK
6
CONTINUOUS
10
2.2925
20
0.7395669291338582
11
2.2921773622047246
21
0.7395669291338582
0
LINE
8
BLACK
6
CONTINUOUS
10
2.2921773622047246
20
0.7395669291338582
11
2.2578226771653545
21
0.7395669291338582
0
LINE
8
BLACK
6
CONTINUOUS
10
2.2578226771653545
20
0.7395669291338582
11
2.2574999999999998
21
0.7395669291338582
0
LINE
8
BLACK
6
CONTINUOUS
10
2.2574999999999998
20
0.7395669291338582
11
2.2568684251968505
21
0.7396925196850394
0
LINE
8
BLACK
6
CONTINUOUS
10
2.2568684251968505
20
0.7396925196850394
11
2.2555815748031494
21
0.739861968503937
0
LINE
8
BLACK
6
CONTINUOUS
10
2.2555815748031494
20
0.739861968503937
11
2.2552578346456693
21
0.740012874015748
0
LINE
8
BLACK
6
CONTINUOUS
10
2.2552578346456693
20
0.740012874015748
11
2.2544867322834645
21
0.7401662992125984
0
LINE
8
BLACK
6
CONTINUOUS
10
2.2544867322834645
20
0.7401662992125984
11
2.2534653937007874
21
0.7408487007874015
0
LINE
8
BLACK
6
CONTINUOUS
10
2.2534653937007874
20
0.7408487007874015
11
2.2530272047244093
21
0.7410530708661417
0
LINE
8
BLACK
6
CONTINUOUS
10
2.2530272047244093
20
0.7410530708661417
11
2.2527605511811024
21
0.7413196850393701
0
LINE
8
BLACK
6
CONTINUOUS
10
2.2527605511811024
20
0.7413196850393701
11
2.2519322440944882
21
0.7418731889763779
0
LINE
8
BLACK
6
CONTINUOUS
10
2.2519322440944882
20
0.7418731889763779
11
2.2513787401574801
21
0.7427014960629921
0
LINE
8
BLACK
6
CONTINUOUS
10
2.2513787401574801
20
0.7427014960629921
11
2.2511121259842519
21
0.7429681496062992
0
LINE
8
BLACK
6
CONTINUOUS
10
2.2511121259842519
20
0.7429681496062992
11
2.2509077559055117
21
0.7434063385826771
0
LINE
8
BLACK
6
CONTINUOUS
10
2.2509077559055117
20
0.7434063385826771
11
2.2502253543307087
21
0.7444276771653543
0
LINE
8
BLACK
6
CONTINUOUS
10
2.2502253543307087
20
0.7444276771653543
11
2.250071929133858
21
0.7451987795275591
0
LINE
8
BLACK
6
CONTINUOUS
10
2.250071929133858
20
0.7451987795275591
11
2.249921023622047
21
0.7455225196850394
0
LINE
8
BLACK
6
CONTINUOUS
10
2.249921023622047
20
0.7455225196850394
11
2.2497515748031494
21
0.7468094488188977
0
LINE
8
BLACK
6
CONTINUOUS
10
2.2497515748031494
20
0.7468094488188977
11
2.2496259842519684
21
0.7474409448818897
0
LINE
8
BLACK
6
CONTINUOUS
10
2.2496259842519684
20
0.7474409448818897
11
2.2496259842519684
21
0.8025590551181102
0
LINE
8
BLACK
6
CONTINUOUS
10
2.2496259842519684
20
0.8025590551181102
11
2.2497516141732281
21
0.8031906692913385
0
LINE
8
BLACK
6
CONTINUOUS
10
2.2497516141732281
20
0.8031906692913385
11
2.249921023622047
21
0.8044774409448818
0
LINE
8
BLACK
6
CONTINUOUS
10
2.249921023622047
20
0.8044774409448818
11
2.250071929133858
21
0.8048011023622047
0
LINE
8
BLACK
6
CONTINUOUS
10
2.250071929133858
20
0.8048011023622047
11
2.2502253543307087
21
0.8055723228346456
0
LINE
8
BLACK
6
CONTINUOUS
10
2.2502253543307087
20
0.8055723228346456
11
2.2509078346456692
21
0.8065937007874016
0
LINE
8
BLACK
6
CONTINUOUS
10
2.2509078346456692
20
0.8065937007874016
11
2.2511121259842519
21
0.807031811023622
0
LINE
8
BLACK
6
CONTINUOUS
10
2.2511121259842519
20
0.807031811023622
11
2.2513786614173226
21
0.8072983464566929
0
LINE
8
BLACK
6
CONTINUOUS
10
2.2513786614173226
20
0.8072983464566929
11
2.2519322440944882
21
0.808126811023622
0
LINE
8
BLACK
6
CONTINUOUS
10
2.2519322440944882
20
0.808126811023622
11
2.2527606692913387
21
0.8086803543307086
0
LINE
8
BLACK
6
CONTINUOUS
10
2.2527606692913387
20
0.8086803543307086
11
2.2530272047244093
21
0.8089468897637795
0
LINE
8
BLACK
6
CONTINUOUS
10
2.2530272047244093
20
0.8089468897637795
11
2.2534651968503936
21
0.8091511023622047
0
LINE
8
BLACK
6
CONTINUOUS
10
2.2534651968503936
20
0.8091511023622047
11
2.2544867322834645
21
0.8098337007874016
0
LINE
8
BLACK
6
CONTINUOUS
10
2.2544867322834645
20
0.8098337007874016
11
2.2552579921259843
21
0.8099870866141732
0
LINE
8
BLACK
6
CONTINUOUS
10
2.2552579921259843
20
0.8099870866141732
11
2.2555815748031494
21
0.8101379921259843
0
LINE
8
BLACK
6
CONTINUOUS
10
2.2555815748031494
20
0.8101379921259843
11
2.2568679133858267
21
0.8103073228346457
0
LINE
8
BLACK
6
CONTINUOUS
10
2.2568679133858267
20
0.8103073228346457
11
2.2574999999999998
21
0.8104330708661417
0
LINE
8
BLACK
6
CONTINUOUS
10
2.2574999999999998
20
0.8104330708661417
11
2.2925
21
0.8104330708661417
0
LINE
8
BLACK
6
CONTINUOUS
10
2.2925
20
0.8104330708661417
11
2.2931322047244094
21
0.8103072834645669
0
LINE
8
BLACK
6
CONTINUOUS
10
0.1032677952755905
20
0.8568916535433071
11
0.1056984251968504
21
0.8568916535433071
0
LINE
8
BLACK
6
CONTINUOUS
10
0.1056984251968504
20
0.8568916535433071
11
0.1078681102362205
21
0.8565295669291338
0
LINE
8
BLACK
6
CONTINUOUS
10
0.1078681102362205
20
0.8565295669291338
11
0.1099123228346457
21
0.8563687007874016
0
LINE
8
BLACK
6
CONTINUOUS
10
0.1099123228346457
20
0.8563687007874016
11
0.1123744488188976
21
0.8557775590551181
0
LINE
8
BLACK
6
CONTINUOUS
10
0.1123744488188976
20
0.8557775590551181
11
0.114998188976378
21
0.8553397637795276
0
LINE
8
BLACK
6
CONTINUOUS
10
0.114998188976378
20
0.8553397637795276
11
0.1168588188976378
21
0.8547009842519685
0
LINE
8
BLACK
6
CONTINUOUS
10
0.1168588188976378
20
0.8547009842519685
11
0.118620157480315
21
0.8542781496062992
0
LINE
8
BLACK
6
CONTINUOUS
10
0.118620157480315
20
0.8542781496062992
11
0.121183937007874
21
0.8532161811023622
0
LINE
8
BLACK
6
CONTINUOUS
10
0.121183937007874
20
0.8532161811023622
11
0.1239156692913386
21
0.8522783858267716
0
LINE
8
BLACK
6
CONTINUOUS
10
0.1239156692913386
20
0.8522783858267716
11
0.1254414960629921
21
0.8514526377952756
0
LINE
8
BLACK
6
CONTINUOUS
10
0.1254414960629921
20
0.8514526377952756
11
0.1268941338582677
21
0.8508509448818897
0
LINE
8
BLACK
6
CONTINUOUS
10
0.1268941338582677
20
0.8508509448818897
11
0.1294687401574803
21
0.8492731889763779
0
LINE
8
BLACK
6
CONTINUOUS
10
0.1294687401574803
20
0.8492731889763779
11
0.1322076771653543
21
0.8477909842519685
0
LINE
8
BLACK
6
CONTINUOUS
10
0.1322076771653543
20
0.8477909842519685
11
0.133392874015748
21
0.8468684645669291
0
LINE
8
BLACK
6
CONTINUOUS
10
0.133392874015748
20
0.8468684645669291
11
0.134529842519685
21
0.8461717716535433
0
LINE
8
BLACK
6
CONTINUOUS
10
0.134529842519685
20
0.8461717716535433
11
0.1370140551181102
21
0.84405
0
LINE
8
BLACK
6
CONTINUOUS
10
0.1370140551181102
20
0.84405
11
0.1396479527559055
21
0.842
0
LINE
8
BLACK
6
CONTINUOUS
10
0.1396479527559055
20
0.842
11
0.1405072440944882
21
0.8410665354330709
0
LINE
8
BLACK
6
CONTINUOUS
10
0.1405072440944882
20
0.8410665354330709
11
0.1413397637795276
21
0.8403555118110236
0
LINE
8
BLACK
6
CONTINUOUS
10
0.1413397637795276
20
0.8403555118110236
11
0.143626062992126
21
0.8376785826771653
0
LINE
8
BLACK
6
CONTINUOUS
10
0.143626062992126
20
0.8376785826771653
11
0.1460336220472441
21
0.8350633070866141
0
LINE
8
BLACK
6
CONTINUOUS
10
0.1460336220472441
20
0.8350633070866141
11
0.1465994094488189
21
0.8341972440944881
0
LINE
8
BLACK
6
CONTINUOUS
10
0.1465994094488189
20
0.8341972440944881
11
0.1471560236220472
21
0.833545590551181
0
LINE
8
BLACK
6
CONTINUOUS
10
0.1471560236220472
20
0.833545590551181
11
0.149133937007874
21
0.830317874015748
0
LINE
8
BLACK
6
CONTINUOUS
10
0.149133937007874
20
0.830317874015748
11
0.1511904330708661
21
0.8271702362204725
0
LINE
8
BLACK
6
CONTINUOUS
10
0.1511904330708661
20
0.8271702362204725
11
0.1515117322834646
21
0.8264376771653543
0
LINE
8
BLACK
6
CONTINUOUS
10
0.1515117322834646
20
0.8264376771653543
11
0.1518351968503937
21
0.8259098818897638
0
LINE
8
BLACK
6
CONTINUOUS
10
0.1518351968503937
20
0.8259098818897638
11
0.153394094488189
21
0.8221462992125984
0
LINE
8
BLACK
6
CONTINUOUS
10
0.153394094488189
20
0.8221462992125984
11
0.1549777559055118
21
0.8185359842519685
0
LINE
8
BLACK
6
CONTINUOUS
10
0.1549777559055118
20
0.8185359842519685
11
0.1551164566929134
21
0.8179881889763779
0
LINE
8
BLACK
6
CONTINUOUS
10
0.1551164566929134
20
0.8179881889763779
11
0.1552624015748031
21
0.817635905511811
0
LINE
8
BLACK
6
CONTINUOUS
10
0.1552624015748031
20
0.817635905511811
11
0.1562971653543307
21
0.813325590551181
0
LINE
8
BLACK
6
CONTINUOUS
10
0.1562971653543307
20
0.813325590551181
11
0.1572922834645669
21
0.8093961417322835
0
LINE
8
BLACK
6
CONTINUOUS
10
0.1572922834645669
20
0.8093961417322835
11
0.1573195275590551
21
0.8090672440944882
0
LINE
8
BLACK
6
CONTINUOUS
10
0.1573195275590551
20
0.8090672440944882
11
0.1573529527559055
21
0.8089280708661417
0
LINE
8
BLACK
6
CONTINUOUS
10
0.1573529527559055
20
0.8089280708661417
11
0.1577672047244094
21
0.8036645669291338
0
LINE
8
BLACK
6
CONTINUOUS
10
0.1577672047244094
20
0.8036645669291338
11
0.1580708661417323
21
0.7999999999999999
0
LINE
8
BLACK
6
CONTINUOUS
10
0.1580708661417323
20
0.7999999999999999
11
0.1577672047244094
21
0.7963357086614173
0
LINE
8
BLACK
6
CONTINUOUS
10
0.1577672047244094
20
0.7963357086614173
11
0.1573529527559055
21
0.7910718897637795
0
LINE
8
BLACK
6
CONTINUOUS
10
0.1573529527559055
20
0.7910718897637795
11
0.1573195275590551
21
0.7909326377952756
0
LINE
8
BLACK
6
CONTINUOUS
10
0.1573195275590551
20
0.7909326377952756
11
0.1572922834645669
21
0.7906038582677165
0
LINE
8
BLACK
6
CONTINUOUS
10
0.1572922834645669
20
0.7906038582677165
11
0.1562973622047244
21
0.7866750787401574
0
LINE
8
BLACK
6
CONTINUOUS
10
0.1562973622047244
20
0.7866750787401574
11
0.1552624015748031
21
0.7823640551181102
0
LINE
8
BLACK
6
CONTINUOUS
10
0.1552624015748031
20
0.7823640551181102
11
0.1551164173228347
21
0.782011653543307
0
LINE
8
BLACK
6
CONTINUOUS
10
0.1551164173228347
20
0.782011653543307
11
0.1549777559055118
21
0.7814640157480315
0
LINE
8
BLACK
6
CONTINUOUS
10
0.1549777559055118
20
0.7814640157480315
11
0.1533944094488189
21
0.7778543307086614
0
LINE
8
BLACK
6
CONTINUOUS
10
0.1533944094488189
20
0.7778543307086614
11
0.1518351968503937
21
0.7740900787401575
0
LINE
8
BLACK
6
CONTINUOUS
10
0.1518351968503937
20
0.7740900787401575
11
0.1515116929133858
21
0.7735621653543306
0
LINE
8
BLACK
6
CONTINUOUS
10
0.1515116929133858
20
0.7735621653543306
11
0.1511904330708661
21
0.7728297637795275
0
LINE
8
BLACK
6
CONTINUOUS
10
0.1511904330708661
20
0.7728297637795275
11
0.1491343307086614
21
0.7696826771653543
0
LINE
8
BLACK
6
CONTINUOUS
10
0.1491343307086614
20
0.7696826771653543
11
0.1471560236220472
21
0.7664543700787402
0
LINE
8
BLACK
6
CONTINUOUS
10
0.1471560236220472
20
0.7664543700787402
11
0.1465992913385827
21
0.7658025590551181
0
LINE
8
BLACK
6
CONTINUOUS
10
0.1465992913385827
20
0.7658025590551181
11
0.1460336220472441
21
0.7649366929133858
0
LINE
8
BLACK
6
CONTINUOUS
10
0.1460336220472441
20
0.7649366929133858
11
0.1436265354330709
21
0.7623218897637795
0
LINE
8
BLACK
6
CONTINUOUS
10
0.1436265354330709
20
0.7623218897637795
11
0.1413397637795276
21
0.7596444488188976
0
LINE
8
BLACK
6
CONTINUOUS
10
0.1413397637795276
20
0.7596444488188976
11
0.1405070866141732
21
0.7589332677165355
0
LINE
8
BLACK
6
CONTINUOUS
10
0.1405070866141732
20
0.7589332677165355
11
0.1396479527559055
21
0.758
0
LINE
8
BLACK
6
CONTINUOUS
10
0.1396479527559055
20
0.758
11
0.1370145669291339
21
0.7559503543307087
0
LINE
8
BLACK
6
CONTINUOUS
10
0.1370145669291339
20
0.7559503543307087
11
0.134529842519685
21
0.7538281889763779
0
LINE
8
BLACK
6
CONTINUOUS
10
0.134529842519685
20
0.7538281889763779
11
0.1333926377952756
21
0.7531312992125984
0
LINE
8
BLACK
6
CONTINUOUS
10
0.1333926377952756
20
0.7531312992125984
11
0.1322076771653543
21
0.7522090157480315
0
LINE
8
BLACK
6
CONTINUOUS
10
0.1322076771653543
20
0.7522090157480315
11
0.1294692913385827
21
0.7507270866141732
0
LINE
8
BLACK
6
CONTINUOUS
10
0.1294692913385827
20
0.7507270866141732
11
0.1268941338582677
21
0.7491490157480315
0
LINE
8
BLACK
6
CONTINUOUS
10
0.1268941338582677
20
0.7491490157480315
11
0.1254411811023622
21
0.7485471653543307
0
LINE
8
BLACK
6
CONTINUOUS
10
0.1254411811023622
20
0.7485471653543307
11
0.1239156692913386
21
0.7477216141732284
0
LINE
8
BLACK
6
CONTINUOUS
10
0.1239156692913386
20
0.7477216141732284
11
0.1211844881889764
21
0.7467839763779527
0
LINE
8
BLACK
6
CONTINUOUS
10
0.1211844881889764
20
0.7467839763779527
11
0.118620157480315
21
0.745721811023622
0
LINE
8
BLACK
6
CONTINUOUS
10
0.118620157480315
20
0.745721811023622
11
0.1168584251968504
21
0.7452988582677165
0
LINE
8
BLACK
6
CONTINUOUS
10
0.1168584251968504
20
0.7452988582677165
11
0.114998188976378
21
0.7446602362204724
0
LINE
8
BLACK
6
CONTINUOUS
10
0.114998188976378
20
0.7446602362204724
11
0.112375
21
0.7442224803149606
0
LINE
8
BLACK
6
CONTINUOUS
10
0.112375
20
0.7442224803149606
11
0.1099123228346457
21
0.7436312598425197
0
LINE
8
BLACK
6
CONTINUOUS
10
0.1099123228346457
20
0.7436312598425197
11
0.1078676377952756
21
0.7434703149606299
0
LINE
8
BLACK
6
CONTINUOUS
10
0.1078676377952756
20
0.7434703149606299
11
0.1056984251968504
21
0.7431083464566929
0
LINE
8
BLACK
6
CONTINUOUS
10
0.1056984251968504
20
0.7431083464566929
11
0.1032683070866142
21
0.7431083464566929
0
LINE
8
BLACK
6
CONTINUOUS
10
0.1032683070866142
20
0.7431083464566929
11
0.1009842519685039
21
0.7429285826771653
0
LINE
8
BLACK
6
CONTINUOUS
10
0.1009842519685039
20
0.7429285826771653
11
0.0987001968503937
21
0.7431083464566929
0
LINE
8
BLACK
6
CONTINUOUS
10
0.0987001968503937
20
0.7431083464566929
11
0.0962700787401575
21
0.7431083464566929
0
LINE
8
BLACK
6
CONTINUOUS
10
0.0962700787401575
20
0.7431083464566929
11
0.0941008267716535
21
0.7434703149606299
0
LINE
8
BLACK
6
CONTINUOUS
10
0.0941008267716535
20
0.7434703149606299
11
0.0920561417322835
21
0.7436312598425197
0
LINE
8
BLACK
6
CONTINUOUS
10
0.0920561417322835
20
0.7436312598425197
11
0.0895933464566929
21
0.7442224803149606
0
LINE
8
BLACK
6
CONTINUOUS
10
0.0895933464566929
20
0.7442224803149606
11
0.0869703149606299
21
0.7446602362204724
0
LINE
8
BLACK
6
CONTINUOUS
10
0.0869703149606299
20
0.7446602362204724
11
0.0851101181102362
21
0.7452988188976378
0
LINE
8
BLACK
6
CONTINUOUS
10
0.0851101181102362
20
0.7452988188976378
11
0.0833483070866142
21
0.745721811023622
0
LINE
8
BLACK
6
CONTINUOUS
10
0.0833483070866142
20
0.745721811023622
11
0.0807837401574803
21
0.7467840551181102
0
LINE
8
BLACK
6
CONTINUOUS
10
0.0807837401574803
20
0.7467840551181102
11
0.0780528346456693
21
0.7477216141732284
0
LINE
8
BLACK
6
CONTINUOUS
10
0.0780528346456693
20
0.7477216141732284
11
0.0765274015748031
21
0.7485470866141732
0
LINE
8
BLACK
6
CONTINUOUS
10
0.0765274015748031
20
0.7485470866141732
11
0.0750743307086614
21
0.7491490157480315
0
LINE
8
BLACK
6
CONTINUOUS
10
0.0750743307086614
20
0.7491490157480315
11
0.0724988188976378
21
0.7507272440944882
0
LINE
8
BLACK
6
CONTINUOUS
10
0.0724988188976378
20
0.7507272440944882
11
0.0697608267716535
21
0.7522090157480315
0
LINE
8
BLACK
6
CONTINUOUS
10
0.0697608267716535
20
0.7522090157480315
11
0.0685759842519685
21
0.7531311811023622
0
LINE
8
BLACK
6
CONTINUOUS
10
0.0685759842519685
20
0.7531311811023622
11
0.0674386220472441
21
0.7538281889763779
0
LINE
8
BLACK
6
CONTINUOUS
10
0.0674386220472441
20
0.7538281889763779
11
0.0649534645669291
21
0.7559507086614173
0
LINE
8
BLACK
6
CONTINUOUS
10
0.0649534645669291
20
0.7559507086614173
11
0.0623205511811024
21
0.758
0
LINE
8
BLACK
6
CONTINUOUS
10
0.0623205511811024
20
0.758
11
0.0614615354330709
21
0.7589331102362205
0
LINE
8
BLACK
6
CONTINUOUS
10
0.0614615354330709
20
0.7589331102362205
11
0.0606287007874016
21
0.7596444488188976
0
LINE
8
BLACK
6
CONTINUOUS
10
0.0606287007874016
20
0.7596444488188976
11
0.0583414173228346
21
0.7623224803149606
0
LINE
8
BLACK
6
CONTINUOUS
10
0.0583414173228346
20
0.7623224803149606
11
0.0559348818897638
21
0.7649366929133858
0
LINE
8
BLACK
6
CONTINUOUS
10
0.0559348818897638
20
0.7649366929133858
11
0.0553692913385827
21
0.7658023622047244
0
LINE
8
BLACK
6
CONTINUOUS
10
0.0553692913385827
20
0.7658023622047244
11
0.0548124409448819
21
0.7664543700787402
0
LINE
8
BLACK
6
CONTINUOUS
10
0.0548124409448819
20
0.7664543700787402
11
0.0528335039370079
21
0.7696836220472441
0
LINE
8
BLACK
6
CONTINUOUS
10
0.0528335039370079
20
0.7696836220472441
11
0.0507780708661417
21
0.7728297637795275
0
LINE
8
BLACK
6
CONTINUOUS
10
0.0507780708661417
20
0.7728297637795275
11
0.0504568897637795
21
0.7735619291338582
0
LINE
8
BLACK
6
CONTINUOUS
10
0.0504568897637795
20
0.7735619291338582
11
0.0501332677165354
21
0.7740900787401575
0
LINE
8
BLACK
6
CONTINUOUS
10
0.0501332677165354
20
0.7740900787401575
11
0.0485733464566929
21
0.7778559448818897
0
LINE
8
BLACK
6
CONTINUOUS
10
0.0485733464566929
20
0.7778559448818897
11
0.0469907480314961
21
0.7814640157480315
0
LINE
8
BLACK
6
CONTINUOUS
10
0.0469907480314961
20
0.7814640157480315
11
0.0468520866141732
21
0.7820114173228346
0
LINE
8
BLACK
6
CONTINUOUS
10
0.0468520866141732
20
0.7820114173228346
11
0.046706062992126
21
0.7823640551181102
0
LINE
8
BLACK
6
CONTINUOUS
10
0.046706062992126
20
0.7823640551181102
11
0.0456703543307087
21
0.7866780708661417
0
LINE
8
BLACK
6
CONTINUOUS
10
0.0456703543307087
20
0.7866780708661417
11
0.0446762204724409
21
0.7906038582677165
0
LINE
8
BLACK
6
CONTINUOUS
10
0.0446762204724409
20
0.7906038582677165
11
0.0446489763779528
21
0.7909324015748032
0
LINE
8
BLACK
6
CONTINUOUS
10
0.0446489763779528
20
0.7909324015748032
11
0.0446155118110236
21
0.7910718897637795
0
LINE
8
BLACK
6
CONTINUOUS
10
0.0446155118110236
20
0.7910718897637795
11
0.0442004724409449
21
0.796345157480315
0
LINE
8
BLACK
6
CONTINUOUS
10
0.0442004724409449
20
0.796345157480315
11
0.0438976377952756
21
0.7999999999999999
0
LINE
8
BLACK
6
CONTINUOUS
10
0.0438976377952756
20
0.7999999999999999
11
0.0442004724409449
21
0.8036550787401575
0
LINE
8
BLACK
6
CONTINUOUS
10
0.0442004724409449
20
0.8036550787401575
11
0.0446155118110236
21
0.8089280708661417
0
LINE
8
BLACK
6
CONTINUOUS
10
0.0446155118110236
20
0.8089280708661417
11
0.0446489763779528
21
0.8090674803149606
0
LINE
8
BLACK
6
CONTINUOUS
10
0.0446489763779528
20
0.8090674803149606
11
0.0446762204724409
21
0.8093961417322835
0
LINE
8
BLACK
6
CONTINUOUS
10
0.0446762204724409
20
0.8093961417322835
11
0.0456705118110236
21
0.8133225984251968
0
LINE
8
BLACK
6
CONTINUOUS
10
0.0456705118110236
20
0.8133225984251968
11
0.046706062992126
21
0.817635905511811
0
LINE
8
BLACK
6
CONTINUOUS
10
0.046706062992126
20
0.817635905511811
11
0.0468520866141732
21
0.8179884251968503
0
LINE
8
BLACK
6
CONTINUOUS
10
0.0468520866141732
20
0.8179884251968503
11
0.0469907480314961
21
0.8185359842519685
0
LINE
8
BLACK
6
CONTINUOUS
10
0.0469907480314961
20
0.8185359842519685
11
0.0485736614173228
21
0.8221446850393701
0
LINE
8
BLACK
6
CONTINUOUS
10
0.0485736614173228
20
0.8221446850393701
11
0.0501332677165354
21
0.8259098818897638
0
LINE
8
BLACK
6
CONTINUOUS
10
0.0501332677165354
20
0.8259098818897638
11
0.050456811023622
21
0.826437874015748
0
LINE
8
BLACK
6
CONTINUOUS
10
0.050456811023622
20
0.826437874015748
11
0.0507780708661417
21
0.8271702362204725
0
LINE
8
BLACK
6
CONTINUOUS
10
0.0507780708661417
20
0.8271702362204725
11
0.0528338976377953
21
0.8303169291338582
0
LINE
8
BLACK
6
CONTINUOUS
10
0.0528338976377953
20
0.8303169291338582
11
0.0548124409448819
21
0.833545590551181
0
LINE
8
BLACK
6
CONTINUOUS
10
0.0548124409448819
20
0.833545590551181
11
0.0553691732283465
21
0.8341974409448819
0
LINE
8
BLACK
6
CONTINUOUS
10
0.0553691732283465
20
0.8341974409448819
11
0.0559348818897638
21
0.8350633070866141
0
LINE
8
BLACK
6
CONTINUOUS
10
0.0559348818897638
20
0.8350633070866141
11
0.0583418503937008
21
0.8376779921259843
0
LINE
8
BLACK
6
CONTINUOUS
10
0.0583418503937008
20
0.8376779921259843
11
0.0606287007874016
21
0.8403555118110236
0
LINE
8
BLACK
6
CONTINUOUS
10
0.0606287007874016
20
0.8403555118110236
11
0.0614613779527559
21
0.8410666929133858
0
LINE
8
BLACK
6
CONTINUOUS
10
0.0614613779527559
20
0.8410666929133858
11
0.0623205511811024
21
0.842
0
LINE
8
BLACK
6
CONTINUOUS
10
0.0623205511811024
20
0.842
11
0.0649539763779527
21
0.8440496850393701
0
LINE
8
BLACK
6
CONTINUOUS
10
0.0649539763779527
20
0.8440496850393701
11
0.0674386220472441
21
0.8461717716535433
0
LINE
8
BLACK
6
CONTINUOUS
10
0.0674386220472441
20
0.8461717716535433
11
0.0685757480314961
21
0.8468685826771654
0
LINE
8
BLACK
6
CONTINUOUS
10
0.0685757480314961
20
0.8468685826771654
11
0.0697608267716535
21
0.8477909842519685
0
LINE
8
BLACK
6
CONTINUOUS
10
0.0697608267716535
20
0.8477909842519685
11
0.0724993700787402
21
0.8492729921259843
0
LINE
8
BLACK
6
CONTINUOUS
10
0.0724993700787402
20
0.8492729921259843
11
0.0750743307086614
21
0.8508509448818897
0
LINE
8
BLACK
6
CONTINUOUS
10
0.0750743307086614
20
0.8508509448818897
11
0.0765270866141732
21
0.8514526771653543
0
LINE
8
BLACK
6
CONTINUOUS
10
0.0765270866141732
20
0.8514526771653543
11
0.0780528346456693
21
0.8522783858267716
0
LINE
8
BLACK
6
CONTINUOUS
10
0.0780528346456693
20
0.8522783858267716
11
0.0807842913385827
21
0.8532160629921259
0
LINE
8
BLACK
6
CONTINUOUS
10
0.0807842913385827
20
0.8532160629921259
11
0.0833483070866142
21
0.8542781496062992
0
LINE
8
BLACK
6
CONTINUOUS
10
0.0833483070866142
20
0.8542781496062992
11
0.0851097244094488
21
0.8547010236220473
0
LINE
8
BLACK
6
CONTINUOUS
10
0.0851097244094488
20
0.8547010236220473
11
0.0869703149606299
21
0.8553397637795276
0
LINE
8
BLACK
6
CONTINUOUS
10
0.0869703149606299
20
0.8553397637795276
11
0.0895938582677165
21
0.8557775590551181
0
LINE
8
BLACK
6
CONTINUOUS
10
0.0895938582677165
20
0.8557775590551181
11
0.0920561417322835
21
0.8563687007874016
0
LINE
8
BLACK
6
CONTINUOUS
10
0.0920561417322835
20
0.8563687007874016
11
0.0941003937007874
21
0.8565295669291338
0
LINE
8
BLACK
6
CONTINUOUS
10
0.0941003937007874
20
0.8565295669291338
11
0.0962700787401575
21
0.8568916535433071
0
LINE
8
BLACK
6
CONTINUOUS
10
0.0962700787401575
20
0.8568916535433071
11
0.0987007086614173
21
0.8568916535433071
0
LINE
8
BLACK
6
CONTINUOUS
10
0.0987007086614173
20
0.8568916535433071
11
0.1009842519685039
21
0.8570713779527559
0
LINE
8
BLACK
6
CONTINUOUS
10
0.1009842519685039
20
0.8570713779527559
11
0.1032677952755905
21
0.8568916535433071
0
LINE
8
BLACK
6
CONTINUOUS
10
1.3949235433070866
20
0.8530238188976378
11
1.3962097244094487
21
0.8528545275590551
0
LINE
8
BLACK
6
CONTINUOUS
10
1.3962097244094487
20
0.8528545275590551
11
1.3965332283464567
21
0.8527036614173228
0
LINE
8
BLACK
6
CONTINUOUS
10
1.3965332283464567
20
0.8527036614173228
11
1.3973046062992125
21
0.8525502362204724
0
LINE
8
BLACK
6
CONTINUOUS
10
1.3973046062992125
20
0.8525502362204724
11
1.3983261811023622
21
0.8518675984251969
0
LINE
8
BLACK
6
CONTINUOUS
10
1.3983261811023622
20
0.8518675984251969
11
1.3987640944881889
21
0.8516634251968503
0
LINE
8
BLACK
6
CONTINUOUS
10
1.3987640944881889
20
0.8516634251968503
11
1.3990305118110236
21
0.851396968503937
0
LINE
8
BLACK
6
CONTINUOUS
10
1.3990305118110236
20
0.851396968503937
11
1.399859094488189
21
0.8508433464566929
0
LINE
8
BLACK
6
CONTINUOUS
10
1.399859094488189
20
0.8508433464566929
11
1.400412716535433
21
0.8500147637795276
0
LINE
8
BLACK
6
CONTINUOUS
10
1.400412716535433
20
0.8500147637795276
11
1.4006791732283463
21
0.8497483464566929
0
LINE
8
BLACK
6
CONTINUOUS
10
1.4006791732283463
20
0.8497483464566929
11
1.400883346456693
21
0.8493104330708662
0
LINE
8
BLACK
6
CONTINUOUS
10
1.400883346456693
20
0.8493104330708662
11
1.4015659842519685
21
0.8482888582677165
0
LINE
8
BLACK
6
CONTINUOUS
10
1.4015659842519685
20
0.8482888582677165
11
1.4017194094488188
21
0.8475174803149607
0
LINE
8
BLACK
6
CONTINUOUS
10
1.4017194094488188
20
0.8475174803149607
11
1.4018702755905512
21
0.8471939763779527
0
LINE
8
BLACK
6
CONTINUOUS
10
1.4018702755905512
20
0.8471939763779527
11
1.4020396062992126
21
0.8459077165354331
0
LINE
8
BLACK
6
CONTINUOUS
10
1.4020396062992126
20
0.8459077165354331
11
1.4021653543307087
21
0.8452755905511811
0
LINE
8
BLACK
6
CONTINUOUS
10
1.4021653543307087
20
0.8452755905511811
11
1.4021653543307087
21
0.7547244094488189
0
LINE
8
BLACK
6
CONTINUOUS
10
1.4021653543307087
20
0.7547244094488189
11
1.4020396062992126
21
0.7540922440944882
0
LINE
8
BLACK
6
CONTINUOUS
10
1.4020396062992126
20
0.7540922440944882
11
1.4018702755905512
21
0.7528059842519685
0
LINE
8
BLACK
6
CONTINUOUS
10
1.4018702755905512
20
0.7528059842519685
11
1.40171937007874
21
0.7524824015748032
0
LINE
8
BLACK
6
CONTINUOUS
10
1.40171937007874
20
0.7524824015748032
11
1.4015659842519685
21
0.7517111417322835
0
LINE
8
BLACK
6
CONTINUOUS
10
1.4015659842519685
20
0.7517111417322835
11
1.4008833858267715
21
0.7506896062992126
0
LINE
8
BLACK
6
CONTINUOUS
10
1.4008833858267715
20
0.7506896062992126
11
1.4006791732283463
21
0.7502516141732283
0
LINE
8
BLACK
6
CONTINUOUS
10
1.4006791732283463
20
0.7502516141732283
11
1.4004126377952755
21
0.7499850787401575
0
LINE
8
BLACK
6
CONTINUOUS
10
1.4004126377952755
20
0.7499850787401575
11
1.399859094488189
21
0.7491566535433071
0
LINE
8
BLACK
6
CONTINUOUS
10
1.399859094488189
20
0.7491566535433071
11
1.3990306299212598
21
0.7486030708661418
0
LINE
8
BLACK
6
CONTINUOUS
10
1.3990306299212598
20
0.7486030708661418
11
1.3987640944881889
21
0.7483365354330709
0
LINE
8
BLACK
6
CONTINUOUS
10
1.3987640944881889
20
0.7483365354330709
11
1.3983259842519684
21
0.7481322440944882
0
LINE
8
BLACK
6
CONTINUOUS
10
1.3983259842519684
20
0.7481322440944882
11
1.3973046062992125
21
0.7474497637795275
0
LINE
8
BLACK
6
CONTINUOUS
10
1.3973046062992125
20
0.7474497637795275
11
1.3965333858267717
21
0.7472963385826772
0
LINE
8
BLACK
6
CONTINUOUS
10
1.3965333858267717
20
0.7472963385826772
11
1.3962097244094487
21
0.7471454330708661
0
LINE
8
BLACK
6
CONTINUOUS
10
1.3962097244094487
20
0.7471454330708661
11
1.394922874015748
21
0.7469759842519685
0
LINE
8
BLACK
6
CONTINUOUS
10
1.394922874015748
20
0.7469759842519685
11
1.3942913385826772
21
0.7468503937007874
0
LINE
8
BLACK
6
CONTINUOUS
10
1.3942913385826772
20
0.7468503937007874
11
1.3939687007874015
21
0.7468503937007874
0
LINE
8
BLACK
6
CONTINUOUS
10
1.3939687007874015
20
0.7468503937007874
11
1.3040628346456693
21
0.7468503937007874
0
LINE
8
BLACK
6
CONTINUOUS
10
1.3040628346456693
20
0.7468503937007874
11
1.3037401574803149
21
0.7468503937007874
0
LINE
8
BLACK
6
CONTINUOUS
10
1.3037401574803149
20
0.7468503937007874
11
1.3031085826771653
21
0.7469759842519685
0
LINE
8
BLACK
6
CONTINUOUS
10
1.3031085826771653
20
0.7469759842519685
11
1.3018217322834644
21
0.7471454330708661
0
LINE
8
BLACK
6
CONTINUOUS
10
1.3018217322834644
20
0.7471454330708661
11
1.3014979921259842
21
0.7472963385826772
0
LINE
8
BLACK
6
CONTINUOUS
10
1.3014979921259842
20
0.7472963385826772
11
1.3007268897637796
21
0.7474497637795275
0
LINE
8
BLACK
6
CONTINUOUS
10
1.3007268897637796
20
0.7474497637795275
11
1.2997055511811024
21
0.7481321653543307
0
LINE
8
BLACK
6
CONTINUOUS
10
1.2997055511811024
20
0.7481321653543307
11
1.2992673622047244
21
0.7483365354330709
0
LINE
8
BLACK
6
CONTINUOUS
10
1.2992673622047244
20
0.7483365354330709
11
1.2990007086614173
21
0.7486031496062991
0
LINE
8
BLACK
6
CONTINUOUS
10
1.2990007086614173
20
0.7486031496062991
11
1.2981724015748031
21
0.7491566535433071
0
LINE
8
BLACK
6
CONTINUOUS
10
1.2981724015748031
20
0.7491566535433071
11
1.2976188976377951
21
0.7499849606299213
0
LINE
8
BLACK
6
CONTINUOUS
10
1.2976188976377951
20
0.7499849606299213
11
1.297352283464567
21
0.7502516141732283
0
LINE
8
BLACK
6
CONTINUOUS
10
1.297352283464567
20
0.7502516141732283
11
1.2971479133858268
21
0.7506898031496063
0
LINE
8
BLACK
6
CONTINUOUS
10
1.2971479133858268
20
0.7506898031496063
11
1.2964655118110235
21
0.7517111417322835
0
LINE
8
BLACK
6
CONTINUOUS
10
1.2964655118110235
20
0.7517111417322835
11
1.2963120866141733
21
0.7524822440944882
0
LINE
8
BLACK
6
CONTINUOUS
10
1.2963120866141733
20
0.7524822440944882
11
1.2961611811023621
21
0.7528059842519685
0
LINE
8
BLACK
6
CONTINUOUS
10
1.2961611811023621
20
0.7528059842519685
11
1.2959917322834646
21
0.7540929133858267
0
LINE
8
BLACK
6
CONTINUOUS
10
1.2959917322834646
20
0.7540929133858267
11
1.2958661417322834
21
0.7547244094488189
0
LINE
8
BLACK
6
CONTINUOUS
10
1.2958661417322834
20
0.7547244094488189
11
1.2958661417322834
21
0.8452755905511811
0
LINE
8
BLACK
6
CONTINUOUS
10
1.2958661417322834
20
0.8452755905511811
11
1.2959917716535432
21
0.8459072047244094
0
LINE
8
BLACK
6
CONTINUOUS
10
1.2959917716535432
20
0.8459072047244094
11
1.2961611811023621
21
0.8471939763779527
0
LINE
8
BLACK
6
CONTINUOUS
10
1.2961611811023621
20
0.8471939763779527
11
1.2963120866141733
21
0.8475176377952756
0
LINE
8
BLACK
6
CONTINUOUS
10
1.2963120866141733
20
0.8475176377952756
11
1.2964655118110235
21
0.8482888582677165
0
LINE
8
BLACK
6
CONTINUOUS
10
1.2964655118110235
20
0.8482888582677165
11
1.2971479921259843
21
0.8493102362204724
0
LINE
8
BLACK
6
CONTINUOUS
10
1.2971479921259843
20
0.8493102362204724
11
1.297352283464567
21
0.8497483464566929
0
LINE
8
BLACK
6
CONTINUOUS
10
1.297352283464567
20
0.8497483464566929
11
1.2976188188976379
21
0.8500148818897637
0
LINE
8
BLACK
6
CONTINUOUS
10
1.2976188188976379
20
0.8500148818897637
11
1.2981724015748031
21
0.8508433464566929
0
LINE
8
BLACK
6
CONTINUOUS
10
1.2981724015748031
20
0.8508433464566929
11
1.2990008267716535
21
0.8513968897637795
0
LINE
8
BLACK
6
CONTINUOUS
10
1.2990008267716535
20
0.8513968897637795
11
1.2992673622047244
21
0.8516634251968503
0
LINE
8
BLACK
6
CONTINUOUS
10
1.2992673622047244
20
0.8516634251968503
11
1.2997053543307087
21
0.8518676377952755
0
LINE
8
BLACK
6
CONTINUOUS
10
1.2997053543307087
20
0.8518676377952755
11
1.3007268897637796
21
0.8525502362204724
0
LINE
8
BLACK
6
CONTINUOUS
10
1.3007268897637796
20
0.8525502362204724
11
1.3014981496062992
21
0.852703622047244
0
LINE
8
BLACK
6
CONTINUOUS
10
1.3014981496062992
20
0.852703622047244
11
1.3018217322834644
21
0.8528545275590551
0
LINE
8
BLACK
6
CONTINUOUS
10
1.3018217322834644
20
0.8528545275590551
11
1.3031080708661418
21
0.8530238582677165
0
LINE
8
BLACK
6
CONTINUOUS
10
1.3031080708661418
20
0.8530238582677165
11
1.3037401574803149
21
0.8531496062992125
0
LINE
8
BLACK
6
CONTINUOUS
10
1.3037401574803149
20
0.8531496062992125
11
1.3942913385826772
21
0.8531496062992125
0
LINE
8
BLACK
6
CONTINUOUS
10
1.3942913385826772
20
0.8531496062992125
11
1.3949235433070866
21
0.8530238188976378
0
LINE
8
BLACK
6
CONTINUOUS
10
2.1531912598425196
20
0.8504450787401575
11
2.1544774409448819
21
0.8502757874015748
0
LINE
8
BLACK
6
CONTINUOUS
10
2.1544774409448819
20
0.8502757874015748
11
2.1548009448818899
21
0.8501249212598425
0
LINE
8
BLACK
6
CONTINUOUS
10
2.1548009448818899
20
0.8501249212598425
11
2.1555723228346455
21
0.8499714960629922
0
LINE
8
BLACK
6
CONTINUOUS
10
2.1555723228346455
20
0.8499714960629922
11
2.1565938976377952
21
0.8492888582677165
0
LINE
8
BLACK
6
CONTINUOUS
10
2.1565938976377952
20
0.8492888582677165
11
2.157031811023622
21
0.8490846850393701
0
LINE
8
BLACK
6
CONTINUOUS
10
2.157031811023622
20
0.8490846850393701
11
2.1572982283464568
21
0.8488182283464567
0
LINE
8
BLACK
6
CONTINUOUS
10
2.1572982283464568
20
0.8488182283464567
11
2.1581268110236218
21
0.8482646062992126
0
LINE
8
BLACK
6
CONTINUOUS
10
2.1581268110236218
20
0.8482646062992126
11
2.1586804330708662
21
0.8474360236220472
0
LINE
8
BLACK
6
CONTINUOUS
10
2.1586804330708662
20
0.8474360236220472
11
2.1589468897637794
21
0.8471696062992126
0
LINE
8
BLACK
6
CONTINUOUS
10
2.1589468897637794
20
0.8471696062992126
11
2.1591510629921258
21
0.8467316929133858
0
LINE
8
BLACK
6
CONTINUOUS
10
2.1591510629921258
20
0.8467316929133858
11
2.1598337007874013
21
0.8457101181102362
0
LINE
8
BLACK
6
CONTINUOUS
10
2.1598337007874013
20
0.8457101181102362
11
2.159987125984252
21
0.8449387401574803
0
LINE
8
BLACK
6
CONTINUOUS
10
2.159987125984252
20
0.8449387401574803
11
2.1601379921259842
21
0.8446152362204724
0
LINE
8
BLACK
6
CONTINUOUS
10
2.1601379921259842
20
0.8446152362204724
11
2.1603073228346457
21
0.8433289763779528
0
LINE
8
BLACK
6
CONTINUOUS
10
2.1603073228346457
20
0.8433289763779528
11
2.1604330708661417
21
0.8426968503937008
0
LINE
8
BLACK
6
CONTINUOUS
10
2.1604330708661417
20
0.8426968503937008
11
2.1604330708661417
21
0.8073031496062992
0
LINE
8
BLACK
6
CONTINUOUS
10
2.1604330708661417
20
0.8073031496062992
11
2.1603073228346457
21
0.8066709842519685
0
LINE
8
BLACK
6
CONTINUOUS
10
2.1603073228346457
20
0.8066709842519685
11
2.1601379921259842
21
0.8053847244094487
0
LINE
8
BLACK
6
CONTINUOUS
10
2.1601379921259842
20
0.8053847244094487
11
2.1599870866141733
21
0.8050611417322835
0
LINE
8
BLACK
6
CONTINUOUS
10
2.1599870866141733
20
0.8050611417322835
11
2.1598337007874013
21
0.8042898818897638
0
LINE
8
BLACK
6
CONTINUOUS
10
2.1598337007874013
20
0.8042898818897638
11
2.1591511023622045
21
0.8032683464566929
0
LINE
8
BLACK
6
CONTINUOUS
10
2.1591511023622045
20
0.8032683464566929
11
2.1589468897637794
21
0.8028303543307086
0
LINE
8
BLACK
6
CONTINUOUS
10
2.1589468897637794
20
0.8028303543307086
11
2.1586803543307087
21
0.8025638188976377
0
LINE
8
BLACK
6
CONTINUOUS
10
2.1586803543307087
20
0.8025638188976377
11
2.1581268110236218
21
0.8017353937007874
0
LINE
8
BLACK
6
CONTINUOUS
10
2.1581268110236218
20
0.8017353937007874
11
2.1572983464566931
21
0.8011818110236221
0
LINE
8
BLACK
6
CONTINUOUS
10
2.1572983464566931
20
0.8011818110236221
11
2.157031811023622
21
0.8009152755905512
0
LINE
8
BLACK
6
CONTINUOUS
10
2.157031811023622
20
0.8009152755905512
11
2.1565937007874014
21
0.8007109842519685
0
LINE
8
BLACK
6
CONTINUOUS
10
2.1565937007874014
20
0.8007109842519685
11
2.1555723228346455
21
0.8000285039370079
0
LINE
8
BLACK
6
CONTINUOUS
10
2.1555723228346455
20
0.8000285039370079
11
2.1548011023622045
21
0.7998750787401575
0
LINE
8
BLACK
6
CONTINUOUS
10
2.1548011023622045
20
0.7998750787401575
11
2.1544774409448819
21
0.7997241732283464
0
LINE
8
BLACK
6
CONTINUOUS
10
2.1544774409448819
20
0.7997241732283464
11
2.1531905905511812
21
0.7995547244094487
0
LINE
8
BLACK
6
CONTINUOUS
10
2.1531905905511812
20
0.7995547244094487
11
2.1525590551181102
21
0.7994291338582677
0
LINE
8
BLACK
6
CONTINUOUS
10
2.1525590551181102
20
0.7994291338582677
11
2.1522364173228348
21
0.7994291338582677
0
LINE
8
BLACK
6
CONTINUOUS
10
2.1522364173228348
20
0.7994291338582677
11
2.097763622047244
21
0.7994291338582677
0
LINE
8
BLACK
6
CONTINUOUS
10
2.097763622047244
20
0.7994291338582677
11
2.0974409448818898
21
0.7994291338582677
0
LINE
8
BLACK
6
CONTINUOUS
10
2.0974409448818898
20
0.7994291338582677
11
2.09680937007874
21
0.7995547244094487
0
LINE
8
BLACK
6
CONTINUOUS
10
2.09680937007874
20
0.7995547244094487
11
2.0955225196850393
21
0.7997241732283464
0
LINE
8
BLACK
6
CONTINUOUS
10
2.0955225196850393
20
0.7997241732283464
11
2.0951987795275588
21
0.7998750787401575
0
LINE
8
BLACK
6
CONTINUOUS
10
2.0951987795275588
20
0.7998750787401575
11
2.0944276771653545
21
0.8000285039370079
0
LINE
8
BLACK
6
CONTINUOUS
10
2.0944276771653545
20
0.8000285039370079
11
2.0934063385826773
21
0.800710905511811
0
LINE
8
BLACK
6
CONTINUOUS
10
2.0934063385826773
20
0.800710905511811
11
2.0929681496062993
21
0.8009152755905512
0
LINE
8
BLACK
6
CONTINUOUS
10
2.0929681496062993
20
0.8009152755905512
11
2.0927014960629919
21
0.8011818897637795
0
LINE
8
BLACK
6
CONTINUOUS
10
2.0927014960629919
20
0.8011818897637795
11
2.0918731889763778
21
0.8017353937007874
0
LINE
8
BLACK
6
CONTINUOUS
10
2.0918731889763778
20
0.8017353937007874
11
2.09131968503937
21
0.8025637007874016
0
LINE
8
BLACK
6
CONTINUOUS
10
2.09131968503937
20
0.8025637007874016
11
2.0910530708661419
21
0.8028303543307086
0
LINE
8
BLACK
6
CONTINUOUS
10
2.0910530708661419
20
0.8028303543307086
11
2.0908487007874017
21
0.8032685433070866
0
LINE
8
BLACK
6
CONTINUOUS
10
2.0908487007874017
20
0.8032685433070866
11
2.0901662992125982
21
0.8042898818897638
0
LINE
8
BLACK
6
CONTINUOUS
10
2.0901662992125982
20
0.8042898818897638
11
2.090012874015748
21
0.8050609842519685
0
LINE
8
BLACK
6
CONTINUOUS
10
2.090012874015748
20
0.8050609842519685
11
2.089861968503937
21
0.8053847244094487
0
LINE
8
BLACK
6
CONTINUOUS
10
2.089861968503937
20
0.8053847244094487
11
2.0896925196850393
21
0.8066716535433071
0
LINE
8
BLACK
6
CONTINUOUS
10
2.0896925196850393
20
0.8066716535433071
11
2.0895669291338583
21
0.8073031496062992
0
LINE
8
BLACK
6
CONTINUOUS
10
2.0895669291338583
20
0.8073031496062992
11
2.0895669291338583
21
0.8426968503937008
0
LINE
8
BLACK
6
CONTINUOUS
10
2.0895669291338583
20
0.8426968503937008
11
2.0896925590551181
21
0.8433284645669291
0
LINE
8
BLACK
6
CONTINUOUS
10
2.0896925590551181
20
0.8433284645669291
11
2.089861968503937
21
0.8446152362204724
0
LINE
8
BLACK
6
CONTINUOUS
10
2.089861968503937
20
0.8446152362204724
11
2.090012874015748
21
0.8449388976377953
0
LINE
8
BLACK
6
CONTINUOUS
10
2.090012874015748
20
0.8449388976377953
11
2.0901662992125982
21
0.8457101181102362
0
LINE
8
BLACK
6
CONTINUOUS
10
2.0901662992125982
20
0.8457101181102362
11
2.0908487795275592
21
0.8467314960629921
0
LINE
8
BLACK
6
CONTINUOUS
10
2.0908487795275592
20
0.8467314960629921
11
2.0910530708661419
21
0.8471696062992126
0
LINE
8
BLACK
6
CONTINUOUS
10
2.0910530708661419
20
0.8471696062992126
11
2.0913196062992125
21
0.8474361417322834
0
LINE
8
BLACK
6
CONTINUOUS
10
2.0913196062992125
20
0.8474361417322834
11
2.0918731889763778
21
0.8482646062992126
0
LINE
8
BLACK
6
CONTINUOUS
10
2.0918731889763778
20
0.8482646062992126
11
2.0927016141732282
21
0.8488181496062992
0
LINE
8
BLACK
6
CONTINUOUS
10
2.0927016141732282
20
0.8488181496062992
11
2.0929681496062993
21
0.8490846850393701
0
LINE
8
BLACK
6
CONTINUOUS
10
2.0929681496062993
20
0.8490846850393701
11
2.0934061417322836
21
0.8492888976377952
0
LINE
8
BLACK
6
CONTINUOUS
10
2.0934061417322836
20
0.8492888976377952
11
2.0944276771653545
21
0.8499714960629922
0
LINE
8
BLACK
6
CONTINUOUS
10
2.0944276771653545
20
0.8499714960629922
11
2.0951989370078739
21
0.8501248818897638
0
LINE
8
BLACK
6
CONTINUOUS
10
2.0951989370078739
20
0.8501248818897638
11
2.0955225196850393
21
0.8502757874015748
0
LINE
8
BLACK
6
CONTINUOUS
10
2.0955225196850393
20
0.8502757874015748
11
2.0968088582677167
21
0.8504451181102362
0
LINE
8
BLACK
6
CONTINUOUS
10
2.0968088582677167
20
0.8504451181102362
11
2.0974409448818898
21
0.8505708661417323
0
LINE
8
BLACK
6
CONTINUOUS
10
2.0974409448818898
20
0.8505708661417323
11
2.1525590551181102
21
0.8505708661417323
0
LINE
8
BLACK
6
CONTINUOUS
10
2.1525590551181102
20
0.8505708661417323
11
2.1531912598425196
21
0.8504450787401575
0
LINE
8
BLACK
6
CONTINUOUS
10
2.0531912598425195
20
0.8502482283464566
11
2.0544774409448818
21
0.850078937007874
0
LINE
8
BLACK
6
CONTINUOUS
10
2.0544774409448818
20
0.850078937007874
11
2.0548009448818898
21
0.8499280708661417
0
LINE
8
BLACK
6
CONTINUOUS
10
2.0548009448818898
20
0.8499280708661417
11
2.0555723228346454
21
0.8497746456692913
0
LINE
8
BLACK
6
CONTINUOUS
10
2.0555723228346454
20
0.8497746456692913
11
2.0565938976377951
21
0.8490920078740157
0
LINE
8
BLACK
6
CONTINUOUS
10
2.0565938976377951
20
0.8490920078740157
11
2.0570318110236219
21
0.8488878346456693
0
LINE
8
BLACK
6
CONTINUOUS
10
2.0570318110236219
20
0.8488878346456693
11
2.0572982283464567
21
0.8486213779527559
0
LINE
8
BLACK
6
CONTINUOUS
10
2.0572982283464567
20
0.8486213779527559
11
2.0581268110236222
21
0.8480677559055118
0
LINE
8
BLACK
6
CONTINUOUS
10
2.0581268110236222
20
0.8480677559055118
11
2.0586804330708661
21
0.8472391732283464
0
LINE
8
BLACK
6
CONTINUOUS
10
2.0586804330708661
20
0.8472391732283464
11
2.0589468897637793
21
0.8469727559055118
0
LINE
8
BLACK
6
CONTINUOUS
10
2.0589468897637793
20
0.8469727559055118
11
2.0591510629921261
21
0.846534842519685
0
LINE
8
BLACK
6
CONTINUOUS
10
2.0591510629921261
20
0.846534842519685
11
2.0598337007874017
21
0.8455132677165355
0
LINE
8
BLACK
6
CONTINUOUS
10
2.0598337007874017
20
0.8455132677165355
11
2.0599871259842519
21
0.8447418897637795
0
LINE
8
BLACK
6
CONTINUOUS
10
2.0599871259842519
20
0.8447418897637795
11
2.0601379921259841
21
0.8444183858267716
0
LINE
8
BLACK
6
CONTINUOUS
10
2.0601379921259841
20
0.8444183858267716
11
2.0603073228346456
21
0.8431321259842519
0
LINE
8
BLACK
6
CONTINUOUS
10
2.0603073228346456
20
0.8431321259842519
11
2.0604330708661416
21
0.8425
0
LINE
8
BLACK
6
CONTINUOUS
10
2.0604330708661416
20
0.8425
11
2.0604330708661416
21
0.8075
0
LINE
8
BLACK
6
CONTINUOUS
10
2.0604330708661416
20
0.8075
11
2.0603073228346456
21
0.8068678346456692
0
LINE
8
BLACK
6
CONTINUOUS
10
2.0603073228346456
20
0.8068678346456692
11
2.0601379921259841
21
0.8055815748031496
0
LINE
8
BLACK
6
CONTINUOUS
10
2.0601379921259841
20
0.8055815748031496
11
2.0599870866141732
21
0.8052579921259843
0
LINE
8
BLACK
6
CONTINUOUS
10
2.0599870866141732
20
0.8052579921259843
11
2.0598337007874017
21
0.8044867322834646
0
LINE
8
BLACK
6
CONTINUOUS
10
2.0598337007874017
20
0.8044867322834646
11
2.0591511023622049
21
0.8034651968503936
0
LINE
8
BLACK
6
CONTINUOUS
10
2.0591511023622049
20
0.8034651968503936
11
2.0589468897637793
21
0.8030272047244095
0
LINE
8
BLACK
6
CONTINUOUS
10
2.0589468897637793
20
0.8030272047244095
11
2.0586803543307086
21
0.8027606692913386
0
LINE
8
BLACK
6
CONTINUOUS
10
2.0586803543307086
20
0.8027606692913386
11
2.0581268110236222
21
0.8019322440944882
0
LINE
8
BLACK
6
CONTINUOUS
10
2.0581268110236222
20
0.8019322440944882
11
2.057298346456693
21
0.8013786614173228
0
LINE
8
BLACK
6
CONTINUOUS
10
2.057298346456693
20
0.8013786614173228
11
2.0570318110236219
21
0.801112125984252
0
LINE
8
BLACK
6
CONTINUOUS
10
2.0570318110236219
20
0.801112125984252
11
2.0565937007874013
21
0.8009078346456693
0
LINE
8
BLACK
6
CONTINUOUS
10
2.0565937007874013
20
0.8009078346456693
11
2.0555723228346454
21
0.8002253543307086
0
LINE
8
BLACK
6
CONTINUOUS
10
2.0555723228346454
20
0.8002253543307086
11
2.0548011023622048
21
0.8000719291338583
0
LINE
8
BLACK
6
CONTINUOUS
10
2.0548011023622048
20
0.8000719291338583
11
2.0544774409448818
21
0.7999210236220472
0
LINE
8
BLACK
6
CONTINUOUS
10
2.0544774409448818
20
0.7999210236220472
11
2.0531905905511811
21
0.7997515748031496
0
LINE
8
BLACK
6
CONTINUOUS
10
2.0531905905511811
20
0.7997515748031496
11
2.0525590551181101
21
0.7996259842519685
0
LINE
8
BLACK
6
CONTINUOUS
10
2.0525590551181101
20
0.7996259842519685
11
2.0522364173228347
21
0.7996259842519685
0
LINE
8
BLACK
6
CONTINUOUS
10
2.0522364173228347
20
0.7996259842519685
11
1.9977636220472441
21
0.7996259842519685
0
LINE
8
BLACK
6
CONTINUOUS
10
1.9977636220472441
20
0.7996259842519685
11
1.9974409448818897
21
0.7996259842519685
0
LINE
8
BLACK
6
CONTINUOUS
10
1.9974409448818897
20
0.7996259842519685
11
1.9968093700787402
21
0.7997515748031496
0
LINE
8
BLACK
6
CONTINUOUS
10
1.9968093700787402
20
0.7997515748031496
11
1.9955225196850392
21
0.7999210236220472
0
LINE
8
BLACK
6
CONTINUOUS
10
1.9955225196850392
20
0.7999210236220472
11
1.995198779527559
21
0.8000719291338583
0
LINE
8
BLACK
6
CONTINUOUS
10
1.995198779527559
20
0.8000719291338583
11
1.9944276771653542
21
0.8002253543307086
0
LINE
8
BLACK
6
CONTINUOUS
10
1.9944276771653542
20
0.8002253543307086
11
1.993406338582677
21
0.8009077559055118
0
LINE
8
BLACK
6
CONTINUOUS
10
1.993406338582677
20
0.8009077559055118
11
1.9929681496062992
21
0.801112125984252
0
LINE
8
BLACK
6
CONTINUOUS
10
1.9929681496062992
20
0.801112125984252
11
1.9927014960629921
21
0.8013787401574803
0
LINE
8
BLACK
6
CONTINUOUS
10
1.9927014960629921
20
0.8013787401574803
11
1.9918731889763779
21
0.8019322440944882
0
LINE
8
BLACK
6
CONTINUOUS
10
1.9918731889763779
20
0.8019322440944882
11
1.99131968503937
21
0.8027605511811023
0
LINE
8
BLACK
6
CONTINUOUS
10
1.99131968503937
20
0.8027605511811023
11
1.9910530708661416
21
0.8030272047244095
0
LINE
8
BLACK
6
CONTINUOUS
10
1.9910530708661416
20
0.8030272047244095
11
1.9908487007874016
21
0.8034653937007874
0
LINE
8
BLACK
6
CONTINUOUS
10
1.9908487007874016
20
0.8034653937007874
11
1.9901662992125984
21
0.8044867322834646
0
LINE
8
BLACK
6
CONTINUOUS
10
1.9901662992125984
20
0.8044867322834646
11
1.9900128740157479
21
0.8052578346456692
0
LINE
8
BLACK
6
CONTINUOUS
10
1.9900128740157479
20
0.8052578346456692
11
1.9898619685039369
21
0.8055815748031496
0
LINE
8
BLACK
6
CONTINUOUS
10
1.9898619685039369
20
0.8055815748031496
11
1.9896925196850392
21
0.8068685039370078
0
LINE
8
BLACK
6
CONTINUOUS
10
1.9896925196850392
20
0.8068685039370078
11
1.9895669291338582
21
0.8075
0
LINE
8
BLACK
6
CONTINUOUS
10
1.9895669291338582
20
0.8075
11
1.9895669291338582
21
0.8425
0
LINE
8
BLACK
6
CONTINUOUS
10
1.9895669291338582
20
0.8425
11
1.989692559055118
21
0.8431316141732283
0
LINE
8
BLACK
6
CONTINUOUS
10
1.989692559055118
20
0.8431316141732283
11
1.9898619685039369
21
0.8444183858267716
0
LINE
8
BLACK
6
CONTINUOUS
10
1.9898619685039369
20
0.8444183858267716
11
1.9900128740157479
21
0.8447420472440945
0
LINE
8
BLACK
6
CONTINUOUS
10
1.9900128740157479
20
0.8447420472440945
11
1.9901662992125984
21
0.8455132677165355
0
LINE
8
BLACK
6
CONTINUOUS
10
1.9901662992125984
20
0.8455132677165355
11
1.9908487795275591
21
0.8465346456692914
0
LINE
8
BLACK
6
CONTINUOUS
10
1.9908487795275591
20
0.8465346456692914
11
1.9910530708661416
21
0.8469727559055118
0
LINE
8
BLACK
6
CONTINUOUS
10
1.9910530708661416
20
0.8469727559055118
11
1.9913196062992125
21
0.8472392913385827
0
LINE
8
BLACK
6
CONTINUOUS
10
1.9913196062992125
20
0.8472392913385827
11
1.9918731889763779
21
0.8480677559055118
0
LINE
8
BLACK
6
CONTINUOUS
10
1.9918731889763779
20
0.8480677559055118
11
1.9927016141732283
21
0.8486212992125984
0
LINE
8
BLACK
6
CONTINUOUS
10
1.9927016141732283
20
0.8486212992125984
11
1.9929681496062992
21
0.8488878346456693
0
LINE
8
BLACK
6
CONTINUOUS
10
1.9929681496062992
20
0.8488878346456693
11
1.9934061417322835
21
0.8490920472440945
0
LINE
8
BLACK
6
CONTINUOUS
10
1.9934061417322835
20
0.8490920472440945
11
1.9944276771653542
21
0.8497746456692913
0
LINE
8
BLACK
6
CONTINUOUS
10
1.9944276771653542
20
0.8497746456692913
11
1.995198937007874
21
0.849928031496063
0
LINE
8
BLACK
6
CONTINUOUS
10
1.995198937007874
20
0.849928031496063
11
1.9955225196850392
21
0.850078937007874
0
LINE
8
BLACK
6
CONTINUOUS
10
1.9955225196850392
20
0.850078937007874
11
1.9968088582677166
21
0.8502482677165354
0
LINE
8
BLACK
6
CONTINUOUS
10
1.9968088582677166
20
0.8502482677165354
11
1.9974409448818897
21
0.8503740157480315
0
LINE
8
BLACK
6
CONTINUOUS
10
1.9974409448818897
20
0.8503740157480315
11
2.0525590551181101
21
0.8503740157480315
0
LINE
8
BLACK
6
CONTINUOUS
10
2.0525590551181101
20
0.8503740157480315
11
2.0531912598425195
21
0.8502482283464566
0
LINE
8
BLACK
6
CONTINUOUS
10
1.8031912598425197
20
0.8627482283464567
11
1.8044774409448818
21
0.862578937007874
0
LINE
8
BLACK
6
CONTINUOUS
10
1.8044774409448818
20
0.862578937007874
11
1.8048009448818898
21
0.8624280708661417
0
LINE
8
BLACK
6
CONTINUOUS
10
1.8048009448818898
20
0.8624280708661417
11
1.8055723228346456
21
0.8622746456692914
0
LINE
8
BLACK
6
CONTINUOUS
10
1.8055723228346456
20
0.8622746456692914
11
1.8065938976377953
21
0.8615920078740157
0
LINE
8
BLACK
6
CONTINUOUS
10
1.8065938976377953
20
0.8615920078740157
11
1.8070318110236221
21
0.8613878346456693
0
LINE
8
BLACK
6
CONTINUOUS
10
1.8070318110236221
20
0.8613878346456693
11
1.8072982283464567
21
0.8611213779527559
0
LINE
8
BLACK
6
CONTINUOUS
10
1.8072982283464567
20
0.8611213779527559
11
1.8081268110236219
21
0.8605677559055118
0
LINE
8
BLACK
6
CONTINUOUS
10
1.8081268110236219
20
0.8605677559055118
11
1.8086804330708661
21
0.8597391732283465
0
LINE
8
BLACK
6
CONTINUOUS
10
1.8086804330708661
20
0.8597391732283465
11
1.8089468897637795
21
0.8594727559055118
0
LINE
8
BLACK
6
CONTINUOUS
10
1.8089468897637795
20
0.8594727559055118
11
1.8091510629921259
21
0.859034842519685
0
LINE
8
BLACK
6
CONTINUOUS
10
1.8091510629921259
20
0.859034842519685
11
1.8098337007874015
21
0.8580132677165354
0
LINE
8
BLACK
6
CONTINUOUS
10
1.8098337007874015
20
0.8580132677165354
11
1.8099871259842519
21
0.8572418897637795
0
LINE
8
BLACK
6
CONTINUOUS
10
1.8099871259842519
20
0.8572418897637795
11
1.8101379921259841
21
0.8569183858267716
0
LINE
8
BLACK
6
CONTINUOUS
10
1.8101379921259841
20
0.8569183858267716
11
1.8103073228346456
21
0.855632125984252
0
LINE
8
BLACK
6
CONTINUOUS
10
1.8103073228346456
20
0.855632125984252
11
1.8104330708661416
21
0.855
0
LINE
8
BLACK
6
CONTINUOUS
10
1.8104330708661416
20
0.855
11
1.8104330708661416
21
0.82
0
LINE
8
BLACK
6
CONTINUOUS
10
1.8104330708661416
20
0.82
11
1.8103073228346456
21
0.8193678346456693
0
LINE
8
BLACK
6
CONTINUOUS
10
1.8103073228346456
20
0.8193678346456693
11
1.8101379921259841
21
0.8180815748031496
0
LINE
8
BLACK
6
CONTINUOUS
10
1.8101379921259841
20
0.8180815748031496
11
1.8099870866141732
21
0.8177579921259842
0
LINE
8
BLACK
6
CONTINUOUS
10
1.8099870866141732
20
0.8177579921259842
11
1.8098337007874015
21
0.8169867322834645
0
LINE
8
BLACK
6
CONTINUOUS
10
1.8098337007874015
20
0.8169867322834645
11
1.8091511023622047
21
0.8159651968503937
0
LINE
8
BLACK
6
CONTINUOUS
10
1.8091511023622047
20
0.8159651968503937
11
1.8089468897637795
21
0.8155272047244094
0
LINE
8
BLACK
6
CONTINUOUS
10
1.8089468897637795
20
0.8155272047244094
11
1.8086803543307086
21
0.8152606692913386
0
LINE
8
BLACK
6
CONTINUOUS
10
1.8086803543307086
20
0.8152606692913386
11
1.8081268110236219
21
0.8144322440944882
0
LINE
8
BLACK
6
CONTINUOUS
10
1.8081268110236219
20
0.8144322440944882
11
1.807298346456693
21
0.8138786614173228
0
LINE
8
BLACK
6
CONTINUOUS
10
1.807298346456693
20
0.8138786614173228
11
1.8070318110236221
21
0.8136121259842519
0
LINE
8
BLACK
6
CONTINUOUS
10
1.8070318110236221
20
0.8136121259842519
11
1.8065937007874016
21
0.8134078346456692
0
LINE
8
BLACK
6
CONTINUOUS
10
1.8065937007874016
20
0.8134078346456692
11
1.8055723228346456
21
0.8127253543307087
0
LINE
8
BLACK
6
CONTINUOUS
10
1.8055723228346456
20
0.8127253543307087
11
1.8048011023622046
21
0.8125719291338582
0
LINE
8
BLACK
6
CONTINUOUS
10
1.8048011023622046
20
0.8125719291338582
11
1.8044774409448818
21
0.8124210236220473
0
LINE
8
BLACK
6
CONTINUOUS
10
1.8044774409448818
20
0.8124210236220473
11
1.8031905905511811
21
0.8122515748031496
0
LINE
8
BLACK
6
CONTINUOUS
10
1.8031905905511811
20
0.8122515748031496
11
1.8025590551181101
21
0.8121259842519685
0
LINE
8
BLACK
6
CONTINUOUS
10
1.8025590551181101
20
0.8121259842519685
11
1.8022364173228347
21
0.8121259842519685
0
LINE
8
BLACK
6
CONTINUOUS
10
1.8022364173228347
20
0.8121259842519685
11
1.7477636220472441
21
0.8121259842519685
0
LINE
8
BLACK
6
CONTINUOUS
10
1.7477636220472441
20
0.8121259842519685
11
1.7474409448818897
21
0.8121259842519685
0
LINE
8
BLACK
6
CONTINUOUS
10
1.7474409448818897
20
0.8121259842519685
11
1.7468093700787402
21
0.8122515748031496
0
LINE
8
BLACK
6
CONTINUOUS
10
1.7468093700787402
20
0.8122515748031496
11
1.7455225196850392
21
0.8124210236220473
0
LINE
8
BLACK
6
CONTINUOUS
10
1.7455225196850392
20
0.8124210236220473
11
1.745198779527559
21
0.8125719291338582
0
LINE
8
BLACK
6
CONTINUOUS
10
1.745198779527559
20
0.8125719291338582
11
1.7444276771653542
21
0.8127253543307087
0
LINE
8
BLACK
6
CONTINUOUS
10
1.7444276771653542
20
0.8127253543307087
11
1.743406338582677
21
0.8134077559055118
0
LINE
8
BLACK
6
CONTINUOUS
10
1.743406338582677
20
0.8134077559055118
11
1.7429681496062992
21
0.8136121259842519
0
LINE
8
BLACK
6
CONTINUOUS
10
1.7429681496062992
20
0.8136121259842519
11
1.7427014960629921
21
0.8138787401574803
0
LINE
8
BLACK
6
CONTINUOUS
10
1.7427014960629921
20
0.8138787401574803
11
1.7418731889763779
21
0.8144322440944882
0
LINE
8
BLACK
6
CONTINUOUS
10
1.7418731889763779
20
0.8144322440944882
11
1.74131968503937
21
0.8152605511811023
0
LINE
8
BLACK
6
CONTINUOUS
10
1.74131968503937
20
0.8152605511811023
11
1.7410530708661416
21
0.8155272047244094
0
LINE
8
BLACK
6
CONTINUOUS
10
1.7410530708661416
20
0.8155272047244094
11
1.7408487007874016
21
0.8159653937007874
0
LINE
8
BLACK
6
CONTINUOUS
10
1.7408487007874016
20
0.8159653937007874
11
1.7401662992125984
21
0.8169867322834645
0
LINE
8
BLACK
6
CONTINUOUS
10
1.7401662992125984
20
0.8169867322834645
11
1.7400128740157479
21
0.8177578346456693
0
LINE
8
BLACK
6
CONTINUOUS
10
1.7400128740157479
20
0.8177578346456693
11
1.7398619685039369
21
0.8180815748031496
0
LINE
8
BLACK
6
CONTINUOUS
10
1.7398619685039369
20
0.8180815748031496
11
1.7396925196850392
21
0.8193685039370079
0
LINE
8
BLACK
6
CONTINUOUS
10
1.7396925196850392
20
0.8193685039370079
11
1.7395669291338582
21
0.82
0
LINE
8
BLACK
6
CONTINUOUS
10
1.7395669291338582
20
0.82
11
1.7395669291338582
21
0.855
0
LINE
8
BLACK
6
CONTINUOUS
10
1.7395669291338582
20
0.855
11
1.739692559055118
21
0.8556316141732283
0
LINE
8
BLACK
6
CONTINUOUS
10
1.739692559055118
20
0.8556316141732283
11
1.7398619685039369
21
0.8569183858267716
0
LINE
8
BLACK
6
CONTINUOUS
10
1.7398619685039369
20
0.8569183858267716
11
1.7400128740157479
21
0.8572420472440945
0
LINE
8
BLACK
6
CONTINUOUS
10
1.7400128740157479
20
0.8572420472440945
11
1.7401662992125984
21
0.8580132677165354
0
LINE
8
BLACK
6
CONTINUOUS
10
1.7401662992125984
20
0.8580132677165354
11
1.7408487795275591
21
0.8590346456692913
0
LINE
8
BLACK
6
CONTINUOUS
10
1.7408487795275591
20
0.8590346456692913
11
1.7410530708661416
21
0.8594727559055118
0
LINE
8
BLACK
6
CONTINUOUS
10
1.7410530708661416
20
0.8594727559055118
11
1.7413196062992125
21
0.8597392913385826
0
LINE
8
BLACK
6
CONTINUOUS
10
1.7413196062992125
20
0.8597392913385826
11
1.7418731889763779
21
0.8605677559055118
0
LINE
8
BLACK
6
CONTINUOUS
10
1.7418731889763779
20
0.8605677559055118
11
1.7427016141732283
21
0.8611212992125984
0
LINE
8
BLACK
6
CONTINUOUS
10
1.7427016141732283
20
0.8611212992125984
11
1.7429681496062992
21
0.8613878346456693
0
LINE
8
BLACK
6
CONTINUOUS
10
1.7429681496062992
20
0.8613878346456693
11
1.7434061417322835
21
0.8615920472440944
0
LINE
8
BLACK
6
CONTINUOUS
10
1.7434061417322835
20
0.8615920472440944
11
1.7444276771653542
21
0.8622746456692914
0
LINE
8
BLACK
6
CONTINUOUS
10
1.7444276771653542
20
0.8622746456692914
11
1.745198937007874
21
0.862428031496063
0
LINE
8
BLACK
6
CONTINUOUS
10
1.745198937007874
20
0.862428031496063
11
1.7455225196850392
21
0.862578937007874
0
LINE
8
BLACK
6
CONTINUOUS
10
1.7455225196850392
20
0.862578937007874
11
1.7468088582677166
21
0.8627482677165355
0
LINE
8
BLACK
6
CONTINUOUS
10
1.7468088582677166
20
0.8627482677165355
11
1.7474409448818897
21
0.8628740157480315
0
LINE
8
BLACK
6
CONTINUOUS
10
1.7474409448818897
20
0.8628740157480315
11
1.8025590551181101
21
0.8628740157480315
0
LINE
8
BLACK
6
CONTINUOUS
10
1.8025590551181101
20
0.8628740157480315
11
1.8031912598425197
21
0.8627482283464567
0
LINE
8
BLACK
6
CONTINUOUS
10
1.7150022834645668
20
0.9471183070866142
11
1.7162884645669292
21
0.9469490157480315
0
LINE
8
BLACK
6
CONTINUOUS
10
1.7162884645669292
20
0.9469490157480315
11
1.7166119685039369
21
0.9467981496062992
0
LINE
8
BLACK
6
CONTINUOUS
10
1.7166119685039369
20
0.9467981496062992
11
1.7173833464566928
21
0.9466447244094488
0
LINE
8
BLACK
6
CONTINUOUS
10
1.7173833464566928
20
0.9466447244094488
11
1.7184049212598425
21
0.9459620866141732
0
LINE
8
BLACK
6
CONTINUOUS
10
1.7184049212598425
20
0.9459620866141732
11
1.7188428346456692
21
0.9457579133858267
0
LINE
8
BLACK
6
CONTINUOUS
10
1.7188428346456692
20
0.9457579133858267
11
1.7191092519685038
21
0.9454914566929133
0
LINE
8
BLACK
6
CONTINUOUS
10
1.7191092519685038
20
0.9454914566929133
11
1.7199378346456693
21
0.9449378346456693
0
LINE
8
BLACK
6
CONTINUOUS
10
1.7199378346456693
20
0.9449378346456693
11
1.7204914566929133
21
0.9441092519685039
0
LINE
8
BLACK
6
CONTINUOUS
10
1.7204914566929133
20
0.9441092519685039
11
1.7207579133858268
21
0.9438428346456693
0
LINE
8
BLACK
6
CONTINUOUS
10
1.7207579133858268
20
0.9438428346456693
11
1.7209620866141733
21
0.9434049212598425
0
LINE
8
BLACK
6
CONTINUOUS
10
1.7209620866141733
20
0.9434049212598425
11
1.7216447244094488
21
0.9423833464566929
0
LINE
8
BLACK
6
CONTINUOUS
10
1.7216447244094488
20
0.9423833464566929
11
1.7217981496062991
21
0.941611968503937
0
LINE
8
BLACK
6
CONTINUOUS
10
1.7217981496062991
20
0.941611968503937
11
1.7219490157480315
21
0.9412884645669292
0
LINE
8
BLACK
6
CONTINUOUS
10
1.7219490157480315
20
0.9412884645669292
11
1.7221183464566929
21
0.9400022047244094
0
LINE
8
BLACK
6
CONTINUOUS
10
1.7221183464566929
20
0.9400022047244094
11
1.7222440944881889
21
0.9393700787401574
0
LINE
8
BLACK
6
CONTINUOUS
10
1.7222440944881889
20
0.9393700787401574
11
1.7222440944881889
21
0.8606299212598425
0
LINE
8
BLACK
6
CONTINUOUS
10
1.7222440944881889
20
0.8606299212598425
11
1.7221183464566929
21
0.8599977559055118
0
LINE
8
BLACK
6
CONTINUOUS
10
1.7221183464566929
20
0.8599977559055118
11
1.7219490157480315
21
0.8587114960629921
0
LINE
8
BLACK
6
CONTINUOUS
10
1.7219490157480315
20
0.8587114960629921
11
1.7217981102362205
21
0.8583879133858268
0
LINE
8
BLACK
6
CONTINUOUS
10
1.7217981102362205
20
0.8583879133858268
11
1.7216447244094488
21
0.8576166535433071
0
LINE
8
BLACK
6
CONTINUOUS
10
1.7216447244094488
20
0.8576166535433071
11
1.720962125984252
21
0.8565951181102363
0
LINE
8
BLACK
6
CONTINUOUS
10
1.720962125984252
20
0.8565951181102363
11
1.7207579133858268
21
0.856157125984252
0
LINE
8
BLACK
6
CONTINUOUS
10
1.7207579133858268
20
0.856157125984252
11
1.720491377952756
21
0.8558905905511811
0
LINE
8
BLACK
6
CONTINUOUS
10
1.720491377952756
20
0.8558905905511811
11
1.7199378346456693
21
0.8550621653543307
0
LINE
8
BLACK
6
CONTINUOUS
10
1.7199378346456693
20
0.8550621653543307
11
1.7191093700787401
21
0.8545085826771653
0
LINE
8
BLACK
6
CONTINUOUS
10
1.7191093700787401
20
0.8545085826771653
11
1.7188428346456692
21
0.8542420472440945
0
LINE
8
BLACK
6
CONTINUOUS
10
1.7188428346456692
20
0.8542420472440945
11
1.7184046850393699
21
0.854037716535433
0
LINE
8
BLACK
6
CONTINUOUS
10
1.7184046850393699
20
0.854037716535433
11
1.7173833464566928
21
0.8533552755905511
0
LINE
8
BLACK
6
CONTINUOUS
10
1.7173833464566928
20
0.8533552755905511
11
1.7166122440944882
21
0.8532018897637795
0
LINE
8
BLACK
6
CONTINUOUS
10
1.7166122440944882
20
0.8532018897637795
11
1.7162884645669292
21
0.853050905511811
0
LINE
8
BLACK
6
CONTINUOUS
10
1.7162884645669292
20
0.853050905511811
11
1.715001220472441
21
0.8528814173228346
0
LINE
8
BLACK
6
CONTINUOUS
10
1.715001220472441
20
0.8528814173228346
11
1.7143700787401575
21
0.852755905511811
0
LINE
8
BLACK
6
CONTINUOUS
10
1.7143700787401575
20
0.852755905511811
11
1.7140475984251968
21
0.852755905511811
0
LINE
8
BLACK
6
CONTINUOUS
10
1.7140475984251968
20
0.852755905511811
11
1.7128755511811022
21
0.8526016141732283
0
LINE
8
BLACK
6
CONTINUOUS
10
1.7128755511811022
20
0.8526016141732283
11
1.7104330708661417
21
0.8498164960629921
0
LINE
8
BLACK
6
CONTINUOUS
10
1.7104330708661417
20
0.8498164960629921
11
1.7104330708661417
21
0.8325
0
LINE
8
BLACK
6
CONTINUOUS
10
1.7104330708661417
20
0.8325
11
1.7103073228346457
21
0.831867874015748
0
LINE
8
BLACK
6
CONTINUOUS
10
1.7103073228346457
20
0.831867874015748
11
1.7101379921259843
21
0.8305815748031495
0
LINE
8
BLACK
6
CONTINUOUS
10
1.7101379921259843
20
0.8305815748031495
11
1.7099870866141731
21
0.8302579921259843
0
LINE
8
BLACK
6
CONTINUOUS
10
1.7099870866141731
20
0.8302579921259843
11
1.7098337007874016
21
0.8294867322834646
0
LINE
8
BLACK
6
CONTINUOUS
10
1.7098337007874016
20
0.8294867322834646
11
1.7091511023622046
21
0.8284651968503937
0
LINE
8
BLACK
6
CONTINUOUS
10
1.7091511023622046
20
0.8284651968503937
11
1.7089468897637794
21
0.8280272047244094
0
LINE
8
BLACK
6
CONTINUOUS
10
1.7089468897637794
20
0.8280272047244094
11
1.7086803543307085
21
0.8277606692913385
0
LINE
8
BLACK
6
CONTINUOUS
10
1.7086803543307085
20
0.8277606692913385
11
1.7081268110236221
21
0.8269322440944882
0
LINE
8
BLACK
6
CONTINUOUS
10
1.7081268110236221
20
0.8269322440944882
11
1.7072983464566929
21
0.8263786614173229
0
LINE
8
BLACK
6
CONTINUOUS
10
1.7072983464566929
20
0.8263786614173229
11
1.707031811023622
21
0.826112125984252
0
LINE
8
BLACK
6
CONTINUOUS
10
1.707031811023622
20
0.826112125984252
11
1.7065937007874015
21
0.8259078346456693
0
LINE
8
BLACK
6
CONTINUOUS
10
1.7065937007874015
20
0.8259078346456693
11
1.7055723228346455
21
0.8252253543307086
0
LINE
8
BLACK
6
CONTINUOUS
10
1.7055723228346455
20
0.8252253543307086
11
1.7048011023622047
21
0.8250719291338583
0
LINE
8
BLACK
6
CONTINUOUS
10
1.7048011023622047
20
0.8250719291338583
11
1.704477440944882
21
0.8249210236220472
0
LINE
8
BLACK
6
CONTINUOUS
10
1.704477440944882
20
0.8249210236220472
11
1.703190590551181
21
0.8247515748031495
0
LINE
8
BLACK
6
CONTINUOUS
10
1.703190590551181
20
0.8247515748031495
11
1.7025590551181102
21
0.8246259842519685
0
LINE
8
BLACK
6
CONTINUOUS
10
1.7025590551181102
20
0.8246259842519685
11
1.7022364173228346
21
0.8246259842519685
0
LINE
8
BLACK
6
CONTINUOUS
10
1.7022364173228346
20
0.8246259842519685
11
1.647763622047244
21
0.8246259842519685
0
LINE
8
BLACK
6
CONTINUOUS
10
1.647763622047244
20
0.8246259842519685
11
1.6474409448818896
21
0.8246259842519685
0
LINE
8
BLACK
6
CONTINUOUS
10
1.6474409448818896
20
0.8246259842519685
11
1.6468093700787401
21
0.8247515748031495
0
LINE
8
BLACK
6
CONTINUOUS
10
1.6468093700787401
20
0.8247515748031495
11
1.6455225196850394
21
0.8249210236220472
0
LINE
8
BLACK
6
CONTINUOUS
10
1.6455225196850394
20
0.8249210236220472
11
1.6451987795275591
21
0.8250719291338583
0
LINE
8
BLACK
6
CONTINUOUS
10
1.6451987795275591
20
0.8250719291338583
11
1.6444276771653543
21
0.8252253543307086
0
LINE
8
BLACK
6
CONTINUOUS
10
1.6444276771653543
20
0.8252253543307086
11
1.6434063385826772
21
0.8259077559055118
0
LINE
8
BLACK
6
CONTINUOUS
10
1.6434063385826772
20
0.8259077559055118
11
1.6429681496062991
21
0.826112125984252
0
LINE
8
BLACK
6
CONTINUOUS
10
1.6429681496062991
20
0.826112125984252
11
1.642701496062992
21
0.8263787401574803
0
LINE
8
BLACK
6
CONTINUOUS
10
1.642701496062992
20
0.8263787401574803
11
1.641873188976378
21
0.8269322440944882
0
LINE
8
BLACK
6
CONTINUOUS
10
1.641873188976378
20
0.8269322440944882
11
1.6413196850393701
21
0.8277605511811024
0
LINE
8
BLACK
6
CONTINUOUS
10
1.6413196850393701
20
0.8277605511811024
11
1.6410530708661417
21
0.8280272047244094
0
LINE
8
BLACK
6
CONTINUOUS
10
1.6410530708661417
20
0.8280272047244094
11
1.6408487007874015
21
0.8284653937007874
0
LINE
8
BLACK
6
CONTINUOUS
10
1.6408487007874015
20
0.8284653937007874
11
1.6401662992125985
21
0.8294867322834646
0
LINE
8
BLACK
6
CONTINUOUS
10
1.6401662992125985
20
0.8294867322834646
11
1.640012874015748
21
0.8302578346456693
0
LINE
8
BLACK
6
CONTINUOUS
10
1.640012874015748
20
0.8302578346456693
11
1.6398619685039371
21
0.8305815748031495
0
LINE
8
BLACK
6
CONTINUOUS
10
1.6398619685039371
20
0.8305815748031495
11
1.6396925196850394
21
0.8318685039370078
0
LINE
8
BLACK
6
CONTINUOUS
10
1.6396925196850394
20
0.8318685039370078
11
1.6395669291338582
21
0.8325
0
LINE
8
BLACK
6
CONTINUOUS
10
1.6395669291338582
20
0.8325
11
1.6395669291338582
21
0.8498164566929134
0
LINE
8
BLACK
6
CONTINUOUS
10
1.6395669291338582
20
0.8498164566929134
11
1.6371244094488189
21
0.8526016141732283
0
LINE
8
BLACK
6
CONTINUOUS
10
1.6371244094488189
20
0.8526016141732283
11
1.635952401574803
21
0.852755905511811
0
LINE
8
BLACK
6
CONTINUOUS
10
1.635952401574803
20
0.852755905511811
11
1.6356299212598424
21
0.852755905511811
0
LINE
8
BLACK
6
CONTINUOUS
10
1.6356299212598424
20
0.852755905511811
11
1.6349987795275591
21
0.8528814173228346
0
LINE
8
BLACK
6
CONTINUOUS
10
1.6349987795275591
20
0.8528814173228346
11
1.6337115354330709
21
0.853050905511811
0
LINE
8
BLACK
6
CONTINUOUS
10
1.6337115354330709
20
0.853050905511811
11
1.6333877165354331
21
0.8532018897637795
0
LINE
8
BLACK
6
CONTINUOUS
10
1.6333877165354331
20
0.8532018897637795
11
1.6326166535433071
21
0.8533552755905511
0
LINE
8
BLACK
6
CONTINUOUS
10
1.6326166535433071
20
0.8533552755905511
11
1.6315953543307087
21
0.8540376771653543
0
LINE
8
BLACK
6
CONTINUOUS
10
1.6315953543307087
20
0.8540376771653543
11
1.6311571259842519
21
0.8542420472440945
0
LINE
8
BLACK
6
CONTINUOUS
10
1.6311571259842519
20
0.8542420472440945
11
1.6308904724409448
21
0.8545086614173228
0
LINE
8
BLACK
6
CONTINUOUS
10
1.6308904724409448
20
0.8545086614173228
11
1.6300621653543306
21
0.8550621653543307
0
LINE
8
BLACK
6
CONTINUOUS
10
1.6300621653543306
20
0.8550621653543307
11
1.6295086614173229
21
0.8558904724409448
0
LINE
8
BLACK
6
CONTINUOUS
10
1.6295086614173229
20
0.8558904724409448
11
1.6292420472440945
21
0.856157125984252
0
LINE
8
BLACK
6
CONTINUOUS
10
1.6292420472440945
20
0.856157125984252
11
1.6290376771653543
21
0.8565953149606299
0
LINE
8
BLACK
6
CONTINUOUS
10
1.6290376771653543
20
0.8565953149606299
11
1.628355275590551
21
0.8576166535433071
0
LINE
8
BLACK
6
CONTINUOUS
10
1.628355275590551
20
0.8576166535433071
11
1.6282018503937008
21
0.8583877559055118
0
LINE
8
BLACK
6
CONTINUOUS
10
1.6282018503937008
20
0.8583877559055118
11
1.6280509448818896
21
0.8587114960629921
0
LINE
8
BLACK
6
CONTINUOUS
10
1.6280509448818896
20
0.8587114960629921
11
1.6278814960629922
21
0.8599984251968503
0
LINE
8
BLACK
6
CONTINUOUS
10
1.6278814960629922
20
0.8599984251968503
11
1.6277559055118109
21
0.8606299212598425
0
LINE
8
BLACK
6
CONTINUOUS
10
1.6277559055118109
20
0.8606299212598425
11
1.6277559055118109
21
0.9393700787401574
0
LINE
8
BLACK
6
CONTINUOUS
10
1.6277559055118109
20
0.9393700787401574
11
1.6278815354330709
21
0.9400016929133858
0
LINE
8
BLACK
6
CONTINUOUS
10
1.6278815354330709
20
0.9400016929133858
11
1.6280509448818896
21
0.9412884645669292
0
LINE
8
BLACK
6
CONTINUOUS
10
1.6280509448818896
20
0.9412884645669292
11
1.6282018503937008
21
0.9416121259842519
0
LINE
8
BLACK
6
CONTINUOUS
10
1.6282018503937008
20
0.9416121259842519
11
1.628355275590551
21
0.9423833464566929
0
LINE
8
BLACK
6
CONTINUOUS
10
1.628355275590551
20
0.9423833464566929
11
1.6290377559055118
21
0.9434047244094488
0
LINE
8
BLACK
6
CONTINUOUS
10
1.6290377559055118
20
0.9434047244094488
11
1.6292420472440945
21
0.9438428346456693
0
LINE
8
BLACK
6
CONTINUOUS
10
1.6292420472440945
20
0.9438428346456693
11
1.6295085826771654
21
0.9441093700787402
0
LINE
8
BLACK
6
CONTINUOUS
10
1.6295085826771654
20
0.9441093700787402
11
1.6300621653543306
21
0.9449378346456693
0
LINE
8
BLACK
6
CONTINUOUS
10
1.6300621653543306
20
0.9449378346456693
11
1.630890590551181
21
0.9454913779527558
0
LINE
8
BLACK
6
CONTINUOUS
10
1.630890590551181
20
0.9454913779527558
11
1.6311571259842519
21
0.9457579133858267
0
LINE
8
BLACK
6
CONTINUOUS
10
1.6311571259842519
20
0.9457579133858267
11
1.6315951181102362
21
0.945962125984252
0
LINE
8
BLACK
6
CONTINUOUS
10
1.6315951181102362
20
0.945962125984252
11
1.6326166535433071
21
0.9466447244094488
0
LINE
8
BLACK
6
CONTINUOUS
10
1.6326166535433071
20
0.9466447244094488
11
1.6333879133858267
21
0.9467981102362204
0
LINE
8
BLACK
6
CONTINUOUS
10
1.6333879133858267
20
0.9467981102362204
11
1.6337114960629922
21
0.9469490157480315
0
LINE
8
BLACK
6
CONTINUOUS
10
1.6337114960629922
20
0.9469490157480315
11
1.6349978346456693
21
0.9471183464566929
0
LINE
8
BLACK
6
CONTINUOUS
10
1.6349978346456693
20
0.9471183464566929
11
1.6356299212598424
21
0.9472440944881889
0
LINE
8
BLACK
6
CONTINUOUS
10
1.6356299212598424
20
0.9472440944881889
11
1.7143700787401575
21
0.9472440944881889
0
LINE
8
BLACK
6
CONTINUOUS
10
1.7143700787401575
20
0.9472440944881889
11
1.7150022834645668
21
0.9471183070866142
0
LINE
8
BLACK
6
CONTINUOUS
10
1.5748322047244094
20
0.9567482283464567
11
1.5761183858267716
21
0.956578937007874
0
LINE
8
BLACK
6
CONTINUOUS
10
1.5761183858267716
20
0.956578937007874
11
1.5764418897637795
21
0.9564280708661417
0
LINE
8
BLACK
6
CONTINUOUS
10
1.5764418897637795
20
0.9564280708661417
11
1.5772132677165354
21
0.9562746456692913
0
LINE
8
BLACK
6
CONTINUOUS
10
1.5772132677165354
20
0.9562746456692913
11
1.578234842519685
21
0.9555920078740158
0
LINE
8
BLACK
6
CONTINUOUS
10
1.578234842519685
20
0.9555920078740158
11
1.5786727559055118
21
0.9553878346456692
0
LINE
8
BLACK
6
CONTINUOUS
10
1.5786727559055118
20
0.9553878346456692
11
1.5789391732283464
21
0.9551213779527559
0
LINE
8
BLACK
6
CONTINUOUS
10
1.5789391732283464
20
0.9551213779527559
11
1.5797677559055119
21
0.9545677559055118
0
LINE
8
BLACK
6
CONTINUOUS
10
1.5797677559055119
20
0.9545677559055118
11
1.5803213779527558
21
0.9537391732283464
0
LINE
8
BLACK
6
CONTINUOUS
10
1.5803213779527558
20
0.9537391732283464
11
1.5805878346456692
21
0.9534727559055118
0
LINE
8
BLACK
6
CONTINUOUS
10
1.5805878346456692
20
0.9534727559055118
11
1.5807920078740156
21
0.9530348425196851
0
LINE
8
BLACK
6
CONTINUOUS
10
1.5807920078740156
20
0.9530348425196851
11
1.5814746456692914
21
0.9520132677165354
0
LINE
8
BLACK
6
CONTINUOUS
10
1.5814746456692914
20
0.9520132677165354
11
1.5816280708661417
21
0.9512418897637795
0
LINE
8
BLACK
6
CONTINUOUS
10
1.5816280708661417
20
0.9512418897637795
11
1.5817789370078741
21
0.9509183858267717
0
LINE
8
BLACK
6
CONTINUOUS
10
1.5817789370078741
20
0.9509183858267717
11
1.5819482677165353
21
0.949632125984252
0
LINE
8
BLACK
6
CONTINUOUS
10
1.5819482677165353
20
0.949632125984252
11
1.5820740157480315
21
0.949
0
LINE
8
BLACK
6
CONTINUOUS
10
1.5820740157480315
20
0.949
11
1.5820740157480315
21
0.8486
0
LINE
8
BLACK
6
CONTINUOUS
10
1.5820740157480315
20
0.8486
11
1.5819482677165353
21
0.8479678346456693
0
LINE
8
BLACK
6
CONTINUOUS
10
1.5819482677165353
20
0.8479678346456693
11
1.5817789370078741
21
0.8466815748031495
0
LINE
8
BLACK
6
CONTINUOUS
10
1.5817789370078741
20
0.8466815748031495
11
1.5816280314960629
21
0.8463579921259843
0
LINE
8
BLACK
6
CONTINUOUS
10
1.5816280314960629
20
0.8463579921259843
11
1.5814746456692914
21
0.8455867322834646
0
LINE
8
BLACK
6
CONTINUOUS
10
1.5814746456692914
20
0.8455867322834646
11
1.5807920472440944
21
0.8445651968503937
0
LINE
8
BLACK
6
CONTINUOUS
10
1.5807920472440944
20
0.8445651968503937
11
1.5805878346456692
21
0.8441272047244094
0
LINE
8
BLACK
6
CONTINUOUS
10
1.5805878346456692
20
0.8441272047244094
11
1.5803212992125983
21
0.8438606692913385
0
LINE
8
BLACK
6
CONTINUOUS
10
1.5803212992125983
20
0.8438606692913385
11
1.5797677559055119
21
0.8430322440944882
0
LINE
8
BLACK
6
CONTINUOUS
10
1.5797677559055119
20
0.8430322440944882
11
1.5789392913385827
21
0.8424786614173229
0
LINE
8
BLACK
6
CONTINUOUS
10
1.5789392913385827
20
0.8424786614173229
11
1.5786727559055118
21
0.842212125984252
0
LINE
8
BLACK
6
CONTINUOUS
10
1.5786727559055118
20
0.842212125984252
11
1.5782346456692913
21
0.8420078346456693
0
LINE
8
BLACK
6
CONTINUOUS
10
1.5782346456692913
20
0.8420078346456693
11
1.5772132677165354
21
0.8413253543307087
0
LINE
8
BLACK
6
CONTINUOUS
10
1.5772132677165354
20
0.8413253543307087
11
1.5764420472440945
21
0.8411719291338583
0
LINE
8
BLACK
6
CONTINUOUS
10
1.5764420472440945
20
0.8411719291338583
11
1.5761183858267716
21
0.8410210236220472
0
LINE
8
BLACK
6
CONTINUOUS
10
1.5761183858267716
20
0.8410210236220472
11
1.5748315354330709
21
0.8408515748031495
0
LINE
8
BLACK
6
CONTINUOUS
10
1.5748315354330709
20
0.8408515748031495
11
1.5742
21
0.8407259842519685
0
LINE
8
BLACK
6
CONTINUOUS
10
1.5742
20
0.8407259842519685
11
1.5738773622047244
21
0.8407259842519685
0
LINE
8
BLACK
6
CONTINUOUS
10
1.5738773622047244
20
0.8407259842519685
11
1.4761226771653544
21
0.8407259842519685
0
LINE
8
BLACK
6
CONTINUOUS
10
1.4761226771653544
20
0.8407259842519685
11
1.4758
21
0.8407259842519685
0
LINE
8
BLACK
6
CONTINUOUS
10
1.4758
20
0.8407259842519685
11
1.4751684251968504
21
0.8408515748031495
0
LINE
8
BLACK
6
CONTINUOUS
10
1.4751684251968504
20
0.8408515748031495
11
1.4738815748031495
21
0.8410210236220472
0
LINE
8
BLACK
6
CONTINUOUS
10
1.4738815748031495
20
0.8410210236220472
11
1.4735578346456693
21
0.8411719291338583
0
LINE
8
BLACK
6
CONTINUOUS
10
1.4735578346456693
20
0.8411719291338583
11
1.4727867322834645
21
0.8413253543307087
0
LINE
8
BLACK
6
CONTINUOUS
10
1.4727867322834645
20
0.8413253543307087
11
1.4717653937007873
21
0.8420077559055118
0
LINE
8
BLACK
6
CONTINUOUS
10
1.4717653937007873
20
0.8420077559055118
11
1.4713272047244095
21
0.842212125984252
0
LINE
8
BLACK
6
CONTINUOUS
10
1.4713272047244095
20
0.842212125984252
11
1.4710605511811023
21
0.8424787401574803
0
LINE
8
BLACK
6
CONTINUOUS
10
1.4710605511811023
20
0.8424787401574803
11
1.4702322440944882
21
0.8430322440944882
0
LINE
8
BLACK
6
CONTINUOUS
10
1.4702322440944882
20
0.8430322440944882
11
1.4696787401574802
21
0.8438605511811024
0
LINE
8
BLACK
6
CONTINUOUS
10
1.4696787401574802
20
0.8438605511811024
11
1.4694121259842519
21
0.8441272047244094
0
LINE
8
BLACK
6
CONTINUOUS
10
1.4694121259842519
20
0.8441272047244094
11
1.4692077559055117
21
0.8445653937007874
0
LINE
8
BLACK
6
CONTINUOUS
10
1.4692077559055117
20
0.8445653937007874
11
1.4685253543307086
21
0.8455867322834646
0
LINE
8
BLACK
6
CONTINUOUS
10
1.4685253543307086
20
0.8455867322834646
11
1.4683719291338582
21
0.8463578346456693
0
LINE
8
BLACK
6
CONTINUOUS
10
1.4683719291338582
20
0.8463578346456693
11
1.4682210236220472
21
0.8466815748031495
0
LINE
8
BLACK
6
CONTINUOUS
10
1.4682210236220472
20
0.8466815748031495
11
1.4680515748031495
21
0.8479685039370078
0
LINE
8
BLACK
6
CONTINUOUS
10
1.4680515748031495
20
0.8479685039370078
11
1.4679259842519685
21
0.8486
0
LINE
8
BLACK
6
CONTINUOUS
10
1.4679259842519685
20
0.8486
11
1.4679259842519685
21
0.949
0
LINE
8
BLACK
6
CONTINUOUS
10
1.4679259842519685
20
0.949
11
1.4680516141732283
21
0.9496316141732283
0
LINE
8
BLACK
6
CONTINUOUS
10
1.4680516141732283
20
0.9496316141732283
11
1.4682210236220472
21
0.9509183858267717
0
LINE
8
BLACK
6
CONTINUOUS
10
1.4682210236220472
20
0.9509183858267717
11
1.4683719291338582
21
0.9512420472440944
0
LINE
8
BLACK
6
CONTINUOUS
10
1.4683719291338582
20
0.9512420472440944
11
1.4685253543307086
21
0.9520132677165354
0
LINE
8
BLACK
6
CONTINUOUS
10
1.4685253543307086
20
0.9520132677165354
11
1.4692078346456692
21
0.9530346456692913
0
LINE
8
BLACK
6
CONTINUOUS
10
1.4692078346456692
20
0.9530346456692913
11
1.4694121259842519
21
0.9534727559055118
0
LINE
8
BLACK
6
CONTINUOUS
10
1.4694121259842519
20
0.9534727559055118
11
1.4696786614173227
21
0.9537392913385827
0
LINE
8
BLACK
6
CONTINUOUS
10
1.4696786614173227
20
0.9537392913385827
11
1.4702322440944882
21
0.9545677559055118
0
LINE
8
BLACK
6
CONTINUOUS
10
1.4702322440944882
20
0.9545677559055118
11
1.4710606692913386
21
0.9551212992125984
0
LINE
8
BLACK
6
CONTINUOUS
10
1.4710606692913386
20
0.9551212992125984
11
1.4713272047244095
21
0.9553878346456692
0
LINE
8
BLACK
6
CONTINUOUS
10
1.4713272047244095
20
0.9553878346456692
11
1.4717651968503938
21
0.9555920472440944
0
LINE
8
BLACK
6
CONTINUOUS
10
1.4717651968503938
20
0.9555920472440944
11
1.4727867322834645
21
0.9562746456692913
0
LINE
8
BLACK
6
CONTINUOUS
10
1.4727867322834645
20
0.9562746456692913
11
1.4735579921259843
21
0.9564280314960629
0
LINE
8
BLACK
6
CONTINUOUS
10
1.4735579921259843
20
0.9564280314960629
11
1.4738815748031495
21
0.956578937007874
0
LINE
8
BLACK
6
CONTINUOUS
10
1.4738815748031495
20
0.956578937007874
11
1.4751679133858266
21
0.9567482677165354
0
LINE
8
BLACK
6
CONTINUOUS
10
1.4751679133858266
20
0.9567482677165354
11
1.4758
21
0.9568740157480314
0
LINE
8
BLACK
6
CONTINUOUS
10
1.4758
20
0.9568740157480314
11
1.5742
21
0.9568740157480314
0
LINE
8
BLACK
6
CONTINUOUS
10
1.5742
20
0.9568740157480314
11
1.5748322047244094
21
0.9567482283464567
0
LINE
8
BLACK
6
CONTINUOUS
10
2.0767728740157478
20
0.9360220472440944
11
2.0787860629921258
21
0.9360220472440944
0
LINE
8
BLACK
6
CONTINUOUS
10
2.0787860629921258
20
0.9360220472440944
11
2.0805242913385826
21
0.9356525590551181
0
LINE
8
BLACK
6
CONTINUOUS
10
2.0805242913385826
20
0.9356525590551181
11
2.0820614566929132
21
0.9355011811023621
0
LINE
8
BLACK
6
CONTINUOUS
10
2.0820614566929132
20
0.9355011811023621
11
2.0839925196850393
21
0.9349153543307086
0
LINE
8
BLACK
6
CONTINUOUS
10
2.0839925196850393
20
0.9349153543307086
11
2.0861927559055116
21
0.934447716535433
0
LINE
8
BLACK
6
CONTINUOUS
10
2.0861927559055116
20
0.934447716535433
11
2.087600748031496
21
0.9338207874015748
0
LINE
8
BLACK
6
CONTINUOUS
10
2.087600748031496
20
0.9338207874015748
11
2.0888520078740158
21
0.9334412598425197
0
LINE
8
BLACK
6
CONTINUOUS
10
2.0888520078740158
20
0.9334412598425197
11
2.0908404724409446
21
0.9323783858267717
0
LINE
8
BLACK
6
CONTINUOUS
10
2.0908404724409446
20
0.9323783858267717
11
2.0931102362204723
21
0.9313678346456693
0
LINE
8
BLACK
6
CONTINUOUS
10
2.0931102362204723
20
0.9313678346456693
11
2.0941654330708661
21
0.9306011811023622
0
LINE
8
BLACK
6
CONTINUOUS
10
2.0941654330708661
20
0.9306011811023622
11
2.0951097244094488
21
0.9300964566929134
0
LINE
8
BLACK
6
CONTINUOUS
10
2.0951097244094488
20
0.9300964566929134
11
2.0970359055118108
21
0.9285156299212598
0
LINE
8
BLACK
6
CONTINUOUS
10
2.0970359055118108
20
0.9285156299212598
11
2.0992362204724411
21
0.9269170472440945
0
LINE
8
BLACK
6
CONTINUOUS
10
2.0992362204724411
20
0.9269170472440945
11
2.0999506299212598
21
0.9261235826771653
0
LINE
8
BLACK
6
CONTINUOUS
10
2.0999506299212598
20
0.9261235826771653
11
2.1005948818897635
21
0.9255948818897638
0
LINE
8
BLACK
6
CONTINUOUS
10
2.1005948818897635
20
0.9255948818897638
11
2.1023260629921259
21
0.9234853937007874
0
LINE
8
BLACK
6
CONTINUOUS
10
2.1023260629921259
20
0.9234853937007874
11
2.1043029921259842
21
0.921289842519685
0
LINE
8
BLACK
6
CONTINUOUS
10
2.1043029921259842
20
0.921289842519685
11
2.1047182677165353
21
0.9205704724409448
0
LINE
8
BLACK
6
CONTINUOUS
10
2.1047182677165353
20
0.9205704724409448
11
2.1050964566929133
21
0.9201097244094488
0
LINE
8
BLACK
6
CONTINUOUS
10
2.1050964566929133
20
0.9201097244094488
11
2.1064952755905511
21
0.9174926771653543
0
LINE
8
BLACK
6
CONTINUOUS
10
2.1064952755905511
20
0.9174926771653543
11
2.1080890551181102
21
0.9147322047244094
0
LINE
8
BLACK
6
CONTINUOUS
10
2.1080890551181102
20
0.9147322047244094
11
2.1082724015748031
21
0.9141679133858267
0
LINE
8
BLACK
6
CONTINUOUS
10
2.1082724015748031
20
0.9141679133858267
11
2.1084412598425195
21
0.9138520078740158
0
LINE
8
BLACK
6
CONTINUOUS
10
2.1084412598425195
20
0.9138520078740158
11
2.1093724803149607
21
0.9107822047244094
0
LINE
8
BLACK
6
CONTINUOUS
10
2.1093724803149607
20
0.9107822047244094
11
2.1104289763779529
21
0.9075306692913385
0
LINE
8
BLACK
6
CONTINUOUS
10
2.1104289763779529
20
0.9075306692913385
11
2.1104661417322834
21
0.9071768897637795
0
LINE
8
BLACK
6
CONTINUOUS
10
2.1104661417322834
20
0.9071768897637795
11
2.1105011811023622
21
0.9070614566929134
0
LINE
8
BLACK
6
CONTINUOUS
10
2.1105011811023622
20
0.9070614566929134
11
2.1108419685039368
21
0.9036009842519684
0
LINE
8
BLACK
6
CONTINUOUS
10
2.1108419685039368
20
0.9036009842519684
11
2.1112204724409449
21
0.9
0
LINE
8
BLACK
6
CONTINUOUS
10
2.1112204724409449
20
0.9
11
2.1108420078740155
21
0.8963992519685039
0
LINE
8
BLACK
6
CONTINUOUS
10
2.1108420078740155
20
0.8963992519685039
11
2.1105011811023622
21
0.8929385039370078
0
LINE
8
BLACK
6
CONTINUOUS
10
2.1105011811023622
20
0.8929385039370078
11
2.1104661417322834
21
0.8928229921259843
0
LINE
8
BLACK
6
CONTINUOUS
10
2.1104661417322834
20
0.8928229921259843
11
2.1104289763779529
21
0.8924693307086614
0
LINE
8
BLACK
6
CONTINUOUS
10
2.1104289763779529
20
0.8924693307086614
11
2.1093726377952757
21
0.8892183070866142
0
LINE
8
BLACK
6
CONTINUOUS
10
2.1093726377952757
20
0.8892183070866142
11
2.1084412598425195
21
0.8861479527559055
0
LINE
8
BLACK
6
CONTINUOUS
10
2.1084412598425195
20
0.8861479527559055
11
2.1082723622047244
21
0.885831968503937
0
LINE
8
BLACK
6
CONTINUOUS
10
2.1082723622047244
20
0.885831968503937
11
2.1080890551181102
21
0.8852677952755905
0
LINE
8
BLACK
6
CONTINUOUS
10
2.1080890551181102
20
0.8852677952755905
11
2.1064955511811023
21
0.8825077559055118
0
LINE
8
BLACK
6
CONTINUOUS
10
2.1064955511811023
20
0.8825077559055118
11
2.1050964566929133
21
0.8798902362204725
0
LINE
8
BLACK
6
CONTINUOUS
10
2.1050964566929133
20
0.8798902362204725
11
2.1047181889763777
21
0.8794293307086614
0
LINE
8
BLACK
6
CONTINUOUS
10
2.1047181889763777
20
0.8794293307086614
11
2.1043029921259842
21
0.8787101574803149
0
LINE
8
BLACK
6
CONTINUOUS
10
2.1043029921259842
20
0.8787101574803149
11
2.1023264566929134
21
0.8765149999999999
0
LINE
8
BLACK
6
CONTINUOUS
10
2.1023264566929134
20
0.8765149999999999
11
2.1005948818897635
21
0.8744050787401575
0
LINE
8
BLACK
6
CONTINUOUS
10
2.1005948818897635
20
0.8744050787401575
11
2.0999505118110235
21
0.8738762598425197
0
LINE
8
BLACK
6
CONTINUOUS
10
2.0999505118110235
20
0.8738762598425197
11
2.0992362204724411
21
0.8730829527559055
0
LINE
8
BLACK
6
CONTINUOUS
10
2.0992362204724411
20
0.8730829527559055
11
2.0970363385826771
21
0.8714846456692913
0
LINE
8
BLACK
6
CONTINUOUS
10
2.0970363385826771
20
0.8714846456692913
11
2.0951097244094488
21
0.8699035039370079
0
LINE
8
BLACK
6
CONTINUOUS
10
2.0951097244094488
20
0.8699035039370079
11
2.0941651968503936
21
0.8693986614173228
0
LINE
8
BLACK
6
CONTINUOUS
10
2.0941651968503936
20
0.8693986614173228
11
2.0931102362204723
21
0.8686321653543307
0
LINE
8
BLACK
6
CONTINUOUS
10
2.0931102362204723
20
0.8686321653543307
11
2.0908409448818897
21
0.8676217716535433
0
LINE
8
BLACK
6
CONTINUOUS
10
2.0908409448818897
20
0.8676217716535433
11
2.0888520078740158
21
0.8665587007874016
0
LINE
8
BLACK
6
CONTINUOUS
10
2.0888520078740158
20
0.8665587007874016
11
2.0876004724409447
21
0.8661790157480315
0
LINE
8
BLACK
6
CONTINUOUS
10
2.0876004724409447
20
0.8661790157480315
11
2.0861927559055116
21
0.8655522834645669
0
LINE
8
BLACK
6
CONTINUOUS
10
2.0861927559055116
20
0.8655522834645669
11
2.0839929527559056
21
0.8650846850393701
0
LINE
8
BLACK
6
CONTINUOUS
10
2.0839929527559056
20
0.8650846850393701
11
2.0820614566929132
21
0.864498779527559
0
LINE
8
BLACK
6
CONTINUOUS
10
2.0820614566929132
20
0.864498779527559
11
2.0805239763779526
21
0.8643473228346457
0
LINE
8
BLACK
6
CONTINUOUS
10
2.0805239763779526
20
0.8643473228346457
11
2.0787860629921258
21
0.8639779527559055
0
LINE
8
BLACK
6
CONTINUOUS
10
2.0787860629921258
20
0.8639779527559055
11
2.0767732677165354
21
0.8639779527559055
0
LINE
8
BLACK
6
CONTINUOUS
10
2.0767732677165354
20
0.8639779527559055
11
2.0749999999999997
21
0.8638033070866141
0
LINE
8
BLACK
6
CONTINUOUS
10
2.0749999999999997
20
0.8638033070866141
11
2.0732267322834645
21
0.8639779527559055
0
LINE
8
BLACK
6
CONTINUOUS
10
2.0732267322834645
20
0.8639779527559055
11
2.0712139370078742
21
0.8639779527559055
0
LINE
8
BLACK
6
CONTINUOUS
10
2.0712139370078742
20
0.8639779527559055
11
2.0694760236220473
21
0.8643473228346457
0
LINE
8
BLACK
6
CONTINUOUS
10
2.0694760236220473
20
0.8643473228346457
11
2.067938503937008
21
0.864498779527559
0
LINE
8
BLACK
6
CONTINUOUS
10
2.067938503937008
20
0.864498779527559
11
2.0660068503937006
21
0.8650847244094488
0
LINE
8
BLACK
6
CONTINUOUS
10
2.0660068503937006
20
0.8650847244094488
11
2.0638072440944883
21
0.8655522834645669
0
LINE
8
BLACK
6
CONTINUOUS
10
2.0638072440944883
20
0.8655522834645669
11
2.062399566929134
21
0.8661789763779527
0
LINE
8
BLACK
6
CONTINUOUS
10
2.062399566929134
20
0.8661789763779527
11
2.0611479527559053
21
0.8665587007874016
0
LINE
8
BLACK
6
CONTINUOUS
10
2.0611479527559053
20
0.8665587007874016
11
2.059158779527559
21
0.8676218897637795
0
LINE
8
BLACK
6
CONTINUOUS
10
2.059158779527559
20
0.8676218897637795
11
2.0568897637795276
21
0.8686321653543307
0
LINE
8
BLACK
6
CONTINUOUS
10
2.0568897637795276
20
0.8686321653543307
11
2.0558348425196851
21
0.8693985826771653
0
LINE
8
BLACK
6
CONTINUOUS
10
2.0558348425196851
20
0.8693985826771653
11
2.0548902362204724
21
0.8699035039370079
0
LINE
8
BLACK
6
CONTINUOUS
10
2.0548902362204724
20
0.8699035039370079
11
2.0529632677165353
21
0.8714848818897638
0
LINE
8
BLACK
6
CONTINUOUS
10
2.0529632677165353
20
0.8714848818897638
11
2.0507637795275588
21
0.8730829527559055
0
LINE
8
BLACK
6
CONTINUOUS
10
2.0507637795275588
20
0.8730829527559055
11
2.0500495669291339
21
0.8738761417322835
0
LINE
8
BLACK
6
CONTINUOUS
10
2.0500495669291339
20
0.8738761417322835
11
2.0494050787401576
21
0.8744050787401575
0
LINE
8
BLACK
6
CONTINUOUS
10
2.0494050787401576
20
0.8744050787401575
11
2.0476730708661415
21
0.8765154724409449
0
LINE
8
BLACK
6
CONTINUOUS
10
2.0476730708661415
20
0.8765154724409449
11
2.0456970078740158
21
0.8787101574803149
0
LINE
8
BLACK
6
CONTINUOUS
10
2.0456970078740158
20
0.8787101574803149
11
2.0452818503937009
21
0.8794291732283465
0
LINE
8
BLACK
6
CONTINUOUS
10
2.0452818503937009
20
0.8794291732283465
11
2.0449035039370078
21
0.8798902362204725
0
LINE
8
BLACK
6
CONTINUOUS
10
2.0449035039370078
20
0.8798902362204725
11
2.0435038976377951
21
0.8825087007874015
0
LINE
8
BLACK
6
CONTINUOUS
10
2.0435038976377951
20
0.8825087007874015
11
2.0419109448818897
21
0.8852677952755905
0
LINE
8
BLACK
6
CONTINUOUS
10
2.0419109448818897
20
0.8852677952755905
11
2.0417276771653543
21
0.8858317716535433
0
LINE
8
BLACK
6
CONTINUOUS
10
2.0417276771653543
20
0.8858317716535433
11
2.0415587007874016
21
0.8861479527559055
0
LINE
8
BLACK
6
CONTINUOUS
10
2.0415587007874016
20
0.8861479527559055
11
2.0406267322834646
21
0.8892201574803149
0
LINE
8
BLACK
6
CONTINUOUS
10
2.0406267322834646
20
0.8892201574803149
11
2.039571023622047
21
0.8924693307086614
0
LINE
8
BLACK
6
CONTINUOUS
10
2.039571023622047
20
0.8924693307086614
11
2.0395338582677165
21
0.8928227952755905
0
LINE
8
BLACK
6
CONTINUOUS
10
2.0395338582677165
20
0.8928227952755905
11
2.039498779527559
21
0.8929385039370078
0
LINE
8
BLACK
6
CONTINUOUS
10
2.039498779527559
20
0.8929385039370078
11
2.0391573228346456
21
0.8964051968503937
0
LINE
8
BLACK
6
CONTINUOUS
10
2.0391573228346456
20
0.8964051968503937
11
2.038779527559055
21
0.9
0
LINE
8
BLACK
6
CONTINUOUS
10
2.038779527559055
20
0.9
11
2.0391573622047243
21
0.9035950393700787
0
LINE
8
BLACK
6
CONTINUOUS
10
2.0391573622047243
20
0.9035950393700787
11
2.039498779527559
21
0.9070614566929134
0
LINE
8
BLACK
6
CONTINUOUS
10
2.039498779527559
20
0.9070614566929134
11
2.0395338582677165
21
0.9071770866141732
0
LINE
8
BLACK
6
CONTINUOUS
10
2.0395338582677165
20
0.9071770866141732
11
2.039571023622047
21
0.9075306692913385
0
LINE
8
BLACK
6
CONTINUOUS
10
2.039571023622047
20
0.9075306692913385
11
2.0406268897637796
21
0.9107803543307086
0
LINE
8
BLACK
6
CONTINUOUS
10
2.0406268897637796
20
0.9107803543307086
11
2.0415587007874016
21
0.9138520078740158
0
LINE
8
BLACK
6
CONTINUOUS
10
2.0415587007874016
20
0.9138520078740158
11
2.0417276377952756
21
0.9141680708661417
0
LINE
8
BLACK
6
CONTINUOUS
10
2.0417276377952756
20
0.9141680708661417
11
2.0419109448818897
21
0.9147322047244094
0
LINE
8
BLACK
6
CONTINUOUS
10
2.0419109448818897
20
0.9147322047244094
11
2.0435041732283463
21
0.9174917716535432
0
LINE
8
BLACK
6
CONTINUOUS
10
2.0435041732283463
20
0.9174917716535432
11
2.0449035039370078
21
0.9201097244094488
0
LINE
8
BLACK
6
CONTINUOUS
10
2.0449035039370078
20
0.9201097244094488
11
2.0452817716535434
21
0.9205706299212598
0
LINE
8
BLACK
6
CONTINUOUS
10
2.0452817716535434
20
0.9205706299212598
11
2.0456970078740158
21
0.921289842519685
0
LINE
8
BLACK
6
CONTINUOUS
10
2.0456970078740158
20
0.921289842519685
11
2.0476734251968502
21
0.9234848818897637
0
LINE
8
BLACK
6
CONTINUOUS
10
2.0476734251968502
20
0.9234848818897637
11
2.0494050787401576
21
0.9255948818897638
0
LINE
8
BLACK
6
CONTINUOUS
10
2.0494050787401576
20
0.9255948818897638
11
2.0500494488188976
21
0.9261237007874016
0
LINE
8
BLACK
6
CONTINUOUS
10
2.0500494488188976
20
0.9261237007874016
11
2.0507637795275588
21
0.9269170472440945
0
LINE
8
BLACK
6
CONTINUOUS
10
2.0507637795275588
20
0.9269170472440945
11
2.0529637007874015
21
0.9285153543307086
0
LINE
8
BLACK
6
CONTINUOUS
10
2.0529637007874015
20
0.9285153543307086
11
2.0548902362204724
21
0.9300964566929134
0
LINE
8
BLACK
6
CONTINUOUS
10
2.0548902362204724
20
0.9300964566929134
11
2.0558346456692913
21
0.9306012598425196
0
LINE
8
BLACK
6
CONTINUOUS
10
2.0558346456692913
20
0.9306012598425196
11
2.0568897637795276
21
0.9313678346456693
0
LINE
8
BLACK
6
CONTINUOUS
10
2.0568897637795276
20
0.9313678346456693
11
2.059159251968504
21
0.9323782677165354
0
LINE
8
BLACK
6
CONTINUOUS
10
2.059159251968504
20
0.9323782677165354
11
2.0611479527559053
21
0.9334412598425197
0
LINE
8
BLACK
6
CONTINUOUS
10
2.0611479527559053
20
0.9334412598425197
11
2.0623992913385827
21
0.9338208267716536
0
LINE
8
BLACK
6
CONTINUOUS
10
2.0623992913385827
20
0.9338208267716536
11
2.0638072440944883
21
0.934447716535433
0
LINE
8
BLACK
6
CONTINUOUS
10
2.0638072440944883
20
0.934447716535433
11
2.0660072834645669
21
0.9349153149606299
0
LINE
8
BLACK
6
CONTINUOUS
10
2.0660072834645669
20
0.9349153149606299
11
2.067938503937008
21
0.9355011811023621
0
LINE
8
BLACK
6
CONTINUOUS
10
2.067938503937008
20
0.9355011811023621
11
2.0694756692913385
21
0.9356525590551181
0
LINE
8
BLACK
6
CONTINUOUS
10
2.0694756692913385
20
0.9356525590551181
11
2.0712139370078742
21
0.9360220472440944
0
LINE
8
BLACK
6
CONTINUOUS
10
2.0712139370078742
20
0.9360220472440944
11
2.0732271259842521
21
0.9360220472440944
0
LINE
8
BLACK
6
CONTINUOUS
10
2.0732271259842521
20
0.9360220472440944
11
2.0749999999999997
21
0.9361966535433071
0
LINE
8
BLACK
6
CONTINUOUS
10
2.0749999999999997
20
0.9361966535433071
11
2.0767728740157478
21
0.9360220472440944
0
LINE
8
BLACK
6
CONTINUOUS
10
2.1767728740157479
20
0.9360220472440944
11
2.1787860629921258
21
0.9360220472440944
0
LINE
8
BLACK
6
CONTINUOUS
10
2.1787860629921258
20
0.9360220472440944
11
2.1805242913385827
21
0.9356525590551181
0
LINE
8
BLACK
6
CONTINUOUS
10
2.1805242913385827
20
0.9356525590551181
11
2.1820614566929133
21
0.9355011811023621
0
LINE
8
BLACK
6
CONTINUOUS
10
2.1820614566929133
20
0.9355011811023621
11
2.1839925196850394
21
0.9349153543307086
0
LINE
8
BLACK
6
CONTINUOUS
10
2.1839925196850394
20
0.9349153543307086
11
2.1861927559055117
21
0.934447716535433
0
LINE
8
BLACK
6
CONTINUOUS
10
2.1861927559055117
20
0.934447716535433
11
2.1876007480314961
21
0.9338207874015748
0
LINE
8
BLACK
6
CONTINUOUS
10
2.1876007480314961
20
0.9338207874015748
11
2.1888520078740159
21
0.9334412598425197
0
LINE
8
BLACK
6
CONTINUOUS
10
2.1888520078740159
20
0.9334412598425197
11
2.1908404724409447
21
0.9323783858267717
0
LINE
8
BLACK
6
CONTINUOUS
10
2.1908404724409447
20
0.9323783858267717
11
2.1931102362204724
21
0.9313678346456693
0
LINE
8
BLACK
6
CONTINUOUS
10
2.1931102362204724
20
0.9313678346456693
11
2.1941654330708662
21
0.9306011811023622
0
LINE
8
BLACK
6
CONTINUOUS
10
2.1941654330708662
20
0.9306011811023622
11
2.1951097244094488
21
0.9300964566929134
0
LINE
8
BLACK
6
CONTINUOUS
10
2.1951097244094488
20
0.9300964566929134
11
2.1970359055118109
21
0.9285156299212598
0
LINE
8
BLACK
6
CONTINUOUS
10
2.1970359055118109
20
0.9285156299212598
11
2.1992362204724407
21
0.9269170472440945
0
LINE
8
BLACK
6
CONTINUOUS
10
2.1992362204724407
20
0.9269170472440945
11
2.1999506299212599
21
0.9261235826771653
0
LINE
8
BLACK
6
CONTINUOUS
10
2.1999506299212599
20
0.9261235826771653
11
2.2005948818897636
21
0.9255948818897638
0
LINE
8
BLACK
6
CONTINUOUS
10
2.2005948818897636
20
0.9255948818897638
11
2.202326062992126
21
0.9234853937007874
0
LINE
8
BLACK
6
CONTINUOUS
10
2.202326062992126
20
0.9234853937007874
11
2.2043029921259842
21
0.921289842519685
0
LINE
8
BLACK
6
CONTINUOUS
10
2.2043029921259842
20
0.921289842519685
11
2.2047182677165353
21
0.9205704724409448
0
LINE
8
BLACK
6
CONTINUOUS
10
2.2047182677165353
20
0.9205704724409448
11
2.2050964566929134
21
0.9201097244094488
0
LINE
8
BLACK
6
CONTINUOUS
10
2.2050964566929134
20
0.9201097244094488
11
2.2064952755905511
21
0.9174926771653543
0
LINE
8
BLACK
6
CONTINUOUS
10
2.2064952755905511
20
0.9174926771653543
11
2.2080890551181103
21
0.9147322047244094
0
LINE
8
BLACK
6
CONTINUOUS
10
2.2080890551181103
20
0.9147322047244094
11
2.2082724015748032
21
0.9141679133858267
0
LINE
8
BLACK
6
CONTINUOUS
10
2.2082724015748032
20
0.9141679133858267
11
2.2084412598425196
21
0.9138520078740158
0
LINE
8
BLACK
6
CONTINUOUS
10
2.2084412598425196
20
0.9138520078740158
11
2.2093724803149604
21
0.9107822047244094
0
LINE
8
BLACK
6
CONTINUOUS
10
2.2093724803149604
20
0.9107822047244094
11
2.2104289763779525
21
0.9075306692913385
0
LINE
8
BLACK
6
CONTINUOUS
10
2.2104289763779525
20
0.9075306692913385
11
2.2104661417322835
21
0.9071768897637795
0
LINE
8
BLACK
6
CONTINUOUS
10
2.2104661417322835
20
0.9071768897637795
11
2.2105011811023623
21
0.9070614566929134
0
LINE
8
BLACK
6
CONTINUOUS
10
2.2105011811023623
20
0.9070614566929134
11
2.2108419685039369
21
0.9036009842519684
0
LINE
8
BLACK
6
CONTINUOUS
10
2.2108419685039369
20
0.9036009842519684
11
2.211220472440945
21
0.9
0
LINE
8
BLACK
6
CONTINUOUS
10
2.211220472440945
20
0.9
11
2.2108420078740156
21
0.8963992519685039
0
LINE
8
BLACK
6
CONTINUOUS
10
2.2108420078740156
20
0.8963992519685039
11
2.2105011811023623
21
0.8929385039370078
0
LINE
8
BLACK
6
CONTINUOUS
10
2.2105011811023623
20
0.8929385039370078
11
2.2104661417322835
21
0.8928229921259843
0
LINE
8
BLACK
6
CONTINUOUS
10
2.2104661417322835
20
0.8928229921259843
11
2.2104289763779525
21
0.8924693307086614
0
LINE
8
BLACK
6
CONTINUOUS
10
2.2104289763779525
20
0.8924693307086614
11
2.2093726377952754
21
0.8892183070866142
0
LINE
8
BLACK
6
CONTINUOUS
10
2.2093726377952754
20
0.8892183070866142
11
2.2084412598425196
21
0.8861479527559055
0
LINE
8
BLACK
6
CONTINUOUS
10
2.2084412598425196
20
0.8861479527559055
11
2.2082723622047244
21
0.885831968503937
0
LINE
8
BLACK
6
CONTINUOUS
10
2.2082723622047244
20
0.885831968503937
11
2.2080890551181103
21
0.8852677952755905
0
LINE
8
BLACK
6
CONTINUOUS
10
2.2080890551181103
20
0.8852677952755905
11
2.2064955511811024
21
0.8825077559055118
0
LINE
8
BLACK
6
CONTINUOUS
10
2.2064955511811024
20
0.8825077559055118
11
2.2050964566929134
21
0.8798902362204725
0
LINE
8
BLACK
6
CONTINUOUS
10
2.2050964566929134
20
0.8798902362204725
11
2.2047181889763778
21
0.8794293307086614
0
LINE
8
BLACK
6
CONTINUOUS
10
2.2047181889763778
20
0.8794293307086614
11
2.2043029921259842
21
0.8787101574803149
0
LINE
8
BLACK
6
CONTINUOUS
10
2.2043029921259842
20
0.8787101574803149
11
2.2023264566929135
21
0.8765149999999999
0
LINE
8
BLACK
6
CONTINUOUS
10
2.2023264566929135
20
0.8765149999999999
11
2.2005948818897636
21
0.8744050787401575
0
LINE
8
BLACK
6
CONTINUOUS
10
2.2005948818897636
20
0.8744050787401575
11
2.1999505118110236
21
0.8738762598425197
0
LINE
8
BLACK
6
CONTINUOUS
10
2.1999505118110236
20
0.8738762598425197
11
2.1992362204724407
21
0.8730829527559055
0
LINE
8
BLACK
6
CONTINUOUS
10
2.1992362204724407
20
0.8730829527559055
11
2.1970363385826772
21
0.8714846456692913
0
LINE
8
BLACK
6
CONTINUOUS
10
2.1970363385826772
20
0.8714846456692913
11
2.1951097244094488
21
0.8699035039370079
0
LINE
8
BLACK
6
CONTINUOUS
10
2.1951097244094488
20
0.8699035039370079
11
2.1941651968503937
21
0.8693986614173228
0
LINE
8
BLACK
6
CONTINUOUS
10
2.1941651968503937
20
0.8693986614173228
11
2.1931102362204724
21
0.8686321653543307
0
LINE
8
BLACK
6
CONTINUOUS
10
2.1931102362204724
20
0.8686321653543307
11
2.1908409448818897
21
0.8676217716535433
0
LINE
8
BLACK
6
CONTINUOUS
10
2.1908409448818897
20
0.8676217716535433
11
2.1888520078740159
21
0.8665587007874016
0
LINE
8
BLACK
6
CONTINUOUS
10
2.1888520078740159
20
0.8665587007874016
11
2.1876004724409448
21
0.8661790157480315
0
LINE
8
BLACK
6
CONTINUOUS
10
2.1876004724409448
20
0.8661790157480315
11
2.1861927559055117
21
0.8655522834645669
0
LINE
8
BLACK
6
CONTINUOUS
10
2.1861927559055117
20
0.8655522834645669
11
2.1839929527559057
21
0.8650846850393701
0
LINE
8
BLACK
6
CONTINUOUS
10
2.1839929527559057
20
0.8650846850393701
11
2.1820614566929133
21
0.864498779527559
0
LINE
8
BLACK
6
CONTINUOUS
10
2.1820614566929133
20
0.864498779527559
11
2.1805239763779527
21
0.8643473228346457
0
LINE
8
BLACK
6
CONTINUOUS
10
2.1805239763779527
20
0.8643473228346457
11
2.1787860629921258
21
0.8639779527559055
0
LINE
8
BLACK
6
CONTINUOUS
10
2.1787860629921258
20
0.8639779527559055
11
2.1767732677165355
21
0.8639779527559055
0
LINE
8
BLACK
6
CONTINUOUS
10
2.1767732677165355
20
0.8639779527559055
11
2.1749999999999998
21
0.8638033070866141
0
LINE
8
BLACK
6
CONTINUOUS
10
2.1749999999999998
20
0.8638033070866141
11
2.1732267322834646
21
0.8639779527559055
0
LINE
8
BLACK
6
CONTINUOUS
10
2.1732267322834646
20
0.8639779527559055
11
2.1712139370078738
21
0.8639779527559055
0
LINE
8
BLACK
6
CONTINUOUS
10
2.1712139370078738
20
0.8639779527559055
11
2.1694760236220474
21
0.8643473228346457
0
LINE
8
BLACK
6
CONTINUOUS
10
2.1694760236220474
20
0.8643473228346457
11
2.167938503937008
21
0.864498779527559
0
LINE
8
BLACK
6
CONTINUOUS
10
2.167938503937008
20
0.864498779527559
11
2.1660068503937007
21
0.8650847244094488
0
LINE
8
BLACK
6
CONTINUOUS
10
2.1660068503937007
20
0.8650847244094488
11
2.163807244094488
21
0.8655522834645669
0
LINE
8
BLACK
6
CONTINUOUS
10
2.163807244094488
20
0.8655522834645669
11
2.1623995669291336
21
0.8661789763779527
0
LINE
8
BLACK
6
CONTINUOUS
10
2.1623995669291336
20
0.8661789763779527
11
2.1611479527559054
21
0.8665587007874016
0
LINE
8
BLACK
6
CONTINUOUS
10
2.1611479527559054
20
0.8665587007874016
11
2.1591587795275591
21
0.8676218897637795
0
LINE
8
BLACK
6
CONTINUOUS
10
2.1591587795275591
20
0.8676218897637795
11
2.1568897637795277
21
0.8686321653543307
0
LINE
8
BLACK
6
CONTINUOUS
10
2.1568897637795277
20
0.8686321653543307
11
2.1558348425196852
21
0.8693985826771653
0
LINE
8
BLACK
6
CONTINUOUS
10
2.1558348425196852
20
0.8693985826771653
11
2.1548902362204725
21
0.8699035039370079
0
LINE
8
BLACK
6
CONTINUOUS
10
2.1548902362204725
20
0.8699035039370079
11
2.1529632677165353
21
0.8714848818897638
0
LINE
8
BLACK
6
CONTINUOUS
10
2.1529632677165353
20
0.8714848818897638
11
2.1507637795275589
21
0.8730829527559055
0
LINE
8
BLACK
6
CONTINUOUS
10
2.1507637795275589
20
0.8730829527559055
11
2.150049566929134
21
0.8738761417322835
0
LINE
8
BLACK
6
CONTINUOUS
10
2.150049566929134
20
0.8738761417322835
11
2.1494050787401573
21
0.8744050787401575
0
LINE
8
BLACK
6
CONTINUOUS
10
2.1494050787401573
20
0.8744050787401575
11
2.1476730708661416
21
0.8765154724409449
0
LINE
8
BLACK
6
CONTINUOUS
10
2.1476730708661416
20
0.8765154724409449
11
2.1456970078740158
21
0.8787101574803149
0
LINE
8
BLACK
6
CONTINUOUS
10
2.1456970078740158
20
0.8787101574803149
11
2.1452818503937006
21
0.8794291732283465
0
LINE
8
BLACK
6
CONTINUOUS
10
2.1452818503937006
20
0.8794291732283465
11
2.1449035039370079
21
0.8798902362204725
0
LINE
8
BLACK
6
CONTINUOUS
10
2.1449035039370079
20
0.8798902362204725
11
2.1435038976377951
21
0.8825087007874015
0
LINE
8
BLACK
6
CONTINUOUS
10
2.1435038976377951
20
0.8825087007874015
11
2.1419109448818898
21
0.8852677952755905
0
LINE
8
BLACK
6
CONTINUOUS
10
2.1419109448818898
20
0.8852677952755905
11
2.1417276771653544
21
0.8858317716535433
0
LINE
8
BLACK
6
CONTINUOUS
10
2.1417276771653544
20
0.8858317716535433
11
2.1415587007874017
21
0.8861479527559055
0
LINE
8
BLACK
6
CONTINUOUS
10
2.1415587007874017
20
0.8861479527559055
11
2.1406267322834647
21
0.8892201574803149
0
LINE
8
BLACK
6
CONTINUOUS
10
2.1406267322834647
20
0.8892201574803149
11
2.1395710236220471
21
0.8924693307086614
0
LINE
8
BLACK
6
CONTINUOUS
10
2.1395710236220471
20
0.8924693307086614
11
2.1395338582677166
21
0.8928227952755905
0
LINE
8
BLACK
6
CONTINUOUS
10
2.1395338582677166
20
0.8928227952755905
11
2.1394987795275591
21
0.8929385039370078
0
LINE
8
BLACK
6
CONTINUOUS
10
2.1394987795275591
20
0.8929385039370078
11
2.1391573228346457
21
0.8964051968503937
0
LINE
8
BLACK
6
CONTINUOUS
10
2.1391573228346457
20
0.8964051968503937
11
2.1387795275590551
21
0.9
0
LINE
8
BLACK
6
CONTINUOUS
10
2.1387795275590551
20
0.9
11
2.1391573622047244
21
0.9035950393700787
0
LINE
8
BLACK
6
CONTINUOUS
10
2.1391573622047244
20
0.9035950393700787
11
2.1394987795275591
21
0.9070614566929134
0
LINE
8
BLACK
6
CONTINUOUS
10
2.1394987795275591
20
0.9070614566929134
11
2.1395338582677166
21
0.9071770866141732
0
LINE
8
BLACK
6
CONTINUOUS
10
2.1395338582677166
20
0.9071770866141732
11
2.1395710236220471
21
0.9075306692913385
0
LINE
8
BLACK
6
CONTINUOUS
10
2.1395710236220471
20
0.9075306692913385
11
2.1406268897637797
21
0.9107803543307086
0
LINE
8
BLACK
6
CONTINUOUS
10
2.1406268897637797
20
0.9107803543307086
11
2.1415587007874017
21
0.9138520078740158
0
LINE
8
BLACK
6
CONTINUOUS
10
2.1415587007874017
20
0.9138520078740158
11
2.1417276377952756
21
0.9141680708661417
0
LINE
8
BLACK
6
CONTINUOUS
10
2.1417276377952756
20
0.9141680708661417
11
2.1419109448818898
21
0.9147322047244094
0
LINE
8
BLACK
6
CONTINUOUS
10
2.1419109448818898
20
0.9147322047244094
11
2.1435041732283464
21
0.9174917716535432
0
LINE
8
BLACK
6
CONTINUOUS
10
2.1435041732283464
20
0.9174917716535432
11
2.1449035039370079
21
0.9201097244094488
0
LINE
8
BLACK
6
CONTINUOUS
10
2.1449035039370079
20
0.9201097244094488
11
2.1452817716535431
21
0.9205706299212598
0
LINE
8
BLACK
6
CONTINUOUS
10
2.1452817716535431
20
0.9205706299212598
11
2.1456970078740158
21
0.921289842519685
0
LINE
8
BLACK
6
CONTINUOUS
10
2.1456970078740158
20
0.921289842519685
11
2.1476734251968503
21
0.9234848818897637
0
LINE
8
BLACK
6
CONTINUOUS
10
2.1476734251968503
20
0.9234848818897637
11
2.1494050787401573
21
0.9255948818897638
0
LINE
8
BLACK
6
CONTINUOUS
10
2.1494050787401573
20
0.9255948818897638
11
2.1500494488188977
21
0.9261237007874016
0
LINE
8
BLACK
6
CONTINUOUS
10
2.1500494488188977
20
0.9261237007874016
11
2.1507637795275589
21
0.9269170472440945
0
LINE
8
BLACK
6
CONTINUOUS
10
2.1507637795275589
20
0.9269170472440945
11
2.1529637007874016
21
0.9285153543307086
0
LINE
8
BLACK
6
CONTINUOUS
10
2.1529637007874016
20
0.9285153543307086
11
2.1548902362204725
21
0.9300964566929134
0
LINE
8
BLACK
6
CONTINUOUS
10
2.1548902362204725
20
0.9300964566929134
11
2.1558346456692914
21
0.9306012598425196
0
LINE
8
BLACK
6
CONTINUOUS
10
2.1558346456692914
20
0.9306012598425196
11
2.1568897637795277
21
0.9313678346456693
0
LINE
8
BLACK
6
CONTINUOUS
10
2.1568897637795277
20
0.9313678346456693
11
2.1591592519685037
21
0.9323782677165354
0
LINE
8
BLACK
6
CONTINUOUS
10
2.1591592519685037
20
0.9323782677165354
11
2.1611479527559054
21
0.9334412598425197
0
LINE
8
BLACK
6
CONTINUOUS
10
2.1611479527559054
20
0.9334412598425197
11
2.1623992913385828
21
0.9338208267716536
0
LINE
8
BLACK
6
CONTINUOUS
10
2.1623992913385828
20
0.9338208267716536
11
2.163807244094488
21
0.934447716535433
0
LINE
8
BLACK
6
CONTINUOUS
10
2.163807244094488
20
0.934447716535433
11
2.1660072834645669
21
0.9349153149606299
0
LINE
8
BLACK
6
CONTINUOUS
10
2.1660072834645669
20
0.9349153149606299
11
2.167938503937008
21
0.9355011811023621
0
LINE
8
BLACK
6
CONTINUOUS
10
2.167938503937008
20
0.9355011811023621
11
2.1694756692913386
21
0.9356525590551181
0
LINE
8
BLACK
6
CONTINUOUS
10
2.1694756692913386
20
0.9356525590551181
11
2.1712139370078738
21
0.9360220472440944
0
LINE
8
BLACK
6
CONTINUOUS
10
2.1712139370078738
20
0.9360220472440944
11
2.1732271259842517
21
0.9360220472440944
0
LINE
8
BLACK
6
CONTINUOUS
10
2.1732271259842517
20
0.9360220472440944
11
2.1749999999999998
21
0.9361966535433071
0
LINE
8
BLACK
6
CONTINUOUS
10
2.1749999999999998
20
0.9361966535433071
11
2.1767728740157479
21
0.9360220472440944
0
LINE
8
BLACK
6
CONTINUOUS
10
2.276772874015748
20
0.9360220472440944
11
2.2787860629921259
21
0.9360220472440944
0
LINE
8
BLACK
6
CONTINUOUS
10
2.2787860629921259
20
0.9360220472440944
11
2.2805242913385828
21
0.9356525590551181
0
LINE
8
BLACK
6
CONTINUOUS
10
2.2805242913385828
20
0.9356525590551181
11
2.2820614566929134
21
0.9355011811023621
0
LINE
8
BLACK
6
CONTINUOUS
10
2.2820614566929134
20
0.9355011811023621
11
2.2839925196850395
21
0.9349153543307086
0
LINE
8
BLACK
6
CONTINUOUS
10
2.2839925196850395
20
0.9349153543307086
11
2.2861927559055117
21
0.934447716535433
0
LINE
8
BLACK
6
CONTINUOUS
10
2.2861927559055117
20
0.934447716535433
11
2.2876007480314962
21
0.9338207874015748
0
LINE
8
BLACK
6
CONTINUOUS
10
2.2876007480314962
20
0.9338207874015748
11
2.2888520078740155
21
0.9334412598425197
0
LINE
8
BLACK
6
CONTINUOUS
10
2.2888520078740155
20
0.9334412598425197
11
2.2908404724409448
21
0.9323783858267717
0
LINE
8
BLACK
6
CONTINUOUS
10
2.2908404724409448
20
0.9323783858267717
11
2.2931102362204725
21
0.9313678346456693
0
LINE
8
BLACK
6
CONTINUOUS
10
2.2931102362204725
20
0.9313678346456693
11
2.2941654330708663
21
0.9306011811023622
0
LINE
8
BLACK
6
CONTINUOUS
10
2.2941654330708663
20
0.9306011811023622
11
2.2951097244094489
21
0.9300964566929134
0
LINE
8
BLACK
6
CONTINUOUS
10
2.2951097244094489
20
0.9300964566929134
11
2.297035905511811
21
0.9285156299212598
0
LINE
8
BLACK
6
CONTINUOUS
10
2.297035905511811
20
0.9285156299212598
11
2.2992362204724408
21
0.9269170472440945
0
LINE
8
BLACK
6
CONTINUOUS
10
2.2992362204724408
20
0.9269170472440945
11
2.29995062992126
21
0.9261235826771653
0
LINE
8
BLACK
6
CONTINUOUS
10
2.29995062992126
20
0.9261235826771653
11
2.3005948818897637
21
0.9255948818897638
0
LINE
8
BLACK
6
CONTINUOUS
10
2.3005948818897637
20
0.9255948818897638
11
2.3023260629921261
21
0.9234853937007874
0
LINE
8
BLACK
6
CONTINUOUS
10
2.3023260629921261
20
0.9234853937007874
11
2.3043029921259843
21
0.921289842519685
0
LINE
8
BLACK
6
CONTINUOUS
10
2.3043029921259843
20
0.921289842519685
11
2.3047182677165354
21
0.9205704724409448
0
LINE
8
BLACK
6
CONTINUOUS
10
2.3047182677165354
20
0.9205704724409448
11
2.3050964566929135
21
0.9201097244094488
0
LINE
8
BLACK
6
CONTINUOUS
10
2.3050964566929135
20
0.9201097244094488
11
2.3064952755905512
21
0.9174926771653543
0
LINE
8
BLACK
6
CONTINUOUS
10
2.3064952755905512
20
0.9174926771653543
11
2.3080890551181104
21
0.9147322047244094
0
LINE
8
BLACK
6
CONTINUOUS
10
2.3080890551181104
20
0.9147322047244094
11
2.3082724015748033
21
0.9141679133858267
0
LINE
8
BLACK
6
CONTINUOUS
10
2.3082724015748033
20
0.9141679133858267
11
2.3084412598425197
21
0.9138520078740158
0
LINE
8
BLACK
6
CONTINUOUS
10
2.3084412598425197
20
0.9138520078740158
11
2.3093724803149605
21
0.9107822047244094
0
LINE
8
BLACK
6
CONTINUOUS
10
2.3093724803149605
20
0.9107822047244094
11
2.3104289763779526
21
0.9075306692913385
0
LINE
8
BLACK
6
CONTINUOUS
10
2.3104289763779526
20
0.9075306692913385
11
2.3104661417322836
21
0.9071768897637795
0
LINE
8
BLACK
6
CONTINUOUS
10
2.3104661417322836
20
0.9071768897637795
11
2.3105011811023624
21
0.9070614566929134
0
LINE
8
BLACK
6
CONTINUOUS
10
2.3105011811023624
20
0.9070614566929134
11
2.310841968503937
21
0.9036009842519684
0
LINE
8
BLACK
6
CONTINUOUS
10
2.310841968503937
20
0.9036009842519684
11
2.3112204724409446
21
0.9
0
LINE
8
BLACK
6
CONTINUOUS
10
2.3112204724409446
20
0.9
11
2.3108420078740157
21
0.8963992519685039
0
LINE
8
BLACK
6
CONTINUOUS
10
2.3108420078740157
20
0.8963992519685039
11
2.3105011811023624
21
0.8929385039370078
0
LINE
8
BLACK
6
CONTINUOUS
10
2.3105011811023624
20
0.8929385039370078
11
2.3104661417322836
21
0.8928229921259843
0
LINE
8
BLACK
6
CONTINUOUS
10
2.3104661417322836
20
0.8928229921259843
11
2.3104289763779526
21
0.8924693307086614
0
LINE
8
BLACK
6
CONTINUOUS
10
2.3104289763779526
20
0.8924693307086614
11
2.3093726377952755
21
0.8892183070866142
0
LINE
8
BLACK
6
CONTINUOUS
10
2.3093726377952755
20
0.8892183070866142
11
2.3084412598425197
21
0.8861479527559055
0
LINE
8
BLACK
6
CONTINUOUS
10
2.3084412598425197
20
0.8861479527559055
11
2.3082723622047245
21
0.885831968503937
0
LINE
8
BLACK
6
CONTINUOUS
10
2.3082723622047245
20
0.885831968503937
11
2.3080890551181104
21
0.8852677952755905
0
LINE
8
BLACK
6
CONTINUOUS
10
2.3080890551181104
20
0.8852677952755905
11
2.3064955511811025
21
0.8825077559055118
0
LINE
8
BLACK
6
CONTINUOUS
10
2.3064955511811025
20
0.8825077559055118
11
2.3050964566929135
21
0.8798902362204725
0
LINE
8
BLACK
6
CONTINUOUS
10
2.3050964566929135
20
0.8798902362204725
11
2.3047181889763779
21
0.8794293307086614
0
LINE
8
BLACK
6
CONTINUOUS
10
2.3047181889763779
20
0.8794293307086614
11
2.3043029921259843
21
0.8787101574803149
0
LINE
8
BLACK
6
CONTINUOUS
10
2.3043029921259843
20
0.8787101574803149
11
2.3023264566929131
21
0.8765149999999999
0
LINE
8
BLACK
6
CONTINUOUS
10
2.3023264566929131
20
0.8765149999999999
11
2.3005948818897637
21
0.8744050787401575
0
LINE
8
BLACK
6
CONTINUOUS
10
2.3005948818897637
20
0.8744050787401575
11
2.2999505118110237
21
0.8738762598425197
0
LINE
8
BLACK
6
CONTINUOUS
10
2.2999505118110237
20
0.8738762598425197
11
2.2992362204724408
21
0.8730829527559055
0
LINE
8
BLACK
6
CONTINUOUS
10
2.2992362204724408
20
0.8730829527559055
11
2.2970363385826773
21
0.8714846456692913
0
LINE
8
BLACK
6
CONTINUOUS
10
2.2970363385826773
20
0.8714846456692913
11
2.2951097244094489
21
0.8699035039370079
0
LINE
8
BLACK
6
CONTINUOUS
10
2.2951097244094489
20
0.8699035039370079
11
2.2941651968503938
21
0.8693986614173228
0
LINE
8
BLACK
6
CONTINUOUS
10
2.2941651968503938
20
0.8693986614173228
11
2.2931102362204725
21
0.8686321653543307
0
LINE
8
BLACK
6
CONTINUOUS
10
2.2931102362204725
20
0.8686321653543307
11
2.2908409448818898
21
0.8676217716535433
0
LINE
8
BLACK
6
CONTINUOUS
10
2.2908409448818898
20
0.8676217716535433
11
2.2888520078740155
21
0.8665587007874016
0
LINE
8
BLACK
6
CONTINUOUS
10
2.2888520078740155
20
0.8665587007874016
11
2.2876004724409449
21
0.8661790157480315
0
LINE
8
BLACK
6
CONTINUOUS
10
2.2876004724409449
20
0.8661790157480315
11
2.2861927559055117
21
0.8655522834645669
0
LINE
8
BLACK
6
CONTINUOUS
10
2.2861927559055117
20
0.8655522834645669
11
2.2839929527559053
21
0.8650846850393701
0
LINE
8
BLACK
6
CONTINUOUS
10
2.2839929527559053
20
0.8650846850393701
11
2.2820614566929134
21
0.864498779527559
0
LINE
8
BLACK
6
CONTINUOUS
10
2.2820614566929134
20
0.864498779527559
11
2.2805239763779528
21
0.8643473228346457
0
LINE
8
BLACK
6
CONTINUOUS
10
2.2805239763779528
20
0.8643473228346457
11
2.2787860629921259
21
0.8639779527559055
0
LINE
8
BLACK
6
CONTINUOUS
10
2.2787860629921259
20
0.8639779527559055
11
2.2767732677165355
21
0.8639779527559055
0
LINE
8
BLACK
6
CONTINUOUS
10
2.2767732677165355
20
0.8639779527559055
11
2.2749999999999999
21
0.8638033070866141
0
LINE
8
BLACK
6
CONTINUOUS
10
2.2749999999999999
20
0.8638033070866141
11
2.2732267322834647
21
0.8639779527559055
0
LINE
8
BLACK
6
CONTINUOUS
10
2.2732267322834647
20
0.8639779527559055
11
2.2712139370078739
21
0.8639779527559055
0
LINE
8
BLACK
6
CONTINUOUS
10
2.2712139370078739
20
0.8639779527559055
11
2.269476023622047
21
0.8643473228346457
0
LINE
8
BLACK
6
CONTINUOUS
10
2.269476023622047
20
0.8643473228346457
11
2.2679385039370077
21
0.864498779527559
0
LINE
8
BLACK
6
CONTINUOUS
10
2.2679385039370077
20
0.864498779527559
11
2.2660068503937008
21
0.8650847244094488
0
LINE
8
BLACK
6
CONTINUOUS
10
2.2660068503937008
20
0.8650847244094488
11
2.2638072440944881
21
0.8655522834645669
0
LINE
8
BLACK
6
CONTINUOUS
10
2.2638072440944881
20
0.8655522834645669
11
2.2623995669291337
21
0.8661789763779527
0
LINE
8
BLACK
6
CONTINUOUS
10
2.2623995669291337
20
0.8661789763779527
11
2.2611479527559055
21
0.8665587007874016
0
LINE
8
BLACK
6
CONTINUOUS
10
2.2611479527559055
20
0.8665587007874016
11
2.2591587795275592
21
0.8676218897637795
0
LINE
8
BLACK
6
CONTINUOUS
10
2.2591587795275592
20
0.8676218897637795
11
2.2568897637795273
21
0.8686321653543307
0
LINE
8
BLACK
6
CONTINUOUS
10
2.2568897637795273
20
0.8686321653543307
11
2.2558348425196848
21
0.8693985826771653
0
LINE
8
BLACK
6
CONTINUOUS
10
2.2558348425196848
20
0.8693985826771653
11
2.2548902362204726
21
0.8699035039370079
0
LINE
8
BLACK
6
CONTINUOUS
10
2.2548902362204726
20
0.8699035039370079
11
2.2529632677165354
21
0.8714848818897638
0
LINE
8
BLACK
6
CONTINUOUS
10
2.2529632677165354
20
0.8714848818897638
11
2.250763779527559
21
0.8730829527559055
0
LINE
8
BLACK
6
CONTINUOUS
10
2.250763779527559
20
0.8730829527559055
11
2.2500495669291336
21
0.8738761417322835
0
LINE
8
BLACK
6
CONTINUOUS
10
2.2500495669291336
20
0.8738761417322835
11
2.2494050787401574
21
0.8744050787401575
0
LINE
8
BLACK
6
CONTINUOUS
10
2.2494050787401574
20
0.8744050787401575
11
2.2476730708661417
21
0.8765154724409449
0
LINE
8
BLACK
6
CONTINUOUS
10
2.2476730708661417
20
0.8765154724409449
11
2.2456970078740155
21
0.8787101574803149
0
LINE
8
BLACK
6
CONTINUOUS
10
2.2456970078740155
20
0.8787101574803149
11
2.2452818503937007
21
0.8794291732283465
0
LINE
8
BLACK
6
CONTINUOUS
10
2.2452818503937007
20
0.8794291732283465
11
2.244903503937008
21
0.8798902362204725
0
LINE
8
BLACK
6
CONTINUOUS
10
2.244903503937008
20
0.8798902362204725
11
2.2435038976377952
21
0.8825087007874015
0
LINE
8
BLACK
6
CONTINUOUS
10
2.2435038976377952
20
0.8825087007874015
11
2.2419109448818899
21
0.8852677952755905
0
LINE
8
BLACK
6
CONTINUOUS
10
2.2419109448818899
20
0.8852677952755905
11
2.2417276771653545
21
0.8858317716535433
0
LINE
8
BLACK
6
CONTINUOUS
10
2.2417276771653545
20
0.8858317716535433
11
2.2415587007874014
21
0.8861479527559055
0
LINE
8
BLACK
6
CONTINUOUS
10
2.2415587007874014
20
0.8861479527559055
11
2.2406267322834643
21
0.8892201574803149
0
LINE
8
BLACK
6
CONTINUOUS
10
2.2406267322834643
20
0.8892201574803149
11
2.2395710236220472
21
0.8924693307086614
0
LINE
8
BLACK
6
CONTINUOUS
10
2.2395710236220472
20
0.8924693307086614
11
2.2395338582677167
21
0.8928227952755905
0
LINE
8
BLACK
6
CONTINUOUS
10
2.2395338582677167
20
0.8928227952755905
11
2.2394987795275592
21
0.8929385039370078
0
LINE
8
BLACK
6
CONTINUOUS
10
2.2394987795275592
20
0.8929385039370078
11
2.2391573228346457
21
0.8964051968503937
0
LINE
8
BLACK
6
CONTINUOUS
10
2.2391573228346457
20
0.8964051968503937
11
2.2387795275590552
21
0.9
0
LINE
8
BLACK
6
CONTINUOUS
10
2.2387795275590552
20
0.9
11
2.2391573622047245
21
0.9035950393700787
0
LINE
8
BLACK
6
CONTINUOUS
10
2.2391573622047245
20
0.9035950393700787
11
2.2394987795275592
21
0.9070614566929134
0
LINE
8
BLACK
6
CONTINUOUS
10
2.2394987795275592
20
0.9070614566929134
11
2.2395338582677167
21
0.9071770866141732
0
LINE
8
BLACK
6
CONTINUOUS
10
2.2395338582677167
20
0.9071770866141732
11
2.2395710236220472
21
0.9075306692913385
0
LINE
8
BLACK
6
CONTINUOUS
10
2.2395710236220472
20
0.9075306692913385
11
2.2406268897637793
21
0.9107803543307086
0
LINE
8
BLACK
6
CONTINUOUS
10
2.2406268897637793
20
0.9107803543307086
11
2.2415587007874014
21
0.9138520078740158
0
LINE
8
BLACK
6
CONTINUOUS
10
2.2415587007874014
20
0.9138520078740158
11
2.2417276377952757
21
0.9141680708661417
0
LINE
8
BLACK
6
CONTINUOUS
10
2.2417276377952757
20
0.9141680708661417
11
2.2419109448818899
21
0.9147322047244094
0
LINE
8
BLACK
6
CONTINUOUS
10
2.2419109448818899
20
0.9147322047244094
11
2.2435041732283465
21
0.9174917716535432
0
LINE
8
BLACK
6
CONTINUOUS
10
2.2435041732283465
20
0.9174917716535432
11
2.244903503937008
21
0.9201097244094488
0
LINE
8
BLACK
6
CONTINUOUS
10
2.244903503937008
20
0.9201097244094488
11
2.2452817716535431
21
0.9205706299212598
0
LINE
8
BLACK
6
CONTINUOUS
10
2.2452817716535431
20
0.9205706299212598
11
2.2456970078740155
21
0.921289842519685
0
LINE
8
BLACK
6
CONTINUOUS
10
2.2456970078740155
20
0.921289842519685
11
2.2476734251968504
21
0.9234848818897637
0
LINE
8
BLACK
6
CONTINUOUS
10
2.2476734251968504
20
0.9234848818897637
11
2.2494050787401574
21
0.9255948818897638
0
LINE
8
BLACK
6
CONTINUOUS
10
2.2494050787401574
20
0.9255948818897638
11
2.2500494488188978
21
0.9261237007874016
0
LINE
8
BLACK
6
CONTINUOUS
10
2.2500494488188978
20
0.9261237007874016
11
2.250763779527559
21
0.9269170472440945
0
LINE
8
BLACK
6
CONTINUOUS
10
2.250763779527559
20
0.9269170472440945
11
2.2529637007874017
21
0.9285153543307086
0
LINE
8
BLACK
6
CONTINUOUS
10
2.2529637007874017
20
0.9285153543307086
11
2.2548902362204726
21
0.9300964566929134
0
LINE
8
BLACK
6
CONTINUOUS
10
2.2548902362204726
20
0.9300964566929134
11
2.2558346456692915
21
0.9306012598425196
0
LINE
8
BLACK
6
CONTINUOUS
10
2.2558346456692915
20
0.9306012598425196
11
2.2568897637795273
21
0.9313678346456693
0
LINE
8
BLACK
6
CONTINUOUS
10
2.2568897637795273
20
0.9313678346456693
11
2.2591592519685038
21
0.9323782677165354
0
LINE
8
BLACK
6
CONTINUOUS
10
2.2591592519685038
20
0.9323782677165354
11
2.2611479527559055
21
0.9334412598425197
0
LINE
8
BLACK
6
CONTINUOUS
10
2.2611479527559055
20
0.9334412598425197
11
2.2623992913385824
21
0.9338208267716536
0
LINE
8
BLACK
6
CONTINUOUS
10
2.2623992913385824
20
0.9338208267716536
11
2.2638072440944881
21
0.934447716535433
0
LINE
8
BLACK
6
CONTINUOUS
10
2.2638072440944881
20
0.934447716535433
11
2.266007283464567
21
0.9349153149606299
0
LINE
8
BLACK
6
CONTINUOUS
10
2.266007283464567
20
0.9349153149606299
11
2.2679385039370077
21
0.9355011811023621
0
LINE
8
BLACK
6
CONTINUOUS
10
2.2679385039370077
20
0.9355011811023621
11
2.2694756692913387
21
0.9356525590551181
0
LINE
8
BLACK
6
CONTINUOUS
10
2.2694756692913387
20
0.9356525590551181
11
2.2712139370078739
21
0.9360220472440944
0
LINE
8
BLACK
6
CONTINUOUS
10
2.2712139370078739
20
0.9360220472440944
11
2.2732271259842518
21
0.9360220472440944
0
LINE
8
BLACK
6
CONTINUOUS
10
2.2732271259842518
20
0.9360220472440944
11
2.2749999999999999
21
0.9361966535433071
0
LINE
8
BLACK
6
CONTINUOUS
10
2.2749999999999999
20
0.9361966535433071
11
2.276772874015748
21
0.9360220472440944
0
LINE
8
BLACK
6
CONTINUOUS
10
1.9306322047244093
20
0.960307283464567
11
1.9319183858267717
21
0.9601379921259843
0
LINE
8
BLACK
6
CONTINUOUS
10
1.9319183858267717
20
0.9601379921259843
11
1.9322418897637794
21
0.959987125984252
0
LINE
8
BLACK
6
CONTINUOUS
10
1.9322418897637794
20
0.959987125984252
11
1.9330132677165355
21
0.9598337007874016
0
LINE
8
BLACK
6
CONTINUOUS
10
1.9330132677165355
20
0.9598337007874016
11
1.9340348425196849
21
0.9591510629921259
0
LINE
8
BLACK
6
CONTINUOUS
10
1.9340348425196849
20
0.9591510629921259
11
1.9344727559055117
21
0.9589468897637795
0
LINE
8
BLACK
6
CONTINUOUS
10
1.9344727559055117
20
0.9589468897637795
11
1.9347391732283463
21
0.9586804330708661
0
LINE
8
BLACK
6
CONTINUOUS
10
1.9347391732283463
20
0.9586804330708661
11
1.9355677559055118
21
0.9581268110236221
0
LINE
8
BLACK
6
CONTINUOUS
10
1.9355677559055118
20
0.9581268110236221
11
1.936121377952756
21
0.9572982283464567
0
LINE
8
BLACK
6
CONTINUOUS
10
1.936121377952756
20
0.9572982283464567
11
1.9363878346456693
21
0.957031811023622
0
LINE
8
BLACK
6
CONTINUOUS
10
1.9363878346456693
20
0.957031811023622
11
1.9365920078740158
21
0.9565938976377952
0
LINE
8
BLACK
6
CONTINUOUS
10
1.9365920078740158
20
0.9565938976377952
11
1.9372746456692913
21
0.9555723228346457
0
LINE
8
BLACK
6
CONTINUOUS
10
1.9372746456692913
20
0.9555723228346457
11
1.9374280708661418
21
0.9548009448818897
0
LINE
8
BLACK
6
CONTINUOUS
10
1.9374280708661418
20
0.9548009448818897
11
1.937578937007874
21
0.9544774409448818
0
LINE
8
BLACK
6
CONTINUOUS
10
1.937578937007874
20
0.9544774409448818
11
1.9377482677165354
21
0.9531911811023622
0
LINE
8
BLACK
6
CONTINUOUS
10
1.9377482677165354
20
0.9531911811023622
11
1.9378740157480314
21
0.9525590551181102
0
LINE
8
BLACK
6
CONTINUOUS
10
1.9378740157480314
20
0.9525590551181102
11
1.9378740157480314
21
0.8974409448818897
0
LINE
8
BLACK
6
CONTINUOUS
10
1.9378740157480314
20
0.8974409448818897
11
1.9377482677165354
21
0.896808779527559
0
LINE
8
BLACK
6
CONTINUOUS
10
1.9377482677165354
20
0.896808779527559
11
1.937578937007874
21
0.8955225196850394
0
LINE
8
BLACK
6
CONTINUOUS
10
1.937578937007874
20
0.8955225196850394
11
1.937428031496063
21
0.895198937007874
0
LINE
8
BLACK
6
CONTINUOUS
10
1.937428031496063
20
0.895198937007874
11
1.9372746456692913
21
0.8944276771653543
0
LINE
8
BLACK
6
CONTINUOUS
10
1.9372746456692913
20
0.8944276771653543
11
1.9365920472440945
21
0.8934061417322835
0
LINE
8
BLACK
6
CONTINUOUS
10
1.9365920472440945
20
0.8934061417322835
11
1.9363878346456693
21
0.8929681496062992
0
LINE
8
BLACK
6
CONTINUOUS
10
1.9363878346456693
20
0.8929681496062992
11
1.9361212992125985
21
0.8927016141732284
0
LINE
8
BLACK
6
CONTINUOUS
10
1.9361212992125985
20
0.8927016141732284
11
1.9355677559055118
21
0.8918731889763779
0
LINE
8
BLACK
6
CONTINUOUS
10
1.9355677559055118
20
0.8918731889763779
11
1.9347392913385826
21
0.8913196062992126
0
LINE
8
BLACK
6
CONTINUOUS
10
1.9347392913385826
20
0.8913196062992126
11
1.9344727559055117
21
0.8910530708661417
0
LINE
8
BLACK
6
CONTINUOUS
10
1.9344727559055117
20
0.8910530708661417
11
1.9340346456692914
21
0.890848779527559
0
LINE
8
BLACK
6
CONTINUOUS
10
1.9340346456692914
20
0.890848779527559
11
1.9330132677165355
21
0.8901662992125984
0
LINE
8
BLACK
6
CONTINUOUS
10
1.9330132677165355
20
0.8901662992125984
11
1.9322420472440944
21
0.890012874015748
0
LINE
8
BLACK
6
CONTINUOUS
10
1.9322420472440944
20
0.890012874015748
11
1.9319183858267717
21
0.889861968503937
0
LINE
8
BLACK
6
CONTINUOUS
10
1.9319183858267717
20
0.889861968503937
11
1.9306315354330708
21
0.8896925196850394
0
LINE
8
BLACK
6
CONTINUOUS
10
1.9306315354330708
20
0.8896925196850394
11
1.9299999999999999
21
0.8895669291338583
0
LINE
8
BLACK
6
CONTINUOUS
10
1.9299999999999999
20
0.8895669291338583
11
1.9296773622047243
21
0.8895669291338583
0
LINE
8
BLACK
6
CONTINUOUS
10
1.9296773622047243
20
0.8895669291338583
11
1.8953226771653542
21
0.8895669291338583
0
LINE
8
BLACK
6
CONTINUOUS
10
1.8953226771653542
20
0.8895669291338583
11
1.895
21
0.8895669291338583
0
LINE
8
BLACK
6
CONTINUOUS
10
1.895
20
0.8895669291338583
11
1.8943684251968504
21
0.8896925196850394
0
LINE
8
BLACK
6
CONTINUOUS
10
1.8943684251968504
20
0.8896925196850394
11
1.8930815748031495
21
0.889861968503937
0
LINE
8
BLACK
6
CONTINUOUS
10
1.8930815748031495
20
0.889861968503937
11
1.8927578346456693
21
0.890012874015748
0
LINE
8
BLACK
6
CONTINUOUS
10
1.8927578346456693
20
0.890012874015748
11
1.8919867322834645
21
0.8901662992125984
0
LINE
8
BLACK
6
CONTINUOUS
10
1.8919867322834645
20
0.8901662992125984
11
1.8909653937007873
21
0.8908487007874015
0
LINE
8
BLACK
6
CONTINUOUS
10
1.8909653937007873
20
0.8908487007874015
11
1.8905272047244095
21
0.8910530708661417
0
LINE
8
BLACK
6
CONTINUOUS
10
1.8905272047244095
20
0.8910530708661417
11
1.8902605511811024
21
0.8913196850393701
0
LINE
8
BLACK
6
CONTINUOUS
10
1.8902605511811024
20
0.8913196850393701
11
1.8894322440944882
21
0.8918731889763779
0
LINE
8
BLACK
6
CONTINUOUS
10
1.8894322440944882
20
0.8918731889763779
11
1.8888787401574803
21
0.8927014960629921
0
LINE
8
BLACK
6
CONTINUOUS
10
1.8888787401574803
20
0.8927014960629921
11
1.8886121259842519
21
0.8929681496062992
0
LINE
8
BLACK
6
CONTINUOUS
10
1.8886121259842519
20
0.8929681496062992
11
1.8884077559055117
21
0.8934063385826772
0
LINE
8
BLACK
6
CONTINUOUS
10
1.8884077559055117
20
0.8934063385826772
11
1.8877253543307086
21
0.8944276771653543
0
LINE
8
BLACK
6
CONTINUOUS
10
1.8877253543307086
20
0.8944276771653543
11
1.8875719291338582
21
0.895198779527559
0
LINE
8
BLACK
6
CONTINUOUS
10
1.8875719291338582
20
0.895198779527559
11
1.8874210236220472
21
0.8955225196850394
0
LINE
8
BLACK
6
CONTINUOUS
10
1.8874210236220472
20
0.8955225196850394
11
1.8872515748031495
21
0.8968094488188976
0
LINE
8
BLACK
6
CONTINUOUS
10
1.8872515748031495
20
0.8968094488188976
11
1.8871259842519685
21
0.8974409448818897
0
LINE
8
BLACK
6
CONTINUOUS
10
1.8871259842519685
20
0.8974409448818897
11
1.8871259842519685
21
0.9525590551181102
0
LINE
8
BLACK
6
CONTINUOUS
10
1.8871259842519685
20
0.9525590551181102
11
1.8872516141732283
21
0.9531906692913386
0
LINE
8
BLACK
6
CONTINUOUS
10
1.8872516141732283
20
0.9531906692913386
11
1.8874210236220472
21
0.9544774409448818
0
LINE
8
BLACK
6
CONTINUOUS
10
1.8874210236220472
20
0.9544774409448818
11
1.8875719291338582
21
0.9548011023622047
0
LINE
8
BLACK
6
CONTINUOUS
10
1.8875719291338582
20
0.9548011023622047
11
1.8877253543307086
21
0.9555723228346457
0
LINE
8
BLACK
6
CONTINUOUS
10
1.8877253543307086
20
0.9555723228346457
11
1.8884078346456692
21
0.9565937007874016
0
LINE
8
BLACK
6
CONTINUOUS
10
1.8884078346456692
20
0.9565937007874016
11
1.8886121259842519
21
0.957031811023622
0
LINE
8
BLACK
6
CONTINUOUS
10
1.8886121259842519
20
0.957031811023622
11
1.8888786614173227
21
0.9572983464566929
0
LINE
8
BLACK
6
CONTINUOUS
10
1.8888786614173227
20
0.9572983464566929
11
1.8894322440944882
21
0.9581268110236221
0
LINE
8
BLACK
6
CONTINUOUS
10
1.8894322440944882
20
0.9581268110236221
11
1.8902606692913386
21
0.9586803543307086
0
LINE
8
BLACK
6
CONTINUOUS
10
1.8902606692913386
20
0.9586803543307086
11
1.8905272047244095
21
0.9589468897637795
0
LINE
8
BLACK
6
CONTINUOUS
10
1.8905272047244095
20
0.9589468897637795
11
1.8909651968503935
21
0.9591511023622047
0
LINE
8
BLACK
6
CONTINUOUS
10
1.8909651968503935
20
0.9591511023622047
11
1.8919867322834645
21
0.9598337007874016
0
LINE
8
BLACK
6
CONTINUOUS
10
1.8919867322834645
20
0.9598337007874016
11
1.8927579921259843
21
0.9599870866141732
0
LINE
8
BLACK
6
CONTINUOUS
10
1.8927579921259843
20
0.9599870866141732
11
1.8930815748031495
21
0.9601379921259843
0
LINE
8
BLACK
6
CONTINUOUS
10
1.8930815748031495
20
0.9601379921259843
11
1.8943679133858267
21
0.9603073228346456
0
LINE
8
BLACK
6
CONTINUOUS
10
1.8943679133858267
20
0.9603073228346456
11
1.895
21
0.9604330708661417
0
LINE
8
BLACK
6
CONTINUOUS
10
1.895
20
0.9604330708661417
11
1.9299999999999999
21
0.9604330708661417
0
LINE
8
BLACK
6
CONTINUOUS
10
1.9299999999999999
20
0.9604330708661417
11
1.9306322047244093
21
0.960307283464567
0
LINE
8
BLACK
6
CONTINUOUS
10
2.0058290551181104
20
0.960307283464567
11
2.0071152362204723
21
0.9601379921259843
0
LINE
8
BLACK
6
CONTINUOUS
10
2.0071152362204723
20
0.9601379921259843
11
2.0074387401574803
21
0.959987125984252
0
LINE
8
BLACK
6
CONTINUOUS
10
2.0074387401574803
20
0.959987125984252
11
2.0082101181102363
21
0.9598337007874016
0
LINE
8
BLACK
6
CONTINUOUS
10
2.0082101181102363
20
0.9598337007874016
11
2.009231692913386
21
0.9591510629921259
0
LINE
8
BLACK
6
CONTINUOUS
10
2.009231692913386
20
0.9591510629921259
11
2.0096696062992128
21
0.9589468897637795
0
LINE
8
BLACK
6
CONTINUOUS
10
2.0096696062992128
20
0.9589468897637795
11
2.0099360236220472
21
0.9586804330708661
0
LINE
8
BLACK
6
CONTINUOUS
10
2.0099360236220472
20
0.9586804330708661
11
2.0107646062992126
21
0.9581268110236221
0
LINE
8
BLACK
6
CONTINUOUS
10
2.0107646062992126
20
0.9581268110236221
11
2.0113182283464566
21
0.9572982283464567
0
LINE
8
BLACK
6
CONTINUOUS
10
2.0113182283464566
20
0.9572982283464567
11
2.0115846850393702
21
0.957031811023622
0
LINE
8
BLACK
6
CONTINUOUS
10
2.0115846850393702
20
0.957031811023622
11
2.0117888582677166
21
0.9565938976377952
0
LINE
8
BLACK
6
CONTINUOUS
10
2.0117888582677166
20
0.9565938976377952
11
2.0124714960629921
21
0.9555723228346457
0
LINE
8
BLACK
6
CONTINUOUS
10
2.0124714960629921
20
0.9555723228346457
11
2.0126249212598424
21
0.9548009448818897
0
LINE
8
BLACK
6
CONTINUOUS
10
2.0126249212598424
20
0.9548009448818897
11
2.0127757874015746
21
0.9544774409448818
0
LINE
8
BLACK
6
CONTINUOUS
10
2.0127757874015746
20
0.9544774409448818
11
2.012945118110236
21
0.9531911811023622
0
LINE
8
BLACK
6
CONTINUOUS
10
2.012945118110236
20
0.9531911811023622
11
2.013070866141732
21
0.9525590551181102
0
LINE
8
BLACK
6
CONTINUOUS
10
2.013070866141732
20
0.9525590551181102
11
2.013070866141732
21
0.8974409448818897
0
LINE
8
BLACK
6
CONTINUOUS
10
2.013070866141732
20
0.8974409448818897
11
2.012945118110236
21
0.896808779527559
0
LINE
8
BLACK
6
CONTINUOUS
10
2.012945118110236
20
0.896808779527559
11
2.0127757874015746
21
0.8955225196850394
0
LINE
8
BLACK
6
CONTINUOUS
10
2.0127757874015746
20
0.8955225196850394
11
2.0126248818897636
21
0.895198937007874
0
LINE
8
BLACK
6
CONTINUOUS
10
2.0126248818897636
20
0.895198937007874
11
2.0124714960629921
21
0.8944276771653543
0
LINE
8
BLACK
6
CONTINUOUS
10
2.0124714960629921
20
0.8944276771653543
11
2.0117888976377953
21
0.8934061417322835
0
LINE
8
BLACK
6
CONTINUOUS
10
2.0117888976377953
20
0.8934061417322835
11
2.0115846850393702
21
0.8929681496062992
0
LINE
8
BLACK
6
CONTINUOUS
10
2.0115846850393702
20
0.8929681496062992
11
2.0113181496062991
21
0.8927016141732284
0
LINE
8
BLACK
6
CONTINUOUS
10
2.0113181496062991
20
0.8927016141732284
11
2.0107646062992126
21
0.8918731889763779
0
LINE
8
BLACK
6
CONTINUOUS
10
2.0107646062992126
20
0.8918731889763779
11
2.0099361417322834
21
0.8913196062992126
0
LINE
8
BLACK
6
CONTINUOUS
10
2.0099361417322834
20
0.8913196062992126
11
2.0096696062992128
21
0.8910530708661417
0
LINE
8
BLACK
6
CONTINUOUS
10
2.0096696062992128
20
0.8910530708661417
11
2.0092314960629922
21
0.890848779527559
0
LINE
8
BLACK
6
CONTINUOUS
10
2.0092314960629922
20
0.890848779527559
11
2.0082101181102363
21
0.8901662992125984
0
LINE
8
BLACK
6
CONTINUOUS
10
2.0082101181102363
20
0.8901662992125984
11
2.0074388976377953
21
0.890012874015748
0
LINE
8
BLACK
6
CONTINUOUS
10
2.0074388976377953
20
0.890012874015748
11
2.0071152362204723
21
0.889861968503937
0
LINE
8
BLACK
6
CONTINUOUS
10
2.0071152362204723
20
0.889861968503937
11
2.0058283858267716
21
0.8896925196850394
0
LINE
8
BLACK
6
CONTINUOUS
10
2.0058283858267716
20
0.8896925196850394
11
2.0051968503937005
21
0.8895669291338583
0
LINE
8
BLACK
6
CONTINUOUS
10
2.0051968503937005
20
0.8895669291338583
11
2.0048742125984251
21
0.8895669291338583
0
LINE
8
BLACK
6
CONTINUOUS
10
2.0048742125984251
20
0.8895669291338583
11
1.9701258267716535
21
0.8895669291338583
0
LINE
8
BLACK
6
CONTINUOUS
10
1.9701258267716535
20
0.8895669291338583
11
1.9698031496062991
21
0.8895669291338583
0
LINE
8
BLACK
6
CONTINUOUS
10
1.9698031496062991
20
0.8895669291338583
11
1.9691715748031495
21
0.8896925196850394
0
LINE
8
BLACK
6
CONTINUOUS
10
1.9691715748031495
20
0.8896925196850394
11
1.9678847244094488
21
0.889861968503937
0
LINE
8
BLACK
6
CONTINUOUS
10
1.9678847244094488
20
0.889861968503937
11
1.9675609842519686
21
0.890012874015748
0
LINE
8
BLACK
6
CONTINUOUS
10
1.9675609842519686
20
0.890012874015748
11
1.9667898818897638
21
0.8901662992125984
0
LINE
8
BLACK
6
CONTINUOUS
10
1.9667898818897638
20
0.8901662992125984
11
1.9657685433070866
21
0.8908487007874015
0
LINE
8
BLACK
6
CONTINUOUS
10
1.9657685433070866
20
0.8908487007874015
11
1.9653303543307086
21
0.8910530708661417
0
LINE
8
BLACK
6
CONTINUOUS
10
1.9653303543307086
20
0.8910530708661417
11
1.9650637007874014
21
0.8913196850393701
0
LINE
8
BLACK
6
CONTINUOUS
10
1.9650637007874014
20
0.8913196850393701
11
1.9642353937007873
21
0.8918731889763779
0
LINE
8
BLACK
6
CONTINUOUS
10
1.9642353937007873
20
0.8918731889763779
11
1.9636818897637796
21
0.8927014960629921
0
LINE
8
BLACK
6
CONTINUOUS
10
1.9636818897637796
20
0.8927014960629921
11
1.9634152755905512
21
0.8929681496062992
0
LINE
8
BLACK
6
CONTINUOUS
10
1.9634152755905512
20
0.8929681496062992
11
1.963210905511811
21
0.8934063385826772
0
LINE
8
BLACK
6
CONTINUOUS
10
1.963210905511811
20
0.8934063385826772
11
1.9625285039370077
21
0.8944276771653543
0
LINE
8
BLACK
6
CONTINUOUS
10
1.9625285039370077
20
0.8944276771653543
11
1.9623750787401575
21
0.895198779527559
0
LINE
8
BLACK
6
CONTINUOUS
10
1.9623750787401575
20
0.895198779527559
11
1.9622241732283463
21
0.8955225196850394
0
LINE
8
BLACK
6
CONTINUOUS
10
1.9622241732283463
20
0.8955225196850394
11
1.9620547244094488
21
0.8968094488188976
0
LINE
8
BLACK
6
CONTINUOUS
10
1.9620547244094488
20
0.8968094488188976
11
1.9619291338582676
21
0.8974409448818897
0
LINE
8
BLACK
6
CONTINUOUS
10
1.9619291338582676
20
0.8974409448818897
11
1.9619291338582676
21
0.9525590551181102
0
LINE
8
BLACK
6
CONTINUOUS
10
1.9619291338582676
20
0.9525590551181102
11
1.9620547637795276
21
0.9531906692913386
0
LINE
8
BLACK
6
CONTINUOUS
10
1.9620547637795276
20
0.9531906692913386
11
1.9622241732283463
21
0.9544774409448818
0
LINE
8
BLACK
6
CONTINUOUS
10
1.9622241732283463
20
0.9544774409448818
11
1.9623750787401575
21
0.9548011023622047
0
LINE
8
BLACK
6
CONTINUOUS
10
1.9623750787401575
20
0.9548011023622047
11
1.9625285039370077
21
0.9555723228346457
0
LINE
8
BLACK
6
CONTINUOUS
10
1.9625285039370077
20
0.9555723228346457
11
1.9632109842519685
21
0.9565937007874016
0
LINE
8
BLACK
6
CONTINUOUS
10
1.9632109842519685
20
0.9565937007874016
11
1.9634152755905512
21
0.957031811023622
0
LINE
8
BLACK
6
CONTINUOUS
10
1.9634152755905512
20
0.957031811023622
11
1.963681811023622
21
0.9572983464566929
0
LINE
8
BLACK
6
CONTINUOUS
10
1.963681811023622
20
0.9572983464566929
11
1.9642353937007873
21
0.9581268110236221
0
LINE
8
BLACK
6
CONTINUOUS
10
1.9642353937007873
20
0.9581268110236221
11
1.9650638188976377
21
0.9586803543307086
0
LINE
8
BLACK
6
CONTINUOUS
10
1.9650638188976377
20
0.9586803543307086
11
1.9653303543307086
21
0.9589468897637795
0
LINE
8
BLACK
6
CONTINUOUS
10
1.9653303543307086
20
0.9589468897637795
11
1.9657683464566928
21
0.9591511023622047
0
LINE
8
BLACK
6
CONTINUOUS
10
1.9657683464566928
20
0.9591511023622047
11
1.9667898818897638
21
0.9598337007874016
0
LINE
8
BLACK
6
CONTINUOUS
10
1.9667898818897638
20
0.9598337007874016
11
1.9675611417322834
21
0.9599870866141732
0
LINE
8
BLACK
6
CONTINUOUS
10
1.9675611417322834
20
0.9599870866141732
11
1.9678847244094488
21
0.9601379921259843
0
LINE
8
BLACK
6
CONTINUOUS
10
1.9678847244094488
20
0.9601379921259843
11
1.969171062992126
21
0.9603073228346456
0
LINE
8
BLACK
6
CONTINUOUS
10
1.969171062992126
20
0.9603073228346456
11
1.9698031496062991
21
0.9604330708661417
0
LINE
8
BLACK
6
CONTINUOUS
10
1.9698031496062991
20
0.9604330708661417
11
2.0051968503937005
21
0.9604330708661417
0
LINE
8
BLACK
6
CONTINUOUS
10
2.0051968503937005
20
0.9604330708661417
11
2.0058290551181104
21
0.960307283464567
0
LINE
8
BLACK
6
CONTINUOUS
10
2.2281912598425198
20
1.0004450787401575
11
2.2294774409448816
21
1.0002757874015749
0
LINE
8
BLACK
6
CONTINUOUS
10
2.2294774409448816
20
1.0002757874015749
11
2.2298009448818896
21
1.0001249212598424
0
LINE
8
BLACK
6
CONTINUOUS
10
2.2298009448818896
20
1.0001249212598424
11
2.2305723228346457
21
0.9999714960629921
0
LINE
8
BLACK
6
CONTINUOUS
10
2.2305723228346457
20
0.9999714960629921
11
2.2315938976377954
21
0.9992888582677165
0
LINE
8
BLACK
6
CONTINUOUS
10
2.2315938976377954
20
0.9992888582677165
11
2.2320318110236221
21
0.9990846850393701
0
LINE
8
BLACK
6
CONTINUOUS
10
2.2320318110236221
20
0.9990846850393701
11
2.2322982283464565
21
0.9988182283464566
0
LINE
8
BLACK
6
CONTINUOUS
10
2.2322982283464565
20
0.9988182283464566
11
2.233126811023622
21
0.9982646062992125
0
LINE
8
BLACK
6
CONTINUOUS
10
2.233126811023622
20
0.9982646062992125
11
2.2336804330708659
21
0.9974360236220472
0
LINE
8
BLACK
6
CONTINUOUS
10
2.2336804330708659
20
0.9974360236220472
11
2.2339468897637795
21
0.9971696062992126
0
LINE
8
BLACK
6
CONTINUOUS
10
2.2339468897637795
20
0.9971696062992126
11
2.234151062992126
21
0.9967316929133858
0
LINE
8
BLACK
6
CONTINUOUS
10
2.234151062992126
20
0.9967316929133858
11
2.2348337007874015
21
0.9957101181102362
0
LINE
8
BLACK
6
CONTINUOUS
10
2.2348337007874015
20
0.9957101181102362
11
2.2349871259842518
21
0.9949387401574803
0
LINE
8
BLACK
6
CONTINUOUS
10
2.2349871259842518
20
0.9949387401574803
11
2.2351379921259844
21
0.9946152362204724
0
LINE
8
BLACK
6
CONTINUOUS
10
2.2351379921259844
20
0.9946152362204724
11
2.2353073228346458
21
0.9933289763779527
0
LINE
8
BLACK
6
CONTINUOUS
10
2.2353073228346458
20
0.9933289763779527
11
2.2354330708661418
21
0.9926968503937008
0
LINE
8
BLACK
6
CONTINUOUS
10
2.2354330708661418
20
0.9926968503937008
11
2.2354330708661418
21
0.9573031496062991
0
LINE
8
BLACK
6
CONTINUOUS
10
2.2354330708661418
20
0.9573031496062991
11
2.2353073228346458
21
0.9566709842519685
0
LINE
8
BLACK
6
CONTINUOUS
10
2.2353073228346458
20
0.9566709842519685
11
2.2351379921259844
21
0.9553847244094488
0
LINE
8
BLACK
6
CONTINUOUS
10
2.2351379921259844
20
0.9553847244094488
11
2.234987086614173
21
0.9550611417322834
0
LINE
8
BLACK
6
CONTINUOUS
10
2.234987086614173
20
0.9550611417322834
11
2.2348337007874015
21
0.9542898818897637
0
LINE
8
BLACK
6
CONTINUOUS
10
2.2348337007874015
20
0.9542898818897637
11
2.2341511023622047
21
0.9532683464566929
0
LINE
8
BLACK
6
CONTINUOUS
10
2.2341511023622047
20
0.9532683464566929
11
2.2339468897637795
21
0.9528303543307086
0
LINE
8
BLACK
6
CONTINUOUS
10
2.2339468897637795
20
0.9528303543307086
11
2.2336803543307084
21
0.9525638188976377
0
LINE
8
BLACK
6
CONTINUOUS
10
2.2336803543307084
20
0.9525638188976377
11
2.233126811023622
21
0.9517353937007874
0
LINE
8
BLACK
6
CONTINUOUS
10
2.233126811023622
20
0.9517353937007874
11
2.2322983464566928
21
0.951181811023622
0
LINE
8
BLACK
6
CONTINUOUS
10
2.2322983464566928
20
0.951181811023622
11
2.2320318110236221
21
0.9509152755905511
0
LINE
8
BLACK
6
CONTINUOUS
10
2.2320318110236221
20
0.9509152755905511
11
2.2315937007874016
21
0.9507109842519684
0
LINE
8
BLACK
6
CONTINUOUS
10
2.2315937007874016
20
0.9507109842519684
11
2.2305723228346457
21
0.9500285039370079
0
LINE
8
BLACK
6
CONTINUOUS
10
2.2305723228346457
20
0.9500285039370079
11
2.2298011023622046
21
0.9498750787401574
0
LINE
8
BLACK
6
CONTINUOUS
10
2.2298011023622046
20
0.9498750787401574
11
2.2294774409448816
21
0.9497241732283465
0
LINE
8
BLACK
6
CONTINUOUS
10
2.2294774409448816
20
0.9497241732283465
11
2.228190590551181
21
0.9495547244094488
0
LINE
8
BLACK
6
CONTINUOUS
10
2.228190590551181
20
0.9495547244094488
11
2.2275590551181104
21
0.9494291338582677
0
LINE
8
BLACK
6
CONTINUOUS
10
2.2275590551181104
20
0.9494291338582677
11
2.2272364173228345
21
0.9494291338582677
0
LINE
8
BLACK
6
CONTINUOUS
10
2.2272364173228345
20
0.9494291338582677
11
2.1727636220472442
21
0.9494291338582677
0
LINE
8
BLACK
6
CONTINUOUS
10
2.1727636220472442
20
0.9494291338582677
11
2.1724409448818895
21
0.9494291338582677
0
LINE
8
BLACK
6
CONTINUOUS
10
2.1724409448818895
20
0.9494291338582677
11
2.1718093700787402
21
0.9495547244094488
0
LINE
8
BLACK
6
CONTINUOUS
10
2.1718093700787402
20
0.9495547244094488
11
2.1705225196850395
21
0.9497241732283465
0
LINE
8
BLACK
6
CONTINUOUS
10
2.1705225196850395
20
0.9497241732283465
11
2.170198779527559
21
0.9498750787401574
0
LINE
8
BLACK
6
CONTINUOUS
10
2.170198779527559
20
0.9498750787401574
11
2.1694276771653542
21
0.9500285039370079
0
LINE
8
BLACK
6
CONTINUOUS
10
2.1694276771653542
20
0.9500285039370079
11
2.1684063385826771
21
0.950710905511811
0
LINE
8
BLACK
6
CONTINUOUS
10
2.1684063385826771
20
0.950710905511811
11
2.167968149606299
21
0.9509152755905511
0
LINE
8
BLACK
6
CONTINUOUS
10
2.167968149606299
20
0.9509152755905511
11
2.1677014960629921
21
0.9511818897637795
0
LINE
8
BLACK
6
CONTINUOUS
10
2.1677014960629921
20
0.9511818897637795
11
2.1668731889763779
21
0.9517353937007874
0
LINE
8
BLACK
6
CONTINUOUS
10
2.1668731889763779
20
0.9517353937007874
11
2.1663196850393702
21
0.9525637007874016
0
LINE
8
BLACK
6
CONTINUOUS
10
2.1663196850393702
20
0.9525637007874016
11
2.1660530708661416
21
0.9528303543307086
0
LINE
8
BLACK
6
CONTINUOUS
10
2.1660530708661416
20
0.9528303543307086
11
2.1658487007874014
21
0.9532685433070865
0
LINE
8
BLACK
6
CONTINUOUS
10
2.1658487007874014
20
0.9532685433070865
11
2.1651662992125984
21
0.9542898818897637
0
LINE
8
BLACK
6
CONTINUOUS
10
2.1651662992125984
20
0.9542898818897637
11
2.1650128740157482
21
0.9550609842519685
0
LINE
8
BLACK
6
CONTINUOUS
10
2.1650128740157482
20
0.9550609842519685
11
2.1648619685039368
21
0.9553847244094488
0
LINE
8
BLACK
6
CONTINUOUS
10
2.1648619685039368
20
0.9553847244094488
11
2.1646925196850395
21
0.9566716535433071
0
LINE
8
BLACK
6
CONTINUOUS
10
2.1646925196850395
20
0.9566716535433071
11
2.1645669291338581
21
0.9573031496062991
0
LINE
8
BLACK
6
CONTINUOUS
10
2.1645669291338581
20
0.9573031496062991
11
2.1645669291338581
21
0.9926968503937008
0
LINE
8
BLACK
6
CONTINUOUS
10
2.1645669291338581
20
0.9926968503937008
11
2.1646925590551183
21
0.9933284645669291
0
LINE
8
BLACK
6
CONTINUOUS
10
2.1646925590551183
20
0.9933284645669291
11
2.1648619685039368
21
0.9946152362204724
0
LINE
8
BLACK
6
CONTINUOUS
10
2.1648619685039368
20
0.9946152362204724
11
2.1650128740157482
21
0.9949388976377953
0
LINE
8
BLACK
6
CONTINUOUS
10
2.1650128740157482
20
0.9949388976377953
11
2.1651662992125984
21
0.9957101181102362
0
LINE
8
BLACK
6
CONTINUOUS
10
2.1651662992125984
20
0.9957101181102362
11
2.1658487795275589
21
0.9967314960629921
0
LINE
8
BLACK
6
CONTINUOUS
10
2.1658487795275589
20
0.9967314960629921
11
2.1660530708661416
21
0.9971696062992126
0
LINE
8
BLACK
6
CONTINUOUS
10
2.1660530708661416
20
0.9971696062992126
11
2.1663196062992127
21
0.9974361417322835
0
LINE
8
BLACK
6
CONTINUOUS
10
2.1663196062992127
20
0.9974361417322835
11
2.1668731889763779
21
0.9982646062992125
0
LINE
8
BLACK
6
CONTINUOUS
10
2.1668731889763779
20
0.9982646062992125
11
2.1677016141732284
21
0.9988181496062992
0
LINE
8
BLACK
6
CONTINUOUS
10
2.1677016141732284
20
0.9988181496062992
11
2.167968149606299
21
0.9990846850393701
0
LINE
8
BLACK
6
CONTINUOUS
10
2.167968149606299
20
0.9990846850393701
11
2.1684061417322833
21
0.9992888976377953
0
LINE
8
BLACK
6
CONTINUOUS
10
2.1684061417322833
20
0.9992888976377953
11
2.1694276771653542
21
0.9999714960629921
0
LINE
8
BLACK
6
CONTINUOUS
10
2.1694276771653542
20
0.9999714960629921
11
2.170198937007874
21
1.0001248818897637
0
LINE
8
BLACK
6
CONTINUOUS
10
2.170198937007874
20
1.0001248818897637
11
2.1705225196850395
21
1.0002757874015749
0
LINE
8
BLACK
6
CONTINUOUS
10
2.1705225196850395
20
1.0002757874015749
11
2.1718088582677164
21
1.0004451181102363
0
LINE
8
BLACK
6
CONTINUOUS
10
2.1718088582677164
20
1.0004451181102363
11
2.1724409448818895
21
1.0005708661417323
0
LINE
8
BLACK
6
CONTINUOUS
10
2.1724409448818895
20
1.0005708661417323
11
2.2275590551181104
21
1.0005708661417323
0
LINE
8
BLACK
6
CONTINUOUS
10
2.2275590551181104
20
1.0005708661417323
11
2.2281912598425198
21
1.0004450787401575
0
LINE
8
BLACK
6
CONTINUOUS
10
2.3281912598425198
20
1.0002482283464567
11
2.3294774409448817
21
1.000078937007874
0
LINE
8
BLACK
6
CONTINUOUS
10
2.3294774409448817
20
1.000078937007874
11
2.3298009448818897
21
0.9999280708661417
0
LINE
8
BLACK
6
CONTINUOUS
10
2.3298009448818897
20
0.9999280708661417
11
2.3305723228346458
21
0.9997746456692913
0
LINE
8
BLACK
6
CONTINUOUS
10
2.3305723228346458
20
0.9997746456692913
11
2.331593897637795
21
0.9990920078740158
0
LINE
8
BLACK
6
CONTINUOUS
10
2.331593897637795
20
0.9990920078740158
11
2.3320318110236218
21
0.9988878346456692
0
LINE
8
BLACK
6
CONTINUOUS
10
2.3320318110236218
20
0.9988878346456692
11
2.3322982283464566
21
0.9986213779527559
0
LINE
8
BLACK
6
CONTINUOUS
10
2.3322982283464566
20
0.9986213779527559
11
2.3331268110236221
21
0.9980677559055118
0
LINE
8
BLACK
6
CONTINUOUS
10
2.3331268110236221
20
0.9980677559055118
11
2.333680433070866
21
0.9972391732283464
0
LINE
8
BLACK
6
CONTINUOUS
10
2.333680433070866
20
0.9972391732283464
11
2.3339468897637796
21
0.9969727559055118
0
LINE
8
BLACK
6
CONTINUOUS
10
2.3339468897637796
20
0.9969727559055118
11
2.334151062992126
21
0.996534842519685
0
LINE
8
BLACK
6
CONTINUOUS
10
2.334151062992126
20
0.996534842519685
11
2.3348337007874016
21
0.9955132677165354
0
LINE
8
BLACK
6
CONTINUOUS
10
2.3348337007874016
20
0.9955132677165354
11
2.3349871259842518
21
0.9947418897637795
0
LINE
8
BLACK
6
CONTINUOUS
10
2.3349871259842518
20
0.9947418897637795
11
2.3351379921259841
21
0.9944183858267717
0
LINE
8
BLACK
6
CONTINUOUS
10
2.3351379921259841
20
0.9944183858267717
11
2.3353073228346455
21
0.9931321259842519
0
LINE
8
BLACK
6
CONTINUOUS
10
2.3353073228346455
20
0.9931321259842519
11
2.3354330708661415
21
0.9924999999999999
0
LINE
8
BLACK
6
CONTINUOUS
10
2.3354330708661415
20
0.9924999999999999
11
2.3354330708661415
21
0.9575
0
LINE
8
BLACK
6
CONTINUOUS
10
2.3354330708661415
20
0.9575
11
2.3353073228346455
21
0.9568678346456693
0
LINE
8
BLACK
6
CONTINUOUS
10
2.3353073228346455
20
0.9568678346456693
11
2.3351379921259841
21
0.9555815748031495
0
LINE
8
BLACK
6
CONTINUOUS
10
2.3351379921259841
20
0.9555815748031495
11
2.3349870866141731
21
0.9552579921259843
0
LINE
8
BLACK
6
CONTINUOUS
10
2.3349870866141731
20
0.9552579921259843
11
2.3348337007874016
21
0.9544867322834646
0
LINE
8
BLACK
6
CONTINUOUS
10
2.3348337007874016
20
0.9544867322834646
11
2.3341511023622048
21
0.9534651968503937
0
LINE
8
BLACK
6
CONTINUOUS
10
2.3341511023622048
20
0.9534651968503937
11
2.3339468897637796
21
0.9530272047244094
0
LINE
8
BLACK
6
CONTINUOUS
10
2.3339468897637796
20
0.9530272047244094
11
2.3336803543307085
21
0.9527606692913385
0
LINE
8
BLACK
6
CONTINUOUS
10
2.3336803543307085
20
0.9527606692913385
11
2.3331268110236221
21
0.9519322440944882
0
LINE
8
BLACK
6
CONTINUOUS
10
2.3331268110236221
20
0.9519322440944882
11
2.3322983464566929
21
0.9513786614173229
0
LINE
8
BLACK
6
CONTINUOUS
10
2.3322983464566929
20
0.9513786614173229
11
2.3320318110236218
21
0.951112125984252
0
LINE
8
BLACK
6
CONTINUOUS
10
2.3320318110236218
20
0.951112125984252
11
2.3315937007874017
21
0.9509078346456693
0
LINE
8
BLACK
6
CONTINUOUS
10
2.3315937007874017
20
0.9509078346456693
11
2.3305723228346458
21
0.9502253543307086
0
LINE
8
BLACK
6
CONTINUOUS
10
2.3305723228346458
20
0.9502253543307086
11
2.3298011023622047
21
0.9500719291338583
0
LINE
8
BLACK
6
CONTINUOUS
10
2.3298011023622047
20
0.9500719291338583
11
2.3294774409448817
21
0.9499210236220472
0
LINE
8
BLACK
6
CONTINUOUS
10
2.3294774409448817
20
0.9499210236220472
11
2.328190590551181
21
0.9497515748031495
0
LINE
8
BLACK
6
CONTINUOUS
10
2.328190590551181
20
0.9497515748031495
11
2.32755905511811
21
0.9496259842519685
0
LINE
8
BLACK
6
CONTINUOUS
10
2.32755905511811
20
0.9496259842519685
11
2.3272364173228346
21
0.9496259842519685
0
LINE
8
BLACK
6
CONTINUOUS
10
2.3272364173228346
20
0.9496259842519685
11
2.2727636220472442
21
0.9496259842519685
0
LINE
8
BLACK
6
CONTINUOUS
10
2.2727636220472442
20
0.9496259842519685
11
2.2724409448818896
21
0.9496259842519685
0
LINE
8
BLACK
6
CONTINUOUS
10
2.2724409448818896
20
0.9496259842519685
11
2.2718093700787403
21
0.9497515748031495
0
LINE
8
BLACK
6
CONTINUOUS
10
2.2718093700787403
20
0.9497515748031495
11
2.2705225196850392
21
0.9499210236220472
0
LINE
8
BLACK
6
CONTINUOUS
10
2.2705225196850392
20
0.9499210236220472
11
2.2701987795275591
21
0.9500719291338583
0
LINE
8
BLACK
6
CONTINUOUS
10
2.2701987795275591
20
0.9500719291338583
11
2.2694276771653543
21
0.9502253543307086
0
LINE
8
BLACK
6
CONTINUOUS
10
2.2694276771653543
20
0.9502253543307086
11
2.2684063385826772
21
0.9509077559055118
0
LINE
8
BLACK
6
CONTINUOUS
10
2.2684063385826772
20
0.9509077559055118
11
2.2679681496062991
21
0.951112125984252
0
LINE
8
BLACK
6
CONTINUOUS
10
2.2679681496062991
20
0.951112125984252
11
2.2677014960629922
21
0.9513787401574803
0
LINE
8
BLACK
6
CONTINUOUS
10
2.2677014960629922
20
0.9513787401574803
11
2.266873188976378
21
0.9519322440944882
0
LINE
8
BLACK
6
CONTINUOUS
10
2.266873188976378
20
0.9519322440944882
11
2.2663196850393699
21
0.9527605511811024
0
LINE
8
BLACK
6
CONTINUOUS
10
2.2663196850393699
20
0.9527605511811024
11
2.2660530708661417
21
0.9530272047244094
0
LINE
8
BLACK
6
CONTINUOUS
10
2.2660530708661417
20
0.9530272047244094
11
2.2658487007874015
21
0.9534653937007874
0
LINE
8
BLACK
6
CONTINUOUS
10
2.2658487007874015
20
0.9534653937007874
11
2.2651662992125985
21
0.9544867322834646
0
LINE
8
BLACK
6
CONTINUOUS
10
2.2651662992125985
20
0.9544867322834646
11
2.2650128740157478
21
0.9552578346456693
0
LINE
8
BLACK
6
CONTINUOUS
10
2.2650128740157478
20
0.9552578346456693
11
2.2648619685039368
21
0.9555815748031495
0
LINE
8
BLACK
6
CONTINUOUS
10
2.2648619685039368
20
0.9555815748031495
11
2.2646925196850392
21
0.9568685039370078
0
LINE
8
BLACK
6
CONTINUOUS
10
2.2646925196850392
20
0.9568685039370078
11
2.2645669291338582
21
0.9575
0
LINE
8
BLACK
6
CONTINUOUS
10
2.2645669291338582
20
0.9575
11
2.2645669291338582
21
0.9924999999999999
0
LINE
8
BLACK
6
CONTINUOUS
10
2.2645669291338582
20
0.9924999999999999
11
2.2646925590551179
21
0.9931316141732284
0
LINE
8
BLACK
6
CONTINUOUS
10
2.2646925590551179
20
0.9931316141732284
11
2.2648619685039368
21
0.9944183858267717
0
LINE
8
BLACK
6
CONTINUOUS
10
2.2648619685039368
20
0.9944183858267717
11
2.2650128740157478
21
0.9947420472440944
0
LINE
8
BLACK
6
CONTINUOUS
10
2.2650128740157478
20
0.9947420472440944
11
2.2651662992125985
21
0.9955132677165354
0
LINE
8
BLACK
6
CONTINUOUS
10
2.2651662992125985
20
0.9955132677165354
11
2.265848779527559
21
0.9965346456692913
0
LINE
8
BLACK
6
CONTINUOUS
10
2.265848779527559
20
0.9965346456692913
11
2.2660530708661417
21
0.9969727559055118
0
LINE
8
BLACK
6
CONTINUOUS
10
2.2660530708661417
20
0.9969727559055118
11
2.2663196062992124
21
0.9972392913385827
0
LINE
8
BLACK
6
CONTINUOUS
10
2.2663196062992124
20
0.9972392913385827
11
2.266873188976378
21
0.9980677559055118
0
LINE
8
BLACK
6
CONTINUOUS
10
2.266873188976378
20
0.9980677559055118
11
2.2677016141732285
21
0.9986212992125985
0
LINE
8
BLACK
6
CONTINUOUS
10
2.2677016141732285
20
0.9986212992125985
11
2.2679681496062991
21
0.9988878346456692
0
LINE
8
BLACK
6
CONTINUOUS
10
2.2679681496062991
20
0.9988878346456692
11
2.2684061417322834
21
0.9990920472440945
0
LINE
8
BLACK
6
CONTINUOUS
10
2.2684061417322834
20
0.9990920472440945
11
2.2694276771653543
21
0.9997746456692913
0
LINE
8
BLACK
6
CONTINUOUS
10
2.2694276771653543
20
0.9997746456692913
11
2.2701989370078741
21
0.999928031496063
0
LINE
8
BLACK
6
CONTINUOUS
10
2.2701989370078741
20
0.999928031496063
11
2.2705225196850392
21
1.000078937007874
0
LINE
8
BLACK
6
CONTINUOUS
10
2.2705225196850392
20
1.000078937007874
11
2.2718088582677165
21
1.0002482677165354
0
LINE
8
BLACK
6
CONTINUOUS
10
2.2718088582677165
20
1.0002482677165354
11
2.2724409448818896
21
1.0003740157480314
0
LINE
8
BLACK
6
CONTINUOUS
10
2.2724409448818896
20
1.0003740157480314
11
2.32755905511811
21
1.0003740157480314
0
LINE
8
BLACK
6
CONTINUOUS
10
2.32755905511811
20
1.0003740157480314
11
2.3281912598425198
21
1.0002482283464567
0
LINE
8
BLACK
6
CONTINUOUS
10
2.0431322047244094
20
1.0603072834645668
11
2.0444183858267717
21
1.0601379921259841
0
LINE
8
BLACK
6
CONTINUOUS
10
2.0444183858267717
20
1.0601379921259841
11
2.0447418897637797
21
1.0599871259842519
0
LINE
8
BLACK
6
CONTINUOUS
10
2.0447418897637797
20
1.0599871259842519
11
2.0455132677165353
21
1.0598337007874015
0
LINE
8
BLACK
6
CONTINUOUS
10
2.0455132677165353
20
1.0598337007874015
11
2.046534842519685
21
1.0591510629921259
0
LINE
8
BLACK
6
CONTINUOUS
10
2.046534842519685
20
1.0591510629921259
11
2.0469727559055118
21
1.0589468897637795
0
LINE
8
BLACK
6
CONTINUOUS
10
2.0469727559055118
20
1.0589468897637795
11
2.0472391732283466
21
1.0586804330708661
0
LINE
8
BLACK
6
CONTINUOUS
10
2.0472391732283466
20
1.0586804330708661
11
2.0480677559055116
21
1.0581268110236219
0
LINE
8
BLACK
6
CONTINUOUS
10
2.0480677559055116
20
1.0581268110236219
11
2.048621377952756
21
1.0572982283464567
0
LINE
8
BLACK
6
CONTINUOUS
10
2.048621377952756
20
1.0572982283464567
11
2.0488878346456691
21
1.0570318110236221
0
LINE
8
BLACK
6
CONTINUOUS
10
2.0488878346456691
20
1.0570318110236221
11
2.0490920078740156
21
1.0565938976377953
0
LINE
8
BLACK
6
CONTINUOUS
10
2.0490920078740156
20
1.0565938976377953
11
2.0497746456692911
21
1.0555723228346456
0
LINE
8
BLACK
6
CONTINUOUS
10
2.0497746456692911
20
1.0555723228346456
11
2.0499280708661418
21
1.0548009448818898
0
LINE
8
BLACK
6
CONTINUOUS
10
2.0499280708661418
20
1.0548009448818898
11
2.050078937007874
21
1.0544774409448818
0
LINE
8
BLACK
6
CONTINUOUS
10
2.050078937007874
20
1.0544774409448818
11
2.0502482677165355
21
1.0531911811023622
0
LINE
8
BLACK
6
CONTINUOUS
10
2.0502482677165355
20
1.0531911811023622
11
2.0503740157480315
21
1.0525590551181103
0
LINE
8
BLACK
6
CONTINUOUS
10
2.0503740157480315
20
1.0525590551181103
11
2.0503740157480315
21
0.9974409448818897
0
LINE
8
BLACK
6
CONTINUOUS
10
2.0503740157480315
20
0.9974409448818897
11
2.0502482677165355
21
0.9968087795275591
0
LINE
8
BLACK
6
CONTINUOUS
10
2.0502482677165355
20
0.9968087795275591
11
2.050078937007874
21
0.9955225196850394
0
LINE
8
BLACK
6
CONTINUOUS
10
2.050078937007874
20
0.9955225196850394
11
2.0499280314960631
21
0.995198937007874
0
LINE
8
BLACK
6
CONTINUOUS
10
2.0499280314960631
20
0.995198937007874
11
2.0497746456692911
21
0.9944276771653543
0
LINE
8
BLACK
6
CONTINUOUS
10
2.0497746456692911
20
0.9944276771653543
11
2.0490920472440943
21
0.9934061417322835
0
LINE
8
BLACK
6
CONTINUOUS
10
2.0490920472440943
20
0.9934061417322835
11
2.0488878346456691
21
0.9929681496062992
0
LINE
8
BLACK
6
CONTINUOUS
10
2.0488878346456691
20
0.9929681496062992
11
2.0486212992125985
21
0.9927016141732283
0
LINE
8
BLACK
6
CONTINUOUS
10
2.0486212992125985
20
0.9927016141732283
11
2.0480677559055116
21
0.9918731889763779
0
LINE
8
BLACK
6
CONTINUOUS
10
2.0480677559055116
20
0.9918731889763779
11
2.0472392913385828
21
0.9913196062992126
0
LINE
8
BLACK
6
CONTINUOUS
10
2.0472392913385828
20
0.9913196062992126
11
2.0469727559055118
21
0.9910530708661417
0
LINE
8
BLACK
6
CONTINUOUS
10
2.0469727559055118
20
0.9910530708661417
11
2.0465346456692912
21
0.990848779527559
0
LINE
8
BLACK
6
CONTINUOUS
10
2.0465346456692912
20
0.990848779527559
11
2.0455132677165353
21
0.9901662992125984
0
LINE
8
BLACK
6
CONTINUOUS
10
2.0455132677165353
20
0.9901662992125984
11
2.0447420472440943
21
0.990012874015748
0
LINE
8
BLACK
6
CONTINUOUS
10
2.0447420472440943
20
0.990012874015748
11
2.0444183858267717
21
0.989861968503937
0
LINE
8
BLACK
6
CONTINUOUS
10
2.0444183858267717
20
0.989861968503937
11
2.043131535433071
21
0.9896925196850394
0
LINE
8
BLACK
6
CONTINUOUS
10
2.043131535433071
20
0.9896925196850394
11
2.0425
21
0.9895669291338582
0
LINE
8
BLACK
6
CONTINUOUS
10
2.0425
20
0.9895669291338582
11
2.0421773622047246
21
0.9895669291338582
0
LINE
8
BLACK
6
CONTINUOUS
10
2.0421773622047246
20
0.9895669291338582
11
2.0078226771653545
21
0.9895669291338582
0
LINE
8
BLACK
6
CONTINUOUS
10
2.0078226771653545
20
0.9895669291338582
11
2.0074999999999998
21
0.9895669291338582
0
LINE
8
BLACK
6
CONTINUOUS
10
2.0074999999999998
20
0.9895669291338582
11
2.0068684251968505
21
0.9896925196850394
0
LINE
8
BLACK
6
CONTINUOUS
10
2.0068684251968505
20
0.9896925196850394
11
2.0055815748031494
21
0.989861968503937
0
LINE
8
BLACK
6
CONTINUOUS
10
2.0055815748031494
20
0.989861968503937
11
2.0052578346456693
21
0.990012874015748
0
LINE
8
BLACK
6
CONTINUOUS
10
2.0052578346456693
20
0.990012874015748
11
2.0044867322834645
21
0.9901662992125984
0
LINE
8
BLACK
6
CONTINUOUS
10
2.0044867322834645
20
0.9901662992125984
11
2.0034653937007874
21
0.9908487007874015
0
LINE
8
BLACK
6
CONTINUOUS
10
2.0034653937007874
20
0.9908487007874015
11
2.0030272047244093
21
0.9910530708661417
0
LINE
8
BLACK
6
CONTINUOUS
10
2.0030272047244093
20
0.9910530708661417
11
2.0027605511811024
21
0.9913196850393701
0
LINE
8
BLACK
6
CONTINUOUS
10
2.0027605511811024
20
0.9913196850393701
11
2.0019322440944882
21
0.9918731889763779
0
LINE
8
BLACK
6
CONTINUOUS
10
2.0019322440944882
20
0.9918731889763779
11
2.0013787401574801
21
0.9927014960629921
0
LINE
8
BLACK
6
CONTINUOUS
10
2.0013787401574801
20
0.9927014960629921
11
2.0011121259842519
21
0.9929681496062992
0
LINE
8
BLACK
6
CONTINUOUS
10
2.0011121259842519
20
0.9929681496062992
11
2.0009077559055117
21
0.9934063385826771
0
LINE
8
BLACK
6
CONTINUOUS
10
2.0009077559055117
20
0.9934063385826771
11
2.0002253543307087
21
0.9944276771653543
0
LINE
8
BLACK
6
CONTINUOUS
10
2.0002253543307087
20
0.9944276771653543
11
2.000071929133858
21
0.9951987795275591
0
LINE
8
BLACK
6
CONTINUOUS
10
2.000071929133858
20
0.9951987795275591
11
1.9999210236220473
21
0.9955225196850394
0
LINE
8
BLACK
6
CONTINUOUS
10
1.9999210236220473
20
0.9955225196850394
11
1.9997515748031496
21
0.9968094488188977
0
LINE
8
BLACK
6
CONTINUOUS
10
1.9997515748031496
20
0.9968094488188977
11
1.9996259842519684
21
0.9974409448818897
0
LINE
8
BLACK
6
CONTINUOUS
10
1.9996259842519684
20
0.9974409448818897
11
1.9996259842519684
21
1.0525590551181103
0
LINE
8
BLACK
6
CONTINUOUS
10
1.9996259842519684
20
1.0525590551181103
11
1.9997516141732283
21
1.0531906692913386
0
LINE
8
BLACK
6
CONTINUOUS
10
1.9997516141732283
20
1.0531906692913386
11
1.9999210236220473
21
1.0544774409448818
0
LINE
8
BLACK
6
CONTINUOUS
10
1.9999210236220473
20
1.0544774409448818
11
2.000071929133858
21
1.0548011023622046
0
LINE
8
BLACK
6
CONTINUOUS
10
2.000071929133858
20
1.0548011023622046
11
2.0002253543307087
21
1.0555723228346456
0
LINE
8
BLACK
6
CONTINUOUS
10
2.0002253543307087
20
1.0555723228346456
11
2.0009078346456692
21
1.0565937007874016
0
LINE
8
BLACK
6
CONTINUOUS
10
2.0009078346456692
20
1.0565937007874016
11
2.0011121259842519
21
1.0570318110236221
0
LINE
8
BLACK
6
CONTINUOUS
10
2.0011121259842519
20
1.0570318110236221
11
2.0013786614173226
21
1.057298346456693
0
LINE
8
BLACK
6
CONTINUOUS
10
2.0013786614173226
20
1.057298346456693
11
2.0019322440944882
21
1.0581268110236219
0
LINE
8
BLACK
6
CONTINUOUS
10
2.0019322440944882
20
1.0581268110236219
11
2.0027606692913387
21
1.0586803543307086
0
LINE
8
BLACK
6
CONTINUOUS
10
2.0027606692913387
20
1.0586803543307086
11
2.0030272047244093
21
1.0589468897637795
0
LINE
8
BLACK
6
CONTINUOUS
10
2.0030272047244093
20
1.0589468897637795
11
2.0034651968503936
21
1.0591511023622047
0
LINE
8
BLACK
6
CONTINUOUS
10
2.0034651968503936
20
1.0591511023622047
11
2.0044867322834645
21
1.0598337007874015
0
LINE
8
BLACK
6
CONTINUOUS
10
2.0044867322834645
20
1.0598337007874015
11
2.0052579921259843
21
1.0599870866141732
0
LINE
8
BLACK
6
CONTINUOUS
10
2.0052579921259843
20
1.0599870866141732
11
2.0055815748031494
21
1.0601379921259841
0
LINE
8
BLACK
6
CONTINUOUS
10
2.0055815748031494
20
1.0601379921259841
11
2.0068679133858267
21
1.0603073228346456
0
LINE
8
BLACK
6
CONTINUOUS
10
2.0068679133858267
20
1.0603073228346456
11
2.0074999999999998
21
1.0604330708661418
0
LINE
8
BLACK
6
CONTINUOUS
10
2.0074999999999998
20
1.0604330708661418
11
2.0425
21
1.0604330708661418
0
LINE
8
BLACK
6
CONTINUOUS
10
2.0425
20
1.0604330708661418
11
2.0431322047244094
21
1.0603072834645668
0
LINE
8
BLACK
6
CONTINUOUS
10
2.1183290551181102
20
1.0603072834645668
11
2.1196152362204725
21
1.0601379921259841
0
LINE
8
BLACK
6
CONTINUOUS
10
2.1196152362204725
20
1.0601379921259841
11
2.1199387401574801
21
1.0599871259842519
0
LINE
8
BLACK
6
CONTINUOUS
10
2.1199387401574801
20
1.0599871259842519
11
2.1207101181102361
21
1.0598337007874015
0
LINE
8
BLACK
6
CONTINUOUS
10
2.1207101181102361
20
1.0598337007874015
11
2.1217316929133858
21
1.0591510629921259
0
LINE
8
BLACK
6
CONTINUOUS
10
2.1217316929133858
20
1.0591510629921259
11
2.1221696062992126
21
1.0589468897637795
0
LINE
8
BLACK
6
CONTINUOUS
10
2.1221696062992126
20
1.0589468897637795
11
2.122436023622047
21
1.0586804330708661
0
LINE
8
BLACK
6
CONTINUOUS
10
2.122436023622047
20
1.0586804330708661
11
2.1232646062992124
21
1.0581268110236219
0
LINE
8
BLACK
6
CONTINUOUS
10
2.1232646062992124
20
1.0581268110236219
11
2.1238182283464568
21
1.0572982283464567
0
LINE
8
BLACK
6
CONTINUOUS
10
2.1238182283464568
20
1.0572982283464567
11
2.12408468503937
21
1.0570318110236221
0
LINE
8
BLACK
6
CONTINUOUS
10
2.12408468503937
20
1.0570318110236221
11
2.1242888582677164
21
1.0565938976377953
0
LINE
8
BLACK
6
CONTINUOUS
10
2.1242888582677164
20
1.0565938976377953
11
2.124971496062992
21
1.0555723228346456
0
LINE
8
BLACK
6
CONTINUOUS
10
2.124971496062992
20
1.0555723228346456
11
2.1251249212598426
21
1.0548009448818898
0
LINE
8
BLACK
6
CONTINUOUS
10
2.1251249212598426
20
1.0548009448818898
11
2.1252757874015749
21
1.0544774409448818
0
LINE
8
BLACK
6
CONTINUOUS
10
2.1252757874015749
20
1.0544774409448818
11
2.1254451181102363
21
1.0531911811023622
0
LINE
8
BLACK
6
CONTINUOUS
10
2.1254451181102363
20
1.0531911811023622
11
2.1255708661417323
21
1.0525590551181103
0
LINE
8
BLACK
6
CONTINUOUS
10
2.1255708661417323
20
1.0525590551181103
11
2.1255708661417323
21
0.9974409448818897
0
LINE
8
BLACK
6
CONTINUOUS
10
2.1255708661417323
20
0.9974409448818897
11
2.1254451181102363
21
0.9968087795275591
0
LINE
8
BLACK
6
CONTINUOUS
10
2.1254451181102363
20
0.9968087795275591
11
2.1252757874015749
21
0.9955225196850394
0
LINE
8
BLACK
6
CONTINUOUS
10
2.1252757874015749
20
0.9955225196850394
11
2.1251248818897639
21
0.995198937007874
0
LINE
8
BLACK
6
CONTINUOUS
10
2.1251248818897639
20
0.995198937007874
11
2.124971496062992
21
0.9944276771653543
0
LINE
8
BLACK
6
CONTINUOUS
10
2.124971496062992
20
0.9944276771653543
11
2.1242888976377952
21
0.9934061417322835
0
LINE
8
BLACK
6
CONTINUOUS
10
2.1242888976377952
20
0.9934061417322835
11
2.12408468503937
21
0.9929681496062992
0
LINE
8
BLACK
6
CONTINUOUS
10
2.12408468503937
20
0.9929681496062992
11
2.1238181496062993
21
0.9927016141732283
0
LINE
8
BLACK
6
CONTINUOUS
10
2.1238181496062993
20
0.9927016141732283
11
2.1232646062992124
21
0.9918731889763779
0
LINE
8
BLACK
6
CONTINUOUS
10
2.1232646062992124
20
0.9918731889763779
11
2.1224361417322832
21
0.9913196062992126
0
LINE
8
BLACK
6
CONTINUOUS
10
2.1224361417322832
20
0.9913196062992126
11
2.1221696062992126
21
0.9910530708661417
0
LINE
8
BLACK
6
CONTINUOUS
10
2.1221696062992126
20
0.9910530708661417
11
2.1217314960629921
21
0.990848779527559
0
LINE
8
BLACK
6
CONTINUOUS
10
2.1217314960629921
20
0.990848779527559
11
2.1207101181102361
21
0.9901662992125984
0
LINE
8
BLACK
6
CONTINUOUS
10
2.1207101181102361
20
0.9901662992125984
11
2.1199388976377951
21
0.990012874015748
0
LINE
8
BLACK
6
CONTINUOUS
10
2.1199388976377951
20
0.990012874015748
11
2.1196152362204725
21
0.989861968503937
0
LINE
8
BLACK
6
CONTINUOUS
10
2.1196152362204725
20
0.989861968503937
11
2.1183283858267714
21
0.9896925196850394
0
LINE
8
BLACK
6
CONTINUOUS
10
2.1183283858267714
20
0.9896925196850394
11
2.1176968503937008
21
0.9895669291338582
0
LINE
8
BLACK
6
CONTINUOUS
10
2.1176968503937008
20
0.9895669291338582
11
2.117374212598425
21
0.9895669291338582
0
LINE
8
BLACK
6
CONTINUOUS
10
2.117374212598425
20
0.9895669291338582
11
2.0826258267716535
21
0.9895669291338582
0
LINE
8
BLACK
6
CONTINUOUS
10
2.0826258267716535
20
0.9895669291338582
11
2.0823031496062994
21
0.9895669291338582
0
LINE
8
BLACK
6
CONTINUOUS
10
2.0823031496062994
20
0.9895669291338582
11
2.0816715748031496
21
0.9896925196850394
0
LINE
8
BLACK
6
CONTINUOUS
10
2.0816715748031496
20
0.9896925196850394
11
2.0803847244094489
21
0.989861968503937
0
LINE
8
BLACK
6
CONTINUOUS
10
2.0803847244094489
20
0.989861968503937
11
2.0800609842519684
21
0.990012874015748
0
LINE
8
BLACK
6
CONTINUOUS
10
2.0800609842519684
20
0.990012874015748
11
2.0792898818897636
21
0.9901662992125984
0
LINE
8
BLACK
6
CONTINUOUS
10
2.0792898818897636
20
0.9901662992125984
11
2.0782685433070864
21
0.9908487007874015
0
LINE
8
BLACK
6
CONTINUOUS
10
2.0782685433070864
20
0.9908487007874015
11
2.0778303543307084
21
0.9910530708661417
0
LINE
8
BLACK
6
CONTINUOUS
10
2.0778303543307084
20
0.9910530708661417
11
2.0775637007874015
21
0.9913196850393701
0
LINE
8
BLACK
6
CONTINUOUS
10
2.0775637007874015
20
0.9913196850393701
11
2.0767353937007873
21
0.9918731889763779
0
LINE
8
BLACK
6
CONTINUOUS
10
2.0767353937007873
20
0.9918731889763779
11
2.0761818897637796
21
0.9927014960629921
0
LINE
8
BLACK
6
CONTINUOUS
10
2.0761818897637796
20
0.9927014960629921
11
2.075915275590551
21
0.9929681496062992
0
LINE
8
BLACK
6
CONTINUOUS
10
2.075915275590551
20
0.9929681496062992
11
2.0757109055118108
21
0.9934063385826771
0
LINE
8
BLACK
6
CONTINUOUS
10
2.0757109055118108
20
0.9934063385826771
11
2.0750285039370078
21
0.9944276771653543
0
LINE
8
BLACK
6
CONTINUOUS
10
2.0750285039370078
20
0.9944276771653543
11
2.0748750787401575
21
0.9951987795275591
0
LINE
8
BLACK
6
CONTINUOUS
10
2.0748750787401575
20
0.9951987795275591
11
2.0747241732283466
21
0.9955225196850394
0
LINE
8
BLACK
6
CONTINUOUS
10
2.0747241732283466
20
0.9955225196850394
11
2.0745547244094489
21
0.9968094488188977
0
LINE
8
BLACK
6
CONTINUOUS
10
2.0745547244094489
20
0.9968094488188977
11
2.0744291338582679
21
0.9974409448818897
0
LINE
8
BLACK
6
CONTINUOUS
10
2.0744291338582679
20
0.9974409448818897
11
2.0744291338582679
21
1.0525590551181103
0
LINE
8
BLACK
6
CONTINUOUS
10
2.0744291338582679
20
1.0525590551181103
11
2.0745547637795276
21
1.0531906692913386
0
LINE
8
BLACK
6
CONTINUOUS
10
2.0745547637795276
20
1.0531906692913386
11
2.0747241732283466
21
1.0544774409448818
0
LINE
8
BLACK
6
CONTINUOUS
10
2.0747241732283466
20
1.0544774409448818
11
2.0748750787401575
21
1.0548011023622046
0
LINE
8
BLACK
6
CONTINUOUS
10
2.0748750787401575
20
1.0548011023622046
11
2.0750285039370078
21
1.0555723228346456
0
LINE
8
BLACK
6
CONTINUOUS
10
2.0750285039370078
20
1.0555723228346456
11
2.0757109842519683
21
1.0565937007874016
0
LINE
8
BLACK
6
CONTINUOUS
10
2.0757109842519683
20
1.0565937007874016
11
2.075915275590551
21
1.0570318110236221
0
LINE
8
BLACK
6
CONTINUOUS
10
2.075915275590551
20
1.0570318110236221
11
2.0761818110236221
21
1.057298346456693
0
LINE
8
BLACK
6
CONTINUOUS
10
2.0761818110236221
20
1.057298346456693
11
2.0767353937007873
21
1.0581268110236219
0
LINE
8
BLACK
6
CONTINUOUS
10
2.0767353937007873
20
1.0581268110236219
11
2.0775638188976377
21
1.0586803543307086
0
LINE
8
BLACK
6
CONTINUOUS
10
2.0775638188976377
20
1.0586803543307086
11
2.0778303543307084
21
1.0589468897637795
0
LINE
8
BLACK
6
CONTINUOUS
10
2.0778303543307084
20
1.0589468897637795
11
2.0782683464566927
21
1.0591511023622047
0
LINE
8
BLACK
6
CONTINUOUS
10
2.0782683464566927
20
1.0591511023622047
11
2.0792898818897636
21
1.0598337007874015
0
LINE
8
BLACK
6
CONTINUOUS
10
2.0792898818897636
20
1.0598337007874015
11
2.0800611417322834
21
1.0599870866141732
0
LINE
8
BLACK
6
CONTINUOUS
10
2.0800611417322834
20
1.0599870866141732
11
2.0803847244094489
21
1.0601379921259841
0
LINE
8
BLACK
6
CONTINUOUS
10
2.0803847244094489
20
1.0601379921259841
11
2.0816710629921258
21
1.0603073228346456
0
LINE
8
BLACK
6
CONTINUOUS
10
2.0816710629921258
20
1.0603073228346456
11
2.0823031496062994
21
1.0604330708661418
0
LINE
8
BLACK
6
CONTINUOUS
10
2.0823031496062994
20
1.0604330708661418
11
2.1176968503937008
21
1.0604330708661418
0
LINE
8
BLACK
6
CONTINUOUS
10
2.1176968503937008
20
1.0604330708661418
11
2.1183290551181102
21
1.0603072834645668
0
LINE
8
BLACK
6
CONTINUOUS
10
2.3281912598425198
20
1.0754450787401575
11
2.3294774409448817
21
1.0752757874015748
0
LINE
8
BLACK
6
CONTINUOUS
10
2.3294774409448817
20
1.0752757874015748
11
2.3298009448818897
21
1.0751249212598426
0
LINE
8
BLACK
6
CONTINUOUS
10
2.3298009448818897
20
1.0751249212598426
11
2.3305723228346458
21
1.0749714960629921
0
LINE
8
BLACK
6
CONTINUOUS
10
2.3305723228346458
20
1.0749714960629921
11
2.331593897637795
21
1.0742888582677166
0
LINE
8
BLACK
6
CONTINUOUS
10
2.331593897637795
20
1.0742888582677166
11
2.3320318110236218
21
1.0740846850393702
0
LINE
8
BLACK
6
CONTINUOUS
10
2.3320318110236218
20
1.0740846850393702
11
2.3322982283464566
21
1.0738182283464566
0
LINE
8
BLACK
6
CONTINUOUS
10
2.3322982283464566
20
1.0738182283464566
11
2.3331268110236221
21
1.0732646062992126
0
LINE
8
BLACK
6
CONTINUOUS
10
2.3331268110236221
20
1.0732646062992126
11
2.333680433070866
21
1.0724360236220472
0
LINE
8
BLACK
6
CONTINUOUS
10
2.333680433070866
20
1.0724360236220472
11
2.3339468897637796
21
1.0721696062992125
0
LINE
8
BLACK
6
CONTINUOUS
10
2.3339468897637796
20
1.0721696062992125
11
2.334151062992126
21
1.0717316929133858
0
LINE
8
BLACK
6
CONTINUOUS
10
2.334151062992126
20
1.0717316929133858
11
2.3348337007874016
21
1.0707101181102361
0
LINE
8
BLACK
6
CONTINUOUS
10
2.3348337007874016
20
1.0707101181102361
11
2.3349871259842518
21
1.0699387401574803
0
LINE
8
BLACK
6
CONTINUOUS
10
2.3349871259842518
20
1.0699387401574803
11
2.3351379921259841
21
1.0696152362204725
0
LINE
8
BLACK
6
CONTINUOUS
10
2.3351379921259841
20
1.0696152362204725
11
2.3353073228346455
21
1.0683289763779527
0
LINE
8
BLACK
6
CONTINUOUS
10
2.3353073228346455
20
1.0683289763779527
11
2.3354330708661415
21
1.0676968503937008
0
LINE
8
BLACK
6
CONTINUOUS
10
2.3354330708661415
20
1.0676968503937008
11
2.3354330708661415
21
1.0323031496062991
0
LINE
8
BLACK
6
CONTINUOUS
10
2.3354330708661415
20
1.0323031496062991
11
2.3353073228346455
21
1.0316709842519685
0
LINE
8
BLACK
6
CONTINUOUS
10
2.3353073228346455
20
1.0316709842519685
11
2.3351379921259841
21
1.0303847244094488
0
LINE
8
BLACK
6
CONTINUOUS
10
2.3351379921259841
20
1.0303847244094488
11
2.3349870866141731
21
1.0300611417322834
0
LINE
8
BLACK
6
CONTINUOUS
10
2.3349870866141731
20
1.0300611417322834
11
2.3348337007874016
21
1.0292898818897638
0
LINE
8
BLACK
6
CONTINUOUS
10
2.3348337007874016
20
1.0292898818897638
11
2.3341511023622048
21
1.0282683464566928
0
LINE
8
BLACK
6
CONTINUOUS
10
2.3341511023622048
20
1.0282683464566928
11
2.3339468897637796
21
1.0278303543307086
0
LINE
8
BLACK
6
CONTINUOUS
10
2.3339468897637796
20
1.0278303543307086
11
2.3336803543307085
21
1.0275638188976377
0
LINE
8
BLACK
6
CONTINUOUS
10
2.3336803543307085
20
1.0275638188976377
11
2.3331268110236221
21
1.0267353937007875
0
LINE
8
BLACK
6
CONTINUOUS
10
2.3331268110236221
20
1.0267353937007875
11
2.3322983464566929
21
1.026181811023622
0
LINE
8
BLACK
6
CONTINUOUS
10
2.3322983464566929
20
1.026181811023622
11
2.3320318110236218
21
1.0259152755905512
0
LINE
8
BLACK
6
CONTINUOUS
10
2.3320318110236218
20
1.0259152755905512
11
2.3315937007874017
21
1.0257109842519685
0
LINE
8
BLACK
6
CONTINUOUS
10
2.3315937007874017
20
1.0257109842519685
11
2.3305723228346458
21
1.025028503937008
0
LINE
8
BLACK
6
CONTINUOUS
10
2.3305723228346458
20
1.025028503937008
11
2.3298011023622047
21
1.0248750787401575
0
LINE
8
BLACK
6
CONTINUOUS
10
2.3298011023622047
20
1.0248750787401575
11
2.3294774409448817
21
1.0247241732283465
0
LINE
8
BLACK
6
CONTINUOUS
10
2.3294774409448817
20
1.0247241732283465
11
2.328190590551181
21
1.0245547244094488
0
LINE
8
BLACK
6
CONTINUOUS
10
2.328190590551181
20
1.0245547244094488
11
2.32755905511811
21
1.0244291338582676
0
LINE
8
BLACK
6
CONTINUOUS
10
2.32755905511811
20
1.0244291338582676
11
2.3272364173228346
21
1.0244291338582676
0
LINE
8
BLACK
6
CONTINUOUS
10
2.3272364173228346
20
1.0244291338582676
11
2.2727636220472442
21
1.0244291338582676
0
LINE
8
BLACK
6
CONTINUOUS
10
2.2727636220472442
20
1.0244291338582676
11
2.2724409448818896
21
1.0244291338582676
0
LINE
8
BLACK
6
CONTINUOUS
10
2.2724409448818896
20
1.0244291338582676
11
2.2718093700787403
21
1.0245547244094488
0
LINE
8
BLACK
6
CONTINUOUS
10
2.2718093700787403
20
1.0245547244094488
11
2.2705225196850392
21
1.0247241732283465
0
LINE
8
BLACK
6
CONTINUOUS
10
2.2705225196850392
20
1.0247241732283465
11
2.2701987795275591
21
1.0248750787401575
0
LINE
8
BLACK
6
CONTINUOUS
10
2.2701987795275591
20
1.0248750787401575
11
2.2694276771653543
21
1.025028503937008
0
LINE
8
BLACK
6
CONTINUOUS
10
2.2694276771653543
20
1.025028503937008
11
2.2684063385826772
21
1.025710905511811
0
LINE
8
BLACK
6
CONTINUOUS
10
2.2684063385826772
20
1.025710905511811
11
2.2679681496062991
21
1.0259152755905512
0
LINE
8
BLACK
6
CONTINUOUS
10
2.2679681496062991
20
1.0259152755905512
11
2.2677014960629922
21
1.0261818897637796
0
LINE
8
BLACK
6
CONTINUOUS
10
2.2677014960629922
20
1.0261818897637796
11
2.266873188976378
21
1.0267353937007875
0
LINE
8
BLACK
6
CONTINUOUS
10
2.266873188976378
20
1.0267353937007875
11
2.2663196850393699
21
1.0275637007874014
0
LINE
8
BLACK
6
CONTINUOUS
10
2.2663196850393699
20
1.0275637007874014
11
2.2660530708661417
21
1.0278303543307086
0
LINE
8
BLACK
6
CONTINUOUS
10
2.2660530708661417
20
1.0278303543307086
11
2.2658487007874015
21
1.0282685433070866
0
LINE
8
BLACK
6
CONTINUOUS
10
2.2658487007874015
20
1.0282685433070866
11
2.2651662992125985
21
1.0292898818897638
0
LINE
8
BLACK
6
CONTINUOUS
10
2.2651662992125985
20
1.0292898818897638
11
2.2650128740157478
21
1.0300609842519686
0
LINE
8
BLACK
6
CONTINUOUS
10
2.2650128740157478
20
1.0300609842519686
11
2.2648619685039368
21
1.0303847244094488
0
LINE
8
BLACK
6
CONTINUOUS
10
2.2648619685039368
20
1.0303847244094488
11
2.2646925196850392
21
1.031671653543307
0
LINE
8
BLACK
6
CONTINUOUS
10
2.2646925196850392
20
1.031671653543307
11
2.2645669291338582
21
1.0323031496062991
0
LINE
8
BLACK
6
CONTINUOUS
10
2.2645669291338582
20
1.0323031496062991
11
2.2645669291338582
21
1.0676968503937008
0
LINE
8
BLACK
6
CONTINUOUS
10
2.2645669291338582
20
1.0676968503937008
11
2.2646925590551179
21
1.0683284645669291
0
LINE
8
BLACK
6
CONTINUOUS
10
2.2646925590551179
20
1.0683284645669291
11
2.2648619685039368
21
1.0696152362204725
0
LINE
8
BLACK
6
CONTINUOUS
10
2.2648619685039368
20
1.0696152362204725
11
2.2650128740157478
21
1.0699388976377953
0
LINE
8
BLACK
6
CONTINUOUS
10
2.2650128740157478
20
1.0699388976377953
11
2.2651662992125985
21
1.0707101181102361
0
LINE
8
BLACK
6
CONTINUOUS
10
2.2651662992125985
20
1.0707101181102361
11
2.265848779527559
21
1.071731496062992
0
LINE
8
BLACK
6
CONTINUOUS
10
2.265848779527559
20
1.071731496062992
11
2.2660530708661417
21
1.0721696062992125
0
LINE
8
BLACK
6
CONTINUOUS
10
2.2660530708661417
20
1.0721696062992125
11
2.2663196062992124
21
1.0724361417322834
0
LINE
8
BLACK
6
CONTINUOUS
10
2.2663196062992124
20
1.0724361417322834
11
2.266873188976378
21
1.0732646062992126
0
LINE
8
BLACK
6
CONTINUOUS
10
2.266873188976378
20
1.0732646062992126
11
2.2677016141732285
21
1.0738181496062993
0
LINE
8
BLACK
6
CONTINUOUS
10
2.2677016141732285
20
1.0738181496062993
11
2.2679681496062991
21
1.0740846850393702
0
LINE
8
BLACK
6
CONTINUOUS
10
2.2679681496062991
20
1.0740846850393702
11
2.2684061417322834
21
1.0742888976377953
0
LINE
8
BLACK
6
CONTINUOUS
10
2.2684061417322834
20
1.0742888976377953
11
2.2694276771653543
21
1.0749714960629921
0
LINE
8
BLACK
6
CONTINUOUS
10
2.2694276771653543
20
1.0749714960629921
11
2.2701989370078741
21
1.0751248818897639
0
LINE
8
BLACK
6
CONTINUOUS
10
2.2701989370078741
20
1.0751248818897639
11
2.2705225196850392
21
1.0752757874015748
0
LINE
8
BLACK
6
CONTINUOUS
10
2.2705225196850392
20
1.0752757874015748
11
2.2718088582677165
21
1.0754451181102362
0
LINE
8
BLACK
6
CONTINUOUS
10
2.2718088582677165
20
1.0754451181102362
11
2.2724409448818896
21
1.0755708661417323
0
LINE
8
BLACK
6
CONTINUOUS
10
2.2724409448818896
20
1.0755708661417323
11
2.32755905511811
21
1.0755708661417323
0
LINE
8
BLACK
6
CONTINUOUS
10
2.32755905511811
20
1.0755708661417323
11
2.3281912598425198
21
1.0754450787401575
0
LINE
8
BLACK
6
CONTINUOUS
10
2.2281912598425198
20
1.0752482283464566
11
2.2294774409448816
21
1.0750789370078739
0
LINE
8
BLACK
6
CONTINUOUS
10
2.2294774409448816
20
1.0750789370078739
11
2.2298009448818896
21
1.0749280708661417
0
LINE
8
BLACK
6
CONTINUOUS
10
2.2298009448818896
20
1.0749280708661417
11
2.2305723228346457
21
1.0747746456692913
0
LINE
8
BLACK
6
CONTINUOUS
10
2.2305723228346457
20
1.0747746456692913
11
2.2315938976377954
21
1.0740920078740157
0
LINE
8
BLACK
6
CONTINUOUS
10
2.2315938976377954
20
1.0740920078740157
11
2.2320318110236221
21
1.0738878346456693
0
LINE
8
BLACK
6
CONTINUOUS
10
2.2320318110236221
20
1.0738878346456693
11
2.2322982283464565
21
1.0736213779527559
0
LINE
8
BLACK
6
CONTINUOUS
10
2.2322982283464565
20
1.0736213779527559
11
2.233126811023622
21
1.0730677559055117
0
LINE
8
BLACK
6
CONTINUOUS
10
2.233126811023622
20
1.0730677559055117
11
2.2336804330708659
21
1.0722391732283465
0
LINE
8
BLACK
6
CONTINUOUS
10
2.2336804330708659
20
1.0722391732283465
11
2.2339468897637795
21
1.0719727559055119
0
LINE
8
BLACK
6
CONTINUOUS
10
2.2339468897637795
20
1.0719727559055119
11
2.234151062992126
21
1.0715348425196851
0
LINE
8
BLACK
6
CONTINUOUS
10
2.234151062992126
20
1.0715348425196851
11
2.2348337007874015
21
1.0705132677165354
0
LINE
8
BLACK
6
CONTINUOUS
10
2.2348337007874015
20
1.0705132677165354
11
2.2349871259842518
21
1.0697418897637796
0
LINE
8
BLACK
6
CONTINUOUS
10
2.2349871259842518
20
1.0697418897637796
11
2.2351379921259844
21
1.0694183858267716
0
LINE
8
BLACK
6
CONTINUOUS
10
2.2351379921259844
20
1.0694183858267716
11
2.2353073228346458
21
1.068132125984252
0
LINE
8
BLACK
6
CONTINUOUS
10
2.2353073228346458
20
1.068132125984252
11
2.2354330708661418
21
1.0674999999999999
0
LINE
8
BLACK
6
CONTINUOUS
10
2.2354330708661418
20
1.0674999999999999
11
2.2354330708661418
21
1.0325
0
LINE
8
BLACK
6
CONTINUOUS
10
2.2354330708661418
20
1.0325
11
2.2353073228346458
21
1.0318678346456693
0
LINE
8
BLACK
6
CONTINUOUS
10
2.2353073228346458
20
1.0318678346456693
11
2.2351379921259844
21
1.0305815748031495
0
LINE
8
BLACK
6
CONTINUOUS
10
2.2351379921259844
20
1.0305815748031495
11
2.234987086614173
21
1.0302579921259842
0
LINE
8
BLACK
6
CONTINUOUS
10
2.234987086614173
20
1.0302579921259842
11
2.2348337007874015
21
1.0294867322834644
0
LINE
8
BLACK
6
CONTINUOUS
10
2.2348337007874015
20
1.0294867322834644
11
2.2341511023622047
21
1.0284651968503937
0
LINE
8
BLACK
6
CONTINUOUS
10
2.2341511023622047
20
1.0284651968503937
11
2.2339468897637795
21
1.0280272047244094
0
LINE
8
BLACK
6
CONTINUOUS
10
2.2339468897637795
20
1.0280272047244094
11
2.2336803543307084
21
1.0277606692913386
0
LINE
8
BLACK
6
CONTINUOUS
10
2.2336803543307084
20
1.0277606692913386
11
2.233126811023622
21
1.0269322440944881
0
LINE
8
BLACK
6
CONTINUOUS
10
2.233126811023622
20
1.0269322440944881
11
2.2322983464566928
21
1.0263786614173227
0
LINE
8
BLACK
6
CONTINUOUS
10
2.2322983464566928
20
1.0263786614173227
11
2.2320318110236221
21
1.0261121259842521
0
LINE
8
BLACK
6
CONTINUOUS
10
2.2320318110236221
20
1.0261121259842521
11
2.2315937007874016
21
1.0259078346456694
0
LINE
8
BLACK
6
CONTINUOUS
10
2.2315937007874016
20
1.0259078346456694
11
2.2305723228346457
21
1.0252253543307086
0
LINE
8
BLACK
6
CONTINUOUS
10
2.2305723228346457
20
1.0252253543307086
11
2.2298011023622046
21
1.0250719291338581
0
LINE
8
BLACK
6
CONTINUOUS
10
2.2298011023622046
20
1.0250719291338581
11
2.2294774409448816
21
1.0249210236220472
0
LINE
8
BLACK
6
CONTINUOUS
10
2.2294774409448816
20
1.0249210236220472
11
2.228190590551181
21
1.0247515748031495
0
LINE
8
BLACK
6
CONTINUOUS
10
2.228190590551181
20
1.0247515748031495
11
2.2275590551181104
21
1.0246259842519685
0
LINE
8
BLACK
6
CONTINUOUS
10
2.2275590551181104
20
1.0246259842519685
11
2.2272364173228345
21
1.0246259842519685
0
LINE
8
BLACK
6
CONTINUOUS
10
2.2272364173228345
20
1.0246259842519685
11
2.1727636220472442
21
1.0246259842519685
0
LINE
8
BLACK
6
CONTINUOUS
10
2.1727636220472442
20
1.0246259842519685
11
2.1724409448818895
21
1.0246259842519685
0
LINE
8
BLACK
6
CONTINUOUS
10
2.1724409448818895
20
1.0246259842519685
11
2.1718093700787402
21
1.0247515748031495
0
LINE
8
BLACK
6
CONTINUOUS
10
2.1718093700787402
20
1.0247515748031495
11
2.1705225196850395
21
1.0249210236220472
0
LINE
8
BLACK
6
CONTINUOUS
10
2.1705225196850395
20
1.0249210236220472
11
2.170198779527559
21
1.0250719291338581
0
LINE
8
BLACK
6
CONTINUOUS
10
2.170198779527559
20
1.0250719291338581
11
2.1694276771653542
21
1.0252253543307086
0
LINE
8
BLACK
6
CONTINUOUS
10
2.1694276771653542
20
1.0252253543307086
11
2.1684063385826771
21
1.0259077559055119
0
LINE
8
BLACK
6
CONTINUOUS
10
2.1684063385826771
20
1.0259077559055119
11
2.167968149606299
21
1.0261121259842521
0
LINE
8
BLACK
6
CONTINUOUS
10
2.167968149606299
20
1.0261121259842521
11
2.1677014960629921
21
1.0263787401574802
0
LINE
8
BLACK
6
CONTINUOUS
10
2.1677014960629921
20
1.0263787401574802
11
2.1668731889763779
21
1.0269322440944881
0
LINE
8
BLACK
6
CONTINUOUS
10
2.1668731889763779
20
1.0269322440944881
11
2.1663196850393702
21
1.0277605511811023
0
LINE
8
BLACK
6
CONTINUOUS
10
2.1663196850393702
20
1.0277605511811023
11
2.1660530708661416
21
1.0280272047244094
0
LINE
8
BLACK
6
CONTINUOUS
10
2.1660530708661416
20
1.0280272047244094
11
2.1658487007874014
21
1.0284653937007875
0
LINE
8
BLACK
6
CONTINUOUS
10
2.1658487007874014
20
1.0284653937007875
11
2.1651662992125984
21
1.0294867322834644
0
LINE
8
BLACK
6
CONTINUOUS
10
2.1651662992125984
20
1.0294867322834644
11
2.1650128740157482
21
1.0302578346456692
0
LINE
8
BLACK
6
CONTINUOUS
10
2.1650128740157482
20
1.0302578346456692
11
2.1648619685039368
21
1.0305815748031495
0
LINE
8
BLACK
6
CONTINUOUS
10
2.1648619685039368
20
1.0305815748031495
11
2.1646925196850395
21
1.0318685039370079
0
LINE
8
BLACK
6
CONTINUOUS
10
2.1646925196850395
20
1.0318685039370079
11
2.1645669291338581
21
1.0325
0
LINE
8
BLACK
6
CONTINUOUS
10
2.1645669291338581
20
1.0325
11
2.1645669291338581
21
1.0674999999999999
0
LINE
8
BLACK
6
CONTINUOUS
10
2.1645669291338581
20
1.0674999999999999
11
2.1646925590551183
21
1.0681316141732282
0
LINE
8
BLACK
6
CONTINUOUS
10
2.1646925590551183
20
1.0681316141732282
11
2.1648619685039368
21
1.0694183858267716
0
LINE
8
BLACK
6
CONTINUOUS
10
2.1648619685039368
20
1.0694183858267716
11
2.1650128740157482
21
1.0697420472440944
0
LINE
8
BLACK
6
CONTINUOUS
10
2.1650128740157482
20
1.0697420472440944
11
2.1651662992125984
21
1.0705132677165354
0
LINE
8
BLACK
6
CONTINUOUS
10
2.1651662992125984
20
1.0705132677165354
11
2.1658487795275589
21
1.0715346456692914
0
LINE
8
BLACK
6
CONTINUOUS
10
2.1658487795275589
20
1.0715346456692914
11
2.1660530708661416
21
1.0719727559055119
0
LINE
8
BLACK
6
CONTINUOUS
10
2.1660530708661416
20
1.0719727559055119
11
2.1663196062992127
21
1.0722392913385828
0
LINE
8
BLACK
6
CONTINUOUS
10
2.1663196062992127
20
1.0722392913385828
11
2.1668731889763779
21
1.0730677559055117
0
LINE
8
BLACK
6
CONTINUOUS
10
2.1668731889763779
20
1.0730677559055117
11
2.1677016141732284
21
1.0736212992125984
0
LINE
8
BLACK
6
CONTINUOUS
10
2.1677016141732284
20
1.0736212992125984
11
2.167968149606299
21
1.0738878346456693
0
LINE
8
BLACK
6
CONTINUOUS
10
2.167968149606299
20
1.0738878346456693
11
2.1684061417322833
21
1.0740920472440945
0
LINE
8
BLACK
6
CONTINUOUS
10
2.1684061417322833
20
1.0740920472440945
11
2.1694276771653542
21
1.0747746456692913
0
LINE
8
BLACK
6
CONTINUOUS
10
2.1694276771653542
20
1.0747746456692913
11
2.170198937007874
21
1.074928031496063
0
LINE
8
BLACK
6
CONTINUOUS
10
2.170198937007874
20
1.074928031496063
11
2.1705225196850395
21
1.0750789370078739
0
LINE
8
BLACK
6
CONTINUOUS
10
2.1705225196850395
20
1.0750789370078739
11
2.1718088582677164
21
1.0752482677165354
0
LINE
8
BLACK
6
CONTINUOUS
10
2.1718088582677164
20
1.0752482677165354
11
2.1724409448818895
21
1.0753740157480314
0
LINE
8
BLACK
6
CONTINUOUS
10
2.1724409448818895
20
1.0753740157480314
11
2.2275590551181104
21
1.0753740157480314
0
LINE
8
BLACK
6
CONTINUOUS
10
2.2275590551181104
20
1.0753740157480314
11
2.2281912598425198
21
1.0752482283464566
0
LINE
8
BLACK
6
CONTINUOUS
10
0.1106322047244094
20
1.1577482283464566
11
0.1119183858267716
21
1.157578937007874
0
LINE
8
BLACK
6
CONTINUOUS
10
0.1119183858267716
20
1.157578937007874
11
0.1122418897637795
21
1.1574280708661417
0
LINE
8
BLACK
6
CONTINUOUS
10
0.1122418897637795
20
1.1574280708661417
11
0.1130132677165354
21
1.1572746456692913
0
LINE
8
BLACK
6
CONTINUOUS
10
0.1130132677165354
20
1.1572746456692913
11
0.114034842519685
21
1.1565920078740157
0
LINE
8
BLACK
6
CONTINUOUS
10
0.114034842519685
20
1.1565920078740157
11
0.1144727559055118
21
1.1563878346456693
0
LINE
8
BLACK
6
CONTINUOUS
10
0.1144727559055118
20
1.1563878346456693
11
0.1147391732283465
21
1.1561213779527559
0
LINE
8
BLACK
6
CONTINUOUS
10
0.1147391732283465
20
1.1561213779527559
11
0.1155677559055118
21
1.1555677559055118
0
LINE
8
BLACK
6
CONTINUOUS
10
0.1155677559055118
20
1.1555677559055118
11
0.1161213779527559
21
1.1547391732283465
0
LINE
8
BLACK
6
CONTINUOUS
10
0.1161213779527559
20
1.1547391732283465
11
0.1163878346456693
21
1.1544727559055117
0
LINE
8
BLACK
6
CONTINUOUS
10
0.1163878346456693
20
1.1544727559055117
11
0.1165920078740157
21
1.1540348425196849
0
LINE
8
BLACK
6
CONTINUOUS
10
0.1165920078740157
20
1.1540348425196849
11
0.1172746456692913
21
1.1530132677165355
0
LINE
8
BLACK
6
CONTINUOUS
10
0.1172746456692913
20
1.1530132677165355
11
0.1174280708661417
21
1.1522418897637794
0
LINE
8
BLACK
6
CONTINUOUS
10
0.1174280708661417
20
1.1522418897637794
11
0.117578937007874
21
1.1519183858267716
0
LINE
8
BLACK
6
CONTINUOUS
10
0.117578937007874
20
1.1519183858267716
11
0.1177482677165354
21
1.150632125984252
0
LINE
8
BLACK
6
CONTINUOUS
10
0.1177482677165354
20
1.150632125984252
11
0.1178740157480315
21
1.1499999999999999
0
LINE
8
BLACK
6
CONTINUOUS
10
0.1178740157480315
20
1.1499999999999999
11
0.1178740157480315
21
1.0900000000000001
0
LINE
8
BLACK
6
CONTINUOUS
10
0.1178740157480315
20
1.0900000000000001
11
0.1177482677165354
21
1.0893678346456692
0
LINE
8
BLACK
6
CONTINUOUS
10
0.1177482677165354
20
1.0893678346456692
11
0.117578937007874
21
1.0880815748031496
0
LINE
8
BLACK
6
CONTINUOUS
10
0.117578937007874
20
1.0880815748031496
11
0.117428031496063
21
1.0877579921259841
0
LINE
8
BLACK
6
CONTINUOUS
10
0.117428031496063
20
1.0877579921259841
11
0.1172746456692913
21
1.0869867322834645
0
LINE
8
BLACK
6
CONTINUOUS
10
0.1172746456692913
20
1.0869867322834645
11
0.1165920472440945
21
1.0859651968503936
0
LINE
8
BLACK
6
CONTINUOUS
10
0.1165920472440945
20
1.0859651968503936
11
0.1163878346456693
21
1.0855272047244093
0
LINE
8
BLACK
6
CONTINUOUS
10
0.1163878346456693
20
1.0855272047244093
11
0.1161212992125984
21
1.0852606692913385
0
LINE
8
BLACK
6
CONTINUOUS
10
0.1161212992125984
20
1.0852606692913385
11
0.1155677559055118
21
1.0844322440944882
0
LINE
8
BLACK
6
CONTINUOUS
10
0.1155677559055118
20
1.0844322440944882
11
0.1147392913385827
21
1.0838786614173228
0
LINE
8
BLACK
6
CONTINUOUS
10
0.1147392913385827
20
1.0838786614173228
11
0.1144727559055118
21
1.0836121259842519
0
LINE
8
BLACK
6
CONTINUOUS
10
0.1144727559055118
20
1.0836121259842519
11
0.1140346456692913
21
1.0834078346456693
0
LINE
8
BLACK
6
CONTINUOUS
10
0.1140346456692913
20
1.0834078346456693
11
0.1130132677165354
21
1.0827253543307087
0
LINE
8
BLACK
6
CONTINUOUS
10
0.1130132677165354
20
1.0827253543307087
11
0.1122420472440945
21
1.0825719291338582
0
LINE
8
BLACK
6
CONTINUOUS
10
0.1122420472440945
20
1.0825719291338582
11
0.1119183858267716
21
1.0824210236220473
0
LINE
8
BLACK
6
CONTINUOUS
10
0.1119183858267716
20
1.0824210236220473
11
0.1106315354330709
21
1.0822515748031496
0
LINE
8
BLACK
6
CONTINUOUS
10
0.1106315354330709
20
1.0822515748031496
11
0.11
21
1.0821259842519684
0
LINE
8
BLACK
6
CONTINUOUS
10
0.11
20
1.0821259842519684
11
0.1096773622047244
21
1.0821259842519684
0
LINE
8
BLACK
6
CONTINUOUS
10
0.1096773622047244
20
1.0821259842519684
11
0.0503226771653543
21
1.0821259842519684
0
LINE
8
BLACK
6
CONTINUOUS
10
0.0503226771653543
20
1.0821259842519684
11
0.05
21
1.0821259842519684
0
LINE
8
BLACK
6
CONTINUOUS
10
0.05
20
1.0821259842519684
11
0.0493684251968504
21
1.0822515748031496
0
LINE
8
BLACK
6
CONTINUOUS
10
0.0493684251968504
20
1.0822515748031496
11
0.0480815748031496
21
1.0824210236220473
0
LINE
8
BLACK
6
CONTINUOUS
10
0.0480815748031496
20
1.0824210236220473
11
0.0477578346456693
21
1.0825719291338582
0
LINE
8
BLACK
6
CONTINUOUS
10
0.0477578346456693
20
1.0825719291338582
11
0.0469867322834646
21
1.0827253543307087
0
LINE
8
BLACK
6
CONTINUOUS
10
0.0469867322834646
20
1.0827253543307087
11
0.0459653937007874
21
1.0834077559055117
0
LINE
8
BLACK
6
CONTINUOUS
10
0.0459653937007874
20
1.0834077559055117
11
0.0455272047244095
21
1.0836121259842519
0
LINE
8
BLACK
6
CONTINUOUS
10
0.0455272047244095
20
1.0836121259842519
11
0.0452605511811024
21
1.0838787401574803
0
LINE
8
BLACK
6
CONTINUOUS
10
0.0452605511811024
20
1.0838787401574803
11
0.0444322440944882
21
1.0844322440944882
0
LINE
8
BLACK
6
CONTINUOUS
10
0.0444322440944882
20
1.0844322440944882
11
0.0438787401574803
21
1.0852605511811024
0
LINE
8
BLACK
6
CONTINUOUS
10
0.0438787401574803
20
1.0852605511811024
11
0.043612125984252
21
1.0855272047244093
0
LINE
8
BLACK
6
CONTINUOUS
10
0.043612125984252
20
1.0855272047244093
11
0.0434077559055118
21
1.0859653937007874
0
LINE
8
BLACK
6
CONTINUOUS
10
0.0434077559055118
20
1.0859653937007874
11
0.0427253543307087
21
1.0869867322834645
0
LINE
8
BLACK
6
CONTINUOUS
10
0.0427253543307087
20
1.0869867322834645
11
0.0425719291338583
21
1.0877578346456693
0
LINE
8
BLACK
6
CONTINUOUS
10
0.0425719291338583
20
1.0877578346456693
11
0.0424210236220472
21
1.0880815748031496
0
LINE
8
BLACK
6
CONTINUOUS
10
0.0424210236220472
20
1.0880815748031496
11
0.0422515748031496
21
1.0893685039370078
0
LINE
8
BLACK
6
CONTINUOUS
10
0.0422515748031496
20
1.0893685039370078
11
0.0421259842519685
21
1.0900000000000001
0
LINE
8
BLACK
6
CONTINUOUS
10
0.0421259842519685
20
1.0900000000000001
11
0.0421259842519685
21
1.1499999999999999
0
LINE
8
BLACK
6
CONTINUOUS
10
0.0421259842519685
20
1.1499999999999999
11
0.0422516141732283
21
1.1506316141732282
0
LINE
8
BLACK
6
CONTINUOUS
10
0.0422516141732283
20
1.1506316141732282
11
0.0424210236220472
21
1.1519183858267716
0
LINE
8
BLACK
6
CONTINUOUS
10
0.0424210236220472
20
1.1519183858267716
11
0.0425719291338583
21
1.1522420472440944
0
LINE
8
BLACK
6
CONTINUOUS
10
0.0425719291338583
20
1.1522420472440944
11
0.0427253543307087
21
1.1530132677165355
0
LINE
8
BLACK
6
CONTINUOUS
10
0.0427253543307087
20
1.1530132677165355
11
0.0434078346456693
21
1.1540346456692914
0
LINE
8
BLACK
6
CONTINUOUS
10
0.0434078346456693
20
1.1540346456692914
11
0.043612125984252
21
1.1544727559055117
0
LINE
8
BLACK
6
CONTINUOUS
10
0.043612125984252
20
1.1544727559055117
11
0.0438786614173228
21
1.1547392913385826
0
LINE
8
BLACK
6
CONTINUOUS
10
0.0438786614173228
20
1.1547392913385826
11
0.0444322440944882
21
1.1555677559055118
0
LINE
8
BLACK
6
CONTINUOUS
10
0.0444322440944882
20
1.1555677559055118
11
0.0452606692913386
21
1.1561212992125984
0
LINE
8
BLACK
6
CONTINUOUS
10
0.0452606692913386
20
1.1561212992125984
11
0.0455272047244095
21
1.1563878346456693
0
LINE
8
BLACK
6
CONTINUOUS
10
0.0455272047244095
20
1.1563878346456693
11
0.0459651968503937
21
1.1565920472440945
0
LINE
8
BLACK
6
CONTINUOUS
10
0.0459651968503937
20
1.1565920472440945
11
0.0469867322834646
21
1.1572746456692913
0
LINE
8
BLACK
6
CONTINUOUS
10
0.0469867322834646
20
1.1572746456692913
11
0.0477579921259842
21
1.157428031496063
0
LINE
8
BLACK
6
CONTINUOUS
10
0.0477579921259842
20
1.157428031496063
11
0.0480815748031496
21
1.157578937007874
0
LINE
8
BLACK
6
CONTINUOUS
10
0.0480815748031496
20
1.157578937007874
11
0.0493679133858268
21
1.1577482677165354
0
LINE
8
BLACK
6
CONTINUOUS
10
0.0493679133858268
20
1.1577482677165354
11
0.05
21
1.1578740157480314
0
LINE
8
BLACK
6
CONTINUOUS
10
0.05
20
1.1578740157480314
11
0.11
21
1.1578740157480314
0
LINE
8
BLACK
6
CONTINUOUS
10
0.11
20
1.1578740157480314
11
0.1106322047244094
21
1.1577482283464566
0
LINE
8
BLACK
6
CONTINUOUS
10
0.2106322047244094
20
1.1577482283464566
11
0.2119183858267716
21
1.157578937007874
0
LINE
8
BLACK
6
CONTINUOUS
10
0.2119183858267716
20
1.157578937007874
11
0.2122418897637795
21
1.1574280708661417
0
LINE
8
BLACK
6
CONTINUOUS
10
0.2122418897637795
20
1.1574280708661417
11
0.2130132677165354
21
1.1572746456692913
0
LINE
8
BLACK
6
CONTINUOUS
10
0.2130132677165354
20
1.1572746456692913
11
0.214034842519685
21
1.1565920078740157
0
LINE
8
BLACK
6
CONTINUOUS
10
0.214034842519685
20
1.1565920078740157
11
0.2144727559055118
21
1.1563878346456693
0
LINE
8
BLACK
6
CONTINUOUS
10
0.2144727559055118
20
1.1563878346456693
11
0.2147391732283465
21
1.1561213779527559
0
LINE
8
BLACK
6
CONTINUOUS
10
0.2147391732283465
20
1.1561213779527559
11
0.2155677559055118
21
1.1555677559055118
0
LINE
8
BLACK
6
CONTINUOUS
10
0.2155677559055118
20
1.1555677559055118
11
0.2161213779527559
21
1.1547391732283465
0
LINE
8
BLACK
6
CONTINUOUS
10
0.2161213779527559
20
1.1547391732283465
11
0.2163878346456693
21
1.1544727559055117
0
LINE
8
BLACK
6
CONTINUOUS
10
0.2163878346456693
20
1.1544727559055117
11
0.2165920078740158
21
1.1540348425196849
0
LINE
8
BLACK
6
CONTINUOUS
10
0.2165920078740158
20
1.1540348425196849
11
0.2172746456692913
21
1.1530132677165355
0
LINE
8
BLACK
6
CONTINUOUS
10
0.2172746456692913
20
1.1530132677165355
11
0.2174280708661417
21
1.1522418897637794
0
LINE
8
BLACK
6
CONTINUOUS
10
0.2174280708661417
20
1.1522418897637794
11
0.217578937007874
21
1.1519183858267716
0
LINE
8
BLACK
6
CONTINUOUS
10
0.217578937007874
20
1.1519183858267716
11
0.2177482677165354
21
1.150632125984252
0
LINE
8
BLACK
6
CONTINUOUS
10
0.2177482677165354
20
1.150632125984252
11
0.2178740157480315
21
1.1499999999999999
0
LINE
8
BLACK
6
CONTINUOUS
10
0.2178740157480315
20
1.1499999999999999
11
0.2178740157480315
21
1.0900000000000001
0
LINE
8
BLACK
6
CONTINUOUS
10
0.2178740157480315
20
1.0900000000000001
11
0.2177482677165354
21
1.0893678346456692
0
LINE
8
BLACK
6
CONTINUOUS
10
0.2177482677165354
20
1.0893678346456692
11
0.217578937007874
21
1.0880815748031496
0
LINE
8
BLACK
6
CONTINUOUS
10
0.217578937007874
20
1.0880815748031496
11
0.217428031496063
21
1.0877579921259841
0
LINE
8
BLACK
6
CONTINUOUS
10
0.217428031496063
20
1.0877579921259841
11
0.2172746456692913
21
1.0869867322834645
0
LINE
8
BLACK
6
CONTINUOUS
10
0.2172746456692913
20
1.0869867322834645
11
0.2165920472440945
21
1.0859651968503936
0
LINE
8
BLACK
6
CONTINUOUS
10
0.2165920472440945
20
1.0859651968503936
11
0.2163878346456693
21
1.0855272047244093
0
LINE
8
BLACK
6
CONTINUOUS
10
0.2163878346456693
20
1.0855272047244093
11
0.2161212992125984
21
1.0852606692913385
0
LINE
8
BLACK
6
CONTINUOUS
10
0.2161212992125984
20
1.0852606692913385
11
0.2155677559055118
21
1.0844322440944882
0
LINE
8
BLACK
6
CONTINUOUS
10
0.2155677559055118
20
1.0844322440944882
11
0.2147392913385827
21
1.0838786614173228
0
LINE
8
BLACK
6
CONTINUOUS
10
0.2147392913385827
20
1.0838786614173228
11
0.2144727559055118
21
1.0836121259842519
0
LINE
8
BLACK
6
CONTINUOUS
10
0.2144727559055118
20
1.0836121259842519
11
0.2140346456692913
21
1.0834078346456693
0
LINE
8
BLACK
6
CONTINUOUS
10
0.2140346456692913
20
1.0834078346456693
11
0.2130132677165354
21
1.0827253543307087
0
LINE
8
BLACK
6
CONTINUOUS
10
0.2130132677165354
20
1.0827253543307087
11
0.2122420472440945
21
1.0825719291338582
0
LINE
8
BLACK
6
CONTINUOUS
10
0.2122420472440945
20
1.0825719291338582
11
0.2119183858267716
21
1.0824210236220473
0
LINE
8
BLACK
6
CONTINUOUS
10
0.2119183858267716
20
1.0824210236220473
11
0.2106315354330709
21
1.0822515748031496
0
LINE
8
BLACK
6
CONTINUOUS
10
0.2106315354330709
20
1.0822515748031496
11
0.21
21
1.0821259842519684
0
LINE
8
BLACK
6
CONTINUOUS
10
0.21
20
1.0821259842519684
11
0.2096773622047244
21
1.0821259842519684
0
LINE
8
BLACK
6
CONTINUOUS
10
0.2096773622047244
20
1.0821259842519684
11
0.1503226771653543
21
1.0821259842519684
0
LINE
8
BLACK
6
CONTINUOUS
10
0.1503226771653543
20
1.0821259842519684
11
0.15
21
1.0821259842519684
0
LINE
8
BLACK
6
CONTINUOUS
10
0.15
20
1.0821259842519684
11
0.1493684251968504
21
1.0822515748031496
0
LINE
8
BLACK
6
CONTINUOUS
10
0.1493684251968504
20
1.0822515748031496
11
0.1480815748031496
21
1.0824210236220473
0
LINE
8
BLACK
6
CONTINUOUS
10
0.1480815748031496
20
1.0824210236220473
11
0.1477578346456693
21
1.0825719291338582
0
LINE
8
BLACK
6
CONTINUOUS
10
0.1477578346456693
20
1.0825719291338582
11
0.1469867322834646
21
1.0827253543307087
0
LINE
8
BLACK
6
CONTINUOUS
10
0.1469867322834646
20
1.0827253543307087
11
0.1459653937007874
21
1.0834077559055117
0
LINE
8
BLACK
6
CONTINUOUS
10
0.1459653937007874
20
1.0834077559055117
11
0.1455272047244094
21
1.0836121259842519
0
LINE
8
BLACK
6
CONTINUOUS
10
0.1455272047244094
20
1.0836121259842519
11
0.1452605511811024
21
1.0838787401574803
0
LINE
8
BLACK
6
CONTINUOUS
10
0.1452605511811024
20
1.0838787401574803
11
0.1444322440944882
21
1.0844322440944882
0
LINE
8
BLACK
6
CONTINUOUS
10
0.1444322440944882
20
1.0844322440944882
11
0.1438787401574803
21
1.0852605511811024
0
LINE
8
BLACK
6
CONTINUOUS
10
0.1438787401574803
20
1.0852605511811024
11
0.143612125984252
21
1.0855272047244093
0
LINE
8
BLACK
6
CONTINUOUS
10
0.143612125984252
20
1.0855272047244093
11
0.1434077559055118
21
1.0859653937007874
0
LINE
8
BLACK
6
CONTINUOUS
10
0.1434077559055118
20
1.0859653937007874
11
0.1427253543307087
21
1.0869867322834645
0
LINE
8
BLACK
6
CONTINUOUS
10
0.1427253543307087
20
1.0869867322834645
11
0.1425719291338583
21
1.0877578346456693
0
LINE
8
BLACK
6
CONTINUOUS
10
0.1425719291338583
20
1.0877578346456693
11
0.1424210236220472
21
1.0880815748031496
0
LINE
8
BLACK
6
CONTINUOUS
10
0.1424210236220472
20
1.0880815748031496
11
0.1422515748031496
21
1.0893685039370078
0
LINE
8
BLACK
6
CONTINUOUS
10
0.1422515748031496
20
1.0893685039370078
11
0.1421259842519685
21
1.0900000000000001
0
LINE
8
BLACK
6
CONTINUOUS
10
0.1421259842519685
20
1.0900000000000001
11
0.1421259842519685
21
1.1499999999999999
0
LINE
8
BLACK
6
CONTINUOUS
10
0.1421259842519685
20
1.1499999999999999
11
0.1422516141732283
21
1.1506316141732282
0
LINE
8
BLACK
6
CONTINUOUS
10
0.1422516141732283
20
1.1506316141732282
11
0.1424210236220472
21
1.1519183858267716
0
LINE
8
BLACK
6
CONTINUOUS
10
0.1424210236220472
20
1.1519183858267716
11
0.1425719291338583
21
1.1522420472440944
0
LINE
8
BLACK
6
CONTINUOUS
10
0.1425719291338583
20
1.1522420472440944
11
0.1427253543307087
21
1.1530132677165355
0
LINE
8
BLACK
6
CONTINUOUS
10
0.1427253543307087
20
1.1530132677165355
11
0.1434078346456693
21
1.1540346456692914
0
LINE
8
BLACK
6
CONTINUOUS
10
0.1434078346456693
20
1.1540346456692914
11
0.143612125984252
21
1.1544727559055117
0
LINE
8
BLACK
6
CONTINUOUS
10
0.143612125984252
20
1.1544727559055117
11
0.1438786614173228
21
1.1547392913385826
0
LINE
8
BLACK
6
CONTINUOUS
10
0.1438786614173228
20
1.1547392913385826
11
0.1444322440944882
21
1.1555677559055118
0
LINE
8
BLACK
6
CONTINUOUS
10
0.1444322440944882
20
1.1555677559055118
11
0.1452606692913386
21
1.1561212992125984
0
LINE
8
BLACK
6
CONTINUOUS
10
0.1452606692913386
20
1.1561212992125984
11
0.1455272047244094
21
1.1563878346456693
0
LINE
8
BLACK
6
CONTINUOUS
10
0.1455272047244094
20
1.1563878346456693
11
0.1459651968503937
21
1.1565920472440945
0
LINE
8
BLACK
6
CONTINUOUS
10
0.1459651968503937
20
1.1565920472440945
11
0.1469867322834646
21
1.1572746456692913
0
LINE
8
BLACK
6
CONTINUOUS
10
0.1469867322834646
20
1.1572746456692913
11
0.1477579921259843
21
1.157428031496063
0
LINE
8
BLACK
6
CONTINUOUS
10
0.1477579921259843
20
1.157428031496063
11
0.1480815748031496
21
1.157578937007874
0
LINE
8
BLACK
6
CONTINUOUS
10
0.1480815748031496
20
1.157578937007874
11
0.1493679133858268
21
1.1577482677165354
0
LINE
8
BLACK
6
CONTINUOUS
10
0.1493679133858268
20
1.1577482677165354
11
0.15
21
1.1578740157480314
0
LINE
8
BLACK
6
CONTINUOUS
10
0.15
20
1.1578740157480314
11
0.21
21
1.1578740157480314
0
LINE
8
BLACK
6
CONTINUOUS
10
0.21
20
1.1578740157480314
11
0.2106322047244094
21
1.1577482283464566
0
LINE
8
BLACK
6
CONTINUOUS
10
0.3106322047244094
20
1.1577482283464566
11
0.3119183858267717
21
1.157578937007874
0
LINE
8
BLACK
6
CONTINUOUS
10
0.3119183858267717
20
1.157578937007874
11
0.3122418897637795
21
1.1574280708661417
0
LINE
8
BLACK
6
CONTINUOUS
10
0.3122418897637795
20
1.1574280708661417
11
0.3130132677165354
21
1.1572746456692913
0
LINE
8
BLACK
6
CONTINUOUS
10
0.3130132677165354
20
1.1572746456692913
11
0.3140348425196851
21
1.1565920078740157
0
LINE
8
BLACK
6
CONTINUOUS
10
0.3140348425196851
20
1.1565920078740157
11
0.3144727559055118
21
1.1563878346456693
0
LINE
8
BLACK
6
CONTINUOUS
10
0.3144727559055118
20
1.1563878346456693
11
0.3147391732283464
21
1.1561213779527559
0
LINE
8
BLACK
6
CONTINUOUS
10
0.3147391732283464
20
1.1561213779527559
11
0.3155677559055118
21
1.1555677559055118
0
LINE
8
BLACK
6
CONTINUOUS
10
0.3155677559055118
20
1.1555677559055118
11
0.3161213779527559
21
1.1547391732283465
0
LINE
8
BLACK
6
CONTINUOUS
10
0.3161213779527559
20
1.1547391732283465
11
0.3163878346456693
21
1.1544727559055117
0
LINE
8
BLACK
6
CONTINUOUS
10
0.3163878346456693
20
1.1544727559055117
11
0.3165920078740158
21
1.1540348425196849
0
LINE
8
BLACK
6
CONTINUOUS
10
0.3165920078740158
20
1.1540348425196849
11
0.3172746456692913
21
1.1530132677165355
0
LINE
8
BLACK
6
CONTINUOUS
10
0.3172746456692913
20
1.1530132677165355
11
0.3174280708661417
21
1.1522418897637794
0
LINE
8
BLACK
6
CONTINUOUS
10
0.3174280708661417
20
1.1522418897637794
11
0.317578937007874
21
1.1519183858267716
0
LINE
8
BLACK
6
CONTINUOUS
10
0.317578937007874
20
1.1519183858267716
11
0.3177482677165354
21
1.150632125984252
0
LINE
8
BLACK
6
CONTINUOUS
10
0.3177482677165354
20
1.150632125984252
11
0.3178740157480315
21
1.1499999999999999
0
LINE
8
BLACK
6
CONTINUOUS
10
0.3178740157480315
20
1.1499999999999999
11
0.3178740157480315
21
1.0900000000000001
0
LINE
8
BLACK
6
CONTINUOUS
10
0.3178740157480315
20
1.0900000000000001
11
0.3177482677165354
21
1.0893678346456692
0
LINE
8
BLACK
6
CONTINUOUS
10
0.3177482677165354
20
1.0893678346456692
11
0.317578937007874
21
1.0880815748031496
0
LINE
8
BLACK
6
CONTINUOUS
10
0.317578937007874
20
1.0880815748031496
11
0.317428031496063
21
1.0877579921259841
0
LINE
8
BLACK
6
CONTINUOUS
10
0.317428031496063
20
1.0877579921259841
11
0.3172746456692913
21
1.0869867322834645
0
LINE
8
BLACK
6
CONTINUOUS
10
0.3172746456692913
20
1.0869867322834645
11
0.3165920472440945
21
1.0859651968503936
0
LINE
8
BLACK
6
CONTINUOUS
10
0.3165920472440945
20
1.0859651968503936
11
0.3163878346456693
21
1.0855272047244093
0
LINE
8
BLACK
6
CONTINUOUS
10
0.3163878346456693
20
1.0855272047244093
11
0.3161212992125984
21
1.0852606692913385
0
LINE
8
BLACK
6
CONTINUOUS
10
0.3161212992125984
20
1.0852606692913385
11
0.3155677559055118
21
1.0844322440944882
0
LINE
8
BLACK
6
CONTINUOUS
10
0.3155677559055118
20
1.0844322440944882
11
0.3147392913385827
21
1.0838786614173228
0
LINE
8
BLACK
6
CONTINUOUS
10
0.3147392913385827
20
1.0838786614173228
11
0.3144727559055118
21
1.0836121259842519
0
LINE
8
BLACK
6
CONTINUOUS
10
0.3144727559055118
20
1.0836121259842519
11
0.3140346456692913
21
1.0834078346456693
0
LINE
8
BLACK
6
CONTINUOUS
10
0.3140346456692913
20
1.0834078346456693
11
0.3130132677165354
21
1.0827253543307087
0
LINE
8
BLACK
6
CONTINUOUS
10
0.3130132677165354
20
1.0827253543307087
11
0.3122420472440945
21
1.0825719291338582
0
LINE
8
BLACK
6
CONTINUOUS
10
0.3122420472440945
20
1.0825719291338582
11
0.3119183858267717
21
1.0824210236220473
0
LINE
8
BLACK
6
CONTINUOUS
10
0.3119183858267717
20
1.0824210236220473
11
0.3106315354330709
21
1.0822515748031496
0
LINE
8
BLACK
6
CONTINUOUS
10
0.3106315354330709
20
1.0822515748031496
11
0.31
21
1.0821259842519684
0
LINE
8
BLACK
6
CONTINUOUS
10
0.31
20
1.0821259842519684
11
0.3096773622047244
21
1.0821259842519684
0
LINE
8
BLACK
6
CONTINUOUS
10
0.3096773622047244
20
1.0821259842519684
11
0.2503226771653543
21
1.0821259842519684
0
LINE
8
BLACK
6
CONTINUOUS
10
0.2503226771653543
20
1.0821259842519684
11
0.25
21
1.0821259842519684
0
LINE
8
BLACK
6
CONTINUOUS
10
0.25
20
1.0821259842519684
11
0.2493684251968504
21
1.0822515748031496
0
LINE
8
BLACK
6
CONTINUOUS
10
0.2493684251968504
20
1.0822515748031496
11
0.2480815748031496
21
1.0824210236220473
0
LINE
8
BLACK
6
CONTINUOUS
10
0.2480815748031496
20
1.0824210236220473
11
0.2477578346456693
21
1.0825719291338582
0
LINE
8
BLACK
6
CONTINUOUS
10
0.2477578346456693
20
1.0825719291338582
11
0.2469867322834646
21
1.0827253543307087
0
LINE
8
BLACK
6
CONTINUOUS
10
0.2469867322834646
20
1.0827253543307087
11
0.2459653937007874
21
1.0834077559055117
0
LINE
8
BLACK
6
CONTINUOUS
10
0.2459653937007874
20
1.0834077559055117
11
0.2455272047244094
21
1.0836121259842519
0
LINE
8
BLACK
6
CONTINUOUS
10
0.2455272047244094
20
1.0836121259842519
11
0.2452605511811023
21
1.0838787401574803
0
LINE
8
BLACK
6
CONTINUOUS
10
0.2452605511811023
20
1.0838787401574803
11
0.2444322440944882
21
1.0844322440944882
0
LINE
8
BLACK
6
CONTINUOUS
10
0.2444322440944882
20
1.0844322440944882
11
0.2438787401574803
21
1.0852605511811024
0
LINE
8
BLACK
6
CONTINUOUS
10
0.2438787401574803
20
1.0852605511811024
11
0.243612125984252
21
1.0855272047244093
0
LINE
8
BLACK
6
CONTINUOUS
10
0.243612125984252
20
1.0855272047244093
11
0.2434077559055118
21
1.0859653937007874
0
LINE
8
BLACK
6
CONTINUOUS
10
0.2434077559055118
20
1.0859653937007874
11
0.2427253543307087
21
1.0869867322834645
0
LINE
8
BLACK
6
CONTINUOUS
10
0.2427253543307087
20
1.0869867322834645
11
0.2425719291338582
21
1.0877578346456693
0
LINE
8
BLACK
6
CONTINUOUS
10
0.2425719291338582
20
1.0877578346456693
11
0.2424210236220472
21
1.0880815748031496
0
LINE
8
BLACK
6
CONTINUOUS
10
0.2424210236220472
20
1.0880815748031496
11
0.2422515748031496
21
1.0893685039370078
0
LINE
8
BLACK
6
CONTINUOUS
10
0.2422515748031496
20
1.0893685039370078
11
0.2421259842519685
21
1.0900000000000001
0
LINE
8
BLACK
6
CONTINUOUS
10
0.2421259842519685
20
1.0900000000000001
11
0.2421259842519685
21
1.1499999999999999
0
LINE
8
BLACK
6
CONTINUOUS
10
0.2421259842519685
20
1.1499999999999999
11
0.2422516141732284
21
1.1506316141732282
0
LINE
8
BLACK
6
CONTINUOUS
10
0.2422516141732284
20
1.1506316141732282
11
0.2424210236220472
21
1.1519183858267716
0
LINE
8
BLACK
6
CONTINUOUS
10
0.2424210236220472
20
1.1519183858267716
11
0.2425719291338582
21
1.1522420472440944
0
LINE
8
BLACK
6
CONTINUOUS
10
0.2425719291338582
20
1.1522420472440944
11
0.2427253543307087
21
1.1530132677165355
0
LINE
8
BLACK
6
CONTINUOUS
10
0.2427253543307087
20
1.1530132677165355
11
0.2434078346456693
21
1.1540346456692914
0
LINE
8
BLACK
6
CONTINUOUS
10
0.2434078346456693
20
1.1540346456692914
11
0.243612125984252
21
1.1544727559055117
0
LINE
8
BLACK
6
CONTINUOUS
10
0.243612125984252
20
1.1544727559055117
11
0.2438786614173228
21
1.1547392913385826
0
LINE
8
BLACK
6
CONTINUOUS
10
0.2438786614173228
20
1.1547392913385826
11
0.2444322440944882
21
1.1555677559055118
0
LINE
8
BLACK
6
CONTINUOUS
10
0.2444322440944882
20
1.1555677559055118
11
0.2452606692913386
21
1.1561212992125984
0
LINE
8
BLACK
6
CONTINUOUS
10
0.2452606692913386
20
1.1561212992125984
11
0.2455272047244094
21
1.1563878346456693
0
LINE
8
BLACK
6
CONTINUOUS
10
0.2455272047244094
20
1.1563878346456693
11
0.2459651968503937
21
1.1565920472440945
0
LINE
8
BLACK
6
CONTINUOUS
10
0.2459651968503937
20
1.1565920472440945
11
0.2469867322834646
21
1.1572746456692913
0
LINE
8
BLACK
6
CONTINUOUS
10
0.2469867322834646
20
1.1572746456692913
11
0.2477579921259842
21
1.157428031496063
0
LINE
8
BLACK
6
CONTINUOUS
10
0.2477579921259842
20
1.157428031496063
11
0.2480815748031496
21
1.157578937007874
0
LINE
8
BLACK
6
CONTINUOUS
10
0.2480815748031496
20
1.157578937007874
11
0.2493679133858268
21
1.1577482677165354
0
LINE
8
BLACK
6
CONTINUOUS
10
0.2493679133858268
20
1.1577482677165354
11
0.25
21
1.1578740157480314
0
LINE
8
BLACK
6
CONTINUOUS
10
0.25
20
1.1578740157480314
11
0.31
21
1.1578740157480314
0
LINE
8
BLACK
6
CONTINUOUS
10
0.31
20
1.1578740157480314
11
0.3106322047244094
21
1.1577482283464566
0
LINE
8
BLACK
6
CONTINUOUS
10
2.0767728740157478
20
1.1610220472440944
11
2.0787860629921258
21
1.1610220472440944
0
LINE
8
BLACK
6
CONTINUOUS
10
2.0787860629921258
20
1.1610220472440944
11
2.0805242913385826
21
1.160652559055118
0
LINE
8
BLACK
6
CONTINUOUS
10
2.0805242913385826
20
1.160652559055118
11
2.0820614566929132
21
1.1605011811023622
0
LINE
8
BLACK
6
CONTINUOUS
10
2.0820614566929132
20
1.1605011811023622
11
2.0839925196850393
21
1.1599153543307086
0
LINE
8
BLACK
6
CONTINUOUS
10
2.0839925196850393
20
1.1599153543307086
11
2.0861927559055116
21
1.1594477165354331
0
LINE
8
BLACK
6
CONTINUOUS
10
2.0861927559055116
20
1.1594477165354331
11
2.087600748031496
21
1.1588207874015748
0
LINE
8
BLACK
6
CONTINUOUS
10
2.087600748031496
20
1.1588207874015748
11
2.0888520078740158
21
1.1584412598425196
0
LINE
8
BLACK
6
CONTINUOUS
10
2.0888520078740158
20
1.1584412598425196
11
2.0908404724409446
21
1.1573783858267717
0
LINE
8
BLACK
6
CONTINUOUS
10
2.0908404724409446
20
1.1573783858267717
11
2.0931102362204723
21
1.1563678346456692
0
LINE
8
BLACK
6
CONTINUOUS
10
2.0931102362204723
20
1.1563678346456692
11
2.0941654330708661
21
1.1556011811023621
0
LINE
8
BLACK
6
CONTINUOUS
10
2.0941654330708661
20
1.1556011811023621
11
2.0951097244094488
21
1.1550964566929134
0
LINE
8
BLACK
6
CONTINUOUS
10
2.0951097244094488
20
1.1550964566929134
11
2.0970359055118108
21
1.1535156299212599
0
LINE
8
BLACK
6
CONTINUOUS
10
2.0970359055118108
20
1.1535156299212599
11
2.0992362204724411
21
1.1519170472440945
0
LINE
8
BLACK
6
CONTINUOUS
10
2.0992362204724411
20
1.1519170472440945
11
2.0999506299212598
21
1.1511235826771653
0
LINE
8
BLACK
6
CONTINUOUS
10
2.0999506299212598
20
1.1511235826771653
11
2.1005948818897635
21
1.1505948818897638
0
LINE
8
BLACK
6
CONTINUOUS
10
2.1005948818897635
20
1.1505948818897638
11
2.1023260629921259
21
1.1484853937007873
0
LINE
8
BLACK
6
CONTINUOUS
10
2.1023260629921259
20
1.1484853937007873
11
2.1043029921259842
21
1.146289842519685
0
LINE
8
BLACK
6
CONTINUOUS
10
2.1043029921259842
20
1.146289842519685
11
2.1047182677165353
21
1.1455704724409448
0
LINE
8
BLACK
6
CONTINUOUS
10
2.1047182677165353
20
1.1455704724409448
11
2.1050964566929133
21
1.1451097244094488
0
LINE
8
BLACK
6
CONTINUOUS
10
2.1050964566929133
20
1.1451097244094488
11
2.1064952755905511
21
1.1424926771653543
0
LINE
8
BLACK
6
CONTINUOUS
10
2.1064952755905511
20
1.1424926771653543
11
2.1080890551181102
21
1.1397322047244094
0
LINE
8
BLACK
6
CONTINUOUS
10
2.1080890551181102
20
1.1397322047244094
11
2.1082724015748031
21
1.1391679133858268
0
LINE
8
BLACK
6
CONTINUOUS
10
2.1082724015748031
20
1.1391679133858268
11
2.1084412598425195
21
1.1388520078740156
0
LINE
8
BLACK
6
CONTINUOUS
10
2.1084412598425195
20
1.1388520078740156
11
2.1093724803149607
21
1.1357822047244095
0
LINE
8
BLACK
6
CONTINUOUS
10
2.1093724803149607
20
1.1357822047244095
11
2.1104289763779529
21
1.1325306692913386
0
LINE
8
BLACK
6
CONTINUOUS
10
2.1104289763779529
20
1.1325306692913386
11
2.1104661417322834
21
1.1321768897637794
0
LINE
8
BLACK
6
CONTINUOUS
10
2.1104661417322834
20
1.1321768897637794
11
2.1105011811023622
21
1.1320614566929135
0
LINE
8
BLACK
6
CONTINUOUS
10
2.1105011811023622
20
1.1320614566929135
11
2.1108419685039368
21
1.1286009842519684
0
LINE
8
BLACK
6
CONTINUOUS
10
2.1108419685039368
20
1.1286009842519684
11
2.1112204724409449
21
1.125
0
LINE
8
BLACK
6
CONTINUOUS
10
2.1112204724409449
20
1.125
11
2.1108420078740155
21
1.1213992519685039
0
LINE
8
BLACK
6
CONTINUOUS
10
2.1108420078740155
20
1.1213992519685039
11
2.1105011811023622
21
1.1179385039370078
0
LINE
8
BLACK
6
CONTINUOUS
10
2.1105011811023622
20
1.1179385039370078
11
2.1104661417322834
21
1.1178229921259841
0
LINE
8
BLACK
6
CONTINUOUS
10
2.1104661417322834
20
1.1178229921259841
11
2.1104289763779529
21
1.1174693307086614
0
LINE
8
BLACK
6
CONTINUOUS
10
2.1104289763779529
20
1.1174693307086614
11
2.1093726377952757
21
1.1142183070866141
0
LINE
8
BLACK
6
CONTINUOUS
10
2.1093726377952757
20
1.1142183070866141
11
2.1084412598425195
21
1.1111479527559054
0
LINE
8
BLACK
6
CONTINUOUS
10
2.1084412598425195
20
1.1111479527559054
11
2.1082723622047244
21
1.110831968503937
0
LINE
8
BLACK
6
CONTINUOUS
10
2.1082723622047244
20
1.110831968503937
11
2.1080890551181102
21
1.1102677952755906
0
LINE
8
BLACK
6
CONTINUOUS
10
2.1080890551181102
20
1.1102677952755906
11
2.1064955511811023
21
1.1075077559055118
0
LINE
8
BLACK
6
CONTINUOUS
10
2.1064955511811023
20
1.1075077559055118
11
2.1050964566929133
21
1.1048902362204724
0
LINE
8
BLACK
6
CONTINUOUS
10
2.1050964566929133
20
1.1048902362204724
11
2.1047181889763777
21
1.1044293307086614
0
LINE
8
BLACK
6
CONTINUOUS
10
2.1047181889763777
20
1.1044293307086614
11
2.1043029921259842
21
1.103710157480315
0
LINE
8
BLACK
6
CONTINUOUS
10
2.1043029921259842
20
1.103710157480315
11
2.1023264566929134
21
1.101515
0
LINE
8
BLACK
6
CONTINUOUS
10
2.1023264566929134
20
1.101515
11
2.1005948818897635
21
1.0994050787401575
0
LINE
8
BLACK
6
CONTINUOUS
10
2.1005948818897635
20
1.0994050787401575
11
2.0999505118110235
21
1.0988762598425197
0
LINE
8
BLACK
6
CONTINUOUS
10
2.0999505118110235
20
1.0988762598425197
11
2.0992362204724411
21
1.0980829527559055
0
LINE
8
BLACK
6
CONTINUOUS
10
2.0992362204724411
20
1.0980829527559055
11
2.0970363385826771
21
1.0964846456692914
0
LINE
8
BLACK
6
CONTINUOUS
10
2.0970363385826771
20
1.0964846456692914
11
2.0951097244094488
21
1.0949035039370079
0
LINE
8
BLACK
6
CONTINUOUS
10
2.0951097244094488
20
1.0949035039370079
11
2.0941651968503936
21
1.0943986614173229
0
LINE
8
BLACK
6
CONTINUOUS
10
2.0941651968503936
20
1.0943986614173229
11
2.0931102362204723
21
1.0936321653543306
0
LINE
8
BLACK
6
CONTINUOUS
10
2.0931102362204723
20
1.0936321653543306
11
2.0908409448818897
21
1.0926217716535433
0
LINE
8
BLACK
6
CONTINUOUS
10
2.0908409448818897
20
1.0926217716535433
11
2.0888520078740158
21
1.0915587007874015
0
LINE
8
BLACK
6
CONTINUOUS
10
2.0888520078740158
20
1.0915587007874015
11
2.0876004724409447
21
1.0911790157480314
0
LINE
8
BLACK
6
CONTINUOUS
10
2.0876004724409447
20
1.0911790157480314
11
2.0861927559055116
21
1.0905522834645669
0
LINE
8
BLACK
6
CONTINUOUS
10
2.0861927559055116
20
1.0905522834645669
11
2.0839929527559056
21
1.0900846850393699
0
LINE
8
BLACK
6
CONTINUOUS
10
2.0839929527559056
20
1.0900846850393699
11
2.0820614566929132
21
1.089498779527559
0
LINE
8
BLACK
6
CONTINUOUS
10
2.0820614566929132
20
1.089498779527559
11
2.0805239763779526
21
1.0893473228346457
0
LINE
8
BLACK
6
CONTINUOUS
10
2.0805239763779526
20
1.0893473228346457
11
2.0787860629921258
21
1.0889779527559056
0
LINE
8
BLACK
6
CONTINUOUS
10
2.0787860629921258
20
1.0889779527559056
11
2.0767732677165354
21
1.0889779527559056
0
LINE
8
BLACK
6
CONTINUOUS
10
2.0767732677165354
20
1.0889779527559056
11
2.0749999999999997
21
1.0888033070866141
0
LINE
8
BLACK
6
CONTINUOUS
10
2.0749999999999997
20
1.0888033070866141
11
2.0732267322834645
21
1.0889779527559056
0
LINE
8
BLACK
6
CONTINUOUS
10
2.0732267322834645
20
1.0889779527559056
11
2.0712139370078742
21
1.0889779527559056
0
LINE
8
BLACK
6
CONTINUOUS
10
2.0712139370078742
20
1.0889779527559056
11
2.0694760236220473
21
1.0893473228346457
0
LINE
8
BLACK
6
CONTINUOUS
10
2.0694760236220473
20
1.0893473228346457
11
2.067938503937008
21
1.089498779527559
0
LINE
8
BLACK
6
CONTINUOUS
10
2.067938503937008
20
1.089498779527559
11
2.0660068503937006
21
1.0900847244094487
0
LINE
8
BLACK
6
CONTINUOUS
10
2.0660068503937006
20
1.0900847244094487
11
2.0638072440944883
21
1.0905522834645669
0
LINE
8
BLACK
6
CONTINUOUS
10
2.0638072440944883
20
1.0905522834645669
11
2.062399566929134
21
1.0911789763779527
0
LINE
8
BLACK
6
CONTINUOUS
10
2.062399566929134
20
1.0911789763779527
11
2.0611479527559053
21
1.0915587007874015
0
LINE
8
BLACK
6
CONTINUOUS
10
2.0611479527559053
20
1.0915587007874015
11
2.059158779527559
21
1.0926218897637796
0
LINE
8
BLACK
6
CONTINUOUS
10
2.059158779527559
20
1.0926218897637796
11
2.0568897637795276
21
1.0936321653543306
0
LINE
8
BLACK
6
CONTINUOUS
10
2.0568897637795276
20
1.0936321653543306
11
2.0558348425196851
21
1.0943985826771654
0
LINE
8
BLACK
6
CONTINUOUS
10
2.0558348425196851
20
1.0943985826771654
11
2.0548902362204724
21
1.0949035039370079
0
LINE
8
BLACK
6
CONTINUOUS
10
2.0548902362204724
20
1.0949035039370079
11
2.0529632677165353
21
1.0964848818897637
0
LINE
8
BLACK
6
CONTINUOUS
10
2.0529632677165353
20
1.0964848818897637
11
2.0507637795275588
21
1.0980829527559055
0
LINE
8
BLACK
6
CONTINUOUS
10
2.0507637795275588
20
1.0980829527559055
11
2.0500495669291339
21
1.0988761417322834
0
LINE
8
BLACK
6
CONTINUOUS
10
2.0500495669291339
20
1.0988761417322834
11
2.0494050787401576
21
1.0994050787401575
0
LINE
8
BLACK
6
CONTINUOUS
10
2.0494050787401576
20
1.0994050787401575
11
2.0476730708661415
21
1.1015154724409448
0
LINE
8
BLACK
6
CONTINUOUS
10
2.0476730708661415
20
1.1015154724409448
11
2.0456970078740158
21
1.103710157480315
0
LINE
8
BLACK
6
CONTINUOUS
10
2.0456970078740158
20
1.103710157480315
11
2.0452818503937009
21
1.1044291732283464
0
LINE
8
BLACK
6
CONTINUOUS
10
2.0452818503937009
20
1.1044291732283464
11
2.0449035039370078
21
1.1048902362204724
0
LINE
8
BLACK
6
CONTINUOUS
10
2.0449035039370078
20
1.1048902362204724
11
2.0435038976377951
21
1.1075087007874016
0
LINE
8
BLACK
6
CONTINUOUS
10
2.0435038976377951
20
1.1075087007874016
11
2.0419109448818897
21
1.1102677952755906
0
LINE
8
BLACK
6
CONTINUOUS
10
2.0419109448818897
20
1.1102677952755906
11
2.0417276771653543
21
1.1108317716535432
0
LINE
8
BLACK
6
CONTINUOUS
10
2.0417276771653543
20
1.1108317716535432
11
2.0415587007874016
21
1.1111479527559054
0
LINE
8
BLACK
6
CONTINUOUS
10
2.0415587007874016
20
1.1111479527559054
11
2.0406267322834646
21
1.114220157480315
0
LINE
8
BLACK
6
CONTINUOUS
10
2.0406267322834646
20
1.114220157480315
11
2.039571023622047
21
1.1174693307086614
0
LINE
8
BLACK
6
CONTINUOUS
10
2.039571023622047
20
1.1174693307086614
11
2.0395338582677165
21
1.1178227952755906
0
LINE
8
BLACK
6
CONTINUOUS
10
2.0395338582677165
20
1.1178227952755906
11
2.039498779527559
21
1.1179385039370078
0
LINE
8
BLACK
6
CONTINUOUS
10
2.039498779527559
20
1.1179385039370078
11
2.0391573228346456
21
1.1214051968503937
0
LINE
8
BLACK
6
CONTINUOUS
10
2.0391573228346456
20
1.1214051968503937
11
2.038779527559055
21
1.125
0
LINE
8
BLACK
6
CONTINUOUS
10
2.038779527559055
20
1.125
11
2.0391573622047243
21
1.1285950393700788
0
LINE
8
BLACK
6
CONTINUOUS
10
2.0391573622047243
20
1.1285950393700788
11
2.039498779527559
21
1.1320614566929135
0
LINE
8
BLACK
6
CONTINUOUS
10
2.039498779527559
20
1.1320614566929135
11
2.0395338582677165
21
1.1321770866141732
0
LINE
8
BLACK
6
CONTINUOUS
10
2.0395338582677165
20
1.1321770866141732
11
2.039571023622047
21
1.1325306692913386
0
LINE
8
BLACK
6
CONTINUOUS
10
2.039571023622047
20
1.1325306692913386
11
2.0406268897637796
21
1.1357803543307086
0
LINE
8
BLACK
6
CONTINUOUS
10
2.0406268897637796
20
1.1357803543307086
11
2.0415587007874016
21
1.1388520078740156
0
LINE
8
BLACK
6
CONTINUOUS
10
2.0415587007874016
20
1.1388520078740156
11
2.0417276377952756
21
1.1391680708661418
0
LINE
8
BLACK
6
CONTINUOUS
10
2.0417276377952756
20
1.1391680708661418
11
2.0419109448818897
21
1.1397322047244094
0
LINE
8
BLACK
6
CONTINUOUS
10
2.0419109448818897
20
1.1397322047244094
11
2.0435041732283463
21
1.1424917716535432
0
LINE
8
BLACK
6
CONTINUOUS
10
2.0435041732283463
20
1.1424917716535432
11
2.0449035039370078
21
1.1451097244094488
0
LINE
8
BLACK
6
CONTINUOUS
10
2.0449035039370078
20
1.1451097244094488
11
2.0452817716535434
21
1.1455706299212598
0
LINE
8
BLACK
6
CONTINUOUS
10
2.0452817716535434
20
1.1455706299212598
11
2.0456970078740158
21
1.146289842519685
0
LINE
8
BLACK
6
CONTINUOUS
10
2.0456970078740158
20
1.146289842519685
11
2.0476734251968502
21
1.1484848818897637
0
LINE
8
BLACK
6
CONTINUOUS
10
2.0476734251968502
20
1.1484848818897637
11
2.0494050787401576
21
1.1505948818897638
0
LINE
8
BLACK
6
CONTINUOUS
10
2.0494050787401576
20
1.1505948818897638
11
2.0500494488188976
21
1.1511237007874016
0
LINE
8
BLACK
6
CONTINUOUS
10
2.0500494488188976
20
1.1511237007874016
11
2.0507637795275588
21
1.1519170472440945
0
LINE
8
BLACK
6
CONTINUOUS
10
2.0507637795275588
20
1.1519170472440945
11
2.0529637007874015
21
1.1535153543307086
0
LINE
8
BLACK
6
CONTINUOUS
10
2.0529637007874015
20
1.1535153543307086
11
2.0548902362204724
21
1.1550964566929134
0
LINE
8
BLACK
6
CONTINUOUS
10
2.0548902362204724
20
1.1550964566929134
11
2.0558346456692913
21
1.1556012598425196
0
LINE
8
BLACK
6
CONTINUOUS
10
2.0558346456692913
20
1.1556012598425196
11
2.0568897637795276
21
1.1563678346456692
0
LINE
8
BLACK
6
CONTINUOUS
10
2.0568897637795276
20
1.1563678346456692
11
2.059159251968504
21
1.1573782677165354
0
LINE
8
BLACK
6
CONTINUOUS
10
2.059159251968504
20
1.1573782677165354
11
2.0611479527559053
21
1.1584412598425196
0
LINE
8
BLACK
6
CONTINUOUS
10
2.0611479527559053
20
1.1584412598425196
11
2.0623992913385827
21
1.1588208267716535
0
LINE
8
BLACK
6
CONTINUOUS
10
2.0623992913385827
20
1.1588208267716535
11
2.0638072440944883
21
1.1594477165354331
0
LINE
8
BLACK
6
CONTINUOUS
10
2.0638072440944883
20
1.1594477165354331
11
2.0660072834645669
21
1.1599153149606298
0
LINE
8
BLACK
6
CONTINUOUS
10
2.0660072834645669
20
1.1599153149606298
11
2.067938503937008
21
1.1605011811023622
0
LINE
8
BLACK
6
CONTINUOUS
10
2.067938503937008
20
1.1605011811023622
11
2.0694756692913385
21
1.160652559055118
0
LINE
8
BLACK
6
CONTINUOUS
10
2.0694756692913385
20
1.160652559055118
11
2.0712139370078742
21
1.1610220472440944
0
LINE
8
BLACK
6
CONTINUOUS
10
2.0712139370078742
20
1.1610220472440944
11
2.0732271259842521
21
1.1610220472440944
0
LINE
8
BLACK
6
CONTINUOUS
10
2.0732271259842521
20
1.1610220472440944
11
2.0749999999999997
21
1.1611966535433071
0
LINE
8
BLACK
6
CONTINUOUS
10
2.0749999999999997
20
1.1611966535433071
11
2.0767728740157478
21
1.1610220472440944
0
LINE
8
BLACK
6
CONTINUOUS
10
2.1767728740157479
20
1.1610220472440944
11
2.1787860629921258
21
1.1610220472440944
0
LINE
8
BLACK
6
CONTINUOUS
10
2.1787860629921258
20
1.1610220472440944
11
2.1805242913385827
21
1.160652559055118
0
LINE
8
BLACK
6
CONTINUOUS
10
2.1805242913385827
20
1.160652559055118
11
2.1820614566929133
21
1.1605011811023622
0
LINE
8
BLACK
6
CONTINUOUS
10
2.1820614566929133
20
1.1605011811023622
11
2.1839925196850394
21
1.1599153543307086
0
LINE
8
BLACK
6
CONTINUOUS
10
2.1839925196850394
20
1.1599153543307086
11
2.1861927559055117
21
1.1594477165354331
0
LINE
8
BLACK
6
CONTINUOUS
10
2.1861927559055117
20
1.1594477165354331
11
2.1876007480314961
21
1.1588207874015748
0
LINE
8
BLACK
6
CONTINUOUS
10
2.1876007480314961
20
1.1588207874015748
11
2.1888520078740159
21
1.1584412598425196
0
LINE
8
BLACK
6
CONTINUOUS
10
2.1888520078740159
20
1.1584412598425196
11
2.1908404724409447
21
1.1573783858267717
0
LINE
8
BLACK
6
CONTINUOUS
10
2.1908404724409447
20
1.1573783858267717
11
2.1931102362204724
21
1.1563678346456692
0
LINE
8
BLACK
6
CONTINUOUS
10
2.1931102362204724
20
1.1563678346456692
11
2.1941654330708662
21
1.1556011811023621
0
LINE
8
BLACK
6
CONTINUOUS
10
2.1941654330708662
20
1.1556011811023621
11
2.1951097244094488
21
1.1550964566929134
0
LINE
8
BLACK
6
CONTINUOUS
10
2.1951097244094488
20
1.1550964566929134
11
2.1970359055118109
21
1.1535156299212599
0
LINE
8
BLACK
6
CONTINUOUS
10
2.1970359055118109
20
1.1535156299212599
11
2.1992362204724407
21
1.1519170472440945
0
LINE
8
BLACK
6
CONTINUOUS
10
2.1992362204724407
20
1.1519170472440945
11
2.1999506299212599
21
1.1511235826771653
0
LINE
8
BLACK
6
CONTINUOUS
10
2.1999506299212599
20
1.1511235826771653
11
2.2005948818897636
21
1.1505948818897638
0
LINE
8
BLACK
6
CONTINUOUS
10
2.2005948818897636
20
1.1505948818897638
11
2.202326062992126
21
1.1484853937007873
0
LINE
8
BLACK
6
CONTINUOUS
10
2.202326062992126
20
1.1484853937007873
11
2.2043029921259842
21
1.146289842519685
0
LINE
8
BLACK
6
CONTINUOUS
10
2.2043029921259842
20
1.146289842519685
11
2.2047182677165353
21
1.1455704724409448
0
LINE
8
BLACK
6
CONTINUOUS
10
2.2047182677165353
20
1.1455704724409448
11
2.2050964566929134
21
1.1451097244094488
0
LINE
8
BLACK
6
CONTINUOUS
10
2.2050964566929134
20
1.1451097244094488
11
2.2064952755905511
21
1.1424926771653543
0
LINE
8
BLACK
6
CONTINUOUS
10
2.2064952755905511
20
1.1424926771653543
11
2.2080890551181103
21
1.1397322047244094
0
LINE
8
BLACK
6
CONTINUOUS
10
2.2080890551181103
20
1.1397322047244094
11
2.2082724015748032
21
1.1391679133858268
0
LINE
8
BLACK
6
CONTINUOUS
10
2.2082724015748032
20
1.1391679133858268
11
2.2084412598425196
21
1.1388520078740156
0
LINE
8
BLACK
6
CONTINUOUS
10
2.2084412598425196
20
1.1388520078740156
11
2.2093724803149604
21
1.1357822047244095
0
LINE
8
BLACK
6
CONTINUOUS
10
2.2093724803149604
20
1.1357822047244095
11
2.2104289763779525
21
1.1325306692913386
0
LINE
8
BLACK
6
CONTINUOUS
10
2.2104289763779525
20
1.1325306692913386
11
2.2104661417322835
21
1.1321768897637794
0
LINE
8
BLACK
6
CONTINUOUS
10
2.2104661417322835
20
1.1321768897637794
11
2.2105011811023623
21
1.1320614566929135
0
LINE
8
BLACK
6
CONTINUOUS
10
2.2105011811023623
20
1.1320614566929135
11
2.2108419685039369
21
1.1286009842519684
0
LINE
8
BLACK
6
CONTINUOUS
10
2.2108419685039369
20
1.1286009842519684
11
2.211220472440945
21
1.125
0
LINE
8
BLACK
6
CONTINUOUS
10
2.211220472440945
20
1.125
11
2.2108420078740156
21
1.1213992519685039
0
LINE
8
BLACK
6
CONTINUOUS
10
2.2108420078740156
20
1.1213992519685039
11
2.2105011811023623
21
1.1179385039370078
0
LINE
8
BLACK
6
CONTINUOUS
10
2.2105011811023623
20
1.1179385039370078
11
2.2104661417322835
21
1.1178229921259841
0
LINE
8
BLACK
6
CONTINUOUS
10
2.2104661417322835
20
1.1178229921259841
11
2.2104289763779525
21
1.1174693307086614
0
LINE
8
BLACK
6
CONTINUOUS
10
2.2104289763779525
20
1.1174693307086614
11
2.2093726377952754
21
1.1142183070866141
0
LINE
8
BLACK
6
CONTINUOUS
10
2.2093726377952754
20
1.1142183070866141
11
2.2084412598425196
21
1.1111479527559054
0
LINE
8
BLACK
6
CONTINUOUS
10
2.2084412598425196
20
1.1111479527559054
11
2.2082723622047244
21
1.110831968503937
0
LINE
8
BLACK
6
CONTINUOUS
10
2.2082723622047244
20
1.110831968503937
11
2.2080890551181103
21
1.1102677952755906
0
LINE
8
BLACK
6
CONTINUOUS
10
2.2080890551181103
20
1.1102677952755906
11
2.2064955511811024
21
1.1075077559055118
0
LINE
8
BLACK
6
CONTINUOUS
10
2.2064955511811024
20
1.1075077559055118
11
2.2050964566929134
21
1.1048902362204724
0
LINE
8
BLACK
6
CONTINUOUS
10
2.2050964566929134
20
1.1048902362204724
11
2.2047181889763778
21
1.1044293307086614
0
LINE
8
BLACK
6
CONTINUOUS
10
2.2047181889763778
20
1.1044293307086614
11
2.2043029921259842
21
1.103710157480315
0
LINE
8
BLACK
6
CONTINUOUS
10
2.2043029921259842
20
1.103710157480315
11
2.2023264566929135
21
1.101515
0
LINE
8
BLACK
6
CONTINUOUS
10
2.2023264566929135
20
1.101515
11
2.2005948818897636
21
1.0994050787401575
0
LINE
8
BLACK
6
CONTINUOUS
10
2.2005948818897636
20
1.0994050787401575
11
2.1999505118110236
21
1.0988762598425197
0
LINE
8
BLACK
6
CONTINUOUS
10
2.1999505118110236
20
1.0988762598425197
11
2.1992362204724407
21
1.0980829527559055
0
LINE
8
BLACK
6
CONTINUOUS
10
2.1992362204724407
20
1.0980829527559055
11
2.1970363385826772
21
1.0964846456692914
0
LINE
8
BLACK
6
CONTINUOUS
10
2.1970363385826772
20
1.0964846456692914
11
2.1951097244094488
21
1.0949035039370079
0
LINE
8
BLACK
6
CONTINUOUS
10
2.1951097244094488
20
1.0949035039370079
11
2.1941651968503937
21
1.0943986614173229
0
LINE
8
BLACK
6
CONTINUOUS
10
2.1941651968503937
20
1.0943986614173229
11
2.1931102362204724
21
1.0936321653543306
0
LINE
8
BLACK
6
CONTINUOUS
10
2.1931102362204724
20
1.0936321653543306
11
2.1908409448818897
21
1.0926217716535433
0
LINE
8
BLACK
6
CONTINUOUS
10
2.1908409448818897
20
1.0926217716535433
11
2.1888520078740159
21
1.0915587007874015
0
LINE
8
BLACK
6
CONTINUOUS
10
2.1888520078740159
20
1.0915587007874015
11
2.1876004724409448
21
1.0911790157480314
0
LINE
8
BLACK
6
CONTINUOUS
10
2.1876004724409448
20
1.0911790157480314
11
2.1861927559055117
21
1.0905522834645669
0
LINE
8
BLACK
6
CONTINUOUS
10
2.1861927559055117
20
1.0905522834645669
11
2.1839929527559057
21
1.0900846850393699
0
LINE
8
BLACK
6
CONTINUOUS
10
2.1839929527559057
20
1.0900846850393699
11
2.1820614566929133
21
1.089498779527559
0
LINE
8
BLACK
6
CONTINUOUS
10
2.1820614566929133
20
1.089498779527559
11
2.1805239763779527
21
1.0893473228346457
0
LINE
8
BLACK
6
CONTINUOUS
10
2.1805239763779527
20
1.0893473228346457
11
2.1787860629921258
21
1.0889779527559056
0
LINE
8
BLACK
6
CONTINUOUS
10
2.1787860629921258
20
1.0889779527559056
11
2.1767732677165355
21
1.0889779527559056
0
LINE
8
BLACK
6
CONTINUOUS
10
2.1767732677165355
20
1.0889779527559056
11
2.1749999999999998
21
1.0888033070866141
0
LINE
8
BLACK
6
CONTINUOUS
10
2.1749999999999998
20
1.0888033070866141
11
2.1732267322834646
21
1.0889779527559056
0
LINE
8
BLACK
6
CONTINUOUS
10
2.1732267322834646
20
1.0889779527559056
11
2.1712139370078738
21
1.0889779527559056
0
LINE
8
BLACK
6
CONTINUOUS
10
2.1712139370078738
20
1.0889779527559056
11
2.1694760236220474
21
1.0893473228346457
0
LINE
8
BLACK
6
CONTINUOUS
10
2.1694760236220474
20
1.0893473228346457
11
2.167938503937008
21
1.089498779527559
0
LINE
8
BLACK
6
CONTINUOUS
10
2.167938503937008
20
1.089498779527559
11
2.1660068503937007
21
1.0900847244094487
0
LINE
8
BLACK
6
CONTINUOUS
10
2.1660068503937007
20
1.0900847244094487
11
2.163807244094488
21
1.0905522834645669
0
LINE
8
BLACK
6
CONTINUOUS
10
2.163807244094488
20
1.0905522834645669
11
2.1623995669291336
21
1.0911789763779527
0
LINE
8
BLACK
6
CONTINUOUS
10
2.1623995669291336
20
1.0911789763779527
11
2.1611479527559054
21
1.0915587007874015
0
LINE
8
BLACK
6
CONTINUOUS
10
2.1611479527559054
20
1.0915587007874015
11
2.1591587795275591
21
1.0926218897637796
0
LINE
8
BLACK
6
CONTINUOUS
10
2.1591587795275591
20
1.0926218897637796
11
2.1568897637795277
21
1.0936321653543306
0
LINE
8
BLACK
6
CONTINUOUS
10
2.1568897637795277
20
1.0936321653543306
11
2.1558348425196852
21
1.0943985826771654
0
LINE
8
BLACK
6
CONTINUOUS
10
2.1558348425196852
20
1.0943985826771654
11
2.1548902362204725
21
1.0949035039370079
0
LINE
8
BLACK
6
CONTINUOUS
10
2.1548902362204725
20
1.0949035039370079
11
2.1529632677165353
21
1.0964848818897637
0
LINE
8
BLACK
6
CONTINUOUS
10
2.1529632677165353
20
1.0964848818897637
11
2.1507637795275589
21
1.0980829527559055
0
LINE
8
BLACK
6
CONTINUOUS
10
2.1507637795275589
20
1.0980829527559055
11
2.150049566929134
21
1.0988761417322834
0
LINE
8
BLACK
6
CONTINUOUS
10
2.150049566929134
20
1.0988761417322834
11
2.1494050787401573
21
1.0994050787401575
0
LINE
8
BLACK
6
CONTINUOUS
10
2.1494050787401573
20
1.0994050787401575
11
2.1476730708661416
21
1.1015154724409448
0
LINE
8
BLACK
6
CONTINUOUS
10
2.1476730708661416
20
1.1015154724409448
11
2.1456970078740158
21
1.103710157480315
0
LINE
8
BLACK
6
CONTINUOUS
10
2.1456970078740158
20
1.103710157480315
11
2.1452818503937006
21
1.1044291732283464
0
LINE
8
BLACK
6
CONTINUOUS
10
2.1452818503937006
20
1.1044291732283464
11
2.1449035039370079
21
1.1048902362204724
0
LINE
8
BLACK
6
CONTINUOUS
10
2.1449035039370079
20
1.1048902362204724
11
2.1435038976377951
21
1.1075087007874016
0
LINE
8
BLACK
6
CONTINUOUS
10
2.1435038976377951
20
1.1075087007874016
11
2.1419109448818898
21
1.1102677952755906
0
LINE
8
BLACK
6
CONTINUOUS
10
2.1419109448818898
20
1.1102677952755906
11
2.1417276771653544
21
1.1108317716535432
0
LINE
8
BLACK
6
CONTINUOUS
10
2.1417276771653544
20
1.1108317716535432
11
2.1415587007874017
21
1.1111479527559054
0
LINE
8
BLACK
6
CONTINUOUS
10
2.1415587007874017
20
1.1111479527559054
11
2.1406267322834647
21
1.114220157480315
0
LINE
8
BLACK
6
CONTINUOUS
10
2.1406267322834647
20
1.114220157480315
11
2.1395710236220471
21
1.1174693307086614
0
LINE
8
BLACK
6
CONTINUOUS
10
2.1395710236220471
20
1.1174693307086614
11
2.1395338582677166
21
1.1178227952755906
0
LINE
8
BLACK
6
CONTINUOUS
10
2.1395338582677166
20
1.1178227952755906
11
2.1394987795275591
21
1.1179385039370078
0
LINE
8
BLACK
6
CONTINUOUS
10
2.1394987795275591
20
1.1179385039370078
11
2.1391573228346457
21
1.1214051968503937
0
LINE
8
BLACK
6
CONTINUOUS
10
2.1391573228346457
20
1.1214051968503937
11
2.1387795275590551
21
1.125
0
LINE
8
BLACK
6
CONTINUOUS
10
2.1387795275590551
20
1.125
11
2.1391573622047244
21
1.1285950393700788
0
LINE
8
BLACK
6
CONTINUOUS
10
2.1391573622047244
20
1.1285950393700788
11
2.1394987795275591
21
1.1320614566929135
0
LINE
8
BLACK
6
CONTINUOUS
10
2.1394987795275591
20
1.1320614566929135
11
2.1395338582677166
21
1.1321770866141732
0
LINE
8
BLACK
6
CONTINUOUS
10
2.1395338582677166
20
1.1321770866141732
11
2.1395710236220471
21
1.1325306692913386
0
LINE
8
BLACK
6
CONTINUOUS
10
2.1395710236220471
20
1.1325306692913386
11
2.1406268897637797
21
1.1357803543307086
0
LINE
8
BLACK
6
CONTINUOUS
10
2.1406268897637797
20
1.1357803543307086
11
2.1415587007874017
21
1.1388520078740156
0
LINE
8
BLACK
6
CONTINUOUS
10
2.1415587007874017
20
1.1388520078740156
11
2.1417276377952756
21
1.1391680708661418
0
LINE
8
BLACK
6
CONTINUOUS
10
2.1417276377952756
20
1.1391680708661418
11
2.1419109448818898
21
1.1397322047244094
0
LINE
8
BLACK
6
CONTINUOUS
10
2.1419109448818898
20
1.1397322047244094
11
2.1435041732283464
21
1.1424917716535432
0
LINE
8
BLACK
6
CONTINUOUS
10
2.1435041732283464
20
1.1424917716535432
11
2.1449035039370079
21
1.1451097244094488
0
LINE
8
BLACK
6
CONTINUOUS
10
2.1449035039370079
20
1.1451097244094488
11
2.1452817716535431
21
1.1455706299212598
0
LINE
8
BLACK
6
CONTINUOUS
10
2.1452817716535431
20
1.1455706299212598
11
2.1456970078740158
21
1.146289842519685
0
LINE
8
BLACK
6
CONTINUOUS
10
2.1456970078740158
20
1.146289842519685
11
2.1476734251968503
21
1.1484848818897637
0
LINE
8
BLACK
6
CONTINUOUS
10
2.1476734251968503
20
1.1484848818897637
11
2.1494050787401573
21
1.1505948818897638
0
LINE
8
BLACK
6
CONTINUOUS
10
2.1494050787401573
20
1.1505948818897638
11
2.1500494488188977
21
1.1511237007874016
0
LINE
8
BLACK
6
CONTINUOUS
10
2.1500494488188977
20
1.1511237007874016
11
2.1507637795275589
21
1.1519170472440945
0
LINE
8
BLACK
6
CONTINUOUS
10
2.1507637795275589
20
1.1519170472440945
11
2.1529637007874016
21
1.1535153543307086
0
LINE
8
BLACK
6
CONTINUOUS
10
2.1529637007874016
20
1.1535153543307086
11
2.1548902362204725
21
1.1550964566929134
0
LINE
8
BLACK
6
CONTINUOUS
10
2.1548902362204725
20
1.1550964566929134
11
2.1558346456692914
21
1.1556012598425196
0
LINE
8
BLACK
6
CONTINUOUS
10
2.1558346456692914
20
1.1556012598425196
11
2.1568897637795277
21
1.1563678346456692
0
LINE
8
BLACK
6
CONTINUOUS
10
2.1568897637795277
20
1.1563678346456692
11
2.1591592519685037
21
1.1573782677165354
0
LINE
8
BLACK
6
CONTINUOUS
10
2.1591592519685037
20
1.1573782677165354
11
2.1611479527559054
21
1.1584412598425196
0
LINE
8
BLACK
6
CONTINUOUS
10
2.1611479527559054
20
1.1584412598425196
11
2.1623992913385828
21
1.1588208267716535
0
LINE
8
BLACK
6
CONTINUOUS
10
2.1623992913385828
20
1.1588208267716535
11
2.163807244094488
21
1.1594477165354331
0
LINE
8
BLACK
6
CONTINUOUS
10
2.163807244094488
20
1.1594477165354331
11
2.1660072834645669
21
1.1599153149606298
0
LINE
8
BLACK
6
CONTINUOUS
10
2.1660072834645669
20
1.1599153149606298
11
2.167938503937008
21
1.1605011811023622
0
LINE
8
BLACK
6
CONTINUOUS
10
2.167938503937008
20
1.1605011811023622
11
2.1694756692913386
21
1.160652559055118
0
LINE
8
BLACK
6
CONTINUOUS
10
2.1694756692913386
20
1.160652559055118
11
2.1712139370078738
21
1.1610220472440944
0
LINE
8
BLACK
6
CONTINUOUS
10
2.1712139370078738
20
1.1610220472440944
11
2.1732271259842517
21
1.1610220472440944
0
LINE
8
BLACK
6
CONTINUOUS
10
2.1732271259842517
20
1.1610220472440944
11
2.1749999999999998
21
1.1611966535433071
0
LINE
8
BLACK
6
CONTINUOUS
10
2.1749999999999998
20
1.1611966535433071
11
2.1767728740157479
21
1.1610220472440944
0
LINE
8
BLACK
6
CONTINUOUS
10
2.276772874015748
20
1.1610220472440944
11
2.2787860629921259
21
1.1610220472440944
0
LINE
8
BLACK
6
CONTINUOUS
10
2.2787860629921259
20
1.1610220472440944
11
2.2805242913385828
21
1.160652559055118
0
LINE
8
BLACK
6
CONTINUOUS
10
2.2805242913385828
20
1.160652559055118
11
2.2820614566929134
21
1.1605011811023622
0
LINE
8
BLACK
6
CONTINUOUS
10
2.2820614566929134
20
1.1605011811023622
11
2.2839925196850395
21
1.1599153543307086
0
LINE
8
BLACK
6
CONTINUOUS
10
2.2839925196850395
20
1.1599153543307086
11
2.2861927559055117
21
1.1594477165354331
0
LINE
8
BLACK
6
CONTINUOUS
10
2.2861927559055117
20
1.1594477165354331
11
2.2876007480314962
21
1.1588207874015748
0
LINE
8
BLACK
6
CONTINUOUS
10
2.2876007480314962
20
1.1588207874015748
11
2.2888520078740155
21
1.1584412598425196
0
LINE
8
BLACK
6
CONTINUOUS
10
2.2888520078740155
20
1.1584412598425196
11
2.2908404724409448
21
1.1573783858267717
0
LINE
8
BLACK
6
CONTINUOUS
10
2.2908404724409448
20
1.1573783858267717
11
2.2931102362204725
21
1.1563678346456692
0
LINE
8
BLACK
6
CONTINUOUS
10
2.2931102362204725
20
1.1563678346456692
11
2.2941654330708663
21
1.1556011811023621
0
LINE
8
BLACK
6
CONTINUOUS
10
2.2941654330708663
20
1.1556011811023621
11
2.2951097244094489
21
1.1550964566929134
0
LINE
8
BLACK
6
CONTINUOUS
10
2.2951097244094489
20
1.1550964566929134
11
2.297035905511811
21
1.1535156299212599
0
LINE
8
BLACK
6
CONTINUOUS
10
2.297035905511811
20
1.1535156299212599
11
2.2992362204724408
21
1.1519170472440945
0
LINE
8
BLACK
6
CONTINUOUS
10
2.2992362204724408
20
1.1519170472440945
11
2.29995062992126
21
1.1511235826771653
0
LINE
8
BLACK
6
CONTINUOUS
10
2.29995062992126
20
1.1511235826771653
11
2.3005948818897637
21
1.1505948818897638
0
LINE
8
BLACK
6
CONTINUOUS
10
2.3005948818897637
20
1.1505948818897638
11
2.3023260629921261
21
1.1484853937007873
0
LINE
8
BLACK
6
CONTINUOUS
10
2.3023260629921261
20
1.1484853937007873
11
2.3043029921259843
21
1.146289842519685
0
LINE
8
BLACK
6
CONTINUOUS
10
2.3043029921259843
20
1.146289842519685
11
2.3047182677165354
21
1.1455704724409448
0
LINE
8
BLACK
6
CONTINUOUS
10
2.3047182677165354
20
1.1455704724409448
11
2.3050964566929135
21
1.1451097244094488
0
LINE
8
BLACK
6
CONTINUOUS
10
2.3050964566929135
20
1.1451097244094488
11
2.3064952755905512
21
1.1424926771653543
0
LINE
8
BLACK
6
CONTINUOUS
10
2.3064952755905512
20
1.1424926771653543
11
2.3080890551181104
21
1.1397322047244094
0
LINE
8
BLACK
6
CONTINUOUS
10
2.3080890551181104
20
1.1397322047244094
11
2.3082724015748033
21
1.1391679133858268
0
LINE
8
BLACK
6
CONTINUOUS
10
2.3082724015748033
20
1.1391679133858268
11
2.3084412598425197
21
1.1388520078740156
0
LINE
8
BLACK
6
CONTINUOUS
10
2.3084412598425197
20
1.1388520078740156
11
2.3093724803149605
21
1.1357822047244095
0
LINE
8
BLACK
6
CONTINUOUS
10
2.3093724803149605
20
1.1357822047244095
11
2.3104289763779526
21
1.1325306692913386
0
LINE
8
BLACK
6
CONTINUOUS
10
2.3104289763779526
20
1.1325306692913386
11
2.3104661417322836
21
1.1321768897637794
0
LINE
8
BLACK
6
CONTINUOUS
10
2.3104661417322836
20
1.1321768897637794
11
2.3105011811023624
21
1.1320614566929135
0
LINE
8
BLACK
6
CONTINUOUS
10
2.3105011811023624
20
1.1320614566929135
11
2.310841968503937
21
1.1286009842519684
0
LINE
8
BLACK
6
CONTINUOUS
10
2.310841968503937
20
1.1286009842519684
11
2.3112204724409446
21
1.125
0
LINE
8
BLACK
6
CONTINUOUS
10
2.3112204724409446
20
1.125
11
2.3108420078740157
21
1.1213992519685039
0
LINE
8
BLACK
6
CONTINUOUS
10
2.3108420078740157
20
1.1213992519685039
11
2.3105011811023624
21
1.1179385039370078
0
LINE
8
BLACK
6
CONTINUOUS
10
2.3105011811023624
20
1.1179385039370078
11
2.3104661417322836
21
1.1178229921259841
0
LINE
8
BLACK
6
CONTINUOUS
10
2.3104661417322836
20
1.1178229921259841
11
2.3104289763779526
21
1.1174693307086614
0
LINE
8
BLACK
6
CONTINUOUS
10
2.3104289763779526
20
1.1174693307086614
11
2.3093726377952755
21
1.1142183070866141
0
LINE
8
BLACK
6
CONTINUOUS
10
2.3093726377952755
20
1.1142183070866141
11
2.3084412598425197
21
1.1111479527559054
0
LINE
8
BLACK
6
CONTINUOUS
10
2.3084412598425197
20
1.1111479527559054
11
2.3082723622047245
21
1.110831968503937
0
LINE
8
BLACK
6
CONTINUOUS
10
2.3082723622047245
20
1.110831968503937
11
2.3080890551181104
21
1.1102677952755906
0
LINE
8
BLACK
6
CONTINUOUS
10
2.3080890551181104
20
1.1102677952755906
11
2.3064955511811025
21
1.1075077559055118
0
LINE
8
BLACK
6
CONTINUOUS
10
2.3064955511811025
20
1.1075077559055118
11
2.3050964566929135
21
1.1048902362204724
0
LINE
8
BLACK
6
CONTINUOUS
10
2.3050964566929135
20
1.1048902362204724
11
2.3047181889763779
21
1.1044293307086614
0
LINE
8
BLACK
6
CONTINUOUS
10
2.3047181889763779
20
1.1044293307086614
11
2.3043029921259843
21
1.103710157480315
0
LINE
8
BLACK
6
CONTINUOUS
10
2.3043029921259843
20
1.103710157480315
11
2.3023264566929131
21
1.101515
0
LINE
8
BLACK
6
CONTINUOUS
10
2.3023264566929131
20
1.101515
11
2.3005948818897637
21
1.0994050787401575
0
LINE
8
BLACK
6
CONTINUOUS
10
2.3005948818897637
20
1.0994050787401575
11
2.2999505118110237
21
1.0988762598425197
0
LINE
8
BLACK
6
CONTINUOUS
10
2.2999505118110237
20
1.0988762598425197
11
2.2992362204724408
21
1.0980829527559055
0
LINE
8
BLACK
6
CONTINUOUS
10
2.2992362204724408
20
1.0980829527559055
11
2.2970363385826773
21
1.0964846456692914
0
LINE
8
BLACK
6
CONTINUOUS
10
2.2970363385826773
20
1.0964846456692914
11
2.2951097244094489
21
1.0949035039370079
0
LINE
8
BLACK
6
CONTINUOUS
10
2.2951097244094489
20
1.0949035039370079
11
2.2941651968503938
21
1.0943986614173229
0
LINE
8
BLACK
6
CONTINUOUS
10
2.2941651968503938
20
1.0943986614173229
11
2.2931102362204725
21
1.0936321653543306
0
LINE
8
BLACK
6
CONTINUOUS
10
2.2931102362204725
20
1.0936321653543306
11
2.2908409448818898
21
1.0926217716535433
0
LINE
8
BLACK
6
CONTINUOUS
10
2.2908409448818898
20
1.0926217716535433
11
2.2888520078740155
21
1.0915587007874015
0
LINE
8
BLACK
6
CONTINUOUS
10
2.2888520078740155
20
1.0915587007874015
11
2.2876004724409449
21
1.0911790157480314
0
LINE
8
BLACK
6
CONTINUOUS
10
2.2876004724409449
20
1.0911790157480314
11
2.2861927559055117
21
1.0905522834645669
0
LINE
8
BLACK
6
CONTINUOUS
10
2.2861927559055117
20
1.0905522834645669
11
2.2839929527559053
21
1.0900846850393699
0
LINE
8
BLACK
6
CONTINUOUS
10
2.2839929527559053
20
1.0900846850393699
11
2.2820614566929134
21
1.089498779527559
0
LINE
8
BLACK
6
CONTINUOUS
10
2.2820614566929134
20
1.089498779527559
11
2.2805239763779528
21
1.0893473228346457
0
LINE
8
BLACK
6
CONTINUOUS
10
2.2805239763779528
20
1.0893473228346457
11
2.2787860629921259
21
1.0889779527559056
0
LINE
8
BLACK
6
CONTINUOUS
10
2.2787860629921259
20
1.0889779527559056
11
2.2767732677165355
21
1.0889779527559056
0
LINE
8
BLACK
6
CONTINUOUS
10
2.2767732677165355
20
1.0889779527559056
11
2.2749999999999999
21
1.0888033070866141
0
LINE
8
BLACK
6
CONTINUOUS
10
2.2749999999999999
20
1.0888033070866141
11
2.2732267322834647
21
1.0889779527559056
0
LINE
8
BLACK
6
CONTINUOUS
10
2.2732267322834647
20
1.0889779527559056
11
2.2712139370078739
21
1.0889779527559056
0
LINE
8
BLACK
6
CONTINUOUS
10
2.2712139370078739
20
1.0889779527559056
11
2.269476023622047
21
1.0893473228346457
0
LINE
8
BLACK
6
CONTINUOUS
10
2.269476023622047
20
1.0893473228346457
11
2.2679385039370077
21
1.089498779527559
0
LINE
8
BLACK
6
CONTINUOUS
10
2.2679385039370077
20
1.089498779527559
11
2.2660068503937008
21
1.0900847244094487
0
LINE
8
BLACK
6
CONTINUOUS
10
2.2660068503937008
20
1.0900847244094487
11
2.2638072440944881
21
1.0905522834645669
0
LINE
8
BLACK
6
CONTINUOUS
10
2.2638072440944881
20
1.0905522834645669
11
2.2623995669291337
21
1.0911789763779527
0
LINE
8
BLACK
6
CONTINUOUS
10
2.2623995669291337
20
1.0911789763779527
11
2.2611479527559055
21
1.0915587007874015
0
LINE
8
BLACK
6
CONTINUOUS
10
2.2611479527559055
20
1.0915587007874015
11
2.2591587795275592
21
1.0926218897637796
0
LINE
8
BLACK
6
CONTINUOUS
10
2.2591587795275592
20
1.0926218897637796
11
2.2568897637795273
21
1.0936321653543306
0
LINE
8
BLACK
6
CONTINUOUS
10
2.2568897637795273
20
1.0936321653543306
11
2.2558348425196848
21
1.0943985826771654
0
LINE
8
BLACK
6
CONTINUOUS
10
2.2558348425196848
20
1.0943985826771654
11
2.2548902362204726
21
1.0949035039370079
0
LINE
8
BLACK
6
CONTINUOUS
10
2.2548902362204726
20
1.0949035039370079
11
2.2529632677165354
21
1.0964848818897637
0
LINE
8
BLACK
6
CONTINUOUS
10
2.2529632677165354
20
1.0964848818897637
11
2.250763779527559
21
1.0980829527559055
0
LINE
8
BLACK
6
CONTINUOUS
10
2.250763779527559
20
1.0980829527559055
11
2.2500495669291336
21
1.0988761417322834
0
LINE
8
BLACK
6
CONTINUOUS
10
2.2500495669291336
20
1.0988761417322834
11
2.2494050787401574
21
1.0994050787401575
0
LINE
8
BLACK
6
CONTINUOUS
10
2.2494050787401574
20
1.0994050787401575
11
2.2476730708661417
21
1.1015154724409448
0
LINE
8
BLACK
6
CONTINUOUS
10
2.2476730708661417
20
1.1015154724409448
11
2.2456970078740155
21
1.103710157480315
0
LINE
8
BLACK
6
CONTINUOUS
10
2.2456970078740155
20
1.103710157480315
11
2.2452818503937007
21
1.1044291732283464
0
LINE
8
BLACK
6
CONTINUOUS
10
2.2452818503937007
20
1.1044291732283464
11
2.244903503937008
21
1.1048902362204724
0
LINE
8
BLACK
6
CONTINUOUS
10
2.244903503937008
20
1.1048902362204724
11
2.2435038976377952
21
1.1075087007874016
0
LINE
8
BLACK
6
CONTINUOUS
10
2.2435038976377952
20
1.1075087007874016
11
2.2419109448818899
21
1.1102677952755906
0
LINE
8
BLACK
6
CONTINUOUS
10
2.2419109448818899
20
1.1102677952755906
11
2.2417276771653545
21
1.1108317716535432
0
LINE
8
BLACK
6
CONTINUOUS
10
2.2417276771653545
20
1.1108317716535432
11
2.2415587007874014
21
1.1111479527559054
0
LINE
8
BLACK
6
CONTINUOUS
10
2.2415587007874014
20
1.1111479527559054
11
2.2406267322834643
21
1.114220157480315
0
LINE
8
BLACK
6
CONTINUOUS
10
2.2406267322834643
20
1.114220157480315
11
2.2395710236220472
21
1.1174693307086614
0
LINE
8
BLACK
6
CONTINUOUS
10
2.2395710236220472
20
1.1174693307086614
11
2.2395338582677167
21
1.1178227952755906
0
LINE
8
BLACK
6
CONTINUOUS
10
2.2395338582677167
20
1.1178227952755906
11
2.2394987795275592
21
1.1179385039370078
0
LINE
8
BLACK
6
CONTINUOUS
10
2.2394987795275592
20
1.1179385039370078
11
2.2391573228346457
21
1.1214051968503937
0
LINE
8
BLACK
6
CONTINUOUS
10
2.2391573228346457
20
1.1214051968503937
11
2.2387795275590552
21
1.125
0
LINE
8
BLACK
6
CONTINUOUS
10
2.2387795275590552
20
1.125
11
2.2391573622047245
21
1.1285950393700788
0
LINE
8
BLACK
6
CONTINUOUS
10
2.2391573622047245
20
1.1285950393700788
11
2.2394987795275592
21
1.1320614566929135
0
LINE
8
BLACK
6
CONTINUOUS
10
2.2394987795275592
20
1.1320614566929135
11
2.2395338582677167
21
1.1321770866141732
0
LINE
8
BLACK
6
CONTINUOUS
10
2.2395338582677167
20
1.1321770866141732
11
2.2395710236220472
21
1.1325306692913386
0
LINE
8
BLACK
6
CONTINUOUS
10
2.2395710236220472
20
1.1325306692913386
11
2.2406268897637793
21
1.1357803543307086
0
LINE
8
BLACK
6
CONTINUOUS
10
2.2406268897637793
20
1.1357803543307086
11
2.2415587007874014
21
1.1388520078740156
0
LINE
8
BLACK
6
CONTINUOUS
10
2.2415587007874014
20
1.1388520078740156
11
2.2417276377952757
21
1.1391680708661418
0
LINE
8
BLACK
6
CONTINUOUS
10
2.2417276377952757
20
1.1391680708661418
11
2.2419109448818899
21
1.1397322047244094
0
LINE
8
BLACK
6
CONTINUOUS
10
2.2419109448818899
20
1.1397322047244094
11
2.2435041732283465
21
1.1424917716535432
0
LINE
8
BLACK
6
CONTINUOUS
10
2.2435041732283465
20
1.1424917716535432
11
2.244903503937008
21
1.1451097244094488
0
LINE
8
BLACK
6
CONTINUOUS
10
2.244903503937008
20
1.1451097244094488
11
2.2452817716535431
21
1.1455706299212598
0
LINE
8
BLACK
6
CONTINUOUS
10
2.2452817716535431
20
1.1455706299212598
11
2.2456970078740155
21
1.146289842519685
0
LINE
8
BLACK
6
CONTINUOUS
10
2.2456970078740155
20
1.146289842519685
11
2.2476734251968504
21
1.1484848818897637
0
LINE
8
BLACK
6
CONTINUOUS
10
2.2476734251968504
20
1.1484848818897637
11
2.2494050787401574
21
1.1505948818897638
0
LINE
8
BLACK
6
CONTINUOUS
10
2.2494050787401574
20
1.1505948818897638
11
2.2500494488188978
21
1.1511237007874016
0
LINE
8
BLACK
6
CONTINUOUS
10
2.2500494488188978
20
1.1511237007874016
11
2.250763779527559
21
1.1519170472440945
0
LINE
8
BLACK
6
CONTINUOUS
10
2.250763779527559
20
1.1519170472440945
11
2.2529637007874017
21
1.1535153543307086
0
LINE
8
BLACK
6
CONTINUOUS
10
2.2529637007874017
20
1.1535153543307086
11
2.2548902362204726
21
1.1550964566929134
0
LINE
8
BLACK
6
CONTINUOUS
10
2.2548902362204726
20
1.1550964566929134
11
2.2558346456692915
21
1.1556012598425196
0
LINE
8
BLACK
6
CONTINUOUS
10
2.2558346456692915
20
1.1556012598425196
11
2.2568897637795273
21
1.1563678346456692
0
LINE
8
BLACK
6
CONTINUOUS
10
2.2568897637795273
20
1.1563678346456692
11
2.2591592519685038
21
1.1573782677165354
0
LINE
8
BLACK
6
CONTINUOUS
10
2.2591592519685038
20
1.1573782677165354
11
2.2611479527559055
21
1.1584412598425196
0
LINE
8
BLACK
6
CONTINUOUS
10
2.2611479527559055
20
1.1584412598425196
11
2.2623992913385824
21
1.1588208267716535
0
LINE
8
BLACK
6
CONTINUOUS
10
2.2623992913385824
20
1.1588208267716535
11
2.2638072440944881
21
1.1594477165354331
0
LINE
8
BLACK
6
CONTINUOUS
10
2.2638072440944881
20
1.1594477165354331
11
2.266007283464567
21
1.1599153149606298
0
LINE
8
BLACK
6
CONTINUOUS
10
2.266007283464567
20
1.1599153149606298
11
2.2679385039370077
21
1.1605011811023622
0
LINE
8
BLACK
6
CONTINUOUS
10
2.2679385039370077
20
1.1605011811023622
11
2.2694756692913387
21
1.160652559055118
0
LINE
8
BLACK
6
CONTINUOUS
10
2.2694756692913387
20
1.160652559055118
11
2.2712139370078739
21
1.1610220472440944
0
LINE
8
BLACK
6
CONTINUOUS
10
2.2712139370078739
20
1.1610220472440944
11
2.2732271259842518
21
1.1610220472440944
0
LINE
8
BLACK
6
CONTINUOUS
10
2.2732271259842518
20
1.1610220472440944
11
2.2749999999999999
21
1.1611966535433071
0
LINE
8
BLACK
6
CONTINUOUS
10
2.2749999999999999
20
1.1611966535433071
11
2.276772874015748
21
1.1610220472440944
0
LINE
8
BLACK
6
CONTINUOUS
10
1.9431322047244095
20
1.1603072834645669
11
1.9444183858267716
21
1.1601379921259842
0
LINE
8
BLACK
6
CONTINUOUS
10
1.9444183858267716
20
1.1601379921259842
11
1.9447418897637794
21
1.159987125984252
0
LINE
8
BLACK
6
CONTINUOUS
10
1.9447418897637794
20
1.159987125984252
11
1.9455132677165354
21
1.1598337007874016
0
LINE
8
BLACK
6
CONTINUOUS
10
1.9455132677165354
20
1.1598337007874016
11
1.9465348425196849
21
1.159151062992126
0
LINE
8
BLACK
6
CONTINUOUS
10
1.9465348425196849
20
1.159151062992126
11
1.9469727559055117
21
1.1589468897637796
0
LINE
8
BLACK
6
CONTINUOUS
10
1.9469727559055117
20
1.1589468897637796
11
1.9472391732283465
21
1.1586804330708662
0
LINE
8
BLACK
6
CONTINUOUS
10
1.9472391732283465
20
1.1586804330708662
11
1.9480677559055117
21
1.158126811023622
0
LINE
8
BLACK
6
CONTINUOUS
10
1.9480677559055117
20
1.158126811023622
11
1.9486213779527559
21
1.1572982283464566
0
LINE
8
BLACK
6
CONTINUOUS
10
1.9486213779527559
20
1.1572982283464566
11
1.9488878346456693
21
1.157031811023622
0
LINE
8
BLACK
6
CONTINUOUS
10
1.9488878346456693
20
1.157031811023622
11
1.9490920078740157
21
1.1565938976377952
0
LINE
8
BLACK
6
CONTINUOUS
10
1.9490920078740157
20
1.1565938976377952
11
1.9497746456692913
21
1.1555723228346457
0
LINE
8
BLACK
6
CONTINUOUS
10
1.9497746456692913
20
1.1555723228346457
11
1.9499280708661417
21
1.1548009448818897
0
LINE
8
BLACK
6
CONTINUOUS
10
1.9499280708661417
20
1.1548009448818897
11
1.9500789370078739
21
1.1544774409448819
0
LINE
8
BLACK
6
CONTINUOUS
10
1.9500789370078739
20
1.1544774409448819
11
1.9502482677165354
21
1.1531911811023621
0
LINE
8
BLACK
6
CONTINUOUS
10
1.9502482677165354
20
1.1531911811023621
11
1.9503740157480314
21
1.1525590551181102
0
LINE
8
BLACK
6
CONTINUOUS
10
1.9503740157480314
20
1.1525590551181102
11
1.9503740157480314
21
1.0974409448818898
0
LINE
8
BLACK
6
CONTINUOUS
10
1.9503740157480314
20
1.0974409448818898
11
1.9502482677165354
21
1.096808779527559
0
LINE
8
BLACK
6
CONTINUOUS
10
1.9502482677165354
20
1.096808779527559
11
1.9500789370078739
21
1.0955225196850393
0
LINE
8
BLACK
6
CONTINUOUS
10
1.9500789370078739
20
1.0955225196850393
11
1.949928031496063
21
1.0951989370078741
0
LINE
8
BLACK
6
CONTINUOUS
10
1.949928031496063
20
1.0951989370078741
11
1.9497746456692913
21
1.0944276771653543
0
LINE
8
BLACK
6
CONTINUOUS
10
1.9497746456692913
20
1.0944276771653543
11
1.9490920472440945
21
1.0934061417322833
0
LINE
8
BLACK
6
CONTINUOUS
10
1.9490920472440945
20
1.0934061417322833
11
1.9488878346456693
21
1.0929681496062993
0
LINE
8
BLACK
6
CONTINUOUS
10
1.9488878346456693
20
1.0929681496062993
11
1.9486212992125984
21
1.0927016141732284
0
LINE
8
BLACK
6
CONTINUOUS
10
1.9486212992125984
20
1.0927016141732284
11
1.9480677559055117
21
1.091873188976378
0
LINE
8
BLACK
6
CONTINUOUS
10
1.9480677559055117
20
1.091873188976378
11
1.9472392913385825
21
1.0913196062992125
0
LINE
8
BLACK
6
CONTINUOUS
10
1.9472392913385825
20
1.0913196062992125
11
1.9469727559055117
21
1.0910530708661417
0
LINE
8
BLACK
6
CONTINUOUS
10
1.9469727559055117
20
1.0910530708661417
11
1.9465346456692914
21
1.090848779527559
0
LINE
8
BLACK
6
CONTINUOUS
10
1.9465346456692914
20
1.090848779527559
11
1.9455132677165354
21
1.0901662992125984
0
LINE
8
BLACK
6
CONTINUOUS
10
1.9455132677165354
20
1.0901662992125984
11
1.9447420472440944
21
1.090012874015748
0
LINE
8
BLACK
6
CONTINUOUS
10
1.9447420472440944
20
1.090012874015748
11
1.9444183858267716
21
1.089861968503937
0
LINE
8
BLACK
6
CONTINUOUS
10
1.9444183858267716
20
1.089861968503937
11
1.9431315354330707
21
1.0896925196850393
0
LINE
8
BLACK
6
CONTINUOUS
10
1.9431315354330707
20
1.0896925196850393
11
1.9424999999999999
21
1.0895669291338583
0
LINE
8
BLACK
6
CONTINUOUS
10
1.9424999999999999
20
1.0895669291338583
11
1.9421773622047243
21
1.0895669291338583
0
LINE
8
BLACK
6
CONTINUOUS
10
1.9421773622047243
20
1.0895669291338583
11
1.9078226771653544
21
1.0895669291338583
0
LINE
8
BLACK
6
CONTINUOUS
10
1.9078226771653544
20
1.0895669291338583
11
1.9075
21
1.0895669291338583
0
LINE
8
BLACK
6
CONTINUOUS
10
1.9075
20
1.0895669291338583
11
1.9068684251968504
21
1.0896925196850393
0
LINE
8
BLACK
6
CONTINUOUS
10
1.9068684251968504
20
1.0896925196850393
11
1.9055815748031495
21
1.089861968503937
0
LINE
8
BLACK
6
CONTINUOUS
10
1.9055815748031495
20
1.089861968503937
11
1.9052578346456692
21
1.090012874015748
0
LINE
8
BLACK
6
CONTINUOUS
10
1.9052578346456692
20
1.090012874015748
11
1.9044867322834644
21
1.0901662992125984
0
LINE
8
BLACK
6
CONTINUOUS
10
1.9044867322834644
20
1.0901662992125984
11
1.9034653937007873
21
1.0908487007874015
0
LINE
8
BLACK
6
CONTINUOUS
10
1.9034653937007873
20
1.0908487007874015
11
1.9030272047244094
21
1.0910530708661417
0
LINE
8
BLACK
6
CONTINUOUS
10
1.9030272047244094
20
1.0910530708661417
11
1.9027605511811023
21
1.09131968503937
0
LINE
8
BLACK
6
CONTINUOUS
10
1.9027605511811023
20
1.09131968503937
11
1.9019322440944881
21
1.091873188976378
0
LINE
8
BLACK
6
CONTINUOUS
10
1.9019322440944881
20
1.091873188976378
11
1.9013787401574802
21
1.0927014960629922
0
LINE
8
BLACK
6
CONTINUOUS
10
1.9013787401574802
20
1.0927014960629922
11
1.9011121259842518
21
1.0929681496062993
0
LINE
8
BLACK
6
CONTINUOUS
10
1.9011121259842518
20
1.0929681496062993
11
1.9009077559055119
21
1.0934063385826771
0
LINE
8
BLACK
6
CONTINUOUS
10
1.9009077559055119
20
1.0934063385826771
11
1.9002253543307086
21
1.0944276771653543
0
LINE
8
BLACK
6
CONTINUOUS
10
1.9002253543307086
20
1.0944276771653543
11
1.9000719291338581
21
1.0951987795275591
0
LINE
8
BLACK
6
CONTINUOUS
10
1.9000719291338581
20
1.0951987795275591
11
1.8999210236220472
21
1.0955225196850393
0
LINE
8
BLACK
6
CONTINUOUS
10
1.8999210236220472
20
1.0955225196850393
11
1.8997515748031495
21
1.0968094488188975
0
LINE
8
BLACK
6
CONTINUOUS
10
1.8997515748031495
20
1.0968094488188975
11
1.8996259842519685
21
1.0974409448818898
0
LINE
8
BLACK
6
CONTINUOUS
10
1.8996259842519685
20
1.0974409448818898
11
1.8996259842519685
21
1.1525590551181102
0
LINE
8
BLACK
6
CONTINUOUS
10
1.8996259842519685
20
1.1525590551181102
11
1.8997516141732282
21
1.1531906692913385
0
LINE
8
BLACK
6
CONTINUOUS
10
1.8997516141732282
20
1.1531906692913385
11
1.8999210236220472
21
1.1544774409448819
0
LINE
8
BLACK
6
CONTINUOUS
10
1.8999210236220472
20
1.1544774409448819
11
1.9000719291338581
21
1.1548011023622047
0
LINE
8
BLACK
6
CONTINUOUS
10
1.9000719291338581
20
1.1548011023622047
11
1.9002253543307086
21
1.1555723228346457
0
LINE
8
BLACK
6
CONTINUOUS
10
1.9002253543307086
20
1.1555723228346457
11
1.9009078346456691
21
1.1565937007874016
0
LINE
8
BLACK
6
CONTINUOUS
10
1.9009078346456691
20
1.1565937007874016
11
1.9011121259842518
21
1.157031811023622
0
LINE
8
BLACK
6
CONTINUOUS
10
1.9011121259842518
20
1.157031811023622
11
1.9013786614173227
21
1.1572983464566928
0
LINE
8
BLACK
6
CONTINUOUS
10
1.9013786614173227
20
1.1572983464566928
11
1.9019322440944881
21
1.158126811023622
0
LINE
8
BLACK
6
CONTINUOUS
10
1.9019322440944881
20
1.158126811023622
11
1.9027606692913386
21
1.1586803543307087
0
LINE
8
BLACK
6
CONTINUOUS
10
1.9027606692913386
20
1.1586803543307087
11
1.9030272047244094
21
1.1589468897637796
0
LINE
8
BLACK
6
CONTINUOUS
10
1.9030272047244094
20
1.1589468897637796
11
1.9034651968503937
21
1.1591511023622048
0
LINE
8
BLACK
6
CONTINUOUS
10
1.9034651968503937
20
1.1591511023622048
11
1.9044867322834644
21
1.1598337007874016
0
LINE
8
BLACK
6
CONTINUOUS
10
1.9044867322834644
20
1.1598337007874016
11
1.9052579921259842
21
1.1599870866141733
0
LINE
8
BLACK
6
CONTINUOUS
10
1.9052579921259842
20
1.1599870866141733
11
1.9055815748031495
21
1.1601379921259842
0
LINE
8
BLACK
6
CONTINUOUS
10
1.9055815748031495
20
1.1601379921259842
11
1.9068679133858266
21
1.1603073228346457
0
LINE
8
BLACK
6
CONTINUOUS
10
1.9068679133858266
20
1.1603073228346457
11
1.9075
21
1.1604330708661417
0
LINE
8
BLACK
6
CONTINUOUS
10
1.9075
20
1.1604330708661417
11
1.9424999999999999
21
1.1604330708661417
0
LINE
8
BLACK
6
CONTINUOUS
10
1.9424999999999999
20
1.1604330708661417
11
1.9431322047244095
21
1.1603072834645669
0
LINE
8
BLACK
6
CONTINUOUS
10
2.0183290551181101
20
1.1603072834645669
11
2.0196152362204725
21
1.1601379921259842
0
LINE
8
BLACK
6
CONTINUOUS
10
2.0196152362204725
20
1.1601379921259842
11
2.0199387401574804
21
1.159987125984252
0
LINE
8
BLACK
6
CONTINUOUS
10
2.0199387401574804
20
1.159987125984252
11
2.020710118110236
21
1.1598337007874016
0
LINE
8
BLACK
6
CONTINUOUS
10
2.020710118110236
20
1.1598337007874016
11
2.0217316929133857
21
1.159151062992126
0
LINE
8
BLACK
6
CONTINUOUS
10
2.0217316929133857
20
1.159151062992126
11
2.0221696062992125
21
1.1589468897637796
0
LINE
8
BLACK
6
CONTINUOUS
10
2.0221696062992125
20
1.1589468897637796
11
2.0224360236220473
21
1.1586804330708662
0
LINE
8
BLACK
6
CONTINUOUS
10
2.0224360236220473
20
1.1586804330708662
11
2.0232646062992123
21
1.158126811023622
0
LINE
8
BLACK
6
CONTINUOUS
10
2.0232646062992123
20
1.158126811023622
11
2.0238182283464567
21
1.1572982283464566
0
LINE
8
BLACK
6
CONTINUOUS
10
2.0238182283464567
20
1.1572982283464566
11
2.0240846850393699
21
1.157031811023622
0
LINE
8
BLACK
6
CONTINUOUS
10
2.0240846850393699
20
1.157031811023622
11
2.0242888582677163
21
1.1565938976377952
0
LINE
8
BLACK
6
CONTINUOUS
10
2.0242888582677163
20
1.1565938976377952
11
2.0249714960629919
21
1.1555723228346457
0
LINE
8
BLACK
6
CONTINUOUS
10
2.0249714960629919
20
1.1555723228346457
11
2.0251249212598426
21
1.1548009448818897
0
LINE
8
BLACK
6
CONTINUOUS
10
2.0251249212598426
20
1.1548009448818897
11
2.0252757874015748
21
1.1544774409448819
0
LINE
8
BLACK
6
CONTINUOUS
10
2.0252757874015748
20
1.1544774409448819
11
2.0254451181102362
21
1.1531911811023621
0
LINE
8
BLACK
6
CONTINUOUS
10
2.0254451181102362
20
1.1531911811023621
11
2.0255708661417322
21
1.1525590551181102
0
LINE
8
BLACK
6
CONTINUOUS
10
2.0255708661417322
20
1.1525590551181102
11
2.0255708661417322
21
1.0974409448818898
0
LINE
8
BLACK
6
CONTINUOUS
10
2.0255708661417322
20
1.0974409448818898
11
2.0254451181102362
21
1.096808779527559
0
LINE
8
BLACK
6
CONTINUOUS
10
2.0254451181102362
20
1.096808779527559
11
2.0252757874015748
21
1.0955225196850393
0
LINE
8
BLACK
6
CONTINUOUS
10
2.0252757874015748
20
1.0955225196850393
11
2.0251248818897638
21
1.0951989370078741
0
LINE
8
BLACK
6
CONTINUOUS
10
2.0251248818897638
20
1.0951989370078741
11
2.0249714960629919
21
1.0944276771653543
0
LINE
8
BLACK
6
CONTINUOUS
10
2.0249714960629919
20
1.0944276771653543
11
2.0242888976377951
21
1.0934061417322833
0
LINE
8
BLACK
6
CONTINUOUS
10
2.0242888976377951
20
1.0934061417322833
11
2.0240846850393699
21
1.0929681496062993
0
LINE
8
BLACK
6
CONTINUOUS
10
2.0240846850393699
20
1.0929681496062993
11
2.0238181496062992
21
1.0927016141732284
0
LINE
8
BLACK
6
CONTINUOUS
10
2.0238181496062992
20
1.0927016141732284
11
2.0232646062992123
21
1.091873188976378
0
LINE
8
BLACK
6
CONTINUOUS
10
2.0232646062992123
20
1.091873188976378
11
2.0224361417322836
21
1.0913196062992125
0
LINE
8
BLACK
6
CONTINUOUS
10
2.0224361417322836
20
1.0913196062992125
11
2.0221696062992125
21
1.0910530708661417
0
LINE
8
BLACK
6
CONTINUOUS
10
2.0221696062992125
20
1.0910530708661417
11
2.021731496062992
21
1.090848779527559
0
LINE
8
BLACK
6
CONTINUOUS
10
2.021731496062992
20
1.090848779527559
11
2.020710118110236
21
1.0901662992125984
0
LINE
8
BLACK
6
CONTINUOUS
10
2.020710118110236
20
1.0901662992125984
11
2.0199388976377954
21
1.090012874015748
0
LINE
8
BLACK
6
CONTINUOUS
10
2.0199388976377954
20
1.090012874015748
11
2.0196152362204725
21
1.089861968503937
0
LINE
8
BLACK
6
CONTINUOUS
10
2.0196152362204725
20
1.089861968503937
11
2.0183283858267718
21
1.0896925196850393
0
LINE
8
BLACK
6
CONTINUOUS
10
2.0183283858267718
20
1.0896925196850393
11
2.0176968503937007
21
1.0895669291338583
0
LINE
8
BLACK
6
CONTINUOUS
10
2.0176968503937007
20
1.0895669291338583
11
2.0173742125984253
21
1.0895669291338583
0
LINE
8
BLACK
6
CONTINUOUS
10
2.0173742125984253
20
1.0895669291338583
11
1.9826258267716534
21
1.0895669291338583
0
LINE
8
BLACK
6
CONTINUOUS
10
1.9826258267716534
20
1.0895669291338583
11
1.9823031496062993
21
1.0895669291338583
0
LINE
8
BLACK
6
CONTINUOUS
10
1.9823031496062993
20
1.0895669291338583
11
1.9816715748031495
21
1.0896925196850393
0
LINE
8
BLACK
6
CONTINUOUS
10
1.9816715748031495
20
1.0896925196850393
11
1.9803847244094488
21
1.089861968503937
0
LINE
8
BLACK
6
CONTINUOUS
10
1.9803847244094488
20
1.089861968503937
11
1.9800609842519685
21
1.090012874015748
0
LINE
8
BLACK
6
CONTINUOUS
10
1.9800609842519685
20
1.090012874015748
11
1.9792898818897637
21
1.0901662992125984
0
LINE
8
BLACK
6
CONTINUOUS
10
1.9792898818897637
20
1.0901662992125984
11
1.9782685433070866
21
1.0908487007874015
0
LINE
8
BLACK
6
CONTINUOUS
10
1.9782685433070866
20
1.0908487007874015
11
1.9778303543307085
21
1.0910530708661417
0
LINE
8
BLACK
6
CONTINUOUS
10
1.9778303543307085
20
1.0910530708661417
11
1.9775637007874016
21
1.09131968503937
0
LINE
8
BLACK
6
CONTINUOUS
10
1.9775637007874016
20
1.09131968503937
11
1.9767353937007874
21
1.091873188976378
0
LINE
8
BLACK
6
CONTINUOUS
10
1.9767353937007874
20
1.091873188976378
11
1.9761818897637795
21
1.0927014960629922
0
LINE
8
BLACK
6
CONTINUOUS
10
1.9761818897637795
20
1.0927014960629922
11
1.9759152755905511
21
1.0929681496062993
0
LINE
8
BLACK
6
CONTINUOUS
10
1.9759152755905511
20
1.0929681496062993
11
1.9757109055118109
21
1.0934063385826771
0
LINE
8
BLACK
6
CONTINUOUS
10
1.9757109055118109
20
1.0934063385826771
11
1.9750285039370079
21
1.0944276771653543
0
LINE
8
BLACK
6
CONTINUOUS
10
1.9750285039370079
20
1.0944276771653543
11
1.9748750787401574
21
1.0951987795275591
0
LINE
8
BLACK
6
CONTINUOUS
10
1.9748750787401574
20
1.0951987795275591
11
1.9747241732283465
21
1.0955225196850393
0
LINE
8
BLACK
6
CONTINUOUS
10
1.9747241732283465
20
1.0955225196850393
11
1.9745547244094488
21
1.0968094488188975
0
LINE
8
BLACK
6
CONTINUOUS
10
1.9745547244094488
20
1.0968094488188975
11
1.9744291338582676
21
1.0974409448818898
0
LINE
8
BLACK
6
CONTINUOUS
10
1.9744291338582676
20
1.0974409448818898
11
1.9744291338582676
21
1.1525590551181102
0
LINE
8
BLACK
6
CONTINUOUS
10
1.9744291338582676
20
1.1525590551181102
11
1.9745547637795275
21
1.1531906692913385
0
LINE
8
BLACK
6
CONTINUOUS
10
1.9745547637795275
20
1.1531906692913385
11
1.9747241732283465
21
1.1544774409448819
0
LINE
8
BLACK
6
CONTINUOUS
10
1.9747241732283465
20
1.1544774409448819
11
1.9748750787401574
21
1.1548011023622047
0
LINE
8
BLACK
6
CONTINUOUS
10
1.9748750787401574
20
1.1548011023622047
11
1.9750285039370079
21
1.1555723228346457
0
LINE
8
BLACK
6
CONTINUOUS
10
1.9750285039370079
20
1.1555723228346457
11
1.9757109842519684
21
1.1565937007874016
0
LINE
8
BLACK
6
CONTINUOUS
10
1.9757109842519684
20
1.1565937007874016
11
1.9759152755905511
21
1.157031811023622
0
LINE
8
BLACK
6
CONTINUOUS
10
1.9759152755905511
20
1.157031811023622
11
1.976181811023622
21
1.1572983464566928
0
LINE
8
BLACK
6
CONTINUOUS
10
1.976181811023622
20
1.1572983464566928
11
1.9767353937007874
21
1.158126811023622
0
LINE
8
BLACK
6
CONTINUOUS
10
1.9767353937007874
20
1.158126811023622
11
1.9775638188976377
21
1.1586803543307087
0
LINE
8
BLACK
6
CONTINUOUS
10
1.9775638188976377
20
1.1586803543307087
11
1.9778303543307085
21
1.1589468897637796
0
LINE
8
BLACK
6
CONTINUOUS
10
1.9778303543307085
20
1.1589468897637796
11
1.9782683464566928
21
1.1591511023622048
0
LINE
8
BLACK
6
CONTINUOUS
10
1.9782683464566928
20
1.1591511023622048
11
1.9792898818897637
21
1.1598337007874016
0
LINE
8
BLACK
6
CONTINUOUS
10
1.9792898818897637
20
1.1598337007874016
11
1.9800611417322833
21
1.1599870866141733
0
LINE
8
BLACK
6
CONTINUOUS
10
1.9800611417322833
20
1.1599870866141733
11
1.9803847244094488
21
1.1601379921259842
0
LINE
8
BLACK
6
CONTINUOUS
10
1.9803847244094488
20
1.1601379921259842
11
1.9816710629921259
21
1.1603073228346457
0
LINE
8
BLACK
6
CONTINUOUS
10
1.9816710629921259
20
1.1603073228346457
11
1.9823031496062993
21
1.1604330708661417
0
LINE
8
BLACK
6
CONTINUOUS
10
1.9823031496062993
20
1.1604330708661417
11
2.0176968503937007
21
1.1604330708661417
0
LINE
8
BLACK
6
CONTINUOUS
10
2.0176968503937007
20
1.1604330708661417
11
2.0183290551181101
21
1.1603072834645669
0
LINE
8
BLACK
6
CONTINUOUS
10
0.1106322047244094
20
1.2577482283464567
11
0.1119183858267716
21
1.257578937007874
0
LINE
8
BLACK
6
CONTINUOUS
10
0.1119183858267716
20
1.257578937007874
11
0.1122418897637795
21
1.2574280708661416
0
LINE
8
BLACK
6
CONTINUOUS
10
0.1122418897637795
20
1.2574280708661416
11
0.1130132677165354
21
1.2572746456692914
0
LINE
8
BLACK
6
CONTINUOUS
10
0.1130132677165354
20
1.2572746456692914
11
0.114034842519685
21
1.2565920078740158
0
LINE
8
BLACK
6
CONTINUOUS
10
0.114034842519685
20
1.2565920078740158
11
0.1144727559055118
21
1.2563878346456692
0
LINE
8
BLACK
6
CONTINUOUS
10
0.1144727559055118
20
1.2563878346456692
11
0.1147391732283465
21
1.2561213779527558
0
LINE
8
BLACK
6
CONTINUOUS
10
0.1147391732283465
20
1.2561213779527558
11
0.1155677559055118
21
1.2555677559055118
0
LINE
8
BLACK
6
CONTINUOUS
10
0.1155677559055118
20
1.2555677559055118
11
0.1161213779527559
21
1.2547391732283464
0
LINE
8
BLACK
6
CONTINUOUS
10
0.1161213779527559
20
1.2547391732283464
11
0.1163878346456693
21
1.2544727559055118
0
LINE
8
BLACK
6
CONTINUOUS
10
0.1163878346456693
20
1.2544727559055118
11
0.1165920078740157
21
1.254034842519685
0
LINE
8
BLACK
6
CONTINUOUS
10
0.1165920078740157
20
1.254034842519685
11
0.1172746456692913
21
1.2530132677165353
0
LINE
8
BLACK
6
CONTINUOUS
10
0.1172746456692913
20
1.2530132677165353
11
0.1174280708661417
21
1.2522418897637795
0
LINE
8
BLACK
6
CONTINUOUS
10
0.1174280708661417
20
1.2522418897637795
11
0.117578937007874
21
1.2519183858267717
0
LINE
8
BLACK
6
CONTINUOUS
10
0.117578937007874
20
1.2519183858267717
11
0.1177482677165354
21
1.2506321259842519
0
LINE
8
BLACK
6
CONTINUOUS
10
0.1177482677165354
20
1.2506321259842519
11
0.1178740157480315
21
1.25
0
LINE
8
BLACK
6
CONTINUOUS
10
0.1178740157480315
20
1.25
11
0.1178740157480315
21
1.1899999999999999
0
LINE
8
BLACK
6
CONTINUOUS
10
0.1178740157480315
20
1.1899999999999999
11
0.1177482677165354
21
1.1893678346456693
0
LINE
8
BLACK
6
CONTINUOUS
10
0.1177482677165354
20
1.1893678346456693
11
0.117578937007874
21
1.1880815748031497
0
LINE
8
BLACK
6
CONTINUOUS
10
0.117578937007874
20
1.1880815748031497
11
0.117428031496063
21
1.1877579921259842
0
LINE
8
BLACK
6
CONTINUOUS
10
0.117428031496063
20
1.1877579921259842
11
0.1172746456692913
21
1.1869867322834646
0
LINE
8
BLACK
6
CONTINUOUS
10
0.1172746456692913
20
1.1869867322834646
11
0.1165920472440945
21
1.1859651968503937
0
LINE
8
BLACK
6
CONTINUOUS
10
0.1165920472440945
20
1.1859651968503937
11
0.1163878346456693
21
1.1855272047244094
0
LINE
8
BLACK
6
CONTINUOUS
10
0.1163878346456693
20
1.1855272047244094
11
0.1161212992125984
21
1.1852606692913386
0
LINE
8
BLACK
6
CONTINUOUS
10
0.1161212992125984
20
1.1852606692913386
11
0.1155677559055118
21
1.1844322440944881
0
LINE
8
BLACK
6
CONTINUOUS
10
0.1155677559055118
20
1.1844322440944881
11
0.1147392913385827
21
1.1838786614173229
0
LINE
8
BLACK
6
CONTINUOUS
10
0.1147392913385827
20
1.1838786614173229
11
0.1144727559055118
21
1.183612125984252
0
LINE
8
BLACK
6
CONTINUOUS
10
0.1144727559055118
20
1.183612125984252
11
0.1140346456692913
21
1.1834078346456693
0
LINE
8
BLACK
6
CONTINUOUS
10
0.1140346456692913
20
1.1834078346456693
11
0.1130132677165354
21
1.1827253543307086
0
LINE
8
BLACK
6
CONTINUOUS
10
0.1130132677165354
20
1.1827253543307086
11
0.1122420472440945
21
1.1825719291338583
0
LINE
8
BLACK
6
CONTINUOUS
10
0.1122420472440945
20
1.1825719291338583
11
0.1119183858267716
21
1.1824210236220472
0
LINE
8
BLACK
6
CONTINUOUS
10
0.1119183858267716
20
1.1824210236220472
11
0.1106315354330709
21
1.1822515748031497
0
LINE
8
BLACK
6
CONTINUOUS
10
0.1106315354330709
20
1.1822515748031497
11
0.11
21
1.1821259842519685
0
LINE
8
BLACK
6
CONTINUOUS
10
0.11
20
1.1821259842519685
11
0.1096773622047244
21
1.1821259842519685
0
LINE
8
BLACK
6
CONTINUOUS
10
0.1096773622047244
20
1.1821259842519685
11
0.0503226771653543
21
1.1821259842519685
0
LINE
8
BLACK
6
CONTINUOUS
10
0.0503226771653543
20
1.1821259842519685
11
0.05
21
1.1821259842519685
0
LINE
8
BLACK
6
CONTINUOUS
10
0.05
20
1.1821259842519685
11
0.0493684251968504
21
1.1822515748031497
0
LINE
8
BLACK
6
CONTINUOUS
10
0.0493684251968504
20
1.1822515748031497
11
0.0480815748031496
21
1.1824210236220472
0
LINE
8
BLACK
6
CONTINUOUS
10
0.0480815748031496
20
1.1824210236220472
11
0.0477578346456693
21
1.1825719291338583
0
LINE
8
BLACK
6
CONTINUOUS
10
0.0477578346456693
20
1.1825719291338583
11
0.0469867322834646
21
1.1827253543307086
0
LINE
8
BLACK
6
CONTINUOUS
10
0.0469867322834646
20
1.1827253543307086
11
0.0459653937007874
21
1.1834077559055118
0
LINE
8
BLACK
6
CONTINUOUS
10
0.0459653937007874
20
1.1834077559055118
11
0.0455272047244095
21
1.183612125984252
0
LINE
8
BLACK
6
CONTINUOUS
10
0.0455272047244095
20
1.183612125984252
11
0.0452605511811024
21
1.1838787401574802
0
LINE
8
BLACK
6
CONTINUOUS
10
0.0452605511811024
20
1.1838787401574802
11
0.0444322440944882
21
1.1844322440944881
0
LINE
8
BLACK
6
CONTINUOUS
10
0.0444322440944882
20
1.1844322440944881
11
0.0438787401574803
21
1.1852605511811023
0
LINE
8
BLACK
6
CONTINUOUS
10
0.0438787401574803
20
1.1852605511811023
11
0.043612125984252
21
1.1855272047244094
0
LINE
8
BLACK
6
CONTINUOUS
10
0.043612125984252
20
1.1855272047244094
11
0.0434077559055118
21
1.1859653937007875
0
LINE
8
BLACK
6
CONTINUOUS
10
0.0434077559055118
20
1.1859653937007875
11
0.0427253543307087
21
1.1869867322834646
0
LINE
8
BLACK
6
CONTINUOUS
10
0.0427253543307087
20
1.1869867322834646
11
0.0425719291338583
21
1.1877578346456692
0
LINE
8
BLACK
6
CONTINUOUS
10
0.0425719291338583
20
1.1877578346456692
11
0.0424210236220472
21
1.1880815748031497
0
LINE
8
BLACK
6
CONTINUOUS
10
0.0424210236220472
20
1.1880815748031497
11
0.0422515748031496
21
1.1893685039370079
0
LINE
8
BLACK
6
CONTINUOUS
10
0.0422515748031496
20
1.1893685039370079
11
0.0421259842519685
21
1.1899999999999999
0
LINE
8
BLACK
6
CONTINUOUS
10
0.0421259842519685
20
1.1899999999999999
11
0.0421259842519685
21
1.25
0
LINE
8
BLACK
6
CONTINUOUS
10
0.0421259842519685
20
1.25
11
0.0422516141732283
21
1.2506316141732283
0
LINE
8
BLACK
6
CONTINUOUS
10
0.0422516141732283
20
1.2506316141732283
11
0.0424210236220472
21
1.2519183858267717
0
LINE
8
BLACK
6
CONTINUOUS
10
0.0424210236220472
20
1.2519183858267717
11
0.0425719291338583
21
1.2522420472440945
0
LINE
8
BLACK
6
CONTINUOUS
10
0.0425719291338583
20
1.2522420472440945
11
0.0427253543307087
21
1.2530132677165353
0
LINE
8
BLACK
6
CONTINUOUS
10
0.0427253543307087
20
1.2530132677165353
11
0.0434078346456693
21
1.2540346456692912
0
LINE
8
BLACK
6
CONTINUOUS
10
0.0434078346456693
20
1.2540346456692912
11
0.043612125984252
21
1.2544727559055118
0
LINE
8
BLACK
6
CONTINUOUS
10
0.043612125984252
20
1.2544727559055118
11
0.0438786614173228
21
1.2547392913385826
0
LINE
8
BLACK
6
CONTINUOUS
10
0.0438786614173228
20
1.2547392913385826
11
0.0444322440944882
21
1.2555677559055118
0
LINE
8
BLACK
6
CONTINUOUS
10
0.0444322440944882
20
1.2555677559055118
11
0.0452606692913386
21
1.2561212992125983
0
LINE
8
BLACK
6
CONTINUOUS
10
0.0452606692913386
20
1.2561212992125983
11
0.0455272047244095
21
1.2563878346456692
0
LINE
8
BLACK
6
CONTINUOUS
10
0.0455272047244095
20
1.2563878346456692
11
0.0459651968503937
21
1.2565920472440946
0
LINE
8
BLACK
6
CONTINUOUS
10
0.0459651968503937
20
1.2565920472440946
11
0.0469867322834646
21
1.2572746456692914
0
LINE
8
BLACK
6
CONTINUOUS
10
0.0469867322834646
20
1.2572746456692914
11
0.0477579921259842
21
1.2574280314960629
0
LINE
8
BLACK
6
CONTINUOUS
10
0.0477579921259842
20
1.2574280314960629
11
0.0480815748031496
21
1.257578937007874
0
LINE
8
BLACK
6
CONTINUOUS
10
0.0480815748031496
20
1.257578937007874
11
0.0493679133858268
21
1.2577482677165355
0
LINE
8
BLACK
6
CONTINUOUS
10
0.0493679133858268
20
1.2577482677165355
11
0.05
21
1.2578740157480315
0
LINE
8
BLACK
6
CONTINUOUS
10
0.05
20
1.2578740157480315
11
0.11
21
1.2578740157480315
0
LINE
8
BLACK
6
CONTINUOUS
10
0.11
20
1.2578740157480315
11
0.1106322047244094
21
1.2577482283464567
0
LINE
8
BLACK
6
CONTINUOUS
10
0.2106322047244094
20
1.2577482283464567
11
0.2119183858267716
21
1.257578937007874
0
LINE
8
BLACK
6
CONTINUOUS
10
0.2119183858267716
20
1.257578937007874
11
0.2122418897637795
21
1.2574280708661416
0
LINE
8
BLACK
6
CONTINUOUS
10
0.2122418897637795
20
1.2574280708661416
11
0.2130132677165354
21
1.2572746456692914
0
LINE
8
BLACK
6
CONTINUOUS
10
0.2130132677165354
20
1.2572746456692914
11
0.214034842519685
21
1.2565920078740158
0
LINE
8
BLACK
6
CONTINUOUS
10
0.214034842519685
20
1.2565920078740158
11
0.2144727559055118
21
1.2563878346456692
0
LINE
8
BLACK
6
CONTINUOUS
10
0.2144727559055118
20
1.2563878346456692
11
0.2147391732283465
21
1.2561213779527558
0
LINE
8
BLACK
6
CONTINUOUS
10
0.2147391732283465
20
1.2561213779527558
11
0.2155677559055118
21
1.2555677559055118
0
LINE
8
BLACK
6
CONTINUOUS
10
0.2155677559055118
20
1.2555677559055118
11
0.2161213779527559
21
1.2547391732283464
0
LINE
8
BLACK
6
CONTINUOUS
10
0.2161213779527559
20
1.2547391732283464
11
0.2163878346456693
21
1.2544727559055118
0
LINE
8
BLACK
6
CONTINUOUS
10
0.2163878346456693
20
1.2544727559055118
11
0.2165920078740158
21
1.254034842519685
0
LINE
8
BLACK
6
CONTINUOUS
10
0.2165920078740158
20
1.254034842519685
11
0.2172746456692913
21
1.2530132677165353
0
LINE
8
BLACK
6
CONTINUOUS
10
0.2172746456692913
20
1.2530132677165353
11
0.2174280708661417
21
1.2522418897637795
0
LINE
8
BLACK
6
CONTINUOUS
10
0.2174280708661417
20
1.2522418897637795
11
0.217578937007874
21
1.2519183858267717
0
LINE
8
BLACK
6
CONTINUOUS
10
0.217578937007874
20
1.2519183858267717
11
0.2177482677165354
21
1.2506321259842519
0
LINE
8
BLACK
6
CONTINUOUS
10
0.2177482677165354
20
1.2506321259842519
11
0.2178740157480315
21
1.25
0
LINE
8
BLACK
6
CONTINUOUS
10
0.2178740157480315
20
1.25
11
0.2178740157480315
21
1.1899999999999999
0
LINE
8
BLACK
6
CONTINUOUS
10
0.2178740157480315
20
1.1899999999999999
11
0.2177482677165354
21
1.1893678346456693
0
LINE
8
BLACK
6
CONTINUOUS
10
0.2177482677165354
20
1.1893678346456693
11
0.217578937007874
21
1.1880815748031497
0
LINE
8
BLACK
6
CONTINUOUS
10
0.217578937007874
20
1.1880815748031497
11
0.217428031496063
21
1.1877579921259842
0
LINE
8
BLACK
6
CONTINUOUS
10
0.217428031496063
20
1.1877579921259842
11
0.2172746456692913
21
1.1869867322834646
0
LINE
8
BLACK
6
CONTINUOUS
10
0.2172746456692913
20
1.1869867322834646
11
0.2165920472440945
21
1.1859651968503937
0
LINE
8
BLACK
6
CONTINUOUS
10
0.2165920472440945
20
1.1859651968503937
11
0.2163878346456693
21
1.1855272047244094
0
LINE
8
BLACK
6
CONTINUOUS
10
0.2163878346456693
20
1.1855272047244094
11
0.2161212992125984
21
1.1852606692913386
0
LINE
8
BLACK
6
CONTINUOUS
10
0.2161212992125984
20
1.1852606692913386
11
0.2155677559055118
21
1.1844322440944881
0
LINE
8
BLACK
6
CONTINUOUS
10
0.2155677559055118
20
1.1844322440944881
11
0.2147392913385827
21
1.1838786614173229
0
LINE
8
BLACK
6
CONTINUOUS
10
0.2147392913385827
20
1.1838786614173229
11
0.2144727559055118
21
1.183612125984252
0
LINE
8
BLACK
6
CONTINUOUS
10
0.2144727559055118
20
1.183612125984252
11
0.2140346456692913
21
1.1834078346456693
0
LINE
8
BLACK
6
CONTINUOUS
10
0.2140346456692913
20
1.1834078346456693
11
0.2130132677165354
21
1.1827253543307086
0
LINE
8
BLACK
6
CONTINUOUS
10
0.2130132677165354
20
1.1827253543307086
11
0.2122420472440945
21
1.1825719291338583
0
LINE
8
BLACK
6
CONTINUOUS
10
0.2122420472440945
20
1.1825719291338583
11
0.2119183858267716
21
1.1824210236220472
0
LINE
8
BLACK
6
CONTINUOUS
10
0.2119183858267716
20
1.1824210236220472
11
0.2106315354330709
21
1.1822515748031497
0
LINE
8
BLACK
6
CONTINUOUS
10
0.2106315354330709
20
1.1822515748031497
11
0.21
21
1.1821259842519685
0
LINE
8
BLACK
6
CONTINUOUS
10
0.21
20
1.1821259842519685
11
0.2096773622047244
21
1.1821259842519685
0
LINE
8
BLACK
6
CONTINUOUS
10
0.2096773622047244
20
1.1821259842519685
11
0.1503226771653543
21
1.1821259842519685
0
LINE
8
BLACK
6
CONTINUOUS
10
0.1503226771653543
20
1.1821259842519685
11
0.15
21
1.1821259842519685
0
LINE
8
BLACK
6
CONTINUOUS
10
0.15
20
1.1821259842519685
11
0.1493684251968504
21
1.1822515748031497
0
LINE
8
BLACK
6
CONTINUOUS
10
0.1493684251968504
20
1.1822515748031497
11
0.1480815748031496
21
1.1824210236220472
0
LINE
8
BLACK
6
CONTINUOUS
10
0.1480815748031496
20
1.1824210236220472
11
0.1477578346456693
21
1.1825719291338583
0
LINE
8
BLACK
6
CONTINUOUS
10
0.1477578346456693
20
1.1825719291338583
11
0.1469867322834646
21
1.1827253543307086
0
LINE
8
BLACK
6
CONTINUOUS
10
0.1469867322834646
20
1.1827253543307086
11
0.1459653937007874
21
1.1834077559055118
0
LINE
8
BLACK
6
CONTINUOUS
10
0.1459653937007874
20
1.1834077559055118
11
0.1455272047244094
21
1.183612125984252
0
LINE
8
BLACK
6
CONTINUOUS
10
0.1455272047244094
20
1.183612125984252
11
0.1452605511811024
21
1.1838787401574802
0
LINE
8
BLACK
6
CONTINUOUS
10
0.1452605511811024
20
1.1838787401574802
11
0.1444322440944882
21
1.1844322440944881
0
LINE
8
BLACK
6
CONTINUOUS
10
0.1444322440944882
20
1.1844322440944881
11
0.1438787401574803
21
1.1852605511811023
0
LINE
8
BLACK
6
CONTINUOUS
10
0.1438787401574803
20
1.1852605511811023
11
0.143612125984252
21
1.1855272047244094
0
LINE
8
BLACK
6
CONTINUOUS
10
0.143612125984252
20
1.1855272047244094
11
0.1434077559055118
21
1.1859653937007875
0
LINE
8
BLACK
6
CONTINUOUS
10
0.1434077559055118
20
1.1859653937007875
11
0.1427253543307087
21
1.1869867322834646
0
LINE
8
BLACK
6
CONTINUOUS
10
0.1427253543307087
20
1.1869867322834646
11
0.1425719291338583
21
1.1877578346456692
0
LINE
8
BLACK
6
CONTINUOUS
10
0.1425719291338583
20
1.1877578346456692
11
0.1424210236220472
21
1.1880815748031497
0
LINE
8
BLACK
6
CONTINUOUS
10
0.1424210236220472
20
1.1880815748031497
11
0.1422515748031496
21
1.1893685039370079
0
LINE
8
BLACK
6
CONTINUOUS
10
0.1422515748031496
20
1.1893685039370079
11
0.1421259842519685
21
1.1899999999999999
0
LINE
8
BLACK
6
CONTINUOUS
10
0.1421259842519685
20
1.1899999999999999
11
0.1421259842519685
21
1.25
0
LINE
8
BLACK
6
CONTINUOUS
10
0.1421259842519685
20
1.25
11
0.1422516141732283
21
1.2506316141732283
0
LINE
8
BLACK
6
CONTINUOUS
10
0.1422516141732283
20
1.2506316141732283
11
0.1424210236220472
21
1.2519183858267717
0
LINE
8
BLACK
6
CONTINUOUS
10
0.1424210236220472
20
1.2519183858267717
11
0.1425719291338583
21
1.2522420472440945
0
LINE
8
BLACK
6
CONTINUOUS
10
0.1425719291338583
20
1.2522420472440945
11
0.1427253543307087
21
1.2530132677165353
0
LINE
8
BLACK
6
CONTINUOUS
10
0.1427253543307087
20
1.2530132677165353
11
0.1434078346456693
21
1.2540346456692912
0
LINE
8
BLACK
6
CONTINUOUS
10
0.1434078346456693
20
1.2540346456692912
11
0.143612125984252
21
1.2544727559055118
0
LINE
8
BLACK
6
CONTINUOUS
10
0.143612125984252
20
1.2544727559055118
11
0.1438786614173228
21
1.2547392913385826
0
LINE
8
BLACK
6
CONTINUOUS
10
0.1438786614173228
20
1.2547392913385826
11
0.1444322440944882
21
1.2555677559055118
0
LINE
8
BLACK
6
CONTINUOUS
10
0.1444322440944882
20
1.2555677559055118
11
0.1452606692913386
21
1.2561212992125983
0
LINE
8
BLACK
6
CONTINUOUS
10
0.1452606692913386
20
1.2561212992125983
11
0.1455272047244094
21
1.2563878346456692
0
LINE
8
BLACK
6
CONTINUOUS
10
0.1455272047244094
20
1.2563878346456692
11
0.1459651968503937
21
1.2565920472440946
0
LINE
8
BLACK
6
CONTINUOUS
10
0.1459651968503937
20
1.2565920472440946
11
0.1469867322834646
21
1.2572746456692914
0
LINE
8
BLACK
6
CONTINUOUS
10
0.1469867322834646
20
1.2572746456692914
11
0.1477579921259843
21
1.2574280314960629
0
LINE
8
BLACK
6
CONTINUOUS
10
0.1477579921259843
20
1.2574280314960629
11
0.1480815748031496
21
1.257578937007874
0
LINE
8
BLACK
6
CONTINUOUS
10
0.1480815748031496
20
1.257578937007874
11
0.1493679133858268
21
1.2577482677165355
0
LINE
8
BLACK
6
CONTINUOUS
10
0.1493679133858268
20
1.2577482677165355
11
0.15
21
1.2578740157480315
0
LINE
8
BLACK
6
CONTINUOUS
10
0.15
20
1.2578740157480315
11
0.21
21
1.2578740157480315
0
LINE
8
BLACK
6
CONTINUOUS
10
0.21
20
1.2578740157480315
11
0.2106322047244094
21
1.2577482283464567
0
LINE
8
BLACK
6
CONTINUOUS
10
0.3106322047244094
20
1.2577482283464567
11
0.3119183858267717
21
1.257578937007874
0
LINE
8
BLACK
6
CONTINUOUS
10
0.3119183858267717
20
1.257578937007874
11
0.3122418897637795
21
1.2574280708661416
0
LINE
8
BLACK
6
CONTINUOUS
10
0.3122418897637795
20
1.2574280708661416
11
0.3130132677165354
21
1.2572746456692914
0
LINE
8
BLACK
6
CONTINUOUS
10
0.3130132677165354
20
1.2572746456692914
11
0.3140348425196851
21
1.2565920078740158
0
LINE
8
BLACK
6
CONTINUOUS
10
0.3140348425196851
20
1.2565920078740158
11
0.3144727559055118
21
1.2563878346456692
0
LINE
8
BLACK
6
CONTINUOUS
10
0.3144727559055118
20
1.2563878346456692
11
0.3147391732283464
21
1.2561213779527558
0
LINE
8
BLACK
6
CONTINUOUS
10
0.3147391732283464
20
1.2561213779527558
11
0.3155677559055118
21
1.2555677559055118
0
LINE
8
BLACK
6
CONTINUOUS
10
0.3155677559055118
20
1.2555677559055118
11
0.3161213779527559
21
1.2547391732283464
0
LINE
8
BLACK
6
CONTINUOUS
10
0.3161213779527559
20
1.2547391732283464
11
0.3163878346456693
21
1.2544727559055118
0
LINE
8
BLACK
6
CONTINUOUS
10
0.3163878346456693
20
1.2544727559055118
11
0.3165920078740158
21
1.254034842519685
0
LINE
8
BLACK
6
CONTINUOUS
10
0.3165920078740158
20
1.254034842519685
11
0.3172746456692913
21
1.2530132677165353
0
LINE
8
BLACK
6
CONTINUOUS
10
0.3172746456692913
20
1.2530132677165353
11
0.3174280708661417
21
1.2522418897637795
0
LINE
8
BLACK
6
CONTINUOUS
10
0.3174280708661417
20
1.2522418897637795
11
0.317578937007874
21
1.2519183858267717
0
LINE
8
BLACK
6
CONTINUOUS
10
0.317578937007874
20
1.2519183858267717
11
0.3177482677165354
21
1.2506321259842519
0
LINE
8
BLACK
6
CONTINUOUS
10
0.3177482677165354
20
1.2506321259842519
11
0.3178740157480315
21
1.25
0
LINE
8
BLACK
6
CONTINUOUS
10
0.3178740157480315
20
1.25
11
0.3178740157480315
21
1.1899999999999999
0
LINE
8
BLACK
6
CONTINUOUS
10
0.3178740157480315
20
1.1899999999999999
11
0.3177482677165354
21
1.1893678346456693
0
LINE
8
BLACK
6
CONTINUOUS
10
0.3177482677165354
20
1.1893678346456693
11
0.317578937007874
21
1.1880815748031497
0
LINE
8
BLACK
6
CONTINUOUS
10
0.317578937007874
20
1.1880815748031497
11
0.317428031496063
21
1.1877579921259842
0
LINE
8
BLACK
6
CONTINUOUS
10
0.317428031496063
20
1.1877579921259842
11
0.3172746456692913
21
1.1869867322834646
0
LINE
8
BLACK
6
CONTINUOUS
10
0.3172746456692913
20
1.1869867322834646
11
0.3165920472440945
21
1.1859651968503937
0
LINE
8
BLACK
6
CONTINUOUS
10
0.3165920472440945
20
1.1859651968503937
11
0.3163878346456693
21
1.1855272047244094
0
LINE
8
BLACK
6
CONTINUOUS
10
0.3163878346456693
20
1.1855272047244094
11
0.3161212992125984
21
1.1852606692913386
0
LINE
8
BLACK
6
CONTINUOUS
10
0.3161212992125984
20
1.1852606692913386
11
0.3155677559055118
21
1.1844322440944881
0
LINE
8
BLACK
6
CONTINUOUS
10
0.3155677559055118
20
1.1844322440944881
11
0.3147392913385827
21
1.1838786614173229
0
LINE
8
BLACK
6
CONTINUOUS
10
0.3147392913385827
20
1.1838786614173229
11
0.3144727559055118
21
1.183612125984252
0
LINE
8
BLACK
6
CONTINUOUS
10
0.3144727559055118
20
1.183612125984252
11
0.3140346456692913
21
1.1834078346456693
0
LINE
8
BLACK
6
CONTINUOUS
10
0.3140346456692913
20
1.1834078346456693
11
0.3130132677165354
21
1.1827253543307086
0
LINE
8
BLACK
6
CONTINUOUS
10
0.3130132677165354
20
1.1827253543307086
11
0.3122420472440945
21
1.1825719291338583
0
LINE
8
BLACK
6
CONTINUOUS
10
0.3122420472440945
20
1.1825719291338583
11
0.3119183858267717
21
1.1824210236220472
0
LINE
8
BLACK
6
CONTINUOUS
10
0.3119183858267717
20
1.1824210236220472
11
0.3106315354330709
21
1.1822515748031497
0
LINE
8
BLACK
6
CONTINUOUS
10
0.3106315354330709
20
1.1822515748031497
11
0.31
21
1.1821259842519685
0
LINE
8
BLACK
6
CONTINUOUS
10
0.31
20
1.1821259842519685
11
0.3096773622047244
21
1.1821259842519685
0
LINE
8
BLACK
6
CONTINUOUS
10
0.3096773622047244
20
1.1821259842519685
11
0.2503226771653543
21
1.1821259842519685
0
LINE
8
BLACK
6
CONTINUOUS
10
0.2503226771653543
20
1.1821259842519685
11
0.25
21
1.1821259842519685
0
LINE
8
BLACK
6
CONTINUOUS
10
0.25
20
1.1821259842519685
11
0.2493684251968504
21
1.1822515748031497
0
LINE
8
BLACK
6
CONTINUOUS
10
0.2493684251968504
20
1.1822515748031497
11
0.2480815748031496
21
1.1824210236220472
0
LINE
8
BLACK
6
CONTINUOUS
10
0.2480815748031496
20
1.1824210236220472
11
0.2477578346456693
21
1.1825719291338583
0
LINE
8
BLACK
6
CONTINUOUS
10
0.2477578346456693
20
1.1825719291338583
11
0.2469867322834646
21
1.1827253543307086
0
LINE
8
BLACK
6
CONTINUOUS
10
0.2469867322834646
20
1.1827253543307086
11
0.2459653937007874
21
1.1834077559055118
0
LINE
8
BLACK
6
CONTINUOUS
10
0.2459653937007874
20
1.1834077559055118
11
0.2455272047244094
21
1.183612125984252
0
LINE
8
BLACK
6
CONTINUOUS
10
0.2455272047244094
20
1.183612125984252
11
0.2452605511811023
21
1.1838787401574802
0
LINE
8
BLACK
6
CONTINUOUS
10
0.2452605511811023
20
1.1838787401574802
11
0.2444322440944882
21
1.1844322440944881
0
LINE
8
BLACK
6
CONTINUOUS
10
0.2444322440944882
20
1.1844322440944881
11
0.2438787401574803
21
1.1852605511811023
0
LINE
8
BLACK
6
CONTINUOUS
10
0.2438787401574803
20
1.1852605511811023
11
0.243612125984252
21
1.1855272047244094
0
LINE
8
BLACK
6
CONTINUOUS
10
0.243612125984252
20
1.1855272047244094
11
0.2434077559055118
21
1.1859653937007875
0
LINE
8
BLACK
6
CONTINUOUS
10
0.2434077559055118
20
1.1859653937007875
11
0.2427253543307087
21
1.1869867322834646
0
LINE
8
BLACK
6
CONTINUOUS
10
0.2427253543307087
20
1.1869867322834646
11
0.2425719291338582
21
1.1877578346456692
0
LINE
8
BLACK
6
CONTINUOUS
10
0.2425719291338582
20
1.1877578346456692
11
0.2424210236220472
21
1.1880815748031497
0
LINE
8
BLACK
6
CONTINUOUS
10
0.2424210236220472
20
1.1880815748031497
11
0.2422515748031496
21
1.1893685039370079
0
LINE
8
BLACK
6
CONTINUOUS
10
0.2422515748031496
20
1.1893685039370079
11
0.2421259842519685
21
1.1899999999999999
0
LINE
8
BLACK
6
CONTINUOUS
10
0.2421259842519685
20
1.1899999999999999
11
0.2421259842519685
21
1.25
0
LINE
8
BLACK
6
CONTINUOUS
10
0.2421259842519685
20
1.25
11
0.2422516141732284
21
1.2506316141732283
0
LINE
8
BLACK
6
CONTINUOUS
10
0.2422516141732284
20
1.2506316141732283
11
0.2424210236220472
21
1.2519183858267717
0
LINE
8
BLACK
6
CONTINUOUS
10
0.2424210236220472
20
1.2519183858267717
11
0.2425719291338582
21
1.2522420472440945
0
LINE
8
BLACK
6
CONTINUOUS
10
0.2425719291338582
20
1.2522420472440945
11
0.2427253543307087
21
1.2530132677165353
0
LINE
8
BLACK
6
CONTINUOUS
10
0.2427253543307087
20
1.2530132677165353
11
0.2434078346456693
21
1.2540346456692912
0
LINE
8
BLACK
6
CONTINUOUS
10
0.2434078346456693
20
1.2540346456692912
11
0.243612125984252
21
1.2544727559055118
0
LINE
8
BLACK
6
CONTINUOUS
10
0.243612125984252
20
1.2544727559055118
11
0.2438786614173228
21
1.2547392913385826
0
LINE
8
BLACK
6
CONTINUOUS
10
0.2438786614173228
20
1.2547392913385826
11
0.2444322440944882
21
1.2555677559055118
0
LINE
8
BLACK
6
CONTINUOUS
10
0.2444322440944882
20
1.2555677559055118
11
0.2452606692913386
21
1.2561212992125983
0
LINE
8
BLACK
6
CONTINUOUS
10
0.2452606692913386
20
1.2561212992125983
11
0.2455272047244094
21
1.2563878346456692
0
LINE
8
BLACK
6
CONTINUOUS
10
0.2455272047244094
20
1.2563878346456692
11
0.2459651968503937
21
1.2565920472440946
0
LINE
8
BLACK
6
CONTINUOUS
10
0.2459651968503937
20
1.2565920472440946
11
0.2469867322834646
21
1.2572746456692914
0
LINE
8
BLACK
6
CONTINUOUS
10
0.2469867322834646
20
1.2572746456692914
11
0.2477579921259842
21
1.2574280314960629
0
LINE
8
BLACK
6
CONTINUOUS
10
0.2477579921259842
20
1.2574280314960629
11
0.2480815748031496
21
1.257578937007874
0
LINE
8
BLACK
6
CONTINUOUS
10
0.2480815748031496
20
1.257578937007874
11
0.2493679133858268
21
1.2577482677165355
0
LINE
8
BLACK
6
CONTINUOUS
10
0.2493679133858268
20
1.2577482677165355
11
0.25
21
1.2578740157480315
0
LINE
8
BLACK
6
CONTINUOUS
10
0.25
20
1.2578740157480315
11
0.31
21
1.2578740157480315
0
LINE
8
BLACK
6
CONTINUOUS
10
0.31
20
1.2578740157480315
11
0.3106322047244094
21
1.2577482283464567
0
LINE
8
BLACK
6
CONTINUOUS
10
1.8556322047244094
20
1.3377482283464566
11
1.8569183858267717
21
1.3375789370078739
0
LINE
8
BLACK
6
CONTINUOUS
10
1.8569183858267717
20
1.3375789370078739
11
1.8572418897637795
21
1.3374280708661417
0
LINE
8
BLACK
6
CONTINUOUS
10
1.8572418897637795
20
1.3374280708661417
11
1.8580132677165353
21
1.3372746456692912
0
LINE
8
BLACK
6
CONTINUOUS
10
1.8580132677165353
20
1.3372746456692912
11
1.859034842519685
21
1.3365920078740157
0
LINE
8
BLACK
6
CONTINUOUS
10
1.859034842519685
20
1.3365920078740157
11
1.8594727559055118
21
1.3363878346456692
0
LINE
8
BLACK
6
CONTINUOUS
10
1.8594727559055118
20
1.3363878346456692
11
1.8597391732283464
21
1.3361213779527559
0
LINE
8
BLACK
6
CONTINUOUS
10
1.8597391732283464
20
1.3361213779527559
11
1.8605677559055118
21
1.3355677559055117
0
LINE
8
BLACK
6
CONTINUOUS
10
1.8605677559055118
20
1.3355677559055117
11
1.8611213779527558
21
1.3347391732283465
0
LINE
8
BLACK
6
CONTINUOUS
10
1.8611213779527558
20
1.3347391732283465
11
1.8613878346456691
21
1.3344727559055118
0
LINE
8
BLACK
6
CONTINUOUS
10
1.8613878346456691
20
1.3344727559055118
11
1.8615920078740158
21
1.3340348425196851
0
LINE
8
BLACK
6
CONTINUOUS
10
1.8615920078740158
20
1.3340348425196851
11
1.8622746456692914
21
1.3330132677165354
0
LINE
8
BLACK
6
CONTINUOUS
10
1.8622746456692914
20
1.3330132677165354
11
1.8624280708661416
21
1.3322418897637796
0
LINE
8
BLACK
6
CONTINUOUS
10
1.8624280708661416
20
1.3322418897637796
11
1.862578937007874
21
1.3319183858267716
0
LINE
8
BLACK
6
CONTINUOUS
10
1.862578937007874
20
1.3319183858267716
11
1.8627482677165355
21
1.330632125984252
0
LINE
8
BLACK
6
CONTINUOUS
10
1.8627482677165355
20
1.330632125984252
11
1.8628740157480315
21
1.3300000000000001
0
LINE
8
BLACK
6
CONTINUOUS
10
1.8628740157480315
20
1.3300000000000001
11
1.8628740157480315
21
1.27
0
LINE
8
BLACK
6
CONTINUOUS
10
1.8628740157480315
20
1.27
11
1.8627482677165355
21
1.2693678346456692
0
LINE
8
BLACK
6
CONTINUOUS
10
1.8627482677165355
20
1.2693678346456692
11
1.862578937007874
21
1.2680815748031495
0
LINE
8
BLACK
6
CONTINUOUS
10
1.862578937007874
20
1.2680815748031495
11
1.8624280314960628
21
1.2677579921259843
0
LINE
8
BLACK
6
CONTINUOUS
10
1.8624280314960628
20
1.2677579921259843
11
1.8622746456692914
21
1.2669867322834645
0
LINE
8
BLACK
6
CONTINUOUS
10
1.8622746456692914
20
1.2669867322834645
11
1.8615920472440945
21
1.2659651968503938
0
LINE
8
BLACK
6
CONTINUOUS
10
1.8615920472440945
20
1.2659651968503938
11
1.8613878346456691
21
1.2655272047244095
0
LINE
8
BLACK
6
CONTINUOUS
10
1.8613878346456691
20
1.2655272047244095
11
1.8611212992125983
21
1.2652606692913386
0
LINE
8
BLACK
6
CONTINUOUS
10
1.8611212992125983
20
1.2652606692913386
11
1.8605677559055118
21
1.2644322440944882
0
LINE
8
BLACK
6
CONTINUOUS
10
1.8605677559055118
20
1.2644322440944882
11
1.8597392913385826
21
1.2638786614173227
0
LINE
8
BLACK
6
CONTINUOUS
10
1.8597392913385826
20
1.2638786614173227
11
1.8594727559055118
21
1.2636121259842519
0
LINE
8
BLACK
6
CONTINUOUS
10
1.8594727559055118
20
1.2636121259842519
11
1.8590346456692912
21
1.2634078346456692
0
LINE
8
BLACK
6
CONTINUOUS
10
1.8590346456692912
20
1.2634078346456692
11
1.8580132677165353
21
1.2627253543307086
0
LINE
8
BLACK
6
CONTINUOUS
10
1.8580132677165353
20
1.2627253543307086
11
1.8572420472440945
21
1.2625719291338582
0
LINE
8
BLACK
6
CONTINUOUS
10
1.8572420472440945
20
1.2625719291338582
11
1.8569183858267717
21
1.2624210236220472
0
LINE
8
BLACK
6
CONTINUOUS
10
1.8569183858267717
20
1.2624210236220472
11
1.8556315354330708
21
1.2622515748031495
0
LINE
8
BLACK
6
CONTINUOUS
10
1.8556315354330708
20
1.2622515748031495
11
1.855
21
1.2621259842519685
0
LINE
8
BLACK
6
CONTINUOUS
10
1.855
20
1.2621259842519685
11
1.8546773622047243
21
1.2621259842519685
0
LINE
8
BLACK
6
CONTINUOUS
10
1.8546773622047243
20
1.2621259842519685
11
1.7953226771653543
21
1.2621259842519685
0
LINE
8
BLACK
6
CONTINUOUS
10
1.7953226771653543
20
1.2621259842519685
11
1.7949999999999999
21
1.2621259842519685
0
LINE
8
BLACK
6
CONTINUOUS
10
1.7949999999999999
20
1.2621259842519685
11
1.7943684251968504
21
1.2622515748031495
0
LINE
8
BLACK
6
CONTINUOUS
10
1.7943684251968504
20
1.2622515748031495
11
1.7930815748031497
21
1.2624210236220472
0
LINE
8
BLACK
6
CONTINUOUS
10
1.7930815748031497
20
1.2624210236220472
11
1.7927578346456692
21
1.2625719291338582
0
LINE
8
BLACK
6
CONTINUOUS
10
1.7927578346456692
20
1.2625719291338582
11
1.7919867322834646
21
1.2627253543307086
0
LINE
8
BLACK
6
CONTINUOUS
10
1.7919867322834646
20
1.2627253543307086
11
1.7909653937007874
21
1.2634077559055117
0
LINE
8
BLACK
6
CONTINUOUS
10
1.7909653937007874
20
1.2634077559055117
11
1.7905272047244094
21
1.2636121259842519
0
LINE
8
BLACK
6
CONTINUOUS
10
1.7905272047244094
20
1.2636121259842519
11
1.7902605511811023
21
1.2638787401574803
0
LINE
8
BLACK
6
CONTINUOUS
10
1.7902605511811023
20
1.2638787401574803
11
1.7894322440944881
21
1.2644322440944882
0
LINE
8
BLACK
6
CONTINUOUS
10
1.7894322440944881
20
1.2644322440944882
11
1.7888787401574804
21
1.2652605511811024
0
LINE
8
BLACK
6
CONTINUOUS
10
1.7888787401574804
20
1.2652605511811024
11
1.788612125984252
21
1.2655272047244095
0
LINE
8
BLACK
6
CONTINUOUS
10
1.788612125984252
20
1.2655272047244095
11
1.7884077559055118
21
1.2659653937007873
0
LINE
8
BLACK
6
CONTINUOUS
10
1.7884077559055118
20
1.2659653937007873
11
1.7877253543307086
21
1.2669867322834645
0
LINE
8
BLACK
6
CONTINUOUS
10
1.7877253543307086
20
1.2669867322834645
11
1.7875719291338583
21
1.2677578346456693
0
LINE
8
BLACK
6
CONTINUOUS
10
1.7875719291338583
20
1.2677578346456693
11
1.7874210236220471
21
1.2680815748031495
0
LINE
8
BLACK
6
CONTINUOUS
10
1.7874210236220471
20
1.2680815748031495
11
1.7872515748031497
21
1.269368503937008
0
LINE
8
BLACK
6
CONTINUOUS
10
1.7872515748031497
20
1.269368503937008
11
1.7871259842519684
21
1.27
0
LINE
8
BLACK
6
CONTINUOUS
10
1.7871259842519684
20
1.27
11
1.7871259842519684
21
1.3300000000000001
0
LINE
8
BLACK
6
CONTINUOUS
10
1.7871259842519684
20
1.3300000000000001
11
1.7872516141732282
21
1.3306316141732284
0
LINE
8
BLACK
6
CONTINUOUS
10
1.7872516141732282
20
1.3306316141732284
11
1.7874210236220471
21
1.3319183858267716
0
LINE
8
BLACK
6
CONTINUOUS
10
1.7874210236220471
20
1.3319183858267716
11
1.7875719291338583
21
1.3322420472440946
0
LINE
8
BLACK
6
CONTINUOUS
10
1.7875719291338583
20
1.3322420472440946
11
1.7877253543307086
21
1.3330132677165354
0
LINE
8
BLACK
6
CONTINUOUS
10
1.7877253543307086
20
1.3330132677165354
11
1.7884078346456693
21
1.3340346456692913
0
LINE
8
BLACK
6
CONTINUOUS
10
1.7884078346456693
20
1.3340346456692913
11
1.788612125984252
21
1.3344727559055118
0
LINE
8
BLACK
6
CONTINUOUS
10
1.788612125984252
20
1.3344727559055118
11
1.7888786614173229
21
1.3347392913385827
0
LINE
8
BLACK
6
CONTINUOUS
10
1.7888786614173229
20
1.3347392913385827
11
1.7894322440944881
21
1.3355677559055117
0
LINE
8
BLACK
6
CONTINUOUS
10
1.7894322440944881
20
1.3355677559055117
11
1.7902606692913385
21
1.3361212992125984
0
LINE
8
BLACK
6
CONTINUOUS
10
1.7902606692913385
20
1.3361212992125984
11
1.7905272047244094
21
1.3363878346456692
0
LINE
8
BLACK
6
CONTINUOUS
10
1.7905272047244094
20
1.3363878346456692
11
1.7909651968503937
21
1.3365920472440944
0
LINE
8
BLACK
6
CONTINUOUS
10
1.7909651968503937
20
1.3365920472440944
11
1.7919867322834646
21
1.3372746456692912
0
LINE
8
BLACK
6
CONTINUOUS
10
1.7919867322834646
20
1.3372746456692912
11
1.7927579921259842
21
1.3374280314960629
0
LINE
8
BLACK
6
CONTINUOUS
10
1.7927579921259842
20
1.3374280314960629
11
1.7930815748031497
21
1.3375789370078739
0
LINE
8
BLACK
6
CONTINUOUS
10
1.7930815748031497
20
1.3375789370078739
11
1.7943679133858268
21
1.3377482677165353
0
LINE
8
BLACK
6
CONTINUOUS
10
1.7943679133858268
20
1.3377482677165353
11
1.7949999999999999
21
1.3378740157480316
0
LINE
8
BLACK
6
CONTINUOUS
10
1.7949999999999999
20
1.3378740157480316
11
1.855
21
1.3378740157480316
0
LINE
8
BLACK
6
CONTINUOUS
10
1.855
20
1.3378740157480316
11
1.8556322047244094
21
1.3377482283464566
0
LINE
8
BLACK
6
CONTINUOUS
10
1.9556322047244095
20
1.3377482283464566
11
1.9569183858267716
21
1.3375789370078739
0
LINE
8
BLACK
6
CONTINUOUS
10
1.9569183858267716
20
1.3375789370078739
11
1.9572418897637796
21
1.3374280708661417
0
LINE
8
BLACK
6
CONTINUOUS
10
1.9572418897637796
20
1.3374280708661417
11
1.9580132677165354
21
1.3372746456692912
0
LINE
8
BLACK
6
CONTINUOUS
10
1.9580132677165354
20
1.3372746456692912
11
1.9590348425196851
21
1.3365920078740157
0
LINE
8
BLACK
6
CONTINUOUS
10
1.9590348425196851
20
1.3365920078740157
11
1.9594727559055118
21
1.3363878346456692
0
LINE
8
BLACK
6
CONTINUOUS
10
1.9594727559055118
20
1.3363878346456692
11
1.9597391732283465
21
1.3361213779527559
0
LINE
8
BLACK
6
CONTINUOUS
10
1.9597391732283465
20
1.3361213779527559
11
1.9605677559055117
21
1.3355677559055117
0
LINE
8
BLACK
6
CONTINUOUS
10
1.9605677559055117
20
1.3355677559055117
11
1.9611213779527559
21
1.3347391732283465
0
LINE
8
BLACK
6
CONTINUOUS
10
1.9611213779527559
20
1.3347391732283465
11
1.9613878346456692
21
1.3344727559055118
0
LINE
8
BLACK
6
CONTINUOUS
10
1.9613878346456692
20
1.3344727559055118
11
1.9615920078740157
21
1.3340348425196851
0
LINE
8
BLACK
6
CONTINUOUS
10
1.9615920078740157
20
1.3340348425196851
11
1.9622746456692912
21
1.3330132677165354
0
LINE
8
BLACK
6
CONTINUOUS
10
1.9622746456692912
20
1.3330132677165354
11
1.9624280708661417
21
1.3322418897637796
0
LINE
8
BLACK
6
CONTINUOUS
10
1.9624280708661417
20
1.3322418897637796
11
1.9625789370078739
21
1.3319183858267716
0
LINE
8
BLACK
6
CONTINUOUS
10
1.9625789370078739
20
1.3319183858267716
11
1.9627482677165353
21
1.330632125984252
0
LINE
8
BLACK
6
CONTINUOUS
10
1.9627482677165353
20
1.330632125984252
11
1.9628740157480316
21
1.3300000000000001
0
LINE
8
BLACK
6
CONTINUOUS
10
1.9628740157480316
20
1.3300000000000001
11
1.9628740157480316
21
1.27
0
LINE
8
BLACK
6
CONTINUOUS
10
1.9628740157480316
20
1.27
11
1.9627482677165353
21
1.2693678346456692
0
LINE
8
BLACK
6
CONTINUOUS
10
1.9627482677165353
20
1.2693678346456692
11
1.9625789370078739
21
1.2680815748031495
0
LINE
8
BLACK
6
CONTINUOUS
10
1.9625789370078739
20
1.2680815748031495
11
1.9624280314960629
21
1.2677579921259843
0
LINE
8
BLACK
6
CONTINUOUS
10
1.9624280314960629
20
1.2677579921259843
11
1.9622746456692912
21
1.2669867322834645
0
LINE
8
BLACK
6
CONTINUOUS
10
1.9622746456692912
20
1.2669867322834645
11
1.9615920472440944
21
1.2659651968503938
0
LINE
8
BLACK
6
CONTINUOUS
10
1.9615920472440944
20
1.2659651968503938
11
1.9613878346456692
21
1.2655272047244095
0
LINE
8
BLACK
6
CONTINUOUS
10
1.9613878346456692
20
1.2655272047244095
11
1.9611212992125984
21
1.2652606692913386
0
LINE
8
BLACK
6
CONTINUOUS
10
1.9611212992125984
20
1.2652606692913386
11
1.9605677559055117
21
1.2644322440944882
0
LINE
8
BLACK
6
CONTINUOUS
10
1.9605677559055117
20
1.2644322440944882
11
1.9597392913385827
21
1.2638786614173227
0
LINE
8
BLACK
6
CONTINUOUS
10
1.9597392913385827
20
1.2638786614173227
11
1.9594727559055118
21
1.2636121259842519
0
LINE
8
BLACK
6
CONTINUOUS
10
1.9594727559055118
20
1.2636121259842519
11
1.9590346456692913
21
1.2634078346456692
0
LINE
8
BLACK
6
CONTINUOUS
10
1.9590346456692913
20
1.2634078346456692
11
1.9580132677165354
21
1.2627253543307086
0
LINE
8
BLACK
6
CONTINUOUS
10
1.9580132677165354
20
1.2627253543307086
11
1.9572420472440943
21
1.2625719291338582
0
LINE
8
BLACK
6
CONTINUOUS
10
1.9572420472440943
20
1.2625719291338582
11
1.9569183858267716
21
1.2624210236220472
0
LINE
8
BLACK
6
CONTINUOUS
10
1.9569183858267716
20
1.2624210236220472
11
1.9556315354330709
21
1.2622515748031495
0
LINE
8
BLACK
6
CONTINUOUS
10
1.9556315354330709
20
1.2622515748031495
11
1.9549999999999998
21
1.2621259842519685
0
LINE
8
BLACK
6
CONTINUOUS
10
1.9549999999999998
20
1.2621259842519685
11
1.9546773622047244
21
1.2621259842519685
0
LINE
8
BLACK
6
CONTINUOUS
10
1.9546773622047244
20
1.2621259842519685
11
1.8953226771653542
21
1.2621259842519685
0
LINE
8
BLACK
6
CONTINUOUS
10
1.8953226771653542
20
1.2621259842519685
11
1.895
21
1.2621259842519685
0
LINE
8
BLACK
6
CONTINUOUS
10
1.895
20
1.2621259842519685
11
1.8943684251968504
21
1.2622515748031495
0
LINE
8
BLACK
6
CONTINUOUS
10
1.8943684251968504
20
1.2622515748031495
11
1.8930815748031495
21
1.2624210236220472
0
LINE
8
BLACK
6
CONTINUOUS
10
1.8930815748031495
20
1.2624210236220472
11
1.8927578346456693
21
1.2625719291338582
0
LINE
8
BLACK
6
CONTINUOUS
10
1.8927578346456693
20
1.2625719291338582
11
1.8919867322834645
21
1.2627253543307086
0
LINE
8
BLACK
6
CONTINUOUS
10
1.8919867322834645
20
1.2627253543307086
11
1.8909653937007873
21
1.2634077559055117
0
LINE
8
BLACK
6
CONTINUOUS
10
1.8909653937007873
20
1.2634077559055117
11
1.8905272047244095
21
1.2636121259842519
0
LINE
8
BLACK
6
CONTINUOUS
10
1.8905272047244095
20
1.2636121259842519
11
1.8902605511811024
21
1.2638787401574803
0
LINE
8
BLACK
6
CONTINUOUS
10
1.8902605511811024
20
1.2638787401574803
11
1.8894322440944882
21
1.2644322440944882
0
LINE
8
BLACK
6
CONTINUOUS
10
1.8894322440944882
20
1.2644322440944882
11
1.8888787401574803
21
1.2652605511811024
0
LINE
8
BLACK
6
CONTINUOUS
10
1.8888787401574803
20
1.2652605511811024
11
1.8886121259842519
21
1.2655272047244095
0
LINE
8
BLACK
6
CONTINUOUS
10
1.8886121259842519
20
1.2655272047244095
11
1.8884077559055117
21
1.2659653937007873
0
LINE
8
BLACK
6
CONTINUOUS
10
1.8884077559055117
20
1.2659653937007873
11
1.8877253543307086
21
1.2669867322834645
0
LINE
8
BLACK
6
CONTINUOUS
10
1.8877253543307086
20
1.2669867322834645
11
1.8875719291338582
21
1.2677578346456693
0
LINE
8
BLACK
6
CONTINUOUS
10
1.8875719291338582
20
1.2677578346456693
11
1.8874210236220472
21
1.2680815748031495
0
LINE
8
BLACK
6
CONTINUOUS
10
1.8874210236220472
20
1.2680815748031495
11
1.8872515748031495
21
1.269368503937008
0
LINE
8
BLACK
6
CONTINUOUS
10
1.8872515748031495
20
1.269368503937008
11
1.8871259842519685
21
1.27
0
LINE
8
BLACK
6
CONTINUOUS
10
1.8871259842519685
20
1.27
11
1.8871259842519685
21
1.3300000000000001
0
LINE
8
BLACK
6
CONTINUOUS
10
1.8871259842519685
20
1.3300000000000001
11
1.8872516141732283
21
1.3306316141732284
0
LINE
8
BLACK
6
CONTINUOUS
10
1.8872516141732283
20
1.3306316141732284
11
1.8874210236220472
21
1.3319183858267716
0
LINE
8
BLACK
6
CONTINUOUS
10
1.8874210236220472
20
1.3319183858267716
11
1.8875719291338582
21
1.3322420472440946
0
LINE
8
BLACK
6
CONTINUOUS
10
1.8875719291338582
20
1.3322420472440946
11
1.8877253543307086
21
1.3330132677165354
0
LINE
8
BLACK
6
CONTINUOUS
10
1.8877253543307086
20
1.3330132677165354
11
1.8884078346456692
21
1.3340346456692913
0
LINE
8
BLACK
6
CONTINUOUS
10
1.8884078346456692
20
1.3340346456692913
11
1.8886121259842519
21
1.3344727559055118
0
LINE
8
BLACK
6
CONTINUOUS
10
1.8886121259842519
20
1.3344727559055118
11
1.8888786614173227
21
1.3347392913385827
0
LINE
8
BLACK
6
CONTINUOUS
10
1.8888786614173227
20
1.3347392913385827
11
1.8894322440944882
21
1.3355677559055117
0
LINE
8
BLACK
6
CONTINUOUS
10
1.8894322440944882
20
1.3355677559055117
11
1.8902606692913386
21
1.3361212992125984
0
LINE
8
BLACK
6
CONTINUOUS
10
1.8902606692913386
20
1.3361212992125984
11
1.8905272047244095
21
1.3363878346456692
0
LINE
8
BLACK
6
CONTINUOUS
10
1.8905272047244095
20
1.3363878346456692
11
1.8909651968503935
21
1.3365920472440944
0
LINE
8
BLACK
6
CONTINUOUS
10
1.8909651968503935
20
1.3365920472440944
11
1.8919867322834645
21
1.3372746456692912
0
LINE
8
BLACK
6
CONTINUOUS
10
1.8919867322834645
20
1.3372746456692912
11
1.8927579921259843
21
1.3374280314960629
0
LINE
8
BLACK
6
CONTINUOUS
10
1.8927579921259843
20
1.3374280314960629
11
1.8930815748031495
21
1.3375789370078739
0
LINE
8
BLACK
6
CONTINUOUS
10
1.8930815748031495
20
1.3375789370078739
11
1.8943679133858267
21
1.3377482677165353
0
LINE
8
BLACK
6
CONTINUOUS
10
1.8943679133858267
20
1.3377482677165353
11
1.895
21
1.3378740157480316
0
LINE
8
BLACK
6
CONTINUOUS
10
1.895
20
1.3378740157480316
11
1.9549999999999998
21
1.3378740157480316
0
LINE
8
BLACK
6
CONTINUOUS
10
1.9549999999999998
20
1.3378740157480316
11
1.9556322047244095
21
1.3377482283464566
0
LINE
8
BLACK
6
CONTINUOUS
10
0.4282677952755906
20
1.381891653543307
11
0.4306984251968504
21
1.381891653543307
0
LINE
8
BLACK
6
CONTINUOUS
10
0.4306984251968504
20
1.381891653543307
11
0.4328681102362205
21
1.3815295669291339
0
LINE
8
BLACK
6
CONTINUOUS
10
0.4328681102362205
20
1.3815295669291339
11
0.4349123228346456
21
1.3813687007874016
0
LINE
8
BLACK
6
CONTINUOUS
10
0.4349123228346456
20
1.3813687007874016
11
0.4373744488188976
21
1.3807775590551181
0
LINE
8
BLACK
6
CONTINUOUS
10
0.4373744488188976
20
1.3807775590551181
11
0.4399981889763779
21
1.3803397637795276
0
LINE
8
BLACK
6
CONTINUOUS
10
0.4399981889763779
20
1.3803397637795276
11
0.4418588188976378
21
1.3797009842519685
0
LINE
8
BLACK
6
CONTINUOUS
10
0.4418588188976378
20
1.3797009842519685
11
0.443620157480315
21
1.3792781496062991
0
LINE
8
BLACK
6
CONTINUOUS
10
0.443620157480315
20
1.3792781496062991
11
0.446183937007874
21
1.3782161811023621
0
LINE
8
BLACK
6
CONTINUOUS
10
0.446183937007874
20
1.3782161811023621
11
0.4489156692913386
21
1.3772783858267716
0
LINE
8
BLACK
6
CONTINUOUS
10
0.4489156692913386
20
1.3772783858267716
11
0.4504414960629921
21
1.3764526377952755
0
LINE
8
BLACK
6
CONTINUOUS
10
0.4504414960629921
20
1.3764526377952755
11
0.4518941338582677
21
1.3758509448818896
0
LINE
8
BLACK
6
CONTINUOUS
10
0.4518941338582677
20
1.3758509448818896
11
0.4544687401574803
21
1.374273188976378
0
LINE
8
BLACK
6
CONTINUOUS
10
0.4544687401574803
20
1.374273188976378
11
0.4572076771653543
21
1.3727909842519685
0
LINE
8
BLACK
6
CONTINUOUS
10
0.4572076771653543
20
1.3727909842519685
11
0.458392874015748
21
1.371868464566929
0
LINE
8
BLACK
6
CONTINUOUS
10
0.458392874015748
20
1.371868464566929
11
0.459529842519685
21
1.3711717716535432
0
LINE
8
BLACK
6
CONTINUOUS
10
0.459529842519685
20
1.3711717716535432
11
0.4620140551181102
21
1.3690499999999999
0
LINE
8
BLACK
6
CONTINUOUS
10
0.4620140551181102
20
1.3690499999999999
11
0.4646479527559055
21
1.367
0
LINE
8
BLACK
6
CONTINUOUS
10
0.4646479527559055
20
1.367
11
0.4655072440944882
21
1.3660665354330708
0
LINE
8
BLACK
6
CONTINUOUS
10
0.4655072440944882
20
1.3660665354330708
11
0.4663397637795276
21
1.3653555118110237
0
LINE
8
BLACK
6
CONTINUOUS
10
0.4663397637795276
20
1.3653555118110237
11
0.4686260629921259
21
1.3626785826771652
0
LINE
8
BLACK
6
CONTINUOUS
10
0.4686260629921259
20
1.3626785826771652
11
0.4710336220472441
21
1.3600633070866142
0
LINE
8
BLACK
6
CONTINUOUS
10
0.4710336220472441
20
1.3600633070866142
11
0.4715994094488189
21
1.3591972440944882
0
LINE
8
BLACK
6
CONTINUOUS
10
0.4715994094488189
20
1.3591972440944882
11
0.4721560236220472
21
1.3585455905511812
0
LINE
8
BLACK
6
CONTINUOUS
10
0.4721560236220472
20
1.3585455905511812
11
0.474133937007874
21
1.3553178740157481
0
LINE
8
BLACK
6
CONTINUOUS
10
0.474133937007874
20
1.3553178740157481
11
0.4761904330708661
21
1.3521702362204724
0
LINE
8
BLACK
6
CONTINUOUS
10
0.4761904330708661
20
1.3521702362204724
11
0.4765117322834646
21
1.3514376771653542
0
LINE
8
BLACK
6
CONTINUOUS
10
0.4765117322834646
20
1.3514376771653542
11
0.4768351968503937
21
1.3509098818897638
0
LINE
8
BLACK
6
CONTINUOUS
10
0.4768351968503937
20
1.3509098818897638
11
0.478394094488189
21
1.3471462992125984
0
LINE
8
BLACK
6
CONTINUOUS
10
0.478394094488189
20
1.3471462992125984
11
0.4799777559055118
21
1.3435359842519685
0
LINE
8
BLACK
6
CONTINUOUS
10
0.4799777559055118
20
1.3435359842519685
11
0.4801164566929134
21
1.342988188976378
0
LINE
8
BLACK
6
CONTINUOUS
10
0.4801164566929134
20
1.342988188976378
11
0.4802624015748032
21
1.3426359055118109
0
LINE
8
BLACK
6
CONTINUOUS
10
0.4802624015748032
20
1.3426359055118109
11
0.4812971653543307
21
1.3383255905511811
0
LINE
8
BLACK
6
CONTINUOUS
10
0.4812971653543307
20
1.3383255905511811
11
0.4822922834645669
21
1.3343961417322834
0
LINE
8
BLACK
6
CONTINUOUS
10
0.4822922834645669
20
1.3343961417322834
11
0.4823195275590551
21
1.3340672440944881
0
LINE
8
BLACK
6
CONTINUOUS
10
0.4823195275590551
20
1.3340672440944881
11
0.4823529527559055
21
1.3339280708661416
0
LINE
8
BLACK
6
CONTINUOUS
10
0.4823529527559055
20
1.3339280708661416
11
0.4827672047244094
21
1.3286645669291339
0
LINE
8
BLACK
6
CONTINUOUS
10
0.4827672047244094
20
1.3286645669291339
11
0.4830708661417323
21
1.325
0
LINE
8
BLACK
6
CONTINUOUS
10
0.4830708661417323
20
1.325
11
0.4827672047244094
21
1.3213357086614173
0
LINE
8
BLACK
6
CONTINUOUS
10
0.4827672047244094
20
1.3213357086614173
11
0.4823529527559055
21
1.3160718897637795
0
LINE
8
BLACK
6
CONTINUOUS
10
0.4823529527559055
20
1.3160718897637795
11
0.4823195275590551
21
1.3159326377952756
0
LINE
8
BLACK
6
CONTINUOUS
10
0.4823195275590551
20
1.3159326377952756
11
0.4822922834645669
21
1.3156038582677165
0
LINE
8
BLACK
6
CONTINUOUS
10
0.4822922834645669
20
1.3156038582677165
11
0.4812973622047244
21
1.3116750787401574
0
LINE
8
BLACK
6
CONTINUOUS
10
0.4812973622047244
20
1.3116750787401574
11
0.4802624015748032
21
1.3073640551181103
0
LINE
8
BLACK
6
CONTINUOUS
10
0.4802624015748032
20
1.3073640551181103
11
0.4801164173228346
21
1.307011653543307
0
LINE
8
BLACK
6
CONTINUOUS
10
0.4801164173228346
20
1.307011653543307
11
0.4799777559055118
21
1.3064640157480314
0
LINE
8
BLACK
6
CONTINUOUS
10
0.4799777559055118
20
1.3064640157480314
11
0.4783944094488189
21
1.3028543307086613
0
LINE
8
BLACK
6
CONTINUOUS
10
0.4783944094488189
20
1.3028543307086613
11
0.4768351968503937
21
1.2990900787401574
0
LINE
8
BLACK
6
CONTINUOUS
10
0.4768351968503937
20
1.2990900787401574
11
0.4765116929133858
21
1.2985621653543307
0
LINE
8
BLACK
6
CONTINUOUS
10
0.4765116929133858
20
1.2985621653543307
11
0.4761904330708661
21
1.2978297637795275
0
LINE
8
BLACK
6
CONTINUOUS
10
0.4761904330708661
20
1.2978297637795275
11
0.4741343307086614
21
1.2946826771653543
0
LINE
8
BLACK
6
CONTINUOUS
10
0.4741343307086614
20
1.2946826771653543
11
0.4721560236220472
21
1.2914543700787402
0
LINE
8
BLACK
6
CONTINUOUS
10
0.4721560236220472
20
1.2914543700787402
11
0.4715992913385827
21
1.290802559055118
0
LINE
8
BLACK
6
CONTINUOUS
10
0.4715992913385827
20
1.290802559055118
11
0.4710336220472441
21
1.2899366929133858
0
LINE
8
BLACK
6
CONTINUOUS
10
0.4710336220472441
20
1.2899366929133858
11
0.4686265354330709
21
1.2873218897637795
0
LINE
8
BLACK
6
CONTINUOUS
10
0.4686265354330709
20
1.2873218897637795
11
0.4663397637795276
21
1.2846444488188975
0
LINE
8
BLACK
6
CONTINUOUS
10
0.4663397637795276
20
1.2846444488188975
11
0.4655070866141732
21
1.2839332677165354
0
LINE
8
BLACK
6
CONTINUOUS
10
0.4655070866141732
20
1.2839332677165354
11
0.4646479527559055
21
1.2829999999999999
0
LINE
8
BLACK
6
CONTINUOUS
10
0.4646479527559055
20
1.2829999999999999
11
0.4620145669291338
21
1.2809503543307086
0
LINE
8
BLACK
6
CONTINUOUS
10
0.4620145669291338
20
1.2809503543307086
11
0.459529842519685
21
1.278828188976378
0
LINE
8
BLACK
6
CONTINUOUS
10
0.459529842519685
20
1.278828188976378
11
0.4583926377952756
21
1.2781312992125984
0
LINE
8
BLACK
6
CONTINUOUS
10
0.4583926377952756
20
1.2781312992125984
11
0.4572076771653543
21
1.2772090157480314
0
LINE
8
BLACK
6
CONTINUOUS
10
0.4572076771653543
20
1.2772090157480314
11
0.4544692913385827
21
1.2757270866141732
0
LINE
8
BLACK
6
CONTINUOUS
10
0.4544692913385827
20
1.2757270866141732
11
0.4518941338582677
21
1.2741490157480315
0
LINE
8
BLACK
6
CONTINUOUS
10
0.4518941338582677
20
1.2741490157480315
11
0.4504411811023622
21
1.2735471653543307
0
LINE
8
BLACK
6
CONTINUOUS
10
0.4504411811023622
20
1.2735471653543307
11
0.4489156692913386
21
1.2727216141732283
0
LINE
8
BLACK
6
CONTINUOUS
10
0.4489156692913386
20
1.2727216141732283
11
0.4461844881889764
21
1.2717839763779528
0
LINE
8
BLACK
6
CONTINUOUS
10
0.4461844881889764
20
1.2717839763779528
11
0.443620157480315
21
1.270721811023622
0
LINE
8
BLACK
6
CONTINUOUS
10
0.443620157480315
20
1.270721811023622
11
0.4418584251968504
21
1.2702988582677166
0
LINE
8
BLACK
6
CONTINUOUS
10
0.4418584251968504
20
1.2702988582677166
11
0.4399981889763779
21
1.2696602362204723
0
LINE
8
BLACK
6
CONTINUOUS
10
0.4399981889763779
20
1.2696602362204723
11
0.437375
21
1.2692224803149605
0
LINE
8
BLACK
6
CONTINUOUS
10
0.437375
20
1.2692224803149605
11
0.4349123228346456
21
1.2686312598425196
0
LINE
8
BLACK
6
CONTINUOUS
10
0.4349123228346456
20
1.2686312598425196
11
0.4328676377952756
21
1.2684703149606298
0
LINE
8
BLACK
6
CONTINUOUS
10
0.4328676377952756
20
1.2684703149606298
11
0.4306984251968504
21
1.2681083464566929
0
LINE
8
BLACK
6
CONTINUOUS
10
0.4306984251968504
20
1.2681083464566929
11
0.4282683070866142
21
1.2681083464566929
0
LINE
8
BLACK
6
CONTINUOUS
10
0.4282683070866142
20
1.2681083464566929
11
0.4259842519685039
21
1.2679285826771654
0
LINE
8
BLACK
6
CONTINUOUS
10
0.4259842519685039
20
1.2679285826771654
11
0.4237001968503937
21
1.2681083464566929
0
LINE
8
BLACK
6
CONTINUOUS
10
0.4237001968503937
20
1.2681083464566929
11
0.4212700787401575
21
1.2681083464566929
0
LINE
8
BLACK
6
CONTINUOUS
10
0.4212700787401575
20
1.2681083464566929
11
0.4191008267716536
21
1.2684703149606298
0
LINE
8
BLACK
6
CONTINUOUS
10
0.4191008267716536
20
1.2684703149606298
11
0.4170561417322834
21
1.2686312598425196
0
LINE
8
BLACK
6
CONTINUOUS
10
0.4170561417322834
20
1.2686312598425196
11
0.4145933464566929
21
1.2692224803149605
0
LINE
8
BLACK
6
CONTINUOUS
10
0.4145933464566929
20
1.2692224803149605
11
0.4119703149606299
21
1.2696602362204723
0
LINE
8
BLACK
6
CONTINUOUS
10
0.4119703149606299
20
1.2696602362204723
11
0.4101101181102362
21
1.2702988188976378
0
LINE
8
BLACK
6
CONTINUOUS
10
0.4101101181102362
20
1.2702988188976378
11
0.4083483070866142
21
1.270721811023622
0
LINE
8
BLACK
6
CONTINUOUS
10
0.4083483070866142
20
1.270721811023622
11
0.4057837401574803
21
1.2717840551181101
0
LINE
8
BLACK
6
CONTINUOUS
10
0.4057837401574803
20
1.2717840551181101
11
0.4030528346456693
21
1.2727216141732283
0
LINE
8
BLACK
6
CONTINUOUS
10
0.4030528346456693
20
1.2727216141732283
11
0.4015274015748032
21
1.2735470866141732
0
LINE
8
BLACK
6
CONTINUOUS
10
0.4015274015748032
20
1.2735470866141732
11
0.4000743307086614
21
1.2741490157480315
0
LINE
8
BLACK
6
CONTINUOUS
10
0.4000743307086614
20
1.2741490157480315
11
0.3974988188976378
21
1.2757272440944882
0
LINE
8
BLACK
6
CONTINUOUS
10
0.3974988188976378
20
1.2757272440944882
11
0.3947608267716535
21
1.2772090157480314
0
LINE
8
BLACK
6
CONTINUOUS
10
0.3947608267716535
20
1.2772090157480314
11
0.3935759842519685
21
1.2781311811023621
0
LINE
8
BLACK
6
CONTINUOUS
10
0.3935759842519685
20
1.2781311811023621
11
0.3924386220472441
21
1.278828188976378
0
LINE
8
BLACK
6
CONTINUOUS
10
0.3924386220472441
20
1.278828188976378
11
0.3899534645669291
21
1.2809507086614174
0
LINE
8
BLACK
6
CONTINUOUS
10
0.3899534645669291
20
1.2809507086614174
11
0.3873205511811024
21
1.2829999999999999
0
LINE
8
BLACK
6
CONTINUOUS
10
0.3873205511811024
20
1.2829999999999999
11
0.3864615354330709
21
1.2839331102362204
0
LINE
8
BLACK
6
CONTINUOUS
10
0.3864615354330709
20
1.2839331102362204
11
0.3856287007874016
21
1.2846444488188975
0
LINE
8
BLACK
6
CONTINUOUS
10
0.3856287007874016
20
1.2846444488188975
11
0.3833414173228346
21
1.2873224803149605
0
LINE
8
BLACK
6
CONTINUOUS
10
0.3833414173228346
20
1.2873224803149605
11
0.3809348818897638
21
1.2899366929133858
0
LINE
8
BLACK
6
CONTINUOUS
10
0.3809348818897638
20
1.2899366929133858
11
0.3803692913385827
21
1.2908023622047244
0
LINE
8
BLACK
6
CONTINUOUS
10
0.3803692913385827
20
1.2908023622047244
11
0.3798124409448819
21
1.2914543700787402
0
LINE
8
BLACK
6
CONTINUOUS
10
0.3798124409448819
20
1.2914543700787402
11
0.3778335039370079
21
1.294683622047244
0
LINE
8
BLACK
6
CONTINUOUS
10
0.3778335039370079
20
1.294683622047244
11
0.3757780708661417
21
1.2978297637795275
0
LINE
8
BLACK
6
CONTINUOUS
10
0.3757780708661417
20
1.2978297637795275
11
0.3754568897637795
21
1.2985619291338582
0
LINE
8
BLACK
6
CONTINUOUS
10
0.3754568897637795
20
1.2985619291338582
11
0.3751332677165354
21
1.2990900787401574
0
LINE
8
BLACK
6
CONTINUOUS
10
0.3751332677165354
20
1.2990900787401574
11
0.3735733464566929
21
1.3028559448818897
0
LINE
8
BLACK
6
CONTINUOUS
10
0.3735733464566929
20
1.3028559448818897
11
0.3719907480314961
21
1.3064640157480314
0
LINE
8
BLACK
6
CONTINUOUS
10
0.3719907480314961
20
1.3064640157480314
11
0.3718520866141732
21
1.3070114173228347
0
LINE
8
BLACK
6
CONTINUOUS
10
0.3718520866141732
20
1.3070114173228347
11
0.371706062992126
21
1.3073640551181103
0
LINE
8
BLACK
6
CONTINUOUS
10
0.371706062992126
20
1.3073640551181103
11
0.3706703543307087
21
1.3116780708661417
0
LINE
8
BLACK
6
CONTINUOUS
10
0.3706703543307087
20
1.3116780708661417
11
0.3696762204724409
21
1.3156038582677165
0
LINE
8
BLACK
6
CONTINUOUS
10
0.3696762204724409
20
1.3156038582677165
11
0.3696489763779527
21
1.3159324015748031
0
LINE
8
BLACK
6
CONTINUOUS
10
0.3696489763779527
20
1.3159324015748031
11
0.3696155118110236
21
1.3160718897637795
0
LINE
8
BLACK
6
CONTINUOUS
10
0.3696155118110236
20
1.3160718897637795
11
0.3692004724409449
21
1.321345157480315
0
LINE
8
BLACK
6
CONTINUOUS
10
0.3692004724409449
20
1.321345157480315
11
0.3688976377952756
21
1.325
0
LINE
8
BLACK
6
CONTINUOUS
10
0.3688976377952756
20
1.325
11
0.3692004724409449
21
1.3286550787401574
0
LINE
8
BLACK
6
CONTINUOUS
10
0.3692004724409449
20
1.3286550787401574
11
0.3696155118110236
21
1.3339280708661416
0
LINE
8
BLACK
6
CONTINUOUS
10
0.3696155118110236
20
1.3339280708661416
11
0.3696489763779527
21
1.3340674803149606
0
LINE
8
BLACK
6
CONTINUOUS
10
0.3696489763779527
20
1.3340674803149606
11
0.3696762204724409
21
1.3343961417322834
0
LINE
8
BLACK
6
CONTINUOUS
10
0.3696762204724409
20
1.3343961417322834
11
0.3706705118110236
21
1.3383225984251967
0
LINE
8
BLACK
6
CONTINUOUS
10
0.3706705118110236
20
1.3383225984251967
11
0.371706062992126
21
1.3426359055118109
0
LINE
8
BLACK
6
CONTINUOUS
10
0.371706062992126
20
1.3426359055118109
11
0.3718520866141732
21
1.3429884251968505
0
LINE
8
BLACK
6
CONTINUOUS
10
0.3718520866141732
20
1.3429884251968505
11
0.3719907480314961
21
1.3435359842519685
0
LINE
8
BLACK
6
CONTINUOUS
10
0.3719907480314961
20
1.3435359842519685
11
0.3735736614173228
21
1.34714468503937
0
LINE
8
BLACK
6
CONTINUOUS
10
0.3735736614173228
20
1.34714468503937
11
0.3751332677165354
21
1.3509098818897638
0
LINE
8
BLACK
6
CONTINUOUS
10
0.3751332677165354
20
1.3509098818897638
11
0.3754568110236221
21
1.351437874015748
0
LINE
8
BLACK
6
CONTINUOUS
10
0.3754568110236221
20
1.351437874015748
11
0.3757780708661417
21
1.3521702362204724
0
LINE
8
BLACK
6
CONTINUOUS
10
0.3757780708661417
20
1.3521702362204724
11
0.3778338976377953
21
1.3553169291338583
0
LINE
8
BLACK
6
CONTINUOUS
10
0.3778338976377953
20
1.3553169291338583
11
0.3798124409448819
21
1.3585455905511812
0
LINE
8
BLACK
6
CONTINUOUS
10
0.3798124409448819
20
1.3585455905511812
11
0.3803691732283465
21
1.3591974409448819
0
LINE
8
BLACK
6
CONTINUOUS
10
0.3803691732283465
20
1.3591974409448819
11
0.3809348818897638
21
1.3600633070866142
0
LINE
8
BLACK
6
CONTINUOUS
10
0.3809348818897638
20
1.3600633070866142
11
0.3833418503937008
21
1.3626779921259842
0
LINE
8
BLACK
6
CONTINUOUS
10
0.3833418503937008
20
1.3626779921259842
11
0.3856287007874016
21
1.3653555118110237
0
LINE
8
BLACK
6
CONTINUOUS
10
0.3856287007874016
20
1.3653555118110237
11
0.3864613779527559
21
1.3660666929133858
0
LINE
8
BLACK
6
CONTINUOUS
10
0.3864613779527559
20
1.3660666929133858
11
0.3873205511811024
21
1.367
0
LINE
8
BLACK
6
CONTINUOUS
10
0.3873205511811024
20
1.367
11
0.3899539763779528
21
1.3690496850393701
0
LINE
8
BLACK
6
CONTINUOUS
10
0.3899539763779528
20
1.3690496850393701
11
0.3924386220472441
21
1.3711717716535432
0
LINE
8
BLACK
6
CONTINUOUS
10
0.3924386220472441
20
1.3711717716535432
11
0.393575748031496
21
1.3718685826771653
0
LINE
8
BLACK
6
CONTINUOUS
10
0.393575748031496
20
1.3718685826771653
11
0.3947608267716535
21
1.3727909842519685
0
LINE
8
BLACK
6
CONTINUOUS
10
0.3947608267716535
20
1.3727909842519685
11
0.3974993700787401
21
1.3742729921259842
0
LINE
8
BLACK
6
CONTINUOUS
10
0.3974993700787401
20
1.3742729921259842
11
0.4000743307086614
21
1.3758509448818896
0
LINE
8
BLACK
6
CONTINUOUS
10
0.4000743307086614
20
1.3758509448818896
11
0.4015270866141732
21
1.3764526771653542
0
LINE
8
BLACK
6
CONTINUOUS
10
0.4015270866141732
20
1.3764526771653542
11
0.4030528346456693
21
1.3772783858267716
0
LINE
8
BLACK
6
CONTINUOUS
10
0.4030528346456693
20
1.3772783858267716
11
0.4057842913385827
21
1.3782160629921258
0
LINE
8
BLACK
6
CONTINUOUS
10
0.4057842913385827
20
1.3782160629921258
11
0.4083483070866142
21
1.3792781496062991
0
LINE
8
BLACK
6
CONTINUOUS
10
0.4083483070866142
20
1.3792781496062991
11
0.4101097244094488
21
1.3797010236220473
0
LINE
8
BLACK
6
CONTINUOUS
10
0.4101097244094488
20
1.3797010236220473
11
0.4119703149606299
21
1.3803397637795276
0
LINE
8
BLACK
6
CONTINUOUS
10
0.4119703149606299
20
1.3803397637795276
11
0.4145938582677166
21
1.3807775590551181
0
LINE
8
BLACK
6
CONTINUOUS
10
0.4145938582677166
20
1.3807775590551181
11
0.4170561417322834
21
1.3813687007874016
0
LINE
8
BLACK
6
CONTINUOUS
10
0.4170561417322834
20
1.3813687007874016
11
0.4191003937007874
21
1.3815295669291339
0
LINE
8
BLACK
6
CONTINUOUS
10
0.4191003937007874
20
1.3815295669291339
11
0.4212700787401575
21
1.381891653543307
0
LINE
8
BLACK
6
CONTINUOUS
10
0.4212700787401575
20
1.381891653543307
11
0.4237007086614173
21
1.381891653543307
0
LINE
8
BLACK
6
CONTINUOUS
10
0.4237007086614173
20
1.381891653543307
11
0.4259842519685039
21
1.3820713779527558
0
LINE
8
BLACK
6
CONTINUOUS
10
0.4259842519685039
20
1.3820713779527558
11
0.4282677952755906
21
1.381891653543307
0
LINE
8
BLACK
6
CONTINUOUS
10
1.7199235433070865
20
1.3780238188976377
11
1.7212097244094489
21
1.377854527559055
0
LINE
8
BLACK
6
CONTINUOUS
10
1.7212097244094489
20
1.377854527559055
11
1.7215332283464566
21
1.3777036614173228
0
LINE
8
BLACK
6
CONTINUOUS
10
1.7215332283464566
20
1.3777036614173228
11
1.7223046062992124
21
1.3775502362204723
0
LINE
8
BLACK
6
CONTINUOUS
10
1.7223046062992124
20
1.3775502362204723
11
1.7233261811023621
21
1.3768675984251968
0
LINE
8
BLACK
6
CONTINUOUS
10
1.7233261811023621
20
1.3768675984251968
11
1.7237640944881889
21
1.3766634251968504
0
LINE
8
BLACK
6
CONTINUOUS
10
1.7237640944881889
20
1.3766634251968504
11
1.7240305118110235
21
1.376396968503937
0
LINE
8
BLACK
6
CONTINUOUS
10
1.7240305118110235
20
1.376396968503937
11
1.724859094488189
21
1.3758433464566928
0
LINE
8
BLACK
6
CONTINUOUS
10
1.724859094488189
20
1.3758433464566928
11
1.7254127165354329
21
1.3750147637795276
0
LINE
8
BLACK
6
CONTINUOUS
10
1.7254127165354329
20
1.3750147637795276
11
1.7256791732283465
21
1.374748346456693
0
LINE
8
BLACK
6
CONTINUOUS
10
1.7256791732283465
20
1.374748346456693
11
1.7258833464566929
21
1.3743104330708662
0
LINE
8
BLACK
6
CONTINUOUS
10
1.7258833464566929
20
1.3743104330708662
11
1.7265659842519685
21
1.3732888582677165
0
LINE
8
BLACK
6
CONTINUOUS
10
1.7265659842519685
20
1.3732888582677165
11
1.726719409448819
21
1.3725174803149607
0
LINE
8
BLACK
6
CONTINUOUS
10
1.726719409448819
20
1.3725174803149607
11
1.7268702755905512
21
1.3721939763779527
0
LINE
8
BLACK
6
CONTINUOUS
10
1.7268702755905512
20
1.3721939763779527
11
1.7270396062992126
21
1.3709077165354331
0
LINE
8
BLACK
6
CONTINUOUS
10
1.7270396062992126
20
1.3709077165354331
11
1.7271653543307086
21
1.370275590551181
0
LINE
8
BLACK
6
CONTINUOUS
10
1.7271653543307086
20
1.370275590551181
11
1.7271653543307086
21
1.2797244094488189
0
LINE
8
BLACK
6
CONTINUOUS
10
1.7271653543307086
20
1.2797244094488189
11
1.7270396062992126
21
1.2790922440944881
0
LINE
8
BLACK
6
CONTINUOUS
10
1.7270396062992126
20
1.2790922440944881
11
1.7268702755905512
21
1.2778059842519685
0
LINE
8
BLACK
6
CONTINUOUS
10
1.7268702755905512
20
1.2778059842519685
11
1.7267193700787402
21
1.2774824015748032
0
LINE
8
BLACK
6
CONTINUOUS
10
1.7267193700787402
20
1.2774824015748032
11
1.7265659842519685
21
1.2767111417322834
0
LINE
8
BLACK
6
CONTINUOUS
10
1.7265659842519685
20
1.2767111417322834
11
1.7258833858267717
21
1.2756896062992125
0
LINE
8
BLACK
6
CONTINUOUS
10
1.7258833858267717
20
1.2756896062992125
11
1.7256791732283465
21
1.2752516141732284
0
LINE
8
BLACK
6
CONTINUOUS
10
1.7256791732283465
20
1.2752516141732284
11
1.7254126377952756
21
1.2749850787401575
0
LINE
8
BLACK
6
CONTINUOUS
10
1.7254126377952756
20
1.2749850787401575
11
1.724859094488189
21
1.2741566535433071
0
LINE
8
BLACK
6
CONTINUOUS
10
1.724859094488189
20
1.2741566535433071
11
1.7240306299212598
21
1.2736030708661417
0
LINE
8
BLACK
6
CONTINUOUS
10
1.7240306299212598
20
1.2736030708661417
11
1.7237640944881889
21
1.2733365354330708
0
LINE
8
BLACK
6
CONTINUOUS
10
1.7237640944881889
20
1.2733365354330708
11
1.7233259842519684
21
1.2731322440944881
0
LINE
8
BLACK
6
CONTINUOUS
10
1.7233259842519684
20
1.2731322440944881
11
1.7223046062992124
21
1.2724497637795276
0
LINE
8
BLACK
6
CONTINUOUS
10
1.7223046062992124
20
1.2724497637795276
11
1.7215333858267716
21
1.2722963385826771
0
LINE
8
BLACK
6
CONTINUOUS
10
1.7215333858267716
20
1.2722963385826771
11
1.7212097244094489
21
1.2721454330708661
0
LINE
8
BLACK
6
CONTINUOUS
10
1.7212097244094489
20
1.2721454330708661
11
1.7199228740157479
21
1.2719759842519685
0
LINE
8
BLACK
6
CONTINUOUS
10
1.7199228740157479
20
1.2719759842519685
11
1.7192913385826771
21
1.2718503937007875
0
LINE
8
BLACK
6
CONTINUOUS
10
1.7192913385826771
20
1.2718503937007875
11
1.7189687007874015
21
1.2718503937007875
0
LINE
8
BLACK
6
CONTINUOUS
10
1.7189687007874015
20
1.2718503937007875
11
1.6290628346456693
21
1.2718503937007875
0
LINE
8
BLACK
6
CONTINUOUS
10
1.6290628346456693
20
1.2718503937007875
11
1.6287401574803149
21
1.2718503937007875
0
LINE
8
BLACK
6
CONTINUOUS
10
1.6287401574803149
20
1.2718503937007875
11
1.6281085826771653
21
1.2719759842519685
0
LINE
8
BLACK
6
CONTINUOUS
10
1.6281085826771653
20
1.2719759842519685
11
1.6268217322834646
21
1.2721454330708661
0
LINE
8
BLACK
6
CONTINUOUS
10
1.6268217322834646
20
1.2721454330708661
11
1.6264979921259841
21
1.2722963385826771
0
LINE
8
BLACK
6
CONTINUOUS
10
1.6264979921259841
20
1.2722963385826771
11
1.6257268897637795
21
1.2724497637795276
0
LINE
8
BLACK
6
CONTINUOUS
10
1.6257268897637795
20
1.2724497637795276
11
1.6247055511811024
21
1.2731321653543306
0
LINE
8
BLACK
6
CONTINUOUS
10
1.6247055511811024
20
1.2731321653543306
11
1.6242673622047243
21
1.2733365354330708
0
LINE
8
BLACK
6
CONTINUOUS
10
1.6242673622047243
20
1.2733365354330708
11
1.6240007086614172
21
1.2736031496062992
0
LINE
8
BLACK
6
CONTINUOUS
10
1.6240007086614172
20
1.2736031496062992
11
1.623172401574803
21
1.2741566535433071
0
LINE
8
BLACK
6
CONTINUOUS
10
1.623172401574803
20
1.2741566535433071
11
1.6226188976377953
21
1.2749849606299213
0
LINE
8
BLACK
6
CONTINUOUS
10
1.6226188976377953
20
1.2749849606299213
11
1.6223522834645669
21
1.2752516141732284
0
LINE
8
BLACK
6
CONTINUOUS
10
1.6223522834645669
20
1.2752516141732284
11
1.6221479133858268
21
1.2756898031496062
0
LINE
8
BLACK
6
CONTINUOUS
10
1.6221479133858268
20
1.2756898031496062
11
1.6214655118110235
21
1.2767111417322834
0
LINE
8
BLACK
6
CONTINUOUS
10
1.6214655118110235
20
1.2767111417322834
11
1.6213120866141733
21
1.2774822440944882
0
LINE
8
BLACK
6
CONTINUOUS
10
1.6213120866141733
20
1.2774822440944882
11
1.6211611811023621
21
1.2778059842519685
0
LINE
8
BLACK
6
CONTINUOUS
10
1.6211611811023621
20
1.2778059842519685
11
1.6209917322834646
21
1.2790929133858266
0
LINE
8
BLACK
6
CONTINUOUS
10
1.6209917322834646
20
1.2790929133858266
11
1.6208661417322834
21
1.2797244094488189
0
LINE
8
BLACK
6
CONTINUOUS
10
1.6208661417322834
20
1.2797244094488189
11
1.6208661417322834
21
1.370275590551181
0
LINE
8
BLACK
6
CONTINUOUS
10
1.6208661417322834
20
1.370275590551181
11
1.6209917716535434
21
1.3709072047244095
0
LINE
8
BLACK
6
CONTINUOUS
10
1.6209917716535434
20
1.3709072047244095
11
1.6211611811023621
21
1.3721939763779527
0
LINE
8
BLACK
6
CONTINUOUS
10
1.6211611811023621
20
1.3721939763779527
11
1.6213120866141733
21
1.3725176377952755
0
LINE
8
BLACK
6
CONTINUOUS
10
1.6213120866141733
20
1.3725176377952755
11
1.6214655118110235
21
1.3732888582677165
0
LINE
8
BLACK
6
CONTINUOUS
10
1.6214655118110235
20
1.3732888582677165
11
1.6221479921259843
21
1.3743102362204724
0
LINE
8
BLACK
6
CONTINUOUS
10
1.6221479921259843
20
1.3743102362204724
11
1.6223522834645669
21
1.374748346456693
0
LINE
8
BLACK
6
CONTINUOUS
10
1.6223522834645669
20
1.374748346456693
11
1.6226188188976378
21
1.3750148818897638
0
LINE
8
BLACK
6
CONTINUOUS
10
1.6226188188976378
20
1.3750148818897638
11
1.623172401574803
21
1.3758433464566928
0
LINE
8
BLACK
6
CONTINUOUS
10
1.623172401574803
20
1.3758433464566928
11
1.6240008267716535
21
1.3763968897637795
0
LINE
8
BLACK
6
CONTINUOUS
10
1.6240008267716535
20
1.3763968897637795
11
1.6242673622047243
21
1.3766634251968504
0
LINE
8
BLACK
6
CONTINUOUS
10
1.6242673622047243
20
1.3766634251968504
11
1.6247053543307086
21
1.3768676377952755
0
LINE
8
BLACK
6
CONTINUOUS
10
1.6247053543307086
20
1.3768676377952755
11
1.6257268897637795
21
1.3775502362204723
0
LINE
8
BLACK
6
CONTINUOUS
10
1.6257268897637795
20
1.3775502362204723
11
1.6264981496062991
21
1.3777036220472441
0
LINE
8
BLACK
6
CONTINUOUS
10
1.6264981496062991
20
1.3777036220472441
11
1.6268217322834646
21
1.377854527559055
0
LINE
8
BLACK
6
CONTINUOUS
10
1.6268217322834646
20
1.377854527559055
11
1.6281080708661417
21
1.3780238582677165
0
LINE
8
BLACK
6
CONTINUOUS
10
1.6281080708661417
20
1.3780238582677165
11
1.6287401574803149
21
1.3781496062992125
0
LINE
8
BLACK
6
CONTINUOUS
10
1.6287401574803149
20
1.3781496062992125
11
1.7192913385826771
21
1.3781496062992125
0
LINE
8
BLACK
6
CONTINUOUS
10
1.7192913385826771
20
1.3781496062992125
11
1.7199235433070865
21
1.3780238188976377
0
LINE
8
BLACK
6
CONTINUOUS
10
0.2034183070866142
20
1.525792283464567
11
0.2068203543307087
21
1.525792283464567
0
LINE
8
BLACK
6
CONTINUOUS
10
0.2068203543307087
20
1.525792283464567
11
0.2104525590551181
21
1.5253972440944881
0
LINE
8
BLACK
6
CONTINUOUS
10
0.2104525590551181
20
1.5253972440944881
11
0.2141057480314961
21
1.5251920866141733
0
LINE
8
BLACK
6
CONTINUOUS
10
0.2141057480314961
20
1.5251920866141733
11
0.2172482283464567
21
1.5246581496062992
0
LINE
8
BLACK
6
CONTINUOUS
10
0.2172482283464567
20
1.5246581496062992
11
0.2203805905511811
21
1.5243174803149606
0
LINE
8
BLACK
6
CONTINUOUS
10
0.2203805905511811
20
1.5243174803149606
11
0.2241953543307087
21
1.5234777559055117
0
LINE
8
BLACK
6
CONTINUOUS
10
0.2241953543307087
20
1.5234777559055117
11
0.2280341338582677
21
1.5228255511811024
0
LINE
8
BLACK
6
CONTINUOUS
10
0.2280341338582677
20
1.5228255511811024
11
0.2308694488188976
21
1.5220087007874015
0
LINE
8
BLACK
6
CONTINUOUS
10
0.2308694488188976
20
1.5220087007874015
11
0.2337024803149606
21
1.5213851181102362
0
LINE
8
BLACK
6
CONTINUOUS
10
0.2337024803149606
20
1.5213851181102362
11
0.2376449212598425
21
1.5200567322834646
0
LINE
8
BLACK
6
CONTINUOUS
10
0.2376449212598425
20
1.5200567322834646
11
0.2416099606299213
21
1.5189144488188977
0
LINE
8
BLACK
6
CONTINUOUS
10
0.2416099606299213
20
1.5189144488188977
11
0.2441162992125984
21
1.5178762598425197
0
LINE
8
BLACK
6
CONTINUOUS
10
0.2441162992125984
20
1.5178762598425197
11
0.2466288976377953
21
1.5170296850393701
0
LINE
8
BLACK
6
CONTINUOUS
10
0.2466288976377953
20
1.5170296850393701
11
0.2506376771653543
21
1.5151749999999999
0
LINE
8
BLACK
6
CONTINUOUS
10
0.2506376771653543
20
1.5151749999999999
11
0.2546625196850394
21
1.5135078740157479
0
LINE
8
BLACK
6
CONTINUOUS
10
0.2546625196850394
20
1.5135078740157479
11
0.2568276771653543
21
1.5123111811023622
0
LINE
8
BLACK
6
CONTINUOUS
10
0.2568276771653543
20
1.5123111811023622
11
0.2590087401574803
21
1.5113021653543306
0
LINE
8
BLACK
6
CONTINUOUS
10
0.2590087401574803
20
1.5113021653543306
11
0.263016062992126
21
1.5088909842519684
0
LINE
8
BLACK
6
CONTINUOUS
10
0.263016062992126
20
1.5088909842519684
11
0.2670276771653543
21
1.5066738976377951
0
LINE
8
BLACK
6
CONTINUOUS
10
0.2670276771653543
20
1.5066738976377951
11
0.2688501574803149
21
1.505380748031496
0
LINE
8
BLACK
6
CONTINUOUS
10
0.2688501574803149
20
1.505380748031496
11
0.2706966141732283
21
1.5042698031496062
0
LINE
8
BLACK
6
CONTINUOUS
10
0.2706966141732283
20
1.5042698031496062
11
0.2746290551181103
21
1.5012803937007875
0
LINE
8
BLACK
6
CONTINUOUS
10
0.2746290551181103
20
1.5012803937007875
11
0.2785498818897638
21
1.498498464566929
0
LINE
8
BLACK
6
CONTINUOUS
10
0.2785498818897638
20
1.498498464566929
11
0.2800375590551181
21
1.4971689763779528
0
LINE
8
BLACK
6
CONTINUOUS
10
0.2800375590551181
20
1.4971689763779528
11
0.2815556692913386
21
1.4960149606299211
0
LINE
8
BLACK
6
CONTINUOUS
10
0.2815556692913386
20
1.4960149606299211
11
0.2853361811023622
21
1.4924338188976378
0
LINE
8
BLACK
6
CONTINUOUS
10
0.2853361811023622
20
1.4924338188976378
11
0.2890843307086614
21
1.4890843307086614
0
LINE
8
BLACK
6
CONTINUOUS
10
0.2890843307086614
20
1.4890843307086614
11
0.290253937007874
21
1.4877755118110236
0
LINE
8
BLACK
6
CONTINUOUS
10
0.290253937007874
20
1.4877755118110236
11
0.2914588582677165
21
1.4866341732283463
0
LINE
8
BLACK
6
CONTINUOUS
10
0.2914588582677165
20
1.4866341732283463
11
0.2950095275590551
21
1.4824539763779527
0
LINE
8
BLACK
6
CONTINUOUS
10
0.2950095275590551
20
1.4824539763779527
11
0.2984984645669291
21
1.4785498818897638
0
LINE
8
BLACK
6
CONTINUOUS
10
0.2984984645669291
20
1.4785498818897638
11
0.2993746456692913
21
1.4773149999999999
0
LINE
8
BLACK
6
CONTINUOUS
10
0.2993746456692913
20
1.4773149999999999
11
0.3002894488188976
21
1.476238031496063
0
LINE
8
BLACK
6
CONTINUOUS
10
0.3002894488188976
20
1.476238031496063
11
0.3035294488188977
21
1.4714593307086614
0
LINE
8
BLACK
6
CONTINUOUS
10
0.3035294488188977
20
1.4714593307086614
11
0.3066738976377953
21
1.4670276771653543
0
LINE
8
BLACK
6
CONTINUOUS
10
0.3066738976377953
20
1.4670276771653543
11
0.3072899212598425
21
1.4659130314960629
0
LINE
8
BLACK
6
CONTINUOUS
10
0.3072899212598425
20
1.4659130314960629
11
0.3079442519685039
21
1.4649479921259843
0
LINE
8
BLACK
6
CONTINUOUS
10
0.3079442519685039
20
1.4649479921259843
11
0.3107925984251969
21
1.4595753937007874
0
LINE
8
BLACK
6
CONTINUOUS
10
0.3107925984251969
20
1.4595753937007874
11
0.313507874015748
21
1.4546625196850393
0
LINE
8
BLACK
6
CONTINUOUS
10
0.313507874015748
20
1.4546625196850393
11
0.3139029527559055
21
1.4537086220472442
0
LINE
8
BLACK
6
CONTINUOUS
10
0.3139029527559055
20
1.4537086220472442
11
0.3143336614173228
21
1.4528962992125984
0
LINE
8
BLACK
6
CONTINUOUS
10
0.3143336614173228
20
1.4528962992125984
11
0.3167122440944882
21
1.4469264566929134
0
LINE
8
BLACK
6
CONTINUOUS
10
0.3167122440944882
20
1.4469264566929134
11
0.3189144488188976
21
1.4416099606299213
0
LINE
8
BLACK
6
CONTINUOUS
10
0.3189144488188976
20
1.4416099606299213
11
0.3191334251968504
21
1.4408497637795274
0
LINE
8
BLACK
6
CONTINUOUS
10
0.3191334251968504
20
1.4408497637795274
11
0.3193824803149606
21
1.4402247637795276
0
LINE
8
BLACK
6
CONTINUOUS
10
0.3193824803149606
20
1.4402247637795276
11
0.3212153937007874
21
1.433623031496063
0
LINE
8
BLACK
6
CONTINUOUS
10
0.3212153937007874
20
1.433623031496063
11
0.3228255511811023
21
1.4280341338582676
0
LINE
8
BLACK
6
CONTINUOUS
10
0.3228255511811023
20
1.4280341338582676
11
0.3229175984251969
21
1.4274922047244094
0
LINE
8
BLACK
6
CONTINUOUS
10
0.3229175984251969
20
1.4274922047244094
11
0.3230317716535433
21
1.4270811023622048
0
LINE
8
BLACK
6
CONTINUOUS
10
0.3230317716535433
20
1.4270811023622048
11
0.3242491732283465
21
1.4196552362204724
0
LINE
8
BLACK
6
CONTINUOUS
10
0.3242491732283465
20
1.4196552362204724
11
0.3251920866141732
21
1.414105748031496
0
LINE
8
BLACK
6
CONTINUOUS
10
0.3251920866141732
20
1.414105748031496
11
0.3252093307086614
21
1.413798622047244
0
LINE
8
BLACK
6
CONTINUOUS
10
0.3252093307086614
20
1.413798622047244
11
0.3252385039370079
21
1.4136207086614172
0
LINE
8
BLACK
6
CONTINUOUS
10
0.3252385039370079
20
1.4136207086614172
11
0.3257745275590551
21
1.4037343307086614
0
LINE
8
BLACK
6
CONTINUOUS
10
0.3257745275590551
20
1.4037343307086614
11
0.3259842519685039
21
1.3999999999999999
0
LINE
8
BLACK
6
CONTINUOUS
10
0.3259842519685039
20
1.3999999999999999
11
0.3257745275590551
21
1.396265905511811
0
LINE
8
BLACK
6
CONTINUOUS
10
0.3257745275590551
20
1.396265905511811
11
0.3252385039370079
21
1.3863792519685039
0
LINE
8
BLACK
6
CONTINUOUS
10
0.3252385039370079
20
1.3863792519685039
11
0.3252092913385827
21
1.3862012992125985
0
LINE
8
BLACK
6
CONTINUOUS
10
0.3252092913385827
20
1.3862012992125985
11
0.3251920866141732
21
1.3858942519685038
0
LINE
8
BLACK
6
CONTINUOUS
10
0.3251920866141732
20
1.3858942519685038
11
0.3242493700787402
21
1.3803458267716535
0
LINE
8
BLACK
6
CONTINUOUS
10
0.3242493700787402
20
1.3803458267716535
11
0.3230317716535433
21
1.3729188582677165
0
LINE
8
BLACK
6
CONTINUOUS
10
0.3230317716535433
20
1.3729188582677165
11
0.3229175984251969
21
1.3725076771653544
0
LINE
8
BLACK
6
CONTINUOUS
10
0.3229175984251969
20
1.3725076771653544
11
0.3228255511811023
21
1.3719658661417322
0
LINE
8
BLACK
6
CONTINUOUS
10
0.3228255511811023
20
1.3719658661417322
11
0.3212157086614173
21
1.3663779921259842
0
LINE
8
BLACK
6
CONTINUOUS
10
0.3212157086614173
20
1.3663779921259842
11
0.3193824803149606
21
1.3597751968503937
0
LINE
8
BLACK
6
CONTINUOUS
10
0.3193824803149606
20
1.3597751968503937
11
0.3191333858267716
21
1.3591500787401574
0
LINE
8
BLACK
6
CONTINUOUS
10
0.3191333858267716
20
1.3591500787401574
11
0.3189144488188976
21
1.3583900393700787
0
LINE
8
BLACK
6
CONTINUOUS
10
0.3189144488188976
20
1.3583900393700787
11
0.3167126377952756
21
1.3530744881889762
0
LINE
8
BLACK
6
CONTINUOUS
10
0.3167126377952756
20
1.3530744881889762
11
0.3143336614173228
21
1.3471036614173229
0
LINE
8
BLACK
6
CONTINUOUS
10
0.3143336614173228
20
1.3471036614173229
11
0.3139029133858268
21
1.3462911811023621
0
LINE
8
BLACK
6
CONTINUOUS
10
0.3139029133858268
20
1.3462911811023621
11
0.313507874015748
21
1.3453374803149607
0
LINE
8
BLACK
6
CONTINUOUS
10
0.313507874015748
20
1.3453374803149607
11
0.3107931102362205
21
1.3404255118110235
0
LINE
8
BLACK
6
CONTINUOUS
10
0.3107931102362205
20
1.3404255118110235
11
0.3079442519685039
21
1.335051968503937
0
LINE
8
BLACK
6
CONTINUOUS
10
0.3079442519685039
20
1.335051968503937
11
0.3072898031496063
21
1.3340867322834646
0
LINE
8
BLACK
6
CONTINUOUS
10
0.3072898031496063
20
1.3340867322834646
11
0.3066738976377953
21
1.3329723228346457
0
LINE
8
BLACK
6
CONTINUOUS
10
0.3066738976377953
20
1.3329723228346457
11
0.3035300393700787
21
1.328541496062992
0
LINE
8
BLACK
6
CONTINUOUS
10
0.3035300393700787
20
1.328541496062992
11
0.3002894488188976
21
1.3237619291338583
0
LINE
8
BLACK
6
CONTINUOUS
10
0.3002894488188976
20
1.3237619291338583
11
0.2993744488188976
21
1.3226847244094488
0
LINE
8
BLACK
6
CONTINUOUS
10
0.2993744488188976
20
1.3226847244094488
11
0.2984984645669291
21
1.3214501181102363
0
LINE
8
BLACK
6
CONTINUOUS
10
0.2984984645669291
20
1.3214501181102363
11
0.2950101968503937
21
1.3175467322834646
0
LINE
8
BLACK
6
CONTINUOUS
10
0.2950101968503937
20
1.3175467322834646
11
0.2914588582677165
21
1.3133657874015747
0
LINE
8
BLACK
6
CONTINUOUS
10
0.2914588582677165
20
1.3133657874015747
11
0.2902537007874016
21
1.3122242125984251
0
LINE
8
BLACK
6
CONTINUOUS
10
0.2902537007874016
20
1.3122242125984251
11
0.2890843307086614
21
1.3109156692913386
0
LINE
8
BLACK
6
CONTINUOUS
10
0.2890843307086614
20
1.3109156692913386
11
0.2853369291338583
21
1.3075667716535433
0
LINE
8
BLACK
6
CONTINUOUS
10
0.2853369291338583
20
1.3075667716535433
11
0.2815556692913386
21
1.3039849999999999
0
LINE
8
BLACK
6
CONTINUOUS
10
0.2815556692913386
20
1.3039849999999999
11
0.2800372440944882
21
1.3028307086614173
0
LINE
8
BLACK
6
CONTINUOUS
10
0.2800372440944882
20
1.3028307086614173
11
0.2785498818897638
21
1.3015015354330708
0
LINE
8
BLACK
6
CONTINUOUS
10
0.2785498818897638
20
1.3015015354330708
11
0.274629842519685
21
1.2987201181102361
0
LINE
8
BLACK
6
CONTINUOUS
10
0.274629842519685
20
1.2987201181102361
11
0.2706966141732283
21
1.2957301574803148
0
LINE
8
BLACK
6
CONTINUOUS
10
0.2706966141732283
20
1.2957301574803148
11
0.2688497637795276
21
1.294618937007874
0
LINE
8
BLACK
6
CONTINUOUS
10
0.2688497637795276
20
1.294618937007874
11
0.2670276771653543
21
1.2933261023622047
0
LINE
8
BLACK
6
CONTINUOUS
10
0.2670276771653543
20
1.2933261023622047
11
0.2630168897637795
21
1.2911094094488189
0
LINE
8
BLACK
6
CONTINUOUS
10
0.2630168897637795
20
1.2911094094488189
11
0.2590087401574803
21
1.2886977952755905
0
LINE
8
BLACK
6
CONTINUOUS
10
0.2590087401574803
20
1.2886977952755905
11
0.2568272440944882
21
1.2876885039370078
0
LINE
8
BLACK
6
CONTINUOUS
10
0.2568272440944882
20
1.2876885039370078
11
0.2546625196850394
21
1.2864921259842519
0
LINE
8
BLACK
6
CONTINUOUS
10
0.2546625196850394
20
1.2864921259842519
11
0.2506385039370079
21
1.2848253149606299
0
LINE
8
BLACK
6
CONTINUOUS
10
0.2506385039370079
20
1.2848253149606299
11
0.2466288976377953
21
1.2829702755905512
0
LINE
8
BLACK
6
CONTINUOUS
10
0.2466288976377953
20
1.2829702755905512
11
0.2441158267716535
21
1.2821235039370078
0
LINE
8
BLACK
6
CONTINUOUS
10
0.2441158267716535
20
1.2821235039370078
11
0.2416099606299213
21
1.2810855511811023
0
LINE
8
BLACK
6
CONTINUOUS
10
0.2416099606299213
20
1.2810855511811023
11
0.2376457086614173
21
1.2799434645669292
0
LINE
8
BLACK
6
CONTINUOUS
10
0.2376457086614173
20
1.2799434645669292
11
0.2337024803149606
21
1.278614842519685
0
LINE
8
BLACK
6
CONTINUOUS
10
0.2337024803149606
20
1.278614842519685
11
0.2308688976377953
21
1.2779911023622046
0
LINE
8
BLACK
6
CONTINUOUS
10
0.2308688976377953
20
1.2779911023622046
11
0.2280341338582677
21
1.2771744488188976
0
LINE
8
BLACK
6
CONTINUOUS
10
0.2280341338582677
20
1.2771744488188976
11
0.2241961417322835
21
1.2765223228346456
0
LINE
8
BLACK
6
CONTINUOUS
10
0.2241961417322835
20
1.2765223228346456
11
0.2203805905511811
21
1.2756824803149607
0
LINE
8
BLACK
6
CONTINUOUS
10
0.2203805905511811
20
1.2756824803149607
11
0.2172477559055118
21
1.2753417322834646
0
LINE
8
BLACK
6
CONTINUOUS
10
0.2172477559055118
20
1.2753417322834646
11
0.2141057480314961
21
1.2748079133858268
0
LINE
8
BLACK
6
CONTINUOUS
10
0.2141057480314961
20
1.2748079133858268
11
0.2104527559055118
21
1.2746027559055118
0
LINE
8
BLACK
6
CONTINUOUS
10
0.2104527559055118
20
1.2746027559055118
11
0.2068203543307087
21
1.2742077165354331
0
LINE
8
BLACK
6
CONTINUOUS
10
0.2068203543307087
20
1.2742077165354331
11
0.2034183070866142
21
1.2742077165354331
0
LINE
8
BLACK
6
CONTINUOUS
10
0.2034183070866142
20
1.2742077165354331
11
0.2
21
1.274015748031496
0
LINE
8
BLACK
6
CONTINUOUS
10
0.2
20
1.274015748031496
11
0.1965816929133858
21
1.2742077165354331
0
LINE
8
BLACK
6
CONTINUOUS
10
0.1965816929133858
20
1.2742077165354331
11
0.1931796456692913
21
1.2742077165354331
0
LINE
8
BLACK
6
CONTINUOUS
10
0.1931796456692913
20
1.2742077165354331
11
0.1895471653543307
21
1.2746027559055118
0
LINE
8
BLACK
6
CONTINUOUS
10
0.1895471653543307
20
1.2746027559055118
11
0.1858942519685039
21
1.2748079133858268
0
LINE
8
BLACK
6
CONTINUOUS
10
0.1858942519685039
20
1.2748079133858268
11
0.1827522834645669
21
1.2753417322834646
0
LINE
8
BLACK
6
CONTINUOUS
10
0.1827522834645669
20
1.2753417322834646
11
0.1796193700787402
21
1.2756824803149607
0
LINE
8
BLACK
6
CONTINUOUS
10
0.1796193700787402
20
1.2756824803149607
11
0.1758036614173228
21
1.2765223622047244
0
LINE
8
BLACK
6
CONTINUOUS
10
0.1758036614173228
20
1.2765223622047244
11
0.1719658661417323
21
1.2771744488188976
0
LINE
8
BLACK
6
CONTINUOUS
10
0.1719658661417323
20
1.2771744488188976
11
0.1691312204724409
21
1.2779910629921261
0
LINE
8
BLACK
6
CONTINUOUS
10
0.1691312204724409
20
1.2779910629921261
11
0.1662974803149606
21
1.278614842519685
0
LINE
8
BLACK
6
CONTINUOUS
10
0.1662974803149606
20
1.278614842519685
11
0.1623539763779528
21
1.2799435433070865
0
LINE
8
BLACK
6
CONTINUOUS
10
0.1623539763779528
20
1.2799435433070865
11
0.1583900393700787
21
1.2810855511811023
0
LINE
8
BLACK
6
CONTINUOUS
10
0.1583900393700787
20
1.2810855511811023
11
0.1558843307086614
21
1.2821234251968503
0
LINE
8
BLACK
6
CONTINUOUS
10
0.1558843307086614
20
1.2821234251968503
11
0.153371062992126
21
1.2829702755905512
0
LINE
8
BLACK
6
CONTINUOUS
10
0.153371062992126
20
1.2829702755905512
11
0.1493611023622047
21
1.2848254724409449
0
LINE
8
BLACK
6
CONTINUOUS
10
0.1493611023622047
20
1.2848254724409449
11
0.1453374803149606
21
1.2864921259842519
0
LINE
8
BLACK
6
CONTINUOUS
10
0.1453374803149606
20
1.2864921259842519
11
0.1431729133858268
21
1.2876884251968503
0
LINE
8
BLACK
6
CONTINUOUS
10
0.1431729133858268
20
1.2876884251968503
11
0.1409912204724409
21
1.2886977952755905
0
LINE
8
BLACK
6
CONTINUOUS
10
0.1409912204724409
20
1.2886977952755905
11
0.1369825984251969
21
1.29110968503937
0
LINE
8
BLACK
6
CONTINUOUS
10
0.1369825984251969
20
1.29110968503937
11
0.1329723228346457
21
1.2933261023622047
0
LINE
8
BLACK
6
CONTINUOUS
10
0.1329723228346457
20
1.2933261023622047
11
0.1311503937007874
21
1.294618779527559
0
LINE
8
BLACK
6
CONTINUOUS
10
0.1311503937007874
20
1.294618779527559
11
0.1293033464566929
21
1.2957301574803148
0
LINE
8
BLACK
6
CONTINUOUS
10
0.1293033464566929
20
1.2957301574803148
11
0.1253695275590551
21
1.2987205118110237
0
LINE
8
BLACK
6
CONTINUOUS
10
0.1253695275590551
20
1.2987205118110237
11
0.1214501181102362
21
1.3015015354330708
0
LINE
8
BLACK
6
CONTINUOUS
10
0.1214501181102362
20
1.3015015354330708
11
0.1199629527559055
21
1.3028305118110235
0
LINE
8
BLACK
6
CONTINUOUS
10
0.1199629527559055
20
1.3028305118110235
11
0.1184442913385827
21
1.3039849999999999
0
LINE
8
BLACK
6
CONTINUOUS
10
0.1184442913385827
20
1.3039849999999999
11
0.1146623622047244
21
1.3075674015748031
0
LINE
8
BLACK
6
CONTINUOUS
10
0.1146623622047244
20
1.3075674015748031
11
0.1109156692913386
21
1.3109156692913386
0
LINE
8
BLACK
6
CONTINUOUS
10
0.1109156692913386
20
1.3109156692913386
11
0.1097464566929134
21
1.3122239763779526
0
LINE
8
BLACK
6
CONTINUOUS
10
0.1097464566929134
20
1.3122239763779526
11
0.1085411023622047
21
1.3133657874015747
0
LINE
8
BLACK
6
CONTINUOUS
10
0.1085411023622047
20
1.3133657874015747
11
0.1049889763779528
21
1.3175476377952755
0
LINE
8
BLACK
6
CONTINUOUS
10
0.1049889763779528
20
1.3175476377952755
11
0.1015015354330709
21
1.3214501181102363
0
LINE
8
BLACK
6
CONTINUOUS
10
0.1015015354330709
20
1.3214501181102363
11
0.1006257086614173
21
1.3226844488188976
0
LINE
8
BLACK
6
CONTINUOUS
10
0.1006257086614173
20
1.3226844488188976
11
0.0997105118110236
21
1.3237619291338583
0
LINE
8
BLACK
6
CONTINUOUS
10
0.0997105118110236
20
1.3237619291338583
11
0.0964690157480315
21
1.3285427165354331
0
LINE
8
BLACK
6
CONTINUOUS
10
0.0964690157480315
20
1.3285427165354331
11
0.0933261023622047
21
1.3329723228346457
0
LINE
8
BLACK
6
CONTINUOUS
10
0.0933261023622047
20
1.3329723228346457
11
0.0927103543307087
21
1.3340864173228346
0
LINE
8
BLACK
6
CONTINUOUS
10
0.0927103543307087
20
1.3340864173228346
11
0.0920557086614173
21
1.335051968503937
0
LINE
8
BLACK
6
CONTINUOUS
10
0.0920557086614173
20
1.335051968503937
11
0.0892058661417323
21
1.3404272440944882
0
LINE
8
BLACK
6
CONTINUOUS
10
0.0892058661417323
20
1.3404272440944882
11
0.086492125984252
21
1.3453374803149607
0
LINE
8
BLACK
6
CONTINUOUS
10
0.086492125984252
20
1.3453374803149607
11
0.0860972047244094
21
1.3462908267716536
0
LINE
8
BLACK
6
CONTINUOUS
10
0.0860972047244094
20
1.3462908267716536
11
0.0856662992125984
21
1.3471036614173229
0
LINE
8
BLACK
6
CONTINUOUS
10
0.0856662992125984
20
1.3471036614173229
11
0.0832862598425197
21
1.3530770078740157
0
LINE
8
BLACK
6
CONTINUOUS
10
0.0832862598425197
20
1.3530770078740157
11
0.0810855511811024
21
1.3583900393700787
0
LINE
8
BLACK
6
CONTINUOUS
10
0.0810855511811024
20
1.3583900393700787
11
0.0808666535433071
21
1.3591497244094488
0
LINE
8
BLACK
6
CONTINUOUS
10
0.0808666535433071
20
1.3591497244094488
11
0.0806174803149606
21
1.3597751968503937
0
LINE
8
BLACK
6
CONTINUOUS
10
0.0806174803149606
20
1.3597751968503937
11
0.0787831496062992
21
1.3663817322834646
0
LINE
8
BLACK
6
CONTINUOUS
10
0.0787831496062992
20
1.3663817322834646
11
0.0771744488188976
21
1.3719658661417322
0
LINE
8
BLACK
6
CONTINUOUS
10
0.0771744488188976
20
1.3719658661417322
11
0.0770824409448819
21
1.3725072834645669
0
LINE
8
BLACK
6
CONTINUOUS
10
0.0770824409448819
20
1.3725072834645669
11
0.076968188976378
21
1.3729188582677165
0
LINE
8
BLACK
6
CONTINUOUS
10
0.076968188976378
20
1.3729188582677165
11
0.0757494881889764
21
1.380352440944882
0
LINE
8
BLACK
6
CONTINUOUS
10
0.0757494881889764
20
1.380352440944882
11
0.0748079133858268
21
1.3858942519685038
0
LINE
8
BLACK
6
CONTINUOUS
10
0.0748079133858268
20
1.3858942519685038
11
0.0747906692913386
21
1.386200905511811
0
LINE
8
BLACK
6
CONTINUOUS
10
0.0747906692913386
20
1.386200905511811
11
0.0747614566929134
21
1.3863792519685039
0
LINE
8
BLACK
6
CONTINUOUS
10
0.0747614566929134
20
1.3863792519685039
11
0.0742242913385827
21
1.3962862204724409
0
LINE
8
BLACK
6
CONTINUOUS
10
0.0742242913385827
20
1.3962862204724409
11
0.0740157480314961
21
1.3999999999999999
0
LINE
8
BLACK
6
CONTINUOUS
10
0.0740157480314961
20
1.3999999999999999
11
0.0742242913385827
21
1.4037140551181102
0
LINE
8
BLACK
6
CONTINUOUS
10
0.0742242913385827
20
1.4037140551181102
11
0.0747614566929134
21
1.4136207086614172
0
LINE
8
BLACK
6
CONTINUOUS
10
0.0747614566929134
20
1.4136207086614172
11
0.0747906692913386
21
1.4137989763779528
0
LINE
8
BLACK
6
CONTINUOUS
10
0.0747906692913386
20
1.4137989763779528
11
0.0748079133858268
21
1.414105748031496
0
LINE
8
BLACK
6
CONTINUOUS
10
0.0748079133858268
20
1.414105748031496
11
0.0757496850393701
21
1.419648622047244
0
LINE
8
BLACK
6
CONTINUOUS
10
0.0757496850393701
20
1.419648622047244
11
0.076968188976378
21
1.4270811023622048
0
LINE
8
BLACK
6
CONTINUOUS
10
0.076968188976378
20
1.4270811023622048
11
0.0770824015748031
21
1.4274925590551182
0
LINE
8
BLACK
6
CONTINUOUS
10
0.0770824015748031
20
1.4274925590551182
11
0.0771744488188976
21
1.4280341338582676
0
LINE
8
BLACK
6
CONTINUOUS
10
0.0771744488188976
20
1.4280341338582676
11
0.0787834645669291
21
1.4336192519685038
0
LINE
8
BLACK
6
CONTINUOUS
10
0.0787834645669291
20
1.4336192519685038
11
0.0806174803149606
21
1.4402247637795276
0
LINE
8
BLACK
6
CONTINUOUS
10
0.0806174803149606
20
1.4402247637795276
11
0.0808666141732283
21
1.4408501181102362
0
LINE
8
BLACK
6
CONTINUOUS
10
0.0808666141732283
20
1.4408501181102362
11
0.0810855511811024
21
1.4416099606299213
0
LINE
8
BLACK
6
CONTINUOUS
10
0.0810855511811024
20
1.4416099606299213
11
0.0832866929133858
21
1.4469239763779527
0
LINE
8
BLACK
6
CONTINUOUS
10
0.0832866929133858
20
1.4469239763779527
11
0.0856662992125984
21
1.4528962992125984
0
LINE
8
BLACK
6
CONTINUOUS
10
0.0856662992125984
20
1.4528962992125984
11
0.086097125984252
21
1.453708937007874
0
LINE
8
BLACK
6
CONTINUOUS
10
0.086097125984252
20
1.453708937007874
11
0.086492125984252
21
1.4546625196850393
0
LINE
8
BLACK
6
CONTINUOUS
10
0.086492125984252
20
1.4546625196850393
11
0.0892063779527559
21
1.4595736220472442
0
LINE
8
BLACK
6
CONTINUOUS
10
0.0892063779527559
20
1.4595736220472442
11
0.0920557086614173
21
1.4649479921259843
0
LINE
8
BLACK
6
CONTINUOUS
10
0.0920557086614173
20
1.4649479921259843
11
0.0927102362204724
21
1.4659133464566929
0
LINE
8
BLACK
6
CONTINUOUS
10
0.0927102362204724
20
1.4659133464566929
11
0.0933261023622047
21
1.4670276771653543
0
LINE
8
BLACK
6
CONTINUOUS
10
0.0933261023622047
20
1.4670276771653543
11
0.0964696456692913
21
1.4714580708661418
0
LINE
8
BLACK
6
CONTINUOUS
10
0.0964696456692913
20
1.4714580708661418
11
0.0997105118110236
21
1.476238031496063
0
LINE
8
BLACK
6
CONTINUOUS
10
0.0997105118110236
20
1.476238031496063
11
0.1006255118110236
21
1.4773152755905512
0
LINE
8
BLACK
6
CONTINUOUS
10
0.1006255118110236
20
1.4773152755905512
11
0.1015015354330709
21
1.4785498818897638
0
LINE
8
BLACK
6
CONTINUOUS
10
0.1015015354330709
20
1.4785498818897638
11
0.1049896456692913
21
1.4824530708661416
0
LINE
8
BLACK
6
CONTINUOUS
10
0.1049896456692913
20
1.4824530708661416
11
0.1085411023622047
21
1.4866341732283463
0
LINE
8
BLACK
6
CONTINUOUS
10
0.1085411023622047
20
1.4866341732283463
11
0.1097462598425197
21
1.4877757480314959
0
LINE
8
BLACK
6
CONTINUOUS
10
0.1097462598425197
20
1.4877757480314959
11
0.1109156692913386
21
1.4890843307086614
0
LINE
8
BLACK
6
CONTINUOUS
10
0.1109156692913386
20
1.4890843307086614
11
0.1146630708661417
21
1.4924332283464568
0
LINE
8
BLACK
6
CONTINUOUS
10
0.1146630708661417
20
1.4924332283464568
11
0.1184442913385827
21
1.4960149606299211
0
LINE
8
BLACK
6
CONTINUOUS
10
0.1184442913385827
20
1.4960149606299211
11
0.1199626377952756
21
1.4971691732283465
0
LINE
8
BLACK
6
CONTINUOUS
10
0.1199626377952756
20
1.4971691732283465
11
0.1214501181102362
21
1.498498464566929
0
LINE
8
BLACK
6
CONTINUOUS
10
0.1214501181102362
20
1.498498464566929
11
0.1253703149606299
21
1.5012799999999999
0
LINE
8
BLACK
6
CONTINUOUS
10
0.1253703149606299
20
1.5012799999999999
11
0.1293033464566929
21
1.5042698031496062
0
LINE
8
BLACK
6
CONTINUOUS
10
0.1293033464566929
20
1.5042698031496062
11
0.1311500393700787
21
1.505380905511811
0
LINE
8
BLACK
6
CONTINUOUS
10
0.1311500393700787
20
1.505380905511811
11
0.1329723228346457
21
1.5066738976377951
0
LINE
8
BLACK
6
CONTINUOUS
10
0.1329723228346457
20
1.5066738976377951
11
0.1369833858267717
21
1.5088907480314959
0
LINE
8
BLACK
6
CONTINUOUS
10
0.1369833858267717
20
1.5088907480314959
11
0.1409912204724409
21
1.5113021653543306
0
LINE
8
BLACK
6
CONTINUOUS
10
0.1409912204724409
20
1.5113021653543306
11
0.1431724803149606
21
1.5123112992125984
0
LINE
8
BLACK
6
CONTINUOUS
10
0.1431724803149606
20
1.5123112992125984
11
0.1453374803149606
21
1.5135078740157479
0
LINE
8
BLACK
6
CONTINUOUS
10
0.1453374803149606
20
1.5135078740157479
11
0.1493618897637795
21
1.5151748425196849
0
LINE
8
BLACK
6
CONTINUOUS
10
0.1493618897637795
20
1.5151748425196849
11
0.153371062992126
21
1.5170296850393701
0
LINE
8
BLACK
6
CONTINUOUS
10
0.153371062992126
20
1.5170296850393701
11
0.1558838188976378
21
1.5178763385826772
0
LINE
8
BLACK
6
CONTINUOUS
10
0.1558838188976378
20
1.5178763385826772
11
0.1583900393700787
21
1.5189144488188977
0
LINE
8
BLACK
6
CONTINUOUS
10
0.1583900393700787
20
1.5189144488188977
11
0.1623547637795276
21
1.5200566535433071
0
LINE
8
BLACK
6
CONTINUOUS
10
0.1623547637795276
20
1.5200566535433071
11
0.1662974803149606
21
1.5213851181102362
0
LINE
8
BLACK
6
CONTINUOUS
10
0.1662974803149606
20
1.5213851181102362
11
0.1691306299212599
21
1.5220087401574802
0
LINE
8
BLACK
6
CONTINUOUS
10
0.1691306299212599
20
1.5220087401574802
11
0.1719658661417323
21
1.5228255511811024
0
LINE
8
BLACK
6
CONTINUOUS
10
0.1719658661417323
20
1.5228255511811024
11
0.1758044094488189
21
1.523477716535433
0
LINE
8
BLACK
6
CONTINUOUS
10
0.1758044094488189
20
1.523477716535433
11
0.1796193700787402
21
1.5243174803149606
0
LINE
8
BLACK
6
CONTINUOUS
10
0.1796193700787402
20
1.5243174803149606
11
0.1827517716535433
21
1.5246581496062992
0
LINE
8
BLACK
6
CONTINUOUS
10
0.1827517716535433
20
1.5246581496062992
11
0.1858942519685039
21
1.5251920866141733
0
LINE
8
BLACK
6
CONTINUOUS
10
0.1858942519685039
20
1.5251920866141733
11
0.1895474015748032
21
1.5253972440944881
0
LINE
8
BLACK
6
CONTINUOUS
10
0.1895474015748032
20
1.5253972440944881
11
0.1931796456692913
21
1.525792283464567
0
LINE
8
BLACK
6
CONTINUOUS
10
0.1931796456692913
20
1.525792283464567
11
0.1965816929133858
21
1.525792283464567
0
LINE
8
BLACK
6
CONTINUOUS
10
0.1965816929133858
20
1.525792283464567
11
0.2
21
1.5259842519685038
0
LINE
8
BLACK
6
CONTINUOUS
10
0.2
20
1.5259842519685038
11
0.2034183070866142
21
1.525792283464567
0
LINE
8
BLACK
6
CONTINUOUS
10
2.203418307086614
20
1.525792283464567
11
2.2068203543307088
21
1.525792283464567
0
LINE
8
BLACK
6
CONTINUOUS
10
2.2068203543307088
20
1.525792283464567
11
2.2104525590551178
21
1.5253972440944881
0
LINE
8
BLACK
6
CONTINUOUS
10
2.2104525590551178
20
1.5253972440944881
11
2.2141057480314958
21
1.5251920866141733
0
LINE
8
BLACK
6
CONTINUOUS
10
2.2141057480314958
20
1.5251920866141733
11
2.2172482283464565
21
1.5246581496062992
0
LINE
8
BLACK
6
CONTINUOUS
10
2.2172482283464565
20
1.5246581496062992
11
2.2203805905511809
21
1.5243174803149606
0
LINE
8
BLACK
6
CONTINUOUS
10
2.2203805905511809
20
1.5243174803149606
11
2.2241953543307087
21
1.5234777559055117
0
LINE
8
BLACK
6
CONTINUOUS
10
2.2241953543307087
20
1.5234777559055117
11
2.2280341338582677
21
1.5228255511811024
0
LINE
8
BLACK
6
CONTINUOUS
10
2.2280341338582677
20
1.5228255511811024
11
2.2308694488188974
21
1.5220087007874015
0
LINE
8
BLACK
6
CONTINUOUS
10
2.2308694488188974
20
1.5220087007874015
11
2.2337024803149608
21
1.5213851181102362
0
LINE
8
BLACK
6
CONTINUOUS
10
2.2337024803149608
20
1.5213851181102362
11
2.2376449212598426
21
1.5200567322834646
0
LINE
8
BLACK
6
CONTINUOUS
10
2.2376449212598426
20
1.5200567322834646
11
2.2416099606299213
21
1.5189144488188977
0
LINE
8
BLACK
6
CONTINUOUS
10
2.2416099606299213
20
1.5189144488188977
11
2.2441162992125983
21
1.5178762598425197
0
LINE
8
BLACK
6
CONTINUOUS
10
2.2441162992125983
20
1.5178762598425197
11
2.2466288976377951
21
1.5170296850393701
0
LINE
8
BLACK
6
CONTINUOUS
10
2.2466288976377951
20
1.5170296850393701
11
2.2506376771653542
21
1.5151749999999999
0
LINE
8
BLACK
6
CONTINUOUS
10
2.2506376771653542
20
1.5151749999999999
11
2.2546625196850392
21
1.5135078740157479
0
LINE
8
BLACK
6
CONTINUOUS
10
2.2546625196850392
20
1.5135078740157479
11
2.2568276771653544
21
1.5123111811023622
0
LINE
8
BLACK
6
CONTINUOUS
10
2.2568276771653544
20
1.5123111811023622
11
2.2590087401574803
21
1.5113021653543306
0
LINE
8
BLACK
6
CONTINUOUS
10
2.2590087401574803
20
1.5113021653543306
11
2.2630160629921261
21
1.5088909842519684
0
LINE
8
BLACK
6
CONTINUOUS
10
2.2630160629921261
20
1.5088909842519684
11
2.2670276771653541
21
1.5066738976377951
0
LINE
8
BLACK
6
CONTINUOUS
10
2.2670276771653541
20
1.5066738976377951
11
2.268850157480315
21
1.505380748031496
0
LINE
8
BLACK
6
CONTINUOUS
10
2.268850157480315
20
1.505380748031496
11
2.2706966141732283
21
1.5042698031496062
0
LINE
8
BLACK
6
CONTINUOUS
10
2.2706966141732283
20
1.5042698031496062
11
2.2746290551181101
21
1.5012803937007875
0
LINE
8
BLACK
6
CONTINUOUS
10
2.2746290551181101
20
1.5012803937007875
11
2.2785498818897638
21
1.498498464566929
0
LINE
8
BLACK
6
CONTINUOUS
10
2.2785498818897638
20
1.498498464566929
11
2.2800375590551178
21
1.4971689763779528
0
LINE
8
BLACK
6
CONTINUOUS
10
2.2800375590551178
20
1.4971689763779528
11
2.2815556692913384
21
1.4960149606299211
0
LINE
8
BLACK
6
CONTINUOUS
10
2.2815556692913384
20
1.4960149606299211
11
2.285336181102362
21
1.4924338188976378
0
LINE
8
BLACK
6
CONTINUOUS
10
2.285336181102362
20
1.4924338188976378
11
2.2890843307086612
21
1.4890843307086614
0
LINE
8
BLACK
6
CONTINUOUS
10
2.2890843307086612
20
1.4890843307086614
11
2.2902539370078738
21
1.4877755118110236
0
LINE
8
BLACK
6
CONTINUOUS
10
2.2902539370078738
20
1.4877755118110236
11
2.2914588582677164
21
1.4866341732283463
0
LINE
8
BLACK
6
CONTINUOUS
10
2.2914588582677164
20
1.4866341732283463
11
2.295009527559055
21
1.4824539763779527
0
LINE
8
BLACK
6
CONTINUOUS
10
2.295009527559055
20
1.4824539763779527
11
2.2984984645669293
21
1.4785498818897638
0
LINE
8
BLACK
6
CONTINUOUS
10
2.2984984645669293
20
1.4785498818897638
11
2.2993746456692912
21
1.4773149999999999
0
LINE
8
BLACK
6
CONTINUOUS
10
2.2993746456692912
20
1.4773149999999999
11
2.3002894488188974
21
1.476238031496063
0
LINE
8
BLACK
6
CONTINUOUS
10
2.3002894488188974
20
1.476238031496063
11
2.3035294488188978
21
1.4714593307086614
0
LINE
8
BLACK
6
CONTINUOUS
10
2.3035294488188978
20
1.4714593307086614
11
2.3066738976377952
21
1.4670276771653543
0
LINE
8
BLACK
6
CONTINUOUS
10
2.3066738976377952
20
1.4670276771653543
11
2.3072899212598426
21
1.4659130314960629
0
LINE
8
BLACK
6
CONTINUOUS
10
2.3072899212598426
20
1.4659130314960629
11
2.3079442519685038
21
1.4649479921259843
0
LINE
8
BLACK
6
CONTINUOUS
10
2.3079442519685038
20
1.4649479921259843
11
2.3107925984251967
21
1.4595753937007874
0
LINE
8
BLACK
6
CONTINUOUS
10
2.3107925984251967
20
1.4595753937007874
11
2.3135078740157482
21
1.4546625196850393
0
LINE
8
BLACK
6
CONTINUOUS
10
2.3135078740157482
20
1.4546625196850393
11
2.3139029527559054
21
1.4537086220472442
0
LINE
8
BLACK
6
CONTINUOUS
10
2.3139029527559054
20
1.4537086220472442
11
2.3143336614173227
21
1.4528962992125984
0
LINE
8
BLACK
6
CONTINUOUS
10
2.3143336614173227
20
1.4528962992125984
11
2.3167122440944881
21
1.4469264566929134
0
LINE
8
BLACK
6
CONTINUOUS
10
2.3167122440944881
20
1.4469264566929134
11
2.3189144488188975
21
1.4416099606299213
0
LINE
8
BLACK
6
CONTINUOUS
10
2.3189144488188975
20
1.4416099606299213
11
2.3191334251968505
21
1.4408497637795274
0
LINE
8
BLACK
6
CONTINUOUS
10
2.3191334251968505
20
1.4408497637795274
11
2.3193824803149607
21
1.4402247637795276
0
LINE
8
BLACK
6
CONTINUOUS
10
2.3193824803149607
20
1.4402247637795276
11
2.3212153937007876
21
1.433623031496063
0
LINE
8
BLACK
6
CONTINUOUS
10
2.3212153937007876
20
1.433623031496063
11
2.3228255511811025
21
1.4280341338582676
0
LINE
8
BLACK
6
CONTINUOUS
10
2.3228255511811025
20
1.4280341338582676
11
2.3229175984251969
21
1.4274922047244094
0
LINE
8
BLACK
6
CONTINUOUS
10
2.3229175984251969
20
1.4274922047244094
11
2.3230317716535431
21
1.4270811023622048
0
LINE
8
BLACK
6
CONTINUOUS
10
2.3230317716535431
20
1.4270811023622048
11
2.3242491732283463
21
1.4196552362204724
0
LINE
8
BLACK
6
CONTINUOUS
10
2.3242491732283463
20
1.4196552362204724
11
2.3251920866141731
21
1.414105748031496
0
LINE
8
BLACK
6
CONTINUOUS
10
2.3251920866141731
20
1.414105748031496
11
2.3252093307086614
21
1.413798622047244
0
LINE
8
BLACK
6
CONTINUOUS
10
2.3252093307086614
20
1.413798622047244
11
2.3252385039370078
21
1.4136207086614172
0
LINE
8
BLACK
6
CONTINUOUS
10
2.3252385039370078
20
1.4136207086614172
11
2.3257745275590551
21
1.4037343307086614
0
LINE
8
BLACK
6
CONTINUOUS
10
2.3257745275590551
20
1.4037343307086614
11
2.3259842519685039
21
1.3999999999999999
0
LINE
8
BLACK
6
CONTINUOUS
10
2.3259842519685039
20
1.3999999999999999
11
2.3257745275590551
21
1.396265905511811
0
LINE
8
BLACK
6
CONTINUOUS
10
2.3257745275590551
20
1.396265905511811
11
2.3252385039370078
21
1.3863792519685039
0
LINE
8
BLACK
6
CONTINUOUS
10
2.3252385039370078
20
1.3863792519685039
11
2.3252092913385827
21
1.3862012992125985
0
LINE
8
BLACK
6
CONTINUOUS
10
2.3252092913385827
20
1.3862012992125985
11
2.3251920866141731
21
1.3858942519685038
0
LINE
8
BLACK
6
CONTINUOUS
10
2.3251920866141731
20
1.3858942519685038
11
2.3242493700787401
21
1.3803458267716535
0
LINE
8
BLACK
6
CONTINUOUS
10
2.3242493700787401
20
1.3803458267716535
11
2.3230317716535431
21
1.3729188582677165
0
LINE
8
BLACK
6
CONTINUOUS
10
2.3230317716535431
20
1.3729188582677165
11
2.3229175984251969
21
1.3725076771653544
0
LINE
8
BLACK
6
CONTINUOUS
10
2.3229175984251969
20
1.3725076771653544
11
2.3228255511811025
21
1.3719658661417322
0
LINE
8
BLACK
6
CONTINUOUS
10
2.3228255511811025
20
1.3719658661417322
11
2.3212157086614171
21
1.3663779921259842
0
LINE
8
BLACK
6
CONTINUOUS
10
2.3212157086614171
20
1.3663779921259842
11
2.3193824803149607
21
1.3597751968503937
0
LINE
8
BLACK
6
CONTINUOUS
10
2.3193824803149607
20
1.3597751968503937
11
2.3191333858267718
21
1.3591500787401574
0
LINE
8
BLACK
6
CONTINUOUS
10
2.3191333858267718
20
1.3591500787401574
11
2.3189144488188975
21
1.3583900393700787
0
LINE
8
BLACK
6
CONTINUOUS
10
2.3189144488188975
20
1.3583900393700787
11
2.3167126377952756
21
1.3530744881889762
0
LINE
8
BLACK
6
CONTINUOUS
10
2.3167126377952756
20
1.3530744881889762
11
2.3143336614173227
21
1.3471036614173229
0
LINE
8
BLACK
6
CONTINUOUS
10
2.3143336614173227
20
1.3471036614173229
11
2.3139029133858267
21
1.3462911811023621
0
LINE
8
BLACK
6
CONTINUOUS
10
2.3139029133858267
20
1.3462911811023621
11
2.3135078740157482
21
1.3453374803149607
0
LINE
8
BLACK
6
CONTINUOUS
10
2.3135078740157482
20
1.3453374803149607
11
2.3107931102362205
21
1.3404255118110235
0
LINE
8
BLACK
6
CONTINUOUS
10
2.3107931102362205
20
1.3404255118110235
11
2.3079442519685038
21
1.335051968503937
0
LINE
8
BLACK
6
CONTINUOUS
10
2.3079442519685038
20
1.335051968503937
11
2.3072898031496063
21
1.3340867322834646
0
LINE
8
BLACK
6
CONTINUOUS
10
2.3072898031496063
20
1.3340867322834646
11
2.3066738976377952
21
1.3329723228346457
0
LINE
8
BLACK
6
CONTINUOUS
10
2.3066738976377952
20
1.3329723228346457
11
2.3035300393700786
21
1.328541496062992
0
LINE
8
BLACK
6
CONTINUOUS
10
2.3035300393700786
20
1.328541496062992
11
2.3002894488188974
21
1.3237619291338583
0
LINE
8
BLACK
6
CONTINUOUS
10
2.3002894488188974
20
1.3237619291338583
11
2.2993744488188974
21
1.3226847244094488
0
LINE
8
BLACK
6
CONTINUOUS
10
2.2993744488188974
20
1.3226847244094488
11
2.2984984645669293
21
1.3214501181102363
0
LINE
8
BLACK
6
CONTINUOUS
10
2.2984984645669293
20
1.3214501181102363
11
2.2950101968503938
21
1.3175467322834646
0
LINE
8
BLACK
6
CONTINUOUS
10
2.2950101968503938
20
1.3175467322834646
11
2.2914588582677164
21
1.3133657874015747
0
LINE
8
BLACK
6
CONTINUOUS
10
2.2914588582677164
20
1.3133657874015747
11
2.2902537007874013
21
1.3122242125984251
0
LINE
8
BLACK
6
CONTINUOUS
10
2.2902537007874013
20
1.3122242125984251
11
2.2890843307086612
21
1.3109156692913386
0
LINE
8
BLACK
6
CONTINUOUS
10
2.2890843307086612
20
1.3109156692913386
11
2.2853369291338583
21
1.3075667716535433
0
LINE
8
BLACK
6
CONTINUOUS
10
2.2853369291338583
20
1.3075667716535433
11
2.2815556692913384
21
1.3039849999999999
0
LINE
8
BLACK
6
CONTINUOUS
10
2.2815556692913384
20
1.3039849999999999
11
2.2800372440944883
21
1.3028307086614173
0
LINE
8
BLACK
6
CONTINUOUS
10
2.2800372440944883
20
1.3028307086614173
11
2.2785498818897638
21
1.3015015354330708
0
LINE
8
BLACK
6
CONTINUOUS
10
2.2785498818897638
20
1.3015015354330708
11
2.2746298425196851
21
1.2987201181102361
0
LINE
8
BLACK
6
CONTINUOUS
10
2.2746298425196851
20
1.2987201181102361
11
2.2706966141732283
21
1.2957301574803148
0
LINE
8
BLACK
6
CONTINUOUS
10
2.2706966141732283
20
1.2957301574803148
11
2.2688497637795275
21
1.294618937007874
0
LINE
8
BLACK
6
CONTINUOUS
10
2.2688497637795275
20
1.294618937007874
11
2.2670276771653541
21
1.2933261023622047
0
LINE
8
BLACK
6
CONTINUOUS
10
2.2670276771653541
20
1.2933261023622047
11
2.2630168897637795
21
1.2911094094488189
0
LINE
8
BLACK
6
CONTINUOUS
10
2.2630168897637795
20
1.2911094094488189
11
2.2590087401574803
21
1.2886977952755905
0
LINE
8
BLACK
6
CONTINUOUS
10
2.2590087401574803
20
1.2886977952755905
11
2.2568272440944881
21
1.2876885039370078
0
LINE
8
BLACK
6
CONTINUOUS
10
2.2568272440944881
20
1.2876885039370078
11
2.2546625196850392
21
1.2864921259842519
0
LINE
8
BLACK
6
CONTINUOUS
10
2.2546625196850392
20
1.2864921259842519
11
2.250638503937008
21
1.2848253149606299
0
LINE
8
BLACK
6
CONTINUOUS
10
2.250638503937008
20
1.2848253149606299
11
2.2466288976377951
21
1.2829702755905512
0
LINE
8
BLACK
6
CONTINUOUS
10
2.2466288976377951
20
1.2829702755905512
11
2.2441158267716537
21
1.2821235039370078
0
LINE
8
BLACK
6
CONTINUOUS
10
2.2441158267716537
20
1.2821235039370078
11
2.2416099606299213
21
1.2810855511811023
0
LINE
8
BLACK
6
CONTINUOUS
10
2.2416099606299213
20
1.2810855511811023
11
2.2376457086614172
21
1.2799434645669292
0
LINE
8
BLACK
6
CONTINUOUS
10
2.2376457086614172
20
1.2799434645669292
11
2.2337024803149608
21
1.278614842519685
0
LINE
8
BLACK
6
CONTINUOUS
10
2.2337024803149608
20
1.278614842519685
11
2.2308688976377953
21
1.2779911023622046
0
LINE
8
BLACK
6
CONTINUOUS
10
2.2308688976377953
20
1.2779911023622046
11
2.2280341338582677
21
1.2771744488188976
0
LINE
8
BLACK
6
CONTINUOUS
10
2.2280341338582677
20
1.2771744488188976
11
2.2241961417322833
21
1.2765223228346456
0
LINE
8
BLACK
6
CONTINUOUS
10
2.2241961417322833
20
1.2765223228346456
11
2.2203805905511809
21
1.2756824803149607
0
LINE
8
BLACK
6
CONTINUOUS
10
2.2203805905511809
20
1.2756824803149607
11
2.2172477559055119
21
1.2753417322834646
0
LINE
8
BLACK
6
CONTINUOUS
10
2.2172477559055119
20
1.2753417322834646
11
2.2141057480314958
21
1.2748079133858268
0
LINE
8
BLACK
6
CONTINUOUS
10
2.2141057480314958
20
1.2748079133858268
11
2.2104527559055116
21
1.2746027559055118
0
LINE
8
BLACK
6
CONTINUOUS
10
2.2104527559055116
20
1.2746027559055118
11
2.2068203543307088
21
1.2742077165354331
0
LINE
8
BLACK
6
CONTINUOUS
10
2.2068203543307088
20
1.2742077165354331
11
2.203418307086614
21
1.2742077165354331
0
LINE
8
BLACK
6
CONTINUOUS
10
2.203418307086614
20
1.2742077165354331
11
2.1999999999999997
21
1.274015748031496
0
LINE
8
BLACK
6
CONTINUOUS
10
2.1999999999999997
20
1.274015748031496
11
2.1965816929133859
21
1.2742077165354331
0
LINE
8
BLACK
6
CONTINUOUS
10
2.1965816929133859
20
1.2742077165354331
11
2.1931796456692911
21
1.2742077165354331
0
LINE
8
BLACK
6
CONTINUOUS
10
2.1931796456692911
20
1.2742077165354331
11
2.1895471653543308
21
1.2746027559055118
0
LINE
8
BLACK
6
CONTINUOUS
10
2.1895471653543308
20
1.2746027559055118
11
2.1858942519685041
21
1.2748079133858268
0
LINE
8
BLACK
6
CONTINUOUS
10
2.1858942519685041
20
1.2748079133858268
11
2.1827522834645667
21
1.2753417322834646
0
LINE
8
BLACK
6
CONTINUOUS
10
2.1827522834645667
20
1.2753417322834646
11
2.1796193700787403
21
1.2756824803149607
0
LINE
8
BLACK
6
CONTINUOUS
10
2.1796193700787403
20
1.2756824803149607
11
2.1758036614173228
21
1.2765223622047244
0
LINE
8
BLACK
6
CONTINUOUS
10
2.1758036614173228
20
1.2765223622047244
11
2.1719658661417323
21
1.2771744488188976
0
LINE
8
BLACK
6
CONTINUOUS
10
2.1719658661417323
20
1.2771744488188976
11
2.1691312204724409
21
1.2779910629921261
0
LINE
8
BLACK
6
CONTINUOUS
10
2.1691312204724409
20
1.2779910629921261
11
2.1662974803149604
21
1.278614842519685
0
LINE
8
BLACK
6
CONTINUOUS
10
2.1662974803149604
20
1.278614842519685
11
2.1623539763779527
21
1.2799435433070865
0
LINE
8
BLACK
6
CONTINUOUS
10
2.1623539763779527
20
1.2799435433070865
11
2.1583900393700786
21
1.2810855511811023
0
LINE
8
BLACK
6
CONTINUOUS
10
2.1583900393700786
20
1.2810855511811023
11
2.1558843307086613
21
1.2821234251968503
0
LINE
8
BLACK
6
CONTINUOUS
10
2.1558843307086613
20
1.2821234251968503
11
2.1533710629921261
21
1.2829702755905512
0
LINE
8
BLACK
6
CONTINUOUS
10
2.1533710629921261
20
1.2829702755905512
11
2.1493611023622048
21
1.2848254724409449
0
LINE
8
BLACK
6
CONTINUOUS
10
2.1493611023622048
20
1.2848254724409449
11
2.1453374803149607
21
1.2864921259842519
0
LINE
8
BLACK
6
CONTINUOUS
10
2.1453374803149607
20
1.2864921259842519
11
2.1431729133858268
21
1.2876884251968503
0
LINE
8
BLACK
6
CONTINUOUS
10
2.1431729133858268
20
1.2876884251968503
11
2.1409912204724408
21
1.2886977952755905
0
LINE
8
BLACK
6
CONTINUOUS
10
2.1409912204724408
20
1.2886977952755905
11
2.1369825984251967
21
1.29110968503937
0
LINE
8
BLACK
6
CONTINUOUS
10
2.1369825984251967
20
1.29110968503937
11
2.1329723228346458
21
1.2933261023622047
0
LINE
8
BLACK
6
CONTINUOUS
10
2.1329723228346458
20
1.2933261023622047
11
2.1311503937007874
21
1.294618779527559
0
LINE
8
BLACK
6
CONTINUOUS
10
2.1311503937007874
20
1.294618779527559
11
2.1293033464566928
21
1.2957301574803148
0
LINE
8
BLACK
6
CONTINUOUS
10
2.1293033464566928
20
1.2957301574803148
11
2.1253695275590552
21
1.2987205118110237
0
LINE
8
BLACK
6
CONTINUOUS
10
2.1253695275590552
20
1.2987205118110237
11
2.1214501181102361
21
1.3015015354330708
0
LINE
8
BLACK
6
CONTINUOUS
10
2.1214501181102361
20
1.3015015354330708
11
2.1199629527559054
21
1.3028305118110235
0
LINE
8
BLACK
6
CONTINUOUS
10
2.1199629527559054
20
1.3028305118110235
11
2.1184442913385828
21
1.3039849999999999
0
LINE
8
BLACK
6
CONTINUOUS
10
2.1184442913385828
20
1.3039849999999999
11
2.1146623622047245
21
1.3075674015748031
0
LINE
8
BLACK
6
CONTINUOUS
10
2.1146623622047245
20
1.3075674015748031
11
2.1109156692913387
21
1.3109156692913386
0
LINE
8
BLACK
6
CONTINUOUS
10
2.1109156692913387
20
1.3109156692913386
11
2.1097464566929132
21
1.3122239763779526
0
LINE
8
BLACK
6
CONTINUOUS
10
2.1097464566929132
20
1.3122239763779526
11
2.1085411023622047
21
1.3133657874015747
0
LINE
8
BLACK
6
CONTINUOUS
10
2.1085411023622047
20
1.3133657874015747
11
2.1049889763779528
21
1.3175476377952755
0
LINE
8
BLACK
6
CONTINUOUS
10
2.1049889763779528
20
1.3175476377952755
11
2.1015015354330706
21
1.3214501181102363
0
LINE
8
BLACK
6
CONTINUOUS
10
2.1015015354330706
20
1.3214501181102363
11
2.1006257086614171
21
1.3226844488188976
0
LINE
8
BLACK
6
CONTINUOUS
10
2.1006257086614171
20
1.3226844488188976
11
2.0997105118110237
21
1.3237619291338583
0
LINE
8
BLACK
6
CONTINUOUS
10
2.0997105118110237
20
1.3237619291338583
11
2.0964690157480312
21
1.3285427165354331
0
LINE
8
BLACK
6
CONTINUOUS
10
2.0964690157480312
20
1.3285427165354331
11
2.0933261023622047
21
1.3329723228346457
0
LINE
8
BLACK
6
CONTINUOUS
10
2.0933261023622047
20
1.3329723228346457
11
2.0927103543307086
21
1.3340864173228346
0
LINE
8
BLACK
6
CONTINUOUS
10
2.0927103543307086
20
1.3340864173228346
11
2.0920557086614173
21
1.335051968503937
0
LINE
8
BLACK
6
CONTINUOUS
10
2.0920557086614173
20
1.335051968503937
11
2.0892058661417323
21
1.3404272440944882
0
LINE
8
BLACK
6
CONTINUOUS
10
2.0892058661417323
20
1.3404272440944882
11
2.0864921259842517
21
1.3453374803149607
0
LINE
8
BLACK
6
CONTINUOUS
10
2.0864921259842517
20
1.3453374803149607
11
2.0860972047244095
21
1.3462908267716536
0
LINE
8
BLACK
6
CONTINUOUS
10
2.0860972047244095
20
1.3462908267716536
11
2.0856662992125985
21
1.3471036614173229
0
LINE
8
BLACK
6
CONTINUOUS
10
2.0856662992125985
20
1.3471036614173229
11
2.0832862598425197
21
1.3530770078740157
0
LINE
8
BLACK
6
CONTINUOUS
10
2.0832862598425197
20
1.3530770078740157
11
2.0810855511811024
21
1.3583900393700787
0
LINE
8
BLACK
6
CONTINUOUS
10
2.0810855511811024
20
1.3583900393700787
11
2.0808666535433069
21
1.3591497244094488
0
LINE
8
BLACK
6
CONTINUOUS
10
2.0808666535433069
20
1.3591497244094488
11
2.0806174803149604
21
1.3597751968503937
0
LINE
8
BLACK
6
CONTINUOUS
10
2.0806174803149604
20
1.3597751968503937
11
2.078783149606299
21
1.3663817322834646
0
LINE
8
BLACK
6
CONTINUOUS
10
2.078783149606299
20
1.3663817322834646
11
2.0771744488188975
21
1.3719658661417322
0
LINE
8
BLACK
6
CONTINUOUS
10
2.0771744488188975
20
1.3719658661417322
11
2.0770824409448818
21
1.3725072834645669
0
LINE
8
BLACK
6
CONTINUOUS
10
2.0770824409448818
20
1.3725072834645669
11
2.076968188976378
21
1.3729188582677165
0
LINE
8
BLACK
6
CONTINUOUS
10
2.076968188976378
20
1.3729188582677165
11
2.0757494881889764
21
1.380352440944882
0
LINE
8
BLACK
6
CONTINUOUS
10
2.0757494881889764
20
1.380352440944882
11
2.0748079133858268
21
1.3858942519685038
0
LINE
8
BLACK
6
CONTINUOUS
10
2.0748079133858268
20
1.3858942519685038
11
2.0747906692913385
21
1.386200905511811
0
LINE
8
BLACK
6
CONTINUOUS
10
2.0747906692913385
20
1.386200905511811
11
2.0747614566929133
21
1.3863792519685039
0
LINE
8
BLACK
6
CONTINUOUS
10
2.0747614566929133
20
1.3863792519685039
11
2.0742242913385827
21
1.3962862204724409
0
LINE
8
BLACK
6
CONTINUOUS
10
2.0742242913385827
20
1.3962862204724409
11
2.074015748031496
21
1.3999999999999999
0
LINE
8
BLACK
6
CONTINUOUS
10
2.074015748031496
20
1.3999999999999999
11
2.0742242913385827
21
1.4037140551181102
0
LINE
8
BLACK
6
CONTINUOUS
10
2.0742242913385827
20
1.4037140551181102
11
2.0747614566929133
21
1.4136207086614172
0
LINE
8
BLACK
6
CONTINUOUS
10
2.0747614566929133
20
1.4136207086614172
11
2.0747906692913385
21
1.4137989763779528
0
LINE
8
BLACK
6
CONTINUOUS
10
2.0747906692913385
20
1.4137989763779528
11
2.0748079133858268
21
1.414105748031496
0
LINE
8
BLACK
6
CONTINUOUS
10
2.0748079133858268
20
1.414105748031496
11
2.0757496850393702
21
1.419648622047244
0
LINE
8
BLACK
6
CONTINUOUS
10
2.0757496850393702
20
1.419648622047244
11
2.076968188976378
21
1.4270811023622048
0
LINE
8
BLACK
6
CONTINUOUS
10
2.076968188976378
20
1.4270811023622048
11
2.0770824015748031
21
1.4274925590551182
0
LINE
8
BLACK
6
CONTINUOUS
10
2.0770824015748031
20
1.4274925590551182
11
2.0771744488188975
21
1.4280341338582676
0
LINE
8
BLACK
6
CONTINUOUS
10
2.0771744488188975
20
1.4280341338582676
11
2.078783464566929
21
1.4336192519685038
0
LINE
8
BLACK
6
CONTINUOUS
10
2.078783464566929
20
1.4336192519685038
11
2.0806174803149604
21
1.4402247637795276
0
LINE
8
BLACK
6
CONTINUOUS
10
2.0806174803149604
20
1.4402247637795276
11
2.0808666141732282
21
1.4408501181102362
0
LINE
8
BLACK
6
CONTINUOUS
10
2.0808666141732282
20
1.4408501181102362
11
2.0810855511811024
21
1.4416099606299213
0
LINE
8
BLACK
6
CONTINUOUS
10
2.0810855511811024
20
1.4416099606299213
11
2.083286692913386
21
1.4469239763779527
0
LINE
8
BLACK
6
CONTINUOUS
10
2.083286692913386
20
1.4469239763779527
11
2.0856662992125985
21
1.4528962992125984
0
LINE
8
BLACK
6
CONTINUOUS
10
2.0856662992125985
20
1.4528962992125984
11
2.086097125984252
21
1.453708937007874
0
LINE
8
BLACK
6
CONTINUOUS
10
2.086097125984252
20
1.453708937007874
11
2.0864921259842517
21
1.4546625196850393
0
LINE
8
BLACK
6
CONTINUOUS
10
2.0864921259842517
20
1.4546625196850393
11
2.0892063779527557
21
1.4595736220472442
0
LINE
8
BLACK
6
CONTINUOUS
10
2.0892063779527557
20
1.4595736220472442
11
2.0920557086614173
21
1.4649479921259843
0
LINE
8
BLACK
6
CONTINUOUS
10
2.0920557086614173
20
1.4649479921259843
11
2.0927102362204724
21
1.4659133464566929
0
LINE
8
BLACK
6
CONTINUOUS
10
2.0927102362204724
20
1.4659133464566929
11
2.0933261023622047
21
1.4670276771653543
0
LINE
8
BLACK
6
CONTINUOUS
10
2.0933261023622047
20
1.4670276771653543
11
2.0964696456692913
21
1.4714580708661418
0
LINE
8
BLACK
6
CONTINUOUS
10
2.0964696456692913
20
1.4714580708661418
11
2.0997105118110237
21
1.476238031496063
0
LINE
8
BLACK
6
CONTINUOUS
10
2.0997105118110237
20
1.476238031496063
11
2.1006255118110237
21
1.4773152755905512
0
LINE
8
BLACK
6
CONTINUOUS
10
2.1006255118110237
20
1.4773152755905512
11
2.1015015354330706
21
1.4785498818897638
0
LINE
8
BLACK
6
CONTINUOUS
10
2.1015015354330706
20
1.4785498818897638
11
2.1049896456692911
21
1.4824530708661416
0
LINE
8
BLACK
6
CONTINUOUS
10
2.1049896456692911
20
1.4824530708661416
11
2.1085411023622047
21
1.4866341732283463
0
LINE
8
BLACK
6
CONTINUOUS
10
2.1085411023622047
20
1.4866341732283463
11
2.1097462598425198
21
1.4877757480314959
0
LINE
8
BLACK
6
CONTINUOUS
10
2.1097462598425198
20
1.4877757480314959
11
2.1109156692913387
21
1.4890843307086614
0
LINE
8
BLACK
6
CONTINUOUS
10
2.1109156692913387
20
1.4890843307086614
11
2.1146630708661416
21
1.4924332283464568
0
LINE
8
BLACK
6
CONTINUOUS
10
2.1146630708661416
20
1.4924332283464568
11
2.1184442913385828
21
1.4960149606299211
0
LINE
8
BLACK
6
CONTINUOUS
10
2.1184442913385828
20
1.4960149606299211
11
2.1199626377952754
21
1.4971691732283465
0
LINE
8
BLACK
6
CONTINUOUS
10
2.1199626377952754
20
1.4971691732283465
11
2.1214501181102361
21
1.498498464566929
0
LINE
8
BLACK
6
CONTINUOUS
10
2.1214501181102361
20
1.498498464566929
11
2.1253703149606298
21
1.5012799999999999
0
LINE
8
BLACK
6
CONTINUOUS
10
2.1253703149606298
20
1.5012799999999999
11
2.1293033464566928
21
1.5042698031496062
0
LINE
8
BLACK
6
CONTINUOUS
10
2.1293033464566928
20
1.5042698031496062
11
2.1311500393700786
21
1.505380905511811
0
LINE
8
BLACK
6
CONTINUOUS
10
2.1311500393700786
20
1.505380905511811
11
2.1329723228346458
21
1.5066738976377951
0
LINE
8
BLACK
6
CONTINUOUS
10
2.1329723228346458
20
1.5066738976377951
11
2.1369833858267717
21
1.5088907480314959
0
LINE
8
BLACK
6
CONTINUOUS
10
2.1369833858267717
20
1.5088907480314959
11
2.1409912204724408
21
1.5113021653543306
0
LINE
8
BLACK
6
CONTINUOUS
10
2.1409912204724408
20
1.5113021653543306
11
2.1431724803149605
21
1.5123112992125984
0
LINE
8
BLACK
6
CONTINUOUS
10
2.1431724803149605
20
1.5123112992125984
11
2.1453374803149607
21
1.5135078740157479
0
LINE
8
BLACK
6
CONTINUOUS
10
2.1453374803149607
20
1.5135078740157479
11
2.1493618897637794
21
1.5151748425196849
0
LINE
8
BLACK
6
CONTINUOUS
10
2.1493618897637794
20
1.5151748425196849
11
2.1533710629921261
21
1.5170296850393701
0
LINE
8
BLACK
6
CONTINUOUS
10
2.1533710629921261
20
1.5170296850393701
11
2.1558838188976379
21
1.5178763385826772
0
LINE
8
BLACK
6
CONTINUOUS
10
2.1558838188976379
20
1.5178763385826772
11
2.1583900393700786
21
1.5189144488188977
0
LINE
8
BLACK
6
CONTINUOUS
10
2.1583900393700786
20
1.5189144488188977
11
2.1623547637795273
21
1.5200566535433071
0
LINE
8
BLACK
6
CONTINUOUS
10
2.1623547637795273
20
1.5200566535433071
11
2.1662974803149604
21
1.5213851181102362
0
LINE
8
BLACK
6
CONTINUOUS
10
2.1662974803149604
20
1.5213851181102362
11
2.1691306299212596
21
1.5220087401574802
0
LINE
8
BLACK
6
CONTINUOUS
10
2.1691306299212596
20
1.5220087401574802
11
2.1719658661417323
21
1.5228255511811024
0
LINE
8
BLACK
6
CONTINUOUS
10
2.1719658661417323
20
1.5228255511811024
11
2.1758044094488187
21
1.523477716535433
0
LINE
8
BLACK
6
CONTINUOUS
10
2.1758044094488187
20
1.523477716535433
11
2.1796193700787403
21
1.5243174803149606
0
LINE
8
BLACK
6
CONTINUOUS
10
2.1796193700787403
20
1.5243174803149606
11
2.1827517716535434
21
1.5246581496062992
0
LINE
8
BLACK
6
CONTINUOUS
10
2.1827517716535434
20
1.5246581496062992
11
2.1858942519685041
21
1.5251920866141733
0
LINE
8
BLACK
6
CONTINUOUS
10
2.1858942519685041
20
1.5251920866141733
11
2.1895474015748033
21
1.5253972440944881
0
LINE
8
BLACK
6
CONTINUOUS
10
2.1895474015748033
20
1.5253972440944881
11
2.1931796456692911
21
1.525792283464567
0
LINE
8
BLACK
6
CONTINUOUS
10
2.1931796456692911
20
1.525792283464567
11
2.1965816929133859
21
1.525792283464567
0
LINE
8
BLACK
6
CONTINUOUS
10
2.1965816929133859
20
1.525792283464567
11
2.1999999999999997
21
1.5259842519685038
0
LINE
8
BLACK
6
CONTINUOUS
10
2.1999999999999997
20
1.5259842519685038
11
2.203418307086614
21
1.525792283464567
0
LINE
8
BLACK
6
CONTINUOUS
10
1.8556322047244094
20
1.4377482283464567
11
1.8569183858267717
21
1.437578937007874
0
LINE
8
BLACK
6
CONTINUOUS
10
1.8569183858267717
20
1.437578937007874
11
1.8572418897637795
21
1.4374280708661418
0
LINE
8
BLACK
6
CONTINUOUS
10
1.8572418897637795
20
1.4374280708661418
11
1.8580132677165353
21
1.4372746456692913
0
LINE
8
BLACK
6
CONTINUOUS
10
1.8580132677165353
20
1.4372746456692913
11
1.859034842519685
21
1.4365920078740158
0
LINE
8
BLACK
6
CONTINUOUS
10
1.859034842519685
20
1.4365920078740158
11
1.8594727559055118
21
1.4363878346456693
0
LINE
8
BLACK
6
CONTINUOUS
10
1.8594727559055118
20
1.4363878346456693
11
1.8597391732283464
21
1.436121377952756
0
LINE
8
BLACK
6
CONTINUOUS
10
1.8597391732283464
20
1.436121377952756
11
1.8605677559055118
21
1.4355677559055118
0
LINE
8
BLACK
6
CONTINUOUS
10
1.8605677559055118
20
1.4355677559055118
11
1.8611213779527558
21
1.4347391732283463
0
LINE
8
BLACK
6
CONTINUOUS
10
1.8611213779527558
20
1.4347391732283463
11
1.8613878346456691
21
1.4344727559055117
0
LINE
8
BLACK
6
CONTINUOUS
10
1.8613878346456691
20
1.4344727559055117
11
1.8615920078740158
21
1.4340348425196849
0
LINE
8
BLACK
6
CONTINUOUS
10
1.8615920078740158
20
1.4340348425196849
11
1.8622746456692914
21
1.4330132677165355
0
LINE
8
BLACK
6
CONTINUOUS
10
1.8622746456692914
20
1.4330132677165355
11
1.8624280708661416
21
1.4322418897637794
0
LINE
8
BLACK
6
CONTINUOUS
10
1.8624280708661416
20
1.4322418897637794
11
1.862578937007874
21
1.4319183858267717
0
LINE
8
BLACK
6
CONTINUOUS
10
1.862578937007874
20
1.4319183858267717
11
1.8627482677165355
21
1.430632125984252
0
LINE
8
BLACK
6
CONTINUOUS
10
1.8627482677165355
20
1.430632125984252
11
1.8628740157480315
21
1.4299999999999999
0
LINE
8
BLACK
6
CONTINUOUS
10
1.8628740157480315
20
1.4299999999999999
11
1.8628740157480315
21
1.3699999999999999
0
LINE
8
BLACK
6
CONTINUOUS
10
1.8628740157480315
20
1.3699999999999999
11
1.8627482677165355
21
1.3693678346456692
0
LINE
8
BLACK
6
CONTINUOUS
10
1.8627482677165355
20
1.3693678346456692
11
1.862578937007874
21
1.3680815748031496
0
LINE
8
BLACK
6
CONTINUOUS
10
1.862578937007874
20
1.3680815748031496
11
1.8624280314960628
21
1.3677579921259841
0
LINE
8
BLACK
6
CONTINUOUS
10
1.8624280314960628
20
1.3677579921259841
11
1.8622746456692914
21
1.3669867322834646
0
LINE
8
BLACK
6
CONTINUOUS
10
1.8622746456692914
20
1.3669867322834646
11
1.8615920472440945
21
1.3659651968503936
0
LINE
8
BLACK
6
CONTINUOUS
10
1.8615920472440945
20
1.3659651968503936
11
1.8613878346456691
21
1.3655272047244094
0
LINE
8
BLACK
6
CONTINUOUS
10
1.8613878346456691
20
1.3655272047244094
11
1.8611212992125983
21
1.3652606692913385
0
LINE
8
BLACK
6
CONTINUOUS
10
1.8611212992125983
20
1.3652606692913385
11
1.8605677559055118
21
1.3644322440944883
0
LINE
8
BLACK
6
CONTINUOUS
10
1.8605677559055118
20
1.3644322440944883
11
1.8597392913385826
21
1.3638786614173228
0
LINE
8
BLACK
6
CONTINUOUS
10
1.8597392913385826
20
1.3638786614173228
11
1.8594727559055118
21
1.363612125984252
0
LINE
8
BLACK
6
CONTINUOUS
10
1.8594727559055118
20
1.363612125984252
11
1.8590346456692912
21
1.3634078346456693
0
LINE
8
BLACK
6
CONTINUOUS
10
1.8590346456692912
20
1.3634078346456693
11
1.8580132677165353
21
1.3627253543307087
0
LINE
8
BLACK
6
CONTINUOUS
10
1.8580132677165353
20
1.3627253543307087
11
1.8572420472440945
21
1.3625719291338583
0
LINE
8
BLACK
6
CONTINUOUS
10
1.8572420472440945
20
1.3625719291338583
11
1.8569183858267717
21
1.3624210236220473
0
LINE
8
BLACK
6
CONTINUOUS
10
1.8569183858267717
20
1.3624210236220473
11
1.8556315354330708
21
1.3622515748031496
0
LINE
8
BLACK
6
CONTINUOUS
10
1.8556315354330708
20
1.3622515748031496
11
1.855
21
1.3621259842519684
0
LINE
8
BLACK
6
CONTINUOUS
10
1.855
20
1.3621259842519684
11
1.8546773622047243
21
1.3621259842519684
0
LINE
8
BLACK
6
CONTINUOUS
10
1.8546773622047243
20
1.3621259842519684
11
1.7953226771653543
21
1.3621259842519684
0
LINE
8
BLACK
6
CONTINUOUS
10
1.7953226771653543
20
1.3621259842519684
11
1.7949999999999999
21
1.3621259842519684
0
LINE
8
BLACK
6
CONTINUOUS
10
1.7949999999999999
20
1.3621259842519684
11
1.7943684251968504
21
1.3622515748031496
0
LINE
8
BLACK
6
CONTINUOUS
10
1.7943684251968504
20
1.3622515748031496
11
1.7930815748031497
21
1.3624210236220473
0
LINE
8
BLACK
6
CONTINUOUS
10
1.7930815748031497
20
1.3624210236220473
11
1.7927578346456692
21
1.3625719291338583
0
LINE
8
BLACK
6
CONTINUOUS
10
1.7927578346456692
20
1.3625719291338583
11
1.7919867322834646
21
1.3627253543307087
0
LINE
8
BLACK
6
CONTINUOUS
10
1.7919867322834646
20
1.3627253543307087
11
1.7909653937007874
21
1.3634077559055118
0
LINE
8
BLACK
6
CONTINUOUS
10
1.7909653937007874
20
1.3634077559055118
11
1.7905272047244094
21
1.363612125984252
0
LINE
8
BLACK
6
CONTINUOUS
10
1.7905272047244094
20
1.363612125984252
11
1.7902605511811023
21
1.3638787401574803
0
LINE
8
BLACK
6
CONTINUOUS
10
1.7902605511811023
20
1.3638787401574803
11
1.7894322440944881
21
1.3644322440944883
0
LINE
8
BLACK
6
CONTINUOUS
10
1.7894322440944881
20
1.3644322440944883
11
1.7888787401574804
21
1.3652605511811022
0
LINE
8
BLACK
6
CONTINUOUS
10
1.7888787401574804
20
1.3652605511811022
11
1.788612125984252
21
1.3655272047244094
0
LINE
8
BLACK
6
CONTINUOUS
10
1.788612125984252
20
1.3655272047244094
11
1.7884077559055118
21
1.3659653937007874
0
LINE
8
BLACK
6
CONTINUOUS
10
1.7884077559055118
20
1.3659653937007874
11
1.7877253543307086
21
1.3669867322834646
0
LINE
8
BLACK
6
CONTINUOUS
10
1.7877253543307086
20
1.3669867322834646
11
1.7875719291338583
21
1.3677578346456694
0
LINE
8
BLACK
6
CONTINUOUS
10
1.7875719291338583
20
1.3677578346456694
11
1.7874210236220471
21
1.3680815748031496
0
LINE
8
BLACK
6
CONTINUOUS
10
1.7874210236220471
20
1.3680815748031496
11
1.7872515748031497
21
1.3693685039370078
0
LINE
8
BLACK
6
CONTINUOUS
10
1.7872515748031497
20
1.3693685039370078
11
1.7871259842519684
21
1.3699999999999999
0
LINE
8
BLACK
6
CONTINUOUS
10
1.7871259842519684
20
1.3699999999999999
11
1.7871259842519684
21
1.4299999999999999
0
LINE
8
BLACK
6
CONTINUOUS
10
1.7871259842519684
20
1.4299999999999999
11
1.7872516141732282
21
1.4306316141732283
0
LINE
8
BLACK
6
CONTINUOUS
10
1.7872516141732282
20
1.4306316141732283
11
1.7874210236220471
21
1.4319183858267717
0
LINE
8
BLACK
6
CONTINUOUS
10
1.7874210236220471
20
1.4319183858267717
11
1.7875719291338583
21
1.4322420472440944
0
LINE
8
BLACK
6
CONTINUOUS
10
1.7875719291338583
20
1.4322420472440944
11
1.7877253543307086
21
1.4330132677165355
0
LINE
8
BLACK
6
CONTINUOUS
10
1.7877253543307086
20
1.4330132677165355
11
1.7884078346456693
21
1.4340346456692914
0
LINE
8
BLACK
6
CONTINUOUS
10
1.7884078346456693
20
1.4340346456692914
11
1.788612125984252
21
1.4344727559055117
0
LINE
8
BLACK
6
CONTINUOUS
10
1.788612125984252
20
1.4344727559055117
11
1.7888786614173229
21
1.4347392913385826
0
LINE
8
BLACK
6
CONTINUOUS
10
1.7888786614173229
20
1.4347392913385826
11
1.7894322440944881
21
1.4355677559055118
0
LINE
8
BLACK
6
CONTINUOUS
10
1.7894322440944881
20
1.4355677559055118
11
1.7902606692913385
21
1.4361212992125985
0
LINE
8
BLACK
6
CONTINUOUS
10
1.7902606692913385
20
1.4361212992125985
11
1.7905272047244094
21
1.4363878346456693
0
LINE
8
BLACK
6
CONTINUOUS
10
1.7905272047244094
20
1.4363878346456693
11
1.7909651968503937
21
1.4365920472440945
0
LINE
8
BLACK
6
CONTINUOUS
10
1.7909651968503937
20
1.4365920472440945
11
1.7919867322834646
21
1.4372746456692913
0
LINE
8
BLACK
6
CONTINUOUS
10
1.7919867322834646
20
1.4372746456692913
11
1.7927579921259842
21
1.437428031496063
0
LINE
8
BLACK
6
CONTINUOUS
10
1.7927579921259842
20
1.437428031496063
11
1.7930815748031497
21
1.437578937007874
0
LINE
8
BLACK
6
CONTINUOUS
10
1.7930815748031497
20
1.437578937007874
11
1.7943679133858268
21
1.4377482677165354
0
LINE
8
BLACK
6
CONTINUOUS
10
1.7943679133858268
20
1.4377482677165354
11
1.7949999999999999
21
1.4378740157480314
0
LINE
8
BLACK
6
CONTINUOUS
10
1.7949999999999999
20
1.4378740157480314
11
1.855
21
1.4378740157480314
0
LINE
8
BLACK
6
CONTINUOUS
10
1.855
20
1.4378740157480314
11
1.8556322047244094
21
1.4377482283464567
0
LINE
8
BLACK
6
CONTINUOUS
10
1.9556322047244095
20
1.4377482283464567
11
1.9569183858267716
21
1.437578937007874
0
LINE
8
BLACK
6
CONTINUOUS
10
1.9569183858267716
20
1.437578937007874
11
1.9572418897637796
21
1.4374280708661418
0
LINE
8
BLACK
6
CONTINUOUS
10
1.9572418897637796
20
1.4374280708661418
11
1.9580132677165354
21
1.4372746456692913
0
LINE
8
BLACK
6
CONTINUOUS
10
1.9580132677165354
20
1.4372746456692913
11
1.9590348425196851
21
1.4365920078740158
0
LINE
8
BLACK
6
CONTINUOUS
10
1.9590348425196851
20
1.4365920078740158
11
1.9594727559055118
21
1.4363878346456693
0
LINE
8
BLACK
6
CONTINUOUS
10
1.9594727559055118
20
1.4363878346456693
11
1.9597391732283465
21
1.436121377952756
0
LINE
8
BLACK
6
CONTINUOUS
10
1.9597391732283465
20
1.436121377952756
11
1.9605677559055117
21
1.4355677559055118
0
LINE
8
BLACK
6
CONTINUOUS
10
1.9605677559055117
20
1.4355677559055118
11
1.9611213779527559
21
1.4347391732283463
0
LINE
8
BLACK
6
CONTINUOUS
10
1.9611213779527559
20
1.4347391732283463
11
1.9613878346456692
21
1.4344727559055117
0
LINE
8
BLACK
6
CONTINUOUS
10
1.9613878346456692
20
1.4344727559055117
11
1.9615920078740157
21
1.4340348425196849
0
LINE
8
BLACK
6
CONTINUOUS
10
1.9615920078740157
20
1.4340348425196849
11
1.9622746456692912
21
1.4330132677165355
0
LINE
8
BLACK
6
CONTINUOUS
10
1.9622746456692912
20
1.4330132677165355
11
1.9624280708661417
21
1.4322418897637794
0
LINE
8
BLACK
6
CONTINUOUS
10
1.9624280708661417
20
1.4322418897637794
11
1.9625789370078739
21
1.4319183858267717
0
LINE
8
BLACK
6
CONTINUOUS
10
1.9625789370078739
20
1.4319183858267717
11
1.9627482677165353
21
1.430632125984252
0
LINE
8
BLACK
6
CONTINUOUS
10
1.9627482677165353
20
1.430632125984252
11
1.9628740157480316
21
1.4299999999999999
0
LINE
8
BLACK
6
CONTINUOUS
10
1.9628740157480316
20
1.4299999999999999
11
1.9628740157480316
21
1.3699999999999999
0
LINE
8
BLACK
6
CONTINUOUS
10
1.9628740157480316
20
1.3699999999999999
11
1.9627482677165353
21
1.3693678346456692
0
LINE
8
BLACK
6
CONTINUOUS
10
1.9627482677165353
20
1.3693678346456692
11
1.9625789370078739
21
1.3680815748031496
0
LINE
8
BLACK
6
CONTINUOUS
10
1.9625789370078739
20
1.3680815748031496
11
1.9624280314960629
21
1.3677579921259841
0
LINE
8
BLACK
6
CONTINUOUS
10
1.9624280314960629
20
1.3677579921259841
11
1.9622746456692912
21
1.3669867322834646
0
LINE
8
BLACK
6
CONTINUOUS
10
1.9622746456692912
20
1.3669867322834646
11
1.9615920472440944
21
1.3659651968503936
0
LINE
8
BLACK
6
CONTINUOUS
10
1.9615920472440944
20
1.3659651968503936
11
1.9613878346456692
21
1.3655272047244094
0
LINE
8
BLACK
6
CONTINUOUS
10
1.9613878346456692
20
1.3655272047244094
11
1.9611212992125984
21
1.3652606692913385
0
LINE
8
BLACK
6
CONTINUOUS
10
1.9611212992125984
20
1.3652606692913385
11
1.9605677559055117
21
1.3644322440944883
0
LINE
8
BLACK
6
CONTINUOUS
10
1.9605677559055117
20
1.3644322440944883
11
1.9597392913385827
21
1.3638786614173228
0
LINE
8
BLACK
6
CONTINUOUS
10
1.9597392913385827
20
1.3638786614173228
11
1.9594727559055118
21
1.363612125984252
0
LINE
8
BLACK
6
CONTINUOUS
10
1.9594727559055118
20
1.363612125984252
11
1.9590346456692913
21
1.3634078346456693
0
LINE
8
BLACK
6
CONTINUOUS
10
1.9590346456692913
20
1.3634078346456693
11
1.9580132677165354
21
1.3627253543307087
0
LINE
8
BLACK
6
CONTINUOUS
10
1.9580132677165354
20
1.3627253543307087
11
1.9572420472440943
21
1.3625719291338583
0
LINE
8
BLACK
6
CONTINUOUS
10
1.9572420472440943
20
1.3625719291338583
11
1.9569183858267716
21
1.3624210236220473
0
LINE
8
BLACK
6
CONTINUOUS
10
1.9569183858267716
20
1.3624210236220473
11
1.9556315354330709
21
1.3622515748031496
0
LINE
8
BLACK
6
CONTINUOUS
10
1.9556315354330709
20
1.3622515748031496
11
1.9549999999999998
21
1.3621259842519684
0
LINE
8
BLACK
6
CONTINUOUS
10
1.9549999999999998
20
1.3621259842519684
11
1.9546773622047244
21
1.3621259842519684
0
LINE
8
BLACK
6
CONTINUOUS
10
1.9546773622047244
20
1.3621259842519684
11
1.8953226771653542
21
1.3621259842519684
0
LINE
8
BLACK
6
CONTINUOUS
10
1.8953226771653542
20
1.3621259842519684
11
1.895
21
1.3621259842519684
0
LINE
8
BLACK
6
CONTINUOUS
10
1.895
20
1.3621259842519684
11
1.8943684251968504
21
1.3622515748031496
0
LINE
8
BLACK
6
CONTINUOUS
10
1.8943684251968504
20
1.3622515748031496
11
1.8930815748031495
21
1.3624210236220473
0
LINE
8
BLACK
6
CONTINUOUS
10
1.8930815748031495
20
1.3624210236220473
11
1.8927578346456693
21
1.3625719291338583
0
LINE
8
BLACK
6
CONTINUOUS
10
1.8927578346456693
20
1.3625719291338583
11
1.8919867322834645
21
1.3627253543307087
0
LINE
8
BLACK
6
CONTINUOUS
10
1.8919867322834645
20
1.3627253543307087
11
1.8909653937007873
21
1.3634077559055118
0
LINE
8
BLACK
6
CONTINUOUS
10
1.8909653937007873
20
1.3634077559055118
11
1.8905272047244095
21
1.363612125984252
0
LINE
8
BLACK
6
CONTINUOUS
10
1.8905272047244095
20
1.363612125984252
11
1.8902605511811024
21
1.3638787401574803
0
LINE
8
BLACK
6
CONTINUOUS
10
1.8902605511811024
20
1.3638787401574803
11
1.8894322440944882
21
1.3644322440944883
0
LINE
8
BLACK
6
CONTINUOUS
10
1.8894322440944882
20
1.3644322440944883
11
1.8888787401574803
21
1.3652605511811022
0
LINE
8
BLACK
6
CONTINUOUS
10
1.8888787401574803
20
1.3652605511811022
11
1.8886121259842519
21
1.3655272047244094
0
LINE
8
BLACK
6
CONTINUOUS
10
1.8886121259842519
20
1.3655272047244094
11
1.8884077559055117
21
1.3659653937007874
0
LINE
8
BLACK
6
CONTINUOUS
10
1.8884077559055117
20
1.3659653937007874
11
1.8877253543307086
21
1.3669867322834646
0
LINE
8
BLACK
6
CONTINUOUS
10
1.8877253543307086
20
1.3669867322834646
11
1.8875719291338582
21
1.3677578346456694
0
LINE
8
BLACK
6
CONTINUOUS
10
1.8875719291338582
20
1.3677578346456694
11
1.8874210236220472
21
1.3680815748031496
0
LINE
8
BLACK
6
CONTINUOUS
10
1.8874210236220472
20
1.3680815748031496
11
1.8872515748031495
21
1.3693685039370078
0
LINE
8
BLACK
6
CONTINUOUS
10
1.8872515748031495
20
1.3693685039370078
11
1.8871259842519685
21
1.3699999999999999
0
LINE
8
BLACK
6
CONTINUOUS
10
1.8871259842519685
20
1.3699999999999999
11
1.8871259842519685
21
1.4299999999999999
0
LINE
8
BLACK
6
CONTINUOUS
10
1.8871259842519685
20
1.4299999999999999
11
1.8872516141732283
21
1.4306316141732283
0
LINE
8
BLACK
6
CONTINUOUS
10
1.8872516141732283
20
1.4306316141732283
11
1.8874210236220472
21
1.4319183858267717
0
LINE
8
BLACK
6
CONTINUOUS
10
1.8874210236220472
20
1.4319183858267717
11
1.8875719291338582
21
1.4322420472440944
0
LINE
8
BLACK
6
CONTINUOUS
10
1.8875719291338582
20
1.4322420472440944
11
1.8877253543307086
21
1.4330132677165355
0
LINE
8
BLACK
6
CONTINUOUS
10
1.8877253543307086
20
1.4330132677165355
11
1.8884078346456692
21
1.4340346456692914
0
LINE
8
BLACK
6
CONTINUOUS
10
1.8884078346456692
20
1.4340346456692914
11
1.8886121259842519
21
1.4344727559055117
0
LINE
8
BLACK
6
CONTINUOUS
10
1.8886121259842519
20
1.4344727559055117
11
1.8888786614173227
21
1.4347392913385826
0
LINE
8
BLACK
6
CONTINUOUS
10
1.8888786614173227
20
1.4347392913385826
11
1.8894322440944882
21
1.4355677559055118
0
LINE
8
BLACK
6
CONTINUOUS
10
1.8894322440944882
20
1.4355677559055118
11
1.8902606692913386
21
1.4361212992125985
0
LINE
8
BLACK
6
CONTINUOUS
10
1.8902606692913386
20
1.4361212992125985
11
1.8905272047244095
21
1.4363878346456693
0
LINE
8
BLACK
6
CONTINUOUS
10
1.8905272047244095
20
1.4363878346456693
11
1.8909651968503935
21
1.4365920472440945
0
LINE
8
BLACK
6
CONTINUOUS
10
1.8909651968503935
20
1.4365920472440945
11
1.8919867322834645
21
1.4372746456692913
0
LINE
8
BLACK
6
CONTINUOUS
10
1.8919867322834645
20
1.4372746456692913
11
1.8927579921259843
21
1.437428031496063
0
LINE
8
BLACK
6
CONTINUOUS
10
1.8927579921259843
20
1.437428031496063
11
1.8930815748031495
21
1.437578937007874
0
LINE
8
BLACK
6
CONTINUOUS
10
1.8930815748031495
20
1.437578937007874
11
1.8943679133858267
21
1.4377482677165354
0
LINE
8
BLACK
6
CONTINUOUS
10
1.8943679133858267
20
1.4377482677165354
11
1.895
21
1.4378740157480314
0
LINE
8
BLACK
6
CONTINUOUS
10
1.895
20
1.4378740157480314
11
1.9549999999999998
21
1.4378740157480314
0
LINE
8
BLACK
6
CONTINUOUS
10
1.9549999999999998
20
1.4378740157480314
11
1.9556322047244095
21
1.4377482283464567
0
LINE
8
BLACK
6
CONTINUOUS
10
1.8556322047244094
20
1.5377482283464567
11
1.8569183858267717
21
1.5375789370078741
0
LINE
8
BLACK
6
CONTINUOUS
10
1.8569183858267717
20
1.5375789370078741
11
1.8572418897637795
21
1.5374280708661416
0
LINE
8
BLACK
6
CONTINUOUS
10
1.8572418897637795
20
1.5374280708661416
11
1.8580132677165353
21
1.5372746456692914
0
LINE
8
BLACK
6
CONTINUOUS
10
1.8580132677165353
20
1.5372746456692914
11
1.859034842519685
21
1.5365920078740156
0
LINE
8
BLACK
6
CONTINUOUS
10
1.859034842519685
20
1.5365920078740156
11
1.8594727559055118
21
1.5363878346456692
0
LINE
8
BLACK
6
CONTINUOUS
10
1.8594727559055118
20
1.5363878346456692
11
1.8597391732283464
21
1.5361213779527558
0
LINE
8
BLACK
6
CONTINUOUS
10
1.8597391732283464
20
1.5361213779527558
11
1.8605677559055118
21
1.5355677559055119
0
LINE
8
BLACK
6
CONTINUOUS
10
1.8605677559055118
20
1.5355677559055119
11
1.8611213779527558
21
1.5347391732283464
0
LINE
8
BLACK
6
CONTINUOUS
10
1.8611213779527558
20
1.5347391732283464
11
1.8613878346456691
21
1.5344727559055118
0
LINE
8
BLACK
6
CONTINUOUS
10
1.8613878346456691
20
1.5344727559055118
11
1.8615920078740158
21
1.534034842519685
0
LINE
8
BLACK
6
CONTINUOUS
10
1.8615920078740158
20
1.534034842519685
11
1.8622746456692914
21
1.5330132677165353
0
LINE
8
BLACK
6
CONTINUOUS
10
1.8622746456692914
20
1.5330132677165353
11
1.8624280708661416
21
1.5322418897637795
0
LINE
8
BLACK
6
CONTINUOUS
10
1.8624280708661416
20
1.5322418897637795
11
1.862578937007874
21
1.5319183858267715
0
LINE
8
BLACK
6
CONTINUOUS
10
1.862578937007874
20
1.5319183858267715
11
1.8627482677165355
21
1.5306321259842519
0
LINE
8
BLACK
6
CONTINUOUS
10
1.8627482677165355
20
1.5306321259842519
11
1.8628740157480315
21
1.53
0
LINE
8
BLACK
6
CONTINUOUS
10
1.8628740157480315
20
1.53
11
1.8628740157480315
21
1.47
0
LINE
8
BLACK
6
CONTINUOUS
10
1.8628740157480315
20
1.47
11
1.8627482677165355
21
1.4693678346456693
0
LINE
8
BLACK
6
CONTINUOUS
10
1.8627482677165355
20
1.4693678346456693
11
1.862578937007874
21
1.4680815748031495
0
LINE
8
BLACK
6
CONTINUOUS
10
1.862578937007874
20
1.4680815748031495
11
1.8624280314960628
21
1.4677579921259842
0
LINE
8
BLACK
6
CONTINUOUS
10
1.8624280314960628
20
1.4677579921259842
11
1.8622746456692914
21
1.4669867322834644
0
LINE
8
BLACK
6
CONTINUOUS
10
1.8622746456692914
20
1.4669867322834644
11
1.8615920472440945
21
1.4659651968503937
0
LINE
8
BLACK
6
CONTINUOUS
10
1.8615920472440945
20
1.4659651968503937
11
1.8613878346456691
21
1.4655272047244094
0
LINE
8
BLACK
6
CONTINUOUS
10
1.8613878346456691
20
1.4655272047244094
11
1.8611212992125983
21
1.4652606692913386
0
LINE
8
BLACK
6
CONTINUOUS
10
1.8611212992125983
20
1.4652606692913386
11
1.8605677559055118
21
1.4644322440944881
0
LINE
8
BLACK
6
CONTINUOUS
10
1.8605677559055118
20
1.4644322440944881
11
1.8597392913385826
21
1.4638786614173227
0
LINE
8
BLACK
6
CONTINUOUS
10
1.8597392913385826
20
1.4638786614173227
11
1.8594727559055118
21
1.4636121259842518
0
LINE
8
BLACK
6
CONTINUOUS
10
1.8594727559055118
20
1.4636121259842518
11
1.8590346456692912
21
1.4634078346456691
0
LINE
8
BLACK
6
CONTINUOUS
10
1.8590346456692912
20
1.4634078346456691
11
1.8580132677165353
21
1.4627253543307086
0
LINE
8
BLACK
6
CONTINUOUS
10
1.8580132677165353
20
1.4627253543307086
11
1.8572420472440945
21
1.4625719291338581
0
LINE
8
BLACK
6
CONTINUOUS
10
1.8572420472440945
20
1.4625719291338581
11
1.8569183858267717
21
1.4624210236220472
0
LINE
8
BLACK
6
CONTINUOUS
10
1.8569183858267717
20
1.4624210236220472
11
1.8556315354330708
21
1.4622515748031495
0
LINE
8
BLACK
6
CONTINUOUS
10
1.8556315354330708
20
1.4622515748031495
11
1.855
21
1.4621259842519685
0
LINE
8
BLACK
6
CONTINUOUS
10
1.855
20
1.4621259842519685
11
1.8546773622047243
21
1.4621259842519685
0
LINE
8
BLACK
6
CONTINUOUS
10
1.8546773622047243
20
1.4621259842519685
11
1.7953226771653543
21
1.4621259842519685
0
LINE
8
BLACK
6
CONTINUOUS
10
1.7953226771653543
20
1.4621259842519685
11
1.7949999999999999
21
1.4621259842519685
0
LINE
8
BLACK
6
CONTINUOUS
10
1.7949999999999999
20
1.4621259842519685
11
1.7943684251968504
21
1.4622515748031495
0
LINE
8
BLACK
6
CONTINUOUS
10
1.7943684251968504
20
1.4622515748031495
11
1.7930815748031497
21
1.4624210236220472
0
LINE
8
BLACK
6
CONTINUOUS
10
1.7930815748031497
20
1.4624210236220472
11
1.7927578346456692
21
1.4625719291338581
0
LINE
8
BLACK
6
CONTINUOUS
10
1.7927578346456692
20
1.4625719291338581
11
1.7919867322834646
21
1.4627253543307086
0
LINE
8
BLACK
6
CONTINUOUS
10
1.7919867322834646
20
1.4627253543307086
11
1.7909653937007874
21
1.4634077559055119
0
LINE
8
BLACK
6
CONTINUOUS
10
1.7909653937007874
20
1.4634077559055119
11
1.7905272047244094
21
1.4636121259842518
0
LINE
8
BLACK
6
CONTINUOUS
10
1.7905272047244094
20
1.4636121259842518
11
1.7902605511811023
21
1.4638787401574802
0
LINE
8
BLACK
6
CONTINUOUS
10
1.7902605511811023
20
1.4638787401574802
11
1.7894322440944881
21
1.4644322440944881
0
LINE
8
BLACK
6
CONTINUOUS
10
1.7894322440944881
20
1.4644322440944881
11
1.7888787401574804
21
1.4652605511811023
0
LINE
8
BLACK
6
CONTINUOUS
10
1.7888787401574804
20
1.4652605511811023
11
1.788612125984252
21
1.4655272047244094
0
LINE
8
BLACK
6
CONTINUOUS
10
1.788612125984252
20
1.4655272047244094
11
1.7884077559055118
21
1.4659653937007873
0
LINE
8
BLACK
6
CONTINUOUS
10
1.7884077559055118
20
1.4659653937007873
11
1.7877253543307086
21
1.4669867322834644
0
LINE
8
BLACK
6
CONTINUOUS
10
1.7877253543307086
20
1.4669867322834644
11
1.7875719291338583
21
1.4677578346456692
0
LINE
8
BLACK
6
CONTINUOUS
10
1.7875719291338583
20
1.4677578346456692
11
1.7874210236220471
21
1.4680815748031495
0
LINE
8
BLACK
6
CONTINUOUS
10
1.7874210236220471
20
1.4680815748031495
11
1.7872515748031497
21
1.4693685039370079
0
LINE
8
BLACK
6
CONTINUOUS
10
1.7872515748031497
20
1.4693685039370079
11
1.7871259842519684
21
1.47
0
LINE
8
BLACK
6
CONTINUOUS
10
1.7871259842519684
20
1.47
11
1.7871259842519684
21
1.53
0
LINE
8
BLACK
6
CONTINUOUS
10
1.7871259842519684
20
1.53
11
1.7872516141732282
21
1.5306316141732283
0
LINE
8
BLACK
6
CONTINUOUS
10
1.7872516141732282
20
1.5306316141732283
11
1.7874210236220471
21
1.5319183858267715
0
LINE
8
BLACK
6
CONTINUOUS
10
1.7874210236220471
20
1.5319183858267715
11
1.7875719291338583
21
1.5322420472440945
0
LINE
8
BLACK
6
CONTINUOUS
10
1.7875719291338583
20
1.5322420472440945
11
1.7877253543307086
21
1.5330132677165353
0
LINE
8
BLACK
6
CONTINUOUS
10
1.7877253543307086
20
1.5330132677165353
11
1.7884078346456693
21
1.5340346456692913
0
LINE
8
BLACK
6
CONTINUOUS
10
1.7884078346456693
20
1.5340346456692913
11
1.788612125984252
21
1.5344727559055118
0
LINE
8
BLACK
6
CONTINUOUS
10
1.788612125984252
20
1.5344727559055118
11
1.7888786614173229
21
1.5347392913385827
0
LINE
8
BLACK
6
CONTINUOUS
10
1.7888786614173229
20
1.5347392913385827
11
1.7894322440944881
21
1.5355677559055119
0
LINE
8
BLACK
6
CONTINUOUS
10
1.7894322440944881
20
1.5355677559055119
11
1.7902606692913385
21
1.5361212992125983
0
LINE
8
BLACK
6
CONTINUOUS
10
1.7902606692913385
20
1.5361212992125983
11
1.7905272047244094
21
1.5363878346456692
0
LINE
8
BLACK
6
CONTINUOUS
10
1.7905272047244094
20
1.5363878346456692
11
1.7909651968503937
21
1.5365920472440944
0
LINE
8
BLACK
6
CONTINUOUS
10
1.7909651968503937
20
1.5365920472440944
11
1.7919867322834646
21
1.5372746456692914
0
LINE
8
BLACK
6
CONTINUOUS
10
1.7919867322834646
20
1.5372746456692914
11
1.7927579921259842
21
1.5374280314960629
0
LINE
8
BLACK
6
CONTINUOUS
10
1.7927579921259842
20
1.5374280314960629
11
1.7930815748031497
21
1.5375789370078741
0
LINE
8
BLACK
6
CONTINUOUS
10
1.7930815748031497
20
1.5375789370078741
11
1.7943679133858268
21
1.5377482677165355
0
LINE
8
BLACK
6
CONTINUOUS
10
1.7943679133858268
20
1.5377482677165355
11
1.7949999999999999
21
1.5378740157480315
0
LINE
8
BLACK
6
CONTINUOUS
10
1.7949999999999999
20
1.5378740157480315
11
1.855
21
1.5378740157480315
0
LINE
8
BLACK
6
CONTINUOUS
10
1.855
20
1.5378740157480315
11
1.8556322047244094
21
1.5377482283464567
0
LINE
8
BLACK
6
CONTINUOUS
10
1.9556322047244095
20
1.5377482283464567
11
1.9569183858267716
21
1.5375789370078741
0
LINE
8
BLACK
6
CONTINUOUS
10
1.9569183858267716
20
1.5375789370078741
11
1.9572418897637796
21
1.5374280708661416
0
LINE
8
BLACK
6
CONTINUOUS
10
1.9572418897637796
20
1.5374280708661416
11
1.9580132677165354
21
1.5372746456692914
0
LINE
8
BLACK
6
CONTINUOUS
10
1.9580132677165354
20
1.5372746456692914
11
1.9590348425196851
21
1.5365920078740156
0
LINE
8
BLACK
6
CONTINUOUS
10
1.9590348425196851
20
1.5365920078740156
11
1.9594727559055118
21
1.5363878346456692
0
LINE
8
BLACK
6
CONTINUOUS
10
1.9594727559055118
20
1.5363878346456692
11
1.9597391732283465
21
1.5361213779527558
0
LINE
8
BLACK
6
CONTINUOUS
10
1.9597391732283465
20
1.5361213779527558
11
1.9605677559055117
21
1.5355677559055119
0
LINE
8
BLACK
6
CONTINUOUS
10
1.9605677559055117
20
1.5355677559055119
11
1.9611213779527559
21
1.5347391732283464
0
LINE
8
BLACK
6
CONTINUOUS
10
1.9611213779527559
20
1.5347391732283464
11
1.9613878346456692
21
1.5344727559055118
0
LINE
8
BLACK
6
CONTINUOUS
10
1.9613878346456692
20
1.5344727559055118
11
1.9615920078740157
21
1.534034842519685
0
LINE
8
BLACK
6
CONTINUOUS
10
1.9615920078740157
20
1.534034842519685
11
1.9622746456692912
21
1.5330132677165353
0
LINE
8
BLACK
6
CONTINUOUS
10
1.9622746456692912
20
1.5330132677165353
11
1.9624280708661417
21
1.5322418897637795
0
LINE
8
BLACK
6
CONTINUOUS
10
1.9624280708661417
20
1.5322418897637795
11
1.9625789370078739
21
1.5319183858267715
0
LINE
8
BLACK
6
CONTINUOUS
10
1.9625789370078739
20
1.5319183858267715
11
1.9627482677165353
21
1.5306321259842519
0
LINE
8
BLACK
6
CONTINUOUS
10
1.9627482677165353
20
1.5306321259842519
11
1.9628740157480316
21
1.53
0
LINE
8
BLACK
6
CONTINUOUS
10
1.9628740157480316
20
1.53
11
1.9628740157480316
21
1.47
0
LINE
8
BLACK
6
CONTINUOUS
10
1.9628740157480316
20
1.47
11
1.9627482677165353
21
1.4693678346456693
0
LINE
8
BLACK
6
CONTINUOUS
10
1.9627482677165353
20
1.4693678346456693
11
1.9625789370078739
21
1.4680815748031495
0
LINE
8
BLACK
6
CONTINUOUS
10
1.9625789370078739
20
1.4680815748031495
11
1.9624280314960629
21
1.4677579921259842
0
LINE
8
BLACK
6
CONTINUOUS
10
1.9624280314960629
20
1.4677579921259842
11
1.9622746456692912
21
1.4669867322834644
0
LINE
8
BLACK
6
CONTINUOUS
10
1.9622746456692912
20
1.4669867322834644
11
1.9615920472440944
21
1.4659651968503937
0
LINE
8
BLACK
6
CONTINUOUS
10
1.9615920472440944
20
1.4659651968503937
11
1.9613878346456692
21
1.4655272047244094
0
LINE
8
BLACK
6
CONTINUOUS
10
1.9613878346456692
20
1.4655272047244094
11
1.9611212992125984
21
1.4652606692913386
0
LINE
8
BLACK
6
CONTINUOUS
10
1.9611212992125984
20
1.4652606692913386
11
1.9605677559055117
21
1.4644322440944881
0
LINE
8
BLACK
6
CONTINUOUS
10
1.9605677559055117
20
1.4644322440944881
11
1.9597392913385827
21
1.4638786614173227
0
LINE
8
BLACK
6
CONTINUOUS
10
1.9597392913385827
20
1.4638786614173227
11
1.9594727559055118
21
1.4636121259842518
0
LINE
8
BLACK
6
CONTINUOUS
10
1.9594727559055118
20
1.4636121259842518
11
1.9590346456692913
21
1.4634078346456691
0
LINE
8
BLACK
6
CONTINUOUS
10
1.9590346456692913
20
1.4634078346456691
11
1.9580132677165354
21
1.4627253543307086
0
LINE
8
BLACK
6
CONTINUOUS
10
1.9580132677165354
20
1.4627253543307086
11
1.9572420472440943
21
1.4625719291338581
0
LINE
8
BLACK
6
CONTINUOUS
10
1.9572420472440943
20
1.4625719291338581
11
1.9569183858267716
21
1.4624210236220472
0
LINE
8
BLACK
6
CONTINUOUS
10
1.9569183858267716
20
1.4624210236220472
11
1.9556315354330709
21
1.4622515748031495
0
LINE
8
BLACK
6
CONTINUOUS
10
1.9556315354330709
20
1.4622515748031495
11
1.9549999999999998
21
1.4621259842519685
0
LINE
8
BLACK
6
CONTINUOUS
10
1.9549999999999998
20
1.4621259842519685
11
1.9546773622047244
21
1.4621259842519685
0
LINE
8
BLACK
6
CONTINUOUS
10
1.9546773622047244
20
1.4621259842519685
11
1.8953226771653542
21
1.4621259842519685
0
LINE
8
BLACK
6
CONTINUOUS
10
1.8953226771653542
20
1.4621259842519685
11
1.895
21
1.4621259842519685
0
LINE
8
BLACK
6
CONTINUOUS
10
1.895
20
1.4621259842519685
11
1.8943684251968504
21
1.4622515748031495
0
LINE
8
BLACK
6
CONTINUOUS
10
1.8943684251968504
20
1.4622515748031495
11
1.8930815748031495
21
1.4624210236220472
0
LINE
8
BLACK
6
CONTINUOUS
10
1.8930815748031495
20
1.4624210236220472
11
1.8927578346456693
21
1.4625719291338581
0
LINE
8
BLACK
6
CONTINUOUS
10
1.8927578346456693
20
1.4625719291338581
11
1.8919867322834645
21
1.4627253543307086
0
LINE
8
BLACK
6
CONTINUOUS
10
1.8919867322834645
20
1.4627253543307086
11
1.8909653937007873
21
1.4634077559055119
0
LINE
8
BLACK
6
CONTINUOUS
10
1.8909653937007873
20
1.4634077559055119
11
1.8905272047244095
21
1.4636121259842518
0
LINE
8
BLACK
6
CONTINUOUS
10
1.8905272047244095
20
1.4636121259842518
11
1.8902605511811024
21
1.4638787401574802
0
LINE
8
BLACK
6
CONTINUOUS
10
1.8902605511811024
20
1.4638787401574802
11
1.8894322440944882
21
1.4644322440944881
0
LINE
8
BLACK
6
CONTINUOUS
10
1.8894322440944882
20
1.4644322440944881
11
1.8888787401574803
21
1.4652605511811023
0
LINE
8
BLACK
6
CONTINUOUS
10
1.8888787401574803
20
1.4652605511811023
11
1.8886121259842519
21
1.4655272047244094
0
LINE
8
BLACK
6
CONTINUOUS
10
1.8886121259842519
20
1.4655272047244094
11
1.8884077559055117
21
1.4659653937007873
0
LINE
8
BLACK
6
CONTINUOUS
10
1.8884077559055117
20
1.4659653937007873
11
1.8877253543307086
21
1.4669867322834644
0
LINE
8
BLACK
6
CONTINUOUS
10
1.8877253543307086
20
1.4669867322834644
11
1.8875719291338582
21
1.4677578346456692
0
LINE
8
BLACK
6
CONTINUOUS
10
1.8875719291338582
20
1.4677578346456692
11
1.8874210236220472
21
1.4680815748031495
0
LINE
8
BLACK
6
CONTINUOUS
10
1.8874210236220472
20
1.4680815748031495
11
1.8872515748031495
21
1.4693685039370079
0
LINE
8
BLACK
6
CONTINUOUS
10
1.8872515748031495
20
1.4693685039370079
11
1.8871259842519685
21
1.47
0
LINE
8
BLACK
6
CONTINUOUS
10
1.8871259842519685
20
1.47
11
1.8871259842519685
21
1.53
0
LINE
8
BLACK
6
CONTINUOUS
10
1.8871259842519685
20
1.53
11
1.8872516141732283
21
1.5306316141732283
0
LINE
8
BLACK
6
CONTINUOUS
10
1.8872516141732283
20
1.5306316141732283
11
1.8874210236220472
21
1.5319183858267715
0
LINE
8
BLACK
6
CONTINUOUS
10
1.8874210236220472
20
1.5319183858267715
11
1.8875719291338582
21
1.5322420472440945
0
LINE
8
BLACK
6
CONTINUOUS
10
1.8875719291338582
20
1.5322420472440945
11
1.8877253543307086
21
1.5330132677165353
0
LINE
8
BLACK
6
CONTINUOUS
10
1.8877253543307086
20
1.5330132677165353
11
1.8884078346456692
21
1.5340346456692913
0
LINE
8
BLACK
6
CONTINUOUS
10
1.8884078346456692
20
1.5340346456692913
11
1.8886121259842519
21
1.5344727559055118
0
LINE
8
BLACK
6
CONTINUOUS
10
1.8886121259842519
20
1.5344727559055118
11
1.8888786614173227
21
1.5347392913385827
0
LINE
8
BLACK
6
CONTINUOUS
10
1.8888786614173227
20
1.5347392913385827
11
1.8894322440944882
21
1.5355677559055119
0
LINE
8
BLACK
6
CONTINUOUS
10
1.8894322440944882
20
1.5355677559055119
11
1.8902606692913386
21
1.5361212992125983
0
LINE
8
BLACK
6
CONTINUOUS
10
1.8902606692913386
20
1.5361212992125983
11
1.8905272047244095
21
1.5363878346456692
0
LINE
8
BLACK
6
CONTINUOUS
10
1.8905272047244095
20
1.5363878346456692
11
1.8909651968503935
21
1.5365920472440944
0
LINE
8
BLACK
6
CONTINUOUS
10
1.8909651968503935
20
1.5365920472440944
11
1.8919867322834645
21
1.5372746456692914
0
LINE
8
BLACK
6
CONTINUOUS
10
1.8919867322834645
20
1.5372746456692914
11
1.8927579921259843
21
1.5374280314960629
0
LINE
8
BLACK
6
CONTINUOUS
10
1.8927579921259843
20
1.5374280314960629
11
1.8930815748031495
21
1.5375789370078741
0
LINE
8
BLACK
6
CONTINUOUS
10
1.8930815748031495
20
1.5375789370078741
11
1.8943679133858267
21
1.5377482677165355
0
LINE
8
BLACK
6
CONTINUOUS
10
1.8943679133858267
20
1.5377482677165355
11
1.895
21
1.5378740157480315
0
LINE
8
BLACK
6
CONTINUOUS
10
1.895
20
1.5378740157480315
11
1.9549999999999998
21
1.5378740157480315
0
LINE
8
BLACK
6
CONTINUOUS
10
1.9549999999999998
20
1.5378740157480315
11
1.9556322047244095
21
1.5377482283464567
  0
ENDSEC
  0
EOF
