  0
SECTION
  2
HEADER
  9
$ANGBASE
  50
0.0
  9
$ANGDIR
  70
1
  9
$MEASUREMENT
  70
0
  0
ENDSEC
  0
SECTION
  2
TABLES
  0
TABLE
  2
LTYPE
  70
4
  0
LTYPE
  5
40F
  2
CONTINUOUS
  70
0
  3
Solid line
  72
65
  73
0
  40
0.0
  0
LTYPE
  5
410
  2
DASHDOT
 70
0
  3
Dash Dot ____ _ ____ _
 72
65
 73
4
 40
2.0
 49
1.25
 49
-0.25
 49
0.25
 49
-0.25
  0
LTYPE
  5
411
  2
DASHED
 70
0
  3
Dashed __ __ __ __ __
 72
65
 73
2
 40
0.75
 49
0.5
 49
-0.25
  0
LTYPE
  5
43B
  2
DOTTED
 70
0
  3
Dotted .  .  .  .
 72
65
 73
2
 40
0.2
 49
0.0
 49
-0.2
  0
ENDTAB
  0
TABLE
  2
STYLE
  70
4
  0
STYLE
  2
KICAD
  70
0
  40
0
  41
1
  42
1
  50
0
  71
0
  3
isocp.shx
  0
STYLE
  2
KICADB
  70
0
  40
0
  41
1
  42
1
  50
0
  71
0
  3
isocp.shx
  0
STYLE
  2
KICADI
  70
0
  40
0
  41
1
  42
1
  50
15
  71
0
  3
isocp.shx
  0
STYLE
  2
KICADBI
  70
0
  40
0
  41
1
  42
1
  50
15
  71
0
  3
isocp.shx
  0
ENDTAB
  0
TABLE
  2
LAYER
  70
1
  0
LAYER
  2
BLACK
  70
0
  62
7
  6
CONTINUOUS
  0
ENDTAB
  0
ENDSEC
  0
SECTION
  2
ENTITIES
0
LINE
8
BLACK
6
CONTINUOUS
10
1.855
20
0.07
11
1.7949999999999999
21
0.07
0
LINE
8
BLACK
6
CONTINUOUS
10
1.7949999999999999
20
0.07
11
1.7949999999999999
21
0.13
0
LINE
8
BLACK
6
CONTINUOUS
10
1.7949999999999999
20
0.13
11
1.855
21
0.13
0
LINE
8
BLACK
6
CONTINUOUS
10
1.855
20
0.13
11
1.855
21
0.07
0
LINE
8
BLACK
6
CONTINUOUS
10
1.9549999999999998
20
0.07
11
1.895
21
0.07
0
LINE
8
BLACK
6
CONTINUOUS
10
1.895
20
0.07
11
1.895
21
0.13
0
LINE
8
BLACK
6
CONTINUOUS
10
1.895
20
0.13
11
1.9549999999999998
21
0.13
0
LINE
8
BLACK
6
CONTINUOUS
10
1.9549999999999998
20
0.13
11
1.9549999999999998
21
0.07
0
LINE
8
BLACK
6
CONTINUOUS
10
1.855
20
0.17
11
1.7949999999999999
21
0.17
0
LINE
8
BLACK
6
CONTINUOUS
10
1.7949999999999999
20
0.17
11
1.7949999999999999
21
0.23
0
LINE
8
BLACK
6
CONTINUOUS
10
1.7949999999999999
20
0.23
11
1.855
21
0.23
0
LINE
8
BLACK
6
CONTINUOUS
10
1.855
20
0.23
11
1.855
21
0.17
0
LINE
8
BLACK
6
CONTINUOUS
10
2.1813076771653543
20
0.7026357480314961
11
2.1872990551181104
21
0.7005392913385826
0
LINE
8
BLACK
6
CONTINUOUS
10
2.1872990551181104
20
0.7005392913385826
11
2.1926737401574803
21
0.6971621653543307
0
LINE
8
BLACK
6
CONTINUOUS
10
2.1926737401574803
20
0.6971621653543307
11
2.1971621653543307
21
0.6926737401574803
0
LINE
8
BLACK
6
CONTINUOUS
10
2.1971621653543307
20
0.6926737401574803
11
2.2005392913385826
21
0.6872990551181102
0
LINE
8
BLACK
6
CONTINUOUS
10
2.2005392913385826
20
0.6872990551181102
11
2.2026357480314962
21
0.6813076771653543
0
LINE
8
BLACK
6
CONTINUOUS
10
2.2026357480314962
20
0.6813076771653543
11
2.2033464566929135
21
0.6749999999999999
0
LINE
8
BLACK
6
CONTINUOUS
10
2.2033464566929135
20
0.6749999999999999
11
2.2026357480314962
21
0.6686923228346456
0
LINE
8
BLACK
6
CONTINUOUS
10
2.2026357480314962
20
0.6686923228346456
11
2.2005392913385826
21
0.6627009448818898
0
LINE
8
BLACK
6
CONTINUOUS
10
2.2005392913385826
20
0.6627009448818898
11
2.1971621653543307
21
0.6573262598425197
0
LINE
8
BLACK
6
CONTINUOUS
10
2.1971621653543307
20
0.6573262598425197
11
2.1926737401574803
21
0.6528378346456692
0
LINE
8
BLACK
6
CONTINUOUS
10
2.1926737401574803
20
0.6528378346456692
11
2.1872990551181104
21
0.6494607086614174
0
LINE
8
BLACK
6
CONTINUOUS
10
2.1872990551181104
20
0.6494607086614174
11
2.1813076771653543
21
0.6473642519685039
0
LINE
8
BLACK
6
CONTINUOUS
10
2.1813076771653543
20
0.6473642519685039
11
2.1749999999999998
21
0.6466535433070866
0
LINE
8
BLACK
6
CONTINUOUS
10
2.1749999999999998
20
0.6466535433070866
11
2.1745437401574801
21
0.6467049212598425
0
LINE
8
BLACK
6
CONTINUOUS
10
2.1745437401574801
20
0.6467049212598425
11
1.9446850393700787
21
0.4168462204724409
0
LINE
8
BLACK
6
CONTINUOUS
10
1.9446850393700787
20
0.4168462204724409
11
1.9446850393700787
21
0.23
0
LINE
8
BLACK
6
CONTINUOUS
10
1.9446850393700787
20
0.23
11
1.9549999999999998
21
0.23
0
LINE
8
BLACK
6
CONTINUOUS
10
1.9549999999999998
20
0.23
11
1.9549999999999998
21
0.17
0
LINE
8
BLACK
6
CONTINUOUS
10
1.9549999999999998
20
0.17
11
1.895
21
0.17
0
LINE
8
BLACK
6
CONTINUOUS
10
1.895
20
0.17
11
1.895
21
0.23
0
LINE
8
BLACK
6
CONTINUOUS
10
1.895
20
0.23
11
1.9053149606299211
21
0.23
0
LINE
8
BLACK
6
CONTINUOUS
10
1.9053149606299211
20
0.23
11
1.9053149606299211
21
0.425
0
LINE
8
BLACK
6
CONTINUOUS
10
1.9053149606299211
20
0.425
11
1.9056146062992125
21
0.4270841732283465
0
LINE
8
BLACK
6
CONTINUOUS
10
1.9056146062992125
20
0.4270841732283465
11
1.9057648425196849
21
0.4291843700787402
0
LINE
8
BLACK
6
CONTINUOUS
10
1.9057648425196849
20
0.4291843700787402
11
1.9060117716535432
21
0.4298464566929134
0
LINE
8
BLACK
6
CONTINUOUS
10
1.9060117716535432
20
0.4298464566929134
11
1.9061123622047245
21
0.430545905511811
0
LINE
8
BLACK
6
CONTINUOUS
10
1.9061123622047245
20
0.430545905511811
11
1.9069870472440944
21
0.4324612598425197
0
LINE
8
BLACK
6
CONTINUOUS
10
1.9069870472440944
20
0.4324612598425197
11
1.9077228740157479
21
0.4344340157480315
0
LINE
8
BLACK
6
CONTINUOUS
10
1.9077228740157479
20
0.4344340157480315
11
1.9081462598425196
21
0.4349996062992126
0
LINE
8
BLACK
6
CONTINUOUS
10
1.9081462598425196
20
0.4349996062992126
11
1.9084398818897637
21
0.4356425196850394
0
LINE
8
BLACK
6
CONTINUOUS
10
1.9084398818897637
20
0.4356425196850394
11
1.9098188976377952
21
0.4372340157480315
0
LINE
8
BLACK
6
CONTINUOUS
10
1.9098188976377952
20
0.4372340157480315
11
1.911080590551181
21
0.4389194094488189
0
LINE
8
BLACK
6
CONTINUOUS
10
1.911080590551181
20
0.4389194094488189
11
2.1467049212598424
21
0.6745437401574803
0
LINE
8
BLACK
6
CONTINUOUS
10
2.1467049212598424
20
0.6745437401574803
11
2.1466535433070866
21
0.6749999999999999
0
LINE
8
BLACK
6
CONTINUOUS
10
2.1466535433070866
20
0.6749999999999999
11
2.1473642519685039
21
0.6813076771653543
0
LINE
8
BLACK
6
CONTINUOUS
10
2.1473642519685039
20
0.6813076771653543
11
2.1494607086614175
21
0.6872990551181102
0
LINE
8
BLACK
6
CONTINUOUS
10
2.1494607086614175
20
0.6872990551181102
11
2.1528378346456694
21
0.6926737401574803
0
LINE
8
BLACK
6
CONTINUOUS
10
2.1528378346456694
20
0.6926737401574803
11
2.1573262598425198
21
0.6971621653543307
0
LINE
8
BLACK
6
CONTINUOUS
10
2.1573262598425198
20
0.6971621653543307
11
2.1627009448818897
21
0.7005392913385826
0
LINE
8
BLACK
6
CONTINUOUS
10
2.1627009448818897
20
0.7005392913385826
11
2.1686923228346457
21
0.7026357480314961
0
LINE
8
BLACK
6
CONTINUOUS
10
2.1686923228346457
20
0.7026357480314961
11
2.1749999999999998
21
0.7033464566929134
0
LINE
8
BLACK
6
CONTINUOUS
10
2.1749999999999998
20
0.7033464566929134
11
2.1813076771653543
21
0.7026357480314961
0
LINE
8
BLACK
6
CONTINUOUS
10
2.0813076771653543
20
0.4776357480314961
11
2.0872990551181103
21
0.4755392913385827
0
LINE
8
BLACK
6
CONTINUOUS
10
2.0872990551181103
20
0.4755392913385827
11
2.0926737401574802
21
0.4721621653543307
0
LINE
8
BLACK
6
CONTINUOUS
10
2.0926737401574802
20
0.4721621653543307
11
2.0971621653543306
21
0.4676737401574803
0
LINE
8
BLACK
6
CONTINUOUS
10
2.0971621653543306
20
0.4676737401574803
11
2.1005392913385825
21
0.4622990551181102
0
LINE
8
BLACK
6
CONTINUOUS
10
2.1005392913385825
20
0.4622990551181102
11
2.1026357480314961
21
0.4563076771653543
0
LINE
8
BLACK
6
CONTINUOUS
10
2.1026357480314961
20
0.4563076771653543
11
2.1033464566929134
21
0.45
0
LINE
8
BLACK
6
CONTINUOUS
10
2.1033464566929134
20
0.45
11
2.1026357480314961
21
0.4436923228346457
0
LINE
8
BLACK
6
CONTINUOUS
10
2.1026357480314961
20
0.4436923228346457
11
2.1005392913385825
21
0.4377009448818898
0
LINE
8
BLACK
6
CONTINUOUS
10
2.1005392913385825
20
0.4377009448818898
11
2.0971621653543306
21
0.4323262598425197
0
LINE
8
BLACK
6
CONTINUOUS
10
2.0971621653543306
20
0.4323262598425197
11
2.0926737401574802
21
0.4278378346456693
0
LINE
8
BLACK
6
CONTINUOUS
10
2.0926737401574802
20
0.4278378346456693
11
2.0872990551181103
21
0.4244607086614173
0
LINE
8
BLACK
6
CONTINUOUS
10
2.0872990551181103
20
0.4244607086614173
11
2.0813076771653543
21
0.4223642519685039
0
LINE
8
BLACK
6
CONTINUOUS
10
2.0813076771653543
20
0.4223642519685039
11
2.0749999999999997
21
0.4216535433070866
0
LINE
8
BLACK
6
CONTINUOUS
10
2.0749999999999997
20
0.4216535433070866
11
2.0686923228346457
21
0.4223642519685039
0
LINE
8
BLACK
6
CONTINUOUS
10
2.0686923228346457
20
0.4223642519685039
11
2.0627009448818896
21
0.4244607086614173
0
LINE
8
BLACK
6
CONTINUOUS
10
2.0627009448818896
20
0.4244607086614173
11
2.0573262598425197
21
0.4278378346456693
0
LINE
8
BLACK
6
CONTINUOUS
10
2.0573262598425197
20
0.4278378346456693
11
2.0528378346456693
21
0.4323262598425197
0
LINE
8
BLACK
6
CONTINUOUS
10
2.0528378346456693
20
0.4323262598425197
11
2.0494607086614174
21
0.4377009448818898
0
LINE
8
BLACK
6
CONTINUOUS
10
2.0494607086614174
20
0.4377009448818898
11
2.0473642519685038
21
0.4436923228346457
0
LINE
8
BLACK
6
CONTINUOUS
10
2.0473642519685038
20
0.4436923228346457
11
2.0466535433070865
21
0.45
0
LINE
8
BLACK
6
CONTINUOUS
10
2.0466535433070865
20
0.45
11
2.0473642519685038
21
0.4563076771653543
0
LINE
8
BLACK
6
CONTINUOUS
10
2.0473642519685038
20
0.4563076771653543
11
2.0494607086614174
21
0.4622990551181102
0
LINE
8
BLACK
6
CONTINUOUS
10
2.0494607086614174
20
0.4622990551181102
11
2.0528378346456693
21
0.4676737401574803
0
LINE
8
BLACK
6
CONTINUOUS
10
2.0528378346456693
20
0.4676737401574803
11
2.0573262598425197
21
0.4721621653543307
0
LINE
8
BLACK
6
CONTINUOUS
10
2.0573262598425197
20
0.4721621653543307
11
2.0627009448818896
21
0.4755392913385827
0
LINE
8
BLACK
6
CONTINUOUS
10
2.0627009448818896
20
0.4755392913385827
11
2.0686923228346457
21
0.4776357480314961
0
LINE
8
BLACK
6
CONTINUOUS
10
2.0686923228346457
20
0.4776357480314961
11
2.0749999999999997
21
0.4783464566929134
0
LINE
8
BLACK
6
CONTINUOUS
10
2.0749999999999997
20
0.4783464566929134
11
2.0813076771653543
21
0.4776357480314961
0
LINE
8
BLACK
6
CONTINUOUS
10
2.1813076771653543
20
0.4776357480314961
11
2.1872990551181104
21
0.4755392913385827
0
LINE
8
BLACK
6
CONTINUOUS
10
2.1872990551181104
20
0.4755392913385827
11
2.1926737401574803
21
0.4721621653543307
0
LINE
8
BLACK
6
CONTINUOUS
10
2.1926737401574803
20
0.4721621653543307
11
2.1971621653543307
21
0.4676737401574803
0
LINE
8
BLACK
6
CONTINUOUS
10
2.1971621653543307
20
0.4676737401574803
11
2.2005392913385826
21
0.4622990551181102
0
LINE
8
BLACK
6
CONTINUOUS
10
2.2005392913385826
20
0.4622990551181102
11
2.2026357480314962
21
0.4563076771653543
0
LINE
8
BLACK
6
CONTINUOUS
10
2.2026357480314962
20
0.4563076771653543
11
2.2033464566929135
21
0.45
0
LINE
8
BLACK
6
CONTINUOUS
10
2.2033464566929135
20
0.45
11
2.2026357480314962
21
0.4436923228346457
0
LINE
8
BLACK
6
CONTINUOUS
10
2.2026357480314962
20
0.4436923228346457
11
2.2005392913385826
21
0.4377009448818898
0
LINE
8
BLACK
6
CONTINUOUS
10
2.2005392913385826
20
0.4377009448818898
11
2.1971621653543307
21
0.4323262598425197
0
LINE
8
BLACK
6
CONTINUOUS
10
2.1971621653543307
20
0.4323262598425197
11
2.1926737401574803
21
0.4278378346456693
0
LINE
8
BLACK
6
CONTINUOUS
10
2.1926737401574803
20
0.4278378346456693
11
2.1872990551181104
21
0.4244607086614173
0
LINE
8
BLACK
6
CONTINUOUS
10
2.1872990551181104
20
0.4244607086614173
11
2.1813076771653543
21
0.4223642519685039
0
LINE
8
BLACK
6
CONTINUOUS
10
2.1813076771653543
20
0.4223642519685039
11
2.1749999999999998
21
0.4216535433070866
0
LINE
8
BLACK
6
CONTINUOUS
10
2.1749999999999998
20
0.4216535433070866
11
2.1686923228346457
21
0.4223642519685039
0
LINE
8
BLACK
6
CONTINUOUS
10
2.1686923228346457
20
0.4223642519685039
11
2.1627009448818897
21
0.4244607086614173
0
LINE
8
BLACK
6
CONTINUOUS
10
2.1627009448818897
20
0.4244607086614173
11
2.1573262598425198
21
0.4278378346456693
0
LINE
8
BLACK
6
CONTINUOUS
10
2.1573262598425198
20
0.4278378346456693
11
2.1528378346456694
21
0.4323262598425197
0
LINE
8
BLACK
6
CONTINUOUS
10
2.1528378346456694
20
0.4323262598425197
11
2.1494607086614175
21
0.4377009448818898
0
LINE
8
BLACK
6
CONTINUOUS
10
2.1494607086614175
20
0.4377009448818898
11
2.1473642519685039
21
0.4436923228346457
0
LINE
8
BLACK
6
CONTINUOUS
10
2.1473642519685039
20
0.4436923228346457
11
2.1466535433070866
21
0.45
0
LINE
8
BLACK
6
CONTINUOUS
10
2.1466535433070866
20
0.45
11
2.1473642519685039
21
0.4563076771653543
0
LINE
8
BLACK
6
CONTINUOUS
10
2.1473642519685039
20
0.4563076771653543
11
2.1494607086614175
21
0.4622990551181102
0
LINE
8
BLACK
6
CONTINUOUS
10
2.1494607086614175
20
0.4622990551181102
11
2.1528378346456694
21
0.4676737401574803
0
LINE
8
BLACK
6
CONTINUOUS
10
2.1528378346456694
20
0.4676737401574803
11
2.1573262598425198
21
0.4721621653543307
0
LINE
8
BLACK
6
CONTINUOUS
10
2.1573262598425198
20
0.4721621653543307
11
2.1627009448818897
21
0.4755392913385827
0
LINE
8
BLACK
6
CONTINUOUS
10
2.1627009448818897
20
0.4755392913385827
11
2.1686923228346457
21
0.4776357480314961
0
LINE
8
BLACK
6
CONTINUOUS
10
2.1686923228346457
20
0.4776357480314961
11
2.1749999999999998
21
0.4783464566929134
0
LINE
8
BLACK
6
CONTINUOUS
10
2.1749999999999998
20
0.4783464566929134
11
2.1813076771653543
21
0.4776357480314961
0
LINE
8
BLACK
6
CONTINUOUS
10
2.2813076771653544
20
0.4776357480314961
11
2.28729905511811
21
0.4755392913385827
0
LINE
8
BLACK
6
CONTINUOUS
10
2.28729905511811
20
0.4755392913385827
11
2.2926737401574804
21
0.4721621653543307
0
LINE
8
BLACK
6
CONTINUOUS
10
2.2926737401574804
20
0.4721621653543307
11
2.2971621653543308
21
0.4676737401574803
0
LINE
8
BLACK
6
CONTINUOUS
10
2.2971621653543308
20
0.4676737401574803
11
2.3005392913385827
21
0.4622990551181102
0
LINE
8
BLACK
6
CONTINUOUS
10
2.3005392913385827
20
0.4622990551181102
11
2.3026357480314958
21
0.4563076771653543
0
LINE
8
BLACK
6
CONTINUOUS
10
2.3026357480314958
20
0.4563076771653543
11
2.3033464566929132
21
0.45
0
LINE
8
BLACK
6
CONTINUOUS
10
2.3033464566929132
20
0.45
11
2.3026357480314958
21
0.4436923228346457
0
LINE
8
BLACK
6
CONTINUOUS
10
2.3026357480314958
20
0.4436923228346457
11
2.3005392913385827
21
0.4377009448818898
0
LINE
8
BLACK
6
CONTINUOUS
10
2.3005392913385827
20
0.4377009448818898
11
2.2971621653543308
21
0.4323262598425197
0
LINE
8
BLACK
6
CONTINUOUS
10
2.2971621653543308
20
0.4323262598425197
11
2.2926737401574804
21
0.4278378346456693
0
LINE
8
BLACK
6
CONTINUOUS
10
2.2926737401574804
20
0.4278378346456693
11
2.28729905511811
21
0.4244607086614173
0
LINE
8
BLACK
6
CONTINUOUS
10
2.28729905511811
20
0.4244607086614173
11
2.2813076771653544
21
0.4223642519685039
0
LINE
8
BLACK
6
CONTINUOUS
10
2.2813076771653544
20
0.4223642519685039
11
2.2749999999999999
21
0.4216535433070866
0
LINE
8
BLACK
6
CONTINUOUS
10
2.2749999999999999
20
0.4216535433070866
11
2.2686923228346458
21
0.4223642519685039
0
LINE
8
BLACK
6
CONTINUOUS
10
2.2686923228346458
20
0.4223642519685039
11
2.2627009448818898
21
0.4244607086614173
0
LINE
8
BLACK
6
CONTINUOUS
10
2.2627009448818898
20
0.4244607086614173
11
2.2573262598425194
21
0.4278378346456693
0
LINE
8
BLACK
6
CONTINUOUS
10
2.2573262598425194
20
0.4278378346456693
11
2.2528378346456694
21
0.4323262598425197
0
LINE
8
BLACK
6
CONTINUOUS
10
2.2528378346456694
20
0.4323262598425197
11
2.2494607086614171
21
0.4377009448818898
0
LINE
8
BLACK
6
CONTINUOUS
10
2.2494607086614171
20
0.4377009448818898
11
2.247364251968504
21
0.4436923228346457
0
LINE
8
BLACK
6
CONTINUOUS
10
2.247364251968504
20
0.4436923228346457
11
2.2466535433070867
21
0.45
0
LINE
8
BLACK
6
CONTINUOUS
10
2.2466535433070867
20
0.45
11
2.247364251968504
21
0.4563076771653543
0
LINE
8
BLACK
6
CONTINUOUS
10
2.247364251968504
20
0.4563076771653543
11
2.2494607086614171
21
0.4622990551181102
0
LINE
8
BLACK
6
CONTINUOUS
10
2.2494607086614171
20
0.4622990551181102
11
2.2528378346456694
21
0.4676737401574803
0
LINE
8
BLACK
6
CONTINUOUS
10
2.2528378346456694
20
0.4676737401574803
11
2.2573262598425194
21
0.4721621653543307
0
LINE
8
BLACK
6
CONTINUOUS
10
2.2573262598425194
20
0.4721621653543307
11
2.2627009448818898
21
0.4755392913385827
0
LINE
8
BLACK
6
CONTINUOUS
10
2.2627009448818898
20
0.4755392913385827
11
2.2686923228346458
21
0.4776357480314961
0
LINE
8
BLACK
6
CONTINUOUS
10
2.2686923228346458
20
0.4776357480314961
11
2.2749999999999999
21
0.4783464566929134
0
LINE
8
BLACK
6
CONTINUOUS
10
2.2749999999999999
20
0.4783464566929134
11
2.2813076771653544
21
0.4776357480314961
0
LINE
8
BLACK
6
CONTINUOUS
10
2.0813076771653543
20
0.7026357480314961
11
2.0872990551181103
21
0.7005392913385826
0
LINE
8
BLACK
6
CONTINUOUS
10
2.0872990551181103
20
0.7005392913385826
11
2.0926737401574802
21
0.6971621653543307
0
LINE
8
BLACK
6
CONTINUOUS
10
2.0926737401574802
20
0.6971621653543307
11
2.0971621653543306
21
0.6926737401574803
0
LINE
8
BLACK
6
CONTINUOUS
10
2.0971621653543306
20
0.6926737401574803
11
2.1005392913385825
21
0.6872990551181102
0
LINE
8
BLACK
6
CONTINUOUS
10
2.1005392913385825
20
0.6872990551181102
11
2.1026357480314961
21
0.6813076771653543
0
LINE
8
BLACK
6
CONTINUOUS
10
2.1026357480314961
20
0.6813076771653543
11
2.1033464566929134
21
0.6749999999999999
0
LINE
8
BLACK
6
CONTINUOUS
10
2.1033464566929134
20
0.6749999999999999
11
2.1026357480314961
21
0.6686923228346456
0
LINE
8
BLACK
6
CONTINUOUS
10
2.1026357480314961
20
0.6686923228346456
11
2.1005392913385825
21
0.6627009448818898
0
LINE
8
BLACK
6
CONTINUOUS
10
2.1005392913385825
20
0.6627009448818898
11
2.0971621653543306
21
0.6573262598425197
0
LINE
8
BLACK
6
CONTINUOUS
10
2.0971621653543306
20
0.6573262598425197
11
2.0926737401574802
21
0.6528378346456692
0
LINE
8
BLACK
6
CONTINUOUS
10
2.0926737401574802
20
0.6528378346456692
11
2.0872990551181103
21
0.6494607086614174
0
LINE
8
BLACK
6
CONTINUOUS
10
2.0872990551181103
20
0.6494607086614174
11
2.0813076771653543
21
0.6473642519685039
0
LINE
8
BLACK
6
CONTINUOUS
10
2.0813076771653543
20
0.6473642519685039
11
2.0749999999999997
21
0.6466535433070866
0
LINE
8
BLACK
6
CONTINUOUS
10
2.0749999999999997
20
0.6466535433070866
11
2.0686923228346457
21
0.6473642519685039
0
LINE
8
BLACK
6
CONTINUOUS
10
2.0686923228346457
20
0.6473642519685039
11
2.0627009448818896
21
0.6494607086614174
0
LINE
8
BLACK
6
CONTINUOUS
10
2.0627009448818896
20
0.6494607086614174
11
2.0573262598425197
21
0.6528378346456692
0
LINE
8
BLACK
6
CONTINUOUS
10
2.0573262598425197
20
0.6528378346456692
11
2.0528378346456693
21
0.6573262598425197
0
LINE
8
BLACK
6
CONTINUOUS
10
2.0528378346456693
20
0.6573262598425197
11
2.0494607086614174
21
0.6627009448818898
0
LINE
8
BLACK
6
CONTINUOUS
10
2.0494607086614174
20
0.6627009448818898
11
2.0473642519685038
21
0.6686923228346456
0
LINE
8
BLACK
6
CONTINUOUS
10
2.0473642519685038
20
0.6686923228346456
11
2.0466535433070865
21
0.6749999999999999
0
LINE
8
BLACK
6
CONTINUOUS
10
2.0466535433070865
20
0.6749999999999999
11
2.0473642519685038
21
0.6813076771653543
0
LINE
8
BLACK
6
CONTINUOUS
10
2.0473642519685038
20
0.6813076771653543
11
2.0494607086614174
21
0.6872990551181102
0
LINE
8
BLACK
6
CONTINUOUS
10
2.0494607086614174
20
0.6872990551181102
11
2.0528378346456693
21
0.6926737401574803
0
LINE
8
BLACK
6
CONTINUOUS
10
2.0528378346456693
20
0.6926737401574803
11
2.0573262598425197
21
0.6971621653543307
0
LINE
8
BLACK
6
CONTINUOUS
10
2.0573262598425197
20
0.6971621653543307
11
2.0627009448818896
21
0.7005392913385826
0
LINE
8
BLACK
6
CONTINUOUS
10
2.0627009448818896
20
0.7005392913385826
11
2.0686923228346457
21
0.7026357480314961
0
LINE
8
BLACK
6
CONTINUOUS
10
2.0686923228346457
20
0.7026357480314961
11
2.0749999999999997
21
0.7033464566929134
0
LINE
8
BLACK
6
CONTINUOUS
10
2.0749999999999997
20
0.7033464566929134
11
2.0813076771653543
21
0.7026357480314961
0
LINE
8
BLACK
6
CONTINUOUS
10
2.2813076771653544
20
0.7026357480314961
11
2.28729905511811
21
0.7005392913385826
0
LINE
8
BLACK
6
CONTINUOUS
10
2.28729905511811
20
0.7005392913385826
11
2.2926737401574804
21
0.6971621653543307
0
LINE
8
BLACK
6
CONTINUOUS
10
2.2926737401574804
20
0.6971621653543307
11
2.2971621653543308
21
0.6926737401574803
0
LINE
8
BLACK
6
CONTINUOUS
10
2.2971621653543308
20
0.6926737401574803
11
2.3005392913385827
21
0.6872990551181102
0
LINE
8
BLACK
6
CONTINUOUS
10
2.3005392913385827
20
0.6872990551181102
11
2.3026357480314958
21
0.6813076771653543
0
LINE
8
BLACK
6
CONTINUOUS
10
2.3026357480314958
20
0.6813076771653543
11
2.3033464566929132
21
0.6749999999999999
0
LINE
8
BLACK
6
CONTINUOUS
10
2.3033464566929132
20
0.6749999999999999
11
2.3026357480314958
21
0.6686923228346456
0
LINE
8
BLACK
6
CONTINUOUS
10
2.3026357480314958
20
0.6686923228346456
11
2.3005392913385827
21
0.6627009448818898
0
LINE
8
BLACK
6
CONTINUOUS
10
2.3005392913385827
20
0.6627009448818898
11
2.2971621653543308
21
0.6573262598425197
0
LINE
8
BLACK
6
CONTINUOUS
10
2.2971621653543308
20
0.6573262598425197
11
2.2926737401574804
21
0.6528378346456692
0
LINE
8
BLACK
6
CONTINUOUS
10
2.2926737401574804
20
0.6528378346456692
11
2.28729905511811
21
0.6494607086614174
0
LINE
8
BLACK
6
CONTINUOUS
10
2.28729905511811
20
0.6494607086614174
11
2.2813076771653544
21
0.6473642519685039
0
LINE
8
BLACK
6
CONTINUOUS
10
2.2813076771653544
20
0.6473642519685039
11
2.2749999999999999
21
0.6466535433070866
0
LINE
8
BLACK
6
CONTINUOUS
10
2.2749999999999999
20
0.6466535433070866
11
2.2686923228346458
21
0.6473642519685039
0
LINE
8
BLACK
6
CONTINUOUS
10
2.2686923228346458
20
0.6473642519685039
11
2.2627009448818898
21
0.6494607086614174
0
LINE
8
BLACK
6
CONTINUOUS
10
2.2627009448818898
20
0.6494607086614174
11
2.2573262598425194
21
0.6528378346456692
0
LINE
8
BLACK
6
CONTINUOUS
10
2.2573262598425194
20
0.6528378346456692
11
2.2528378346456694
21
0.6573262598425197
0
LINE
8
BLACK
6
CONTINUOUS
10
2.2528378346456694
20
0.6573262598425197
11
2.2494607086614171
21
0.6627009448818898
0
LINE
8
BLACK
6
CONTINUOUS
10
2.2494607086614171
20
0.6627009448818898
11
2.247364251968504
21
0.6686923228346456
0
LINE
8
BLACK
6
CONTINUOUS
10
2.247364251968504
20
0.6686923228346456
11
2.2466535433070867
21
0.6749999999999999
0
LINE
8
BLACK
6
CONTINUOUS
10
2.2466535433070867
20
0.6749999999999999
11
2.247364251968504
21
0.6813076771653543
0
LINE
8
BLACK
6
CONTINUOUS
10
2.247364251968504
20
0.6813076771653543
11
2.2494607086614171
21
0.6872990551181102
0
LINE
8
BLACK
6
CONTINUOUS
10
2.2494607086614171
20
0.6872990551181102
11
2.2528378346456694
21
0.6926737401574803
0
LINE
8
BLACK
6
CONTINUOUS
10
2.2528378346456694
20
0.6926737401574803
11
2.2573262598425194
21
0.6971621653543307
0
LINE
8
BLACK
6
CONTINUOUS
10
2.2573262598425194
20
0.6971621653543307
11
2.2627009448818898
21
0.7005392913385826
0
LINE
8
BLACK
6
CONTINUOUS
10
2.2627009448818898
20
0.7005392913385826
11
2.2686923228346458
21
0.7026357480314961
0
LINE
8
BLACK
6
CONTINUOUS
10
2.2686923228346458
20
0.7026357480314961
11
2.2749999999999999
21
0.7033464566929134
0
LINE
8
BLACK
6
CONTINUOUS
10
2.2749999999999999
20
0.7033464566929134
11
2.2813076771653544
21
0.7026357480314961
0
LINE
8
BLACK
6
CONTINUOUS
10
0.471259842519685
20
0.2297244094488189
11
0.3807086614173228
21
0.2297244094488189
0
LINE
8
BLACK
6
CONTINUOUS
10
0.3807086614173228
20
0.2297244094488189
11
0.3807086614173228
21
0.3202755905511811
0
LINE
8
BLACK
6
CONTINUOUS
10
0.3807086614173228
20
0.3202755905511811
11
0.471259842519685
21
0.3202755905511811
0
LINE
8
BLACK
6
CONTINUOUS
10
0.471259842519685
20
0.3202755905511811
11
0.471259842519685
21
0.2297244094488189
0
LINE
8
BLACK
6
CONTINUOUS
10
1.6825614173228347
20
0.3234649606299212
11
1.6908474409448819
21
0.3212447244094488
0
LINE
8
BLACK
6
CONTINUOUS
10
1.6908474409448819
20
0.3212447244094488
11
1.6986220472440945
21
0.3176193700787401
0
LINE
8
BLACK
6
CONTINUOUS
10
1.6986220472440945
20
0.3176193700787401
11
1.7056490157480315
21
0.3126990551181102
0
LINE
8
BLACK
6
CONTINUOUS
10
1.7056490157480315
20
0.3126990551181102
11
1.7117148031496063
21
0.3066332677165354
0
LINE
8
BLACK
6
CONTINUOUS
10
1.7117148031496063
20
0.3066332677165354
11
1.7166351181102362
21
0.2996062992125984
0
LINE
8
BLACK
6
CONTINUOUS
10
1.7166351181102362
20
0.2996062992125984
11
1.7202604724409449
21
0.2918316929133858
0
LINE
8
BLACK
6
CONTINUOUS
10
1.7202604724409449
20
0.2918316929133858
11
1.7224807086614173
21
0.2835456692913386
0
LINE
8
BLACK
6
CONTINUOUS
10
1.7224807086614173
20
0.2835456692913386
11
1.7232283464566929
21
0.275
0
LINE
8
BLACK
6
CONTINUOUS
10
1.7232283464566929
20
0.275
11
1.7224807086614173
21
0.2664543307086614
0
LINE
8
BLACK
6
CONTINUOUS
10
1.7224807086614173
20
0.2664543307086614
11
1.7202604724409449
21
0.2581683070866141
0
LINE
8
BLACK
6
CONTINUOUS
10
1.7202604724409449
20
0.2581683070866141
11
1.7166351181102362
21
0.2503937007874016
0
LINE
8
BLACK
6
CONTINUOUS
10
1.7166351181102362
20
0.2503937007874016
11
1.7117148031496063
21
0.2433667322834646
0
LINE
8
BLACK
6
CONTINUOUS
10
1.7117148031496063
20
0.2433667322834646
11
1.7056490157480315
21
0.2373009448818898
0
LINE
8
BLACK
6
CONTINUOUS
10
1.7056490157480315
20
0.2373009448818898
11
1.6986220472440945
21
0.2323806299212598
0
LINE
8
BLACK
6
CONTINUOUS
10
1.6986220472440945
20
0.2323806299212598
11
1.6908474409448819
21
0.2287552755905512
0
LINE
8
BLACK
6
CONTINUOUS
10
1.6908474409448819
20
0.2287552755905512
11
1.6825614173228347
21
0.2265350393700787
0
LINE
8
BLACK
6
CONTINUOUS
10
1.6825614173228347
20
0.2265350393700787
11
1.6740157480314961
21
0.2257874015748031
0
LINE
8
BLACK
6
CONTINUOUS
10
1.6740157480314961
20
0.2257874015748031
11
1.6654700787401575
21
0.2265350393700787
0
LINE
8
BLACK
6
CONTINUOUS
10
1.6654700787401575
20
0.2265350393700787
11
1.6571840551181103
21
0.2287552755905512
0
LINE
8
BLACK
6
CONTINUOUS
10
1.6571840551181103
20
0.2287552755905512
11
1.6494094488188975
21
0.2323806299212598
0
LINE
8
BLACK
6
CONTINUOUS
10
1.6494094488188975
20
0.2323806299212598
11
1.6423824803149607
21
0.2373009448818898
0
LINE
8
BLACK
6
CONTINUOUS
10
1.6423824803149607
20
0.2373009448818898
11
1.6363166929133859
21
0.2433667322834646
0
LINE
8
BLACK
6
CONTINUOUS
10
1.6363166929133859
20
0.2433667322834646
11
1.6313963779527558
21
0.2503937007874016
0
LINE
8
BLACK
6
CONTINUOUS
10
1.6313963779527558
20
0.2503937007874016
11
1.6277710236220473
21
0.2581683070866141
0
LINE
8
BLACK
6
CONTINUOUS
10
1.6277710236220473
20
0.2581683070866141
11
1.6255507874015747
21
0.2664543307086614
0
LINE
8
BLACK
6
CONTINUOUS
10
1.6255507874015747
20
0.2664543307086614
11
1.6248031496062991
21
0.275
0
LINE
8
BLACK
6
CONTINUOUS
10
1.6248031496062991
20
0.275
11
1.6255507874015747
21
0.2835456692913386
0
LINE
8
BLACK
6
CONTINUOUS
10
1.6255507874015747
20
0.2835456692913386
11
1.6277710236220473
21
0.2918316929133858
0
LINE
8
BLACK
6
CONTINUOUS
10
1.6277710236220473
20
0.2918316929133858
11
1.6313963779527558
21
0.2996062992125984
0
LINE
8
BLACK
6
CONTINUOUS
10
1.6313963779527558
20
0.2996062992125984
11
1.6363166929133859
21
0.3066332677165354
0
LINE
8
BLACK
6
CONTINUOUS
10
1.6363166929133859
20
0.3066332677165354
11
1.6423824803149607
21
0.3126990551181102
0
LINE
8
BLACK
6
CONTINUOUS
10
1.6423824803149607
20
0.3126990551181102
11
1.6494094488188975
21
0.3176193700787401
0
LINE
8
BLACK
6
CONTINUOUS
10
1.6494094488188975
20
0.3176193700787401
11
1.6571840551181103
21
0.3212447244094488
0
LINE
8
BLACK
6
CONTINUOUS
10
1.6571840551181103
20
0.3212447244094488
11
1.6654700787401575
21
0.3234649606299212
0
LINE
8
BLACK
6
CONTINUOUS
10
1.6654700787401575
20
0.3234649606299212
11
1.6740157480314961
21
0.3242125984251968
0
LINE
8
BLACK
6
CONTINUOUS
10
1.6740157480314961
20
0.3242125984251968
11
1.6825614173228347
21
0.3234649606299212
0
LINE
8
BLACK
6
CONTINUOUS
10
1.855
20
0.37
11
1.7949999999999999
21
0.37
0
LINE
8
BLACK
6
CONTINUOUS
10
1.7949999999999999
20
0.37
11
1.7949999999999999
21
0.43
0
LINE
8
BLACK
6
CONTINUOUS
10
1.7949999999999999
20
0.43
11
1.855
21
0.43
0
LINE
8
BLACK
6
CONTINUOUS
10
1.855
20
0.43
11
1.855
21
0.37
0
LINE
8
BLACK
6
CONTINUOUS
10
1.855
20
0.47
11
1.7949999999999999
21
0.47
0
LINE
8
BLACK
6
CONTINUOUS
10
1.7949999999999999
20
0.47
11
1.7949999999999999
21
0.53
0
LINE
8
BLACK
6
CONTINUOUS
10
1.7949999999999999
20
0.53
11
1.855
21
0.53
0
LINE
8
BLACK
6
CONTINUOUS
10
1.855
20
0.53
11
1.855
21
0.47
0
LINE
8
BLACK
6
CONTINUOUS
10
1.6826807086614173
20
0.7417631889763779
11
1.6900662598425196
21
0.7395228346456693
0
LINE
8
BLACK
6
CONTINUOUS
10
1.6900662598425196
20
0.7395228346456693
11
1.6968728346456692
21
0.7358846456692913
0
LINE
8
BLACK
6
CONTINUOUS
10
1.6968728346456692
20
0.7358846456692913
11
1.7028388582677165
21
0.7309884645669291
0
LINE
8
BLACK
6
CONTINUOUS
10
1.7028388582677165
20
0.7309884645669291
11
1.7077350393700788
21
0.7250224409448819
0
LINE
8
BLACK
6
CONTINUOUS
10
1.7077350393700788
20
0.7250224409448819
11
1.7113732283464567
21
0.7182158661417323
0
LINE
8
BLACK
6
CONTINUOUS
10
1.7113732283464567
20
0.7182158661417323
11
1.7136135826771652
21
0.7108303149606299
0
LINE
8
BLACK
6
CONTINUOUS
10
1.7136135826771652
20
0.7108303149606299
11
1.7143700787401575
21
0.7031496062992126
0
LINE
8
BLACK
6
CONTINUOUS
10
1.7143700787401575
20
0.7031496062992126
11
1.7136135826771652
21
0.6954688976377953
0
LINE
8
BLACK
6
CONTINUOUS
10
1.7136135826771652
20
0.6954688976377953
11
1.7113732283464567
21
0.6880833464566929
0
LINE
8
BLACK
6
CONTINUOUS
10
1.7113732283464567
20
0.6880833464566929
11
1.7077350393700788
21
0.6812767716535433
0
LINE
8
BLACK
6
CONTINUOUS
10
1.7077350393700788
20
0.6812767716535433
11
1.7028388582677165
21
0.675310748031496
0
LINE
8
BLACK
6
CONTINUOUS
10
1.7028388582677165
20
0.675310748031496
11
1.6968728346456692
21
0.6704145669291338
0
LINE
8
BLACK
6
CONTINUOUS
10
1.6968728346456692
20
0.6704145669291338
11
1.6900662598425196
21
0.6667763779527559
0
LINE
8
BLACK
6
CONTINUOUS
10
1.6900662598425196
20
0.6667763779527559
11
1.6826807086614173
21
0.6645360236220472
0
LINE
8
BLACK
6
CONTINUOUS
10
1.6826807086614173
20
0.6645360236220472
11
1.675
21
0.6637795275590551
0
LINE
8
BLACK
6
CONTINUOUS
10
1.675
20
0.6637795275590551
11
1.6673192913385826
21
0.6645360236220472
0
LINE
8
BLACK
6
CONTINUOUS
10
1.6673192913385826
20
0.6645360236220472
11
1.6599337401574803
21
0.6667763779527559
0
LINE
8
BLACK
6
CONTINUOUS
10
1.6599337401574803
20
0.6667763779527559
11
1.6531271653543307
21
0.6704145669291338
0
LINE
8
BLACK
6
CONTINUOUS
10
1.6531271653543307
20
0.6704145669291338
11
1.6471611417322833
21
0.675310748031496
0
LINE
8
BLACK
6
CONTINUOUS
10
1.6471611417322833
20
0.675310748031496
11
1.6422649606299213
21
0.6812767716535433
0
LINE
8
BLACK
6
CONTINUOUS
10
1.6422649606299213
20
0.6812767716535433
11
1.6386267716535432
21
0.6880833464566929
0
LINE
8
BLACK
6
CONTINUOUS
10
1.6386267716535432
20
0.6880833464566929
11
1.6363864173228346
21
0.6954688976377953
0
LINE
8
BLACK
6
CONTINUOUS
10
1.6363864173228346
20
0.6954688976377953
11
1.6356299212598424
21
0.7031496062992126
0
LINE
8
BLACK
6
CONTINUOUS
10
1.6356299212598424
20
0.7031496062992126
11
1.6363864173228346
21
0.7108303149606299
0
LINE
8
BLACK
6
CONTINUOUS
10
1.6363864173228346
20
0.7108303149606299
11
1.6386267716535432
21
0.7182158661417323
0
LINE
8
BLACK
6
CONTINUOUS
10
1.6386267716535432
20
0.7182158661417323
11
1.6422649606299213
21
0.7250224409448819
0
LINE
8
BLACK
6
CONTINUOUS
10
1.6422649606299213
20
0.7250224409448819
11
1.6471611417322833
21
0.7309884645669291
0
LINE
8
BLACK
6
CONTINUOUS
10
1.6471611417322833
20
0.7309884645669291
11
1.6531271653543307
21
0.7358846456692913
0
LINE
8
BLACK
6
CONTINUOUS
10
1.6531271653543307
20
0.7358846456692913
11
1.6599337401574803
21
0.7395228346456693
0
LINE
8
BLACK
6
CONTINUOUS
10
1.6599337401574803
20
0.7395228346456693
11
1.6673192913385826
21
0.7417631889763779
0
LINE
8
BLACK
6
CONTINUOUS
10
1.6673192913385826
20
0.7417631889763779
11
1.675
21
0.74251968503937
0
LINE
8
BLACK
6
CONTINUOUS
10
1.675
20
0.74251968503937
11
1.6826807086614173
21
0.7417631889763779
0
LINE
8
BLACK
6
CONTINUOUS
10
1.3942913385826772
20
0.7547244094488189
11
1.3037401574803149
21
0.7547244094488189
0
LINE
8
BLACK
6
CONTINUOUS
10
1.3037401574803149
20
0.7547244094488189
11
1.3037401574803149
21
0.8452755905511811
0
LINE
8
BLACK
6
CONTINUOUS
10
1.3037401574803149
20
0.8452755905511811
11
1.3942913385826772
21
0.8452755905511811
0
LINE
8
BLACK
6
CONTINUOUS
10
1.3942913385826772
20
0.8452755905511811
11
1.3942913385826772
21
0.7547244094488189
0
LINE
8
BLACK
6
CONTINUOUS
10
0.4345299212598425
20
1.3734649606299212
11
0.4428159448818897
21
1.3712447244094488
0
LINE
8
BLACK
6
CONTINUOUS
10
0.4428159448818897
20
1.3712447244094488
11
0.4505905511811024
21
1.36761937007874
0
LINE
8
BLACK
6
CONTINUOUS
10
0.4505905511811024
20
1.36761937007874
11
0.4576175196850394
21
1.3626990551181102
0
LINE
8
BLACK
6
CONTINUOUS
10
0.4576175196850394
20
1.3626990551181102
11
0.4636833070866141
21
1.3566332677165354
0
LINE
8
BLACK
6
CONTINUOUS
10
0.4636833070866141
20
1.3566332677165354
11
0.4686036220472441
21
1.3496062992125983
0
LINE
8
BLACK
6
CONTINUOUS
10
0.4686036220472441
20
1.3496062992125983
11
0.4722289763779527
21
1.3418316929133858
0
LINE
8
BLACK
6
CONTINUOUS
10
0.4722289763779527
20
1.3418316929133858
11
0.4744492125984252
21
1.3335456692913386
0
LINE
8
BLACK
6
CONTINUOUS
10
0.4744492125984252
20
1.3335456692913386
11
0.4751968503937008
21
1.325
0
LINE
8
BLACK
6
CONTINUOUS
10
0.4751968503937008
20
1.325
11
0.4744492125984252
21
1.3164543307086614
0
LINE
8
BLACK
6
CONTINUOUS
10
0.4744492125984252
20
1.3164543307086614
11
0.4722289763779527
21
1.3081683070866141
0
LINE
8
BLACK
6
CONTINUOUS
10
0.4722289763779527
20
1.3081683070866141
11
0.4686036220472441
21
1.3003937007874016
0
LINE
8
BLACK
6
CONTINUOUS
10
0.4686036220472441
20
1.3003937007874016
11
0.4636833070866141
21
1.2933667322834645
0
LINE
8
BLACK
6
CONTINUOUS
10
0.4636833070866141
20
1.2933667322834645
11
0.4576175196850394
21
1.2873009448818897
0
LINE
8
BLACK
6
CONTINUOUS
10
0.4576175196850394
20
1.2873009448818897
11
0.4505905511811024
21
1.2823806299212599
0
LINE
8
BLACK
6
CONTINUOUS
10
0.4505905511811024
20
1.2823806299212599
11
0.4428159448818897
21
1.2787552755905511
0
LINE
8
BLACK
6
CONTINUOUS
10
0.4428159448818897
20
1.2787552755905511
11
0.4345299212598425
21
1.2765350393700787
0
LINE
8
BLACK
6
CONTINUOUS
10
0.4345299212598425
20
1.2765350393700787
11
0.4259842519685039
21
1.2757874015748032
0
LINE
8
BLACK
6
CONTINUOUS
10
0.4259842519685039
20
1.2757874015748032
11
0.4174385826771653
21
1.2765350393700787
0
LINE
8
BLACK
6
CONTINUOUS
10
0.4174385826771653
20
1.2765350393700787
11
0.4091525590551181
21
1.2787552755905511
0
LINE
8
BLACK
6
CONTINUOUS
10
0.4091525590551181
20
1.2787552755905511
11
0.4013779527559055
21
1.2823806299212599
0
LINE
8
BLACK
6
CONTINUOUS
10
0.4013779527559055
20
1.2823806299212599
11
0.3943509842519685
21
1.2873009448818897
0
LINE
8
BLACK
6
CONTINUOUS
10
0.3943509842519685
20
1.2873009448818897
11
0.3882851968503937
21
1.2933667322834645
0
LINE
8
BLACK
6
CONTINUOUS
10
0.3882851968503937
20
1.2933667322834645
11
0.3833648818897638
21
1.3003937007874016
0
LINE
8
BLACK
6
CONTINUOUS
10
0.3833648818897638
20
1.3003937007874016
11
0.3797395275590551
21
1.3081683070866141
0
LINE
8
BLACK
6
CONTINUOUS
10
0.3797395275590551
20
1.3081683070866141
11
0.3775192913385826
21
1.3164543307086614
0
LINE
8
BLACK
6
CONTINUOUS
10
0.3775192913385826
20
1.3164543307086614
11
0.3767716535433071
21
1.325
0
LINE
8
BLACK
6
CONTINUOUS
10
0.3767716535433071
20
1.325
11
0.3775192913385826
21
1.3335456692913386
0
LINE
8
BLACK
6
CONTINUOUS
10
0.3775192913385826
20
1.3335456692913386
11
0.3797395275590551
21
1.3418316929133858
0
LINE
8
BLACK
6
CONTINUOUS
10
0.3797395275590551
20
1.3418316929133858
11
0.3833648818897638
21
1.3496062992125983
0
LINE
8
BLACK
6
CONTINUOUS
10
0.3833648818897638
20
1.3496062992125983
11
0.3882851968503937
21
1.3566332677165354
0
LINE
8
BLACK
6
CONTINUOUS
10
0.3882851968503937
20
1.3566332677165354
11
0.3943509842519685
21
1.3626990551181102
0
LINE
8
BLACK
6
CONTINUOUS
10
0.3943509842519685
20
1.3626990551181102
11
0.4013779527559055
21
1.36761937007874
0
LINE
8
BLACK
6
CONTINUOUS
10
0.4013779527559055
20
1.36761937007874
11
0.4091525590551181
21
1.3712447244094488
0
LINE
8
BLACK
6
CONTINUOUS
10
0.4091525590551181
20
1.3712447244094488
11
0.4174385826771653
21
1.3734649606299212
0
LINE
8
BLACK
6
CONTINUOUS
10
0.4174385826771653
20
1.3734649606299212
11
0.4259842519685039
21
1.3742125984251967
0
LINE
8
BLACK
6
CONTINUOUS
10
0.4259842519685039
20
1.3742125984251967
11
0.4345299212598425
21
1.3734649606299212
0
LINE
8
BLACK
6
CONTINUOUS
10
1.95418437007874
20
0.869235157480315
11
1.9594340157480314
21
0.867277125984252
0
LINE
8
BLACK
6
CONTINUOUS
10
1.9594340157480314
20
0.867277125984252
11
1.9639194094488188
21
0.8639194094488188
0
LINE
8
BLACK
6
CONTINUOUS
10
1.9639194094488188
20
0.8639194094488188
11
1.9831538188976376
21
0.8446850393700788
0
LINE
8
BLACK
6
CONTINUOUS
10
1.9831538188976376
20
0.8446850393700788
11
2.2250000000000001
21
0.8446850393700788
0
LINE
8
BLACK
6
CONTINUOUS
10
2.2250000000000001
20
0.8446850393700788
11
2.2305459055118111
21
0.8438876377952755
0
LINE
8
BLACK
6
CONTINUOUS
10
2.2305459055118111
20
0.8438876377952755
11
2.2356425196850394
21
0.8415601181102362
0
LINE
8
BLACK
6
CONTINUOUS
10
2.2356425196850394
20
0.8415601181102362
11
2.2398769685039368
21
0.8378909448818898
0
LINE
8
BLACK
6
CONTINUOUS
10
2.2398769685039368
20
0.8378909448818898
11
2.2429061417322833
21
0.8331774803149606
0
LINE
8
BLACK
6
CONTINUOUS
10
2.2429061417322833
20
0.8331774803149606
11
2.24448468503937
21
0.8278014566929134
0
LINE
8
BLACK
6
CONTINUOUS
10
2.24448468503937
20
0.8278014566929134
11
2.24448468503937
21
0.8221985433070866
0
LINE
8
BLACK
6
CONTINUOUS
10
2.24448468503937
20
0.8221985433070866
11
2.2429061417322833
21
0.8168225196850394
0
LINE
8
BLACK
6
CONTINUOUS
10
2.2429061417322833
20
0.8168225196850394
11
2.2398769685039368
21
0.8121090551181103
0
LINE
8
BLACK
6
CONTINUOUS
10
2.2398769685039368
20
0.8121090551181103
11
2.2356425196850394
21
0.8084398818897638
0
LINE
8
BLACK
6
CONTINUOUS
10
2.2356425196850394
20
0.8084398818897638
11
2.2305459055118111
21
0.8061123622047244
0
LINE
8
BLACK
6
CONTINUOUS
10
2.2305459055118111
20
0.8061123622047244
11
2.2250000000000001
21
0.8053149606299213
0
LINE
8
BLACK
6
CONTINUOUS
10
2.2250000000000001
20
0.8053149606299213
11
1.9749999999999999
21
0.8053149606299213
0
LINE
8
BLACK
6
CONTINUOUS
10
1.9749999999999999
20
0.8053149606299213
11
1.9729161417322834
21
0.8056145669291338
0
LINE
8
BLACK
6
CONTINUOUS
10
1.9729161417322834
20
0.8056145669291338
11
1.9708156299212598
21
0.8057648031496063
0
LINE
8
BLACK
6
CONTINUOUS
10
1.9708156299212598
20
0.8057648031496063
11
1.9701533464566929
21
0.8060118110236221
0
LINE
8
BLACK
6
CONTINUOUS
10
1.9701533464566929
20
0.8060118110236221
11
1.9694540944881889
21
0.8061123622047244
0
LINE
8
BLACK
6
CONTINUOUS
10
1.9694540944881889
20
0.8061123622047244
11
1.9675388582677165
21
0.806986968503937
0
LINE
8
BLACK
6
CONTINUOUS
10
1.9675388582677165
20
0.806986968503937
11
1.9655659842519684
21
0.807722874015748
0
LINE
8
BLACK
6
CONTINUOUS
10
1.9655659842519684
20
0.807722874015748
11
1.9650003149606299
21
0.8081462598425196
0
LINE
8
BLACK
6
CONTINUOUS
10
1.9650003149606299
20
0.8081462598425196
11
1.9643574803149606
21
0.8084398818897638
0
LINE
8
BLACK
6
CONTINUOUS
10
1.9643574803149606
20
0.8084398818897638
11
1.9627661811023622
21
0.8098187401574803
0
LINE
8
BLACK
6
CONTINUOUS
10
1.9627661811023622
20
0.8098187401574803
11
1.961080590551181
21
0.8110805511811023
0
LINE
8
BLACK
6
CONTINUOUS
10
1.961080590551181
20
0.8110805511811023
11
1.9360805905511811
21
0.8360805905511811
0
LINE
8
BLACK
6
CONTINUOUS
10
1.9360805905511811
20
0.8360805905511811
11
1.932722874015748
21
0.8405659842519685
0
LINE
8
BLACK
6
CONTINUOUS
10
1.932722874015748
20
0.8405659842519685
11
1.9307648425196851
21
0.8458156299212598
0
LINE
8
BLACK
6
CONTINUOUS
10
1.9307648425196851
20
0.8458156299212598
11
1.9303651181102361
21
0.8514043307086614
0
LINE
8
BLACK
6
CONTINUOUS
10
1.9303651181102361
20
0.8514043307086614
11
1.9315561023622048
21
0.8568792125984251
0
LINE
8
BLACK
6
CONTINUOUS
10
1.9315561023622048
20
0.8568792125984251
11
1.9342412992125984
21
0.861796811023622
0
LINE
8
BLACK
6
CONTINUOUS
10
1.9342412992125984
20
0.861796811023622
11
1.938203188976378
21
0.8657587007874016
0
LINE
8
BLACK
6
CONTINUOUS
10
1.938203188976378
20
0.8657587007874016
11
1.9431207874015748
21
0.8684438976377953
0
LINE
8
BLACK
6
CONTINUOUS
10
1.9431207874015748
20
0.8684438976377953
11
1.9485956692913384
21
0.8696348818897638
0
LINE
8
BLACK
6
CONTINUOUS
10
1.9485956692913384
20
0.8696348818897638
11
1.95418437007874
21
0.869235157480315
0
LINE
8
BLACK
6
CONTINUOUS
10
2.0813076771653543
20
0.9276357480314961
11
2.0872990551181103
21
0.9255392913385827
0
LINE
8
BLACK
6
CONTINUOUS
10
2.0872990551181103
20
0.9255392913385827
11
2.0926737401574802
21
0.9221621653543307
0
LINE
8
BLACK
6
CONTINUOUS
10
2.0926737401574802
20
0.9221621653543307
11
2.0971621653543306
21
0.9176737401574803
0
LINE
8
BLACK
6
CONTINUOUS
10
2.0971621653543306
20
0.9176737401574803
11
2.1005392913385825
21
0.9122990551181103
0
LINE
8
BLACK
6
CONTINUOUS
10
2.1005392913385825
20
0.9122990551181103
11
2.1026357480314961
21
0.9063076771653543
0
LINE
8
BLACK
6
CONTINUOUS
10
2.1026357480314961
20
0.9063076771653543
11
2.1033464566929134
21
0.9
0
LINE
8
BLACK
6
CONTINUOUS
10
2.1033464566929134
20
0.9
11
2.1026357480314961
21
0.8936923228346456
0
LINE
8
BLACK
6
CONTINUOUS
10
2.1026357480314961
20
0.8936923228346456
11
2.1005392913385825
21
0.8877009448818898
0
LINE
8
BLACK
6
CONTINUOUS
10
2.1005392913385825
20
0.8877009448818898
11
2.0971621653543306
21
0.8823262598425197
0
LINE
8
BLACK
6
CONTINUOUS
10
2.0971621653543306
20
0.8823262598425197
11
2.0926737401574802
21
0.8778378346456692
0
LINE
8
BLACK
6
CONTINUOUS
10
2.0926737401574802
20
0.8778378346456692
11
2.0872990551181103
21
0.8744607086614173
0
LINE
8
BLACK
6
CONTINUOUS
10
2.0872990551181103
20
0.8744607086614173
11
2.0813076771653543
21
0.8723642519685039
0
LINE
8
BLACK
6
CONTINUOUS
10
2.0813076771653543
20
0.8723642519685039
11
2.0749999999999997
21
0.8716535433070866
0
LINE
8
BLACK
6
CONTINUOUS
10
2.0749999999999997
20
0.8716535433070866
11
2.0686923228346457
21
0.8723642519685039
0
LINE
8
BLACK
6
CONTINUOUS
10
2.0686923228346457
20
0.8723642519685039
11
2.0627009448818896
21
0.8744607086614173
0
LINE
8
BLACK
6
CONTINUOUS
10
2.0627009448818896
20
0.8744607086614173
11
2.0573262598425197
21
0.8778378346456692
0
LINE
8
BLACK
6
CONTINUOUS
10
2.0573262598425197
20
0.8778378346456692
11
2.0528378346456693
21
0.8823262598425197
0
LINE
8
BLACK
6
CONTINUOUS
10
2.0528378346456693
20
0.8823262598425197
11
2.0494607086614174
21
0.8877009448818898
0
LINE
8
BLACK
6
CONTINUOUS
10
2.0494607086614174
20
0.8877009448818898
11
2.0473642519685038
21
0.8936923228346456
0
LINE
8
BLACK
6
CONTINUOUS
10
2.0473642519685038
20
0.8936923228346456
11
2.0466535433070865
21
0.9
0
LINE
8
BLACK
6
CONTINUOUS
10
2.0466535433070865
20
0.9
11
2.0473642519685038
21
0.9063076771653543
0
LINE
8
BLACK
6
CONTINUOUS
10
2.0473642519685038
20
0.9063076771653543
11
2.0494607086614174
21
0.9122990551181103
0
LINE
8
BLACK
6
CONTINUOUS
10
2.0494607086614174
20
0.9122990551181103
11
2.0528378346456693
21
0.9176737401574803
0
LINE
8
BLACK
6
CONTINUOUS
10
2.0528378346456693
20
0.9176737401574803
11
2.0573262598425197
21
0.9221621653543307
0
LINE
8
BLACK
6
CONTINUOUS
10
2.0573262598425197
20
0.9221621653543307
11
2.0627009448818896
21
0.9255392913385827
0
LINE
8
BLACK
6
CONTINUOUS
10
2.0627009448818896
20
0.9255392913385827
11
2.0686923228346457
21
0.9276357480314961
0
LINE
8
BLACK
6
CONTINUOUS
10
2.0686923228346457
20
0.9276357480314961
11
2.0749999999999997
21
0.9283464566929134
0
LINE
8
BLACK
6
CONTINUOUS
10
2.0749999999999997
20
0.9283464566929134
11
2.0813076771653543
21
0.9276357480314961
0
LINE
8
BLACK
6
CONTINUOUS
10
1.9549999999999998
20
1.27
11
1.9446850393700787
21
1.27
0
LINE
8
BLACK
6
CONTINUOUS
10
1.9446850393700787
20
1.27
11
1.9446850393700787
21
1.1581537795275589
0
LINE
8
BLACK
6
CONTINUOUS
10
1.9446850393700787
20
1.1581537795275589
11
2.1745437401574801
21
0.9282950393700787
0
LINE
8
BLACK
6
CONTINUOUS
10
2.1745437401574801
20
0.9282950393700787
11
2.1749999999999998
21
0.9283464566929134
0
LINE
8
BLACK
6
CONTINUOUS
10
2.1749999999999998
20
0.9283464566929134
11
2.1813076771653543
21
0.9276357480314961
0
LINE
8
BLACK
6
CONTINUOUS
10
2.1813076771653543
20
0.9276357480314961
11
2.1872990551181104
21
0.9255392913385827
0
LINE
8
BLACK
6
CONTINUOUS
10
2.1872990551181104
20
0.9255392913385827
11
2.1926737401574803
21
0.9221621653543307
0
LINE
8
BLACK
6
CONTINUOUS
10
2.1926737401574803
20
0.9221621653543307
11
2.1971621653543307
21
0.9176737401574803
0
LINE
8
BLACK
6
CONTINUOUS
10
2.1971621653543307
20
0.9176737401574803
11
2.2005392913385826
21
0.9122990551181103
0
LINE
8
BLACK
6
CONTINUOUS
10
2.2005392913385826
20
0.9122990551181103
11
2.2026357480314962
21
0.9063076771653543
0
LINE
8
BLACK
6
CONTINUOUS
10
2.2026357480314962
20
0.9063076771653543
11
2.2033464566929135
21
0.9
0
LINE
8
BLACK
6
CONTINUOUS
10
2.2033464566929135
20
0.9
11
2.2026357480314962
21
0.8936923228346456
0
LINE
8
BLACK
6
CONTINUOUS
10
2.2026357480314962
20
0.8936923228346456
11
2.2005392913385826
21
0.8877009448818898
0
LINE
8
BLACK
6
CONTINUOUS
10
2.2005392913385826
20
0.8877009448818898
11
2.1971621653543307
21
0.8823262598425197
0
LINE
8
BLACK
6
CONTINUOUS
10
2.1971621653543307
20
0.8823262598425197
11
2.1926737401574803
21
0.8778378346456692
0
LINE
8
BLACK
6
CONTINUOUS
10
2.1926737401574803
20
0.8778378346456692
11
2.1872990551181104
21
0.8744607086614173
0
LINE
8
BLACK
6
CONTINUOUS
10
2.1872990551181104
20
0.8744607086614173
11
2.1813076771653543
21
0.8723642519685039
0
LINE
8
BLACK
6
CONTINUOUS
10
2.1813076771653543
20
0.8723642519685039
11
2.1749999999999998
21
0.8716535433070866
0
LINE
8
BLACK
6
CONTINUOUS
10
2.1749999999999998
20
0.8716535433070866
11
2.1686923228346457
21
0.8723642519685039
0
LINE
8
BLACK
6
CONTINUOUS
10
2.1686923228346457
20
0.8723642519685039
11
2.1627009448818897
21
0.8744607086614173
0
LINE
8
BLACK
6
CONTINUOUS
10
2.1627009448818897
20
0.8744607086614173
11
2.1573262598425198
21
0.8778378346456692
0
LINE
8
BLACK
6
CONTINUOUS
10
2.1573262598425198
20
0.8778378346456692
11
2.1528378346456694
21
0.8823262598425197
0
LINE
8
BLACK
6
CONTINUOUS
10
2.1528378346456694
20
0.8823262598425197
11
2.1494607086614175
21
0.8877009448818898
0
LINE
8
BLACK
6
CONTINUOUS
10
2.1494607086614175
20
0.8877009448818898
11
2.1473642519685039
21
0.8936923228346456
0
LINE
8
BLACK
6
CONTINUOUS
10
2.1473642519685039
20
0.8936923228346456
11
2.1466535433070866
21
0.9
0
LINE
8
BLACK
6
CONTINUOUS
10
2.1466535433070866
20
0.9
11
2.1467049212598424
21
0.9004562204724409
0
LINE
8
BLACK
6
CONTINUOUS
10
2.1467049212598424
20
0.9004562204724409
11
1.911080590551181
21
1.136080590551181
0
LINE
8
BLACK
6
CONTINUOUS
10
1.911080590551181
20
1.136080590551181
11
1.9098188976377952
21
1.1377659448818898
0
LINE
8
BLACK
6
CONTINUOUS
10
1.9098188976377952
20
1.1377659448818898
11
1.9084398818897637
21
1.1393574803149606
0
LINE
8
BLACK
6
CONTINUOUS
10
1.9084398818897637
20
1.1393574803149606
11
1.9081462598425196
21
1.1400003543307087
0
LINE
8
BLACK
6
CONTINUOUS
10
1.9081462598425196
20
1.1400003543307087
11
1.9077228740157479
21
1.1405659842519684
0
LINE
8
BLACK
6
CONTINUOUS
10
1.9077228740157479
20
1.1405659842519684
11
1.9069870472440944
21
1.1425387007874015
0
LINE
8
BLACK
6
CONTINUOUS
10
1.9069870472440944
20
1.1425387007874015
11
1.9061123622047245
21
1.1444540944881889
0
LINE
8
BLACK
6
CONTINUOUS
10
1.9061123622047245
20
1.1444540944881889
11
1.9060117716535432
21
1.1451535039370078
0
LINE
8
BLACK
6
CONTINUOUS
10
1.9060117716535432
20
1.1451535039370078
11
1.9057648425196849
21
1.1458156299212598
0
LINE
8
BLACK
6
CONTINUOUS
10
1.9057648425196849
20
1.1458156299212598
11
1.9056146062992125
21
1.1479157874015748
0
LINE
8
BLACK
6
CONTINUOUS
10
1.9056146062992125
20
1.1479157874015748
11
1.9053149606299211
21
1.1499999999999999
0
LINE
8
BLACK
6
CONTINUOUS
10
1.9053149606299211
20
1.1499999999999999
11
1.9053149606299211
21
1.27
0
LINE
8
BLACK
6
CONTINUOUS
10
1.9053149606299211
20
1.27
11
1.895
21
1.27
0
LINE
8
BLACK
6
CONTINUOUS
10
1.895
20
1.27
11
1.895
21
1.3300000000000001
0
LINE
8
BLACK
6
CONTINUOUS
10
1.895
20
1.3300000000000001
11
1.9549999999999998
21
1.3300000000000001
0
LINE
8
BLACK
6
CONTINUOUS
10
1.9549999999999998
20
1.3300000000000001
11
1.9549999999999998
21
1.27
0
LINE
8
BLACK
6
CONTINUOUS
10
2.2813076771653544
20
0.9276357480314961
11
2.28729905511811
21
0.9255392913385827
0
LINE
8
BLACK
6
CONTINUOUS
10
2.28729905511811
20
0.9255392913385827
11
2.2926737401574804
21
0.9221621653543307
0
LINE
8
BLACK
6
CONTINUOUS
10
2.2926737401574804
20
0.9221621653543307
11
2.2971621653543308
21
0.9176737401574803
0
LINE
8
BLACK
6
CONTINUOUS
10
2.2971621653543308
20
0.9176737401574803
11
2.3005392913385827
21
0.9122990551181103
0
LINE
8
BLACK
6
CONTINUOUS
10
2.3005392913385827
20
0.9122990551181103
11
2.3026357480314958
21
0.9063076771653543
0
LINE
8
BLACK
6
CONTINUOUS
10
2.3026357480314958
20
0.9063076771653543
11
2.3033464566929132
21
0.9
0
LINE
8
BLACK
6
CONTINUOUS
10
2.3033464566929132
20
0.9
11
2.3026357480314958
21
0.8936923228346456
0
LINE
8
BLACK
6
CONTINUOUS
10
2.3026357480314958
20
0.8936923228346456
11
2.3005392913385827
21
0.8877009448818898
0
LINE
8
BLACK
6
CONTINUOUS
10
2.3005392913385827
20
0.8877009448818898
11
2.2971621653543308
21
0.8823262598425197
0
LINE
8
BLACK
6
CONTINUOUS
10
2.2971621653543308
20
0.8823262598425197
11
2.2926737401574804
21
0.8778378346456692
0
LINE
8
BLACK
6
CONTINUOUS
10
2.2926737401574804
20
0.8778378346456692
11
2.28729905511811
21
0.8744607086614173
0
LINE
8
BLACK
6
CONTINUOUS
10
2.28729905511811
20
0.8744607086614173
11
2.2813076771653544
21
0.8723642519685039
0
LINE
8
BLACK
6
CONTINUOUS
10
2.2813076771653544
20
0.8723642519685039
11
2.2749999999999999
21
0.8716535433070866
0
LINE
8
BLACK
6
CONTINUOUS
10
2.2749999999999999
20
0.8716535433070866
11
2.2686923228346458
21
0.8723642519685039
0
LINE
8
BLACK
6
CONTINUOUS
10
2.2686923228346458
20
0.8723642519685039
11
2.2627009448818898
21
0.8744607086614173
0
LINE
8
BLACK
6
CONTINUOUS
10
2.2627009448818898
20
0.8744607086614173
11
2.2573262598425194
21
0.8778378346456692
0
LINE
8
BLACK
6
CONTINUOUS
10
2.2573262598425194
20
0.8778378346456692
11
2.2528378346456694
21
0.8823262598425197
0
LINE
8
BLACK
6
CONTINUOUS
10
2.2528378346456694
20
0.8823262598425197
11
2.2494607086614171
21
0.8877009448818898
0
LINE
8
BLACK
6
CONTINUOUS
10
2.2494607086614171
20
0.8877009448818898
11
2.247364251968504
21
0.8936923228346456
0
LINE
8
BLACK
6
CONTINUOUS
10
2.247364251968504
20
0.8936923228346456
11
2.2466535433070867
21
0.9
0
LINE
8
BLACK
6
CONTINUOUS
10
2.2466535433070867
20
0.9
11
2.247364251968504
21
0.9063076771653543
0
LINE
8
BLACK
6
CONTINUOUS
10
2.247364251968504
20
0.9063076771653543
11
2.2494607086614171
21
0.9122990551181103
0
LINE
8
BLACK
6
CONTINUOUS
10
2.2494607086614171
20
0.9122990551181103
11
2.2528378346456694
21
0.9176737401574803
0
LINE
8
BLACK
6
CONTINUOUS
10
2.2528378346456694
20
0.9176737401574803
11
2.2573262598425194
21
0.9221621653543307
0
LINE
8
BLACK
6
CONTINUOUS
10
2.2573262598425194
20
0.9221621653543307
11
2.2627009448818898
21
0.9255392913385827
0
LINE
8
BLACK
6
CONTINUOUS
10
2.2627009448818898
20
0.9255392913385827
11
2.2686923228346458
21
0.9276357480314961
0
LINE
8
BLACK
6
CONTINUOUS
10
2.2686923228346458
20
0.9276357480314961
11
2.2749999999999999
21
0.9283464566929134
0
LINE
8
BLACK
6
CONTINUOUS
10
2.2749999999999999
20
0.9283464566929134
11
2.2813076771653544
21
0.9276357480314961
0
LINE
8
BLACK
6
CONTINUOUS
10
2.0813076771653543
20
1.1526357480314959
11
2.0872990551181103
21
1.1505392913385826
0
LINE
8
BLACK
6
CONTINUOUS
10
2.0872990551181103
20
1.1505392913385826
11
2.0926737401574802
21
1.1471621653543307
0
LINE
8
BLACK
6
CONTINUOUS
10
2.0926737401574802
20
1.1471621653543307
11
2.0971621653543306
21
1.1426737401574802
0
LINE
8
BLACK
6
CONTINUOUS
10
2.0971621653543306
20
1.1426737401574802
11
2.1005392913385825
21
1.1372990551181101
0
LINE
8
BLACK
6
CONTINUOUS
10
2.1005392913385825
20
1.1372990551181101
11
2.1026357480314961
21
1.1313076771653543
0
LINE
8
BLACK
6
CONTINUOUS
10
2.1026357480314961
20
1.1313076771653543
11
2.1033464566929134
21
1.125
0
LINE
8
BLACK
6
CONTINUOUS
10
2.1033464566929134
20
1.125
11
2.1026357480314961
21
1.1186923228346457
0
LINE
8
BLACK
6
CONTINUOUS
10
2.1026357480314961
20
1.1186923228346457
11
2.1005392913385825
21
1.1127009448818896
0
LINE
8
BLACK
6
CONTINUOUS
10
2.1005392913385825
20
1.1127009448818896
11
2.0971621653543306
21
1.1073262598425198
0
LINE
8
BLACK
6
CONTINUOUS
10
2.0971621653543306
20
1.1073262598425198
11
2.0926737401574802
21
1.1028378346456693
0
LINE
8
BLACK
6
CONTINUOUS
10
2.0926737401574802
20
1.1028378346456693
11
2.0872990551181103
21
1.0994607086614172
0
LINE
8
BLACK
6
CONTINUOUS
10
2.0872990551181103
20
1.0994607086614172
11
2.0813076771653543
21
1.0973642519685038
0
LINE
8
BLACK
6
CONTINUOUS
10
2.0813076771653543
20
1.0973642519685038
11
2.0749999999999997
21
1.0966535433070865
0
LINE
8
BLACK
6
CONTINUOUS
10
2.0749999999999997
20
1.0966535433070865
11
2.0686923228346457
21
1.0973642519685038
0
LINE
8
BLACK
6
CONTINUOUS
10
2.0686923228346457
20
1.0973642519685038
11
2.0627009448818896
21
1.0994607086614172
0
LINE
8
BLACK
6
CONTINUOUS
10
2.0627009448818896
20
1.0994607086614172
11
2.0573262598425197
21
1.1028378346456693
0
LINE
8
BLACK
6
CONTINUOUS
10
2.0573262598425197
20
1.1028378346456693
11
2.0528378346456693
21
1.1073262598425198
0
LINE
8
BLACK
6
CONTINUOUS
10
2.0528378346456693
20
1.1073262598425198
11
2.0494607086614174
21
1.1127009448818896
0
LINE
8
BLACK
6
CONTINUOUS
10
2.0494607086614174
20
1.1127009448818896
11
2.0473642519685038
21
1.1186923228346457
0
LINE
8
BLACK
6
CONTINUOUS
10
2.0473642519685038
20
1.1186923228346457
11
2.0466535433070865
21
1.125
0
LINE
8
BLACK
6
CONTINUOUS
10
2.0466535433070865
20
1.125
11
2.0473642519685038
21
1.1313076771653543
0
LINE
8
BLACK
6
CONTINUOUS
10
2.0473642519685038
20
1.1313076771653543
11
2.0494607086614174
21
1.1372990551181101
0
LINE
8
BLACK
6
CONTINUOUS
10
2.0494607086614174
20
1.1372990551181101
11
2.0528378346456693
21
1.1426737401574802
0
LINE
8
BLACK
6
CONTINUOUS
10
2.0528378346456693
20
1.1426737401574802
11
2.0573262598425197
21
1.1471621653543307
0
LINE
8
BLACK
6
CONTINUOUS
10
2.0573262598425197
20
1.1471621653543307
11
2.0627009448818896
21
1.1505392913385826
0
LINE
8
BLACK
6
CONTINUOUS
10
2.0627009448818896
20
1.1505392913385826
11
2.0686923228346457
21
1.1526357480314959
0
LINE
8
BLACK
6
CONTINUOUS
10
2.0686923228346457
20
1.1526357480314959
11
2.0749999999999997
21
1.1533464566929135
0
LINE
8
BLACK
6
CONTINUOUS
10
2.0749999999999997
20
1.1533464566929135
11
2.0813076771653543
21
1.1526357480314959
0
LINE
8
BLACK
6
CONTINUOUS
10
2.1813076771653543
20
1.1526357480314959
11
2.1872990551181104
21
1.1505392913385826
0
LINE
8
BLACK
6
CONTINUOUS
10
2.1872990551181104
20
1.1505392913385826
11
2.1926737401574803
21
1.1471621653543307
0
LINE
8
BLACK
6
CONTINUOUS
10
2.1926737401574803
20
1.1471621653543307
11
2.1971621653543307
21
1.1426737401574802
0
LINE
8
BLACK
6
CONTINUOUS
10
2.1971621653543307
20
1.1426737401574802
11
2.2005392913385826
21
1.1372990551181101
0
LINE
8
BLACK
6
CONTINUOUS
10
2.2005392913385826
20
1.1372990551181101
11
2.2026357480314962
21
1.1313076771653543
0
LINE
8
BLACK
6
CONTINUOUS
10
2.2026357480314962
20
1.1313076771653543
11
2.2033464566929135
21
1.125
0
LINE
8
BLACK
6
CONTINUOUS
10
2.2033464566929135
20
1.125
11
2.2026357480314962
21
1.1186923228346457
0
LINE
8
BLACK
6
CONTINUOUS
10
2.2026357480314962
20
1.1186923228346457
11
2.2005392913385826
21
1.1127009448818896
0
LINE
8
BLACK
6
CONTINUOUS
10
2.2005392913385826
20
1.1127009448818896
11
2.1971621653543307
21
1.1073262598425198
0
LINE
8
BLACK
6
CONTINUOUS
10
2.1971621653543307
20
1.1073262598425198
11
2.1926737401574803
21
1.1028378346456693
0
LINE
8
BLACK
6
CONTINUOUS
10
2.1926737401574803
20
1.1028378346456693
11
2.1872990551181104
21
1.0994607086614172
0
LINE
8
BLACK
6
CONTINUOUS
10
2.1872990551181104
20
1.0994607086614172
11
2.1813076771653543
21
1.0973642519685038
0
LINE
8
BLACK
6
CONTINUOUS
10
2.1813076771653543
20
1.0973642519685038
11
2.1749999999999998
21
1.0966535433070865
0
LINE
8
BLACK
6
CONTINUOUS
10
2.1749999999999998
20
1.0966535433070865
11
2.1686923228346457
21
1.0973642519685038
0
LINE
8
BLACK
6
CONTINUOUS
10
2.1686923228346457
20
1.0973642519685038
11
2.1627009448818897
21
1.0994607086614172
0
LINE
8
BLACK
6
CONTINUOUS
10
2.1627009448818897
20
1.0994607086614172
11
2.1573262598425198
21
1.1028378346456693
0
LINE
8
BLACK
6
CONTINUOUS
10
2.1573262598425198
20
1.1028378346456693
11
2.1528378346456694
21
1.1073262598425198
0
LINE
8
BLACK
6
CONTINUOUS
10
2.1528378346456694
20
1.1073262598425198
11
2.1494607086614175
21
1.1127009448818896
0
LINE
8
BLACK
6
CONTINUOUS
10
2.1494607086614175
20
1.1127009448818896
11
2.1473642519685039
21
1.1186923228346457
0
LINE
8
BLACK
6
CONTINUOUS
10
2.1473642519685039
20
1.1186923228346457
11
2.1466535433070866
21
1.125
0
LINE
8
BLACK
6
CONTINUOUS
10
2.1466535433070866
20
1.125
11
2.1473642519685039
21
1.1313076771653543
0
LINE
8
BLACK
6
CONTINUOUS
10
2.1473642519685039
20
1.1313076771653543
11
2.1494607086614175
21
1.1372990551181101
0
LINE
8
BLACK
6
CONTINUOUS
10
2.1494607086614175
20
1.1372990551181101
11
2.1528378346456694
21
1.1426737401574802
0
LINE
8
BLACK
6
CONTINUOUS
10
2.1528378346456694
20
1.1426737401574802
11
2.1573262598425198
21
1.1471621653543307
0
LINE
8
BLACK
6
CONTINUOUS
10
2.1573262598425198
20
1.1471621653543307
11
2.1627009448818897
21
1.1505392913385826
0
LINE
8
BLACK
6
CONTINUOUS
10
2.1627009448818897
20
1.1505392913385826
11
2.1686923228346457
21
1.1526357480314959
0
LINE
8
BLACK
6
CONTINUOUS
10
2.1686923228346457
20
1.1526357480314959
11
2.1749999999999998
21
1.1533464566929135
0
LINE
8
BLACK
6
CONTINUOUS
10
2.1749999999999998
20
1.1533464566929135
11
2.1813076771653543
21
1.1526357480314959
0
LINE
8
BLACK
6
CONTINUOUS
10
2.2813076771653544
20
1.1526357480314959
11
2.28729905511811
21
1.1505392913385826
0
LINE
8
BLACK
6
CONTINUOUS
10
2.28729905511811
20
1.1505392913385826
11
2.2926737401574804
21
1.1471621653543307
0
LINE
8
BLACK
6
CONTINUOUS
10
2.2926737401574804
20
1.1471621653543307
11
2.2971621653543308
21
1.1426737401574802
0
LINE
8
BLACK
6
CONTINUOUS
10
2.2971621653543308
20
1.1426737401574802
11
2.3005392913385827
21
1.1372990551181101
0
LINE
8
BLACK
6
CONTINUOUS
10
2.3005392913385827
20
1.1372990551181101
11
2.3026357480314958
21
1.1313076771653543
0
LINE
8
BLACK
6
CONTINUOUS
10
2.3026357480314958
20
1.1313076771653543
11
2.3033464566929132
21
1.125
0
LINE
8
BLACK
6
CONTINUOUS
10
2.3033464566929132
20
1.125
11
2.3026357480314958
21
1.1186923228346457
0
LINE
8
BLACK
6
CONTINUOUS
10
2.3026357480314958
20
1.1186923228346457
11
2.3005392913385827
21
1.1127009448818896
0
LINE
8
BLACK
6
CONTINUOUS
10
2.3005392913385827
20
1.1127009448818896
11
2.2971621653543308
21
1.1073262598425198
0
LINE
8
BLACK
6
CONTINUOUS
10
2.2971621653543308
20
1.1073262598425198
11
2.2926737401574804
21
1.1028378346456693
0
LINE
8
BLACK
6
CONTINUOUS
10
2.2926737401574804
20
1.1028378346456693
11
2.28729905511811
21
1.0994607086614172
0
LINE
8
BLACK
6
CONTINUOUS
10
2.28729905511811
20
1.0994607086614172
11
2.2813076771653544
21
1.0973642519685038
0
LINE
8
BLACK
6
CONTINUOUS
10
2.2813076771653544
20
1.0973642519685038
11
2.2749999999999999
21
1.0966535433070865
0
LINE
8
BLACK
6
CONTINUOUS
10
2.2749999999999999
20
1.0966535433070865
11
2.2686923228346458
21
1.0973642519685038
0
LINE
8
BLACK
6
CONTINUOUS
10
2.2686923228346458
20
1.0973642519685038
11
2.2627009448818898
21
1.0994607086614172
0
LINE
8
BLACK
6
CONTINUOUS
10
2.2627009448818898
20
1.0994607086614172
11
2.2573262598425194
21
1.1028378346456693
0
LINE
8
BLACK
6
CONTINUOUS
10
2.2573262598425194
20
1.1028378346456693
11
2.2528378346456694
21
1.1073262598425198
0
LINE
8
BLACK
6
CONTINUOUS
10
2.2528378346456694
20
1.1073262598425198
11
2.2494607086614171
21
1.1127009448818896
0
LINE
8
BLACK
6
CONTINUOUS
10
2.2494607086614171
20
1.1127009448818896
11
2.247364251968504
21
1.1186923228346457
0
LINE
8
BLACK
6
CONTINUOUS
10
2.247364251968504
20
1.1186923228346457
11
2.2466535433070867
21
1.125
0
LINE
8
BLACK
6
CONTINUOUS
10
2.2466535433070867
20
1.125
11
2.247364251968504
21
1.1313076771653543
0
LINE
8
BLACK
6
CONTINUOUS
10
2.247364251968504
20
1.1313076771653543
11
2.2494607086614171
21
1.1372990551181101
0
LINE
8
BLACK
6
CONTINUOUS
10
2.2494607086614171
20
1.1372990551181101
11
2.2528378346456694
21
1.1426737401574802
0
LINE
8
BLACK
6
CONTINUOUS
10
2.2528378346456694
20
1.1426737401574802
11
2.2573262598425194
21
1.1471621653543307
0
LINE
8
BLACK
6
CONTINUOUS
10
2.2573262598425194
20
1.1471621653543307
11
2.2627009448818898
21
1.1505392913385826
0
LINE
8
BLACK
6
CONTINUOUS
10
2.2627009448818898
20
1.1505392913385826
11
2.2686923228346458
21
1.1526357480314959
0
LINE
8
BLACK
6
CONTINUOUS
10
2.2686923228346458
20
1.1526357480314959
11
2.2749999999999999
21
1.1533464566929135
0
LINE
8
BLACK
6
CONTINUOUS
10
2.2749999999999999
20
1.1533464566929135
11
2.2813076771653544
21
1.1526357480314959
0
LINE
8
BLACK
6
CONTINUOUS
10
1.855
20
1.27
11
1.7949999999999999
21
1.27
0
LINE
8
BLACK
6
CONTINUOUS
10
1.7949999999999999
20
1.27
11
1.7949999999999999
21
1.3300000000000001
0
LINE
8
BLACK
6
CONTINUOUS
10
1.7949999999999999
20
1.3300000000000001
11
1.855
21
1.3300000000000001
0
LINE
8
BLACK
6
CONTINUOUS
10
1.855
20
1.3300000000000001
11
1.855
21
1.27
0
LINE
8
BLACK
6
CONTINUOUS
10
1.855
20
1.3699999999999999
11
1.7949999999999999
21
1.3699999999999999
0
LINE
8
BLACK
6
CONTINUOUS
10
1.7949999999999999
20
1.3699999999999999
11
1.7949999999999999
21
1.4299999999999999
0
LINE
8
BLACK
6
CONTINUOUS
10
1.7949999999999999
20
1.4299999999999999
11
1.855
21
1.4299999999999999
0
LINE
8
BLACK
6
CONTINUOUS
10
1.855
20
1.4299999999999999
11
1.855
21
1.3699999999999999
0
LINE
8
BLACK
6
CONTINUOUS
10
1.9549999999999998
20
1.3699999999999999
11
1.895
21
1.3699999999999999
0
LINE
8
BLACK
6
CONTINUOUS
10
1.895
20
1.3699999999999999
11
1.895
21
1.4299999999999999
0
LINE
8
BLACK
6
CONTINUOUS
10
1.895
20
1.4299999999999999
11
1.9549999999999998
21
1.4299999999999999
0
LINE
8
BLACK
6
CONTINUOUS
10
1.9549999999999998
20
1.4299999999999999
11
1.9549999999999998
21
1.3699999999999999
0
LINE
8
BLACK
6
CONTINUOUS
10
1.855
20
1.47
11
1.7949999999999999
21
1.47
0
LINE
8
BLACK
6
CONTINUOUS
10
1.7949999999999999
20
1.47
11
1.7949999999999999
21
1.53
0
LINE
8
BLACK
6
CONTINUOUS
10
1.7949999999999999
20
1.53
11
1.855
21
1.53
0
LINE
8
BLACK
6
CONTINUOUS
10
1.855
20
1.53
11
1.855
21
1.47
0
LINE
8
BLACK
6
CONTINUOUS
10
1.9549999999999998
20
1.47
11
1.895
21
1.47
0
LINE
8
BLACK
6
CONTINUOUS
10
1.895
20
1.47
11
1.895
21
1.53
0
LINE
8
BLACK
6
CONTINUOUS
10
1.895
20
1.53
11
1.9549999999999998
21
1.53
0
LINE
8
BLACK
6
CONTINUOUS
10
1.9549999999999998
20
1.53
11
1.9549999999999998
21
1.47
0
LINE
8
BLACK
6
CONTINUOUS
10
1.7143700787401575
20
0.8606299212598425
11
1.6356299212598424
21
0.8606299212598425
0
LINE
8
BLACK
6
CONTINUOUS
10
1.6356299212598424
20
0.8606299212598425
11
1.6356299212598424
21
0.9393700787401574
0
LINE
8
BLACK
6
CONTINUOUS
10
1.6356299212598424
20
0.9393700787401574
11
1.7143700787401575
21
0.9393700787401574
0
LINE
8
BLACK
6
CONTINUOUS
10
1.7143700787401575
20
0.9393700787401574
11
1.7143700787401575
21
0.8606299212598425
0
LINE
8
BLACK
6
CONTINUOUS
10
1.7192913385826771
20
1.2797244094488189
11
1.6287401574803149
21
1.2797244094488189
0
LINE
8
BLACK
6
CONTINUOUS
10
1.6287401574803149
20
1.2797244094488189
11
1.6287401574803149
21
1.370275590551181
0
LINE
8
BLACK
6
CONTINUOUS
10
1.6287401574803149
20
1.370275590551181
11
1.7192913385826771
21
1.370275590551181
0
LINE
8
BLACK
6
CONTINUOUS
10
1.7192913385826771
20
1.370275590551181
11
1.7192913385826771
21
1.2797244094488189
0
LINE
8
BLACK
6
CONTINUOUS
10
2.3680165748031494
20
1.5695077952755905
11
2.3698470078740157
21
1.5673953543307086
0
LINE
8
BLACK
6
CONTINUOUS
10
2.3698470078740157
20
1.5673953543307086
11
2.3702952755905513
21
1.5653346456692914
0
LINE
8
BLACK
6
CONTINUOUS
10
2.3702952755905513
20
1.5653346456692914
11
2.3702952755905513
21
0.0346653543307087
0
LINE
8
BLACK
6
CONTINUOUS
10
2.3702952755905513
20
0.0346653543307087
11
2.3695077952755903
21
0.0319834251968504
0
LINE
8
BLACK
6
CONTINUOUS
10
2.3695077952755903
20
0.0319834251968504
11
2.3673953543307085
21
0.0301529921259843
0
LINE
8
BLACK
6
CONTINUOUS
10
2.3673953543307085
20
0.0301529921259843
11
2.3653346456692912
21
0.0297047244094488
0
LINE
8
BLACK
6
CONTINUOUS
10
2.3653346456692912
20
0.0297047244094488
11
0.0346653543307087
21
0.0297047244094488
0
LINE
8
BLACK
6
CONTINUOUS
10
0.0346653543307087
20
0.0297047244094488
11
0.0319834251968504
21
0.0304922047244094
0
LINE
8
BLACK
6
CONTINUOUS
10
0.0319834251968504
20
0.0304922047244094
11
0.0301529921259843
21
0.0326046456692913
0
LINE
8
BLACK
6
CONTINUOUS
10
0.0301529921259843
20
0.0326046456692913
11
0.0297047244094488
21
0.0346653543307087
0
LINE
8
BLACK
6
CONTINUOUS
10
0.0297047244094488
20
0.0346653543307087
11
0.0297047244094488
21
0.0680846456692913
0
LINE
8
BLACK
6
CONTINUOUS
10
0.0297047244094488
20
0.0680846456692913
11
0.0297047244094488
21
0.2278090551181102
0
LINE
8
BLACK
6
CONTINUOUS
10
0.0297047244094488
20
0.2278090551181102
11
0.0297047244094488
21
0.3680846456692913
0
LINE
8
BLACK
6
CONTINUOUS
10
0.0297047244094488
20
0.3680846456692913
11
0.0297047244094488
21
0.7031496062992126
0
LINE
8
BLACK
6
CONTINUOUS
10
0.0297047244094488
20
0.7031496062992126
11
0.0297047244094488
21
0.7664818503937008
0
LINE
8
BLACK
6
CONTINUOUS
10
0.0297047244094488
20
0.7664818503937008
11
0.0304922047244094
21
0.769163779527559
0
LINE
8
BLACK
6
CONTINUOUS
10
0.0304922047244094
20
0.769163779527559
11
0.0326046456692913
21
0.7709942125984252
0
LINE
8
BLACK
6
CONTINUOUS
10
0.0326046456692913
20
0.7709942125984252
11
0.0353713385826772
21
0.7713920078740157
0
LINE
8
BLACK
6
CONTINUOUS
10
0.0353713385826772
20
0.7713920078740157
11
0.0379138582677165
21
0.7702308267716536
0
LINE
8
BLACK
6
CONTINUOUS
10
0.0379138582677165
20
0.7702308267716536
11
0.0389613779527559
21
0.7689621653543307
0
LINE
8
BLACK
6
CONTINUOUS
10
0.0389613779527559
20
0.7689621653543307
11
0.0436213385826772
21
0.7608908267716535
0
LINE
8
BLACK
6
CONTINUOUS
10
0.0436213385826772
20
0.7608908267716535
11
0.0500911417322835
21
0.7527779921259843
0
LINE
8
BLACK
6
CONTINUOUS
10
0.0500911417322835
20
0.7527779921259843
11
0.0576976377952756
21
0.7457201968503937
0
LINE
8
BLACK
6
CONTINUOUS
10
0.0576976377952756
20
0.7457201968503937
11
0.0576978346456693
21
0.7457200393700787
0
LINE
8
BLACK
6
CONTINUOUS
10
0.0576978346456693
20
0.7457200393700787
11
0.0662706692913386
21
0.739875157480315
0
LINE
8
BLACK
6
CONTINUOUS
10
0.0662706692913386
20
0.739875157480315
11
0.0662709842519685
21
0.7398749999999999
0
LINE
8
BLACK
6
CONTINUOUS
10
0.0662709842519685
20
0.7398749999999999
11
0.0756197637795276
21
0.7353727952755905
0
LINE
8
BLACK
6
CONTINUOUS
10
0.0756197637795276
20
0.7353727952755905
11
0.0756202362204724
21
0.7353725984251969
0
LINE
8
BLACK
6
CONTINUOUS
10
0.0756202362204724
20
0.7353725984251969
11
0.085535
21
0.7323143307086614
0
LINE
8
BLACK
6
CONTINUOUS
10
0.085535
20
0.7323143307086614
11
0.0855353543307087
21
0.732314251968504
0
LINE
8
BLACK
6
CONTINUOUS
10
0.0855353543307087
20
0.732314251968504
11
0.0855354330708661
21
0.732314251968504
0
LINE
8
BLACK
6
CONTINUOUS
10
0.0855354330708661
20
0.732314251968504
11
0.0957960236220472
21
0.730767716535433
0
LINE
8
BLACK
6
CONTINUOUS
10
0.0957960236220472
20
0.730767716535433
11
0.0957961811023622
21
0.730767716535433
0
LINE
8
BLACK
6
CONTINUOUS
10
0.0957961811023622
20
0.730767716535433
11
0.1061723228346457
21
0.730767716535433
0
LINE
8
BLACK
6
CONTINUOUS
10
0.1061723228346457
20
0.730767716535433
11
0.1061724803149606
21
0.730767716535433
0
LINE
8
BLACK
6
CONTINUOUS
10
0.1061724803149606
20
0.730767716535433
11
0.1164330708661417
21
0.732314251968504
0
LINE
8
BLACK
6
CONTINUOUS
10
0.1164330708661417
20
0.732314251968504
11
0.1164331496062992
21
0.732314251968504
0
LINE
8
BLACK
6
CONTINUOUS
10
0.1164331496062992
20
0.732314251968504
11
0.1164334645669291
21
0.7323143307086614
0
LINE
8
BLACK
6
CONTINUOUS
10
0.1164334645669291
20
0.7323143307086614
11
0.1263482283464567
21
0.7353725984251969
0
LINE
8
BLACK
6
CONTINUOUS
10
0.1263482283464567
20
0.7353725984251969
11
0.1263487007874016
21
0.7353727952755905
0
LINE
8
BLACK
6
CONTINUOUS
10
0.1263487007874016
20
0.7353727952755905
11
0.1356975590551181
21
0.7398749999999999
0
LINE
8
BLACK
6
CONTINUOUS
10
0.1356975590551181
20
0.7398749999999999
11
0.1356978346456693
21
0.739875157480315
0
LINE
8
BLACK
6
CONTINUOUS
10
0.1356978346456693
20
0.739875157480315
11
0.1442706299212598
21
0.7457200393700787
0
LINE
8
BLACK
6
CONTINUOUS
10
0.1442706299212598
20
0.7457200393700787
11
0.1442706692913386
21
0.7457200787401574
0
LINE
8
BLACK
6
CONTINUOUS
10
0.1442706692913386
20
0.7457200787401574
11
0.144270905511811
21
0.7457202362204725
0
LINE
8
BLACK
6
CONTINUOUS
10
0.144270905511811
20
0.7457202362204725
11
0.1518774015748031
21
0.7527780314960629
0
LINE
8
BLACK
6
CONTINUOUS
10
0.1518774015748031
20
0.7527780314960629
11
0.151902125984252
21
0.7528090551181102
0
LINE
8
BLACK
6
CONTINUOUS
10
0.151902125984252
20
0.7528090551181102
11
0.1583470472440945
21
0.7608907086614173
0
LINE
8
BLACK
6
CONTINUOUS
10
0.1583470472440945
20
0.7608907086614173
11
0.1589814566929134
21
0.7619895275590551
0
LINE
8
BLACK
6
CONTINUOUS
10
0.1589814566929134
20
0.7619895275590551
11
0.1635351968503937
21
0.769876811023622
0
LINE
8
BLACK
6
CONTINUOUS
10
0.1635351968503937
20
0.769876811023622
11
0.1635353149606299
21
0.769877125984252
0
LINE
8
BLACK
6
CONTINUOUS
10
0.1635353149606299
20
0.769877125984252
11
0.1641298818897638
21
0.7713920078740157
0
LINE
8
BLACK
6
CONTINUOUS
10
0.1641298818897638
20
0.7713920078740157
11
0.1673262598425197
21
0.779536220472441
0
LINE
8
BLACK
6
CONTINUOUS
10
0.1673262598425197
20
0.779536220472441
11
0.1696352362204724
21
0.7896525196850394
0
LINE
8
BLACK
6
CONTINUOUS
10
0.1696352362204724
20
0.7896525196850394
11
0.1704106692913386
21
0.7999999999999999
0
LINE
8
BLACK
6
CONTINUOUS
10
0.1704106692913386
20
0.7999999999999999
11
0.1696352362204724
21
0.8103474803149606
0
LINE
8
BLACK
6
CONTINUOUS
10
0.1696352362204724
20
0.8103474803149606
11
0.1673262598425197
21
0.820463779527559
0
LINE
8
BLACK
6
CONTINUOUS
10
0.1673262598425197
20
0.820463779527559
11
0.1635352755905512
21
0.8301229921259843
0
LINE
8
BLACK
6
CONTINUOUS
10
0.1635352755905512
20
0.8301229921259843
11
0.1583470472440945
21
0.8391092913385827
0
LINE
8
BLACK
6
CONTINUOUS
10
0.1583470472440945
20
0.8391092913385827
11
0.1518774015748031
21
0.8472219685039369
0
LINE
8
BLACK
6
CONTINUOUS
10
0.1518774015748031
20
0.8472219685039369
11
0.144270905511811
21
0.8542797637795275
0
LINE
8
BLACK
6
CONTINUOUS
10
0.144270905511811
20
0.8542797637795275
11
0.1356974803149606
21
0.8601250393700787
0
LINE
8
BLACK
6
CONTINUOUS
10
0.1356974803149606
20
0.8601250393700787
11
0.1263485826771653
21
0.8646272440944882
0
LINE
8
BLACK
6
CONTINUOUS
10
0.1263485826771653
20
0.8646272440944882
11
0.1263483070866142
21
0.8646273228346456
0
LINE
8
BLACK
6
CONTINUOUS
10
0.1263483070866142
20
0.8646273228346456
11
0.1263482283464567
21
0.8646273622047244
0
LINE
8
BLACK
6
CONTINUOUS
10
0.1263482283464567
20
0.8646273622047244
11
0.1164334645669291
21
0.8676856299212599
0
LINE
8
BLACK
6
CONTINUOUS
10
0.1164334645669291
20
0.8676856299212599
11
0.1164334251968504
21
0.8676856299212599
0
LINE
8
BLACK
6
CONTINUOUS
10
0.1164334251968504
20
0.8676856299212599
11
0.1164330708661417
21
0.867685748031496
0
LINE
8
BLACK
6
CONTINUOUS
10
0.1164330708661417
20
0.867685748031496
11
0.1061724803149606
21
0.8692322834645669
0
LINE
8
BLACK
6
CONTINUOUS
10
0.1061724803149606
20
0.8692322834645669
11
0.0957960236220472
21
0.8692322834645669
0
LINE
8
BLACK
6
CONTINUOUS
10
0.0957960236220472
20
0.8692322834645669
11
0.0855354330708661
21
0.867685748031496
0
LINE
8
BLACK
6
CONTINUOUS
10
0.0855354330708661
20
0.867685748031496
11
0.0855350787401575
21
0.8676856299212599
0
LINE
8
BLACK
6
CONTINUOUS
10
0.0855350787401575
20
0.8676856299212599
11
0.085535
21
0.8676856299212599
0
LINE
8
BLACK
6
CONTINUOUS
10
0.085535
20
0.8676856299212599
11
0.0756202362204724
21
0.8646273622047244
0
LINE
8
BLACK
6
CONTINUOUS
10
0.0756202362204724
20
0.8646273622047244
11
0.0756200393700787
21
0.8646272440944882
0
LINE
8
BLACK
6
CONTINUOUS
10
0.0756200393700787
20
0.8646272440944882
11
0.0756199212598425
21
0.8646272440944882
0
LINE
8
BLACK
6
CONTINUOUS
10
0.0756199212598425
20
0.8646272440944882
11
0.066271062992126
21
0.8601250393700787
0
LINE
8
BLACK
6
CONTINUOUS
10
0.066271062992126
20
0.8601250393700787
11
0.0662708267716535
21
0.8601248818897638
0
LINE
8
BLACK
6
CONTINUOUS
10
0.0662708267716535
20
0.8601248818897638
11
0.0662706692913386
21
0.8601248031496063
0
LINE
8
BLACK
6
CONTINUOUS
10
0.0662706692913386
20
0.8601248031496063
11
0.058708188976378
21
0.854968779527559
0
LINE
8
BLACK
6
CONTINUOUS
10
0.058708188976378
20
0.854968779527559
11
0.0576975984251968
21
0.8542797637795275
0
LINE
8
BLACK
6
CONTINUOUS
10
0.0576975984251968
20
0.8542797637795275
11
0.0500911023622047
21
0.8472219685039369
0
LINE
8
BLACK
6
CONTINUOUS
10
0.0500911023622047
20
0.8472219685039369
11
0.0450227952755905
21
0.8408664960629921
0
LINE
8
BLACK
6
CONTINUOUS
10
0.0450227952755905
20
0.8408664960629921
11
0.0436213385826772
21
0.8391091338582677
0
LINE
8
BLACK
6
CONTINUOUS
10
0.0436213385826772
20
0.8391091338582677
11
0.0389613779527559
21
0.8310377952755905
0
LINE
8
BLACK
6
CONTINUOUS
10
0.0389613779527559
20
0.8310377952755905
11
0.0369384645669291
21
0.829108937007874
0
LINE
8
BLACK
6
CONTINUOUS
10
0.0369384645669291
20
0.829108937007874
11
0.0341938188976378
21
0.8285799606299212
0
LINE
8
BLACK
6
CONTINUOUS
10
0.0341938188976378
20
0.8285799606299212
11
0.0315988976377953
21
0.829618779527559
0
LINE
8
BLACK
6
CONTINUOUS
10
0.0315988976377953
20
0.829618779527559
11
0.0299775590551181
21
0.8318956299212599
0
LINE
8
BLACK
6
CONTINUOUS
10
0.0299775590551181
20
0.8318956299212599
11
0.0297047244094488
21
0.8335181102362205
0
LINE
8
BLACK
6
CONTINUOUS
10
0.0297047244094488
20
0.8335181102362205
11
0.0297047244094488
21
1.0702750787401574
0
LINE
8
BLACK
6
CONTINUOUS
10
0.0297047244094488
20
1.0702750787401574
11
0.0304922047244094
21
1.0729570078740158
0
LINE
8
BLACK
6
CONTINUOUS
10
0.0304922047244094
20
1.0729570078740158
11
0.0326046456692913
21
1.0747874409448819
0
LINE
8
BLACK
6
CONTINUOUS
10
0.0326046456692913
20
1.0747874409448819
11
0.0353713385826772
21
1.0751852362204724
0
LINE
8
BLACK
6
CONTINUOUS
10
0.0353713385826772
20
1.0751852362204724
11
0.0376381496062992
21
1.0742462598425198
0
LINE
8
BLACK
6
CONTINUOUS
10
0.0376381496062992
20
1.0742462598425198
11
0.0403067716535433
21
1.0722485039370078
0
LINE
8
BLACK
6
CONTINUOUS
10
0.0403067716535433
20
1.0722485039370078
11
0.040306968503937
21
1.0722484251968503
0
LINE
8
BLACK
6
CONTINUOUS
10
0.040306968503937
20
1.0722484251968503
11
0.0457005905511811
21
1.070236653543307
0
LINE
8
BLACK
6
CONTINUOUS
10
0.0457005905511811
20
1.070236653543307
11
0.045700905511811
21
1.0702365748031495
0
LINE
8
BLACK
6
CONTINUOUS
10
0.045700905511811
20
1.0702365748031495
11
0.0480846456692913
21
1.06998031496063
0
LINE
8
BLACK
6
CONTINUOUS
10
0.0480846456692913
20
1.06998031496063
11
0.0480851181102362
21
1.06998031496063
0
LINE
8
BLACK
6
CONTINUOUS
10
0.0480851181102362
20
1.06998031496063
11
0.0928937401574803
21
1.06998031496063
0
LINE
8
BLACK
6
CONTINUOUS
10
0.0928937401574803
20
1.06998031496063
11
0.0955756692913386
21
1.0691928346456692
0
LINE
8
BLACK
6
CONTINUOUS
10
0.0955756692913386
20
1.0691928346456692
11
0.0974061023622047
21
1.0670803937007873
0
LINE
8
BLACK
6
CONTINUOUS
10
0.0974061023622047
20
1.0670803937007873
11
0.0978543700787401
21
1.0650196850393701
0
LINE
8
BLACK
6
CONTINUOUS
10
0.0978543700787401
20
1.0650196850393701
11
0.0978543700787401
21
1.0358909448818898
0
LINE
8
BLACK
6
CONTINUOUS
10
0.0978543700787401
20
1.0358909448818898
11
0.0970668897637795
21
1.0332090157480314
0
LINE
8
BLACK
6
CONTINUOUS
10
0.0970668897637795
20
1.0332090157480314
11
0.0967286220472441
21
1.0327442913385827
0
LINE
8
BLACK
6
CONTINUOUS
10
0.0967286220472441
20
1.0327442913385827
11
0.0965120472440945
21
1.0324803937007874
0
LINE
8
BLACK
6
CONTINUOUS
10
0.0965120472440945
20
1.0324803937007874
11
0.096511968503937
21
1.0324802755905511
0
LINE
8
BLACK
6
CONTINUOUS
10
0.096511968503937
20
1.0324802755905511
11
0.0928251968503937
21
1.0255828346456692
0
LINE
8
BLACK
6
CONTINUOUS
10
0.0928251968503937
20
1.0255828346456692
11
0.092825157480315
21
1.0255827559055117
0
LINE
8
BLACK
6
CONTINUOUS
10
0.092825157480315
20
1.0255827559055117
11
0.0905548031496063
21
1.0180985433070866
0
LINE
8
BLACK
6
CONTINUOUS
10
0.0905548031496063
20
1.0180985433070866
11
0.0905547244094488
21
1.0180980708661418
0
LINE
8
BLACK
6
CONTINUOUS
10
0.0905547244094488
20
1.0180980708661418
11
0.0897882283464567
21
1.0103150787401574
0
LINE
8
BLACK
6
CONTINUOUS
10
0.0897882283464567
20
1.0103150787401574
11
0.0897882283464567
21
1.0103147244094488
0
LINE
8
BLACK
6
CONTINUOUS
10
0.0897882283464567
20
1.0103147244094488
11
0.0905547244094488
21
1.0025317322834646
0
LINE
8
BLACK
6
CONTINUOUS
10
0.0905547244094488
20
1.0025317322834646
11
0.0905548031496063
21
1.0025312598425196
0
LINE
8
BLACK
6
CONTINUOUS
10
0.0905548031496063
20
1.0025312598425196
11
0.092825157480315
21
0.9950470472440944
0
LINE
8
BLACK
6
CONTINUOUS
10
0.092825157480315
20
0.9950470472440944
11
0.0928251968503937
21
0.995046968503937
0
LINE
8
BLACK
6
CONTINUOUS
10
0.0928251968503937
20
0.995046968503937
11
0.0965120472440945
21
0.9881494094488189
0
LINE
8
BLACK
6
CONTINUOUS
10
0.0965120472440945
20
0.9881494094488189
11
0.1002300393700787
21
0.9836189763779527
0
LINE
8
BLACK
6
CONTINUOUS
10
0.1002300393700787
20
0.9836189763779527
11
0.1002307480314961
21
0.9836182283464566
0
LINE
8
BLACK
6
CONTINUOUS
10
0.1002307480314961
20
0.9836182283464566
11
0.2103725590551181
21
0.8734764173228347
0
LINE
8
BLACK
6
CONTINUOUS
10
0.2103725590551181
20
0.8734764173228347
11
0.2106994094488189
21
0.8731158267716536
0
LINE
8
BLACK
6
CONTINUOUS
10
0.2106994094488189
20
0.8731158267716536
11
0.2117885826771654
21
0.8717886614173228
0
LINE
8
BLACK
6
CONTINUOUS
10
0.2117885826771654
20
0.8717886614173228
11
0.2178344488188976
21
0.866826968503937
0
LINE
8
BLACK
6
CONTINUOUS
10
0.2178344488188976
20
0.866826968503937
11
0.2247320472440945
21
0.8631401181102362
0
LINE
8
BLACK
6
CONTINUOUS
10
0.2247320472440945
20
0.8631401181102362
11
0.224732125984252
21
0.8631400787401574
0
LINE
8
BLACK
6
CONTINUOUS
10
0.224732125984252
20
0.8631400787401574
11
0.2322163385826772
21
0.8608697244094488
0
LINE
8
BLACK
6
CONTINUOUS
10
0.2322163385826772
20
0.8608697244094488
11
0.232216811023622
21
0.8608696456692914
0
LINE
8
BLACK
6
CONTINUOUS
10
0.232216811023622
20
0.8608696456692914
11
0.239999842519685
21
0.8601031496062992
0
LINE
8
BLACK
6
CONTINUOUS
10
0.239999842519685
20
0.8601031496062992
11
0.24
21
0.8601031496062992
0
LINE
8
BLACK
6
CONTINUOUS
10
0.24
20
0.8601031496062992
11
0.2400001181102362
21
0.8601031496062992
0
LINE
8
BLACK
6
CONTINUOUS
10
0.2400001181102362
20
0.8601031496062992
11
0.2417081496062992
21
0.8602713779527559
0
LINE
8
BLACK
6
CONTINUOUS
10
0.2417081496062992
20
0.8602713779527559
11
0.2421943700787401
21
0.8602952755905512
0
LINE
8
BLACK
6
CONTINUOUS
10
0.2421943700787401
20
0.8602952755905512
11
1.0919509055118111
21
0.8602952755905512
0
LINE
8
BLACK
6
CONTINUOUS
10
1.0919509055118111
20
0.8602952755905512
11
1.0977832283464566
21
0.8608696850393701
0
LINE
8
BLACK
6
CONTINUOUS
10
1.0977832283464566
20
0.8608696850393701
11
1.105267874015748
21
0.8631401181102362
0
LINE
8
BLACK
6
CONTINUOUS
10
1.105267874015748
20
0.8631401181102362
11
1.1121655118110236
21
0.866826968503937
0
LINE
8
BLACK
6
CONTINUOUS
10
1.1121655118110236
20
0.866826968503937
11
1.1131131102362204
21
0.8676046456692913
0
LINE
8
BLACK
6
CONTINUOUS
10
1.1131131102362204
20
0.8676046456692913
11
1.1182113385826771
21
0.8717886614173228
0
LINE
8
BLACK
6
CONTINUOUS
10
1.1182113385826771
20
0.8717886614173228
11
1.1231730314960631
21
0.8778344881889764
0
LINE
8
BLACK
6
CONTINUOUS
10
1.1231730314960631
20
0.8778344881889764
11
1.1268598818897637
21
0.884732125984252
0
LINE
8
BLACK
6
CONTINUOUS
10
1.1268598818897637
20
0.884732125984252
11
1.1291302362204725
21
0.8922164960629921
0
LINE
8
BLACK
6
CONTINUOUS
10
1.1291302362204725
20
0.8922164960629921
11
1.1298968503937008
21
0.9
0
LINE
8
BLACK
6
CONTINUOUS
10
1.1298968503937008
20
0.9
11
1.1291302362204725
21
0.9077835039370079
0
LINE
8
BLACK
6
CONTINUOUS
10
1.1291302362204725
20
0.9077835039370079
11
1.1268598818897637
21
0.9152678740157481
0
LINE
8
BLACK
6
CONTINUOUS
10
1.1268598818897637
20
0.9152678740157481
11
1.1231730314960631
21
0.9221655118110236
0
LINE
8
BLACK
6
CONTINUOUS
10
1.1231730314960631
20
0.9221655118110236
11
1.1182113385826771
21
0.9282113385826771
0
LINE
8
BLACK
6
CONTINUOUS
10
1.1182113385826771
20
0.9282113385826771
11
1.1121655118110236
21
0.933173031496063
0
LINE
8
BLACK
6
CONTINUOUS
10
1.1121655118110236
20
0.933173031496063
11
1.105267874015748
21
0.9368598818897638
0
LINE
8
BLACK
6
CONTINUOUS
10
1.105267874015748
20
0.9368598818897638
11
1.0977835039370079
21
0.9391302362204724
0
LINE
8
BLACK
6
CONTINUOUS
10
1.0977835039370079
20
0.9391302362204724
11
1.0977832677165353
21
0.9391302362204724
0
LINE
8
BLACK
6
CONTINUOUS
10
1.0977832677165353
20
0.9391302362204724
11
1.0977832283464566
21
0.9391302755905512
0
LINE
8
BLACK
6
CONTINUOUS
10
1.0977832283464566
20
0.9391302755905512
11
1.0952661811023623
21
0.9393781496062992
0
LINE
8
BLACK
6
CONTINUOUS
10
1.0952661811023623
20
0.9393781496062992
11
1.0919506692913385
21
0.9397047244094487
0
LINE
8
BLACK
6
CONTINUOUS
10
1.0919506692913385
20
0.9397047244094487
11
1.0919502755905512
21
0.9397047244094487
0
LINE
8
BLACK
6
CONTINUOUS
10
1.0919502755905512
20
0.9397047244094487
11
0.2585009448818897
21
0.9397047244094487
0
LINE
8
BLACK
6
CONTINUOUS
10
0.2585009448818897
20
0.9397047244094487
11
0.2558190157480315
21
0.9404922047244094
0
LINE
8
BLACK
6
CONTINUOUS
10
0.2558190157480315
20
0.9404922047244094
11
0.2549932677165354
21
0.9411576771653543
0
LINE
8
BLACK
6
CONTINUOUS
10
0.2549932677165354
20
0.9411576771653543
11
0.1629687401574803
21
1.0331822047244095
0
LINE
8
BLACK
6
CONTINUOUS
10
0.1629687401574803
20
1.0331822047244095
11
0.1616291338582677
21
1.0356354330708661
0
LINE
8
BLACK
6
CONTINUOUS
10
0.1616291338582677
20
1.0356354330708661
11
0.1615157874015748
21
1.0366898818897639
0
LINE
8
BLACK
6
CONTINUOUS
10
0.1615157874015748
20
1.0366898818897639
11
0.1615157874015748
21
1.0650196850393701
0
LINE
8
BLACK
6
CONTINUOUS
10
0.1615157874015748
20
1.0650196850393701
11
0.1623032677165354
21
1.0677016141732283
0
LINE
8
BLACK
6
CONTINUOUS
10
0.1623032677165354
20
1.0677016141732283
11
0.1644157086614173
21
1.0695320472440946
0
LINE
8
BLACK
6
CONTINUOUS
10
0.1644157086614173
20
1.0695320472440946
11
0.1664764173228346
21
1.06998031496063
0
LINE
8
BLACK
6
CONTINUOUS
10
0.1664764173228346
20
1.06998031496063
11
0.2119153149606299
21
1.06998031496063
0
LINE
8
BLACK
6
CONTINUOUS
10
0.2119153149606299
20
1.06998031496063
11
0.2142990551181102
21
1.0702365748031495
0
LINE
8
BLACK
6
CONTINUOUS
10
0.2142990551181102
20
1.0702365748031495
11
0.2142993700787401
21
1.070236653543307
0
LINE
8
BLACK
6
CONTINUOUS
10
0.2142993700787401
20
1.070236653543307
11
0.2196929921259843
21
1.0722484251968503
0
LINE
8
BLACK
6
CONTINUOUS
10
0.2196929921259843
20
1.0722484251968503
11
0.2196931889763779
21
1.0722485039370078
0
LINE
8
BLACK
6
CONTINUOUS
10
0.2196931889763779
20
1.0722485039370078
11
0.2243016141732283
21
1.0756983858267717
0
LINE
8
BLACK
6
CONTINUOUS
10
0.2243016141732283
20
1.0756983858267717
11
0.2260288582677165
21
1.0780056299212599
0
LINE
8
BLACK
6
CONTINUOUS
10
0.2260288582677165
20
1.0780056299212599
11
0.2282664960629921
21
1.0796806692913385
0
LINE
8
BLACK
6
CONTINUOUS
10
0.2282664960629921
20
1.0796806692913385
11
0.2310544881889764
21
1.0798800393700787
0
LINE
8
BLACK
6
CONTINUOUS
10
0.2310544881889764
20
1.0798800393700787
11
0.2335077165354331
21
1.0785404724409449
0
LINE
8
BLACK
6
CONTINUOUS
10
0.2335077165354331
20
1.0785404724409449
11
0.2339711417322834
21
1.0780056299212599
0
LINE
8
BLACK
6
CONTINUOUS
10
0.2339711417322834
20
1.0780056299212599
11
0.2356983464566929
21
1.0756983858267717
0
LINE
8
BLACK
6
CONTINUOUS
10
0.2356983464566929
20
1.0756983858267717
11
0.2403067716535433
21
1.0722485039370078
0
LINE
8
BLACK
6
CONTINUOUS
10
0.2403067716535433
20
1.0722485039370078
11
0.240306968503937
21
1.0722484251968503
0
LINE
8
BLACK
6
CONTINUOUS
10
0.240306968503937
20
1.0722484251968503
11
0.2457005905511811
21
1.070236653543307
0
LINE
8
BLACK
6
CONTINUOUS
10
0.2457005905511811
20
1.070236653543307
11
0.245700905511811
21
1.0702365748031495
0
LINE
8
BLACK
6
CONTINUOUS
10
0.245700905511811
20
1.0702365748031495
11
0.2480846456692913
21
1.06998031496063
0
LINE
8
BLACK
6
CONTINUOUS
10
0.2480846456692913
20
1.06998031496063
11
0.2480851181102362
21
1.06998031496063
0
LINE
8
BLACK
6
CONTINUOUS
10
0.2480851181102362
20
1.06998031496063
11
0.3119153149606299
21
1.06998031496063
0
LINE
8
BLACK
6
CONTINUOUS
10
0.3119153149606299
20
1.06998031496063
11
0.3142990551181102
21
1.0702365748031495
0
LINE
8
BLACK
6
CONTINUOUS
10
0.3142990551181102
20
1.0702365748031495
11
0.3142993700787401
21
1.070236653543307
0
LINE
8
BLACK
6
CONTINUOUS
10
0.3142993700787401
20
1.070236653543307
11
0.3196929921259842
21
1.0722484251968503
0
LINE
8
BLACK
6
CONTINUOUS
10
0.3196929921259842
20
1.0722484251968503
11
0.3196931889763779
21
1.0722485039370078
0
LINE
8
BLACK
6
CONTINUOUS
10
0.3196931889763779
20
1.0722485039370078
11
0.3243016141732283
21
1.0756983464566929
0
LINE
8
BLACK
6
CONTINUOUS
10
0.3243016141732283
20
1.0756983464566929
11
0.3277514566929134
21
1.0803067716535433
0
LINE
8
BLACK
6
CONTINUOUS
10
0.3277514566929134
20
1.0803067716535433
11
0.3277515354330708
21
1.080306968503937
0
LINE
8
BLACK
6
CONTINUOUS
10
0.3277515354330708
20
1.080306968503937
11
0.3297633070866142
21
1.0857005905511812
0
LINE
8
BLACK
6
CONTINUOUS
10
0.3297633070866142
20
1.0857005905511812
11
0.3297633858267717
21
1.085700905511811
0
LINE
8
BLACK
6
CONTINUOUS
10
0.3297633858267717
20
1.085700905511811
11
0.3300196456692913
21
1.0880846456692914
0
LINE
8
BLACK
6
CONTINUOUS
10
0.3300196456692913
20
1.0880846456692914
11
0.3300196850393701
21
1.08808531496063
0
LINE
8
BLACK
6
CONTINUOUS
10
0.3300196850393701
20
1.08808531496063
11
0.3300196850393701
21
1.1519146456692912
0
LINE
8
BLACK
6
CONTINUOUS
10
0.3300196850393701
20
1.1519146456692912
11
0.3300196456692913
21
1.1519153149606298
0
LINE
8
BLACK
6
CONTINUOUS
10
0.3300196456692913
20
1.1519153149606298
11
0.3297633858267717
21
1.1542990551181103
0
LINE
8
BLACK
6
CONTINUOUS
10
0.3297633858267717
20
1.1542990551181103
11
0.3297633070866142
21
1.1542993700787401
0
LINE
8
BLACK
6
CONTINUOUS
10
0.3297633070866142
20
1.1542993700787401
11
0.3294866141732283
21
1.1550411417322834
0
LINE
8
BLACK
6
CONTINUOUS
10
0.3294866141732283
20
1.1550411417322834
11
0.3277515354330708
21
1.1596930708661417
0
LINE
8
BLACK
6
CONTINUOUS
10
0.3277515354330708
20
1.1596930708661417
11
0.3243016141732283
21
1.1643016141732283
0
LINE
8
BLACK
6
CONTINUOUS
10
0.3243016141732283
20
1.1643016141732283
11
0.3219943700787402
21
1.1660288188976378
0
LINE
8
BLACK
6
CONTINUOUS
10
0.3219943700787402
20
1.1660288188976378
11
0.3203192913385827
21
1.1682664566929133
0
LINE
8
BLACK
6
CONTINUOUS
10
0.3203192913385827
20
1.1682664566929133
11
0.3201199212598425
21
1.1710544881889764
0
LINE
8
BLACK
6
CONTINUOUS
10
0.3201199212598425
20
1.1710544881889764
11
0.3214594881889764
21
1.1735077165354331
0
LINE
8
BLACK
6
CONTINUOUS
10
0.3214594881889764
20
1.1735077165354331
11
0.3219943700787402
21
1.1739711811023621
0
LINE
8
BLACK
6
CONTINUOUS
10
0.3219943700787402
20
1.1739711811023621
11
0.3243016141732283
21
1.1756983464566928
0
LINE
8
BLACK
6
CONTINUOUS
10
0.3243016141732283
20
1.1756983464566928
11
0.3277514566929134
21
1.1803067716535434
0
LINE
8
BLACK
6
CONTINUOUS
10
0.3277514566929134
20
1.1803067716535434
11
0.3277515354330708
21
1.1803069685039369
0
LINE
8
BLACK
6
CONTINUOUS
10
0.3277515354330708
20
1.1803069685039369
11
0.3297633070866142
21
1.185700590551181
0
LINE
8
BLACK
6
CONTINUOUS
10
0.3297633070866142
20
1.185700590551181
11
0.3297633858267717
21
1.1857009055118111
0
LINE
8
BLACK
6
CONTINUOUS
10
0.3297633858267717
20
1.1857009055118111
11
0.3300196456692913
21
1.1880846456692913
0
LINE
8
BLACK
6
CONTINUOUS
10
0.3300196456692913
20
1.1880846456692913
11
0.3300196850393701
21
1.1880853149606299
0
LINE
8
BLACK
6
CONTINUOUS
10
0.3300196850393701
20
1.1880853149606299
11
0.3300196850393701
21
1.2519146456692913
0
LINE
8
BLACK
6
CONTINUOUS
10
0.3300196850393701
20
1.2519146456692913
11
0.3300196456692913
21
1.2519153149606299
0
LINE
8
BLACK
6
CONTINUOUS
10
0.3300196456692913
20
1.2519153149606299
11
0.3297633858267717
21
1.2542990551181101
0
LINE
8
BLACK
6
CONTINUOUS
10
0.3297633858267717
20
1.2542990551181101
11
0.3297633070866142
21
1.2542993700787402
0
LINE
8
BLACK
6
CONTINUOUS
10
0.3297633070866142
20
1.2542993700787402
11
0.3292414960629921
21
1.2556983858267716
0
LINE
8
BLACK
6
CONTINUOUS
10
0.3292414960629921
20
1.2556983858267716
11
0.3277515354330708
21
1.2596930708661418
0
LINE
8
BLACK
6
CONTINUOUS
10
0.3277515354330708
20
1.2596930708661418
11
0.3277427952755905
21
1.2597047244094488
0
LINE
8
BLACK
6
CONTINUOUS
10
0.3277427952755905
20
1.2597047244094488
11
0.3243016141732283
21
1.2643016141732284
0
LINE
8
BLACK
6
CONTINUOUS
10
0.3243016141732283
20
1.2643016141732284
11
0.3196931889763779
21
1.2677514566929133
0
LINE
8
BLACK
6
CONTINUOUS
10
0.3196931889763779
20
1.2677514566929133
11
0.3196931496062992
21
1.2677514566929133
0
LINE
8
BLACK
6
CONTINUOUS
10
0.3196931496062992
20
1.2677514566929133
11
0.3196930708661417
21
1.2677515354330708
0
LINE
8
BLACK
6
CONTINUOUS
10
0.3196930708661417
20
1.2677515354330708
11
0.3150411417322835
21
1.2694866141732284
0
LINE
8
BLACK
6
CONTINUOUS
10
0.3150411417322835
20
1.2694866141732284
11
0.3142993700787401
21
1.2697633070866141
0
LINE
8
BLACK
6
CONTINUOUS
10
0.3142993700787401
20
1.2697633070866141
11
0.3142993307086614
21
1.2697633070866141
0
LINE
8
BLACK
6
CONTINUOUS
10
0.3142993307086614
20
1.2697633070866141
11
0.3142992519685039
21
1.2697633464566929
0
LINE
8
BLACK
6
CONTINUOUS
10
0.3142992519685039
20
1.2697633464566929
11
0.3142991732283464
21
1.2697633464566929
0
LINE
8
BLACK
6
CONTINUOUS
10
0.3142991732283464
20
1.2697633464566929
11
0.3142990551181102
21
1.2697633858267716
0
LINE
8
BLACK
6
CONTINUOUS
10
0.3142990551181102
20
1.2697633858267716
11
0.3119153149606299
21
1.2700196456692914
0
LINE
8
BLACK
6
CONTINUOUS
10
0.3119153149606299
20
1.2700196456692914
11
0.311915157480315
21
1.2700196456692914
0
LINE
8
BLACK
6
CONTINUOUS
10
0.311915157480315
20
1.2700196456692914
11
0.3119148818897638
21
1.2700196850393701
0
LINE
8
BLACK
6
CONTINUOUS
10
0.3119148818897638
20
1.2700196850393701
11
0.2480851181102362
21
1.2700196850393701
0
LINE
8
BLACK
6
CONTINUOUS
10
0.2480851181102362
20
1.2700196850393701
11
0.248084842519685
21
1.2700196456692914
0
LINE
8
BLACK
6
CONTINUOUS
10
0.248084842519685
20
1.2700196456692914
11
0.2480846456692913
21
1.2700196456692914
0
LINE
8
BLACK
6
CONTINUOUS
10
0.2480846456692913
20
1.2700196456692914
11
0.245700905511811
21
1.2697633858267716
0
LINE
8
BLACK
6
CONTINUOUS
10
0.245700905511811
20
1.2697633858267716
11
0.2457005905511811
21
1.2697633070866141
0
LINE
8
BLACK
6
CONTINUOUS
10
0.2457005905511811
20
1.2697633070866141
11
0.242632874015748
21
1.2686190551181102
0
LINE
8
BLACK
6
CONTINUOUS
10
0.242632874015748
20
1.2686190551181102
11
0.2403069291338583
21
1.2677515354330708
0
LINE
8
BLACK
6
CONTINUOUS
10
0.2403069291338583
20
1.2677515354330708
11
0.2403068503937008
21
1.2677514960629921
0
LINE
8
BLACK
6
CONTINUOUS
10
0.2403068503937008
20
1.2677514960629921
11
0.2403067716535433
21
1.2677514566929133
0
LINE
8
BLACK
6
CONTINUOUS
10
0.2403067716535433
20
1.2677514566929133
11
0.2356983464566929
21
1.2643016141732284
0
LINE
8
BLACK
6
CONTINUOUS
10
0.2356983464566929
20
1.2643016141732284
11
0.2339711811023622
21
1.2619943700787402
0
LINE
8
BLACK
6
CONTINUOUS
10
0.2339711811023622
20
1.2619943700787402
11
0.2317335433070866
21
1.2603192913385826
0
LINE
8
BLACK
6
CONTINUOUS
10
0.2317335433070866
20
1.2603192913385826
11
0.2289455118110236
21
1.2601199212598424
0
LINE
8
BLACK
6
CONTINUOUS
10
0.2289455118110236
20
1.2601199212598424
11
0.2264922834645669
21
1.2614594881889762
0
LINE
8
BLACK
6
CONTINUOUS
10
0.2264922834645669
20
1.2614594881889762
11
0.2260288188976378
21
1.2619943700787402
0
LINE
8
BLACK
6
CONTINUOUS
10
0.2260288188976378
20
1.2619943700787402
11
0.2243016141732283
21
1.2643016141732284
0
LINE
8
BLACK
6
CONTINUOUS
10
0.2243016141732283
20
1.2643016141732284
11
0.2196931889763779
21
1.2677514566929133
0
LINE
8
BLACK
6
CONTINUOUS
10
0.2196931889763779
20
1.2677514566929133
11
0.2196931496062992
21
1.2677514566929133
0
LINE
8
BLACK
6
CONTINUOUS
10
0.2196931496062992
20
1.2677514566929133
11
0.2196930708661417
21
1.2677515354330708
0
LINE
8
BLACK
6
CONTINUOUS
10
0.2196930708661417
20
1.2677515354330708
11
0.2150411417322834
21
1.2694866141732284
0
LINE
8
BLACK
6
CONTINUOUS
10
0.2150411417322834
20
1.2694866141732284
11
0.2142993700787401
21
1.2697633070866141
0
LINE
8
BLACK
6
CONTINUOUS
10
0.2142993700787401
20
1.2697633070866141
11
0.2142993307086614
21
1.2697633070866141
0
LINE
8
BLACK
6
CONTINUOUS
10
0.2142993307086614
20
1.2697633070866141
11
0.2142992519685039
21
1.2697633464566929
0
LINE
8
BLACK
6
CONTINUOUS
10
0.2142992519685039
20
1.2697633464566929
11
0.2142991732283465
21
1.2697633464566929
0
LINE
8
BLACK
6
CONTINUOUS
10
0.2142991732283465
20
1.2697633464566929
11
0.2142990551181102
21
1.2697633858267716
0
LINE
8
BLACK
6
CONTINUOUS
10
0.2142990551181102
20
1.2697633858267716
11
0.2119153149606299
21
1.2700196456692914
0
LINE
8
BLACK
6
CONTINUOUS
10
0.2119153149606299
20
1.2700196456692914
11
0.2119151574803149
21
1.2700196456692914
0
LINE
8
BLACK
6
CONTINUOUS
10
0.2119151574803149
20
1.2700196456692914
11
0.2119148818897638
21
1.2700196850393701
0
LINE
8
BLACK
6
CONTINUOUS
10
0.2119148818897638
20
1.2700196850393701
11
0.1480851181102362
21
1.2700196850393701
0
LINE
8
BLACK
6
CONTINUOUS
10
0.1480851181102362
20
1.2700196850393701
11
0.148084842519685
21
1.2700196456692914
0
LINE
8
BLACK
6
CONTINUOUS
10
0.148084842519685
20
1.2700196456692914
11
0.1480846456692913
21
1.2700196456692914
0
LINE
8
BLACK
6
CONTINUOUS
10
0.1480846456692913
20
1.2700196456692914
11
0.145700905511811
21
1.2697633858267716
0
LINE
8
BLACK
6
CONTINUOUS
10
0.145700905511811
20
1.2697633858267716
11
0.1457005905511811
21
1.2697633070866141
0
LINE
8
BLACK
6
CONTINUOUS
10
0.1457005905511811
20
1.2697633070866141
11
0.142632874015748
21
1.2686190551181102
0
LINE
8
BLACK
6
CONTINUOUS
10
0.142632874015748
20
1.2686190551181102
11
0.1403069291338583
21
1.2677515354330708
0
LINE
8
BLACK
6
CONTINUOUS
10
0.1403069291338583
20
1.2677515354330708
11
0.1403068503937008
21
1.2677514960629921
0
LINE
8
BLACK
6
CONTINUOUS
10
0.1403068503937008
20
1.2677514960629921
11
0.1403067716535433
21
1.2677514566929133
0
LINE
8
BLACK
6
CONTINUOUS
10
0.1403067716535433
20
1.2677514566929133
11
0.1356983464566929
21
1.2643016141732284
0
LINE
8
BLACK
6
CONTINUOUS
10
0.1356983464566929
20
1.2643016141732284
11
0.1339711811023622
21
1.2619943700787402
0
LINE
8
BLACK
6
CONTINUOUS
10
0.1339711811023622
20
1.2619943700787402
11
0.1317335433070866
21
1.2603192913385826
0
LINE
8
BLACK
6
CONTINUOUS
10
0.1317335433070866
20
1.2603192913385826
11
0.1289455118110236
21
1.2601199212598424
0
LINE
8
BLACK
6
CONTINUOUS
10
0.1289455118110236
20
1.2601199212598424
11
0.1264922834645669
21
1.2614594881889762
0
LINE
8
BLACK
6
CONTINUOUS
10
0.1264922834645669
20
1.2614594881889762
11
0.1260288188976378
21
1.2619943700787402
0
LINE
8
BLACK
6
CONTINUOUS
10
0.1260288188976378
20
1.2619943700787402
11
0.1243016141732283
21
1.2643016141732284
0
LINE
8
BLACK
6
CONTINUOUS
10
0.1243016141732283
20
1.2643016141732284
11
0.119693188976378
21
1.2677514566929133
0
LINE
8
BLACK
6
CONTINUOUS
10
0.119693188976378
20
1.2677514566929133
11
0.1196931496062992
21
1.2677514566929133
0
LINE
8
BLACK
6
CONTINUOUS
10
0.1196931496062992
20
1.2677514566929133
11
0.1196930708661417
21
1.2677515354330708
0
LINE
8
BLACK
6
CONTINUOUS
10
0.1196930708661417
20
1.2677515354330708
11
0.1150411417322835
21
1.2694866141732284
0
LINE
8
BLACK
6
CONTINUOUS
10
0.1150411417322835
20
1.2694866141732284
11
0.1142993700787402
21
1.2697633070866141
0
LINE
8
BLACK
6
CONTINUOUS
10
0.1142993700787402
20
1.2697633070866141
11
0.1142993307086614
21
1.2697633070866141
0
LINE
8
BLACK
6
CONTINUOUS
10
0.1142993307086614
20
1.2697633070866141
11
0.1142992519685039
21
1.2697633464566929
0
LINE
8
BLACK
6
CONTINUOUS
10
0.1142992519685039
20
1.2697633464566929
11
0.1142991732283465
21
1.2697633464566929
0
LINE
8
BLACK
6
CONTINUOUS
10
0.1142991732283465
20
1.2697633464566929
11
0.1142990551181102
21
1.2697633858267716
0
LINE
8
BLACK
6
CONTINUOUS
10
0.1142990551181102
20
1.2697633858267716
11
0.1119153149606299
21
1.2700196456692914
0
LINE
8
BLACK
6
CONTINUOUS
10
0.1119153149606299
20
1.2700196456692914
11
0.111915157480315
21
1.2700196456692914
0
LINE
8
BLACK
6
CONTINUOUS
10
0.111915157480315
20
1.2700196456692914
11
0.1119148818897638
21
1.2700196850393701
0
LINE
8
BLACK
6
CONTINUOUS
10
0.1119148818897638
20
1.2700196850393701
11
0.0480851181102362
21
1.2700196850393701
0
LINE
8
BLACK
6
CONTINUOUS
10
0.0480851181102362
20
1.2700196850393701
11
0.048084842519685
21
1.2700196456692914
0
LINE
8
BLACK
6
CONTINUOUS
10
0.048084842519685
20
1.2700196456692914
11
0.0480846456692913
21
1.2700196456692914
0
LINE
8
BLACK
6
CONTINUOUS
10
0.0480846456692913
20
1.2700196456692914
11
0.045700905511811
21
1.2697633858267716
0
LINE
8
BLACK
6
CONTINUOUS
10
0.045700905511811
20
1.2697633858267716
11
0.0457005905511811
21
1.2697633070866141
0
LINE
8
BLACK
6
CONTINUOUS
10
0.0457005905511811
20
1.2697633070866141
11
0.042632874015748
21
1.2686190551181102
0
LINE
8
BLACK
6
CONTINUOUS
10
0.042632874015748
20
1.2686190551181102
11
0.0403069291338583
21
1.2677515354330708
0
LINE
8
BLACK
6
CONTINUOUS
10
0.0403069291338583
20
1.2677515354330708
11
0.0376380708661417
21
1.2657536614173228
0
LINE
8
BLACK
6
CONTINUOUS
10
0.0376380708661417
20
1.2657536614173228
11
0.0350192913385827
21
1.2647768897637794
0
LINE
8
BLACK
6
CONTINUOUS
10
0.0350192913385827
20
1.2647768897637794
11
0.032288031496063
21
1.2653710236220472
0
LINE
8
BLACK
6
CONTINUOUS
10
0.032288031496063
20
1.2653710236220472
11
0.0303115354330709
21
1.2673474803149607
0
LINE
8
BLACK
6
CONTINUOUS
10
0.0303115354330709
20
1.2673474803149607
11
0.0297047244094488
21
1.2697248818897637
0
LINE
8
BLACK
6
CONTINUOUS
10
0.0297047244094488
20
1.2697248818897637
11
0.0297047244094488
21
1.325
0
LINE
8
BLACK
6
CONTINUOUS
10
0.0297047244094488
20
1.325
11
0.0297047244094488
21
1.5653346456692914
0
LINE
8
BLACK
6
CONTINUOUS
10
0.0297047244094488
20
1.5653346456692914
11
0.0304922047244094
21
1.5680165748031496
0
LINE
8
BLACK
6
CONTINUOUS
10
0.0304922047244094
20
1.5680165748031496
11
0.0326046456692913
21
1.5698470078740157
0
LINE
8
BLACK
6
CONTINUOUS
10
0.0326046456692913
20
1.5698470078740157
11
0.0346653543307087
21
1.570295275590551
0
LINE
8
BLACK
6
CONTINUOUS
10
0.0346653543307087
20
1.570295275590551
11
2.3653346456692912
21
1.570295275590551
0
LINE
8
BLACK
6
CONTINUOUS
10
2.3653346456692912
20
1.570295275590551
11
2.3680165748031494
21
1.5695077952755905
0
LINE
8
BLACK
6
CONTINUOUS
10
1.7752365748031496
20
0.065700905511811
11
1.7752366535433071
21
0.0657005905511811
0
LINE
8
BLACK
6
CONTINUOUS
10
1.7752366535433071
20
0.0657005905511811
11
1.7772484251968503
21
0.060306968503937
0
LINE
8
BLACK
6
CONTINUOUS
10
1.7772484251968503
20
0.060306968503937
11
1.7772485039370078
21
0.0603067716535433
0
LINE
8
BLACK
6
CONTINUOUS
10
1.7772485039370078
20
0.0603067716535433
11
1.7806983464566928
21
0.0556983464566929
0
LINE
8
BLACK
6
CONTINUOUS
10
1.7806983464566928
20
0.0556983464566929
11
1.7853067716535433
21
0.0522485039370079
0
LINE
8
BLACK
6
CONTINUOUS
10
1.7853067716535433
20
0.0522485039370079
11
1.7853069685039369
21
0.0522484251968504
0
LINE
8
BLACK
6
CONTINUOUS
10
1.7853069685039369
20
0.0522484251968504
11
1.790700590551181
21
0.0502366535433071
0
LINE
8
BLACK
6
CONTINUOUS
10
1.790700590551181
20
0.0502366535433071
11
1.790700905511811
21
0.0502365748031496
0
LINE
8
BLACK
6
CONTINUOUS
10
1.790700905511811
20
0.0502365748031496
11
1.7930846456692913
21
0.0499803149606299
0
LINE
8
BLACK
6
CONTINUOUS
10
1.7930846456692913
20
0.0499803149606299
11
1.7930851181102361
21
0.0499803149606299
0
LINE
8
BLACK
6
CONTINUOUS
10
1.7930851181102361
20
0.0499803149606299
11
1.8569153149606299
21
0.0499803149606299
0
LINE
8
BLACK
6
CONTINUOUS
10
1.8569153149606299
20
0.0499803149606299
11
1.8592990551181101
21
0.0502365748031496
0
LINE
8
BLACK
6
CONTINUOUS
10
1.8592990551181101
20
0.0502365748031496
11
1.8592993700787401
21
0.0502366535433071
0
LINE
8
BLACK
6
CONTINUOUS
10
1.8592993700787401
20
0.0502366535433071
11
1.8646929921259843
21
0.0522484251968504
0
LINE
8
BLACK
6
CONTINUOUS
10
1.8646929921259843
20
0.0522484251968504
11
1.8646931889763778
21
0.0522485039370079
0
LINE
8
BLACK
6
CONTINUOUS
10
1.8646931889763778
20
0.0522485039370079
11
1.8693016141732284
21
0.0556983858267717
0
LINE
8
BLACK
6
CONTINUOUS
10
1.8693016141732284
20
0.0556983858267717
11
1.8710288582677166
21
0.0580056299212598
0
LINE
8
BLACK
6
CONTINUOUS
10
1.8710288582677166
20
0.0580056299212598
11
1.8732664960629921
21
0.0596806692913386
0
LINE
8
BLACK
6
CONTINUOUS
10
1.8732664960629921
20
0.0596806692913386
11
1.8760544881889762
21
0.0598800393700787
0
LINE
8
BLACK
6
CONTINUOUS
10
1.8760544881889762
20
0.0598800393700787
11
1.8785077165354331
21
0.0585404724409449
0
LINE
8
BLACK
6
CONTINUOUS
10
1.8785077165354331
20
0.0585404724409449
11
1.8789711417322834
21
0.0580056299212598
0
LINE
8
BLACK
6
CONTINUOUS
10
1.8789711417322834
20
0.0580056299212598
11
1.8806983464566929
21
0.0556983858267717
0
LINE
8
BLACK
6
CONTINUOUS
10
1.8806983464566929
20
0.0556983858267717
11
1.8853067716535432
21
0.0522485039370079
0
LINE
8
BLACK
6
CONTINUOUS
10
1.8853067716535432
20
0.0522485039370079
11
1.885306968503937
21
0.0522484251968504
0
LINE
8
BLACK
6
CONTINUOUS
10
1.885306968503937
20
0.0522484251968504
11
1.8907005905511811
21
0.0502366535433071
0
LINE
8
BLACK
6
CONTINUOUS
10
1.8907005905511811
20
0.0502366535433071
11
1.8907009055118109
21
0.0502365748031496
0
LINE
8
BLACK
6
CONTINUOUS
10
1.8907009055118109
20
0.0502365748031496
11
1.8930846456692914
21
0.0499803149606299
0
LINE
8
BLACK
6
CONTINUOUS
10
1.8930846456692914
20
0.0499803149606299
11
1.8930851181102362
21
0.0499803149606299
0
LINE
8
BLACK
6
CONTINUOUS
10
1.8930851181102362
20
0.0499803149606299
11
1.95691531496063
21
0.0499803149606299
0
LINE
8
BLACK
6
CONTINUOUS
10
1.95691531496063
20
0.0499803149606299
11
1.9592990551181102
21
0.0502365748031496
0
LINE
8
BLACK
6
CONTINUOUS
10
1.9592990551181102
20
0.0502365748031496
11
1.9592993700787402
21
0.0502366535433071
0
LINE
8
BLACK
6
CONTINUOUS
10
1.9592993700787402
20
0.0502366535433071
11
1.9646929921259841
21
0.0522484251968504
0
LINE
8
BLACK
6
CONTINUOUS
10
1.9646929921259841
20
0.0522484251968504
11
1.9646931889763779
21
0.0522485039370079
0
LINE
8
BLACK
6
CONTINUOUS
10
1.9646931889763779
20
0.0522485039370079
11
1.9693016141732282
21
0.0556983464566929
0
LINE
8
BLACK
6
CONTINUOUS
10
1.9693016141732282
20
0.0556983464566929
11
1.9727514566929134
21
0.0603067716535433
0
LINE
8
BLACK
6
CONTINUOUS
10
1.9727514566929134
20
0.0603067716535433
11
1.9727515354330709
21
0.060306968503937
0
LINE
8
BLACK
6
CONTINUOUS
10
1.9727515354330709
20
0.060306968503937
11
1.9747633070866142
21
0.0657005905511811
0
LINE
8
BLACK
6
CONTINUOUS
10
1.9747633070866142
20
0.0657005905511811
11
1.9747633858267717
21
0.065700905511811
0
LINE
8
BLACK
6
CONTINUOUS
10
1.9747633858267717
20
0.065700905511811
11
1.9750196456692912
21
0.0680846456692913
0
LINE
8
BLACK
6
CONTINUOUS
10
1.9750196456692912
20
0.0680846456692913
11
1.97501968503937
21
0.0680853149606299
0
LINE
8
BLACK
6
CONTINUOUS
10
1.97501968503937
20
0.0680853149606299
11
1.97501968503937
21
0.1319146456692913
0
LINE
8
BLACK
6
CONTINUOUS
10
1.97501968503937
20
0.1319146456692913
11
1.9750196456692912
21
0.1319153149606299
0
LINE
8
BLACK
6
CONTINUOUS
10
1.9750196456692912
20
0.1319153149606299
11
1.9747633858267717
21
0.1342990551181102
0
LINE
8
BLACK
6
CONTINUOUS
10
1.9747633858267717
20
0.1342990551181102
11
1.9747633070866142
21
0.1342993700787402
0
LINE
8
BLACK
6
CONTINUOUS
10
1.9747633070866142
20
0.1342993700787402
11
1.9744866141732282
21
0.1350411417322835
0
LINE
8
BLACK
6
CONTINUOUS
10
1.9744866141732282
20
0.1350411417322835
11
1.9727515354330709
21
0.1396930708661417
0
LINE
8
BLACK
6
CONTINUOUS
10
1.9727515354330709
20
0.1396930708661417
11
1.9693016141732282
21
0.1443016141732283
0
LINE
8
BLACK
6
CONTINUOUS
10
1.9693016141732282
20
0.1443016141732283
11
1.96699437007874
21
0.1460288188976378
0
LINE
8
BLACK
6
CONTINUOUS
10
1.96699437007874
20
0.1460288188976378
11
1.9653192913385826
21
0.1482664566929134
0
LINE
8
BLACK
6
CONTINUOUS
10
1.9653192913385826
20
0.1482664566929134
11
1.9651199212598425
21
0.1510544881889764
0
LINE
8
BLACK
6
CONTINUOUS
10
1.9651199212598425
20
0.1510544881889764
11
1.9664594881889763
21
0.1535077165354331
0
LINE
8
BLACK
6
CONTINUOUS
10
1.9664594881889763
20
0.1535077165354331
11
1.96699437007874
21
0.1539711811023622
0
LINE
8
BLACK
6
CONTINUOUS
10
1.96699437007874
20
0.1539711811023622
11
1.9693016141732282
21
0.1556983464566929
0
LINE
8
BLACK
6
CONTINUOUS
10
1.9693016141732282
20
0.1556983464566929
11
1.9727514566929134
21
0.1603067716535433
0
LINE
8
BLACK
6
CONTINUOUS
10
1.9727514566929134
20
0.1603067716535433
11
1.9727515354330709
21
0.160306968503937
0
LINE
8
BLACK
6
CONTINUOUS
10
1.9727515354330709
20
0.160306968503937
11
1.9747633070866142
21
0.1657005905511811
0
LINE
8
BLACK
6
CONTINUOUS
10
1.9747633070866142
20
0.1657005905511811
11
1.9747633858267717
21
0.165700905511811
0
LINE
8
BLACK
6
CONTINUOUS
10
1.9747633858267717
20
0.165700905511811
11
1.9750196456692912
21
0.1680846456692913
0
LINE
8
BLACK
6
CONTINUOUS
10
1.9750196456692912
20
0.1680846456692913
11
1.97501968503937
21
0.1680853149606299
0
LINE
8
BLACK
6
CONTINUOUS
10
1.97501968503937
20
0.1680853149606299
11
1.97501968503937
21
0.2319146456692913
0
LINE
8
BLACK
6
CONTINUOUS
10
1.97501968503937
20
0.2319146456692913
11
1.9750196456692912
21
0.2319153149606299
0
LINE
8
BLACK
6
CONTINUOUS
10
1.9750196456692912
20
0.2319153149606299
11
1.9747633858267717
21
0.2342990551181102
0
LINE
8
BLACK
6
CONTINUOUS
10
1.9747633858267717
20
0.2342990551181102
11
1.9747633070866142
21
0.2342993700787402
0
LINE
8
BLACK
6
CONTINUOUS
10
1.9747633070866142
20
0.2342993700787402
11
1.9741697244094487
21
0.2358908267716535
0
LINE
8
BLACK
6
CONTINUOUS
10
1.9741697244094487
20
0.2358908267716535
11
1.9727515354330709
21
0.2396930708661417
0
LINE
8
BLACK
6
CONTINUOUS
10
1.9727515354330709
20
0.2396930708661417
11
1.9693016141732282
21
0.2443016141732283
0
LINE
8
BLACK
6
CONTINUOUS
10
1.9693016141732282
20
0.2443016141732283
11
1.9666925590551181
21
0.2462547244094488
0
LINE
8
BLACK
6
CONTINUOUS
10
1.9666925590551181
20
0.2462547244094488
11
1.9650175196850392
21
0.2484923228346457
0
LINE
8
BLACK
6
CONTINUOUS
10
1.9650175196850392
20
0.2484923228346457
11
1.9647047244094489
21
0.250225905511811
0
LINE
8
BLACK
6
CONTINUOUS
10
1.9647047244094489
20
0.250225905511811
11
1.9647047244094489
21
0.4064990551181102
0
LINE
8
BLACK
6
CONTINUOUS
10
1.9647047244094489
20
0.4064990551181102
11
1.9654922047244094
21
0.4091809842519685
0
LINE
8
BLACK
6
CONTINUOUS
10
1.9654922047244094
20
0.4091809842519685
11
1.9661576771653544
21
0.4100067322834646
0
LINE
8
BLACK
6
CONTINUOUS
10
1.9661576771653544
20
0.4100067322834646
11
2.0187601181102361
21
0.4626091732283464
0
LINE
8
BLACK
6
CONTINUOUS
10
2.0187601181102361
20
0.4626091732283464
11
2.021213346456693
21
0.463948779527559
0
LINE
8
BLACK
6
CONTINUOUS
10
2.021213346456693
20
0.463948779527559
11
2.0240013385826772
21
0.4637493700787401
0
LINE
8
BLACK
6
CONTINUOUS
10
2.0240013385826772
20
0.4637493700787401
11
2.0262389763779529
21
0.4620742913385827
0
LINE
8
BLACK
6
CONTINUOUS
10
2.0262389763779529
20
0.4620742913385827
11
2.0272157874015746
21
0.4594553937007874
0
LINE
8
BLACK
6
CONTINUOUS
10
2.0272157874015746
20
0.4594553937007874
11
2.0271743307086614
21
0.4586492519685039
0
LINE
8
BLACK
6
CONTINUOUS
10
2.0271743307086614
20
0.4586492519685039
11
2.0272055905511812
21
0.4586465354330709
0
LINE
8
BLACK
6
CONTINUOUS
10
2.0272055905511812
20
0.4586465354330709
11
2.0271866929133857
21
0.458430905511811
0
LINE
8
BLACK
6
CONTINUOUS
10
2.0271866929133857
20
0.458430905511811
11
2.0271866929133857
21
0.4584307874015748
0
LINE
8
BLACK
6
CONTINUOUS
10
2.0271866929133857
20
0.4584307874015748
11
2.0271866929133857
21
0.458430748031496
0
LINE
8
BLACK
6
CONTINUOUS
10
2.0271866929133857
20
0.458430748031496
11
2.0264490944881888
21
0.45
0
LINE
8
BLACK
6
CONTINUOUS
10
2.0264490944881888
20
0.45
11
2.0271866929133857
21
0.4415692125984252
0
LINE
8
BLACK
6
CONTINUOUS
10
2.0271866929133857
20
0.4415692125984252
11
2.0293770472440946
21
0.4333946850393701
0
LINE
8
BLACK
6
CONTINUOUS
10
2.0293770472440946
20
0.4333946850393701
11
2.0293771259842521
21
0.4333944488188976
0
LINE
8
BLACK
6
CONTINUOUS
10
2.0293771259842521
20
0.4333944488188976
11
2.0329537007874015
21
0.4257244881889763
0
LINE
8
BLACK
6
CONTINUOUS
10
2.0329537007874015
20
0.4257244881889763
11
2.0378077165354331
21
0.4187922047244094
0
LINE
8
BLACK
6
CONTINUOUS
10
2.0378077165354331
20
0.4187922047244094
11
2.0378079133858269
21
0.418791968503937
0
LINE
8
BLACK
6
CONTINUOUS
10
2.0378079133858269
20
0.418791968503937
11
2.0437919685039367
21
0.4128079133858268
0
LINE
8
BLACK
6
CONTINUOUS
10
2.0437919685039367
20
0.4128079133858268
11
2.0437922047244093
21
0.4128077165354331
0
LINE
8
BLACK
6
CONTINUOUS
10
2.0437922047244093
20
0.4128077165354331
11
2.0507244881889761
21
0.4079537007874016
0
LINE
8
BLACK
6
CONTINUOUS
10
2.0507244881889761
20
0.4079537007874016
11
2.0583944488188974
21
0.404377125984252
0
LINE
8
BLACK
6
CONTINUOUS
10
2.0583944488188974
20
0.404377125984252
11
2.05839468503937
21
0.4043770472440945
0
LINE
8
BLACK
6
CONTINUOUS
10
2.05839468503937
20
0.4043770472440945
11
2.066569212598425
21
0.4021866929133858
0
LINE
8
BLACK
6
CONTINUOUS
10
2.066569212598425
20
0.4021866929133858
11
2.0749999999999997
21
0.4014490944881889
0
LINE
8
BLACK
6
CONTINUOUS
10
2.0749999999999997
20
0.4014490944881889
11
2.0834307874015749
21
0.4021866929133858
0
LINE
8
BLACK
6
CONTINUOUS
10
2.0834307874015749
20
0.4021866929133858
11
2.0881503543307085
21
0.4034512992125984
0
LINE
8
BLACK
6
CONTINUOUS
10
2.0881503543307085
20
0.4034512992125984
11
2.0916052755905512
21
0.4043770472440945
0
LINE
8
BLACK
6
CONTINUOUS
10
2.0916052755905512
20
0.4043770472440945
11
2.0916055118110237
21
0.404377125984252
0
LINE
8
BLACK
6
CONTINUOUS
10
2.0916055118110237
20
0.404377125984252
11
2.099275472440945
21
0.4079537007874016
0
LINE
8
BLACK
6
CONTINUOUS
10
2.099275472440945
20
0.4079537007874016
11
2.1062077559055119
21
0.4128077165354331
0
LINE
8
BLACK
6
CONTINUOUS
10
2.1062077559055119
20
0.4128077165354331
11
2.1062079921259844
21
0.4128079133858268
0
LINE
8
BLACK
6
CONTINUOUS
10
2.1062079921259844
20
0.4128079133858268
11
2.1121920472440943
21
0.418791968503937
0
LINE
8
BLACK
6
CONTINUOUS
10
2.1121920472440943
20
0.418791968503937
11
2.1121921653543305
21
0.4187920866141732
0
LINE
8
BLACK
6
CONTINUOUS
10
2.1121921653543305
20
0.4187920866141732
11
2.1170462992125985
21
0.4257245275590551
0
LINE
8
BLACK
6
CONTINUOUS
10
2.1170462992125985
20
0.4257245275590551
11
2.1205041338582675
21
0.4331398818897638
0
LINE
8
BLACK
6
CONTINUOUS
10
2.1205041338582675
20
0.4331398818897638
11
2.1223512598425196
21
0.4352377165354331
0
LINE
8
BLACK
6
CONTINUOUS
10
2.1223512598425196
20
0.4352377165354331
11
2.1250393700787402
21
0.4360038976377953
0
LINE
8
BLACK
6
CONTINUOUS
10
2.1250393700787402
20
0.4360038976377953
11
2.1277149212598423
21
0.435195157480315
0
LINE
8
BLACK
6
CONTINUOUS
10
2.1277149212598423
20
0.435195157480315
11
2.129495866141732
21
0.4331398818897638
0
LINE
8
BLACK
6
CONTINUOUS
10
2.129495866141732
20
0.4331398818897638
11
2.1329537007874015
21
0.4257244881889763
0
LINE
8
BLACK
6
CONTINUOUS
10
2.1329537007874015
20
0.4257244881889763
11
2.1378077165354332
21
0.4187922047244094
0
LINE
8
BLACK
6
CONTINUOUS
10
2.1378077165354332
20
0.4187922047244094
11
2.1378079133858265
21
0.418791968503937
0
LINE
8
BLACK
6
CONTINUOUS
10
2.1378079133858265
20
0.418791968503937
11
2.1437919685039368
21
0.4128079133858268
0
LINE
8
BLACK
6
CONTINUOUS
10
2.1437919685039368
20
0.4128079133858268
11
2.1437922047244093
21
0.4128077165354331
0
LINE
8
BLACK
6
CONTINUOUS
10
2.1437922047244093
20
0.4128077165354331
11
2.1507244881889762
21
0.4079537007874016
0
LINE
8
BLACK
6
CONTINUOUS
10
2.1507244881889762
20
0.4079537007874016
11
2.1583944488188975
21
0.404377125984252
0
LINE
8
BLACK
6
CONTINUOUS
10
2.1583944488188975
20
0.404377125984252
11
2.15839468503937
21
0.4043770472440945
0
LINE
8
BLACK
6
CONTINUOUS
10
2.15839468503937
20
0.4043770472440945
11
2.1665692125984251
21
0.4021866929133858
0
LINE
8
BLACK
6
CONTINUOUS
10
2.1665692125984251
20
0.4021866929133858
11
2.1749999999999998
21
0.4014490944881889
0
LINE
8
BLACK
6
CONTINUOUS
10
2.1749999999999998
20
0.4014490944881889
11
2.1834307874015746
21
0.4021866929133858
0
LINE
8
BLACK
6
CONTINUOUS
10
2.1834307874015746
20
0.4021866929133858
11
2.1881503543307086
21
0.4034512992125984
0
LINE
8
BLACK
6
CONTINUOUS
10
2.1881503543307086
20
0.4034512992125984
11
2.1916052755905513
21
0.4043770472440945
0
LINE
8
BLACK
6
CONTINUOUS
10
2.1916052755905513
20
0.4043770472440945
11
2.1916055118110234
21
0.404377125984252
0
LINE
8
BLACK
6
CONTINUOUS
10
2.1916055118110234
20
0.404377125984252
11
2.1992754724409447
21
0.4079537007874016
0
LINE
8
BLACK
6
CONTINUOUS
10
2.1992754724409447
20
0.4079537007874016
11
2.2062077559055115
21
0.4128077165354331
0
LINE
8
BLACK
6
CONTINUOUS
10
2.2062077559055115
20
0.4128077165354331
11
2.2062079921259841
21
0.4128079133858268
0
LINE
8
BLACK
6
CONTINUOUS
10
2.2062079921259841
20
0.4128079133858268
11
2.2121920472440944
21
0.418791968503937
0
LINE
8
BLACK
6
CONTINUOUS
10
2.2121920472440944
20
0.418791968503937
11
2.2121921653543306
21
0.4187920866141732
0
LINE
8
BLACK
6
CONTINUOUS
10
2.2121921653543306
20
0.4187920866141732
11
2.2170462992125985
21
0.4257245275590551
0
LINE
8
BLACK
6
CONTINUOUS
10
2.2170462992125985
20
0.4257245275590551
11
2.2205041338582676
21
0.4331398818897638
0
LINE
8
BLACK
6
CONTINUOUS
10
2.2205041338582676
20
0.4331398818897638
11
2.2223512598425197
21
0.4352377165354331
0
LINE
8
BLACK
6
CONTINUOUS
10
2.2223512598425197
20
0.4352377165354331
11
2.2250393700787403
21
0.4360038976377953
0
LINE
8
BLACK
6
CONTINUOUS
10
2.2250393700787403
20
0.4360038976377953
11
2.2277149212598424
21
0.435195157480315
0
LINE
8
BLACK
6
CONTINUOUS
10
2.2277149212598424
20
0.435195157480315
11
2.2294958661417321
21
0.4331398818897638
0
LINE
8
BLACK
6
CONTINUOUS
10
2.2294958661417321
20
0.4331398818897638
11
2.2329537007874016
21
0.4257244881889763
0
LINE
8
BLACK
6
CONTINUOUS
10
2.2329537007874016
20
0.4257244881889763
11
2.2378077165354329
21
0.4187922047244094
0
LINE
8
BLACK
6
CONTINUOUS
10
2.2378077165354329
20
0.4187922047244094
11
2.2378079133858266
21
0.418791968503937
0
LINE
8
BLACK
6
CONTINUOUS
10
2.2378079133858266
20
0.418791968503937
11
2.2437919685039369
21
0.4128079133858268
0
LINE
8
BLACK
6
CONTINUOUS
10
2.2437919685039369
20
0.4128079133858268
11
2.2437922047244094
21
0.4128077165354331
0
LINE
8
BLACK
6
CONTINUOUS
10
2.2437922047244094
20
0.4128077165354331
11
2.2507244881889763
21
0.4079537007874016
0
LINE
8
BLACK
6
CONTINUOUS
10
2.2507244881889763
20
0.4079537007874016
11
2.2583944488188976
21
0.404377125984252
0
LINE
8
BLACK
6
CONTINUOUS
10
2.2583944488188976
20
0.404377125984252
11
2.2583946850393701
21
0.4043770472440945
0
LINE
8
BLACK
6
CONTINUOUS
10
2.2583946850393701
20
0.4043770472440945
11
2.2665692125984251
21
0.4021866929133858
0
LINE
8
BLACK
6
CONTINUOUS
10
2.2665692125984251
20
0.4021866929133858
11
2.2749999999999999
21
0.4014490944881889
0
LINE
8
BLACK
6
CONTINUOUS
10
2.2749999999999999
20
0.4014490944881889
11
2.2834307874015747
21
0.4021866929133858
0
LINE
8
BLACK
6
CONTINUOUS
10
2.2834307874015747
20
0.4021866929133858
11
2.2881503543307087
21
0.4034512992125984
0
LINE
8
BLACK
6
CONTINUOUS
10
2.2881503543307087
20
0.4034512992125984
11
2.2916052755905509
21
0.4043770472440945
0
LINE
8
BLACK
6
CONTINUOUS
10
2.2916052755905509
20
0.4043770472440945
11
2.2916055118110235
21
0.404377125984252
0
LINE
8
BLACK
6
CONTINUOUS
10
2.2916055118110235
20
0.404377125984252
11
2.2992754724409448
21
0.4079537007874016
0
LINE
8
BLACK
6
CONTINUOUS
10
2.2992754724409448
20
0.4079537007874016
11
2.3062077559055116
21
0.4128077165354331
0
LINE
8
BLACK
6
CONTINUOUS
10
2.3062077559055116
20
0.4128077165354331
11
2.3062079921259842
21
0.4128079133858268
0
LINE
8
BLACK
6
CONTINUOUS
10
2.3062079921259842
20
0.4128079133858268
11
2.3121920472440944
21
0.418791968503937
0
LINE
8
BLACK
6
CONTINUOUS
10
2.3121920472440944
20
0.418791968503937
11
2.3121921653543307
21
0.4187920866141732
0
LINE
8
BLACK
6
CONTINUOUS
10
2.3121921653543307
20
0.4187920866141732
11
2.3170462992125982
21
0.4257245275590551
0
LINE
8
BLACK
6
CONTINUOUS
10
2.3170462992125982
20
0.4257245275590551
11
2.3206229133858267
21
0.4333946062992126
0
LINE
8
BLACK
6
CONTINUOUS
10
2.3206229133858267
20
0.4333946062992126
11
2.3228133070866139
21
0.4415692125984252
0
LINE
8
BLACK
6
CONTINUOUS
10
2.3228133070866139
20
0.4415692125984252
11
2.3235509055118109
21
0.45
0
LINE
8
BLACK
6
CONTINUOUS
10
2.3235509055118109
20
0.45
11
2.3228133070866139
21
0.4584307874015748
0
LINE
8
BLACK
6
CONTINUOUS
10
2.3228133070866139
20
0.4584307874015748
11
2.3206229133858267
21
0.4666053937007874
0
LINE
8
BLACK
6
CONTINUOUS
10
2.3206229133858267
20
0.4666053937007874
11
2.3170462992125982
21
0.4742754330708661
0
LINE
8
BLACK
6
CONTINUOUS
10
2.3170462992125982
20
0.4742754330708661
11
2.3121921653543307
21
0.4812079133858267
0
LINE
8
BLACK
6
CONTINUOUS
10
2.3121921653543307
20
0.4812079133858267
11
2.3062079133858266
21
0.4871921653543307
0
LINE
8
BLACK
6
CONTINUOUS
10
2.3062079133858266
20
0.4871921653543307
11
2.2992754724409448
21
0.4920462992125984
0
LINE
8
BLACK
6
CONTINUOUS
10
2.2992754724409448
20
0.4920462992125984
11
2.2916053937007872
21
0.4956229133858268
0
LINE
8
BLACK
6
CONTINUOUS
10
2.2916053937007872
20
0.4956229133858268
11
2.2834307874015747
21
0.4978133070866141
0
LINE
8
BLACK
6
CONTINUOUS
10
2.2834307874015747
20
0.4978133070866141
11
2.2749999999999999
21
0.498550905511811
0
LINE
8
BLACK
6
CONTINUOUS
10
2.2749999999999999
20
0.498550905511811
11
2.2665692125984251
21
0.4978133070866141
0
LINE
8
BLACK
6
CONTINUOUS
10
2.2665692125984251
20
0.4978133070866141
11
2.2583946062992126
21
0.4956229133858268
0
LINE
8
BLACK
6
CONTINUOUS
10
2.2583946062992126
20
0.4956229133858268
11
2.2507245669291338
21
0.4920462992125984
0
LINE
8
BLACK
6
CONTINUOUS
10
2.2507245669291338
20
0.4920462992125984
11
2.2507244094488188
21
0.492046220472441
0
LINE
8
BLACK
6
CONTINUOUS
10
2.2507244094488188
20
0.492046220472441
11
2.2437922440944882
21
0.4871923228346456
0
LINE
8
BLACK
6
CONTINUOUS
10
2.2437922440944882
20
0.4871923228346456
11
2.2437918503937007
21
0.487191968503937
0
LINE
8
BLACK
6
CONTINUOUS
10
2.2437918503937007
20
0.487191968503937
11
2.2378079921259841
21
0.4812081102362205
0
LINE
8
BLACK
6
CONTINUOUS
10
2.2378079921259841
20
0.4812081102362205
11
2.2378076377952754
21
0.481207716535433
0
LINE
8
BLACK
6
CONTINUOUS
10
2.2378076377952754
20
0.481207716535433
11
2.2329537401574804
21
0.4742755511811024
0
LINE
8
BLACK
6
CONTINUOUS
10
2.2329537401574804
20
0.4742755511811024
11
2.2329537007874016
21
0.4742754330708661
0
LINE
8
BLACK
6
CONTINUOUS
10
2.2329537007874016
20
0.4742754330708661
11
2.2300671259842519
21
0.4680851181102362
0
LINE
8
BLACK
6
CONTINUOUS
10
2.2300671259842519
20
0.4680851181102362
11
2.2294958661417321
21
0.4668600787401574
0
LINE
8
BLACK
6
CONTINUOUS
10
2.2294958661417321
20
0.4668600787401574
11
2.22764874015748
21
0.4647622440944882
0
LINE
8
BLACK
6
CONTINUOUS
10
2.22764874015748
20
0.4647622440944882
11
2.2249606299212599
21
0.463996062992126
0
LINE
8
BLACK
6
CONTINUOUS
10
2.2249606299212599
20
0.463996062992126
11
2.2222850787401573
21
0.4648048031496063
0
LINE
8
BLACK
6
CONTINUOUS
10
2.2222850787401573
20
0.4648048031496063
11
2.2205041338582676
21
0.4668600787401574
0
LINE
8
BLACK
6
CONTINUOUS
10
2.2205041338582676
20
0.4668600787401574
11
2.2199331102362203
21
0.4680846456692913
0
LINE
8
BLACK
6
CONTINUOUS
10
2.2199331102362203
20
0.4680846456692913
11
2.2170462992125985
21
0.4742754330708661
0
LINE
8
BLACK
6
CONTINUOUS
10
2.2170462992125985
20
0.4742754330708661
11
2.2121921653543306
21
0.4812079133858267
0
LINE
8
BLACK
6
CONTINUOUS
10
2.2121921653543306
20
0.4812079133858267
11
2.2062079133858266
21
0.4871921653543307
0
LINE
8
BLACK
6
CONTINUOUS
10
2.2062079133858266
20
0.4871921653543307
11
2.1992754724409447
21
0.4920462992125984
0
LINE
8
BLACK
6
CONTINUOUS
10
2.1992754724409447
20
0.4920462992125984
11
2.1916053937007876
21
0.4956229133858268
0
LINE
8
BLACK
6
CONTINUOUS
10
2.1916053937007876
20
0.4956229133858268
11
2.1834307874015746
21
0.4978133070866141
0
LINE
8
BLACK
6
CONTINUOUS
10
2.1834307874015746
20
0.4978133070866141
11
2.1749999999999998
21
0.498550905511811
0
LINE
8
BLACK
6
CONTINUOUS
10
2.1749999999999998
20
0.498550905511811
11
2.1665692125984251
21
0.4978133070866141
0
LINE
8
BLACK
6
CONTINUOUS
10
2.1665692125984251
20
0.4978133070866141
11
2.1583946062992125
21
0.4956229133858268
0
LINE
8
BLACK
6
CONTINUOUS
10
2.1583946062992125
20
0.4956229133858268
11
2.1507245669291337
21
0.4920462992125984
0
LINE
8
BLACK
6
CONTINUOUS
10
2.1507245669291337
20
0.4920462992125984
11
2.1507244094488187
21
0.492046220472441
0
LINE
8
BLACK
6
CONTINUOUS
10
2.1507244094488187
20
0.492046220472441
11
2.1437922440944881
21
0.4871923228346456
0
LINE
8
BLACK
6
CONTINUOUS
10
2.1437922440944881
20
0.4871923228346456
11
2.1437918503937006
21
0.487191968503937
0
LINE
8
BLACK
6
CONTINUOUS
10
2.1437918503937006
20
0.487191968503937
11
2.137807992125984
21
0.4812081102362205
0
LINE
8
BLACK
6
CONTINUOUS
10
2.137807992125984
20
0.4812081102362205
11
2.1378076377952757
21
0.481207716535433
0
LINE
8
BLACK
6
CONTINUOUS
10
2.1378076377952757
20
0.481207716535433
11
2.1329537401574803
21
0.4742755511811024
0
LINE
8
BLACK
6
CONTINUOUS
10
2.1329537401574803
20
0.4742755511811024
11
2.1329537007874015
21
0.4742754330708661
0
LINE
8
BLACK
6
CONTINUOUS
10
2.1329537007874015
20
0.4742754330708661
11
2.1300671259842519
21
0.4680851181102362
0
LINE
8
BLACK
6
CONTINUOUS
10
2.1300671259842519
20
0.4680851181102362
11
2.129495866141732
21
0.4668600787401574
0
LINE
8
BLACK
6
CONTINUOUS
10
2.129495866141732
20
0.4668600787401574
11
2.1276487401574804
21
0.4647622440944882
0
LINE
8
BLACK
6
CONTINUOUS
10
2.1276487401574804
20
0.4647622440944882
11
2.1249606299212598
21
0.463996062992126
0
LINE
8
BLACK
6
CONTINUOUS
10
2.1249606299212598
20
0.463996062992126
11
2.1222850787401573
21
0.4648048031496063
0
LINE
8
BLACK
6
CONTINUOUS
10
2.1222850787401573
20
0.4648048031496063
11
2.1205041338582675
21
0.4668600787401574
0
LINE
8
BLACK
6
CONTINUOUS
10
2.1205041338582675
20
0.4668600787401574
11
2.1199331102362202
21
0.4680846456692913
0
LINE
8
BLACK
6
CONTINUOUS
10
2.1199331102362202
20
0.4680846456692913
11
2.1170462992125985
21
0.4742754330708661
0
LINE
8
BLACK
6
CONTINUOUS
10
2.1170462992125985
20
0.4742754330708661
11
2.1121921653543305
21
0.4812079133858267
0
LINE
8
BLACK
6
CONTINUOUS
10
2.1121921653543305
20
0.4812079133858267
11
2.1062079133858269
21
0.4871921653543307
0
LINE
8
BLACK
6
CONTINUOUS
10
2.1062079133858269
20
0.4871921653543307
11
2.099275472440945
21
0.4920462992125984
0
LINE
8
BLACK
6
CONTINUOUS
10
2.099275472440945
20
0.4920462992125984
11
2.0916053937007875
21
0.4956229133858268
0
LINE
8
BLACK
6
CONTINUOUS
10
2.0916053937007875
20
0.4956229133858268
11
2.0834307874015749
21
0.4978133070866141
0
LINE
8
BLACK
6
CONTINUOUS
10
2.0834307874015749
20
0.4978133070866141
11
2.0749999999999997
21
0.498550905511811
0
LINE
8
BLACK
6
CONTINUOUS
10
2.0749999999999997
20
0.498550905511811
11
2.066569212598425
21
0.4978133070866141
0
LINE
8
BLACK
6
CONTINUOUS
10
2.066569212598425
20
0.4978133070866141
11
2.0665690551181104
21
0.4978132677165354
0
LINE
8
BLACK
6
CONTINUOUS
10
2.0665690551181104
20
0.4978132677165354
11
2.0663534645669293
21
0.4977944094488189
0
LINE
8
BLACK
6
CONTINUOUS
10
2.0663534645669293
20
0.4977944094488189
11
2.0663447244094488
21
0.4978942125984252
0
LINE
8
BLACK
6
CONTINUOUS
10
2.0663447244094488
20
0.4978942125984252
11
2.0639866535433069
21
0.4981547244094488
0
LINE
8
BLACK
6
CONTINUOUS
10
2.0639866535433069
20
0.4981547244094488
11
2.061815433070866
21
0.4999149606299212
0
LINE
8
BLACK
6
CONTINUOUS
10
2.061815433070866
20
0.4999149606299212
11
2.0609405118110238
21
0.5025696456692913
0
LINE
8
BLACK
6
CONTINUOUS
10
2.0609405118110238
20
0.5025696456692913
11
2.0616396850393701
21
0.5052759448818898
0
LINE
8
BLACK
6
CONTINUOUS
10
2.0616396850393701
20
0.5052759448818898
11
2.0623907874015748
21
0.506239842519685
0
LINE
8
BLACK
6
CONTINUOUS
10
2.0623907874015748
20
0.506239842519685
11
2.182363622047244
21
0.6262126771653543
0
LINE
8
BLACK
6
CONTINUOUS
10
2.182363622047244
20
0.6262126771653543
11
2.1845873622047245
21
0.6274965748031496
0
LINE
8
BLACK
6
CONTINUOUS
10
2.1845873622047245
20
0.6274965748031496
11
2.1882072047244092
21
0.6284665354330708
0
LINE
8
BLACK
6
CONTINUOUS
10
2.1882072047244092
20
0.6284665354330708
11
2.1916052755905513
21
0.6293770472440945
0
LINE
8
BLACK
6
CONTINUOUS
10
2.1916052755905513
20
0.6293770472440945
11
2.1916055118110234
21
0.629377125984252
0
LINE
8
BLACK
6
CONTINUOUS
10
2.1916055118110234
20
0.629377125984252
11
2.1992754724409447
21
0.6329537007874015
0
LINE
8
BLACK
6
CONTINUOUS
10
2.1992754724409447
20
0.6329537007874015
11
2.2062077559055115
21
0.6378077165354331
0
LINE
8
BLACK
6
CONTINUOUS
10
2.2062077559055115
20
0.6378077165354331
11
2.2062079921259841
21
0.6378079133858268
0
LINE
8
BLACK
6
CONTINUOUS
10
2.2062079921259841
20
0.6378079133858268
11
2.2121920472440944
21
0.6437919685039369
0
LINE
8
BLACK
6
CONTINUOUS
10
2.2121920472440944
20
0.6437919685039369
11
2.2121921653543306
21
0.6437920866141732
0
LINE
8
BLACK
6
CONTINUOUS
10
2.2121921653543306
20
0.6437920866141732
11
2.2170462992125985
21
0.6507245275590551
0
LINE
8
BLACK
6
CONTINUOUS
10
2.2170462992125985
20
0.6507245275590551
11
2.2205041338582676
21
0.6581398818897638
0
LINE
8
BLACK
6
CONTINUOUS
10
2.2205041338582676
20
0.6581398818897638
11
2.2223512598425197
21
0.6602377165354331
0
LINE
8
BLACK
6
CONTINUOUS
10
2.2223512598425197
20
0.6602377165354331
11
2.2250393700787403
21
0.6610038976377952
0
LINE
8
BLACK
6
CONTINUOUS
10
2.2250393700787403
20
0.6610038976377952
11
2.2277149212598424
21
0.660195157480315
0
LINE
8
BLACK
6
CONTINUOUS
10
2.2277149212598424
20
0.660195157480315
11
2.2294958661417321
21
0.6581398818897638
0
LINE
8
BLACK
6
CONTINUOUS
10
2.2294958661417321
20
0.6581398818897638
11
2.2329537007874016
21
0.6507244881889763
0
LINE
8
BLACK
6
CONTINUOUS
10
2.2329537007874016
20
0.6507244881889763
11
2.2378077165354329
21
0.6437922047244095
0
LINE
8
BLACK
6
CONTINUOUS
10
2.2378077165354329
20
0.6437922047244095
11
2.2378079133858266
21
0.6437919685039369
0
LINE
8
BLACK
6
CONTINUOUS
10
2.2378079133858266
20
0.6437919685039369
11
2.2437919685039369
21
0.6378079133858268
0
LINE
8
BLACK
6
CONTINUOUS
10
2.2437919685039369
20
0.6378079133858268
11
2.2437922047244094
21
0.6378077165354331
0
LINE
8
BLACK
6
CONTINUOUS
10
2.2437922047244094
20
0.6378077165354331
11
2.2507244881889763
21
0.6329537007874015
0
LINE
8
BLACK
6
CONTINUOUS
10
2.2507244881889763
20
0.6329537007874015
11
2.2583944488188976
21
0.629377125984252
0
LINE
8
BLACK
6
CONTINUOUS
10
2.2583944488188976
20
0.629377125984252
11
2.2583946850393701
21
0.6293770472440945
0
LINE
8
BLACK
6
CONTINUOUS
10
2.2583946850393701
20
0.6293770472440945
11
2.2654125590551182
21
0.6274966141732283
0
LINE
8
BLACK
6
CONTINUOUS
10
2.2654125590551182
20
0.6274966141732283
11
2.2665692125984251
21
0.6271866929133858
0
LINE
8
BLACK
6
CONTINUOUS
10
2.2665692125984251
20
0.6271866929133858
11
2.2749999999999999
21
0.626449094488189
0
LINE
8
BLACK
6
CONTINUOUS
10
2.2749999999999999
20
0.626449094488189
11
2.2834307874015747
21
0.6271866929133858
0
LINE
8
BLACK
6
CONTINUOUS
10
2.2834307874015747
20
0.6271866929133858
11
2.2882072047244093
21
0.6284665354330708
0
LINE
8
BLACK
6
CONTINUOUS
10
2.2882072047244093
20
0.6284665354330708
11
2.2916052755905509
21
0.6293770472440945
0
LINE
8
BLACK
6
CONTINUOUS
10
2.2916052755905509
20
0.6293770472440945
11
2.2916055118110235
21
0.629377125984252
0
LINE
8
BLACK
6
CONTINUOUS
10
2.2916055118110235
20
0.629377125984252
11
2.2992754724409448
21
0.6329537007874015
0
LINE
8
BLACK
6
CONTINUOUS
10
2.2992754724409448
20
0.6329537007874015
11
2.3062077559055116
21
0.6378077165354331
0
LINE
8
BLACK
6
CONTINUOUS
10
2.3062077559055116
20
0.6378077165354331
11
2.3062079921259842
21
0.6378079133858268
0
LINE
8
BLACK
6
CONTINUOUS
10
2.3062079921259842
20
0.6378079133858268
11
2.3121920472440944
21
0.6437919685039369
0
LINE
8
BLACK
6
CONTINUOUS
10
2.3121920472440944
20
0.6437919685039369
11
2.3121921653543307
21
0.6437920866141732
0
LINE
8
BLACK
6
CONTINUOUS
10
2.3121921653543307
20
0.6437920866141732
11
2.3170462992125982
21
0.6507245275590551
0
LINE
8
BLACK
6
CONTINUOUS
10
2.3170462992125982
20
0.6507245275590551
11
2.3206229133858267
21
0.6583946062992125
0
LINE
8
BLACK
6
CONTINUOUS
10
2.3206229133858267
20
0.6583946062992125
11
2.3228133070866139
21
0.6665692125984252
0
LINE
8
BLACK
6
CONTINUOUS
10
2.3228133070866139
20
0.6665692125984252
11
2.3235509055118109
21
0.6749999999999999
0
LINE
8
BLACK
6
CONTINUOUS
10
2.3235509055118109
20
0.6749999999999999
11
2.3228133070866139
21
0.6834307874015748
0
LINE
8
BLACK
6
CONTINUOUS
10
2.3228133070866139
20
0.6834307874015748
11
2.3206229133858267
21
0.6916053937007874
0
LINE
8
BLACK
6
CONTINUOUS
10
2.3206229133858267
20
0.6916053937007874
11
2.3170462992125982
21
0.6992754330708661
0
LINE
8
BLACK
6
CONTINUOUS
10
2.3170462992125982
20
0.6992754330708661
11
2.3170462204724407
21
0.6992755511811023
0
LINE
8
BLACK
6
CONTINUOUS
10
2.3170462204724407
20
0.6992755511811023
11
2.3121923228346457
21
0.706207716535433
0
LINE
8
BLACK
6
CONTINUOUS
10
2.3121923228346457
20
0.706207716535433
11
2.3121922047244095
21
0.7062078346456693
0
LINE
8
BLACK
6
CONTINUOUS
10
2.3121922047244095
20
0.7062078346456693
11
2.3121921653543307
21
0.7062079133858268
0
LINE
8
BLACK
6
CONTINUOUS
10
2.3121921653543307
20
0.7062079133858268
11
2.3062079133858266
21
0.7121921653543307
0
LINE
8
BLACK
6
CONTINUOUS
10
2.3062079133858266
20
0.7121921653543307
11
2.2992754724409448
21
0.7170462992125984
0
LINE
8
BLACK
6
CONTINUOUS
10
2.2992754724409448
20
0.7170462992125984
11
2.2916053937007872
21
0.7206229133858267
0
LINE
8
BLACK
6
CONTINUOUS
10
2.2916053937007872
20
0.7206229133858267
11
2.2834307874015747
21
0.7228133070866142
0
LINE
8
BLACK
6
CONTINUOUS
10
2.2834307874015747
20
0.7228133070866142
11
2.2749999999999999
21
0.723550905511811
0
LINE
8
BLACK
6
CONTINUOUS
10
2.2749999999999999
20
0.723550905511811
11
2.2665692125984251
21
0.7228133070866142
0
LINE
8
BLACK
6
CONTINUOUS
10
2.2665692125984251
20
0.7228133070866142
11
2.2583946062992126
21
0.7206229133858267
0
LINE
8
BLACK
6
CONTINUOUS
10
2.2583946062992126
20
0.7206229133858267
11
2.2507245669291338
21
0.7170462992125984
0
LINE
8
BLACK
6
CONTINUOUS
10
2.2507245669291338
20
0.7170462992125984
11
2.2507244094488188
21
0.7170462204724409
0
LINE
8
BLACK
6
CONTINUOUS
10
2.2507244094488188
20
0.7170462204724409
11
2.2437922440944882
21
0.7121923228346456
0
LINE
8
BLACK
6
CONTINUOUS
10
2.2437922440944882
20
0.7121923228346456
11
2.2437918503937007
21
0.712191968503937
0
LINE
8
BLACK
6
CONTINUOUS
10
2.2437918503937007
20
0.712191968503937
11
2.2378079921259841
21
0.7062081102362204
0
LINE
8
BLACK
6
CONTINUOUS
10
2.2378079921259841
20
0.7062081102362204
11
2.2378076377952754
21
0.706207716535433
0
LINE
8
BLACK
6
CONTINUOUS
10
2.2378076377952754
20
0.706207716535433
11
2.2329537401574804
21
0.6992755511811023
0
LINE
8
BLACK
6
CONTINUOUS
10
2.2329537401574804
20
0.6992755511811023
11
2.2294958661417321
21
0.6918600787401574
0
LINE
8
BLACK
6
CONTINUOUS
10
2.2294958661417321
20
0.6918600787401574
11
2.22764874015748
21
0.6897622440944882
0
LINE
8
BLACK
6
CONTINUOUS
10
2.22764874015748
20
0.6897622440944882
11
2.2249606299212599
21
0.688996062992126
0
LINE
8
BLACK
6
CONTINUOUS
10
2.2249606299212599
20
0.688996062992126
11
2.2222850787401573
21
0.6898048031496062
0
LINE
8
BLACK
6
CONTINUOUS
10
2.2222850787401573
20
0.6898048031496062
11
2.2205041338582676
21
0.6918600787401574
0
LINE
8
BLACK
6
CONTINUOUS
10
2.2205041338582676
20
0.6918600787401574
11
2.2170462992125985
21
0.6992754330708661
0
LINE
8
BLACK
6
CONTINUOUS
10
2.2170462992125985
20
0.6992754330708661
11
2.217046220472441
21
0.6992755511811023
0
LINE
8
BLACK
6
CONTINUOUS
10
2.217046220472441
20
0.6992755511811023
11
2.2121923228346456
21
0.706207716535433
0
LINE
8
BLACK
6
CONTINUOUS
10
2.2121923228346456
20
0.706207716535433
11
2.2121922047244094
21
0.7062078346456693
0
LINE
8
BLACK
6
CONTINUOUS
10
2.2121922047244094
20
0.7062078346456693
11
2.2121921653543306
21
0.7062079133858268
0
LINE
8
BLACK
6
CONTINUOUS
10
2.2121921653543306
20
0.7062079133858268
11
2.2062079133858266
21
0.7121921653543307
0
LINE
8
BLACK
6
CONTINUOUS
10
2.2062079133858266
20
0.7121921653543307
11
2.1992754724409447
21
0.7170462992125984
0
LINE
8
BLACK
6
CONTINUOUS
10
2.1992754724409447
20
0.7170462992125984
11
2.1916053937007876
21
0.7206229133858267
0
LINE
8
BLACK
6
CONTINUOUS
10
2.1916053937007876
20
0.7206229133858267
11
2.1834307874015746
21
0.7228133070866142
0
LINE
8
BLACK
6
CONTINUOUS
10
2.1834307874015746
20
0.7228133070866142
11
2.1749999999999998
21
0.723550905511811
0
LINE
8
BLACK
6
CONTINUOUS
10
2.1749999999999998
20
0.723550905511811
11
2.1665692125984251
21
0.7228133070866142
0
LINE
8
BLACK
6
CONTINUOUS
10
2.1665692125984251
20
0.7228133070866142
11
2.1583946062992125
21
0.7206229133858267
0
LINE
8
BLACK
6
CONTINUOUS
10
2.1583946062992125
20
0.7206229133858267
11
2.1507245669291337
21
0.7170462992125984
0
LINE
8
BLACK
6
CONTINUOUS
10
2.1507245669291337
20
0.7170462992125984
11
2.1507244094488187
21
0.7170462204724409
0
LINE
8
BLACK
6
CONTINUOUS
10
2.1507244094488187
20
0.7170462204724409
11
2.1437922440944881
21
0.7121923228346456
0
LINE
8
BLACK
6
CONTINUOUS
10
2.1437922440944881
20
0.7121923228346456
11
2.1437918503937006
21
0.712191968503937
0
LINE
8
BLACK
6
CONTINUOUS
10
2.1437918503937006
20
0.712191968503937
11
2.137807992125984
21
0.7062081102362204
0
LINE
8
BLACK
6
CONTINUOUS
10
2.137807992125984
20
0.7062081102362204
11
2.1378076377952757
21
0.706207716535433
0
LINE
8
BLACK
6
CONTINUOUS
10
2.1378076377952757
20
0.706207716535433
11
2.1329537401574803
21
0.6992755511811023
0
LINE
8
BLACK
6
CONTINUOUS
10
2.1329537401574803
20
0.6992755511811023
11
2.129495866141732
21
0.6918600787401574
0
LINE
8
BLACK
6
CONTINUOUS
10
2.129495866141732
20
0.6918600787401574
11
2.1276487401574804
21
0.6897622440944882
0
LINE
8
BLACK
6
CONTINUOUS
10
2.1276487401574804
20
0.6897622440944882
11
2.1249606299212598
21
0.688996062992126
0
LINE
8
BLACK
6
CONTINUOUS
10
2.1249606299212598
20
0.688996062992126
11
2.1222850787401573
21
0.6898048031496062
0
LINE
8
BLACK
6
CONTINUOUS
10
2.1222850787401573
20
0.6898048031496062
11
2.1205041338582675
21
0.6918600787401574
0
LINE
8
BLACK
6
CONTINUOUS
10
2.1205041338582675
20
0.6918600787401574
11
2.1170462992125985
21
0.6992754330708661
0
LINE
8
BLACK
6
CONTINUOUS
10
2.1170462992125985
20
0.6992754330708661
11
2.117046220472441
21
0.6992755511811023
0
LINE
8
BLACK
6
CONTINUOUS
10
2.117046220472441
20
0.6992755511811023
11
2.1121923228346455
21
0.706207716535433
0
LINE
8
BLACK
6
CONTINUOUS
10
2.1121923228346455
20
0.706207716535433
11
2.1121922047244093
21
0.7062078346456693
0
LINE
8
BLACK
6
CONTINUOUS
10
2.1121922047244093
20
0.7062078346456693
11
2.1121921653543305
21
0.7062079133858268
0
LINE
8
BLACK
6
CONTINUOUS
10
2.1121921653543305
20
0.7062079133858268
11
2.1062079133858269
21
0.7121921653543307
0
LINE
8
BLACK
6
CONTINUOUS
10
2.1062079133858269
20
0.7121921653543307
11
2.099275472440945
21
0.7170462992125984
0
LINE
8
BLACK
6
CONTINUOUS
10
2.099275472440945
20
0.7170462992125984
11
2.0916053937007875
21
0.7206229133858267
0
LINE
8
BLACK
6
CONTINUOUS
10
2.0916053937007875
20
0.7206229133858267
11
2.0834307874015749
21
0.7228133070866142
0
LINE
8
BLACK
6
CONTINUOUS
10
2.0834307874015749
20
0.7228133070866142
11
2.0749999999999997
21
0.723550905511811
0
LINE
8
BLACK
6
CONTINUOUS
10
2.0749999999999997
20
0.723550905511811
11
2.066569212598425
21
0.7228133070866142
0
LINE
8
BLACK
6
CONTINUOUS
10
2.066569212598425
20
0.7228133070866142
11
2.0583946062992124
21
0.7206229133858267
0
LINE
8
BLACK
6
CONTINUOUS
10
2.0583946062992124
20
0.7206229133858267
11
2.0507245669291336
21
0.7170462992125984
0
LINE
8
BLACK
6
CONTINUOUS
10
2.0507245669291336
20
0.7170462992125984
11
2.0507244094488191
21
0.7170462204724409
0
LINE
8
BLACK
6
CONTINUOUS
10
2.0507244094488191
20
0.7170462204724409
11
2.043792244094488
21
0.7121923228346456
0
LINE
8
BLACK
6
CONTINUOUS
10
2.043792244094488
20
0.7121923228346456
11
2.0437918503937009
21
0.712191968503937
0
LINE
8
BLACK
6
CONTINUOUS
10
2.0437918503937009
20
0.712191968503937
11
2.0378079921259844
21
0.7062081102362204
0
LINE
8
BLACK
6
CONTINUOUS
10
2.0378079921259844
20
0.7062081102362204
11
2.0378076377952756
21
0.706207716535433
0
LINE
8
BLACK
6
CONTINUOUS
10
2.0378076377952756
20
0.706207716535433
11
2.0329537401574802
21
0.6992755511811023
0
LINE
8
BLACK
6
CONTINUOUS
10
2.0329537401574802
20
0.6992755511811023
11
2.0329537007874015
21
0.6992754330708661
0
LINE
8
BLACK
6
CONTINUOUS
10
2.0329537007874015
20
0.6992754330708661
11
2.0293770866141734
21
0.6916053937007874
0
LINE
8
BLACK
6
CONTINUOUS
10
2.0293770866141734
20
0.6916053937007874
11
2.0275376377952754
21
0.6847404330708661
0
LINE
8
BLACK
6
CONTINUOUS
10
2.0275376377952754
20
0.6847404330708661
11
2.0271866929133857
21
0.6834307480314961
0
LINE
8
BLACK
6
CONTINUOUS
10
2.0271866929133857
20
0.6834307480314961
11
2.0264490944881888
21
0.6749999999999999
0
LINE
8
BLACK
6
CONTINUOUS
10
2.0264490944881888
20
0.6749999999999999
11
2.0271866929133857
21
0.6665692125984252
0
LINE
8
BLACK
6
CONTINUOUS
10
2.0271866929133857
20
0.6665692125984252
11
2.0293770472440946
21
0.65839468503937
0
LINE
8
BLACK
6
CONTINUOUS
10
2.0293770472440946
20
0.65839468503937
11
2.0293771259842521
21
0.6583944488188976
0
LINE
8
BLACK
6
CONTINUOUS
10
2.0293771259842521
20
0.6583944488188976
11
2.0329537007874015
21
0.6507244881889763
0
LINE
8
BLACK
6
CONTINUOUS
10
2.0329537007874015
20
0.6507244881889763
11
2.0378077165354331
21
0.6437922047244095
0
LINE
8
BLACK
6
CONTINUOUS
10
2.0378077165354331
20
0.6437922047244095
11
2.0378079133858269
21
0.6437919685039369
0
LINE
8
BLACK
6
CONTINUOUS
10
2.0378079133858269
20
0.6437919685039369
11
2.0437919685039367
21
0.6378079133858268
0
LINE
8
BLACK
6
CONTINUOUS
10
2.0437919685039367
20
0.6378079133858268
11
2.0437922047244093
21
0.6378077165354331
0
LINE
8
BLACK
6
CONTINUOUS
10
2.0437922047244093
20
0.6378077165354331
11
2.0507244881889761
21
0.6329537007874015
0
LINE
8
BLACK
6
CONTINUOUS
10
2.0507244881889761
20
0.6329537007874015
11
2.0583944488188974
21
0.629377125984252
0
LINE
8
BLACK
6
CONTINUOUS
10
2.0583944488188974
20
0.629377125984252
11
2.058395
21
0.6293769291338582
0
LINE
8
BLACK
6
CONTINUOUS
10
2.058395
20
0.6293769291338582
11
2.061792598425197
21
0.6284665354330708
0
LINE
8
BLACK
6
CONTINUOUS
10
2.061792598425197
20
0.6284665354330708
11
2.0641793307086616
21
0.6270117322834645
0
LINE
8
BLACK
6
CONTINUOUS
10
2.0641793307086616
20
0.6270117322834645
11
2.0654006299212599
21
0.6244975196850393
0
LINE
8
BLACK
6
CONTINUOUS
10
2.0654006299212599
20
0.6244975196850393
11
2.0650687401574803
21
0.6217221653543307
0
LINE
8
BLACK
6
CONTINUOUS
10
2.0650687401574803
20
0.6217221653543307
11
2.0640163385826771
21
0.620167283464567
0
LINE
8
BLACK
6
CONTINUOUS
10
2.0640163385826771
20
0.620167283464567
11
1.8984762992125983
21
0.4546272440944882
0
LINE
8
BLACK
6
CONTINUOUS
10
1.8984762992125983
20
0.4546272440944882
11
1.8981161023622046
21
0.4543007480314961
0
LINE
8
BLACK
6
CONTINUOUS
10
1.8981161023622046
20
0.4543007480314961
11
1.8967886614173228
21
0.4532113385826771
0
LINE
8
BLACK
6
CONTINUOUS
10
1.8967886614173228
20
0.4532113385826771
11
1.8918269685039371
21
0.4471655118110236
0
LINE
8
BLACK
6
CONTINUOUS
10
1.8918269685039371
20
0.4471655118110236
11
1.8888357086614174
21
0.4415692125984252
0
LINE
8
BLACK
6
CONTINUOUS
10
1.8888357086614174
20
0.4415692125984252
11
1.8881401181102362
21
0.440267874015748
0
LINE
8
BLACK
6
CONTINUOUS
10
1.8881401181102362
20
0.440267874015748
11
1.8881400787401574
21
0.4402677559055118
0
LINE
8
BLACK
6
CONTINUOUS
10
1.8881400787401574
20
0.4402677559055118
11
1.8858697244094487
21
0.4327836220472441
0
LINE
8
BLACK
6
CONTINUOUS
10
1.8858697244094487
20
0.4327836220472441
11
1.8858696456692914
21
0.4327831496062992
0
LINE
8
BLACK
6
CONTINUOUS
10
1.8858696456692914
20
0.4327831496062992
11
1.8851031496062991
21
0.4250001574803149
0
LINE
8
BLACK
6
CONTINUOUS
10
1.8851031496062991
20
0.4250001574803149
11
1.8851031496062991
21
0.424999842519685
0
LINE
8
BLACK
6
CONTINUOUS
10
1.8851031496062991
20
0.424999842519685
11
1.8852713779527559
21
0.423291811023622
0
LINE
8
BLACK
6
CONTINUOUS
10
1.8852713779527559
20
0.423291811023622
11
1.8852952755905512
21
0.4228055905511811
0
LINE
8
BLACK
6
CONTINUOUS
10
1.8852952755905512
20
0.4228055905511811
11
1.8852952755905512
21
0.250225905511811
0
LINE
8
BLACK
6
CONTINUOUS
10
1.8852952755905512
20
0.250225905511811
11
1.8845077952755904
21
0.2475439763779528
0
LINE
8
BLACK
6
CONTINUOUS
10
1.8845077952755904
20
0.2475439763779528
11
1.8833074409448818
21
0.2462547244094488
0
LINE
8
BLACK
6
CONTINUOUS
10
1.8833074409448818
20
0.2462547244094488
11
1.8806983464566929
21
0.2443016141732283
0
LINE
8
BLACK
6
CONTINUOUS
10
1.8806983464566929
20
0.2443016141732283
11
1.8789711811023622
21
0.2419943700787401
0
LINE
8
BLACK
6
CONTINUOUS
10
1.8789711811023622
20
0.2419943700787401
11
1.8767335433070866
21
0.2403192913385827
0
LINE
8
BLACK
6
CONTINUOUS
10
1.8767335433070866
20
0.2403192913385827
11
1.8739455118110235
21
0.2401199212598425
0
LINE
8
BLACK
6
CONTINUOUS
10
1.8739455118110235
20
0.2401199212598425
11
1.8714922834645669
21
0.2414594881889764
0
LINE
8
BLACK
6
CONTINUOUS
10
1.8714922834645669
20
0.2414594881889764
11
1.8710288188976378
21
0.2419943700787401
0
LINE
8
BLACK
6
CONTINUOUS
10
1.8710288188976378
20
0.2419943700787401
11
1.8693016141732284
21
0.2443016141732283
0
LINE
8
BLACK
6
CONTINUOUS
10
1.8693016141732284
20
0.2443016141732283
11
1.8646931889763778
21
0.2477514566929134
0
LINE
8
BLACK
6
CONTINUOUS
10
1.8646931889763778
20
0.2477514566929134
11
1.8646931496062991
21
0.2477514566929134
0
LINE
8
BLACK
6
CONTINUOUS
10
1.8646931496062991
20
0.2477514566929134
11
1.8646930708661418
21
0.2477515354330709
0
LINE
8
BLACK
6
CONTINUOUS
10
1.8646930708661418
20
0.2477515354330709
11
1.8592992519685039
21
0.2497633464566929
0
LINE
8
BLACK
6
CONTINUOUS
10
1.8592992519685039
20
0.2497633464566929
11
1.8592991732283464
21
0.2497633464566929
0
LINE
8
BLACK
6
CONTINUOUS
10
1.8592991732283464
20
0.2497633464566929
11
1.8592990551181101
21
0.2497633858267717
0
LINE
8
BLACK
6
CONTINUOUS
10
1.8592990551181101
20
0.2497633858267717
11
1.8569153149606299
21
0.2500196456692914
0
LINE
8
BLACK
6
CONTINUOUS
10
1.8569153149606299
20
0.2500196456692914
11
1.8569151574803149
21
0.2500196456692914
0
LINE
8
BLACK
6
CONTINUOUS
10
1.8569151574803149
20
0.2500196456692914
11
1.8569148818897638
21
0.2500196850393701
0
LINE
8
BLACK
6
CONTINUOUS
10
1.8569148818897638
20
0.2500196850393701
11
1.7930851181102361
21
0.2500196850393701
0
LINE
8
BLACK
6
CONTINUOUS
10
1.7930851181102361
20
0.2500196850393701
11
1.793084842519685
21
0.2500196456692914
0
LINE
8
BLACK
6
CONTINUOUS
10
1.793084842519685
20
0.2500196456692914
11
1.7930846456692913
21
0.2500196456692914
0
LINE
8
BLACK
6
CONTINUOUS
10
1.7930846456692913
20
0.2500196456692914
11
1.790700905511811
21
0.2497633858267717
0
LINE
8
BLACK
6
CONTINUOUS
10
1.790700905511811
20
0.2497633858267717
11
1.790700590551181
21
0.2497633070866142
0
LINE
8
BLACK
6
CONTINUOUS
10
1.790700590551181
20
0.2497633070866142
11
1.7876328740157479
21
0.2486190551181102
0
LINE
8
BLACK
6
CONTINUOUS
10
1.7876328740157479
20
0.2486190551181102
11
1.7853069291338581
21
0.2477515354330709
0
LINE
8
BLACK
6
CONTINUOUS
10
1.7853069291338581
20
0.2477515354330709
11
1.7853068503937009
21
0.2477514960629921
0
LINE
8
BLACK
6
CONTINUOUS
10
1.7853068503937009
20
0.2477514960629921
11
1.7853067716535433
21
0.2477514566929134
0
LINE
8
BLACK
6
CONTINUOUS
10
1.7853067716535433
20
0.2477514566929134
11
1.7806983464566928
21
0.2443016141732283
0
LINE
8
BLACK
6
CONTINUOUS
10
1.7806983464566928
20
0.2443016141732283
11
1.7772485039370078
21
0.239693188976378
0
LINE
8
BLACK
6
CONTINUOUS
10
1.7772485039370078
20
0.239693188976378
11
1.7772484251968503
21
0.2396929921259842
0
LINE
8
BLACK
6
CONTINUOUS
10
1.7772484251968503
20
0.2396929921259842
11
1.7752366535433071
21
0.2342993700787402
0
LINE
8
BLACK
6
CONTINUOUS
10
1.7752366535433071
20
0.2342993700787402
11
1.7752365748031496
21
0.2342990551181102
0
LINE
8
BLACK
6
CONTINUOUS
10
1.7752365748031496
20
0.2342990551181102
11
1.7749803149606298
21
0.2319153149606299
0
LINE
8
BLACK
6
CONTINUOUS
10
1.7749803149606298
20
0.2319153149606299
11
1.7749803149606298
21
0.1680846456692913
0
LINE
8
BLACK
6
CONTINUOUS
10
1.7749803149606298
20
0.1680846456692913
11
1.7752365748031496
21
0.165700905511811
0
LINE
8
BLACK
6
CONTINUOUS
10
1.7752365748031496
20
0.165700905511811
11
1.7752366535433071
21
0.1657005905511811
0
LINE
8
BLACK
6
CONTINUOUS
10
1.7752366535433071
20
0.1657005905511811
11
1.7772484251968503
21
0.160306968503937
0
LINE
8
BLACK
6
CONTINUOUS
10
1.7772484251968503
20
0.160306968503937
11
1.7772485039370078
21
0.1603067716535433
0
LINE
8
BLACK
6
CONTINUOUS
10
1.7772485039370078
20
0.1603067716535433
11
1.7806983858267715
21
0.1556983464566929
0
LINE
8
BLACK
6
CONTINUOUS
10
1.7806983858267715
20
0.1556983464566929
11
1.7830056299212598
21
0.1539711417322835
0
LINE
8
BLACK
6
CONTINUOUS
10
1.7830056299212598
20
0.1539711417322835
11
1.7846806692913386
21
0.1517335039370079
0
LINE
8
BLACK
6
CONTINUOUS
10
1.7846806692913386
20
0.1517335039370079
11
1.7848800393700788
21
0.1489455118110236
0
LINE
8
BLACK
6
CONTINUOUS
10
1.7848800393700788
20
0.1489455118110236
11
1.7835404724409449
21
0.1464922834645669
0
LINE
8
BLACK
6
CONTINUOUS
10
1.7835404724409449
20
0.1464922834645669
11
1.7830056299212598
21
0.1460288582677165
0
LINE
8
BLACK
6
CONTINUOUS
10
1.7830056299212598
20
0.1460288582677165
11
1.7806983858267715
21
0.1443016141732283
0
LINE
8
BLACK
6
CONTINUOUS
10
1.7806983858267715
20
0.1443016141732283
11
1.7772485039370078
21
0.1396931889763779
0
LINE
8
BLACK
6
CONTINUOUS
10
1.7772485039370078
20
0.1396931889763779
11
1.7772484251968503
21
0.1396929921259842
0
LINE
8
BLACK
6
CONTINUOUS
10
1.7772484251968503
20
0.1396929921259842
11
1.7752366535433071
21
0.1342993700787402
0
LINE
8
BLACK
6
CONTINUOUS
10
1.7752366535433071
20
0.1342993700787402
11
1.7752365748031496
21
0.1342990551181102
0
LINE
8
BLACK
6
CONTINUOUS
10
1.7752365748031496
20
0.1342990551181102
11
1.7749803149606298
21
0.1319153149606299
0
LINE
8
BLACK
6
CONTINUOUS
10
1.7749803149606298
20
0.1319153149606299
11
1.7749803149606298
21
0.0680846456692913
0
LINE
8
BLACK
6
CONTINUOUS
10
1.7749803149606298
20
0.0680846456692913
11
1.7752365748031496
21
0.065700905511811
0
LINE
8
BLACK
6
CONTINUOUS
10
0.4912795275590551
20
0.3221902362204724
11
0.4912794881889764
21
0.322190905511811
0
LINE
8
BLACK
6
CONTINUOUS
10
0.4912794881889764
20
0.322190905511811
11
0.4910232283464567
21
0.3245746456692913
0
LINE
8
BLACK
6
CONTINUOUS
10
0.4910232283464567
20
0.3245746456692913
11
0.4910231496062992
21
0.3245749606299212
0
LINE
8
BLACK
6
CONTINUOUS
10
0.4910231496062992
20
0.3245749606299212
11
0.4892683070866142
21
0.3292797637795276
0
LINE
8
BLACK
6
CONTINUOUS
10
0.4892683070866142
20
0.3292797637795276
11
0.4890113779527559
21
0.3299686614173228
0
LINE
8
BLACK
6
CONTINUOUS
10
0.4890113779527559
20
0.3299686614173228
11
0.4855614566929134
21
0.3345772047244094
0
LINE
8
BLACK
6
CONTINUOUS
10
0.4855614566929134
20
0.3345772047244094
11
0.4848299606299212
21
0.3351248031496063
0
LINE
8
BLACK
6
CONTINUOUS
10
0.4848299606299212
20
0.3351248031496063
11
0.480953031496063
21
0.3380270472440945
0
LINE
8
BLACK
6
CONTINUOUS
10
0.480953031496063
20
0.3380270472440945
11
0.4809529921259842
21
0.3380270472440945
0
LINE
8
BLACK
6
CONTINUOUS
10
0.4809529921259842
20
0.3380270472440945
11
0.4809529133858267
21
0.3380271259842519
0
LINE
8
BLACK
6
CONTINUOUS
10
0.4809529133858267
20
0.3380271259842519
11
0.4755590944881889
21
0.340038937007874
0
LINE
8
BLACK
6
CONTINUOUS
10
0.4755590944881889
20
0.340038937007874
11
0.4755590157480315
21
0.340038937007874
0
LINE
8
BLACK
6
CONTINUOUS
10
0.4755590157480315
20
0.340038937007874
11
0.4755588976377952
21
0.3400389763779528
0
LINE
8
BLACK
6
CONTINUOUS
10
0.4755588976377952
20
0.3400389763779528
11
0.473175157480315
21
0.3402952362204724
0
LINE
8
BLACK
6
CONTINUOUS
10
0.473175157480315
20
0.3402952362204724
11
0.473175
21
0.3402952362204724
0
LINE
8
BLACK
6
CONTINUOUS
10
0.473175
20
0.3402952362204724
11
0.4731747244094488
21
0.3402952755905512
0
LINE
8
BLACK
6
CONTINUOUS
10
0.4731747244094488
20
0.3402952755905512
11
0.378793779527559
21
0.3402952755905512
0
LINE
8
BLACK
6
CONTINUOUS
10
0.378793779527559
20
0.3402952755905512
11
0.3787935039370079
21
0.3402952362204724
0
LINE
8
BLACK
6
CONTINUOUS
10
0.3787935039370079
20
0.3402952362204724
11
0.3787933070866142
21
0.3402952362204724
0
LINE
8
BLACK
6
CONTINUOUS
10
0.3787933070866142
20
0.3402952362204724
11
0.3764095669291339
21
0.3400389763779528
0
LINE
8
BLACK
6
CONTINUOUS
10
0.3764095669291339
20
0.3400389763779528
11
0.3764092519685039
21
0.3400388976377953
0
LINE
8
BLACK
6
CONTINUOUS
10
0.3764092519685039
20
0.3400388976377953
11
0.3733415354330709
21
0.3388946456692913
0
LINE
8
BLACK
6
CONTINUOUS
10
0.3733415354330709
20
0.3388946456692913
11
0.3710155905511811
21
0.3380271259842519
0
LINE
8
BLACK
6
CONTINUOUS
10
0.3710155905511811
20
0.3380271259842519
11
0.3710155118110236
21
0.3380270866141732
0
LINE
8
BLACK
6
CONTINUOUS
10
0.3710155118110236
20
0.3380270866141732
11
0.3710154330708662
21
0.3380270472440945
0
LINE
8
BLACK
6
CONTINUOUS
10
0.3710154330708662
20
0.3380270472440945
11
0.3664070078740158
21
0.3345772047244094
0
LINE
8
BLACK
6
CONTINUOUS
10
0.3664070078740158
20
0.3345772047244094
11
0.3629571653543307
21
0.329968779527559
0
LINE
8
BLACK
6
CONTINUOUS
10
0.3629571653543307
20
0.329968779527559
11
0.3629570866141732
21
0.3299685826771653
0
LINE
8
BLACK
6
CONTINUOUS
10
0.3629570866141732
20
0.3299685826771653
11
0.3609453149606299
21
0.3245749606299212
0
LINE
8
BLACK
6
CONTINUOUS
10
0.3609453149606299
20
0.3245749606299212
11
0.3609452362204724
21
0.3245746456692913
0
LINE
8
BLACK
6
CONTINUOUS
10
0.3609452362204724
20
0.3245746456692913
11
0.3606889763779528
21
0.322190905511811
0
LINE
8
BLACK
6
CONTINUOUS
10
0.3606889763779528
20
0.322190905511811
11
0.3606889763779528
21
0.2278090551181102
0
LINE
8
BLACK
6
CONTINUOUS
10
0.3606889763779528
20
0.2278090551181102
11
0.3609452362204724
21
0.2254253149606299
0
LINE
8
BLACK
6
CONTINUOUS
10
0.3609452362204724
20
0.2254253149606299
11
0.3609453149606299
21
0.225425
0
LINE
8
BLACK
6
CONTINUOUS
10
0.3609453149606299
20
0.225425
11
0.3629570866141732
21
0.2200313779527559
0
LINE
8
BLACK
6
CONTINUOUS
10
0.3629570866141732
20
0.2200313779527559
11
0.3629571653543307
21
0.2200311811023622
0
LINE
8
BLACK
6
CONTINUOUS
10
0.3629571653543307
20
0.2200311811023622
11
0.3664070078740158
21
0.2154227559055118
0
LINE
8
BLACK
6
CONTINUOUS
10
0.3664070078740158
20
0.2154227559055118
11
0.3710154330708662
21
0.2119729133858268
0
LINE
8
BLACK
6
CONTINUOUS
10
0.3710154330708662
20
0.2119729133858268
11
0.3710156299212599
21
0.2119728346456693
0
LINE
8
BLACK
6
CONTINUOUS
10
0.3710156299212599
20
0.2119728346456693
11
0.3764092519685039
21
0.209961062992126
0
LINE
8
BLACK
6
CONTINUOUS
10
0.3764092519685039
20
0.209961062992126
11
0.3764095669291339
21
0.2099609842519685
0
LINE
8
BLACK
6
CONTINUOUS
10
0.3764095669291339
20
0.2099609842519685
11
0.3787933070866142
21
0.2097047244094488
0
LINE
8
BLACK
6
CONTINUOUS
10
0.3787933070866142
20
0.2097047244094488
11
0.378793779527559
21
0.2097047244094488
0
LINE
8
BLACK
6
CONTINUOUS
10
0.378793779527559
20
0.2097047244094488
11
0.473175157480315
21
0.2097047244094488
0
LINE
8
BLACK
6
CONTINUOUS
10
0.473175157480315
20
0.2097047244094488
11
0.4755588976377952
21
0.2099609842519685
0
LINE
8
BLACK
6
CONTINUOUS
10
0.4755588976377952
20
0.2099609842519685
11
0.4755592125984252
21
0.209961062992126
0
LINE
8
BLACK
6
CONTINUOUS
10
0.4755592125984252
20
0.209961062992126
11
0.4809528346456693
21
0.2119728346456693
0
LINE
8
BLACK
6
CONTINUOUS
10
0.4809528346456693
20
0.2119728346456693
11
0.480953031496063
21
0.2119729133858268
0
LINE
8
BLACK
6
CONTINUOUS
10
0.480953031496063
20
0.2119729133858268
11
0.4855614566929134
21
0.2154227559055118
0
LINE
8
BLACK
6
CONTINUOUS
10
0.4855614566929134
20
0.2154227559055118
11
0.4890112992125984
21
0.2200311811023622
0
LINE
8
BLACK
6
CONTINUOUS
10
0.4890112992125984
20
0.2200311811023622
11
0.4890113779527559
21
0.2200313779527559
0
LINE
8
BLACK
6
CONTINUOUS
10
0.4890113779527559
20
0.2200313779527559
11
0.4892682677165354
21
0.2207200393700787
0
LINE
8
BLACK
6
CONTINUOUS
10
0.4892682677165354
20
0.2207200393700787
11
0.4910231889763779
21
0.225425157480315
0
LINE
8
BLACK
6
CONTINUOUS
10
0.4910231889763779
20
0.225425157480315
11
0.4910232283464567
21
0.2254253149606299
0
LINE
8
BLACK
6
CONTINUOUS
10
0.4910232283464567
20
0.2254253149606299
11
0.4912794881889764
21
0.2278090551181102
0
LINE
8
BLACK
6
CONTINUOUS
10
0.4912794881889764
20
0.2278090551181102
11
0.4912795275590551
21
0.2278097244094488
0
LINE
8
BLACK
6
CONTINUOUS
10
0.4912795275590551
20
0.2278097244094488
11
0.4912795275590551
21
0.275
0
LINE
8
BLACK
6
CONTINUOUS
10
0.4912795275590551
20
0.275
11
0.4912795275590551
21
0.3221902362204724
0
LINE
8
BLACK
6
CONTINUOUS
10
1.6053647637795274
20
0.2646525196850394
11
1.6053647637795274
21
0.2646523228346457
0
LINE
8
BLACK
6
CONTINUOUS
10
1.6053647637795274
20
0.2646523228346457
11
1.6053648031496062
21
0.2646523228346457
0
LINE
8
BLACK
6
CONTINUOUS
10
1.6053648031496062
20
0.2646523228346457
11
1.6076736614173228
21
0.2545363779527559
0
LINE
8
BLACK
6
CONTINUOUS
10
1.6076736614173228
20
0.2545363779527559
11
1.6114646456692914
21
0.244877125984252
0
LINE
8
BLACK
6
CONTINUOUS
10
1.6114646456692914
20
0.244877125984252
11
1.6114647637795276
21
0.244876811023622
0
LINE
8
BLACK
6
CONTINUOUS
10
1.6114647637795276
20
0.244876811023622
11
1.6166528346456692
21
0.2358908267716535
0
LINE
8
BLACK
6
CONTINUOUS
10
1.6166528346456692
20
0.2358908267716535
11
1.6231226377952757
21
0.2277779921259842
0
LINE
8
BLACK
6
CONTINUOUS
10
1.6231226377952757
20
0.2277779921259842
11
1.6307291338582677
21
0.2207201968503937
0
LINE
8
BLACK
6
CONTINUOUS
10
1.6307291338582677
20
0.2207201968503937
11
1.6307293307086614
21
0.2207200393700787
0
LINE
8
BLACK
6
CONTINUOUS
10
1.6307293307086614
20
0.2207200393700787
11
1.6393021653543307
21
0.214875157480315
0
LINE
8
BLACK
6
CONTINUOUS
10
1.6393021653543307
20
0.214875157480315
11
1.6393024803149605
21
0.214875
0
LINE
8
BLACK
6
CONTINUOUS
10
1.6393024803149605
20
0.214875
11
1.6486512598425196
21
0.2103727952755906
0
LINE
8
BLACK
6
CONTINUOUS
10
1.6486512598425196
20
0.2103727952755906
11
1.6486517322834646
21
0.2103725984251968
0
LINE
8
BLACK
6
CONTINUOUS
10
1.6486517322834646
20
0.2103725984251968
11
1.658566496062992
21
0.2073143307086614
0
LINE
8
BLACK
6
CONTINUOUS
10
1.658566496062992
20
0.2073143307086614
11
1.6585668503937008
21
0.2073142519685039
0
LINE
8
BLACK
6
CONTINUOUS
10
1.6585668503937008
20
0.2073142519685039
11
1.6585669291338583
21
0.2073142519685039
0
LINE
8
BLACK
6
CONTINUOUS
10
1.6585669291338583
20
0.2073142519685039
11
1.6688275196850393
21
0.2057677165354331
0
LINE
8
BLACK
6
CONTINUOUS
10
1.6688275196850393
20
0.2057677165354331
11
1.6688276771653543
21
0.2057677165354331
0
LINE
8
BLACK
6
CONTINUOUS
10
1.6688276771653543
20
0.2057677165354331
11
1.6792038188976377
21
0.2057677165354331
0
LINE
8
BLACK
6
CONTINUOUS
10
1.6792038188976377
20
0.2057677165354331
11
1.6792039763779527
21
0.2057677165354331
0
LINE
8
BLACK
6
CONTINUOUS
10
1.6792039763779527
20
0.2057677165354331
11
1.6894645669291337
21
0.2073142519685039
0
LINE
8
BLACK
6
CONTINUOUS
10
1.6894645669291337
20
0.2073142519685039
11
1.6894646456692912
21
0.2073142519685039
0
LINE
8
BLACK
6
CONTINUOUS
10
1.6894646456692912
20
0.2073142519685039
11
1.6894649606299212
21
0.2073143307086614
0
LINE
8
BLACK
6
CONTINUOUS
10
1.6894649606299212
20
0.2073143307086614
11
1.6993797244094488
21
0.2103725984251968
0
LINE
8
BLACK
6
CONTINUOUS
10
1.6993797244094488
20
0.2103725984251968
11
1.6993801968503937
21
0.2103727952755906
0
LINE
8
BLACK
6
CONTINUOUS
10
1.6993801968503937
20
0.2103727952755906
11
1.7087290551181102
21
0.214875
0
LINE
8
BLACK
6
CONTINUOUS
10
1.7087290551181102
20
0.214875
11
1.7087293307086613
21
0.214875157480315
0
LINE
8
BLACK
6
CONTINUOUS
10
1.7087293307086613
20
0.214875157480315
11
1.717302125984252
21
0.2207200393700787
0
LINE
8
BLACK
6
CONTINUOUS
10
1.717302125984252
20
0.2207200393700787
11
1.7173021653543308
21
0.2207200787401575
0
LINE
8
BLACK
6
CONTINUOUS
10
1.7173021653543308
20
0.2207200787401575
11
1.7173024015748031
21
0.2207202362204724
0
LINE
8
BLACK
6
CONTINUOUS
10
1.7173024015748031
20
0.2207202362204724
11
1.7249088976377953
21
0.227778031496063
0
LINE
8
BLACK
6
CONTINUOUS
10
1.7249088976377953
20
0.227778031496063
11
1.7313785433070865
21
0.2358907086614173
0
LINE
8
BLACK
6
CONTINUOUS
10
1.7313785433070865
20
0.2358907086614173
11
1.731378622047244
21
0.2358908267716535
0
LINE
8
BLACK
6
CONTINUOUS
10
1.731378622047244
20
0.2358908267716535
11
1.7365666929133858
21
0.244876811023622
0
LINE
8
BLACK
6
CONTINUOUS
10
1.7365666929133858
20
0.244876811023622
11
1.7365668110236221
21
0.244877125984252
0
LINE
8
BLACK
6
CONTINUOUS
10
1.7365668110236221
20
0.244877125984252
11
1.7371074803149607
21
0.2462547244094488
0
LINE
8
BLACK
6
CONTINUOUS
10
1.7371074803149607
20
0.2462547244094488
11
1.7403577559055117
21
0.254536220472441
0
LINE
8
BLACK
6
CONTINUOUS
10
1.7403577559055117
20
0.254536220472441
11
1.7426667322834646
21
0.2646525196850394
0
LINE
8
BLACK
6
CONTINUOUS
10
1.7426667322834646
20
0.2646525196850394
11
1.7434421653543306
21
0.275
0
LINE
8
BLACK
6
CONTINUOUS
10
1.7434421653543306
20
0.275
11
1.7426667322834646
21
0.2853474803149606
0
LINE
8
BLACK
6
CONTINUOUS
10
1.7426667322834646
20
0.2853474803149606
11
1.7403577559055117
21
0.295463779527559
0
LINE
8
BLACK
6
CONTINUOUS
10
1.7403577559055117
20
0.295463779527559
11
1.7365667716535433
21
0.3051229921259843
0
LINE
8
BLACK
6
CONTINUOUS
10
1.7365667716535433
20
0.3051229921259843
11
1.7313785433070865
21
0.3141092913385827
0
LINE
8
BLACK
6
CONTINUOUS
10
1.7313785433070865
20
0.3141092913385827
11
1.7249088976377953
21
0.322221968503937
0
LINE
8
BLACK
6
CONTINUOUS
10
1.7249088976377953
20
0.322221968503937
11
1.7173024015748031
21
0.3292797637795276
0
LINE
8
BLACK
6
CONTINUOUS
10
1.7173024015748031
20
0.3292797637795276
11
1.7087289763779527
21
0.3351250393700788
0
LINE
8
BLACK
6
CONTINUOUS
10
1.7087289763779527
20
0.3351250393700788
11
1.6993800787401574
21
0.3396272440944882
0
LINE
8
BLACK
6
CONTINUOUS
10
1.6993800787401574
20
0.3396272440944882
11
1.6993798031496063
21
0.3396273228346456
0
LINE
8
BLACK
6
CONTINUOUS
10
1.6993798031496063
20
0.3396273228346456
11
1.6993797244094488
21
0.3396273622047244
0
LINE
8
BLACK
6
CONTINUOUS
10
1.6993797244094488
20
0.3396273622047244
11
1.6894649606299212
21
0.3426856299212598
0
LINE
8
BLACK
6
CONTINUOUS
10
1.6894649606299212
20
0.3426856299212598
11
1.6894649212598425
21
0.3426856299212598
0
LINE
8
BLACK
6
CONTINUOUS
10
1.6894649212598425
20
0.3426856299212598
11
1.6894645669291337
21
0.342685748031496
0
LINE
8
BLACK
6
CONTINUOUS
10
1.6894645669291337
20
0.342685748031496
11
1.6792039763779527
21
0.3442322834645669
0
LINE
8
BLACK
6
CONTINUOUS
10
1.6792039763779527
20
0.3442322834645669
11
1.6688275196850393
21
0.3442322834645669
0
LINE
8
BLACK
6
CONTINUOUS
10
1.6688275196850393
20
0.3442322834645669
11
1.6585669291338583
21
0.342685748031496
0
LINE
8
BLACK
6
CONTINUOUS
10
1.6585669291338583
20
0.342685748031496
11
1.6585665748031495
21
0.3426856299212598
0
LINE
8
BLACK
6
CONTINUOUS
10
1.6585665748031495
20
0.3426856299212598
11
1.658566496062992
21
0.3426856299212598
0
LINE
8
BLACK
6
CONTINUOUS
10
1.658566496062992
20
0.3426856299212598
11
1.6486517322834646
21
0.3396273622047244
0
LINE
8
BLACK
6
CONTINUOUS
10
1.6486517322834646
20
0.3396273622047244
11
1.6486515354330709
21
0.3396272440944882
0
LINE
8
BLACK
6
CONTINUOUS
10
1.6486515354330709
20
0.3396272440944882
11
1.6486514173228346
21
0.3396272440944882
0
LINE
8
BLACK
6
CONTINUOUS
10
1.6486514173228346
20
0.3396272440944882
11
1.639302559055118
21
0.3351250393700788
0
LINE
8
BLACK
6
CONTINUOUS
10
1.639302559055118
20
0.3351250393700788
11
1.6393023228346457
21
0.3351248818897637
0
LINE
8
BLACK
6
CONTINUOUS
10
1.6393023228346457
20
0.3351248818897637
11
1.6393021653543307
21
0.3351248031496063
0
LINE
8
BLACK
6
CONTINUOUS
10
1.6393021653543307
20
0.3351248031496063
11
1.6317396850393699
21
0.329968779527559
0
LINE
8
BLACK
6
CONTINUOUS
10
1.6317396850393699
20
0.329968779527559
11
1.6307290944881889
21
0.3292797637795276
0
LINE
8
BLACK
6
CONTINUOUS
10
1.6307290944881889
20
0.3292797637795276
11
1.6231225984251969
21
0.322221968503937
0
LINE
8
BLACK
6
CONTINUOUS
10
1.6231225984251969
20
0.322221968503937
11
1.6166529527559055
21
0.3141092913385827
0
LINE
8
BLACK
6
CONTINUOUS
10
1.6166529527559055
20
0.3141092913385827
11
1.6166528346456692
21
0.3141091338582677
0
LINE
8
BLACK
6
CONTINUOUS
10
1.6166528346456692
20
0.3141091338582677
11
1.6114647637795276
21
0.3051231496062992
0
LINE
8
BLACK
6
CONTINUOUS
10
1.6114647637795276
20
0.3051231496062992
11
1.6114646456692914
21
0.3051228346456693
0
LINE
8
BLACK
6
CONTINUOUS
10
1.6114646456692914
20
0.3051228346456693
11
1.6076736614173228
21
0.2954635826771653
0
LINE
8
BLACK
6
CONTINUOUS
10
1.6076736614173228
20
0.2954635826771653
11
1.6055772440944882
21
0.2862784251968504
0
LINE
8
BLACK
6
CONTINUOUS
10
1.6055772440944882
20
0.2862784251968504
11
1.6053647637795274
21
0.2853474803149606
0
LINE
8
BLACK
6
CONTINUOUS
10
1.6053647637795274
20
0.2853474803149606
11
1.6045893307086614
21
0.275
0
LINE
8
BLACK
6
CONTINUOUS
10
1.6045893307086614
20
0.275
11
1.6053647637795274
21
0.2646525196850394
0
LINE
8
BLACK
6
CONTINUOUS
10
1.7752365748031496
20
0.365700905511811
11
1.7752366535433071
21
0.3657005905511811
0
LINE
8
BLACK
6
CONTINUOUS
10
1.7752366535433071
20
0.3657005905511811
11
1.7772484251968503
21
0.360306968503937
0
LINE
8
BLACK
6
CONTINUOUS
10
1.7772484251968503
20
0.360306968503937
11
1.7772485039370078
21
0.3603067716535433
0
LINE
8
BLACK
6
CONTINUOUS
10
1.7772485039370078
20
0.3603067716535433
11
1.7806983464566928
21
0.3556983464566929
0
LINE
8
BLACK
6
CONTINUOUS
10
1.7806983464566928
20
0.3556983464566929
11
1.7853067716535433
21
0.3522485039370079
0
LINE
8
BLACK
6
CONTINUOUS
10
1.7853067716535433
20
0.3522485039370079
11
1.7853069685039369
21
0.3522484251968504
0
LINE
8
BLACK
6
CONTINUOUS
10
1.7853069685039369
20
0.3522484251968504
11
1.790700590551181
21
0.3502366535433071
0
LINE
8
BLACK
6
CONTINUOUS
10
1.790700590551181
20
0.3502366535433071
11
1.790700905511811
21
0.3502365748031496
0
LINE
8
BLACK
6
CONTINUOUS
10
1.790700905511811
20
0.3502365748031496
11
1.7930846456692913
21
0.3499803149606299
0
LINE
8
BLACK
6
CONTINUOUS
10
1.7930846456692913
20
0.3499803149606299
11
1.7930851181102361
21
0.3499803149606299
0
LINE
8
BLACK
6
CONTINUOUS
10
1.7930851181102361
20
0.3499803149606299
11
1.8569153149606299
21
0.3499803149606299
0
LINE
8
BLACK
6
CONTINUOUS
10
1.8569153149606299
20
0.3499803149606299
11
1.8592990551181101
21
0.3502365748031496
0
LINE
8
BLACK
6
CONTINUOUS
10
1.8592990551181101
20
0.3502365748031496
11
1.8592993700787401
21
0.3502366535433071
0
LINE
8
BLACK
6
CONTINUOUS
10
1.8592993700787401
20
0.3502366535433071
11
1.8646929921259843
21
0.3522484251968504
0
LINE
8
BLACK
6
CONTINUOUS
10
1.8646929921259843
20
0.3522484251968504
11
1.8646931889763778
21
0.3522485039370079
0
LINE
8
BLACK
6
CONTINUOUS
10
1.8646931889763778
20
0.3522485039370079
11
1.8693016141732284
21
0.3556983464566929
0
LINE
8
BLACK
6
CONTINUOUS
10
1.8693016141732284
20
0.3556983464566929
11
1.8727514566929133
21
0.3603067716535433
0
LINE
8
BLACK
6
CONTINUOUS
10
1.8727514566929133
20
0.3603067716535433
11
1.8727515354330708
21
0.360306968503937
0
LINE
8
BLACK
6
CONTINUOUS
10
1.8727515354330708
20
0.360306968503937
11
1.8747633070866141
21
0.3657005905511811
0
LINE
8
BLACK
6
CONTINUOUS
10
1.8747633070866141
20
0.3657005905511811
11
1.8747633858267716
21
0.365700905511811
0
LINE
8
BLACK
6
CONTINUOUS
10
1.8747633858267716
20
0.365700905511811
11
1.8750196456692914
21
0.3680846456692913
0
LINE
8
BLACK
6
CONTINUOUS
10
1.8750196456692914
20
0.3680846456692913
11
1.8750196850393701
21
0.3680853149606299
0
LINE
8
BLACK
6
CONTINUOUS
10
1.8750196850393701
20
0.3680853149606299
11
1.8750196850393701
21
0.4319146456692913
0
LINE
8
BLACK
6
CONTINUOUS
10
1.8750196850393701
20
0.4319146456692913
11
1.8750196456692914
21
0.4319153149606299
0
LINE
8
BLACK
6
CONTINUOUS
10
1.8750196456692914
20
0.4319153149606299
11
1.8747633858267716
21
0.4342990551181102
0
LINE
8
BLACK
6
CONTINUOUS
10
1.8747633858267716
20
0.4342990551181102
11
1.8747633070866141
21
0.4342993700787401
0
LINE
8
BLACK
6
CONTINUOUS
10
1.8747633070866141
20
0.4342993700787401
11
1.874413307086614
21
0.4352377165354331
0
LINE
8
BLACK
6
CONTINUOUS
10
1.874413307086614
20
0.4352377165354331
11
1.8727515354330708
21
0.4396930708661417
0
LINE
8
BLACK
6
CONTINUOUS
10
1.8727515354330708
20
0.4396930708661417
11
1.8693016141732284
21
0.4443016141732283
0
LINE
8
BLACK
6
CONTINUOUS
10
1.8693016141732284
20
0.4443016141732283
11
1.8669943700787401
21
0.4460288188976378
0
LINE
8
BLACK
6
CONTINUOUS
10
1.8669943700787401
20
0.4460288188976378
11
1.8653192913385825
21
0.4482664566929134
0
LINE
8
BLACK
6
CONTINUOUS
10
1.8653192913385825
20
0.4482664566929134
11
1.8651199212598424
21
0.4510544881889764
0
LINE
8
BLACK
6
CONTINUOUS
10
1.8651199212598424
20
0.4510544881889764
11
1.8664594881889764
21
0.453507716535433
0
LINE
8
BLACK
6
CONTINUOUS
10
1.8664594881889764
20
0.453507716535433
11
1.8669943700787401
21
0.4539711811023622
0
LINE
8
BLACK
6
CONTINUOUS
10
1.8669943700787401
20
0.4539711811023622
11
1.8693016141732284
21
0.4556983464566929
0
LINE
8
BLACK
6
CONTINUOUS
10
1.8693016141732284
20
0.4556983464566929
11
1.8727514566929133
21
0.4603067716535433
0
LINE
8
BLACK
6
CONTINUOUS
10
1.8727514566929133
20
0.4603067716535433
11
1.8727515354330708
21
0.460306968503937
0
LINE
8
BLACK
6
CONTINUOUS
10
1.8727515354330708
20
0.460306968503937
11
1.8747633070866141
21
0.4657005905511811
0
LINE
8
BLACK
6
CONTINUOUS
10
1.8747633070866141
20
0.4657005905511811
11
1.8747633858267716
21
0.465700905511811
0
LINE
8
BLACK
6
CONTINUOUS
10
1.8747633858267716
20
0.465700905511811
11
1.8750196456692914
21
0.4680846456692913
0
LINE
8
BLACK
6
CONTINUOUS
10
1.8750196456692914
20
0.4680846456692913
11
1.8750196850393701
21
0.4680853149606299
0
LINE
8
BLACK
6
CONTINUOUS
10
1.8750196850393701
20
0.4680853149606299
11
1.8750196850393701
21
0.5319146456692914
0
LINE
8
BLACK
6
CONTINUOUS
10
1.8750196850393701
20
0.5319146456692914
11
1.8750196456692914
21
0.5319153149606299
0
LINE
8
BLACK
6
CONTINUOUS
10
1.8750196456692914
20
0.5319153149606299
11
1.8747633858267716
21
0.5342990551181103
0
LINE
8
BLACK
6
CONTINUOUS
10
1.8747633858267716
20
0.5342990551181103
11
1.8747633070866141
21
0.5342993700787402
0
LINE
8
BLACK
6
CONTINUOUS
10
1.8747633070866141
20
0.5342993700787402
11
1.8744866141732284
21
0.5350411417322835
0
LINE
8
BLACK
6
CONTINUOUS
10
1.8744866141732284
20
0.5350411417322835
11
1.8727515354330708
21
0.5396930708661417
0
LINE
8
BLACK
6
CONTINUOUS
10
1.8727515354330708
20
0.5396930708661417
11
1.8693016141732284
21
0.5443016141732283
0
LINE
8
BLACK
6
CONTINUOUS
10
1.8693016141732284
20
0.5443016141732283
11
1.8646930708661418
21
0.5477515354330709
0
LINE
8
BLACK
6
CONTINUOUS
10
1.8646930708661418
20
0.5477515354330709
11
1.8592992519685039
21
0.5497633464566929
0
LINE
8
BLACK
6
CONTINUOUS
10
1.8592992519685039
20
0.5497633464566929
11
1.8592991732283464
21
0.5497633464566929
0
LINE
8
BLACK
6
CONTINUOUS
10
1.8592991732283464
20
0.5497633464566929
11
1.8592990551181101
21
0.5497633858267716
0
LINE
8
BLACK
6
CONTINUOUS
10
1.8592990551181101
20
0.5497633858267716
11
1.8569153149606299
21
0.5500196456692913
0
LINE
8
BLACK
6
CONTINUOUS
10
1.8569153149606299
20
0.5500196456692913
11
1.8569151574803149
21
0.5500196456692913
0
LINE
8
BLACK
6
CONTINUOUS
10
1.8569151574803149
20
0.5500196456692913
11
1.8569148818897638
21
0.55001968503937
0
LINE
8
BLACK
6
CONTINUOUS
10
1.8569148818897638
20
0.55001968503937
11
1.7930851181102361
21
0.55001968503937
0
LINE
8
BLACK
6
CONTINUOUS
10
1.7930851181102361
20
0.55001968503937
11
1.793084842519685
21
0.5500196456692913
0
LINE
8
BLACK
6
CONTINUOUS
10
1.793084842519685
20
0.5500196456692913
11
1.7930846456692913
21
0.5500196456692913
0
LINE
8
BLACK
6
CONTINUOUS
10
1.7930846456692913
20
0.5500196456692913
11
1.790700905511811
21
0.5497633858267716
0
LINE
8
BLACK
6
CONTINUOUS
10
1.790700905511811
20
0.5497633858267716
11
1.790700590551181
21
0.5497633070866141
0
LINE
8
BLACK
6
CONTINUOUS
10
1.790700590551181
20
0.5497633070866141
11
1.7876328740157479
21
0.5486190551181103
0
LINE
8
BLACK
6
CONTINUOUS
10
1.7876328740157479
20
0.5486190551181103
11
1.7853069291338581
21
0.5477515354330709
0
LINE
8
BLACK
6
CONTINUOUS
10
1.7853069291338581
20
0.5477515354330709
11
1.7853068503937009
21
0.5477514960629921
0
LINE
8
BLACK
6
CONTINUOUS
10
1.7853068503937009
20
0.5477514960629921
11
1.7853067716535433
21
0.5477514566929134
0
LINE
8
BLACK
6
CONTINUOUS
10
1.7853067716535433
20
0.5477514566929134
11
1.7806983464566928
21
0.5443016141732283
0
LINE
8
BLACK
6
CONTINUOUS
10
1.7806983464566928
20
0.5443016141732283
11
1.7772485039370078
21
0.539693188976378
0
LINE
8
BLACK
6
CONTINUOUS
10
1.7772485039370078
20
0.539693188976378
11
1.7772484251968503
21
0.5396929921259842
0
LINE
8
BLACK
6
CONTINUOUS
10
1.7772484251968503
20
0.5396929921259842
11
1.7752366535433071
21
0.5342993700787402
0
LINE
8
BLACK
6
CONTINUOUS
10
1.7752366535433071
20
0.5342993700787402
11
1.7752365748031496
21
0.5342990551181103
0
LINE
8
BLACK
6
CONTINUOUS
10
1.7752365748031496
20
0.5342990551181103
11
1.7749803149606298
21
0.5319153149606299
0
LINE
8
BLACK
6
CONTINUOUS
10
1.7749803149606298
20
0.5319153149606299
11
1.7749803149606298
21
0.4680846456692913
0
LINE
8
BLACK
6
CONTINUOUS
10
1.7749803149606298
20
0.4680846456692913
11
1.7752365748031496
21
0.465700905511811
0
LINE
8
BLACK
6
CONTINUOUS
10
1.7752365748031496
20
0.465700905511811
11
1.7752366535433071
21
0.4657005905511811
0
LINE
8
BLACK
6
CONTINUOUS
10
1.7752366535433071
20
0.4657005905511811
11
1.7772484251968503
21
0.460306968503937
0
LINE
8
BLACK
6
CONTINUOUS
10
1.7772484251968503
20
0.460306968503937
11
1.7772485039370078
21
0.4603067716535433
0
LINE
8
BLACK
6
CONTINUOUS
10
1.7772485039370078
20
0.4603067716535433
11
1.7806983858267715
21
0.4556983464566929
0
LINE
8
BLACK
6
CONTINUOUS
10
1.7806983858267715
20
0.4556983464566929
11
1.7830056299212598
21
0.4539711417322835
0
LINE
8
BLACK
6
CONTINUOUS
10
1.7830056299212598
20
0.4539711417322835
11
1.7846806692913386
21
0.4517335039370078
0
LINE
8
BLACK
6
CONTINUOUS
10
1.7846806692913386
20
0.4517335039370078
11
1.7848800393700788
21
0.4489455118110236
0
LINE
8
BLACK
6
CONTINUOUS
10
1.7848800393700788
20
0.4489455118110236
11
1.7835404724409449
21
0.4464922834645669
0
LINE
8
BLACK
6
CONTINUOUS
10
1.7835404724409449
20
0.4464922834645669
11
1.7830056299212598
21
0.4460288582677165
0
LINE
8
BLACK
6
CONTINUOUS
10
1.7830056299212598
20
0.4460288582677165
11
1.7806983858267715
21
0.4443016141732283
0
LINE
8
BLACK
6
CONTINUOUS
10
1.7806983858267715
20
0.4443016141732283
11
1.7772485039370078
21
0.4396931889763779
0
LINE
8
BLACK
6
CONTINUOUS
10
1.7772485039370078
20
0.4396931889763779
11
1.7772484251968503
21
0.4396929921259842
0
LINE
8
BLACK
6
CONTINUOUS
10
1.7772484251968503
20
0.4396929921259842
11
1.7752366535433071
21
0.4342993700787401
0
LINE
8
BLACK
6
CONTINUOUS
10
1.7752366535433071
20
0.4342993700787401
11
1.7752365748031496
21
0.4342990551181102
0
LINE
8
BLACK
6
CONTINUOUS
10
1.7752365748031496
20
0.4342990551181102
11
1.7749803149606298
21
0.4319153149606299
0
LINE
8
BLACK
6
CONTINUOUS
10
1.7749803149606298
20
0.4319153149606299
11
1.7749803149606298
21
0.3680846456692913
0
LINE
8
BLACK
6
CONTINUOUS
10
1.7749803149606298
20
0.3680846456692913
11
1.7752365748031496
21
0.365700905511811
0
LINE
8
BLACK
6
CONTINUOUS
10
1.6161600393700788
20
0.6938302755905512
11
1.6183422834645669
21
0.6847404330708661
0
LINE
8
BLACK
6
CONTINUOUS
10
1.6183422834645669
20
0.6847404330708661
11
1.6219196456692913
21
0.6761038582677166
0
LINE
8
BLACK
6
CONTINUOUS
10
1.6219196456692913
20
0.6761038582677166
11
1.6268041338582677
21
0.6681331496062992
0
LINE
8
BLACK
6
CONTINUOUS
10
1.6268041338582677
20
0.6681331496062992
11
1.6268041732283465
21
0.6681330708661417
0
LINE
8
BLACK
6
CONTINUOUS
10
1.6268041732283465
20
0.6681330708661417
11
1.6328751968503936
21
0.6610248031496063
0
LINE
8
BLACK
6
CONTINUOUS
10
1.6328751968503936
20
0.6610248031496063
11
1.6399834645669291
21
0.6549537795275591
0
LINE
8
BLACK
6
CONTINUOUS
10
1.6399834645669291
20
0.6549537795275591
11
1.6399835433070866
21
0.6549537401574803
0
LINE
8
BLACK
6
CONTINUOUS
10
1.6399835433070866
20
0.6549537401574803
11
1.647954251968504
21
0.650069251968504
0
LINE
8
BLACK
6
CONTINUOUS
10
1.647954251968504
20
0.650069251968504
11
1.6565908267716536
21
0.6464918897637795
0
LINE
8
BLACK
6
CONTINUOUS
10
1.6565908267716536
20
0.6464918897637795
11
1.6656806692913386
21
0.6443096456692913
0
LINE
8
BLACK
6
CONTINUOUS
10
1.6656806692913386
20
0.6443096456692913
11
1.675
21
0.6435761811023621
0
LINE
8
BLACK
6
CONTINUOUS
10
1.675
20
0.6435761811023621
11
1.6843193307086615
21
0.6443096456692913
0
LINE
8
BLACK
6
CONTINUOUS
10
1.6843193307086615
20
0.6443096456692913
11
1.6871909842519686
21
0.6449990551181102
0
LINE
8
BLACK
6
CONTINUOUS
10
1.6871909842519686
20
0.6449990551181102
11
1.6934091338582677
21
0.6464918897637795
0
LINE
8
BLACK
6
CONTINUOUS
10
1.6934091338582677
20
0.6464918897637795
11
1.7020457086614174
21
0.650069251968504
0
LINE
8
BLACK
6
CONTINUOUS
10
1.7020457086614174
20
0.650069251968504
11
1.7031149606299212
21
0.6507244881889763
0
LINE
8
BLACK
6
CONTINUOUS
10
1.7031149606299212
20
0.6507244881889763
11
1.710016377952756
21
0.6549537007874016
0
LINE
8
BLACK
6
CONTINUOUS
10
1.710016377952756
20
0.6549537007874016
11
1.7100164173228347
21
0.6549537401574803
0
LINE
8
BLACK
6
CONTINUOUS
10
1.7100164173228347
20
0.6549537401574803
11
1.710016496062992
21
0.6549537795275591
0
LINE
8
BLACK
6
CONTINUOUS
10
1.710016496062992
20
0.6549537795275591
11
1.7171247637795275
21
0.6610248031496063
0
LINE
8
BLACK
6
CONTINUOUS
10
1.7171247637795275
20
0.6610248031496063
11
1.7231957874015749
21
0.6681330708661417
0
LINE
8
BLACK
6
CONTINUOUS
10
1.7231957874015749
20
0.6681330708661417
11
1.7231958267716534
21
0.6681331496062992
0
LINE
8
BLACK
6
CONTINUOUS
10
1.7231958267716534
20
0.6681331496062992
11
1.7231959055118109
21
0.6681332283464567
0
LINE
8
BLACK
6
CONTINUOUS
10
1.7231959055118109
20
0.6681332283464567
11
1.7280803149606299
21
0.6761038188976378
0
LINE
8
BLACK
6
CONTINUOUS
10
1.7280803149606299
20
0.6761038188976378
11
1.7316576771653542
21
0.6847403937007874
0
LINE
8
BLACK
6
CONTINUOUS
10
1.7316576771653542
20
0.6847403937007874
11
1.7338399606299213
21
0.6938302755905512
0
LINE
8
BLACK
6
CONTINUOUS
10
1.7338399606299213
20
0.6938302755905512
11
1.7345734251968503
21
0.7031496062992126
0
LINE
8
BLACK
6
CONTINUOUS
10
1.7345734251968503
20
0.7031496062992126
11
1.7338399606299213
21
0.7124689370078739
0
LINE
8
BLACK
6
CONTINUOUS
10
1.7338399606299213
20
0.7124689370078739
11
1.7316576771653542
21
0.7215588188976377
0
LINE
8
BLACK
6
CONTINUOUS
10
1.7316576771653542
20
0.7215588188976377
11
1.7280803149606299
21
0.7301953937007873
0
LINE
8
BLACK
6
CONTINUOUS
10
1.7280803149606299
20
0.7301953937007873
11
1.7231959055118109
21
0.7381659842519684
0
LINE
8
BLACK
6
CONTINUOUS
10
1.7231959055118109
20
0.7381659842519684
11
1.7171247637795275
21
0.7452743700787401
0
LINE
8
BLACK
6
CONTINUOUS
10
1.7171247637795275
20
0.7452743700787401
11
1.710016377952756
21
0.7513455118110236
0
LINE
8
BLACK
6
CONTINUOUS
10
1.710016377952756
20
0.7513455118110236
11
1.7020457874015749
21
0.7562299212598425
0
LINE
8
BLACK
6
CONTINUOUS
10
1.7020457874015749
20
0.7562299212598425
11
1.6934092125984253
21
0.7598072834645669
0
LINE
8
BLACK
6
CONTINUOUS
10
1.6934092125984253
20
0.7598072834645669
11
1.6843193307086615
21
0.7619895669291339
0
LINE
8
BLACK
6
CONTINUOUS
10
1.6843193307086615
20
0.7619895669291339
11
1.675
21
0.762723031496063
0
LINE
8
BLACK
6
CONTINUOUS
10
1.675
20
0.762723031496063
11
1.6656806692913386
21
0.7619895669291339
0
LINE
8
BLACK
6
CONTINUOUS
10
1.6656806692913386
20
0.7619895669291339
11
1.6565907874015748
21
0.7598072834645669
0
LINE
8
BLACK
6
CONTINUOUS
10
1.6565907874015748
20
0.7598072834645669
11
1.6479542125984252
21
0.7562299212598425
0
LINE
8
BLACK
6
CONTINUOUS
10
1.6479542125984252
20
0.7562299212598425
11
1.6399836220472441
21
0.7513455118110236
0
LINE
8
BLACK
6
CONTINUOUS
10
1.6399836220472441
20
0.7513455118110236
11
1.6399835433070866
21
0.7513454330708661
0
LINE
8
BLACK
6
CONTINUOUS
10
1.6399835433070866
20
0.7513454330708661
11
1.6399834645669291
21
0.7513453937007873
0
LINE
8
BLACK
6
CONTINUOUS
10
1.6399834645669291
20
0.7513453937007873
11
1.6328751968503936
21
0.7452743700787401
0
LINE
8
BLACK
6
CONTINUOUS
10
1.6328751968503936
20
0.7452743700787401
11
1.6268041732283465
21
0.7381661023622047
0
LINE
8
BLACK
6
CONTINUOUS
10
1.6268041732283465
20
0.7381661023622047
11
1.6268041338582677
21
0.7381660236220472
0
LINE
8
BLACK
6
CONTINUOUS
10
1.6268041338582677
20
0.7381660236220472
11
1.626804094488189
21
0.7381659842519684
0
LINE
8
BLACK
6
CONTINUOUS
10
1.626804094488189
20
0.7381659842519684
11
1.62191968503937
21
0.7301953937007873
0
LINE
8
BLACK
6
CONTINUOUS
10
1.62191968503937
20
0.7301953937007873
11
1.6219196456692913
21
0.7301953149606299
0
LINE
8
BLACK
6
CONTINUOUS
10
1.6219196456692913
20
0.7301953149606299
11
1.6183422834645669
21
0.7215587401574803
0
LINE
8
BLACK
6
CONTINUOUS
10
1.6183422834645669
20
0.7215587401574803
11
1.6161600393700788
21
0.7124688976377953
0
LINE
8
BLACK
6
CONTINUOUS
10
1.6161600393700788
20
0.7124688976377953
11
1.6154265748031496
21
0.7031496062992126
0
LINE
8
BLACK
6
CONTINUOUS
10
1.6154265748031496
20
0.7031496062992126
11
1.6161600393700788
21
0.6938302755905512
0
LINE
8
BLACK
6
CONTINUOUS
10
1.2839767322834645
20
0.7504253149606299
11
1.283976811023622
21
0.750425
0
LINE
8
BLACK
6
CONTINUOUS
10
1.283976811023622
20
0.750425
11
1.2859885826771653
21
0.7450313779527559
0
LINE
8
BLACK
6
CONTINUOUS
10
1.2859885826771653
20
0.7450313779527559
11
1.2859886614173228
21
0.7450311811023622
0
LINE
8
BLACK
6
CONTINUOUS
10
1.2859886614173228
20
0.7450311811023622
11
1.2894385039370078
21
0.7404227559055118
0
LINE
8
BLACK
6
CONTINUOUS
10
1.2894385039370078
20
0.7404227559055118
11
1.2940469291338583
21
0.7369729133858267
0
LINE
8
BLACK
6
CONTINUOUS
10
1.2940469291338583
20
0.7369729133858267
11
1.2940471259842519
21
0.7369728346456693
0
LINE
8
BLACK
6
CONTINUOUS
10
1.2940471259842519
20
0.7369728346456693
11
1.299440748031496
21
0.7349610629921259
0
LINE
8
BLACK
6
CONTINUOUS
10
1.299440748031496
20
0.7349610629921259
11
1.299441062992126
21
0.7349609842519685
0
LINE
8
BLACK
6
CONTINUOUS
10
1.299441062992126
20
0.7349609842519685
11
1.3018248031496062
21
0.7347047244094488
0
LINE
8
BLACK
6
CONTINUOUS
10
1.3018248031496062
20
0.7347047244094488
11
1.3018252755905511
21
0.7347047244094488
0
LINE
8
BLACK
6
CONTINUOUS
10
1.3018252755905511
20
0.7347047244094488
11
1.3962066535433071
21
0.7347047244094488
0
LINE
8
BLACK
6
CONTINUOUS
10
1.3962066535433071
20
0.7347047244094488
11
1.3985903937007873
21
0.7349609842519685
0
LINE
8
BLACK
6
CONTINUOUS
10
1.3985903937007873
20
0.7349609842519685
11
1.3985907086614173
21
0.7349610629921259
0
LINE
8
BLACK
6
CONTINUOUS
10
1.3985907086614173
20
0.7349610629921259
11
1.4039843307086615
21
0.7369728346456693
0
LINE
8
BLACK
6
CONTINUOUS
10
1.4039843307086615
20
0.7369728346456693
11
1.403984527559055
21
0.7369729133858267
0
LINE
8
BLACK
6
CONTINUOUS
10
1.403984527559055
20
0.7369729133858267
11
1.4085929527559056
21
0.7404227559055118
0
LINE
8
BLACK
6
CONTINUOUS
10
1.4085929527559056
20
0.7404227559055118
11
1.4120427952755905
21
0.7450311811023622
0
LINE
8
BLACK
6
CONTINUOUS
10
1.4120427952755905
20
0.7450311811023622
11
1.412042874015748
21
0.7450313779527559
0
LINE
8
BLACK
6
CONTINUOUS
10
1.412042874015748
20
0.7450313779527559
11
1.4122997637795276
21
0.7457200393700787
0
LINE
8
BLACK
6
CONTINUOUS
10
1.4122997637795276
20
0.7457200393700787
11
1.41405468503937
21
0.7504251574803149
0
LINE
8
BLACK
6
CONTINUOUS
10
1.41405468503937
20
0.7504251574803149
11
1.4140547244094488
21
0.7504253149606299
0
LINE
8
BLACK
6
CONTINUOUS
10
1.4140547244094488
20
0.7504253149606299
11
1.4143109842519686
21
0.7528090551181102
0
LINE
8
BLACK
6
CONTINUOUS
10
1.4143109842519686
20
0.7528090551181102
11
1.4143110236220473
21
0.7528097244094488
0
LINE
8
BLACK
6
CONTINUOUS
10
1.4143110236220473
20
0.7528097244094488
11
1.4143110236220473
21
0.8471902362204724
0
LINE
8
BLACK
6
CONTINUOUS
10
1.4143110236220473
20
0.8471902362204724
11
1.4143109842519686
21
0.847190905511811
0
LINE
8
BLACK
6
CONTINUOUS
10
1.4143109842519686
20
0.847190905511811
11
1.4140547244094488
21
0.8495746456692913
0
LINE
8
BLACK
6
CONTINUOUS
10
1.4140547244094488
20
0.8495746456692913
11
1.4140546456692913
21
0.8495749606299212
0
LINE
8
BLACK
6
CONTINUOUS
10
1.4140546456692913
20
0.8495749606299212
11
1.4137779527559056
21
0.8503167322834645
0
LINE
8
BLACK
6
CONTINUOUS
10
1.4137779527559056
20
0.8503167322834645
11
1.412042874015748
21
0.8549686614173229
0
LINE
8
BLACK
6
CONTINUOUS
10
1.412042874015748
20
0.8549686614173229
11
1.4110233858267716
21
0.8563305118110236
0
LINE
8
BLACK
6
CONTINUOUS
10
1.4110233858267716
20
0.8563305118110236
11
1.4092387007874014
21
0.8587145669291338
0
LINE
8
BLACK
6
CONTINUOUS
10
1.4092387007874014
20
0.8587145669291338
11
1.4085929527559056
21
0.8595772047244095
0
LINE
8
BLACK
6
CONTINUOUS
10
1.4085929527559056
20
0.8595772047244095
11
1.403984527559055
21
0.8630270472440945
0
LINE
8
BLACK
6
CONTINUOUS
10
1.403984527559055
20
0.8630270472440945
11
1.4039844881889763
21
0.8630270472440945
0
LINE
8
BLACK
6
CONTINUOUS
10
1.4039844881889763
20
0.8630270472440945
11
1.403984409448819
21
0.8630271259842519
0
LINE
8
BLACK
6
CONTINUOUS
10
1.403984409448819
20
0.8630271259842519
11
1.3985905905511811
21
0.865038937007874
0
LINE
8
BLACK
6
CONTINUOUS
10
1.3985905905511811
20
0.865038937007874
11
1.3985905118110236
21
0.865038937007874
0
LINE
8
BLACK
6
CONTINUOUS
10
1.3985905118110236
20
0.865038937007874
11
1.3985903937007873
21
0.8650389763779527
0
LINE
8
BLACK
6
CONTINUOUS
10
1.3985903937007873
20
0.8650389763779527
11
1.3962066535433071
21
0.8652952362204724
0
LINE
8
BLACK
6
CONTINUOUS
10
1.3962066535433071
20
0.8652952362204724
11
1.3962064960629921
21
0.8652952362204724
0
LINE
8
BLACK
6
CONTINUOUS
10
1.3962064960629921
20
0.8652952362204724
11
1.3962062204724408
21
0.8652952755905512
0
LINE
8
BLACK
6
CONTINUOUS
10
1.3962062204724408
20
0.8652952755905512
11
1.3018252755905511
21
0.8652952755905512
0
LINE
8
BLACK
6
CONTINUOUS
10
1.3018252755905511
20
0.8652952755905512
11
1.301825
21
0.8652952362204724
0
LINE
8
BLACK
6
CONTINUOUS
10
1.301825
20
0.8652952362204724
11
1.3018248031496062
21
0.8652952362204724
0
LINE
8
BLACK
6
CONTINUOUS
10
1.3018248031496062
20
0.8652952362204724
11
1.299441062992126
21
0.8650389763779527
0
LINE
8
BLACK
6
CONTINUOUS
10
1.299441062992126
20
0.8650389763779527
11
1.299440748031496
21
0.8650388976377953
0
LINE
8
BLACK
6
CONTINUOUS
10
1.299440748031496
20
0.8650388976377953
11
1.2970046062992127
21
0.8641302362204725
0
LINE
8
BLACK
6
CONTINUOUS
10
1.2970046062992127
20
0.8641302362204725
11
1.2940470866141731
21
0.8630271259842519
0
LINE
8
BLACK
6
CONTINUOUS
10
1.2940470866141731
20
0.8630271259842519
11
1.2940470078740156
21
0.8630270866141732
0
LINE
8
BLACK
6
CONTINUOUS
10
1.2940470078740156
20
0.8630270866141732
11
1.2940469291338583
21
0.8630270472440945
0
LINE
8
BLACK
6
CONTINUOUS
10
1.2940469291338583
20
0.8630270472440945
11
1.2894385039370078
21
0.8595772047244095
0
LINE
8
BLACK
6
CONTINUOUS
10
1.2894385039370078
20
0.8595772047244095
11
1.2859886614173228
21
0.854968779527559
0
LINE
8
BLACK
6
CONTINUOUS
10
1.2859886614173228
20
0.854968779527559
11
1.2859885826771653
21
0.8549685826771654
0
LINE
8
BLACK
6
CONTINUOUS
10
1.2859885826771653
20
0.8549685826771654
11
1.283976811023622
21
0.8495749606299212
0
LINE
8
BLACK
6
CONTINUOUS
10
1.283976811023622
20
0.8495749606299212
11
1.2839767322834645
21
0.8495746456692913
0
LINE
8
BLACK
6
CONTINUOUS
10
1.2839767322834645
20
0.8495746456692913
11
1.2837204724409448
21
0.847190905511811
0
LINE
8
BLACK
6
CONTINUOUS
10
1.2837204724409448
20
0.847190905511811
11
1.2837204724409448
21
0.7528090551181102
0
LINE
8
BLACK
6
CONTINUOUS
10
1.2837204724409448
20
0.7528090551181102
11
1.2839767322834645
21
0.7504253149606299
0
LINE
8
BLACK
6
CONTINUOUS
10
0.4833470472440945
20
1.2858907086614173
11
0.4833471259842519
21
1.2858908267716536
0
LINE
8
BLACK
6
CONTINUOUS
10
0.4833471259842519
20
1.2858908267716536
11
0.4885351968503937
21
1.294876811023622
0
LINE
8
BLACK
6
CONTINUOUS
10
0.4885351968503937
20
1.294876811023622
11
0.4885353149606299
21
1.294877125984252
0
LINE
8
BLACK
6
CONTINUOUS
10
0.4885353149606299
20
1.294877125984252
11
0.4923262598425197
21
1.3045362204724409
0
LINE
8
BLACK
6
CONTINUOUS
10
0.4923262598425197
20
1.3045362204724409
11
0.4946352362204725
21
1.3146525196850394
0
LINE
8
BLACK
6
CONTINUOUS
10
0.4946352362204725
20
1.3146525196850394
11
0.4954106692913386
21
1.325
0
LINE
8
BLACK
6
CONTINUOUS
10
0.4954106692913386
20
1.325
11
0.4946352362204725
21
1.3353474803149605
0
LINE
8
BLACK
6
CONTINUOUS
10
0.4946352362204725
20
1.3353474803149605
11
0.4923262598425197
21
1.345463779527559
0
LINE
8
BLACK
6
CONTINUOUS
10
0.4923262598425197
20
1.345463779527559
11
0.4885352755905512
21
1.3551229921259842
0
LINE
8
BLACK
6
CONTINUOUS
10
0.4885352755905512
20
1.3551229921259842
11
0.4833470472440945
21
1.3641092913385826
0
LINE
8
BLACK
6
CONTINUOUS
10
0.4833470472440945
20
1.3641092913385826
11
0.4768774015748031
21
1.372221968503937
0
LINE
8
BLACK
6
CONTINUOUS
10
0.4768774015748031
20
1.372221968503937
11
0.469270905511811
21
1.3792797637795275
0
LINE
8
BLACK
6
CONTINUOUS
10
0.469270905511811
20
1.3792797637795275
11
0.4606974803149606
21
1.3851250393700787
0
LINE
8
BLACK
6
CONTINUOUS
10
0.4606974803149606
20
1.3851250393700787
11
0.4513485826771653
21
1.3896272440944881
0
LINE
8
BLACK
6
CONTINUOUS
10
0.4513485826771653
20
1.3896272440944881
11
0.4513483070866142
21
1.3896273228346456
0
LINE
8
BLACK
6
CONTINUOUS
10
0.4513483070866142
20
1.3896273228346456
11
0.4513482283464567
21
1.3896273622047244
0
LINE
8
BLACK
6
CONTINUOUS
10
0.4513482283464567
20
1.3896273622047244
11
0.4414334645669291
21
1.3926856299212598
0
LINE
8
BLACK
6
CONTINUOUS
10
0.4414334645669291
20
1.3926856299212598
11
0.4414334251968504
21
1.3926856299212598
0
LINE
8
BLACK
6
CONTINUOUS
10
0.4414334251968504
20
1.3926856299212598
11
0.4414330708661417
21
1.392685748031496
0
LINE
8
BLACK
6
CONTINUOUS
10
0.4414330708661417
20
1.392685748031496
11
0.4311724803149606
21
1.3942322834645668
0
LINE
8
BLACK
6
CONTINUOUS
10
0.4311724803149606
20
1.3942322834645668
11
0.4207960236220472
21
1.3942322834645668
0
LINE
8
BLACK
6
CONTINUOUS
10
0.4207960236220472
20
1.3942322834645668
11
0.4105354330708662
21
1.392685748031496
0
LINE
8
BLACK
6
CONTINUOUS
10
0.4105354330708662
20
1.392685748031496
11
0.4105350787401575
21
1.3926856299212598
0
LINE
8
BLACK
6
CONTINUOUS
10
0.4105350787401575
20
1.3926856299212598
11
0.410535
21
1.3926856299212598
0
LINE
8
BLACK
6
CONTINUOUS
10
0.410535
20
1.3926856299212598
11
0.4006202362204724
21
1.3896273622047244
0
LINE
8
BLACK
6
CONTINUOUS
10
0.4006202362204724
20
1.3896273622047244
11
0.4006200393700787
21
1.3896272440944881
0
LINE
8
BLACK
6
CONTINUOUS
10
0.4006200393700787
20
1.3896272440944881
11
0.4006199212598425
21
1.3896272440944881
0
LINE
8
BLACK
6
CONTINUOUS
10
0.4006199212598425
20
1.3896272440944881
11
0.391271062992126
21
1.3851250393700787
0
LINE
8
BLACK
6
CONTINUOUS
10
0.391271062992126
20
1.3851250393700787
11
0.3912708267716535
21
1.3851248818897637
0
LINE
8
BLACK
6
CONTINUOUS
10
0.3912708267716535
20
1.3851248818897637
11
0.3912706692913386
21
1.3851248031496062
0
LINE
8
BLACK
6
CONTINUOUS
10
0.3912706692913386
20
1.3851248031496062
11
0.3837081889763779
21
1.379968779527559
0
LINE
8
BLACK
6
CONTINUOUS
10
0.3837081889763779
20
1.379968779527559
11
0.3826975984251968
21
1.3792797637795275
0
LINE
8
BLACK
6
CONTINUOUS
10
0.3826975984251968
20
1.3792797637795275
11
0.3750911023622047
21
1.372221968503937
0
LINE
8
BLACK
6
CONTINUOUS
10
0.3750911023622047
20
1.372221968503937
11
0.3698904724409449
21
1.365700590551181
0
LINE
8
BLACK
6
CONTINUOUS
10
0.3698904724409449
20
1.365700590551181
11
0.3686213385826771
21
1.3641091338582676
0
LINE
8
BLACK
6
CONTINUOUS
10
0.3686213385826771
20
1.3641091338582676
11
0.3634332677165354
21
1.3551231496062992
0
LINE
8
BLACK
6
CONTINUOUS
10
0.3634332677165354
20
1.3551231496062992
11
0.3634331496062992
21
1.3551228346456692
0
LINE
8
BLACK
6
CONTINUOUS
10
0.3634331496062992
20
1.3551228346456692
11
0.3596421653543307
21
1.3454635826771653
0
LINE
8
BLACK
6
CONTINUOUS
10
0.3596421653543307
20
1.3454635826771653
11
0.3575457480314961
21
1.3362784251968505
0
LINE
8
BLACK
6
CONTINUOUS
10
0.3575457480314961
20
1.3362784251968505
11
0.3573332677165355
21
1.3353474803149605
0
LINE
8
BLACK
6
CONTINUOUS
10
0.3573332677165355
20
1.3353474803149605
11
0.3565578346456693
21
1.325
0
LINE
8
BLACK
6
CONTINUOUS
10
0.3565578346456693
20
1.325
11
0.3573332677165355
21
1.3146525196850394
0
LINE
8
BLACK
6
CONTINUOUS
10
0.3573332677165355
20
1.3146525196850394
11
0.3573332677165355
21
1.3146523228346456
0
LINE
8
BLACK
6
CONTINUOUS
10
0.3573332677165355
20
1.3146523228346456
11
0.3573333070866141
21
1.3146523228346456
0
LINE
8
BLACK
6
CONTINUOUS
10
0.3573333070866141
20
1.3146523228346456
11
0.3596421653543307
21
1.3045363779527559
0
LINE
8
BLACK
6
CONTINUOUS
10
0.3596421653543307
20
1.3045363779527559
11
0.3634331496062992
21
1.294877125984252
0
LINE
8
BLACK
6
CONTINUOUS
10
0.3634331496062992
20
1.294877125984252
11
0.3634332677165354
21
1.294876811023622
0
LINE
8
BLACK
6
CONTINUOUS
10
0.3634332677165354
20
1.294876811023622
11
0.3686213385826771
21
1.2858908267716536
0
LINE
8
BLACK
6
CONTINUOUS
10
0.3686213385826771
20
1.2858908267716536
11
0.3750911417322835
21
1.2777779921259842
0
LINE
8
BLACK
6
CONTINUOUS
10
0.3750911417322835
20
1.2777779921259842
11
0.3826976377952756
21
1.2707201968503936
0
LINE
8
BLACK
6
CONTINUOUS
10
0.3826976377952756
20
1.2707201968503936
11
0.3826978346456693
21
1.2707200393700786
0
LINE
8
BLACK
6
CONTINUOUS
10
0.3826978346456693
20
1.2707200393700786
11
0.3912706692913386
21
1.264875157480315
0
LINE
8
BLACK
6
CONTINUOUS
10
0.3912706692913386
20
1.264875157480315
11
0.3912709842519685
21
1.264875
0
LINE
8
BLACK
6
CONTINUOUS
10
0.3912709842519685
20
1.264875
11
0.4006197637795276
21
1.2603727952755905
0
LINE
8
BLACK
6
CONTINUOUS
10
0.4006197637795276
20
1.2603727952755905
11
0.4006202362204724
21
1.2603725984251968
0
LINE
8
BLACK
6
CONTINUOUS
10
0.4006202362204724
20
1.2603725984251968
11
0.410535
21
1.2573143307086614
0
LINE
8
BLACK
6
CONTINUOUS
10
0.410535
20
1.2573143307086614
11
0.4105353543307086
21
1.2573142519685039
0
LINE
8
BLACK
6
CONTINUOUS
10
0.4105353543307086
20
1.2573142519685039
11
0.4105354330708662
21
1.2573142519685039
0
LINE
8
BLACK
6
CONTINUOUS
10
0.4105354330708662
20
1.2573142519685039
11
0.4207960236220472
21
1.2557677165354331
0
LINE
8
BLACK
6
CONTINUOUS
10
0.4207960236220472
20
1.2557677165354331
11
0.4207961811023622
21
1.2557677165354331
0
LINE
8
BLACK
6
CONTINUOUS
10
0.4207961811023622
20
1.2557677165354331
11
0.4311723228346457
21
1.2557677165354331
0
LINE
8
BLACK
6
CONTINUOUS
10
0.4311723228346457
20
1.2557677165354331
11
0.4311724803149606
21
1.2557677165354331
0
LINE
8
BLACK
6
CONTINUOUS
10
0.4311724803149606
20
1.2557677165354331
11
0.4414330708661417
21
1.2573142519685039
0
LINE
8
BLACK
6
CONTINUOUS
10
0.4414330708661417
20
1.2573142519685039
11
0.4414331496062992
21
1.2573142519685039
0
LINE
8
BLACK
6
CONTINUOUS
10
0.4414331496062992
20
1.2573142519685039
11
0.4414334645669291
21
1.2573143307086614
0
LINE
8
BLACK
6
CONTINUOUS
10
0.4414334645669291
20
1.2573143307086614
11
0.4513482283464567
21
1.2603725984251968
0
LINE
8
BLACK
6
CONTINUOUS
10
0.4513482283464567
20
1.2603725984251968
11
0.4513487007874016
21
1.2603727952755905
0
LINE
8
BLACK
6
CONTINUOUS
10
0.4513487007874016
20
1.2603727952755905
11
0.4606975590551181
21
1.264875
0
LINE
8
BLACK
6
CONTINUOUS
10
0.4606975590551181
20
1.264875
11
0.4606978346456693
21
1.264875157480315
0
LINE
8
BLACK
6
CONTINUOUS
10
0.4606978346456693
20
1.264875157480315
11
0.4692706299212598
21
1.2707200393700786
0
LINE
8
BLACK
6
CONTINUOUS
10
0.4692706299212598
20
1.2707200393700786
11
0.4692706692913386
21
1.2707200787401574
0
LINE
8
BLACK
6
CONTINUOUS
10
0.4692706692913386
20
1.2707200787401574
11
0.469270905511811
21
1.2707202362204724
0
LINE
8
BLACK
6
CONTINUOUS
10
0.469270905511811
20
1.2707202362204724
11
0.4768774015748031
21
1.2777780314960629
0
LINE
8
BLACK
6
CONTINUOUS
10
0.4768774015748031
20
1.2777780314960629
11
0.476902125984252
21
1.2778090551181103
0
LINE
8
BLACK
6
CONTINUOUS
10
0.476902125984252
20
1.2778090551181103
11
0.4833470472440945
21
1.2858907086614173
0
LINE
8
BLACK
6
CONTINUOUS
10
1.7752365748031496
20
1.2657009055118109
11
1.7752366535433071
21
1.2657005905511811
0
LINE
8
BLACK
6
CONTINUOUS
10
1.7752366535433071
20
1.2657005905511811
11
1.7772484251968503
21
1.260306968503937
0
LINE
8
BLACK
6
CONTINUOUS
10
1.7772484251968503
20
1.260306968503937
11
1.7772485039370078
21
1.2603067716535432
0
LINE
8
BLACK
6
CONTINUOUS
10
1.7772485039370078
20
1.2603067716535432
11
1.7806983464566928
21
1.2556983464566929
0
LINE
8
BLACK
6
CONTINUOUS
10
1.7806983464566928
20
1.2556983464566929
11
1.7853067716535433
21
1.2522485039370079
0
LINE
8
BLACK
6
CONTINUOUS
10
1.7853067716535433
20
1.2522485039370079
11
1.7853069685039369
21
1.2522484251968504
0
LINE
8
BLACK
6
CONTINUOUS
10
1.7853069685039369
20
1.2522484251968504
11
1.790700590551181
21
1.2502366535433072
0
LINE
8
BLACK
6
CONTINUOUS
10
1.790700590551181
20
1.2502366535433072
11
1.790700905511811
21
1.2502365748031496
0
LINE
8
BLACK
6
CONTINUOUS
10
1.790700905511811
20
1.2502365748031496
11
1.7930846456692913
21
1.2499803149606299
0
LINE
8
BLACK
6
CONTINUOUS
10
1.7930846456692913
20
1.2499803149606299
11
1.7930851181102361
21
1.2499803149606299
0
LINE
8
BLACK
6
CONTINUOUS
10
1.7930851181102361
20
1.2499803149606299
11
1.8569153149606299
21
1.2499803149606299
0
LINE
8
BLACK
6
CONTINUOUS
10
1.8569153149606299
20
1.2499803149606299
11
1.8592990551181101
21
1.2502365748031496
0
LINE
8
BLACK
6
CONTINUOUS
10
1.8592990551181101
20
1.2502365748031496
11
1.8592993700787401
21
1.2502366535433072
0
LINE
8
BLACK
6
CONTINUOUS
10
1.8592993700787401
20
1.2502366535433072
11
1.8646929921259843
21
1.2522484251968504
0
LINE
8
BLACK
6
CONTINUOUS
10
1.8646929921259843
20
1.2522484251968504
11
1.8646931889763778
21
1.2522485039370079
0
LINE
8
BLACK
6
CONTINUOUS
10
1.8646931889763778
20
1.2522485039370079
11
1.8693016141732284
21
1.2556983858267716
0
LINE
8
BLACK
6
CONTINUOUS
10
1.8693016141732284
20
1.2556983858267716
11
1.8710288582677166
21
1.2580056299212599
0
LINE
8
BLACK
6
CONTINUOUS
10
1.8710288582677166
20
1.2580056299212599
11
1.8732664960629921
21
1.2596806692913385
0
LINE
8
BLACK
6
CONTINUOUS
10
1.8732664960629921
20
1.2596806692913385
11
1.8760544881889762
21
1.2598800393700786
0
LINE
8
BLACK
6
CONTINUOUS
10
1.8760544881889762
20
1.2598800393700786
11
1.8785077165354331
21
1.2585404724409448
0
LINE
8
BLACK
6
CONTINUOUS
10
1.8785077165354331
20
1.2585404724409448
11
1.8789711417322834
21
1.2580056299212599
0
LINE
8
BLACK
6
CONTINUOUS
10
1.8789711417322834
20
1.2580056299212599
11
1.8806982677165354
21
1.2556984645669291
0
LINE
8
BLACK
6
CONTINUOUS
10
1.8806982677165354
20
1.2556984645669291
11
1.8806983858267716
21
1.2556983858267716
0
LINE
8
BLACK
6
CONTINUOUS
10
1.8806983858267716
20
1.2556983858267716
11
1.8825676377952756
21
1.2542990551181101
0
LINE
8
BLACK
6
CONTINUOUS
10
1.8825676377952756
20
1.2542990551181101
11
1.8833074803149605
21
1.2537452362204724
0
LINE
8
BLACK
6
CONTINUOUS
10
1.8833074803149605
20
1.2537452362204724
11
1.8849825196850394
21
1.2515075984251969
0
LINE
8
BLACK
6
CONTINUOUS
10
1.8849825196850394
20
1.2515075984251969
11
1.8852952755905512
21
1.2497740551181102
0
LINE
8
BLACK
6
CONTINUOUS
10
1.8852952755905512
20
1.2497740551181102
11
1.8852952755905512
21
1.1521943307086613
0
LINE
8
BLACK
6
CONTINUOUS
10
1.8852952755905512
20
1.1521943307086613
11
1.8852713779527559
21
1.1517080708661418
0
LINE
8
BLACK
6
CONTINUOUS
10
1.8852713779527559
20
1.1517080708661418
11
1.8851031496062991
21
1.1500000393700787
0
LINE
8
BLACK
6
CONTINUOUS
10
1.8851031496062991
20
1.1500000393700787
11
1.8851031496062991
21
1.1499998031496064
0
LINE
8
BLACK
6
CONTINUOUS
10
1.8851031496062991
20
1.1499998031496064
11
1.8858696456692914
21
1.1422168110236219
0
LINE
8
BLACK
6
CONTINUOUS
10
1.8858696456692914
20
1.1422168110236219
11
1.8858697244094487
21
1.1422164566929134
0
LINE
8
BLACK
6
CONTINUOUS
10
1.8858697244094487
20
1.1422164566929134
11
1.8868466535433071
21
1.1389960629921259
0
LINE
8
BLACK
6
CONTINUOUS
10
1.8868466535433071
20
1.1389960629921259
11
1.8870019291338582
21
1.1384842125984251
0
LINE
8
BLACK
6
CONTINUOUS
10
1.8870019291338582
20
1.1384842125984251
11
1.8876103149606298
21
1.136478622047244
0
LINE
8
BLACK
6
CONTINUOUS
10
1.8876103149606298
20
1.136478622047244
11
1.8881401181102362
21
1.1347320472440945
0
LINE
8
BLACK
6
CONTINUOUS
10
1.8881401181102362
20
1.1347320472440945
11
1.8918269685039371
21
1.1278344488188976
0
LINE
8
BLACK
6
CONTINUOUS
10
1.8918269685039371
20
1.1278344488188976
11
1.8967886614173228
21
1.1217885826771654
0
LINE
8
BLACK
6
CONTINUOUS
10
1.8967886614173228
20
1.1217885826771654
11
1.8981158267716536
21
1.120699409448819
0
LINE
8
BLACK
6
CONTINUOUS
10
1.8981158267716536
20
1.120699409448819
11
1.8984764173228346
21
1.1203725590551181
0
LINE
8
BLACK
6
CONTINUOUS
10
1.8984764173228346
20
1.1203725590551181
11
2.0640163385826771
21
0.9548326377952756
0
LINE
8
BLACK
6
CONTINUOUS
10
2.0640163385826771
20
0.9548326377952756
11
2.0653559448818899
21
0.9523794094488188
0
LINE
8
BLACK
6
CONTINUOUS
10
2.0653559448818899
20
0.9523794094488188
11
2.0651565354330708
21
0.9495914173228346
0
LINE
8
BLACK
6
CONTINUOUS
10
2.0651565354330708
20
0.9495914173228346
11
2.0634814566929132
21
0.9473537795275591
0
LINE
8
BLACK
6
CONTINUOUS
10
2.0634814566929132
20
0.9473537795275591
11
2.0617926771653541
21
0.9465334251968504
0
LINE
8
BLACK
6
CONTINUOUS
10
2.0617926771653541
20
0.9465334251968504
11
2.0583946062992124
21
0.9456229133858267
0
LINE
8
BLACK
6
CONTINUOUS
10
2.0583946062992124
20
0.9456229133858267
11
2.0507245669291336
21
0.9420462992125984
0
LINE
8
BLACK
6
CONTINUOUS
10
2.0507245669291336
20
0.9420462992125984
11
2.0507244094488191
21
0.9420462204724409
0
LINE
8
BLACK
6
CONTINUOUS
10
2.0507244094488191
20
0.9420462204724409
11
2.043792244094488
21
0.9371923228346456
0
LINE
8
BLACK
6
CONTINUOUS
10
2.043792244094488
20
0.9371923228346456
11
2.0437918503937009
21
0.9371919685039369
0
LINE
8
BLACK
6
CONTINUOUS
10
2.0437918503937009
20
0.9371919685039369
11
2.0378079921259844
21
0.9312081102362204
0
LINE
8
BLACK
6
CONTINUOUS
10
2.0378079921259844
20
0.9312081102362204
11
2.0378076377952756
21
0.931207716535433
0
LINE
8
BLACK
6
CONTINUOUS
10
2.0378076377952756
20
0.931207716535433
11
2.0329537401574802
21
0.9242755511811024
0
LINE
8
BLACK
6
CONTINUOUS
10
2.0329537401574802
20
0.9242755511811024
11
2.0293771259842521
21
0.9166054724409448
0
LINE
8
BLACK
6
CONTINUOUS
10
2.0293771259842521
20
0.9166054724409448
11
2.0293770472440946
21
0.9166052755905512
0
LINE
8
BLACK
6
CONTINUOUS
10
2.0293770472440946
20
0.9166052755905512
11
2.0271866929133857
21
0.908430748031496
0
LINE
8
BLACK
6
CONTINUOUS
10
2.0271866929133857
20
0.908430748031496
11
2.0264490944881888
21
0.9
0
LINE
8
BLACK
6
CONTINUOUS
10
2.0264490944881888
20
0.9
11
2.0271866929133857
21
0.8915692125984251
0
LINE
8
BLACK
6
CONTINUOUS
10
2.0271866929133857
20
0.8915692125984251
11
2.0293770472440946
21
0.88339468503937
0
LINE
8
BLACK
6
CONTINUOUS
10
2.0293770472440946
20
0.88339468503937
11
2.0293771259842521
21
0.8833944488188976
0
LINE
8
BLACK
6
CONTINUOUS
10
2.0293771259842521
20
0.8833944488188976
11
2.0329537401574802
21
0.8757243700787402
0
LINE
8
BLACK
6
CONTINUOUS
10
2.0329537401574802
20
0.8757243700787402
11
2.0352040551181103
21
0.8725106299212598
0
LINE
8
BLACK
6
CONTINUOUS
10
2.0352040551181103
20
0.8725106299212598
11
2.0360972834645668
21
0.8698620866141732
0
LINE
8
BLACK
6
CONTINUOUS
10
2.0360972834645668
20
0.8698620866141732
11
2.0354167716535434
21
0.8671510236220472
0
LINE
8
BLACK
6
CONTINUOUS
10
2.0354167716535434
20
0.8671510236220472
11
2.0333785826771651
21
0.8652382677165354
0
LINE
8
BLACK
6
CONTINUOUS
10
2.0333785826771651
20
0.8652382677165354
11
2.0311405511811023
21
0.8647047244094488
0
LINE
8
BLACK
6
CONTINUOUS
10
2.0311405511811023
20
0.8647047244094488
11
1.9935009448818897
21
0.8647047244094488
0
LINE
8
BLACK
6
CONTINUOUS
10
1.9935009448818897
20
0.8647047244094488
11
1.9908190157480314
21
0.8654922047244095
0
LINE
8
BLACK
6
CONTINUOUS
10
1.9908190157480314
20
0.8654922047244095
11
1.9899934251968503
21
0.8661574803149606
0
LINE
8
BLACK
6
CONTINUOUS
10
1.9899934251968503
20
0.8661574803149606
11
1.9766961417322835
21
0.8794548031496063
0
LINE
8
BLACK
6
CONTINUOUS
10
1.9766961417322835
20
0.8794548031496063
11
1.9721654724409448
21
0.883173031496063
0
LINE
8
BLACK
6
CONTINUOUS
10
1.9721654724409448
20
0.883173031496063
11
1.9652678740157481
21
0.8868598818897637
0
LINE
8
BLACK
6
CONTINUOUS
10
1.9652678740157481
20
0.8868598818897637
11
1.9577835039370077
21
0.8891302755905511
0
LINE
8
BLACK
6
CONTINUOUS
10
1.9577835039370077
20
0.8891302755905511
11
1.9577831889763779
21
0.8891302755905511
0
LINE
8
BLACK
6
CONTINUOUS
10
1.9577831889763779
20
0.8891302755905511
11
1.9577831496062992
21
0.8891303149606299
0
LINE
8
BLACK
6
CONTINUOUS
10
1.9577831496062992
20
0.8891303149606299
11
1.950000157480315
21
0.8898968503937008
0
LINE
8
BLACK
6
CONTINUOUS
10
1.950000157480315
20
0.8898968503937008
11
1.9499998425196849
21
0.8898968503937008
0
LINE
8
BLACK
6
CONTINUOUS
10
1.9499998425196849
20
0.8898968503937008
11
1.942216811023622
21
0.8891303149606299
0
LINE
8
BLACK
6
CONTINUOUS
10
1.942216811023622
20
0.8891303149606299
11
1.942216653543307
21
0.8891302755905511
0
LINE
8
BLACK
6
CONTINUOUS
10
1.942216653543307
20
0.8891302755905511
11
1.9422164960629922
21
0.8891302755905511
0
LINE
8
BLACK
6
CONTINUOUS
10
1.9422164960629922
20
0.8891302755905511
11
1.9422163779527559
21
0.8891302362204724
0
LINE
8
BLACK
6
CONTINUOUS
10
1.9422163779527559
20
0.8891302362204724
11
1.9422163385826772
21
0.8891302362204724
0
LINE
8
BLACK
6
CONTINUOUS
10
1.9422163385826772
20
0.8891302362204724
11
1.9347321259842518
21
0.8868598818897637
0
LINE
8
BLACK
6
CONTINUOUS
10
1.9347321259842518
20
0.8868598818897637
11
1.9278345275590552
21
0.883173031496063
0
LINE
8
BLACK
6
CONTINUOUS
10
1.9278345275590552
20
0.883173031496063
11
1.9217886614173227
21
0.8782113385826772
0
LINE
8
BLACK
6
CONTINUOUS
10
1.9217886614173227
20
0.8782113385826772
11
1.9171102362204724
21
0.8725106299212598
0
LINE
8
BLACK
6
CONTINUOUS
10
1.9171102362204724
20
0.8725106299212598
11
1.9168268897637795
21
0.8721653543307086
0
LINE
8
BLACK
6
CONTINUOUS
10
1.9168268897637795
20
0.8721653543307086
11
1.9131401181102361
21
0.8652679133858268
0
LINE
8
BLACK
6
CONTINUOUS
10
1.9131401181102361
20
0.8652679133858268
11
1.9131400787401573
21
0.8652678346456693
0
LINE
8
BLACK
6
CONTINUOUS
10
1.9131400787401573
20
0.8652678346456693
11
1.9108697244094488
21
0.8577836220472441
0
LINE
8
BLACK
6
CONTINUOUS
10
1.9108697244094488
20
0.8577836220472441
11
1.9108696456692913
21
0.8577831496062992
0
LINE
8
BLACK
6
CONTINUOUS
10
1.9108696456692913
20
0.8577831496062992
11
1.9101031496062992
21
0.850000157480315
0
LINE
8
BLACK
6
CONTINUOUS
10
1.9101031496062992
20
0.850000157480315
11
1.9101031496062992
21
0.8499998031496063
0
LINE
8
BLACK
6
CONTINUOUS
10
1.9101031496062992
20
0.8499998031496063
11
1.9108696456692913
21
0.842216811023622
0
LINE
8
BLACK
6
CONTINUOUS
10
1.9108696456692913
20
0.842216811023622
11
1.9108697244094488
21
0.8422163385826772
0
LINE
8
BLACK
6
CONTINUOUS
10
1.9108697244094488
20
0.8422163385826772
11
1.9131400787401573
21
0.8347321259842519
0
LINE
8
BLACK
6
CONTINUOUS
10
1.9131400787401573
20
0.8347321259842519
11
1.9131401181102361
21
0.8347320472440944
0
LINE
8
BLACK
6
CONTINUOUS
10
1.9131401181102361
20
0.8347320472440944
11
1.916826968503937
21
0.8278344881889763
0
LINE
8
BLACK
6
CONTINUOUS
10
1.916826968503937
20
0.8278344881889763
11
1.9205449606299212
21
0.8233040551181102
0
LINE
8
BLACK
6
CONTINUOUS
10
1.9205449606299212
20
0.8233040551181102
11
1.9205452755905512
21
0.8233037401574803
0
LINE
8
BLACK
6
CONTINUOUS
10
1.9205452755905512
20
0.8233037401574803
11
1.9453727952755906
21
0.7984761811023622
0
LINE
8
BLACK
6
CONTINUOUS
10
1.9453727952755906
20
0.7984761811023622
11
1.9456996062992125
21
0.7981155905511811
0
LINE
8
BLACK
6
CONTINUOUS
10
1.9456996062992125
20
0.7981155905511811
11
1.9467885826771654
21
0.7967886614173229
0
LINE
8
BLACK
6
CONTINUOUS
10
1.9467885826771654
20
0.7967886614173229
11
1.9528344488188976
21
0.791826968503937
0
LINE
8
BLACK
6
CONTINUOUS
10
1.9528344488188976
20
0.791826968503937
11
1.9597320472440944
21
0.7881401181102362
0
LINE
8
BLACK
6
CONTINUOUS
10
1.9597320472440944
20
0.7881401181102362
11
1.9612457086614172
21
0.7876809448818898
0
LINE
8
BLACK
6
CONTINUOUS
10
1.9612457086614172
20
0.7876809448818898
11
1.9620025196850392
21
0.7874513779527559
0
LINE
8
BLACK
6
CONTINUOUS
10
1.9620025196850392
20
0.7874513779527559
11
1.9620025196850392
21
0.7874513385826771
0
LINE
8
BLACK
6
CONTINUOUS
10
1.9620025196850392
20
0.7874513385826771
11
1.9672166929133859
21
0.7858696456692913
0
LINE
8
BLACK
6
CONTINUOUS
10
1.9672166929133859
20
0.7858696456692913
11
1.9672166535433071
21
0.7858696456692913
0
LINE
8
BLACK
6
CONTINUOUS
10
1.9672166535433071
20
0.7858696456692913
11
1.9749998425196851
21
0.7851031496062992
0
LINE
8
BLACK
6
CONTINUOUS
10
1.9749998425196851
20
0.7851031496062992
11
1.9749999999999999
21
0.7851031496062992
0
LINE
8
BLACK
6
CONTINUOUS
10
1.9749999999999999
20
0.7851031496062992
11
1.9750001181102361
21
0.7851031496062992
0
LINE
8
BLACK
6
CONTINUOUS
10
1.9750001181102361
20
0.7851031496062992
11
1.9767081496062993
21
0.7852713779527559
0
LINE
8
BLACK
6
CONTINUOUS
10
1.9767081496062993
20
0.7852713779527559
11
1.9771943700787402
21
0.7852952755905511
0
LINE
8
BLACK
6
CONTINUOUS
10
1.9771943700787402
20
0.7852952755905511
11
2.2269509055118109
21
0.7852952755905511
0
LINE
8
BLACK
6
CONTINUOUS
10
2.2269509055118109
20
0.7852952755905511
11
2.2327832283464568
21
0.78586968503937
0
LINE
8
BLACK
6
CONTINUOUS
10
2.2327832283464568
20
0.78586968503937
11
2.2379972834645669
21
0.7874513385826771
0
LINE
8
BLACK
6
CONTINUOUS
10
2.2379972834645669
20
0.7874513385826771
11
2.240267874015748
21
0.7881401181102362
0
LINE
8
BLACK
6
CONTINUOUS
10
2.240267874015748
20
0.7881401181102362
11
2.2471655118110236
21
0.791826968503937
0
LINE
8
BLACK
6
CONTINUOUS
10
2.2471655118110236
20
0.791826968503937
11
2.2532113385826773
21
0.7967886614173229
0
LINE
8
BLACK
6
CONTINUOUS
10
2.2532113385826773
20
0.7967886614173229
11
2.2581730314960629
21
0.8028344881889764
0
LINE
8
BLACK
6
CONTINUOUS
10
2.2581730314960629
20
0.8028344881889764
11
2.2618598818897637
21
0.8097321259842519
0
LINE
8
BLACK
6
CONTINUOUS
10
2.2618598818897637
20
0.8097321259842519
11
2.2641302362204723
21
0.8172164960629921
0
LINE
8
BLACK
6
CONTINUOUS
10
2.2641302362204723
20
0.8172164960629921
11
2.2644500787401576
21
0.8204635826771653
0
LINE
8
BLACK
6
CONTINUOUS
10
2.2644500787401576
20
0.8204635826771653
11
2.2648968503937006
21
0.8249998425196851
0
LINE
8
BLACK
6
CONTINUOUS
10
2.2648968503937006
20
0.8249998425196851
11
2.2648968503937006
21
0.8250001181102362
0
LINE
8
BLACK
6
CONTINUOUS
10
2.2648968503937006
20
0.8250001181102362
11
2.264130275590551
21
0.8327832283464567
0
LINE
8
BLACK
6
CONTINUOUS
10
2.264130275590551
20
0.8327832283464567
11
2.2641302362204723
21
0.8327832677165354
0
LINE
8
BLACK
6
CONTINUOUS
10
2.2641302362204723
20
0.8327832677165354
11
2.2641302362204723
21
0.8327835039370078
0
LINE
8
BLACK
6
CONTINUOUS
10
2.2641302362204723
20
0.8327835039370078
11
2.2618598818897637
21
0.840267874015748
0
LINE
8
BLACK
6
CONTINUOUS
10
2.2618598818897637
20
0.840267874015748
11
2.2590309448818897
21
0.8455603543307086
0
LINE
8
BLACK
6
CONTINUOUS
10
2.2590309448818897
20
0.8455603543307086
11
2.2584612598425196
21
0.8482966535433071
0
LINE
8
BLACK
6
CONTINUOUS
10
2.2584612598425196
20
0.8482966535433071
11
2.2594613779527557
21
0.8509067716535433
0
LINE
8
BLACK
6
CONTINUOUS
10
2.2594613779527557
20
0.8509067716535433
11
2.2617138582677163
21
0.8525618110236221
0
LINE
8
BLACK
6
CONTINUOUS
10
2.2617138582677163
20
0.8525618110236221
11
2.2645035433070864
21
0.8527363385826772
0
LINE
8
BLACK
6
CONTINUOUS
10
2.2645035433070864
20
0.8527363385826772
11
2.2646897637795274
21
0.8526902755905512
0
LINE
8
BLACK
6
CONTINUOUS
10
2.2646897637795274
20
0.8526902755905512
11
2.2665691338582676
21
0.8521866929133858
0
LINE
8
BLACK
6
CONTINUOUS
10
2.2665691338582676
20
0.8521866929133858
11
2.2749999999999999
21
0.851449094488189
0
LINE
8
BLACK
6
CONTINUOUS
10
2.2749999999999999
20
0.851449094488189
11
2.2834307874015747
21
0.8521866929133858
0
LINE
8
BLACK
6
CONTINUOUS
10
2.2834307874015747
20
0.8521866929133858
11
2.2881503543307087
21
0.8534512992125984
0
LINE
8
BLACK
6
CONTINUOUS
10
2.2881503543307087
20
0.8534512992125984
11
2.2916052755905509
21
0.8543770472440945
0
LINE
8
BLACK
6
CONTINUOUS
10
2.2916052755905509
20
0.8543770472440945
11
2.2916055118110235
21
0.854377125984252
0
LINE
8
BLACK
6
CONTINUOUS
10
2.2916055118110235
20
0.854377125984252
11
2.2992754724409448
21
0.8579537007874015
0
LINE
8
BLACK
6
CONTINUOUS
10
2.2992754724409448
20
0.8579537007874015
11
2.3062077559055116
21
0.8628077165354331
0
LINE
8
BLACK
6
CONTINUOUS
10
2.3062077559055116
20
0.8628077165354331
11
2.3062079921259842
21
0.8628079133858267
0
LINE
8
BLACK
6
CONTINUOUS
10
2.3062079921259842
20
0.8628079133858267
11
2.3121920472440944
21
0.868791968503937
0
LINE
8
BLACK
6
CONTINUOUS
10
2.3121920472440944
20
0.868791968503937
11
2.3121921653543307
21
0.8687920866141732
0
LINE
8
BLACK
6
CONTINUOUS
10
2.3121921653543307
20
0.8687920866141732
11
2.3170462992125982
21
0.8757245275590551
0
LINE
8
BLACK
6
CONTINUOUS
10
2.3170462992125982
20
0.8757245275590551
11
2.3206229133858267
21
0.8833946062992126
0
LINE
8
BLACK
6
CONTINUOUS
10
2.3206229133858267
20
0.8833946062992126
11
2.3228133070866139
21
0.8915692125984251
0
LINE
8
BLACK
6
CONTINUOUS
10
2.3228133070866139
20
0.8915692125984251
11
2.3235509055118109
21
0.9
0
LINE
8
BLACK
6
CONTINUOUS
10
2.3235509055118109
20
0.9
11
2.3228133070866139
21
0.9084307874015748
0
LINE
8
BLACK
6
CONTINUOUS
10
2.3228133070866139
20
0.9084307874015748
11
2.3206229133858267
21
0.9166053937007874
0
LINE
8
BLACK
6
CONTINUOUS
10
2.3206229133858267
20
0.9166053937007874
11
2.3170462992125982
21
0.9242754330708661
0
LINE
8
BLACK
6
CONTINUOUS
10
2.3170462992125982
20
0.9242754330708661
11
2.3142903937007873
21
0.9282112992125984
0
LINE
8
BLACK
6
CONTINUOUS
10
2.3142903937007873
20
0.9282112992125984
11
2.3121923228346457
21
0.931207716535433
0
LINE
8
BLACK
6
CONTINUOUS
10
2.3121923228346457
20
0.931207716535433
11
2.3121922047244095
21
0.9312078346456693
0
LINE
8
BLACK
6
CONTINUOUS
10
2.3121922047244095
20
0.9312078346456693
11
2.3121921653543307
21
0.9312079133858268
0
LINE
8
BLACK
6
CONTINUOUS
10
2.3121921653543307
20
0.9312079133858268
11
2.3062079133858266
21
0.9371921653543307
0
LINE
8
BLACK
6
CONTINUOUS
10
2.3062079133858266
20
0.9371921653543307
11
2.2992754724409448
21
0.9420462992125984
0
LINE
8
BLACK
6
CONTINUOUS
10
2.2992754724409448
20
0.9420462992125984
11
2.2916053937007872
21
0.9456229133858267
0
LINE
8
BLACK
6
CONTINUOUS
10
2.2916053937007872
20
0.9456229133858267
11
2.2834307874015747
21
0.9478133070866142
0
LINE
8
BLACK
6
CONTINUOUS
10
2.2834307874015747
20
0.9478133070866142
11
2.2749999999999999
21
0.948550905511811
0
LINE
8
BLACK
6
CONTINUOUS
10
2.2749999999999999
20
0.948550905511811
11
2.2665692125984251
21
0.9478133070866142
0
LINE
8
BLACK
6
CONTINUOUS
10
2.2665692125984251
20
0.9478133070866142
11
2.2583946062992126
21
0.9456229133858267
0
LINE
8
BLACK
6
CONTINUOUS
10
2.2583946062992126
20
0.9456229133858267
11
2.2507245669291338
21
0.9420462992125984
0
LINE
8
BLACK
6
CONTINUOUS
10
2.2507245669291338
20
0.9420462992125984
11
2.2507244094488188
21
0.9420462204724409
0
LINE
8
BLACK
6
CONTINUOUS
10
2.2507244094488188
20
0.9420462204724409
11
2.2437922440944882
21
0.9371923228346456
0
LINE
8
BLACK
6
CONTINUOUS
10
2.2437922440944882
20
0.9371923228346456
11
2.2437918503937007
21
0.9371919685039369
0
LINE
8
BLACK
6
CONTINUOUS
10
2.2437918503937007
20
0.9371919685039369
11
2.2378079921259841
21
0.9312081102362204
0
LINE
8
BLACK
6
CONTINUOUS
10
2.2378079921259841
20
0.9312081102362204
11
2.2378076377952754
21
0.931207716535433
0
LINE
8
BLACK
6
CONTINUOUS
10
2.2378076377952754
20
0.931207716535433
11
2.2329537401574804
21
0.9242755511811024
0
LINE
8
BLACK
6
CONTINUOUS
10
2.2329537401574804
20
0.9242755511811024
11
2.2294958661417321
21
0.9168600787401575
0
LINE
8
BLACK
6
CONTINUOUS
10
2.2294958661417321
20
0.9168600787401575
11
2.22764874015748
21
0.9147622440944881
0
LINE
8
BLACK
6
CONTINUOUS
10
2.22764874015748
20
0.9147622440944881
11
2.2249606299212599
21
0.913996062992126
0
LINE
8
BLACK
6
CONTINUOUS
10
2.2249606299212599
20
0.913996062992126
11
2.2222850787401573
21
0.9148048031496063
0
LINE
8
BLACK
6
CONTINUOUS
10
2.2222850787401573
20
0.9148048031496063
11
2.2205041338582676
21
0.9168600787401575
0
LINE
8
BLACK
6
CONTINUOUS
10
2.2205041338582676
20
0.9168600787401575
11
2.2180301574803147
21
0.9221655118110236
0
LINE
8
BLACK
6
CONTINUOUS
10
2.2180301574803147
20
0.9221655118110236
11
2.2170462992125985
21
0.9242754330708661
0
LINE
8
BLACK
6
CONTINUOUS
10
2.2170462992125985
20
0.9242754330708661
11
2.2142903937007872
21
0.9282112992125984
0
LINE
8
BLACK
6
CONTINUOUS
10
2.2142903937007872
20
0.9282112992125984
11
2.2121923228346456
21
0.931207716535433
0
LINE
8
BLACK
6
CONTINUOUS
10
2.2121923228346456
20
0.931207716535433
11
2.2121922047244094
21
0.9312078346456693
0
LINE
8
BLACK
6
CONTINUOUS
10
2.2121922047244094
20
0.9312078346456693
11
2.2121921653543306
21
0.9312079133858268
0
LINE
8
BLACK
6
CONTINUOUS
10
2.2121921653543306
20
0.9312079133858268
11
2.2062079133858266
21
0.9371921653543307
0
LINE
8
BLACK
6
CONTINUOUS
10
2.2062079133858266
20
0.9371921653543307
11
2.1992754724409447
21
0.9420462992125984
0
LINE
8
BLACK
6
CONTINUOUS
10
2.1992754724409447
20
0.9420462992125984
11
2.1916053937007876
21
0.9456229133858267
0
LINE
8
BLACK
6
CONTINUOUS
10
2.1916053937007876
20
0.9456229133858267
11
2.1845872047244095
21
0.9475034251968504
0
LINE
8
BLACK
6
CONTINUOUS
10
2.1845872047244095
20
0.9475034251968504
11
2.182363622047244
21
0.9487872440944881
0
LINE
8
BLACK
6
CONTINUOUS
10
2.182363622047244
20
0.9487872440944881
11
2.062390748031496
21
1.0687601574803149
0
LINE
8
BLACK
6
CONTINUOUS
10
2.062390748031496
20
1.0687601574803149
11
2.061051181102362
21
1.0712133464566929
0
LINE
8
BLACK
6
CONTINUOUS
10
2.061051181102362
20
1.0712133464566929
11
2.0612505905511811
21
1.074001377952756
0
LINE
8
BLACK
6
CONTINUOUS
10
2.0612505905511811
20
1.074001377952756
11
2.0629256692913387
21
1.0762389763779527
0
LINE
8
BLACK
6
CONTINUOUS
10
2.0629256692913387
20
1.0762389763779527
11
2.0655445669291339
21
1.0772157874015749
0
LINE
8
BLACK
6
CONTINUOUS
10
2.0655445669291339
20
1.0772157874015749
11
2.0663507086614175
21
1.0771744094488189
0
LINE
8
BLACK
6
CONTINUOUS
10
2.0663507086614175
20
1.0771744094488189
11
2.0663534645669293
21
1.077205590551181
0
LINE
8
BLACK
6
CONTINUOUS
10
2.0663534645669293
20
1.077205590551181
11
2.0665690551181104
21
1.0771866929133858
0
LINE
8
BLACK
6
CONTINUOUS
10
2.0665690551181104
20
1.0771866929133858
11
2.066569212598425
21
1.0771866929133858
0
LINE
8
BLACK
6
CONTINUOUS
10
2.066569212598425
20
1.0771866929133858
11
2.0749999999999997
21
1.076449094488189
0
LINE
8
BLACK
6
CONTINUOUS
10
2.0749999999999997
20
1.076449094488189
11
2.0834307874015749
21
1.0771866929133858
0
LINE
8
BLACK
6
CONTINUOUS
10
2.0834307874015749
20
1.0771866929133858
11
2.0881503543307085
21
1.0784512992125983
0
LINE
8
BLACK
6
CONTINUOUS
10
2.0881503543307085
20
1.0784512992125983
11
2.0916052755905512
21
1.0793770472440944
0
LINE
8
BLACK
6
CONTINUOUS
10
2.0916052755905512
20
1.0793770472440944
11
2.0916055118110237
21
1.079377125984252
0
LINE
8
BLACK
6
CONTINUOUS
10
2.0916055118110237
20
1.079377125984252
11
2.099275472440945
21
1.0829537007874015
0
LINE
8
BLACK
6
CONTINUOUS
10
2.099275472440945
20
1.0829537007874015
11
2.1062077559055119
21
1.087807716535433
0
LINE
8
BLACK
6
CONTINUOUS
10
2.1062077559055119
20
1.087807716535433
11
2.1062079921259844
21
1.0878079133858267
0
LINE
8
BLACK
6
CONTINUOUS
10
2.1062079921259844
20
1.0878079133858267
11
2.1121920472440943
21
1.093791968503937
0
LINE
8
BLACK
6
CONTINUOUS
10
2.1121920472440943
20
1.093791968503937
11
2.1121921653543305
21
1.0937920866141733
0
LINE
8
BLACK
6
CONTINUOUS
10
2.1121921653543305
20
1.0937920866141733
11
2.1170462992125985
21
1.1007245275590551
0
LINE
8
BLACK
6
CONTINUOUS
10
2.1170462992125985
20
1.1007245275590551
11
2.1205041338582675
21
1.1081398818897636
0
LINE
8
BLACK
6
CONTINUOUS
10
2.1205041338582675
20
1.1081398818897636
11
2.1223512598425196
21
1.1102377165354331
0
LINE
8
BLACK
6
CONTINUOUS
10
2.1223512598425196
20
1.1102377165354331
11
2.1250393700787402
21
1.1110038976377952
0
LINE
8
BLACK
6
CONTINUOUS
10
2.1250393700787402
20
1.1110038976377952
11
2.1277149212598423
21
1.1101951574803148
0
LINE
8
BLACK
6
CONTINUOUS
10
2.1277149212598423
20
1.1101951574803148
11
2.129495866141732
21
1.1081398818897636
0
LINE
8
BLACK
6
CONTINUOUS
10
2.129495866141732
20
1.1081398818897636
11
2.1329537007874015
21
1.1007244881889764
0
LINE
8
BLACK
6
CONTINUOUS
10
2.1329537007874015
20
1.1007244881889764
11
2.1378077165354332
21
1.0937922047244095
0
LINE
8
BLACK
6
CONTINUOUS
10
2.1378077165354332
20
1.0937922047244095
11
2.1378079133858265
21
1.093791968503937
0
LINE
8
BLACK
6
CONTINUOUS
10
2.1378079133858265
20
1.093791968503937
11
2.1437919685039368
21
1.0878079133858267
0
LINE
8
BLACK
6
CONTINUOUS
10
2.1437919685039368
20
1.0878079133858267
11
2.1437922047244093
21
1.087807716535433
0
LINE
8
BLACK
6
CONTINUOUS
10
2.1437922047244093
20
1.087807716535433
11
2.1507244881889762
21
1.0829537007874015
0
LINE
8
BLACK
6
CONTINUOUS
10
2.1507244881889762
20
1.0829537007874015
11
2.1583944488188975
21
1.079377125984252
0
LINE
8
BLACK
6
CONTINUOUS
10
2.1583944488188975
20
1.079377125984252
11
2.15839468503937
21
1.0793770472440944
0
LINE
8
BLACK
6
CONTINUOUS
10
2.15839468503937
20
1.0793770472440944
11
2.1664606299212599
21
1.0772157874015749
0
LINE
8
BLACK
6
CONTINUOUS
10
2.1664606299212599
20
1.0772157874015749
11
2.1665692125984251
21
1.0771866929133858
0
LINE
8
BLACK
6
CONTINUOUS
10
2.1665692125984251
20
1.0771866929133858
11
2.1749999999999998
21
1.076449094488189
0
LINE
8
BLACK
6
CONTINUOUS
10
2.1749999999999998
20
1.076449094488189
11
2.1834307874015746
21
1.0771866929133858
0
LINE
8
BLACK
6
CONTINUOUS
10
2.1834307874015746
20
1.0771866929133858
11
2.1881503543307086
21
1.0784512992125983
0
LINE
8
BLACK
6
CONTINUOUS
10
2.1881503543307086
20
1.0784512992125983
11
2.1916052755905513
21
1.0793770472440944
0
LINE
8
BLACK
6
CONTINUOUS
10
2.1916052755905513
20
1.0793770472440944
11
2.1916055118110234
21
1.079377125984252
0
LINE
8
BLACK
6
CONTINUOUS
10
2.1916055118110234
20
1.079377125984252
11
2.1992754724409447
21
1.0829537007874015
0
LINE
8
BLACK
6
CONTINUOUS
10
2.1992754724409447
20
1.0829537007874015
11
2.2062077559055115
21
1.087807716535433
0
LINE
8
BLACK
6
CONTINUOUS
10
2.2062077559055115
20
1.087807716535433
11
2.2062079921259841
21
1.0878079133858267
0
LINE
8
BLACK
6
CONTINUOUS
10
2.2062079921259841
20
1.0878079133858267
11
2.2121920472440944
21
1.093791968503937
0
LINE
8
BLACK
6
CONTINUOUS
10
2.2121920472440944
20
1.093791968503937
11
2.2121921653543306
21
1.0937920866141733
0
LINE
8
BLACK
6
CONTINUOUS
10
2.2121921653543306
20
1.0937920866141733
11
2.2170462992125985
21
1.1007245275590551
0
LINE
8
BLACK
6
CONTINUOUS
10
2.2170462992125985
20
1.1007245275590551
11
2.2205041338582676
21
1.1081398818897636
0
LINE
8
BLACK
6
CONTINUOUS
10
2.2205041338582676
20
1.1081398818897636
11
2.2223512598425197
21
1.1102377165354331
0
LINE
8
BLACK
6
CONTINUOUS
10
2.2223512598425197
20
1.1102377165354331
11
2.2250393700787403
21
1.1110038976377952
0
LINE
8
BLACK
6
CONTINUOUS
10
2.2250393700787403
20
1.1110038976377952
11
2.2277149212598424
21
1.1101951574803148
0
LINE
8
BLACK
6
CONTINUOUS
10
2.2277149212598424
20
1.1101951574803148
11
2.2294958661417321
21
1.1081398818897636
0
LINE
8
BLACK
6
CONTINUOUS
10
2.2294958661417321
20
1.1081398818897636
11
2.2329537007874016
21
1.1007244881889764
0
LINE
8
BLACK
6
CONTINUOUS
10
2.2329537007874016
20
1.1007244881889764
11
2.2378077165354329
21
1.0937922047244095
0
LINE
8
BLACK
6
CONTINUOUS
10
2.2378077165354329
20
1.0937922047244095
11
2.2378079133858266
21
1.093791968503937
0
LINE
8
BLACK
6
CONTINUOUS
10
2.2378079133858266
20
1.093791968503937
11
2.2437919685039369
21
1.0878079133858267
0
LINE
8
BLACK
6
CONTINUOUS
10
2.2437919685039369
20
1.0878079133858267
11
2.2437922047244094
21
1.087807716535433
0
LINE
8
BLACK
6
CONTINUOUS
10
2.2437922047244094
20
1.087807716535433
11
2.2507244881889763
21
1.0829537007874015
0
LINE
8
BLACK
6
CONTINUOUS
10
2.2507244881889763
20
1.0829537007874015
11
2.2583944488188976
21
1.079377125984252
0
LINE
8
BLACK
6
CONTINUOUS
10
2.2583944488188976
20
1.079377125984252
11
2.2583946850393701
21
1.0793770472440944
0
LINE
8
BLACK
6
CONTINUOUS
10
2.2583946850393701
20
1.0793770472440944
11
2.26646062992126
21
1.0772157874015749
0
LINE
8
BLACK
6
CONTINUOUS
10
2.26646062992126
20
1.0772157874015749
11
2.2665692125984251
21
1.0771866929133858
0
LINE
8
BLACK
6
CONTINUOUS
10
2.2665692125984251
20
1.0771866929133858
11
2.2749999999999999
21
1.076449094488189
0
LINE
8
BLACK
6
CONTINUOUS
10
2.2749999999999999
20
1.076449094488189
11
2.2834307874015747
21
1.0771866929133858
0
LINE
8
BLACK
6
CONTINUOUS
10
2.2834307874015747
20
1.0771866929133858
11
2.2881503543307087
21
1.0784512992125983
0
LINE
8
BLACK
6
CONTINUOUS
10
2.2881503543307087
20
1.0784512992125983
11
2.2916052755905509
21
1.0793770472440944
0
LINE
8
BLACK
6
CONTINUOUS
10
2.2916052755905509
20
1.0793770472440944
11
2.2916055118110235
21
1.079377125984252
0
LINE
8
BLACK
6
CONTINUOUS
10
2.2916055118110235
20
1.079377125984252
11
2.2992754724409448
21
1.0829537007874015
0
LINE
8
BLACK
6
CONTINUOUS
10
2.2992754724409448
20
1.0829537007874015
11
2.3062077559055116
21
1.087807716535433
0
LINE
8
BLACK
6
CONTINUOUS
10
2.3062077559055116
20
1.087807716535433
11
2.3062079921259842
21
1.0878079133858267
0
LINE
8
BLACK
6
CONTINUOUS
10
2.3062079921259842
20
1.0878079133858267
11
2.3121920472440944
21
1.093791968503937
0
LINE
8
BLACK
6
CONTINUOUS
10
2.3121920472440944
20
1.093791968503937
11
2.3121921653543307
21
1.0937920866141733
0
LINE
8
BLACK
6
CONTINUOUS
10
2.3121921653543307
20
1.0937920866141733
11
2.3170462992125982
21
1.1007245275590551
0
LINE
8
BLACK
6
CONTINUOUS
10
2.3170462992125982
20
1.1007245275590551
11
2.3206229133858267
21
1.1083946062992125
0
LINE
8
BLACK
6
CONTINUOUS
10
2.3206229133858267
20
1.1083946062992125
11
2.3228133070866139
21
1.1165692125984252
0
LINE
8
BLACK
6
CONTINUOUS
10
2.3228133070866139
20
1.1165692125984252
11
2.3235509055118109
21
1.125
0
LINE
8
BLACK
6
CONTINUOUS
10
2.3235509055118109
20
1.125
11
2.3228133070866139
21
1.1334307874015748
0
LINE
8
BLACK
6
CONTINUOUS
10
2.3228133070866139
20
1.1334307874015748
11
2.3206229133858267
21
1.1416053937007873
0
LINE
8
BLACK
6
CONTINUOUS
10
2.3206229133858267
20
1.1416053937007873
11
2.3170462992125982
21
1.1492754330708661
0
LINE
8
BLACK
6
CONTINUOUS
10
2.3170462992125982
20
1.1492754330708661
11
2.316539094488189
21
1.1499998031496064
0
LINE
8
BLACK
6
CONTINUOUS
10
2.316539094488189
20
1.1499998031496064
11
2.3121923228346457
21
1.156207716535433
0
LINE
8
BLACK
6
CONTINUOUS
10
2.3121923228346457
20
1.156207716535433
11
2.3121922047244095
21
1.1562078346456692
0
LINE
8
BLACK
6
CONTINUOUS
10
2.3121922047244095
20
1.1562078346456692
11
2.3121921653543307
21
1.1562079133858267
0
LINE
8
BLACK
6
CONTINUOUS
10
2.3121921653543307
20
1.1562079133858267
11
2.3062079133858266
21
1.1621921653543308
0
LINE
8
BLACK
6
CONTINUOUS
10
2.3062079133858266
20
1.1621921653543308
11
2.2992754724409448
21
1.1670462992125985
0
LINE
8
BLACK
6
CONTINUOUS
10
2.2992754724409448
20
1.1670462992125985
11
2.2916053937007872
21
1.1706229133858268
0
LINE
8
BLACK
6
CONTINUOUS
10
2.2916053937007872
20
1.1706229133858268
11
2.2834307874015747
21
1.1728133070866142
0
LINE
8
BLACK
6
CONTINUOUS
10
2.2834307874015747
20
1.1728133070866142
11
2.2749999999999999
21
1.173550905511811
0
LINE
8
BLACK
6
CONTINUOUS
10
2.2749999999999999
20
1.173550905511811
11
2.2665692125984251
21
1.1728133070866142
0
LINE
8
BLACK
6
CONTINUOUS
10
2.2665692125984251
20
1.1728133070866142
11
2.2583946062992126
21
1.1706229133858268
0
LINE
8
BLACK
6
CONTINUOUS
10
2.2583946062992126
20
1.1706229133858268
11
2.2515827165354332
21
1.1674464566929135
0
LINE
8
BLACK
6
CONTINUOUS
10
2.2515827165354332
20
1.1674464566929135
11
2.2507244094488188
21
1.167046220472441
0
LINE
8
BLACK
6
CONTINUOUS
10
2.2507244094488188
20
1.167046220472441
11
2.2437922440944882
21
1.1621923228346456
0
LINE
8
BLACK
6
CONTINUOUS
10
2.2437922440944882
20
1.1621923228346456
11
2.2437918503937007
21
1.162191968503937
0
LINE
8
BLACK
6
CONTINUOUS
10
2.2437918503937007
20
1.162191968503937
11
2.2378079921259841
21
1.1562081102362205
0
LINE
8
BLACK
6
CONTINUOUS
10
2.2378079921259841
20
1.1562081102362205
11
2.2378076377952754
21
1.156207716535433
0
LINE
8
BLACK
6
CONTINUOUS
10
2.2378076377952754
20
1.156207716535433
11
2.2329537401574804
21
1.1492755511811024
0
LINE
8
BLACK
6
CONTINUOUS
10
2.2329537401574804
20
1.1492755511811024
11
2.2294958661417321
21
1.1418600787401574
0
LINE
8
BLACK
6
CONTINUOUS
10
2.2294958661417321
20
1.1418600787401574
11
2.22764874015748
21
1.1397622440944881
0
LINE
8
BLACK
6
CONTINUOUS
10
2.22764874015748
20
1.1397622440944881
11
2.2249606299212599
21
1.1389960629921259
0
LINE
8
BLACK
6
CONTINUOUS
10
2.2249606299212599
20
1.1389960629921259
11
2.2222850787401573
21
1.1398048031496062
0
LINE
8
BLACK
6
CONTINUOUS
10
2.2222850787401573
20
1.1398048031496062
11
2.2205041338582676
21
1.1418600787401574
0
LINE
8
BLACK
6
CONTINUOUS
10
2.2205041338582676
20
1.1418600787401574
11
2.2203379527559055
21
1.1422164566929134
0
LINE
8
BLACK
6
CONTINUOUS
10
2.2203379527559055
20
1.1422164566929134
11
2.2170462992125985
21
1.1492754330708661
0
LINE
8
BLACK
6
CONTINUOUS
10
2.2170462992125985
20
1.1492754330708661
11
2.2165390944881889
21
1.1499998031496064
0
LINE
8
BLACK
6
CONTINUOUS
10
2.2165390944881889
20
1.1499998031496064
11
2.2121923228346456
21
1.156207716535433
0
LINE
8
BLACK
6
CONTINUOUS
10
2.2121923228346456
20
1.156207716535433
11
2.2121922047244094
21
1.1562078346456692
0
LINE
8
BLACK
6
CONTINUOUS
10
2.2121922047244094
20
1.1562078346456692
11
2.2121921653543306
21
1.1562079133858267
0
LINE
8
BLACK
6
CONTINUOUS
10
2.2121921653543306
20
1.1562079133858267
11
2.2062079133858266
21
1.1621921653543308
0
LINE
8
BLACK
6
CONTINUOUS
10
2.2062079133858266
20
1.1621921653543308
11
2.1992754724409447
21
1.1670462992125985
0
LINE
8
BLACK
6
CONTINUOUS
10
2.1992754724409447
20
1.1670462992125985
11
2.1916053937007876
21
1.1706229133858268
0
LINE
8
BLACK
6
CONTINUOUS
10
2.1916053937007876
20
1.1706229133858268
11
2.1834307874015746
21
1.1728133070866142
0
LINE
8
BLACK
6
CONTINUOUS
10
2.1834307874015746
20
1.1728133070866142
11
2.1749999999999998
21
1.173550905511811
0
LINE
8
BLACK
6
CONTINUOUS
10
2.1749999999999998
20
1.173550905511811
11
2.1665692125984251
21
1.1728133070866142
0
LINE
8
BLACK
6
CONTINUOUS
10
2.1665692125984251
20
1.1728133070866142
11
2.1583946062992125
21
1.1706229133858268
0
LINE
8
BLACK
6
CONTINUOUS
10
2.1583946062992125
20
1.1706229133858268
11
2.1515827165354331
21
1.1674464566929135
0
LINE
8
BLACK
6
CONTINUOUS
10
2.1515827165354331
20
1.1674464566929135
11
2.1507244094488187
21
1.167046220472441
0
LINE
8
BLACK
6
CONTINUOUS
10
2.1507244094488187
20
1.167046220472441
11
2.1437922440944881
21
1.1621923228346456
0
LINE
8
BLACK
6
CONTINUOUS
10
2.1437922440944881
20
1.1621923228346456
11
2.1437918503937006
21
1.162191968503937
0
LINE
8
BLACK
6
CONTINUOUS
10
2.1437918503937006
20
1.162191968503937
11
2.137807992125984
21
1.1562081102362205
0
LINE
8
BLACK
6
CONTINUOUS
10
2.137807992125984
20
1.1562081102362205
11
2.1378076377952757
21
1.156207716535433
0
LINE
8
BLACK
6
CONTINUOUS
10
2.1378076377952757
20
1.156207716535433
11
2.1329537401574803
21
1.1492755511811024
0
LINE
8
BLACK
6
CONTINUOUS
10
2.1329537401574803
20
1.1492755511811024
11
2.129495866141732
21
1.1418600787401574
0
LINE
8
BLACK
6
CONTINUOUS
10
2.129495866141732
20
1.1418600787401574
11
2.1276487401574804
21
1.1397622440944881
0
LINE
8
BLACK
6
CONTINUOUS
10
2.1276487401574804
20
1.1397622440944881
11
2.1249606299212598
21
1.1389960629921259
0
LINE
8
BLACK
6
CONTINUOUS
10
2.1249606299212598
20
1.1389960629921259
11
2.1222850787401573
21
1.1398048031496062
0
LINE
8
BLACK
6
CONTINUOUS
10
2.1222850787401573
20
1.1398048031496062
11
2.1205041338582675
21
1.1418600787401574
0
LINE
8
BLACK
6
CONTINUOUS
10
2.1205041338582675
20
1.1418600787401574
11
2.1203379527559054
21
1.1422164566929134
0
LINE
8
BLACK
6
CONTINUOUS
10
2.1203379527559054
20
1.1422164566929134
11
2.1170462992125985
21
1.1492754330708661
0
LINE
8
BLACK
6
CONTINUOUS
10
2.1170462992125985
20
1.1492754330708661
11
2.1165390944881888
21
1.1499998031496064
0
LINE
8
BLACK
6
CONTINUOUS
10
2.1165390944881888
20
1.1499998031496064
11
2.1121923228346455
21
1.156207716535433
0
LINE
8
BLACK
6
CONTINUOUS
10
2.1121923228346455
20
1.156207716535433
11
2.1121922047244093
21
1.1562078346456692
0
LINE
8
BLACK
6
CONTINUOUS
10
2.1121922047244093
20
1.1562078346456692
11
2.1121921653543305
21
1.1562079133858267
0
LINE
8
BLACK
6
CONTINUOUS
10
2.1121921653543305
20
1.1562079133858267
11
2.1062079133858269
21
1.1621921653543308
0
LINE
8
BLACK
6
CONTINUOUS
10
2.1062079133858269
20
1.1621921653543308
11
2.099275472440945
21
1.1670462992125985
0
LINE
8
BLACK
6
CONTINUOUS
10
2.099275472440945
20
1.1670462992125985
11
2.0916053937007875
21
1.1706229133858268
0
LINE
8
BLACK
6
CONTINUOUS
10
2.0916053937007875
20
1.1706229133858268
11
2.0834307874015749
21
1.1728133070866142
0
LINE
8
BLACK
6
CONTINUOUS
10
2.0834307874015749
20
1.1728133070866142
11
2.0749999999999997
21
1.173550905511811
0
LINE
8
BLACK
6
CONTINUOUS
10
2.0749999999999997
20
1.173550905511811
11
2.066569212598425
21
1.1728133070866142
0
LINE
8
BLACK
6
CONTINUOUS
10
2.066569212598425
20
1.1728133070866142
11
2.0583946062992124
21
1.1706229133858268
0
LINE
8
BLACK
6
CONTINUOUS
10
2.0583946062992124
20
1.1706229133858268
11
2.051582716535433
21
1.1674464566929135
0
LINE
8
BLACK
6
CONTINUOUS
10
2.051582716535433
20
1.1674464566929135
11
2.0507244094488191
21
1.167046220472441
0
LINE
8
BLACK
6
CONTINUOUS
10
2.0507244094488191
20
1.167046220472441
11
2.043792244094488
21
1.1621923228346456
0
LINE
8
BLACK
6
CONTINUOUS
10
2.043792244094488
20
1.1621923228346456
11
2.0437918503937009
21
1.162191968503937
0
LINE
8
BLACK
6
CONTINUOUS
10
2.0437918503937009
20
1.162191968503937
11
2.0378079921259844
21
1.1562081102362205
0
LINE
8
BLACK
6
CONTINUOUS
10
2.0378079921259844
20
1.1562081102362205
11
2.0378076377952756
21
1.156207716535433
0
LINE
8
BLACK
6
CONTINUOUS
10
2.0378076377952756
20
1.156207716535433
11
2.0329537401574802
21
1.1492755511811024
0
LINE
8
BLACK
6
CONTINUOUS
10
2.0329537401574802
20
1.1492755511811024
11
2.0329537007874015
21
1.1492754330708661
0
LINE
8
BLACK
6
CONTINUOUS
10
2.0329537007874015
20
1.1492754330708661
11
2.0293770866141734
21
1.1416053937007873
0
LINE
8
BLACK
6
CONTINUOUS
10
2.0293770866141734
20
1.1416053937007873
11
2.0271866929133857
21
1.1334307874015748
0
LINE
8
BLACK
6
CONTINUOUS
10
2.0271866929133857
20
1.1334307874015748
11
2.0264490944881888
21
1.125
0
LINE
8
BLACK
6
CONTINUOUS
10
2.0264490944881888
20
1.125
11
2.0271866929133857
21
1.1165692125984252
0
LINE
8
BLACK
6
CONTINUOUS
10
2.0271866929133857
20
1.1165692125984252
11
2.0271866929133857
21
1.1165690551181102
0
LINE
8
BLACK
6
CONTINUOUS
10
2.0271866929133857
20
1.1165690551181102
11
2.0272055905511812
21
1.1163534645669291
0
LINE
8
BLACK
6
CONTINUOUS
10
2.0272055905511812
20
1.1163534645669291
11
2.0271074015748032
21
1.1163448425196849
0
LINE
8
BLACK
6
CONTINUOUS
10
2.0271074015748032
20
1.1163448425196849
11
2.0268420078740159
21
1.1139789370078741
0
LINE
8
BLACK
6
CONTINUOUS
10
2.0268420078740159
20
1.1139789370078741
11
2.0250781102362203
21
1.1118106692913385
0
LINE
8
BLACK
6
CONTINUOUS
10
2.0250781102362203
20
1.1118106692913385
11
2.0224219291338583
21
1.1109402362204723
0
LINE
8
BLACK
6
CONTINUOUS
10
2.0224219291338583
20
1.1109402362204723
11
2.0197168503937006
21
1.1116439763779526
0
LINE
8
BLACK
6
CONTINUOUS
10
2.0197168503937006
20
1.1116439763779526
11
2.0187602362204724
21
1.1123906692913386
0
LINE
8
BLACK
6
CONTINUOUS
10
2.0187602362204724
20
1.1123906692913386
11
1.9661575984251969
21
1.1649933070866141
0
LINE
8
BLACK
6
CONTINUOUS
10
1.9661575984251969
20
1.1649933070866141
11
1.9648180708661418
21
1.1674464566929135
0
LINE
8
BLACK
6
CONTINUOUS
10
1.9648180708661418
20
1.1674464566929135
11
1.9647047244094489
21
1.168500905511811
0
LINE
8
BLACK
6
CONTINUOUS
10
1.9647047244094489
20
1.168500905511811
11
1.9647047244094489
21
1.2497740551181102
0
LINE
8
BLACK
6
CONTINUOUS
10
1.9647047244094489
20
1.2497740551181102
11
1.9654922047244094
21
1.2524559842519685
0
LINE
8
BLACK
6
CONTINUOUS
10
1.9654922047244094
20
1.2524559842519685
11
1.9666925196850393
21
1.2537452362204724
0
LINE
8
BLACK
6
CONTINUOUS
10
1.9666925196850393
20
1.2537452362204724
11
1.9674323622047243
21
1.2542990551181101
0
LINE
8
BLACK
6
CONTINUOUS
10
1.9674323622047243
20
1.2542990551181101
11
1.9693016141732282
21
1.2556983858267716
0
LINE
8
BLACK
6
CONTINUOUS
10
1.9693016141732282
20
1.2556983858267716
11
1.969301653543307
21
1.2556984251968504
0
LINE
8
BLACK
6
CONTINUOUS
10
1.969301653543307
20
1.2556984251968504
11
1.9727514566929134
21
1.2603067716535432
0
LINE
8
BLACK
6
CONTINUOUS
10
1.9727514566929134
20
1.2603067716535432
11
1.9727515354330709
21
1.260306968503937
0
LINE
8
BLACK
6
CONTINUOUS
10
1.9727515354330709
20
1.260306968503937
11
1.9727761023622046
21
1.2603727559055118
0
LINE
8
BLACK
6
CONTINUOUS
10
1.9727761023622046
20
1.2603727559055118
11
1.9744554330708661
21
1.264875157480315
0
LINE
8
BLACK
6
CONTINUOUS
10
1.9744554330708661
20
1.264875157480315
11
1.9747633070866142
21
1.2657005905511811
0
LINE
8
BLACK
6
CONTINUOUS
10
1.9747633070866142
20
1.2657005905511811
11
1.9747633858267717
21
1.2657009055118109
0
LINE
8
BLACK
6
CONTINUOUS
10
1.9747633858267717
20
1.2657009055118109
11
1.9750196456692912
21
1.2680846456692914
0
LINE
8
BLACK
6
CONTINUOUS
10
1.9750196456692912
20
1.2680846456692914
11
1.97501968503937
21
1.2680853149606299
0
LINE
8
BLACK
6
CONTINUOUS
10
1.97501968503937
20
1.2680853149606299
11
1.97501968503937
21
1.3319146456692914
0
LINE
8
BLACK
6
CONTINUOUS
10
1.97501968503937
20
1.3319146456692914
11
1.9750196456692912
21
1.33191531496063
0
LINE
8
BLACK
6
CONTINUOUS
10
1.9750196456692912
20
1.33191531496063
11
1.9747633858267717
21
1.3342990551181102
0
LINE
8
BLACK
6
CONTINUOUS
10
1.9747633858267717
20
1.3342990551181102
11
1.9747633070866142
21
1.3342993700787402
0
LINE
8
BLACK
6
CONTINUOUS
10
1.9747633070866142
20
1.3342993700787402
11
1.9743723228346457
21
1.3353476377952755
0
LINE
8
BLACK
6
CONTINUOUS
10
1.9743723228346457
20
1.3353476377952755
11
1.9727515354330709
21
1.3396930708661416
0
LINE
8
BLACK
6
CONTINUOUS
10
1.9727515354330709
20
1.3396930708661416
11
1.9693016141732282
21
1.3443016141732282
0
LINE
8
BLACK
6
CONTINUOUS
10
1.9693016141732282
20
1.3443016141732282
11
1.9677494094488188
21
1.3454635826771653
0
LINE
8
BLACK
6
CONTINUOUS
10
1.9677494094488188
20
1.3454635826771653
11
1.96699437007874
21
1.3460288188976377
0
LINE
8
BLACK
6
CONTINUOUS
10
1.96699437007874
20
1.3460288188976377
11
1.9653192913385826
21
1.3482664566929135
0
LINE
8
BLACK
6
CONTINUOUS
10
1.9653192913385826
20
1.3482664566929135
11
1.9651199212598425
21
1.3510544881889763
0
LINE
8
BLACK
6
CONTINUOUS
10
1.9651199212598425
20
1.3510544881889763
11
1.9664594881889763
21
1.353507716535433
0
LINE
8
BLACK
6
CONTINUOUS
10
1.9664594881889763
20
1.353507716535433
11
1.96699437007874
21
1.3539711811023623
0
LINE
8
BLACK
6
CONTINUOUS
10
1.96699437007874
20
1.3539711811023623
11
1.9693016141732282
21
1.355698346456693
0
LINE
8
BLACK
6
CONTINUOUS
10
1.9693016141732282
20
1.355698346456693
11
1.9727514566929134
21
1.3603067716535433
0
LINE
8
BLACK
6
CONTINUOUS
10
1.9727514566929134
20
1.3603067716535433
11
1.9727515354330709
21
1.3603069685039371
0
LINE
8
BLACK
6
CONTINUOUS
10
1.9727515354330709
20
1.3603069685039371
11
1.9747633070866142
21
1.365700590551181
0
LINE
8
BLACK
6
CONTINUOUS
10
1.9747633070866142
20
1.365700590551181
11
1.9747633858267717
21
1.365700905511811
0
LINE
8
BLACK
6
CONTINUOUS
10
1.9747633858267717
20
1.365700905511811
11
1.9750196456692912
21
1.3680846456692912
0
LINE
8
BLACK
6
CONTINUOUS
10
1.9750196456692912
20
1.3680846456692912
11
1.97501968503937
21
1.3680853149606298
0
LINE
8
BLACK
6
CONTINUOUS
10
1.97501968503937
20
1.3680853149606298
11
1.97501968503937
21
1.4319146456692913
0
LINE
8
BLACK
6
CONTINUOUS
10
1.97501968503937
20
1.4319146456692913
11
1.9750196456692912
21
1.4319153149606298
0
LINE
8
BLACK
6
CONTINUOUS
10
1.9750196456692912
20
1.4319153149606298
11
1.9747633858267717
21
1.4342990551181103
0
LINE
8
BLACK
6
CONTINUOUS
10
1.9747633858267717
20
1.4342990551181103
11
1.9747633070866142
21
1.4342993700787401
0
LINE
8
BLACK
6
CONTINUOUS
10
1.9747633070866142
20
1.4342993700787401
11
1.9744866141732282
21
1.4350411417322835
0
LINE
8
BLACK
6
CONTINUOUS
10
1.9744866141732282
20
1.4350411417322835
11
1.9727515354330709
21
1.4396930708661417
0
LINE
8
BLACK
6
CONTINUOUS
10
1.9727515354330709
20
1.4396930708661417
11
1.9693016141732282
21
1.4443016141732283
0
LINE
8
BLACK
6
CONTINUOUS
10
1.9693016141732282
20
1.4443016141732283
11
1.96699437007874
21
1.4460288188976378
0
LINE
8
BLACK
6
CONTINUOUS
10
1.96699437007874
20
1.4460288188976378
11
1.9653192913385826
21
1.4482664566929133
0
LINE
8
BLACK
6
CONTINUOUS
10
1.9653192913385826
20
1.4482664566929133
11
1.9651199212598425
21
1.4510544881889764
0
LINE
8
BLACK
6
CONTINUOUS
10
1.9651199212598425
20
1.4510544881889764
11
1.9664594881889763
21
1.4535077165354331
0
LINE
8
BLACK
6
CONTINUOUS
10
1.9664594881889763
20
1.4535077165354331
11
1.96699437007874
21
1.4539711811023621
0
LINE
8
BLACK
6
CONTINUOUS
10
1.96699437007874
20
1.4539711811023621
11
1.9693016141732282
21
1.4556983464566928
0
LINE
8
BLACK
6
CONTINUOUS
10
1.9693016141732282
20
1.4556983464566928
11
1.9727514566929134
21
1.4603067716535432
0
LINE
8
BLACK
6
CONTINUOUS
10
1.9727514566929134
20
1.4603067716535432
11
1.9727515354330709
21
1.4603069685039369
0
LINE
8
BLACK
6
CONTINUOUS
10
1.9727515354330709
20
1.4603069685039369
11
1.9747633070866142
21
1.4657005905511811
0
LINE
8
BLACK
6
CONTINUOUS
10
1.9747633070866142
20
1.4657005905511811
11
1.9747633858267717
21
1.4657009055118111
0
LINE
8
BLACK
6
CONTINUOUS
10
1.9747633858267717
20
1.4657009055118111
11
1.9750196456692912
21
1.4680846456692913
0
LINE
8
BLACK
6
CONTINUOUS
10
1.9750196456692912
20
1.4680846456692913
11
1.97501968503937
21
1.4680853149606299
0
LINE
8
BLACK
6
CONTINUOUS
10
1.97501968503937
20
1.4680853149606299
11
1.97501968503937
21
1.5319146456692914
0
LINE
8
BLACK
6
CONTINUOUS
10
1.97501968503937
20
1.5319146456692914
11
1.9750196456692912
21
1.5319153149606299
0
LINE
8
BLACK
6
CONTINUOUS
10
1.9750196456692912
20
1.5319153149606299
11
1.9747633858267717
21
1.5342990551181102
0
LINE
8
BLACK
6
CONTINUOUS
10
1.9747633858267717
20
1.5342990551181102
11
1.9747633070866142
21
1.5342993700787402
0
LINE
8
BLACK
6
CONTINUOUS
10
1.9747633070866142
20
1.5342993700787402
11
1.9744866141732282
21
1.5350411417322833
0
LINE
8
BLACK
6
CONTINUOUS
10
1.9744866141732282
20
1.5350411417322833
11
1.9727515354330709
21
1.5396930708661416
0
LINE
8
BLACK
6
CONTINUOUS
10
1.9727515354330709
20
1.5396930708661416
11
1.9693016141732282
21
1.5443016141732284
0
LINE
8
BLACK
6
CONTINUOUS
10
1.9693016141732282
20
1.5443016141732284
11
1.9646930708661416
21
1.5477515354330709
0
LINE
8
BLACK
6
CONTINUOUS
10
1.9646930708661416
20
1.5477515354330709
11
1.959299251968504
21
1.5497633464566929
0
LINE
8
BLACK
6
CONTINUOUS
10
1.959299251968504
20
1.5497633464566929
11
1.9592991732283465
21
1.5497633464566929
0
LINE
8
BLACK
6
CONTINUOUS
10
1.9592991732283465
20
1.5497633464566929
11
1.9592990551181102
21
1.5497633858267716
0
LINE
8
BLACK
6
CONTINUOUS
10
1.9592990551181102
20
1.5497633858267716
11
1.95691531496063
21
1.5500196456692914
0
LINE
8
BLACK
6
CONTINUOUS
10
1.95691531496063
20
1.5500196456692914
11
1.956915157480315
21
1.5500196456692914
0
LINE
8
BLACK
6
CONTINUOUS
10
1.956915157480315
20
1.5500196456692914
11
1.9569148818897637
21
1.5500196850393702
0
LINE
8
BLACK
6
CONTINUOUS
10
1.9569148818897637
20
1.5500196850393702
11
1.8930851181102362
21
1.5500196850393702
0
LINE
8
BLACK
6
CONTINUOUS
10
1.8930851181102362
20
1.5500196850393702
11
1.8930848425196849
21
1.5500196456692914
0
LINE
8
BLACK
6
CONTINUOUS
10
1.8930848425196849
20
1.5500196456692914
11
1.8930846456692914
21
1.5500196456692914
0
LINE
8
BLACK
6
CONTINUOUS
10
1.8930846456692914
20
1.5500196456692914
11
1.8907009055118109
21
1.5497633858267716
0
LINE
8
BLACK
6
CONTINUOUS
10
1.8907009055118109
20
1.5497633858267716
11
1.8907005905511811
21
1.5497633070866141
0
LINE
8
BLACK
6
CONTINUOUS
10
1.8907005905511811
20
1.5497633070866141
11
1.887632874015748
21
1.5486190551181103
0
LINE
8
BLACK
6
CONTINUOUS
10
1.887632874015748
20
1.5486190551181103
11
1.8853069291338582
21
1.5477515354330709
0
LINE
8
BLACK
6
CONTINUOUS
10
1.8853069291338582
20
1.5477515354330709
11
1.8853068503937007
21
1.5477514960629921
0
LINE
8
BLACK
6
CONTINUOUS
10
1.8853068503937007
20
1.5477514960629921
11
1.8853067716535432
21
1.5477514566929134
0
LINE
8
BLACK
6
CONTINUOUS
10
1.8853067716535432
20
1.5477514566929134
11
1.8806983464566929
21
1.5443016141732284
0
LINE
8
BLACK
6
CONTINUOUS
10
1.8806983464566929
20
1.5443016141732284
11
1.8789711811023622
21
1.5419943700787402
0
LINE
8
BLACK
6
CONTINUOUS
10
1.8789711811023622
20
1.5419943700787402
11
1.8767335433070866
21
1.5403192913385826
0
LINE
8
BLACK
6
CONTINUOUS
10
1.8767335433070866
20
1.5403192913385826
11
1.8739455118110235
21
1.5401199212598424
0
LINE
8
BLACK
6
CONTINUOUS
10
1.8739455118110235
20
1.5401199212598424
11
1.8714922834645669
21
1.5414594881889763
0
LINE
8
BLACK
6
CONTINUOUS
10
1.8714922834645669
20
1.5414594881889763
11
1.8710288188976378
21
1.5419943700787402
0
LINE
8
BLACK
6
CONTINUOUS
10
1.8710288188976378
20
1.5419943700787402
11
1.8693016141732284
21
1.5443016141732284
0
LINE
8
BLACK
6
CONTINUOUS
10
1.8693016141732284
20
1.5443016141732284
11
1.8646931889763778
21
1.5477514566929134
0
LINE
8
BLACK
6
CONTINUOUS
10
1.8646931889763778
20
1.5477514566929134
11
1.8646931496062991
21
1.5477514566929134
0
LINE
8
BLACK
6
CONTINUOUS
10
1.8646931496062991
20
1.5477514566929134
11
1.8646930708661418
21
1.5477515354330709
0
LINE
8
BLACK
6
CONTINUOUS
10
1.8646930708661418
20
1.5477515354330709
11
1.8592992519685039
21
1.5497633464566929
0
LINE
8
BLACK
6
CONTINUOUS
10
1.8592992519685039
20
1.5497633464566929
11
1.8592991732283464
21
1.5497633464566929
0
LINE
8
BLACK
6
CONTINUOUS
10
1.8592991732283464
20
1.5497633464566929
11
1.8592990551181101
21
1.5497633858267716
0
LINE
8
BLACK
6
CONTINUOUS
10
1.8592990551181101
20
1.5497633858267716
11
1.8569153149606299
21
1.5500196456692914
0
LINE
8
BLACK
6
CONTINUOUS
10
1.8569153149606299
20
1.5500196456692914
11
1.8569151574803149
21
1.5500196456692914
0
LINE
8
BLACK
6
CONTINUOUS
10
1.8569151574803149
20
1.5500196456692914
11
1.8569148818897638
21
1.5500196850393702
0
LINE
8
BLACK
6
CONTINUOUS
10
1.8569148818897638
20
1.5500196850393702
11
1.7930851181102361
21
1.5500196850393702
0
LINE
8
BLACK
6
CONTINUOUS
10
1.7930851181102361
20
1.5500196850393702
11
1.793084842519685
21
1.5500196456692914
0
LINE
8
BLACK
6
CONTINUOUS
10
1.793084842519685
20
1.5500196456692914
11
1.7930846456692913
21
1.5500196456692914
0
LINE
8
BLACK
6
CONTINUOUS
10
1.7930846456692913
20
1.5500196456692914
11
1.790700905511811
21
1.5497633858267716
0
LINE
8
BLACK
6
CONTINUOUS
10
1.790700905511811
20
1.5497633858267716
11
1.790700590551181
21
1.5497633070866141
0
LINE
8
BLACK
6
CONTINUOUS
10
1.790700590551181
20
1.5497633070866141
11
1.7876328740157479
21
1.5486190551181103
0
LINE
8
BLACK
6
CONTINUOUS
10
1.7876328740157479
20
1.5486190551181103
11
1.7853069291338581
21
1.5477515354330709
0
LINE
8
BLACK
6
CONTINUOUS
10
1.7853069291338581
20
1.5477515354330709
11
1.7853068503937009
21
1.5477514960629921
0
LINE
8
BLACK
6
CONTINUOUS
10
1.7853068503937009
20
1.5477514960629921
11
1.7853067716535433
21
1.5477514566929134
0
LINE
8
BLACK
6
CONTINUOUS
10
1.7853067716535433
20
1.5477514566929134
11
1.7806983464566928
21
1.5443016141732284
0
LINE
8
BLACK
6
CONTINUOUS
10
1.7806983464566928
20
1.5443016141732284
11
1.7772485039370078
21
1.5396931889763779
0
LINE
8
BLACK
6
CONTINUOUS
10
1.7772485039370078
20
1.5396931889763779
11
1.7772484251968503
21
1.5396929921259843
0
LINE
8
BLACK
6
CONTINUOUS
10
1.7772484251968503
20
1.5396929921259843
11
1.7752366535433071
21
1.5342993700787402
0
LINE
8
BLACK
6
CONTINUOUS
10
1.7752366535433071
20
1.5342993700787402
11
1.7752365748031496
21
1.5342990551181102
0
LINE
8
BLACK
6
CONTINUOUS
10
1.7752365748031496
20
1.5342990551181102
11
1.7749803149606298
21
1.5319153149606299
0
LINE
8
BLACK
6
CONTINUOUS
10
1.7749803149606298
20
1.5319153149606299
11
1.7749803149606298
21
1.4680846456692913
0
LINE
8
BLACK
6
CONTINUOUS
10
1.7749803149606298
20
1.4680846456692913
11
1.7752365748031496
21
1.4657009055118111
0
LINE
8
BLACK
6
CONTINUOUS
10
1.7752365748031496
20
1.4657009055118111
11
1.7752366535433071
21
1.4657005905511811
0
LINE
8
BLACK
6
CONTINUOUS
10
1.7752366535433071
20
1.4657005905511811
11
1.7772484251968503
21
1.4603069685039369
0
LINE
8
BLACK
6
CONTINUOUS
10
1.7772484251968503
20
1.4603069685039369
11
1.7772485039370078
21
1.4603067716535432
0
LINE
8
BLACK
6
CONTINUOUS
10
1.7772485039370078
20
1.4603067716535432
11
1.7806983858267715
21
1.4556983464566928
0
LINE
8
BLACK
6
CONTINUOUS
10
1.7806983858267715
20
1.4556983464566928
11
1.7830056299212598
21
1.4539711417322834
0
LINE
8
BLACK
6
CONTINUOUS
10
1.7830056299212598
20
1.4539711417322834
11
1.7846806692913386
21
1.4517335039370078
0
LINE
8
BLACK
6
CONTINUOUS
10
1.7846806692913386
20
1.4517335039370078
11
1.7848800393700788
21
1.4489455118110235
0
LINE
8
BLACK
6
CONTINUOUS
10
1.7848800393700788
20
1.4489455118110235
11
1.7835404724409449
21
1.4464922834645668
0
LINE
8
BLACK
6
CONTINUOUS
10
1.7835404724409449
20
1.4464922834645668
11
1.7830056299212598
21
1.4460288582677165
0
LINE
8
BLACK
6
CONTINUOUS
10
1.7830056299212598
20
1.4460288582677165
11
1.7806983858267715
21
1.4443016141732283
0
LINE
8
BLACK
6
CONTINUOUS
10
1.7806983858267715
20
1.4443016141732283
11
1.7772485039370078
21
1.439693188976378
0
LINE
8
BLACK
6
CONTINUOUS
10
1.7772485039370078
20
1.439693188976378
11
1.7772484251968503
21
1.4396929921259842
0
LINE
8
BLACK
6
CONTINUOUS
10
1.7772484251968503
20
1.4396929921259842
11
1.7752366535433071
21
1.4342993700787401
0
LINE
8
BLACK
6
CONTINUOUS
10
1.7752366535433071
20
1.4342993700787401
11
1.7752365748031496
21
1.4342990551181103
0
LINE
8
BLACK
6
CONTINUOUS
10
1.7752365748031496
20
1.4342990551181103
11
1.7749803149606298
21
1.4319153149606298
0
LINE
8
BLACK
6
CONTINUOUS
10
1.7749803149606298
20
1.4319153149606298
11
1.7749803149606298
21
1.3680846456692912
0
LINE
8
BLACK
6
CONTINUOUS
10
1.7749803149606298
20
1.3680846456692912
11
1.7752365748031496
21
1.365700905511811
0
LINE
8
BLACK
6
CONTINUOUS
10
1.7752365748031496
20
1.365700905511811
11
1.7752366535433071
21
1.365700590551181
0
LINE
8
BLACK
6
CONTINUOUS
10
1.7752366535433071
20
1.365700590551181
11
1.7772484251968503
21
1.3603069685039371
0
LINE
8
BLACK
6
CONTINUOUS
10
1.7772484251968503
20
1.3603069685039371
11
1.7772485039370078
21
1.3603067716535433
0
LINE
8
BLACK
6
CONTINUOUS
10
1.7772485039370078
20
1.3603067716535433
11
1.7806983858267715
21
1.355698346456693
0
LINE
8
BLACK
6
CONTINUOUS
10
1.7806983858267715
20
1.355698346456693
11
1.7830056299212598
21
1.3539711417322835
0
LINE
8
BLACK
6
CONTINUOUS
10
1.7830056299212598
20
1.3539711417322835
11
1.7846806692913386
21
1.3517335039370078
0
LINE
8
BLACK
6
CONTINUOUS
10
1.7846806692913386
20
1.3517335039370078
11
1.7848800393700788
21
1.3489455118110236
0
LINE
8
BLACK
6
CONTINUOUS
10
1.7848800393700788
20
1.3489455118110236
11
1.7835404724409449
21
1.346492283464567
0
LINE
8
BLACK
6
CONTINUOUS
10
1.7835404724409449
20
1.346492283464567
11
1.7830056299212598
21
1.3460288582677165
0
LINE
8
BLACK
6
CONTINUOUS
10
1.7830056299212598
20
1.3460288582677165
11
1.7806983858267715
21
1.3443016141732282
0
LINE
8
BLACK
6
CONTINUOUS
10
1.7806983858267715
20
1.3443016141732282
11
1.7772485039370078
21
1.3396931889763779
0
LINE
8
BLACK
6
CONTINUOUS
10
1.7772485039370078
20
1.3396931889763779
11
1.7772484251968503
21
1.3396929921259841
0
LINE
8
BLACK
6
CONTINUOUS
10
1.7772484251968503
20
1.3396929921259841
11
1.7752366535433071
21
1.3342993700787402
0
LINE
8
BLACK
6
CONTINUOUS
10
1.7752366535433071
20
1.3342993700787402
11
1.7752365748031496
21
1.3342990551181102
0
LINE
8
BLACK
6
CONTINUOUS
10
1.7752365748031496
20
1.3342990551181102
11
1.7749803149606298
21
1.33191531496063
0
LINE
8
BLACK
6
CONTINUOUS
10
1.7749803149606298
20
1.33191531496063
11
1.7749803149606298
21
1.2680846456692914
0
LINE
8
BLACK
6
CONTINUOUS
10
1.7749803149606298
20
1.2680846456692914
11
1.7752365748031496
21
1.2657009055118109
0
LINE
8
BLACK
6
CONTINUOUS
10
1.615866496062992
20
0.8563308267716535
11
1.6158665748031495
21
0.8563305118110236
0
LINE
8
BLACK
6
CONTINUOUS
10
1.6158665748031495
20
0.8563305118110236
11
1.6178783464566928
21
0.8509368897637795
0
LINE
8
BLACK
6
CONTINUOUS
10
1.6178783464566928
20
0.8509368897637795
11
1.6178784251968503
21
0.8509366929133858
0
LINE
8
BLACK
6
CONTINUOUS
10
1.6178784251968503
20
0.8509366929133858
11
1.6213282677165355
21
0.8463282677165355
0
LINE
8
BLACK
6
CONTINUOUS
10
1.6213282677165355
20
0.8463282677165355
11
1.6259366929133858
21
0.8428784251968504
0
LINE
8
BLACK
6
CONTINUOUS
10
1.6259366929133858
20
0.8428784251968504
11
1.6259368897637796
21
0.8428783464566929
0
LINE
8
BLACK
6
CONTINUOUS
10
1.6259368897637796
20
0.8428783464566929
11
1.6313305118110235
21
0.8408665748031496
0
LINE
8
BLACK
6
CONTINUOUS
10
1.6313305118110235
20
0.8408665748031496
11
1.6313308267716535
21
0.8408664960629921
0
LINE
8
BLACK
6
CONTINUOUS
10
1.6313308267716535
20
0.8408664960629921
11
1.6337145669291337
21
0.8406102362204724
0
LINE
8
BLACK
6
CONTINUOUS
10
1.6337145669291337
20
0.8406102362204724
11
1.6337150393700788
21
0.8406102362204724
0
LINE
8
BLACK
6
CONTINUOUS
10
1.6337150393700788
20
0.8406102362204724
11
1.7162853937007874
21
0.8406102362204724
0
LINE
8
BLACK
6
CONTINUOUS
10
1.7162853937007874
20
0.8406102362204724
11
1.7186691338582676
21
0.8408664960629921
0
LINE
8
BLACK
6
CONTINUOUS
10
1.7186691338582676
20
0.8408664960629921
11
1.7186694488188976
21
0.8408665748031496
0
LINE
8
BLACK
6
CONTINUOUS
10
1.7186694488188976
20
0.8408665748031496
11
1.7240630708661417
21
0.8428783464566929
0
LINE
8
BLACK
6
CONTINUOUS
10
1.7240630708661417
20
0.8428783464566929
11
1.7240632677165353
21
0.8428784251968504
0
LINE
8
BLACK
6
CONTINUOUS
10
1.7240632677165353
20
0.8428784251968504
11
1.7286716929133858
21
0.8463282677165355
0
LINE
8
BLACK
6
CONTINUOUS
10
1.7286716929133858
20
0.8463282677165355
11
1.7321215354330708
21
0.8509366929133858
0
LINE
8
BLACK
6
CONTINUOUS
10
1.7321215354330708
20
0.8509366929133858
11
1.7321216141732283
21
0.8509368897637795
0
LINE
8
BLACK
6
CONTINUOUS
10
1.7321216141732283
20
0.8509368897637795
11
1.7327277165354331
21
0.8525618110236221
0
LINE
8
BLACK
6
CONTINUOUS
10
1.7327277165354331
20
0.8525618110236221
11
1.7341334251968503
21
0.8563306692913386
0
LINE
8
BLACK
6
CONTINUOUS
10
1.7341334251968503
20
0.8563306692913386
11
1.7341334645669291
21
0.8563308267716535
0
LINE
8
BLACK
6
CONTINUOUS
10
1.7341334645669291
20
0.8563308267716535
11
1.7343897244094488
21
0.8587145669291338
0
LINE
8
BLACK
6
CONTINUOUS
10
1.7343897244094488
20
0.8587145669291338
11
1.7343897637795276
21
0.8587152362204724
0
LINE
8
BLACK
6
CONTINUOUS
10
1.7343897637795276
20
0.8587152362204724
11
1.7343897637795276
21
0.9412847244094488
0
LINE
8
BLACK
6
CONTINUOUS
10
1.7343897637795276
20
0.9412847244094488
11
1.7343897244094488
21
0.9412853937007873
0
LINE
8
BLACK
6
CONTINUOUS
10
1.7343897244094488
20
0.9412853937007873
11
1.7341334645669291
21
0.9436691338582677
0
LINE
8
BLACK
6
CONTINUOUS
10
1.7341334645669291
20
0.9436691338582677
11
1.7341333858267716
21
0.9436694488188976
0
LINE
8
BLACK
6
CONTINUOUS
10
1.7341333858267716
20
0.9436694488188976
11
1.7327591732283465
21
0.9473537795275591
0
LINE
8
BLACK
6
CONTINUOUS
10
1.7327591732283465
20
0.9473537795275591
11
1.7321216141732283
21
0.9490631496062992
0
LINE
8
BLACK
6
CONTINUOUS
10
1.7321216141732283
20
0.9490631496062992
11
1.7317261417322833
21
0.9495914173228346
0
LINE
8
BLACK
6
CONTINUOUS
10
1.7317261417322833
20
0.9495914173228346
11
1.7286716929133858
21
0.9536716929133858
0
LINE
8
BLACK
6
CONTINUOUS
10
1.7286716929133858
20
0.9536716929133858
11
1.7240632677165353
21
0.9571215354330709
0
LINE
8
BLACK
6
CONTINUOUS
10
1.7240632677165353
20
0.9571215354330709
11
1.7240632283464568
21
0.9571215354330709
0
LINE
8
BLACK
6
CONTINUOUS
10
1.7240632283464568
20
0.9571215354330709
11
1.7240631496062993
21
0.9571216141732283
0
LINE
8
BLACK
6
CONTINUOUS
10
1.7240631496062993
20
0.9571216141732283
11
1.7186693307086613
21
0.9591334251968504
0
LINE
8
BLACK
6
CONTINUOUS
10
1.7186693307086613
20
0.9591334251968504
11
1.7186692519685038
21
0.9591334251968504
0
LINE
8
BLACK
6
CONTINUOUS
10
1.7186692519685038
20
0.9591334251968504
11
1.7186691338582676
21
0.9591334645669292
0
LINE
8
BLACK
6
CONTINUOUS
10
1.7186691338582676
20
0.9591334645669292
11
1.7162853937007874
21
0.9593897244094488
0
LINE
8
BLACK
6
CONTINUOUS
10
1.7162853937007874
20
0.9593897244094488
11
1.7162852362204724
21
0.9593897244094488
0
LINE
8
BLACK
6
CONTINUOUS
10
1.7162852362204724
20
0.9593897244094488
11
1.7162849606299213
21
0.9593897637795276
0
LINE
8
BLACK
6
CONTINUOUS
10
1.7162849606299213
20
0.9593897637795276
11
1.6337150393700788
21
0.9593897637795276
0
LINE
8
BLACK
6
CONTINUOUS
10
1.6337150393700788
20
0.9593897637795276
11
1.6337147637795275
21
0.9593897244094488
0
LINE
8
BLACK
6
CONTINUOUS
10
1.6337147637795275
20
0.9593897244094488
11
1.6337145669291337
21
0.9593897244094488
0
LINE
8
BLACK
6
CONTINUOUS
10
1.6337145669291337
20
0.9593897244094488
11
1.6313308267716535
21
0.9591334645669292
0
LINE
8
BLACK
6
CONTINUOUS
10
1.6313308267716535
20
0.9591334645669292
11
1.6313305118110235
21
0.9591333858267717
0
LINE
8
BLACK
6
CONTINUOUS
10
1.6313305118110235
20
0.9591333858267717
11
1.6282627952755906
21
0.9579891338582677
0
LINE
8
BLACK
6
CONTINUOUS
10
1.6282627952755906
20
0.9579891338582677
11
1.6259368503937008
21
0.9571216141732283
0
LINE
8
BLACK
6
CONTINUOUS
10
1.6259368503937008
20
0.9571216141732283
11
1.6259367716535433
21
0.9571215748031496
0
LINE
8
BLACK
6
CONTINUOUS
10
1.6259367716535433
20
0.9571215748031496
11
1.6259366929133858
21
0.9571215354330709
0
LINE
8
BLACK
6
CONTINUOUS
10
1.6259366929133858
20
0.9571215354330709
11
1.6213282677165355
21
0.9536716929133858
0
LINE
8
BLACK
6
CONTINUOUS
10
1.6213282677165355
20
0.9536716929133858
11
1.6178784251968503
21
0.9490632677165354
0
LINE
8
BLACK
6
CONTINUOUS
10
1.6178784251968503
20
0.9490632677165354
11
1.6178783464566928
21
0.9490630708661417
0
LINE
8
BLACK
6
CONTINUOUS
10
1.6178783464566928
20
0.9490630708661417
11
1.6158665748031495
21
0.9436694488188976
0
LINE
8
BLACK
6
CONTINUOUS
10
1.6158665748031495
20
0.9436694488188976
11
1.615866496062992
21
0.9436691338582677
0
LINE
8
BLACK
6
CONTINUOUS
10
1.615866496062992
20
0.9436691338582677
11
1.6156102362204725
21
0.9412853937007873
0
LINE
8
BLACK
6
CONTINUOUS
10
1.6156102362204725
20
0.9412853937007873
11
1.6156102362204725
21
0.8587145669291338
0
LINE
8
BLACK
6
CONTINUOUS
10
1.6156102362204725
20
0.8587145669291338
11
1.615866496062992
21
0.8563308267716535
0
LINE
8
BLACK
6
CONTINUOUS
10
1.6089767322834645
20
1.2754253149606298
11
1.608976811023622
21
1.275425
0
LINE
8
BLACK
6
CONTINUOUS
10
1.608976811023622
20
1.275425
11
1.6109885826771653
21
1.2700313779527559
0
LINE
8
BLACK
6
CONTINUOUS
10
1.6109885826771653
20
1.2700313779527559
11
1.6109886614173228
21
1.2700311811023621
0
LINE
8
BLACK
6
CONTINUOUS
10
1.6109886614173228
20
1.2700311811023621
11
1.6144385039370079
21
1.2654227559055118
0
LINE
8
BLACK
6
CONTINUOUS
10
1.6144385039370079
20
1.2654227559055118
11
1.6190469291338583
21
1.2619729133858268
0
LINE
8
BLACK
6
CONTINUOUS
10
1.6190469291338583
20
1.2619729133858268
11
1.6190471259842518
21
1.2619728346456693
0
LINE
8
BLACK
6
CONTINUOUS
10
1.6190471259842518
20
1.2619728346456693
11
1.624440748031496
21
1.2599610629921258
0
LINE
8
BLACK
6
CONTINUOUS
10
1.624440748031496
20
1.2599610629921258
11
1.624441062992126
21
1.2599609842519686
0
LINE
8
BLACK
6
CONTINUOUS
10
1.624441062992126
20
1.2599609842519686
11
1.6268248031496062
21
1.2597047244094488
0
LINE
8
BLACK
6
CONTINUOUS
10
1.6268248031496062
20
1.2597047244094488
11
1.6268252755905512
21
1.2597047244094488
0
LINE
8
BLACK
6
CONTINUOUS
10
1.6268252755905512
20
1.2597047244094488
11
1.721206653543307
21
1.2597047244094488
0
LINE
8
BLACK
6
CONTINUOUS
10
1.721206653543307
20
1.2597047244094488
11
1.7235903937007873
21
1.2599609842519686
0
LINE
8
BLACK
6
CONTINUOUS
10
1.7235903937007873
20
1.2599609842519686
11
1.7235907086614173
21
1.2599610629921258
0
LINE
8
BLACK
6
CONTINUOUS
10
1.7235907086614173
20
1.2599610629921258
11
1.7289843307086614
21
1.2619728346456693
0
LINE
8
BLACK
6
CONTINUOUS
10
1.7289843307086614
20
1.2619728346456693
11
1.7289845275590552
21
1.2619729133858268
0
LINE
8
BLACK
6
CONTINUOUS
10
1.7289845275590552
20
1.2619729133858268
11
1.7335929527559055
21
1.2654227559055118
0
LINE
8
BLACK
6
CONTINUOUS
10
1.7335929527559055
20
1.2654227559055118
11
1.7355856299212598
21
1.2680846456692914
0
LINE
8
BLACK
6
CONTINUOUS
10
1.7355856299212598
20
1.2680846456692914
11
1.7370427952755905
21
1.2700311811023621
0
LINE
8
BLACK
6
CONTINUOUS
10
1.7370427952755905
20
1.2700311811023621
11
1.737042874015748
21
1.2700313779527559
0
LINE
8
BLACK
6
CONTINUOUS
10
1.737042874015748
20
1.2700313779527559
11
1.7372997637795276
21
1.2707200393700786
0
LINE
8
BLACK
6
CONTINUOUS
10
1.7372997637795276
20
1.2707200393700786
11
1.73905468503937
21
1.275425157480315
0
LINE
8
BLACK
6
CONTINUOUS
10
1.73905468503937
20
1.275425157480315
11
1.7390547244094487
21
1.2754253149606298
0
LINE
8
BLACK
6
CONTINUOUS
10
1.7390547244094487
20
1.2754253149606298
11
1.7393109842519685
21
1.2778090551181103
0
LINE
8
BLACK
6
CONTINUOUS
10
1.7393109842519685
20
1.2778090551181103
11
1.7393110236220473
21
1.2778097244094488
0
LINE
8
BLACK
6
CONTINUOUS
10
1.7393110236220473
20
1.2778097244094488
11
1.7393110236220473
21
1.3721902362204723
0
LINE
8
BLACK
6
CONTINUOUS
10
1.7393110236220473
20
1.3721902362204723
11
1.7393109842519685
21
1.3721909055118109
0
LINE
8
BLACK
6
CONTINUOUS
10
1.7393109842519685
20
1.3721909055118109
11
1.7390547244094487
21
1.3745746456692913
0
LINE
8
BLACK
6
CONTINUOUS
10
1.7390547244094487
20
1.3745746456692913
11
1.7390546456692912
21
1.3745749606299211
0
LINE
8
BLACK
6
CONTINUOUS
10
1.7390546456692912
20
1.3745749606299211
11
1.7372998031496063
21
1.3792797637795275
0
LINE
8
BLACK
6
CONTINUOUS
10
1.7372998031496063
20
1.3792797637795275
11
1.737042874015748
21
1.3799686614173228
0
LINE
8
BLACK
6
CONTINUOUS
10
1.737042874015748
20
1.3799686614173228
11
1.7335929527559055
21
1.3845772047244094
0
LINE
8
BLACK
6
CONTINUOUS
10
1.7335929527559055
20
1.3845772047244094
11
1.7328614566929132
21
1.3851248031496062
0
LINE
8
BLACK
6
CONTINUOUS
10
1.7328614566929132
20
1.3851248031496062
11
1.7289845275590552
21
1.3880270472440945
0
LINE
8
BLACK
6
CONTINUOUS
10
1.7289845275590552
20
1.3880270472440945
11
1.7289844881889764
21
1.3880270472440945
0
LINE
8
BLACK
6
CONTINUOUS
10
1.7289844881889764
20
1.3880270472440945
11
1.7289844094488189
21
1.388027125984252
0
LINE
8
BLACK
6
CONTINUOUS
10
1.7289844094488189
20
1.388027125984252
11
1.723590590551181
21
1.3900389370078741
0
LINE
8
BLACK
6
CONTINUOUS
10
1.723590590551181
20
1.3900389370078741
11
1.7235905118110235
21
1.3900389370078741
0
LINE
8
BLACK
6
CONTINUOUS
10
1.7235905118110235
20
1.3900389370078741
11
1.7235903937007873
21
1.3900389763779528
0
LINE
8
BLACK
6
CONTINUOUS
10
1.7235903937007873
20
1.3900389763779528
11
1.721206653543307
21
1.3902952362204724
0
LINE
8
BLACK
6
CONTINUOUS
10
1.721206653543307
20
1.3902952362204724
11
1.721206496062992
21
1.3902952362204724
0
LINE
8
BLACK
6
CONTINUOUS
10
1.721206496062992
20
1.3902952362204724
11
1.721206220472441
21
1.3902952755905511
0
LINE
8
BLACK
6
CONTINUOUS
10
1.721206220472441
20
1.3902952755905511
11
1.6268252755905512
21
1.3902952755905511
0
LINE
8
BLACK
6
CONTINUOUS
10
1.6268252755905512
20
1.3902952755905511
11
1.626825
21
1.3902952362204724
0
LINE
8
BLACK
6
CONTINUOUS
10
1.626825
20
1.3902952362204724
11
1.6268248031496062
21
1.3902952362204724
0
LINE
8
BLACK
6
CONTINUOUS
10
1.6268248031496062
20
1.3902952362204724
11
1.624441062992126
21
1.3900389763779528
0
LINE
8
BLACK
6
CONTINUOUS
10
1.624441062992126
20
1.3900389763779528
11
1.624440748031496
21
1.3900388976377953
0
LINE
8
BLACK
6
CONTINUOUS
10
1.624440748031496
20
1.3900388976377953
11
1.621373031496063
21
1.3888946456692912
0
LINE
8
BLACK
6
CONTINUOUS
10
1.621373031496063
20
1.3888946456692912
11
1.6190470866141733
21
1.388027125984252
0
LINE
8
BLACK
6
CONTINUOUS
10
1.6190470866141733
20
1.388027125984252
11
1.6190470078740158
21
1.3880270866141733
0
LINE
8
BLACK
6
CONTINUOUS
10
1.6190470078740158
20
1.3880270866141733
11
1.6190469291338583
21
1.3880270472440945
0
LINE
8
BLACK
6
CONTINUOUS
10
1.6190469291338583
20
1.3880270472440945
11
1.6144385039370079
21
1.3845772047244094
0
LINE
8
BLACK
6
CONTINUOUS
10
1.6144385039370079
20
1.3845772047244094
11
1.6109886614173228
21
1.379968779527559
0
LINE
8
BLACK
6
CONTINUOUS
10
1.6109886614173228
20
1.379968779527559
11
1.6109885826771653
21
1.3799685826771653
0
LINE
8
BLACK
6
CONTINUOUS
10
1.6109885826771653
20
1.3799685826771653
11
1.608976811023622
21
1.3745749606299211
0
LINE
8
BLACK
6
CONTINUOUS
10
1.608976811023622
20
1.3745749606299211
11
1.6089767322834645
21
1.3745746456692913
0
LINE
8
BLACK
6
CONTINUOUS
10
1.6089767322834645
20
1.3745746456692913
11
1.6087204724409447
21
1.3721909055118109
0
LINE
8
BLACK
6
CONTINUOUS
10
1.6087204724409447
20
1.3721909055118109
11
1.6087204724409447
21
1.2778090551181103
0
LINE
8
BLACK
6
CONTINUOUS
10
1.6087204724409447
20
1.2778090551181103
11
1.6089767322834645
21
1.2754253149606298
0
LINE
8
BLACK
6
CONTINUOUS
10
0.1095299212598425
20
0.8484649606299213
11
0.1178159448818898
21
0.8462447244094488
0
LINE
8
BLACK
6
CONTINUOUS
10
0.1178159448818898
20
0.8462447244094488
11
0.1255905511811024
21
0.8426193700787401
0
LINE
8
BLACK
6
CONTINUOUS
10
0.1255905511811024
20
0.8426193700787401
11
0.1326175196850394
21
0.8376990551181103
0
LINE
8
BLACK
6
CONTINUOUS
10
0.1326175196850394
20
0.8376990551181103
11
0.1386833070866142
21
0.8316332677165355
0
LINE
8
BLACK
6
CONTINUOUS
10
0.1386833070866142
20
0.8316332677165355
11
0.1436036220472441
21
0.8246062992125984
0
LINE
8
BLACK
6
CONTINUOUS
10
0.1436036220472441
20
0.8246062992125984
11
0.1472289763779528
21
0.8168316929133858
0
LINE
8
BLACK
6
CONTINUOUS
10
0.1472289763779528
20
0.8168316929133858
11
0.1494492125984252
21
0.8085456692913385
0
LINE
8
BLACK
6
CONTINUOUS
10
0.1494492125984252
20
0.8085456692913385
11
0.1501968503937008
21
0.7999999999999999
0
LINE
8
BLACK
6
CONTINUOUS
10
0.1501968503937008
20
0.7999999999999999
11
0.1494492125984252
21
0.7914543307086614
0
LINE
8
BLACK
6
CONTINUOUS
10
0.1494492125984252
20
0.7914543307086614
11
0.1472289763779528
21
0.7831683070866141
0
LINE
8
BLACK
6
CONTINUOUS
10
0.1472289763779528
20
0.7831683070866141
11
0.1436036220472441
21
0.7753937007874016
0
LINE
8
BLACK
6
CONTINUOUS
10
0.1436036220472441
20
0.7753937007874016
11
0.1386833070866142
21
0.7683667322834645
0
LINE
8
BLACK
6
CONTINUOUS
10
0.1386833070866142
20
0.7683667322834645
11
0.1326175196850394
21
0.7623009448818897
0
LINE
8
BLACK
6
CONTINUOUS
10
0.1326175196850394
20
0.7623009448818897
11
0.1255905511811024
21
0.7573806299212599
0
LINE
8
BLACK
6
CONTINUOUS
10
0.1255905511811024
20
0.7573806299212599
11
0.1178159448818898
21
0.7537552755905511
0
LINE
8
BLACK
6
CONTINUOUS
10
0.1178159448818898
20
0.7537552755905511
11
0.1095299212598425
21
0.7515350393700787
0
LINE
8
BLACK
6
CONTINUOUS
10
0.1095299212598425
20
0.7515350393700787
11
0.1009842519685039
21
0.7507874015748032
0
LINE
8
BLACK
6
CONTINUOUS
10
0.1009842519685039
20
0.7507874015748032
11
0.0924385826771654
21
0.7515350393700787
0
LINE
8
BLACK
6
CONTINUOUS
10
0.0924385826771654
20
0.7515350393700787
11
0.0841525590551181
21
0.7537552755905511
0
LINE
8
BLACK
6
CONTINUOUS
10
0.0841525590551181
20
0.7537552755905511
11
0.0763779527559055
21
0.7573806299212599
0
LINE
8
BLACK
6
CONTINUOUS
10
0.0763779527559055
20
0.7573806299212599
11
0.0693509842519685
21
0.7623009448818897
0
LINE
8
BLACK
6
CONTINUOUS
10
0.0693509842519685
20
0.7623009448818897
11
0.0632851968503937
21
0.7683667322834645
0
LINE
8
BLACK
6
CONTINUOUS
10
0.0632851968503937
20
0.7683667322834645
11
0.0583648818897638
21
0.7753937007874016
0
LINE
8
BLACK
6
CONTINUOUS
10
0.0583648818897638
20
0.7753937007874016
11
0.0547395275590551
21
0.7831683070866141
0
LINE
8
BLACK
6
CONTINUOUS
10
0.0547395275590551
20
0.7831683070866141
11
0.0525192913385827
21
0.7914543307086614
0
LINE
8
BLACK
6
CONTINUOUS
10
0.0525192913385827
20
0.7914543307086614
11
0.0517716535433071
21
0.7999999999999999
0
LINE
8
BLACK
6
CONTINUOUS
10
0.0517716535433071
20
0.7999999999999999
11
0.0525192913385827
21
0.8085456692913385
0
LINE
8
BLACK
6
CONTINUOUS
10
0.0525192913385827
20
0.8085456692913385
11
0.0547395275590551
21
0.8168316929133858
0
LINE
8
BLACK
6
CONTINUOUS
10
0.0547395275590551
20
0.8168316929133858
11
0.0583648818897638
21
0.8246062992125984
0
LINE
8
BLACK
6
CONTINUOUS
10
0.0583648818897638
20
0.8246062992125984
11
0.0632851968503937
21
0.8316332677165355
0
LINE
8
BLACK
6
CONTINUOUS
10
0.0632851968503937
20
0.8316332677165355
11
0.0693509842519685
21
0.8376990551181103
0
LINE
8
BLACK
6
CONTINUOUS
10
0.0693509842519685
20
0.8376990551181103
11
0.0763779527559055
21
0.8426193700787401
0
LINE
8
BLACK
6
CONTINUOUS
10
0.0763779527559055
20
0.8426193700787401
11
0.0841525590551181
21
0.8462447244094488
0
LINE
8
BLACK
6
CONTINUOUS
10
0.0841525590551181
20
0.8462447244094488
11
0.0924385826771654
21
0.8484649606299213
0
LINE
8
BLACK
6
CONTINUOUS
10
0.0924385826771654
20
0.8484649606299213
11
0.1009842519685039
21
0.8492125984251968
0
LINE
8
BLACK
6
CONTINUOUS
10
0.1009842519685039
20
0.8492125984251968
11
0.1095299212598425
21
0.8484649606299213
0
LINE
8
BLACK
6
CONTINUOUS
10
0.11
20
1.2067033070866142
11
0.1380367322834646
21
1.1786665748031495
0
LINE
8
BLACK
6
CONTINUOUS
10
0.1380367322834646
20
1.1786665748031495
11
0.1382817716535433
21
1.1783714566929133
0
LINE
8
BLACK
6
CONTINUOUS
10
0.1382817716535433
20
1.1783714566929133
11
0.1384135433070866
21
1.1782719685039369
0
LINE
8
BLACK
6
CONTINUOUS
10
0.1384135433070866
20
1.1782719685039369
11
0.1385575590551181
21
1.1780393307086614
0
LINE
8
BLACK
6
CONTINUOUS
10
0.1385575590551181
20
1.1780393307086614
11
0.1394291338582677
21
1.1769897637795275
0
LINE
8
BLACK
6
CONTINUOUS
10
0.1394291338582677
20
1.1769897637795275
11
0.1399802362204724
21
1.1757416141732284
0
LINE
8
BLACK
6
CONTINUOUS
10
0.1399802362204724
20
1.1757416141732284
11
0.1406985433070866
21
1.1745815354330709
0
LINE
8
BLACK
6
CONTINUOUS
10
0.1406985433070866
20
1.1745815354330709
11
0.1408498031496063
21
1.1737722440944882
0
LINE
8
BLACK
6
CONTINUOUS
10
0.1408498031496063
20
1.1737722440944882
11
0.1411824015748031
21
1.1730190551181101
0
LINE
8
BLACK
6
CONTINUOUS
10
0.1411824015748031
20
1.1730190551181101
11
0.1412453937007874
21
1.1716560236220472
0
LINE
8
BLACK
6
CONTINUOUS
10
0.1412453937007874
20
1.1716560236220472
11
0.1414961023622047
21
1.1703149212598425
0
LINE
8
BLACK
6
CONTINUOUS
10
0.1414961023622047
20
1.1703149212598425
11
0.1414961023622047
21
1.0258126377952757
0
LINE
8
BLACK
6
CONTINUOUS
10
0.1414961023622047
20
1.0258126377952757
11
0.1436044881889764
21
1.0242343307086614
0
LINE
8
BLACK
6
CONTINUOUS
10
0.1436044881889764
20
1.0242343307086614
11
0.248153779527559
21
0.9196850393700787
0
LINE
8
BLACK
6
CONTINUOUS
10
0.248153779527559
20
0.9196850393700787
11
1.0900000000000001
21
0.9196850393700787
0
LINE
8
BLACK
6
CONTINUOUS
10
1.0900000000000001
20
0.9196850393700787
11
1.0955459055118111
21
0.9188876377952756
0
LINE
8
BLACK
6
CONTINUOUS
10
1.0955459055118111
20
0.9188876377952756
11
1.1006425196850393
21
0.9165601181102362
0
LINE
8
BLACK
6
CONTINUOUS
10
1.1006425196850393
20
0.9165601181102362
11
1.104876968503937
21
0.9128909448818897
0
LINE
8
BLACK
6
CONTINUOUS
10
1.104876968503937
20
0.9128909448818897
11
1.1079061417322835
21
0.9081774803149606
0
LINE
8
BLACK
6
CONTINUOUS
10
1.1079061417322835
20
0.9081774803149606
11
1.10948468503937
21
0.9028014566929133
0
LINE
8
BLACK
6
CONTINUOUS
10
1.10948468503937
20
0.9028014566929133
11
1.10948468503937
21
0.8971985433070866
0
LINE
8
BLACK
6
CONTINUOUS
10
1.10948468503937
20
0.8971985433070866
11
1.1079061417322835
21
0.8918225196850393
0
LINE
8
BLACK
6
CONTINUOUS
10
1.1079061417322835
20
0.8918225196850393
11
1.104876968503937
21
0.8871090551181102
0
LINE
8
BLACK
6
CONTINUOUS
10
1.104876968503937
20
0.8871090551181102
11
1.1006425196850393
21
0.8834398818897637
0
LINE
8
BLACK
6
CONTINUOUS
10
1.1006425196850393
20
0.8834398818897637
11
1.0955459055118111
21
0.8811123622047244
0
LINE
8
BLACK
6
CONTINUOUS
10
1.0955459055118111
20
0.8811123622047244
11
1.0900000000000001
21
0.8803149606299212
0
LINE
8
BLACK
6
CONTINUOUS
10
1.0900000000000001
20
0.8803149606299212
11
0.24
21
0.8803149606299212
0
LINE
8
BLACK
6
CONTINUOUS
10
0.24
20
0.8803149606299212
11
0.2379157874015748
21
0.8806146062992126
0
LINE
8
BLACK
6
CONTINUOUS
10
0.2379157874015748
20
0.8806146062992126
11
0.2358156299212598
21
0.880764842519685
0
LINE
8
BLACK
6
CONTINUOUS
10
0.2358156299212598
20
0.880764842519685
11
0.2351535039370079
21
0.8810117716535433
0
LINE
8
BLACK
6
CONTINUOUS
10
0.2351535039370079
20
0.8810117716535433
11
0.234454094488189
21
0.8811123622047244
0
LINE
8
BLACK
6
CONTINUOUS
10
0.234454094488189
20
0.8811123622047244
11
0.2325387007874016
21
0.8819870472440945
0
LINE
8
BLACK
6
CONTINUOUS
10
0.2325387007874016
20
0.8819870472440945
11
0.2305659842519685
21
0.882722874015748
0
LINE
8
BLACK
6
CONTINUOUS
10
0.2305659842519685
20
0.882722874015748
11
0.2300003543307086
21
0.8831462598425197
0
LINE
8
BLACK
6
CONTINUOUS
10
0.2300003543307086
20
0.8831462598425197
11
0.2293574803149606
21
0.8834398818897637
0
LINE
8
BLACK
6
CONTINUOUS
10
0.2293574803149606
20
0.8834398818897637
11
0.2277659448818898
21
0.8848188976377953
0
LINE
8
BLACK
6
CONTINUOUS
10
0.2277659448818898
20
0.8848188976377953
11
0.2260805905511811
21
0.886080590551181
0
LINE
8
BLACK
6
CONTINUOUS
10
0.2260805905511811
20
0.886080590551181
11
0.1157656692913386
21
0.9963955118110236
0
LINE
8
BLACK
6
CONTINUOUS
10
0.1157656692913386
20
0.9963955118110236
11
0.1124079527559055
21
1.0008809055118111
0
LINE
8
BLACK
6
CONTINUOUS
10
0.1124079527559055
20
1.0008809055118111
11
0.1104499212598425
21
1.0061305511811023
0
LINE
8
BLACK
6
CONTINUOUS
10
0.1104499212598425
20
1.0061305511811023
11
0.1100501968503937
21
1.0117192519685039
0
LINE
8
BLACK
6
CONTINUOUS
10
0.1100501968503937
20
1.0117192519685039
11
0.1112411811023622
21
1.0171941338582677
0
LINE
8
BLACK
6
CONTINUOUS
10
0.1112411811023622
20
1.0171941338582677
11
0.1139263779527559
21
1.0221117322834645
0
LINE
8
BLACK
6
CONTINUOUS
10
0.1139263779527559
20
1.0221117322834645
11
0.1178740551181102
21
1.0260594094488189
0
LINE
8
BLACK
6
CONTINUOUS
10
0.1178740551181102
20
1.0260594094488189
11
0.1178740551181102
21
1.1654226377952757
0
LINE
8
BLACK
6
CONTINUOUS
10
0.1178740551181102
20
1.1654226377952757
11
0.0932966929133858
21
1.1899999999999999
0
LINE
8
BLACK
6
CONTINUOUS
10
0.0932966929133858
20
1.1899999999999999
11
0.05
21
1.1899999999999999
0
LINE
8
BLACK
6
CONTINUOUS
10
0.05
20
1.1899999999999999
11
0.05
21
1.25
0
LINE
8
BLACK
6
CONTINUOUS
10
0.05
20
1.25
11
0.11
21
1.25
0
LINE
8
BLACK
6
CONTINUOUS
10
0.11
20
1.25
11
0.11
21
1.2067033070866142
0
LINE
8
BLACK
6
CONTINUOUS
10
0.11
20
1.0900000000000001
11
0.05
21
1.0900000000000001
0
LINE
8
BLACK
6
CONTINUOUS
10
0.05
20
1.0900000000000001
11
0.05
21
1.1499999999999999
0
LINE
8
BLACK
6
CONTINUOUS
10
0.05
20
1.1499999999999999
11
0.11
21
1.1499999999999999
0
LINE
8
BLACK
6
CONTINUOUS
10
0.11
20
1.1499999999999999
11
0.11
21
1.0900000000000001
0
LINE
8
BLACK
6
CONTINUOUS
10
0.21
20
1.0900000000000001
11
0.15
21
1.0900000000000001
0
LINE
8
BLACK
6
CONTINUOUS
10
0.15
20
1.0900000000000001
11
0.15
21
1.1499999999999999
0
LINE
8
BLACK
6
CONTINUOUS
10
0.15
20
1.1499999999999999
11
0.21
21
1.1499999999999999
0
LINE
8
BLACK
6
CONTINUOUS
10
0.21
20
1.1499999999999999
11
0.21
21
1.0900000000000001
0
LINE
8
BLACK
6
CONTINUOUS
10
0.31
20
1.0900000000000001
11
0.25
21
1.0900000000000001
0
LINE
8
BLACK
6
CONTINUOUS
10
0.25
20
1.0900000000000001
11
0.25
21
1.1499999999999999
0
LINE
8
BLACK
6
CONTINUOUS
10
0.25
20
1.1499999999999999
11
0.31
21
1.1499999999999999
0
LINE
8
BLACK
6
CONTINUOUS
10
0.31
20
1.1499999999999999
11
0.31
21
1.0900000000000001
0
LINE
8
BLACK
6
CONTINUOUS
10
0.21
20
1.1899999999999999
11
0.15
21
1.1899999999999999
0
LINE
8
BLACK
6
CONTINUOUS
10
0.15
20
1.1899999999999999
11
0.15
21
1.25
0
LINE
8
BLACK
6
CONTINUOUS
10
0.15
20
1.25
11
0.21
21
1.25
0
LINE
8
BLACK
6
CONTINUOUS
10
0.21
20
1.25
11
0.21
21
1.1899999999999999
0
LINE
8
BLACK
6
CONTINUOUS
10
0.31
20
1.1899999999999999
11
0.25
21
1.1899999999999999
0
LINE
8
BLACK
6
CONTINUOUS
10
0.25
20
1.1899999999999999
11
0.25
21
1.25
0
LINE
8
BLACK
6
CONTINUOUS
10
0.25
20
1.25
11
0.31
21
1.25
0
LINE
8
BLACK
6
CONTINUOUS
10
0.31
20
1.25
11
0.31
21
1.1899999999999999
0
CIRCLE
8
BLACK
10
0.08
20
1.22
40
0.0068897637795276
0
CIRCLE
8
BLACK
10
0.08
20
1.1199999999999999
40
0.0068897637795276
0
CIRCLE
8
BLACK
10
0.18
20
1.22
40
0.0068897637795276
0
CIRCLE
8
BLACK
10
0.18
20
1.1199999999999999
40
0.0068897637795276
0
CIRCLE
8
BLACK
10
0.28
20
1.22
40
0.0068897637795276
0
CIRCLE
8
BLACK
10
0.28
20
1.1199999999999999
40
0.0068897637795276
0
CIRCLE
8
BLACK
10
1.3490157480314959
20
0.7999999999999999
40
0.0068897637795276
0
CIRCLE
8
BLACK
10
0.1009842519685039
20
0.7999999999999999
40
0.0068897637795276
0
CIRCLE
8
BLACK
10
1.675
20
0.9
40
0.0068897637795276
0
CIRCLE
8
BLACK
10
1.675
20
0.7031496062992126
40
0.0068897637795276
0
CIRCLE
8
BLACK
10
2.1999999999999997
20
1.3999999999999999
40
0.0068897637795276
0
CIRCLE
8
BLACK
10
0.2
20
0.2
40
0.0068897637795276
0
CIRCLE
8
BLACK
10
0.2
20
1.3999999999999999
40
0.0068897637795276
0
CIRCLE
8
BLACK
10
2.1999999999999997
20
0.2
40
0.0068897637795276
0
CIRCLE
8
BLACK
10
2.2749999999999999
20
1.125
40
0.0068897637795276
0
CIRCLE
8
BLACK
10
2.1749999999999998
20
1.125
40
0.0068897637795276
0
CIRCLE
8
BLACK
10
2.0749999999999997
20
1.125
40
0.0068897637795276
0
CIRCLE
8
BLACK
10
2.2749999999999999
20
0.9
40
0.0068897637795276
0
CIRCLE
8
BLACK
10
2.1749999999999998
20
0.9
40
0.0068897637795276
0
CIRCLE
8
BLACK
10
2.0749999999999997
20
0.9
40
0.0068897637795276
0
CIRCLE
8
BLACK
10
2.2749999999999999
20
0.6749999999999999
40
0.0068897637795276
0
CIRCLE
8
BLACK
10
2.1749999999999998
20
0.6749999999999999
40
0.0068897637795276
0
CIRCLE
8
BLACK
10
2.0749999999999997
20
0.6749999999999999
40
0.0068897637795276
0
CIRCLE
8
BLACK
10
2.2749999999999999
20
0.45
40
0.0068897637795276
0
CIRCLE
8
BLACK
10
2.1749999999999998
20
0.45
40
0.0068897637795276
0
CIRCLE
8
BLACK
10
2.0749999999999997
20
0.45
40
0.0068897637795276
0
CIRCLE
8
BLACK
10
1.6740157480314961
20
1.325
40
0.0068897637795276
0
CIRCLE
8
BLACK
10
0.4259842519685039
20
1.325
40
0.0068897637795276
0
CIRCLE
8
BLACK
10
0.4259842519685039
20
0.275
40
0.0068897637795276
0
CIRCLE
8
BLACK
10
1.6740157480314961
20
0.275
40
0.0068897637795276
0
CIRCLE
8
BLACK
10
1.825
20
0.5
40
0.0068897637795276
0
CIRCLE
8
BLACK
10
1.825
20
0.4
40
0.0068897637795276
0
CIRCLE
8
BLACK
10
1.825
20
0.2
40
0.0068897637795276
0
CIRCLE
8
BLACK
10
1.925
20
0.2
40
0.0068897637795276
0
CIRCLE
8
BLACK
10
1.825
20
0.1
40
0.0068897637795276
0
CIRCLE
8
BLACK
10
1.925
20
0.1
40
0.0068897637795276
0
CIRCLE
8
BLACK
10
1.825
20
1.3
40
0.0068897637795276
0
CIRCLE
8
BLACK
10
1.925
20
1.3
40
0.0068897637795276
0
CIRCLE
8
BLACK
10
1.825
20
1.3999999999999999
40
0.0068897637795276
0
CIRCLE
8
BLACK
10
1.925
20
1.3999999999999999
40
0.0068897637795276
0
CIRCLE
8
BLACK
10
1.825
20
1.5
40
0.0068897637795276
0
CIRCLE
8
BLACK
10
1.925
20
1.5
40
0.0068897637795276
0
CIRCLE
8
BLACK
10
2.2250000000000001
20
0.825
40
0.0078740157480315
0
CIRCLE
8
BLACK
10
1.95
20
0.85
40
0.0078740157480315
0
CIRCLE
8
BLACK
10
1.0900000000000001
20
0.9
40
0.0078740157480315
  0
ENDSEC
  0
EOF
