  0
SECTION
  2
HEADER
  9
$ANGBASE
  50
0.0
  9
$ANGDIR
  70
1
  9
$MEASUREMENT
  70
0
  0
ENDSEC
  0
SECTION
  2
TABLES
  0
TABLE
  2
LTYPE
  70
4
  0
LTYPE
  5
40F
  2
CONTINUOUS
  70
0
  3
Solid line
  72
65
  73
0
  40
0.0
  0
LTYPE
  5
410
  2
DASHDOT
 70
0
  3
Dash Dot ____ _ ____ _
 72
65
 73
4
 40
2.0
 49
1.25
 49
-0.25
 49
0.25
 49
-0.25
  0
LTYPE
  5
411
  2
DASHED
 70
0
  3
Dashed __ __ __ __ __
 72
65
 73
2
 40
0.75
 49
0.5
 49
-0.25
  0
LTYPE
  5
43B
  2
DOTTED
 70
0
  3
Dotted .  .  .  .
 72
65
 73
2
 40
0.2
 49
0.0
 49
-0.2
  0
ENDTAB
  0
TABLE
  2
STYLE
  70
4
  0
STYLE
  2
KICAD
  70
0
  40
0
  41
1
  42
1
  50
0
  71
0
  3
isocp.shx
  0
STYLE
  2
KICADB
  70
0
  40
0
  41
1
  42
1
  50
0
  71
0
  3
isocp.shx
  0
STYLE
  2
KICADI
  70
0
  40
0
  41
1
  42
1
  50
15
  71
0
  3
isocp.shx
  0
STYLE
  2
KICADBI
  70
0
  40
0
  41
1
  42
1
  50
15
  71
0
  3
isocp.shx
  0
ENDTAB
  0
TABLE
  2
LAYER
  70
1
  0
LAYER
  2
BLACK
  70
0
  62
7
  6
CONTINUOUS
  0
ENDTAB
  0
ENDSEC
  0
SECTION
  2
ENTITIES
0
LINE
8
BLACK
6
CONTINUOUS
10
0.9414613385826771
20
0.3002384645669292
11
0.9415965748031496
21
0.3001249606299213
0
LINE
8
BLACK
6
CONTINUOUS
10
0.9415965748031496
20
0.3001249606299213
11
0.9417719291338582
21
0.3001048031496063
0
LINE
8
BLACK
6
CONTINUOUS
10
0.9417719291338582
20
0.3001048031496063
11
0.9455214566929133
21
0.2982300393700787
0
LINE
8
BLACK
6
CONTINUOUS
10
0.9455214566929133
20
0.2982300393700787
11
0.9462305118110236
21
0.297704094488189
0
LINE
8
BLACK
6
CONTINUOUS
10
0.9462305118110236
20
0.297704094488189
11
0.9462888582677165
21
0.2976769291338582
0
LINE
8
BLACK
6
CONTINUOUS
10
0.9462888582677165
20
0.2976769291338582
11
0.948163622047244
21
0.2958021653543307
0
LINE
8
BLACK
6
CONTINUOUS
10
0.948163622047244
20
0.2958021653543307
11
0.9486698818897638
21
0.2950790551181102
0
LINE
8
BLACK
6
CONTINUOUS
10
0.9486698818897638
20
0.2950790551181102
11
0.9487167322834645
21
0.2950347637795275
0
LINE
8
BLACK
6
CONTINUOUS
10
0.9487167322834645
20
0.2950347637795275
11
0.9505914960629921
21
0.2912852362204724
0
LINE
8
BLACK
6
CONTINUOUS
10
0.9505914960629921
20
0.2912852362204724
11
0.9508838582677165
21
0.2903023228346457
0
LINE
8
BLACK
6
CONTINUOUS
10
0.9508838582677165
20
0.2903023228346457
11
0.9508428346456693
21
0.2901305905511811
0
LINE
8
BLACK
6
CONTINUOUS
10
0.9508428346456693
20
0.2901305905511811
11
0.9509032283464567
21
0.2899647244094488
0
LINE
8
BLACK
6
CONTINUOUS
10
0.9509032283464567
20
0.2899647244094488
11
0.9509032283464567
21
0.2862151968503937
0
LINE
8
BLACK
6
CONTINUOUS
10
0.9509032283464567
20
0.2862151968503937
11
0.9507251574803149
21
0.2852052755905512
0
LINE
8
BLACK
6
CONTINUOUS
10
0.9507251574803149
20
0.2852052755905512
11
0.950611653543307
21
0.28507
0
LINE
8
BLACK
6
CONTINUOUS
10
0.950611653543307
20
0.28507
11
0.9505914960629921
21
0.2848946850393701
0
LINE
8
BLACK
6
CONTINUOUS
10
0.9505914960629921
20
0.2848946850393701
11
0.9487167322834645
21
0.2811451574803149
0
LINE
8
BLACK
6
CONTINUOUS
10
0.9487167322834645
20
0.2811451574803149
11
0.9481908267716536
21
0.280436062992126
0
LINE
8
BLACK
6
CONTINUOUS
10
0.9481908267716536
20
0.280436062992126
11
0.948163622047244
21
0.2803777559055118
0
LINE
8
BLACK
6
CONTINUOUS
10
0.948163622047244
20
0.2803777559055118
11
0.9472812598425197
21
0.2794953937007874
0
LINE
8
BLACK
6
CONTINUOUS
10
0.9472812598425197
20
0.2794953937007874
11
0.9479112204724409
21
0.2791543307086614
0
LINE
8
BLACK
6
CONTINUOUS
10
0.9479112204724409
20
0.2791543307086614
11
0.9480036220472441
21
0.2790038582677165
0
LINE
8
BLACK
6
CONTINUOUS
10
0.9480036220472441
20
0.2790038582677165
11
0.948163622047244
21
0.2789292913385827
0
LINE
8
BLACK
6
CONTINUOUS
10
0.948163622047244
20
0.2789292913385827
11
0.9500383858267716
21
0.2770545275590551
0
LINE
8
BLACK
6
CONTINUOUS
10
0.9500383858267716
20
0.2770545275590551
11
0.9505446456692913
21
0.2763314173228346
0
LINE
8
BLACK
6
CONTINUOUS
10
0.9505446456692913
20
0.2763314173228346
11
0.9505914960629921
21
0.276287125984252
0
LINE
8
BLACK
6
CONTINUOUS
10
0.9505914960629921
20
0.276287125984252
11
0.9524662598425196
21
0.2725375984251969
0
LINE
8
BLACK
6
CONTINUOUS
10
0.9524662598425196
20
0.2725375984251969
11
0.952758622047244
21
0.2715546850393701
0
LINE
8
BLACK
6
CONTINUOUS
10
0.952758622047244
20
0.2715546850393701
11
0.9527175984251969
21
0.2713829527559055
0
LINE
8
BLACK
6
CONTINUOUS
10
0.9527175984251969
20
0.2713829527559055
11
0.9527779921259842
21
0.2712170866141732
0
LINE
8
BLACK
6
CONTINUOUS
10
0.9527779921259842
20
0.2712170866141732
11
0.9527779921259842
21
0.2655927952755905
0
LINE
8
BLACK
6
CONTINUOUS
10
0.9527779921259842
20
0.2655927952755905
11
0.9525999212598425
21
0.264582874015748
0
LINE
8
BLACK
6
CONTINUOUS
10
0.9525999212598425
20
0.264582874015748
11
0.9524864173228347
21
0.2644475984251968
0
LINE
8
BLACK
6
CONTINUOUS
10
0.9524864173228347
20
0.2644475984251968
11
0.9524662598425196
21
0.2642722834645669
0
LINE
8
BLACK
6
CONTINUOUS
10
0.9524662598425196
20
0.2642722834645669
11
0.9505914960629921
21
0.2605227559055118
0
LINE
8
BLACK
6
CONTINUOUS
10
0.9505914960629921
20
0.2605227559055118
11
0.9500655905511811
21
0.2598136614173228
0
LINE
8
BLACK
6
CONTINUOUS
10
0.9500655905511811
20
0.2598136614173228
11
0.9500383858267716
21
0.2597553543307087
0
LINE
8
BLACK
6
CONTINUOUS
10
0.9500383858267716
20
0.2597553543307087
11
0.948163622047244
21
0.2578805905511811
0
LINE
8
BLACK
6
CONTINUOUS
10
0.948163622047244
20
0.2578805905511811
11
0.9474406299212598
21
0.2573743700787401
0
LINE
8
BLACK
6
CONTINUOUS
10
0.9474406299212598
20
0.2573743700787401
11
0.9473962598425196
21
0.2573274803149606
0
LINE
8
BLACK
6
CONTINUOUS
10
0.9473962598425196
20
0.2573274803149606
11
0.9436467322834645
21
0.2554526771653543
0
LINE
8
BLACK
6
CONTINUOUS
10
0.9436467322834645
20
0.2554526771653543
11
0.9426637795275591
21
0.2551603149606299
0
LINE
8
BLACK
6
CONTINUOUS
10
0.9426637795275591
20
0.2551603149606299
11
0.9424920472440945
21
0.2552012992125984
0
LINE
8
BLACK
6
CONTINUOUS
10
0.9424920472440945
20
0.2552012992125984
11
0.9423261811023622
21
0.2551409448818898
0
LINE
8
BLACK
6
CONTINUOUS
10
0.9423261811023622
20
0.2551409448818898
11
0.9273280708661417
21
0.2551409448818898
0
LINE
8
BLACK
6
CONTINUOUS
10
0.9273280708661417
20
0.2551409448818898
11
0.9269445275590551
21
0.2552085433070866
0
LINE
8
BLACK
6
CONTINUOUS
10
0.9269445275590551
20
0.2552085433070866
11
0.9268153149606299
21
0.2551857874015748
0
LINE
8
BLACK
6
CONTINUOUS
10
0.9268153149606299
20
0.2551857874015748
11
0.9267016929133858
21
0.2552513779527559
0
LINE
8
BLACK
6
CONTINUOUS
10
0.9267016929133858
20
0.2552513779527559
11
0.9263181496062992
21
0.2553190157480315
0
LINE
8
BLACK
6
CONTINUOUS
10
0.9263181496062992
20
0.2553190157480315
11
0.9257304330708661
21
0.255812125984252
0
LINE
8
BLACK
6
CONTINUOUS
10
0.9257304330708661
20
0.255812125984252
11
0.9250661417322834
21
0.2561957086614173
0
LINE
8
BLACK
6
CONTINUOUS
10
0.9250661417322834
20
0.2561957086614173
11
0.924975
21
0.2564460236220472
0
LINE
8
BLACK
6
CONTINUOUS
10
0.924975
20
0.2564460236220472
11
0.924770905511811
21
0.2566173228346457
0
LINE
8
BLACK
6
CONTINUOUS
10
0.924770905511811
20
0.2566173228346457
11
0.9246376377952755
21
0.257372874015748
0
LINE
8
BLACK
6
CONTINUOUS
10
0.9246376377952755
20
0.257372874015748
11
0.9243753149606299
21
0.2580937007874016
0
LINE
8
BLACK
6
CONTINUOUS
10
0.9243753149606299
20
0.2580937007874016
11
0.9243753149606299
21
0.297463779527559
0
LINE
8
BLACK
6
CONTINUOUS
10
0.9243753149606299
20
0.297463779527559
11
0.9244429133858267
21
0.2978472834645669
0
LINE
8
BLACK
6
CONTINUOUS
10
0.9244429133858267
20
0.2978472834645669
11
0.9244201574803149
21
0.2979765354330708
0
LINE
8
BLACK
6
CONTINUOUS
10
0.9244201574803149
20
0.2979765354330708
11
0.9244857480314961
21
0.2980901181102362
0
LINE
8
BLACK
6
CONTINUOUS
10
0.9244857480314961
20
0.2980901181102362
11
0.9245533858267716
21
0.2984737007874015
0
LINE
8
BLACK
6
CONTINUOUS
10
0.9245533858267716
20
0.2984737007874015
11
0.9250464960629921
21
0.2990613779527559
0
LINE
8
BLACK
6
CONTINUOUS
10
0.9250464960629921
20
0.2990613779527559
11
0.9254300787401575
21
0.2997257086614173
0
LINE
8
BLACK
6
CONTINUOUS
10
0.9254300787401575
20
0.2997257086614173
11
0.9256803937007874
21
0.2998168110236221
0
LINE
8
BLACK
6
CONTINUOUS
10
0.9256803937007874
20
0.2998168110236221
11
0.9258516929133858
21
0.3000209448818897
0
LINE
8
BLACK
6
CONTINUOUS
10
0.9258516929133858
20
0.3000209448818897
11
0.9266072440944881
21
0.3001541732283465
0
LINE
8
BLACK
6
CONTINUOUS
10
0.9266072440944881
20
0.3001541732283465
11
0.9273280708661417
21
0.3004165354330708
0
LINE
8
BLACK
6
CONTINUOUS
10
0.9273280708661417
20
0.3004165354330708
11
0.9404514173228347
21
0.3004165354330708
0
LINE
8
BLACK
6
CONTINUOUS
10
0.9404514173228347
20
0.3004165354330708
11
0.9414613385826771
21
0.3002384645669292
0
LINE
8
BLACK
6
CONTINUOUS
10
0.9302808267716535
20
0.2610464566929134
11
0.941629094488189
21
0.2610464566929134
0
LINE
8
BLACK
6
CONTINUOUS
10
0.941629094488189
20
0.2610464566929134
11
0.9443265748031496
21
0.2623951968503937
0
LINE
8
BLACK
6
CONTINUOUS
10
0.9443265748031496
20
0.2623951968503937
11
0.9455237401574803
21
0.2635923622047244
0
LINE
8
BLACK
6
CONTINUOUS
10
0.9455237401574803
20
0.2635923622047244
11
0.9468724803149606
21
0.266289842519685
0
LINE
8
BLACK
6
CONTINUOUS
10
0.9468724803149606
20
0.266289842519685
11
0.9468724803149606
21
0.2705200393700787
0
LINE
8
BLACK
6
CONTINUOUS
10
0.9468724803149606
20
0.2705200393700787
11
0.9455237401574803
21
0.2732175196850394
0
LINE
8
BLACK
6
CONTINUOUS
10
0.9455237401574803
20
0.2732175196850394
11
0.9444806692913386
21
0.2742605511811024
0
LINE
8
BLACK
6
CONTINUOUS
10
0.9444806692913386
20
0.2742605511811024
11
0.939972283464567
21
0.2757633858267716
0
LINE
8
BLACK
6
CONTINUOUS
10
0.939972283464567
20
0.2757633858267716
11
0.9302808267716535
21
0.2757633858267716
0
LINE
8
BLACK
6
CONTINUOUS
10
0.9302808267716535
20
0.2757633858267716
11
0.9302808267716535
21
0.2610464566929134
0
LINE
8
BLACK
6
CONTINUOUS
10
0.9302808267716535
20
0.2816688976377953
11
0.9397543700787402
21
0.2816688976377953
0
LINE
8
BLACK
6
CONTINUOUS
10
0.9397543700787402
20
0.2816688976377953
11
0.9424518503937007
21
0.2830176377952756
0
LINE
8
BLACK
6
CONTINUOUS
10
0.9424518503937007
20
0.2830176377952756
11
0.9436489763779528
21
0.2842147637795275
0
LINE
8
BLACK
6
CONTINUOUS
10
0.9436489763779528
20
0.2842147637795275
11
0.9449977165354331
21
0.2869122440944882
0
LINE
8
BLACK
6
CONTINUOUS
10
0.9449977165354331
20
0.2869122440944882
11
0.9449977165354331
21
0.2892676771653543
0
LINE
8
BLACK
6
CONTINUOUS
10
0.9449977165354331
20
0.2892676771653543
11
0.9436489763779528
21
0.2919651574803149
0
LINE
8
BLACK
6
CONTINUOUS
10
0.9436489763779528
20
0.2919651574803149
11
0.9424518503937007
21
0.2931622834645669
0
LINE
8
BLACK
6
CONTINUOUS
10
0.9424518503937007
20
0.2931622834645669
11
0.9397543700787402
21
0.2945110236220472
0
LINE
8
BLACK
6
CONTINUOUS
10
0.9397543700787402
20
0.2945110236220472
11
0.9302808267716535
21
0.2945110236220472
0
LINE
8
BLACK
6
CONTINUOUS
10
0.9302808267716535
20
0.2945110236220472
11
0.9302808267716535
21
0.2816688976377953
0
LINE
8
BLACK
6
CONTINUOUS
10
1.0220762598425197
20
0.3002384645669292
11
1.022211496062992
21
0.3001249606299213
0
LINE
8
BLACK
6
CONTINUOUS
10
1.022211496062992
20
0.3001249606299213
11
1.0223868503937008
21
0.3001048031496063
0
LINE
8
BLACK
6
CONTINUOUS
10
1.0223868503937008
20
0.3001048031496063
11
1.0261363779527559
21
0.2982300393700787
0
LINE
8
BLACK
6
CONTINUOUS
10
1.0261363779527559
20
0.2982300393700787
11
1.0268454330708661
21
0.297704094488189
0
LINE
8
BLACK
6
CONTINUOUS
10
1.0268454330708661
20
0.297704094488189
11
1.0269037795275591
21
0.2976769291338582
0
LINE
8
BLACK
6
CONTINUOUS
10
1.0269037795275591
20
0.2976769291338582
11
1.0287785433070866
21
0.2958021653543307
0
LINE
8
BLACK
6
CONTINUOUS
10
1.0287785433070866
20
0.2958021653543307
11
1.0292848031496062
21
0.2950790551181102
0
LINE
8
BLACK
6
CONTINUOUS
10
1.0292848031496062
20
0.2950790551181102
11
1.029331653543307
21
0.2950347637795275
0
LINE
8
BLACK
6
CONTINUOUS
10
1.029331653543307
20
0.2950347637795275
11
1.0312064173228346
21
0.2912852362204724
0
LINE
8
BLACK
6
CONTINUOUS
10
1.0312064173228346
20
0.2912852362204724
11
1.031498779527559
21
0.2903023228346457
0
LINE
8
BLACK
6
CONTINUOUS
10
1.031498779527559
20
0.2903023228346457
11
1.0314577559055118
21
0.2901305905511811
0
LINE
8
BLACK
6
CONTINUOUS
10
1.0314577559055118
20
0.2901305905511811
11
1.0315181496062993
21
0.2899647244094488
0
LINE
8
BLACK
6
CONTINUOUS
10
1.0315181496062993
20
0.2899647244094488
11
1.0315181496062993
21
0.2862151968503937
0
LINE
8
BLACK
6
CONTINUOUS
10
1.0315181496062993
20
0.2862151968503937
11
1.0313648425196851
21
0.2853457874015748
0
LINE
8
BLACK
6
CONTINUOUS
10
1.0313648425196851
20
0.2853457874015748
11
1.0313666141732283
21
0.2852814173228346
0
LINE
8
BLACK
6
CONTINUOUS
10
1.0313666141732283
20
0.2852814173228346
11
1.0294918503937007
21
0.2796571653543307
0
LINE
8
BLACK
6
CONTINUOUS
10
1.0294918503937007
20
0.2796571653543307
11
1.0290035433070865
21
0.2787553937007874
0
LINE
8
BLACK
6
CONTINUOUS
10
1.0290035433070865
20
0.2787553937007874
11
1.0288531496062991
21
0.2786629921259842
0
LINE
8
BLACK
6
CONTINUOUS
10
1.0288531496062991
20
0.2786629921259842
11
1.0287785433070866
21
0.2785029921259842
0
LINE
8
BLACK
6
CONTINUOUS
10
1.0287785433070866
20
0.2785029921259842
11
1.0113220472440945
21
0.2610464566929134
0
LINE
8
BLACK
6
CONTINUOUS
10
1.0113220472440945
20
0.2610464566929134
11
1.0285653937007875
21
0.2610464566929134
0
LINE
8
BLACK
6
CONTINUOUS
10
1.0285653937007875
20
0.2610464566929134
11
1.0295753149606299
21
0.2608683858267716
0
LINE
8
BLACK
6
CONTINUOUS
10
1.0295753149606299
20
0.2608683858267716
11
1.0311225590551181
21
0.2595700787401575
0
LINE
8
BLACK
6
CONTINUOUS
10
1.0311225590551181
20
0.2595700787401575
11
1.0314733070866142
21
0.2575809448818898
0
LINE
8
BLACK
6
CONTINUOUS
10
1.0314733070866142
20
0.2575809448818898
11
1.0304633858267715
21
0.2558317716535433
0
LINE
8
BLACK
6
CONTINUOUS
10
1.0304633858267715
20
0.2558317716535433
11
1.0285653937007875
21
0.2551409448818898
0
LINE
8
BLACK
6
CONTINUOUS
10
1.0285653937007875
20
0.2551409448818898
11
1.004193464566929
21
0.2551409448818898
0
LINE
8
BLACK
6
CONTINUOUS
10
1.004193464566929
20
0.2551409448818898
11
1.0035587007874016
21
0.2552528346456693
0
LINE
8
BLACK
6
CONTINUOUS
10
1.0035587007874016
20
0.2552528346456693
11
1.003429251968504
21
0.2552415354330709
0
LINE
8
BLACK
6
CONTINUOUS
10
1.003429251968504
20
0.2552415354330709
11
1.0033640157480315
21
0.2552871653543307
0
LINE
8
BLACK
6
CONTINUOUS
10
1.0033640157480315
20
0.2552871653543307
11
1.0031835433070866
21
0.2553190157480315
0
LINE
8
BLACK
6
CONTINUOUS
10
1.0031835433070866
20
0.2553190157480315
11
1.0025026771653542
21
0.2558902755905512
0
LINE
8
BLACK
6
CONTINUOUS
10
1.0025026771653542
20
0.2558902755905512
11
1.0017746850393701
21
0.2564000787401575
0
LINE
8
BLACK
6
CONTINUOUS
10
1.0017746850393701
20
0.2564000787401575
11
1.0017397244094488
21
0.2565305118110236
0
LINE
8
BLACK
6
CONTINUOUS
10
1.0017397244094488
20
0.2565305118110236
11
1.0016362992125984
21
0.2566173228346457
0
LINE
8
BLACK
6
CONTINUOUS
10
1.0016362992125984
20
0.2566173228346457
11
1.0014819291338581
21
0.2574926377952756
0
LINE
8
BLACK
6
CONTINUOUS
10
1.0014819291338581
20
0.2574926377952756
11
1.0012519685039369
21
0.2583510236220473
0
LINE
8
BLACK
6
CONTINUOUS
10
1.0012519685039369
20
0.2583510236220473
11
1.0013090157480316
21
0.2584733464566929
0
LINE
8
BLACK
6
CONTINUOUS
10
1.0013090157480316
20
0.2584733464566929
11
1.0012855511811023
21
0.2586064566929134
0
LINE
8
BLACK
6
CONTINUOUS
10
1.0012855511811023
20
0.2586064566929134
11
1.001730157480315
21
0.2593765354330709
0
LINE
8
BLACK
6
CONTINUOUS
10
1.001730157480315
20
0.2593765354330709
11
1.0021055511811023
21
0.2601816141732283
0
LINE
8
BLACK
6
CONTINUOUS
10
1.0021055511811023
20
0.2601816141732283
11
1.0241098031496063
21
0.282185905511811
0
LINE
8
BLACK
6
CONTINUOUS
10
1.0241098031496063
20
0.282185905511811
11
1.0256126377952757
21
0.2866943307086614
0
LINE
8
BLACK
6
CONTINUOUS
10
1.0256126377952757
20
0.2866943307086614
11
1.0256126377952757
21
0.2892676771653543
0
LINE
8
BLACK
6
CONTINUOUS
10
1.0256126377952757
20
0.2892676771653543
11
1.0242638976377954
21
0.2919651574803149
0
LINE
8
BLACK
6
CONTINUOUS
10
1.0242638976377954
20
0.2919651574803149
11
1.0230667716535433
21
0.2931622834645669
0
LINE
8
BLACK
6
CONTINUOUS
10
1.0230667716535433
20
0.2931622834645669
11
1.0203692913385827
21
0.2945110236220472
0
LINE
8
BLACK
6
CONTINUOUS
10
1.0203692913385827
20
0.2945110236220472
11
1.0123895669291338
21
0.2945110236220472
0
LINE
8
BLACK
6
CONTINUOUS
10
1.0123895669291338
20
0.2945110236220472
11
1.0096920866141732
21
0.2931622834645669
0
LINE
8
BLACK
6
CONTINUOUS
10
1.0096920866141732
20
0.2931622834645669
11
1.0081561417322835
21
0.2916263385826772
0
LINE
8
BLACK
6
CONTINUOUS
10
1.0081561417322835
20
0.2916263385826772
11
1.0073161023622046
21
0.2910381496062992
0
LINE
8
BLACK
6
CONTINUOUS
10
1.0073161023622046
20
0.2910381496062992
11
1.0053040157480315
21
0.2908620866141732
0
LINE
8
BLACK
6
CONTINUOUS
10
1.0053040157480315
20
0.2908620866141732
11
1.0036494488188976
21
0.2920206299212598
0
LINE
8
BLACK
6
CONTINUOUS
10
1.0036494488188976
20
0.2920206299212598
11
1.0031267322834645
21
0.2939715748031496
0
LINE
8
BLACK
6
CONTINUOUS
10
1.0031267322834645
20
0.2939715748031496
11
1.0039803149606299
21
0.2958021653543307
0
LINE
8
BLACK
6
CONTINUOUS
10
1.0039803149606299
20
0.2958021653543307
11
1.0058550787401574
21
0.2976769291338582
0
LINE
8
BLACK
6
CONTINUOUS
10
1.0058550787401574
20
0.2976769291338582
11
1.0065781496062991
21
0.298183188976378
0
LINE
8
BLACK
6
CONTINUOUS
10
1.0065781496062991
20
0.298183188976378
11
1.0066224803149606
21
0.2982300393700787
0
LINE
8
BLACK
6
CONTINUOUS
10
1.0066224803149606
20
0.2982300393700787
11
1.0103720078740157
21
0.3001048031496063
0
LINE
8
BLACK
6
CONTINUOUS
10
1.0103720078740157
20
0.3001048031496063
11
1.0113549212598425
21
0.3003971653543307
0
LINE
8
BLACK
6
CONTINUOUS
10
1.0113549212598425
20
0.3003971653543307
11
1.0115266141732284
21
0.3003561417322835
0
LINE
8
BLACK
6
CONTINUOUS
10
1.0115266141732284
20
0.3003561417322835
11
1.0116925196850393
21
0.3004165354330708
0
LINE
8
BLACK
6
CONTINUOUS
10
1.0116925196850393
20
0.3004165354330708
11
1.021066338582677
21
0.3004165354330708
0
LINE
8
BLACK
6
CONTINUOUS
10
1.021066338582677
20
0.3004165354330708
11
1.0220762598425197
21
0.3002384645669292
0
LINE
8
BLACK
6
CONTINUOUS
10
1.066498031496063
20
0.3003394094488189
11
1.0666335433070866
21
0.3003604330708661
0
LINE
8
BLACK
6
CONTINUOUS
10
1.0666335433070866
20
0.3003604330708661
11
1.0667381889763778
21
0.3002970472440945
0
LINE
8
BLACK
6
CONTINUOUS
10
1.0667381889763778
20
0.3002970472440945
11
1.0670706299212598
21
0.3002384645669292
0
LINE
8
BLACK
6
CONTINUOUS
10
1.0670706299212598
20
0.3002384645669292
11
1.0676803937007873
21
0.2997267716535433
0
LINE
8
BLACK
6
CONTINUOUS
10
1.0676803937007873
20
0.2997267716535433
11
1.0683614566929134
21
0.2993145669291338
0
LINE
8
BLACK
6
CONTINUOUS
10
1.0683614566929134
20
0.2993145669291338
11
1.068437401574803
21
0.2990915354330709
0
LINE
8
BLACK
6
CONTINUOUS
10
1.068437401574803
20
0.2990915354330709
11
1.0686178740157479
21
0.2989401574803149
0
LINE
8
BLACK
6
CONTINUOUS
10
1.0686178740157479
20
0.2989401574803149
11
1.0687561023622048
21
0.2981561811023622
0
LINE
8
BLACK
6
CONTINUOUS
10
1.0687561023622048
20
0.2981561811023622
11
1.0690128346456693
21
0.2974026771653543
0
LINE
8
BLACK
6
CONTINUOUS
10
1.0690128346456693
20
0.2974026771653543
11
1.0689276771653544
21
0.297183031496063
0
LINE
8
BLACK
6
CONTINUOUS
10
1.0689276771653544
20
0.297183031496063
11
1.0689686220472441
21
0.2969510236220472
0
LINE
8
BLACK
6
CONTINUOUS
10
1.0689686220472441
20
0.2969510236220472
11
1.0685705118110236
21
0.2962615354330709
0
LINE
8
BLACK
6
CONTINUOUS
10
1.0685705118110236
20
0.2962615354330709
11
1.068282874015748
21
0.2955193700787401
0
LINE
8
BLACK
6
CONTINUOUS
10
1.068282874015748
20
0.2955193700787401
11
1.0593265354330708
21
0.2852835433070866
0
LINE
8
BLACK
6
CONTINUOUS
10
1.0593265354330708
20
0.2852835433070866
11
1.0595715748031496
21
0.2852403543307087
0
LINE
8
BLACK
6
CONTINUOUS
10
1.0595715748031496
20
0.2852403543307087
11
1.0597068110236221
21
0.2851268503937008
0
LINE
8
BLACK
6
CONTINUOUS
10
1.0597068110236221
20
0.2851268503937008
11
1.0598821653543307
21
0.2851066929133858
0
LINE
8
BLACK
6
CONTINUOUS
10
1.0598821653543307
20
0.2851066929133858
11
1.0636316929133858
21
0.2832319291338583
0
LINE
8
BLACK
6
CONTINUOUS
10
1.0636316929133858
20
0.2832319291338583
11
1.0643407480314961
21
0.2827059842519685
0
LINE
8
BLACK
6
CONTINUOUS
10
1.0643407480314961
20
0.2827059842519685
11
1.0643990944881889
21
0.2826788188976378
0
LINE
8
BLACK
6
CONTINUOUS
10
1.0643990944881889
20
0.2826788188976378
11
1.0662738582677165
21
0.2808040551181102
0
LINE
8
BLACK
6
CONTINUOUS
10
1.0662738582677165
20
0.2808040551181102
11
1.0667801181102361
21
0.2800809448818898
0
LINE
8
BLACK
6
CONTINUOUS
10
1.0667801181102361
20
0.2800809448818898
11
1.0668269685039369
21
0.2800366535433071
0
LINE
8
BLACK
6
CONTINUOUS
10
1.0668269685039369
20
0.2800366535433071
11
1.0687017322834644
21
0.276287125984252
0
LINE
8
BLACK
6
CONTINUOUS
10
1.0687017322834644
20
0.276287125984252
11
1.0689940944881891
21
0.2753042125984252
0
LINE
8
BLACK
6
CONTINUOUS
10
1.0689940944881891
20
0.2753042125984252
11
1.0689530708661417
21
0.2751324803149606
0
LINE
8
BLACK
6
CONTINUOUS
10
1.0689530708661417
20
0.2751324803149606
11
1.0690134645669291
21
0.2749666141732283
0
LINE
8
BLACK
6
CONTINUOUS
10
1.0690134645669291
20
0.2749666141732283
11
1.0690134645669291
21
0.2655927952755905
0
LINE
8
BLACK
6
CONTINUOUS
10
1.0690134645669291
20
0.2655927952755905
11
1.0688353937007873
21
0.264582874015748
0
LINE
8
BLACK
6
CONTINUOUS
10
1.0688353937007873
20
0.264582874015748
11
1.0687218897637796
21
0.2644475984251968
0
LINE
8
BLACK
6
CONTINUOUS
10
1.0687218897637796
20
0.2644475984251968
11
1.0687017322834644
21
0.2642722834645669
0
LINE
8
BLACK
6
CONTINUOUS
10
1.0687017322834644
20
0.2642722834645669
11
1.0668269685039369
21
0.2605227559055118
0
LINE
8
BLACK
6
CONTINUOUS
10
1.0668269685039369
20
0.2605227559055118
11
1.0663010629921259
21
0.2598136614173228
0
LINE
8
BLACK
6
CONTINUOUS
10
1.0663010629921259
20
0.2598136614173228
11
1.0662738582677165
21
0.2597553543307087
0
LINE
8
BLACK
6
CONTINUOUS
10
1.0662738582677165
20
0.2597553543307087
11
1.0643990944881889
21
0.2578805905511811
0
LINE
8
BLACK
6
CONTINUOUS
10
1.0643990944881889
20
0.2578805905511811
11
1.0636761023622048
21
0.2573743700787401
0
LINE
8
BLACK
6
CONTINUOUS
10
1.0636761023622048
20
0.2573743700787401
11
1.0636317322834645
21
0.2573274803149606
0
LINE
8
BLACK
6
CONTINUOUS
10
1.0636317322834645
20
0.2573274803149606
11
1.0598822047244094
21
0.2554526771653543
0
LINE
8
BLACK
6
CONTINUOUS
10
1.0598822047244094
20
0.2554526771653543
11
1.0588992519685039
21
0.2551603149606299
0
LINE
8
BLACK
6
CONTINUOUS
10
1.0588992519685039
20
0.2551603149606299
11
1.0587275196850394
21
0.2552012992125984
0
LINE
8
BLACK
6
CONTINUOUS
10
1.0587275196850394
20
0.2552012992125984
11
1.0585616535433071
21
0.2551409448818898
0
LINE
8
BLACK
6
CONTINUOUS
10
1.0585616535433071
20
0.2551409448818898
11
1.0473130708661418
21
0.2551409448818898
0
LINE
8
BLACK
6
CONTINUOUS
10
1.0473130708661418
20
0.2551409448818898
11
1.0463031496062991
21
0.2553190157480315
0
LINE
8
BLACK
6
CONTINUOUS
10
1.0463031496062991
20
0.2553190157480315
11
1.0461678740157481
21
0.2554324803149606
0
LINE
8
BLACK
6
CONTINUOUS
10
1.0461678740157481
20
0.2554324803149606
11
1.045992559055118
21
0.2554526771653543
0
LINE
8
BLACK
6
CONTINUOUS
10
1.045992559055118
20
0.2554526771653543
11
1.0422429921259841
21
0.2573274803149606
0
LINE
8
BLACK
6
CONTINUOUS
10
1.0422429921259841
20
0.2573274803149606
11
1.0415339763779528
21
0.2578533464566929
0
LINE
8
BLACK
6
CONTINUOUS
10
1.0415339763779528
20
0.2578533464566929
11
1.0414756299212597
21
0.2578805905511811
0
LINE
8
BLACK
6
CONTINUOUS
10
1.0414756299212597
20
0.2578805905511811
11
1.0396008661417322
21
0.2597553543307087
0
LINE
8
BLACK
6
CONTINUOUS
10
1.0396008661417322
20
0.2597553543307087
11
1.0390126771653543
21
0.2605953937007874
0
LINE
8
BLACK
6
CONTINUOUS
10
1.0390126771653543
20
0.2605953937007874
11
1.0388366141732284
21
0.2626074803149606
0
LINE
8
BLACK
6
CONTINUOUS
10
1.0388366141732284
20
0.2626074803149606
11
1.039995157480315
21
0.2642620472440945
0
LINE
8
BLACK
6
CONTINUOUS
10
1.039995157480315
20
0.2642620472440945
11
1.0419461023622048
21
0.2647847637795275
0
LINE
8
BLACK
6
CONTINUOUS
10
1.0419461023622048
20
0.2647847637795275
11
1.0437766929133858
21
0.2639311811023622
0
LINE
8
BLACK
6
CONTINUOUS
10
1.0437766929133858
20
0.2639311811023622
11
1.0453125984251967
21
0.2623952362204724
0
LINE
8
BLACK
6
CONTINUOUS
10
1.0453125984251967
20
0.2623952362204724
11
1.0480101574803149
21
0.2610464566929134
0
LINE
8
BLACK
6
CONTINUOUS
10
1.0480101574803149
20
0.2610464566929134
11
1.0578645669291338
21
0.2610464566929134
0
LINE
8
BLACK
6
CONTINUOUS
10
1.0578645669291338
20
0.2610464566929134
11
1.0605620472440944
21
0.2623951968503937
0
LINE
8
BLACK
6
CONTINUOUS
10
1.0605620472440944
20
0.2623951968503937
11
1.0617592125984252
21
0.2635923622047244
0
LINE
8
BLACK
6
CONTINUOUS
10
1.0617592125984252
20
0.2635923622047244
11
1.0631079527559055
21
0.266289842519685
0
LINE
8
BLACK
6
CONTINUOUS
10
1.0631079527559055
20
0.266289842519685
11
1.0631079527559055
21
0.2742695669291338
0
LINE
8
BLACK
6
CONTINUOUS
10
1.0631079527559055
20
0.2742695669291338
11
1.0617592125984252
21
0.2769670472440945
0
LINE
8
BLACK
6
CONTINUOUS
10
1.0617592125984252
20
0.2769670472440945
11
1.0605620866141732
21
0.2781641732283465
0
LINE
8
BLACK
6
CONTINUOUS
10
1.0605620866141732
20
0.2781641732283465
11
1.0578646062992125
21
0.2795129133858268
0
LINE
8
BLACK
6
CONTINUOUS
10
1.0578646062992125
20
0.2795129133858268
11
1.0529373622047244
21
0.2795129133858268
0
LINE
8
BLACK
6
CONTINUOUS
10
1.0529373622047244
20
0.2795129133858268
11
1.0525
21
0.27959
0
LINE
8
BLACK
6
CONTINUOUS
10
1.0525
20
0.27959
11
1.0523645275590552
21
0.2795690157480315
0
LINE
8
BLACK
6
CONTINUOUS
10
1.0523645275590552
20
0.2795690157480315
11
1.052259842519685
21
0.2796323622047244
0
LINE
8
BLACK
6
CONTINUOUS
10
1.052259842519685
20
0.2796323622047244
11
1.0519274409448818
21
0.2796909842519685
0
LINE
8
BLACK
6
CONTINUOUS
10
1.0519274409448818
20
0.2796909842519685
11
1.0513176377952755
21
0.2802026377952756
0
LINE
8
BLACK
6
CONTINUOUS
10
1.0513176377952755
20
0.2802026377952756
11
1.0506366141732284
21
0.2806148818897638
0
LINE
8
BLACK
6
CONTINUOUS
10
1.0506366141732284
20
0.2806148818897638
11
1.0505606299212598
21
0.280837874015748
0
LINE
8
BLACK
6
CONTINUOUS
10
1.0505606299212598
20
0.280837874015748
11
1.0503801968503936
21
0.2809892913385827
0
LINE
8
BLACK
6
CONTINUOUS
10
1.0503801968503936
20
0.2809892913385827
11
1.0502419291338583
21
0.2817732283464567
0
LINE
8
BLACK
6
CONTINUOUS
10
1.0502419291338583
20
0.2817732283464567
11
1.0499852362204725
21
0.2825267716535433
0
LINE
8
BLACK
6
CONTINUOUS
10
1.0499852362204725
20
0.2825267716535433
11
1.0500703543307086
21
0.2827463779527559
0
LINE
8
BLACK
6
CONTINUOUS
10
1.0500703543307086
20
0.2827463779527559
11
1.0500294488188977
21
0.2829784251968504
0
LINE
8
BLACK
6
CONTINUOUS
10
1.0500294488188977
20
0.2829784251968504
11
1.0504275196850394
21
0.283667874015748
0
LINE
8
BLACK
6
CONTINUOUS
10
1.0504275196850394
20
0.283667874015748
11
1.0507151968503936
21
0.2844100787401575
0
LINE
8
BLACK
6
CONTINUOUS
10
1.0507151968503936
20
0.2844100787401575
11
1.0595535433070866
21
0.2945110236220472
0
LINE
8
BLACK
6
CONTINUOUS
10
1.0595535433070866
20
0.2945110236220472
11
1.0416887795275591
21
0.2945110236220472
0
LINE
8
BLACK
6
CONTINUOUS
10
1.0416887795275591
20
0.2945110236220472
11
1.0406788582677164
21
0.294689094488189
0
LINE
8
BLACK
6
CONTINUOUS
10
1.0406788582677164
20
0.294689094488189
11
1.0391316141732283
21
0.2959874015748031
0
LINE
8
BLACK
6
CONTINUOUS
10
1.0391316141732283
20
0.2959874015748031
11
1.0387808661417322
21
0.2979765354330708
0
LINE
8
BLACK
6
CONTINUOUS
10
1.0387808661417322
20
0.2979765354330708
11
1.0397907874015748
21
0.2997257086614173
0
LINE
8
BLACK
6
CONTINUOUS
10
1.0397907874015748
20
0.2997257086614173
11
1.0416887795275591
21
0.3004165354330708
0
LINE
8
BLACK
6
CONTINUOUS
10
1.0416887795275591
20
0.3004165354330708
11
1.0660607086614173
21
0.3004165354330708
0
LINE
8
BLACK
6
CONTINUOUS
10
1.0660607086614173
20
0.3004165354330708
11
1.066498031496063
21
0.3003394094488189
0
LINE
8
BLACK
6
CONTINUOUS
10
1.171916968503937
20
0.3002632283464567
11
1.1719813385826772
21
0.300265
0
LINE
8
BLACK
6
CONTINUOUS
10
1.1719813385826772
20
0.300265
11
1.1776056299212598
21
0.2983902362204724
0
LINE
8
BLACK
6
CONTINUOUS
10
1.1776056299212598
20
0.2983902362204724
11
1.1785074015748032
21
0.297901968503937
0
LINE
8
BLACK
6
CONTINUOUS
10
1.1785074015748032
20
0.297901968503937
11
1.1785998031496063
21
0.2977514960629921
0
LINE
8
BLACK
6
CONTINUOUS
10
1.1785998031496063
20
0.2977514960629921
11
1.1787598031496063
21
0.2976769291338582
0
LINE
8
BLACK
6
CONTINUOUS
10
1.1787598031496063
20
0.2976769291338582
11
1.1806345669291338
21
0.2958021653543307
0
LINE
8
BLACK
6
CONTINUOUS
10
1.1806345669291338
20
0.2958021653543307
11
1.1812227559055117
21
0.294962125984252
0
LINE
8
BLACK
6
CONTINUOUS
10
1.1812227559055117
20
0.294962125984252
11
1.1813987795275591
21
0.2929500393700787
0
LINE
8
BLACK
6
CONTINUOUS
10
1.1813987795275591
20
0.2929500393700787
11
1.1802402755905512
21
0.2912954724409449
0
LINE
8
BLACK
6
CONTINUOUS
10
1.1802402755905512
20
0.2912954724409449
11
1.1782892913385827
21
0.2907727559055118
0
LINE
8
BLACK
6
CONTINUOUS
10
1.1782892913385827
20
0.2907727559055118
11
1.1764587401574802
21
0.2916263385826772
0
LINE
8
BLACK
6
CONTINUOUS
10
1.1764587401574802
20
0.2916263385826772
11
1.1750768503937008
21
0.2930081889763779
0
LINE
8
BLACK
6
CONTINUOUS
10
1.1750768503937008
20
0.2930081889763779
11
1.1705684645669292
21
0.2945110236220472
0
LINE
8
BLACK
6
CONTINUOUS
10
1.1705684645669292
20
0.2945110236220472
11
1.1677772047244095
21
0.2945110236220472
0
LINE
8
BLACK
6
CONTINUOUS
10
1.1677772047244095
20
0.2945110236220472
11
1.1632688188976377
21
0.2930082283464567
0
LINE
8
BLACK
6
CONTINUOUS
10
1.1632688188976377
20
0.2930082283464567
11
1.1603509842519686
21
0.2900903937007874
0
LINE
8
BLACK
6
CONTINUOUS
10
1.1603509842519686
20
0.2900903937007874
11
1.1588354724409449
21
0.2870594094488189
0
LINE
8
BLACK
6
CONTINUOUS
10
1.1588354724409449
20
0.2870594094488189
11
1.1571274803149607
21
0.2802273622047244
0
LINE
8
BLACK
6
CONTINUOUS
10
1.1571274803149607
20
0.2802273622047244
11
1.1571274803149607
21
0.275330157480315
0
LINE
8
BLACK
6
CONTINUOUS
10
1.1571274803149607
20
0.275330157480315
11
1.1588354724409449
21
0.2684981102362204
0
LINE
8
BLACK
6
CONTINUOUS
10
1.1588354724409449
20
0.2684981102362204
11
1.1603509842519686
21
0.265467125984252
0
LINE
8
BLACK
6
CONTINUOUS
10
1.1603509842519686
20
0.265467125984252
11
1.1632687795275591
21
0.2625492913385827
0
LINE
8
BLACK
6
CONTINUOUS
10
1.1632687795275591
20
0.2625492913385827
11
1.1677772440944882
21
0.2610464566929134
0
LINE
8
BLACK
6
CONTINUOUS
10
1.1677772440944882
20
0.2610464566929134
11
1.1705684251968504
21
0.2610464566929134
0
LINE
8
BLACK
6
CONTINUOUS
10
1.1705684251968504
20
0.2610464566929134
11
1.175076811023622
21
0.2625492519685039
0
LINE
8
BLACK
6
CONTINUOUS
10
1.175076811023622
20
0.2625492519685039
11
1.1764587401574802
21
0.2639311811023622
0
LINE
8
BLACK
6
CONTINUOUS
10
1.1764587401574802
20
0.2639311811023622
11
1.1772987795275591
21
0.2645193700787402
0
LINE
8
BLACK
6
CONTINUOUS
10
1.1772987795275591
20
0.2645193700787402
11
1.1793108661417322
21
0.2646953937007874
0
LINE
8
BLACK
6
CONTINUOUS
10
1.1793108661417322
20
0.2646953937007874
11
1.1809654330708661
21
0.2635368897637795
0
LINE
8
BLACK
6
CONTINUOUS
10
1.1809654330708661
20
0.2635368897637795
11
1.1814881496062992
21
0.261585905511811
0
LINE
8
BLACK
6
CONTINUOUS
10
1.1814881496062992
20
0.261585905511811
11
1.1806345669291338
21
0.2597553543307087
0
LINE
8
BLACK
6
CONTINUOUS
10
1.1806345669291338
20
0.2597553543307087
11
1.1787598031496063
21
0.2578805905511811
0
LINE
8
BLACK
6
CONTINUOUS
10
1.1787598031496063
20
0.2578805905511811
11
1.1779197637795276
21
0.2572924015748032
0
LINE
8
BLACK
6
CONTINUOUS
10
1.1779197637795276
20
0.2572924015748032
11
1.1777439370078739
21
0.2572770078740158
0
LINE
8
BLACK
6
CONTINUOUS
10
1.1777439370078739
20
0.2572770078740158
11
1.1776056692913386
21
0.2571672834645669
0
LINE
8
BLACK
6
CONTINUOUS
10
1.1776056692913386
20
0.2571672834645669
11
1.1719813779527559
21
0.2552924803149606
0
LINE
8
BLACK
6
CONTINUOUS
10
1.1719813779527559
20
0.2552924803149606
11
1.1711081102362204
21
0.2551629527559055
0
LINE
8
BLACK
6
CONTINUOUS
10
1.1711081102362204
20
0.2551629527559055
11
1.1710475984251969
21
0.2551409448818898
0
LINE
8
BLACK
6
CONTINUOUS
10
1.1710475984251969
20
0.2551409448818898
11
1.1672980708661418
21
0.2551409448818898
0
LINE
8
BLACK
6
CONTINUOUS
10
1.1672980708661418
20
0.2551409448818898
11
1.1664286614173227
21
0.2552942125984252
0
LINE
8
BLACK
6
CONTINUOUS
10
1.1664286614173227
20
0.2552942125984252
11
1.1663643307086613
21
0.2552924803149606
0
LINE
8
BLACK
6
CONTINUOUS
10
1.1663643307086613
20
0.2552924803149606
11
1.1607399999999999
21
0.2571672834645669
0
LINE
8
BLACK
6
CONTINUOUS
10
1.1607399999999999
20
0.2571672834645669
11
1.1598382283464566
21
0.2576555905511811
0
LINE
8
BLACK
6
CONTINUOUS
10
1.1598382283464566
20
0.2576555905511811
11
1.1597457874015749
21
0.2578059842519685
0
LINE
8
BLACK
6
CONTINUOUS
10
1.1597457874015749
20
0.2578059842519685
11
1.1595858661417322
21
0.2578805905511811
0
LINE
8
BLACK
6
CONTINUOUS
10
1.1595858661417322
20
0.2578805905511811
11
1.1558363385826771
21
0.2616301181102362
0
LINE
8
BLACK
6
CONTINUOUS
10
1.1558363385826771
20
0.2616301181102362
11
1.1553300393700787
21
0.2623531889763779
0
LINE
8
BLACK
6
CONTINUOUS
10
1.1553300393700787
20
0.2623531889763779
11
1.1552832283464567
21
0.2623975196850394
0
LINE
8
BLACK
6
CONTINUOUS
10
1.1552832283464567
20
0.2623975196850394
11
1.1534084645669291
21
0.2661470472440945
0
LINE
8
BLACK
6
CONTINUOUS
10
1.1534084645669291
20
0.2661470472440945
11
1.1532631496062993
21
0.2666354724409449
0
LINE
8
BLACK
6
CONTINUOUS
10
1.1532631496062993
20
0.2666354724409449
11
1.1531848818897636
21
0.2667514173228346
0
LINE
8
BLACK
6
CONTINUOUS
10
1.1531848818897636
20
0.2667514173228346
11
1.1513101181102361
21
0.2742504724409449
0
LINE
8
BLACK
6
CONTINUOUS
10
1.1513101181102361
20
0.2742504724409449
11
1.1512686220472441
21
0.2748383464566929
0
LINE
8
BLACK
6
CONTINUOUS
10
1.1512686220472441
20
0.2748383464566929
11
1.1512219685039369
21
0.2749666141732283
0
LINE
8
BLACK
6
CONTINUOUS
10
1.1512219685039369
20
0.2749666141732283
11
1.1512219685039369
21
0.280590905511811
0
LINE
8
BLACK
6
CONTINUOUS
10
1.1512219685039369
20
0.280590905511811
11
1.1513242913385826
21
0.2811712598425197
0
LINE
8
BLACK
6
CONTINUOUS
10
1.1513242913385826
20
0.2811712598425197
11
1.1513101181102361
21
0.2813070472440945
0
LINE
8
BLACK
6
CONTINUOUS
10
1.1513101181102361
20
0.2813070472440945
11
1.1531848818897636
21
0.2888061023622047
0
LINE
8
BLACK
6
CONTINUOUS
10
1.1531848818897636
20
0.2888061023622047
11
1.1533924409448819
21
0.2892715354330709
0
LINE
8
BLACK
6
CONTINUOUS
10
1.1533924409448819
20
0.2892715354330709
11
1.1534084645669291
21
0.2894104724409449
0
LINE
8
BLACK
6
CONTINUOUS
10
1.1534084645669291
20
0.2894104724409449
11
1.1552832283464567
21
0.29316
0
LINE
8
BLACK
6
CONTINUOUS
10
1.1552832283464567
20
0.29316
11
1.1558091338582677
21
0.2938690551181102
0
LINE
8
BLACK
6
CONTINUOUS
10
1.1558091338582677
20
0.2938690551181102
11
1.1558363385826771
21
0.2939274015748031
0
LINE
8
BLACK
6
CONTINUOUS
10
1.1558363385826771
20
0.2939274015748031
11
1.1595858661417322
21
0.2976769291338582
0
LINE
8
BLACK
6
CONTINUOUS
10
1.1595858661417322
20
0.2976769291338582
11
1.1604259055118109
21
0.298265157480315
0
LINE
8
BLACK
6
CONTINUOUS
10
1.1604259055118109
20
0.298265157480315
11
1.160601811023622
21
0.2982805118110236
0
LINE
8
BLACK
6
CONTINUOUS
10
1.160601811023622
20
0.2982805118110236
11
1.1607400393700786
21
0.2983902362204724
0
LINE
8
BLACK
6
CONTINUOUS
10
1.1607400393700786
20
0.2983902362204724
11
1.1663642913385825
21
0.300265
0
LINE
8
BLACK
6
CONTINUOUS
10
1.1663642913385825
20
0.300265
11
1.1672375196850393
21
0.3003944881889763
0
LINE
8
BLACK
6
CONTINUOUS
10
1.1672375196850393
20
0.3003944881889763
11
1.1672980708661418
21
0.3004165354330708
0
LINE
8
BLACK
6
CONTINUOUS
10
1.1672980708661418
20
0.3004165354330708
11
1.1710475984251969
21
0.3004165354330708
0
LINE
8
BLACK
6
CONTINUOUS
10
1.1710475984251969
20
0.3004165354330708
11
1.171916968503937
21
0.3002632283464567
0
LINE
8
BLACK
6
CONTINUOUS
10
1.0909146850393701
20
0.3001972834645669
11
1.0918386614173228
21
0.3000603149606299
0
LINE
8
BLACK
6
CONTINUOUS
10
1.0918386614173228
20
0.3000603149606299
11
1.0918950787401576
21
0.2999966535433071
0
LINE
8
BLACK
6
CONTINUOUS
10
1.0918950787401576
20
0.2999966535433071
11
1.0919783464566928
21
0.2999796456692913
0
LINE
8
BLACK
6
CONTINUOUS
10
1.0919783464566928
20
0.2999796456692913
11
1.0925589763779526
21
0.2992479527559055
0
LINE
8
BLACK
6
CONTINUOUS
10
1.0925589763779526
20
0.2992479527559055
11
1.0931787401574804
21
0.2985490551181103
0
LINE
8
BLACK
6
CONTINUOUS
10
1.0931787401574804
20
0.2985490551181103
11
1.0931810236220472
21
0.2984640944881889
0
LINE
8
BLACK
6
CONTINUOUS
10
1.0931810236220472
20
0.2984640944881889
11
1.0932338976377953
21
0.2983975196850394
0
LINE
8
BLACK
6
CONTINUOUS
10
1.0932338976377953
20
0.2983975196850394
11
1.1063572440944882
21
0.2590274409448819
0
LINE
8
BLACK
6
CONTINUOUS
10
1.1063572440944882
20
0.2590274409448819
11
1.1065076771653544
21
0.2580130708661417
0
LINE
8
BLACK
6
CONTINUOUS
10
1.1065076771653544
20
0.2580130708661417
11
1.1057652755905512
21
0.2561346456692913
0
LINE
8
BLACK
6
CONTINUOUS
10
1.1057652755905512
20
0.2561346456692913
11
1.1039891338582677
21
0.255172874015748
0
LINE
8
BLACK
6
CONTINUOUS
10
1.1039891338582677
20
0.255172874015748
11
1.1020103543307087
21
0.2555778346456693
0
LINE
8
BLACK
6
CONTINUOUS
10
1.1020103543307087
20
0.2555778346456693
11
1.1007548031496062
21
0.2571599606299212
0
LINE
8
BLACK
6
CONTINUOUS
10
1.1007548031496062
20
0.2571599606299212
11
1.0976782677165353
21
0.2663895669291338
0
LINE
8
BLACK
6
CONTINUOUS
10
1.0976782677165353
20
0.2663895669291338
11
1.0831870866141733
21
0.2663895669291338
0
LINE
8
BLACK
6
CONTINUOUS
10
1.0831870866141733
20
0.2663895669291338
11
1.0801105511811024
21
0.2571599606299212
0
LINE
8
BLACK
6
CONTINUOUS
10
1.0801105511811024
20
0.2571599606299212
11
1.0796222440944883
21
0.2562581889763779
0
LINE
8
BLACK
6
CONTINUOUS
10
1.0796222440944883
20
0.2562581889763779
11
1.0779012992125985
21
0.255200905511811
0
LINE
8
BLACK
6
CONTINUOUS
10
1.0779012992125985
20
0.255200905511811
11
1.0759033070866142
21
0.2554971653543307
0
LINE
8
BLACK
6
CONTINUOUS
10
1.0759033070866142
20
0.2554971653543307
11
1.0745632677165353
21
0.2570083858267717
0
LINE
8
BLACK
6
CONTINUOUS
10
1.0745632677165353
20
0.2570083858267717
11
1.0745081102362204
21
0.2590274409448819
0
LINE
8
BLACK
6
CONTINUOUS
10
1.0745081102362204
20
0.2590274409448819
11
1.0876314566929133
21
0.2983975196850394
0
LINE
8
BLACK
6
CONTINUOUS
10
1.0876314566929133
20
0.2983975196850394
11
1.0881197244094487
21
0.2992992913385827
0
LINE
8
BLACK
6
CONTINUOUS
10
1.0881197244094487
20
0.2992992913385827
11
1.0881921653543307
21
0.299343779527559
0
LINE
8
BLACK
6
CONTINUOUS
10
1.0881921653543307
20
0.299343779527559
11
1.0882234251968503
21
0.2994228346456693
0
LINE
8
BLACK
6
CONTINUOUS
10
1.0882234251968503
20
0.2994228346456693
11
1.0890447244094488
21
0.2998675590551181
0
LINE
8
BLACK
6
CONTINUOUS
10
1.0890447244094488
20
0.2998675590551181
11
1.0898407086614172
21
0.3003565748031496
0
LINE
8
BLACK
6
CONTINUOUS
10
1.0898407086614172
20
0.3003565748031496
11
1.0899247637795275
21
0.300344094488189
0
LINE
8
BLACK
6
CONTINUOUS
10
1.0899247637795275
20
0.300344094488189
11
1.0899995669291338
21
0.3003846062992126
0
LINE
8
BLACK
6
CONTINUOUS
10
1.0899995669291338
20
0.3003846062992126
11
1.0909146850393701
21
0.3001972834645669
0
LINE
8
BLACK
6
CONTINUOUS
10
1.0851555905511812
20
0.2722950787401575
11
1.0957097637795274
21
0.2722950787401575
0
LINE
8
BLACK
6
CONTINUOUS
10
1.0957097637795274
20
0.2722950787401575
11
1.0904326771653543
21
0.2881263385826772
0
LINE
8
BLACK
6
CONTINUOUS
10
1.0904326771653543
20
0.2881263385826772
11
1.0851555905511812
21
0.2722950787401575
0
LINE
8
BLACK
6
CONTINUOUS
10
0.9914572440944882
20
0.2993617716535433
11
0.9921480708661418
21
0.297463779527559
0
LINE
8
BLACK
6
CONTINUOUS
10
0.9921480708661418
20
0.297463779527559
11
0.9921480708661418
21
0.2580937007874016
0
LINE
8
BLACK
6
CONTINUOUS
10
0.9921480708661418
20
0.2580937007874016
11
0.99197
21
0.2570837795275591
0
LINE
8
BLACK
6
CONTINUOUS
10
0.99197
20
0.2570837795275591
11
0.9906716929133859
21
0.2555365354330709
0
LINE
8
BLACK
6
CONTINUOUS
10
0.9906716929133859
20
0.2555365354330709
11
0.988682559055118
21
0.2551857874015748
0
LINE
8
BLACK
6
CONTINUOUS
10
0.988682559055118
20
0.2551857874015748
11
0.9869333858267716
21
0.2561957086614173
0
LINE
8
BLACK
6
CONTINUOUS
10
0.9869333858267716
20
0.2561957086614173
11
0.986242559055118
21
0.2580937007874016
0
LINE
8
BLACK
6
CONTINUOUS
10
0.986242559055118
20
0.2580937007874016
11
0.986242559055118
21
0.2757633858267716
0
LINE
8
BLACK
6
CONTINUOUS
10
0.986242559055118
20
0.2757633858267716
11
0.969650905511811
21
0.2757633858267716
0
LINE
8
BLACK
6
CONTINUOUS
10
0.969650905511811
20
0.2757633858267716
11
0.969650905511811
21
0.2580937007874016
0
LINE
8
BLACK
6
CONTINUOUS
10
0.969650905511811
20
0.2580937007874016
11
0.9694728346456692
21
0.2570837795275591
0
LINE
8
BLACK
6
CONTINUOUS
10
0.9694728346456692
20
0.2570837795275591
11
0.9681745275590551
21
0.2555365354330709
0
LINE
8
BLACK
6
CONTINUOUS
10
0.9681745275590551
20
0.2555365354330709
11
0.9661853937007874
21
0.2551857874015748
0
LINE
8
BLACK
6
CONTINUOUS
10
0.9661853937007874
20
0.2551857874015748
11
0.9644362204724409
21
0.2561957086614173
0
LINE
8
BLACK
6
CONTINUOUS
10
0.9644362204724409
20
0.2561957086614173
11
0.9637453937007874
21
0.2580937007874016
0
LINE
8
BLACK
6
CONTINUOUS
10
0.9637453937007874
20
0.2580937007874016
11
0.9637453937007874
21
0.297463779527559
0
LINE
8
BLACK
6
CONTINUOUS
10
0.9637453937007874
20
0.297463779527559
11
0.9639234645669291
21
0.2984737007874015
0
LINE
8
BLACK
6
CONTINUOUS
10
0.9639234645669291
20
0.2984737007874015
11
0.9652217716535433
21
0.3000209448818897
0
LINE
8
BLACK
6
CONTINUOUS
10
0.9652217716535433
20
0.3000209448818897
11
0.967210905511811
21
0.3003716929133858
0
LINE
8
BLACK
6
CONTINUOUS
10
0.967210905511811
20
0.3003716929133858
11
0.9689600787401574
21
0.2993617716535433
0
LINE
8
BLACK
6
CONTINUOUS
10
0.9689600787401574
20
0.2993617716535433
11
0.969650905511811
21
0.297463779527559
0
LINE
8
BLACK
6
CONTINUOUS
10
0.969650905511811
20
0.297463779527559
11
0.969650905511811
21
0.2816688976377953
0
LINE
8
BLACK
6
CONTINUOUS
10
0.969650905511811
20
0.2816688976377953
11
0.986242559055118
21
0.2816688976377953
0
LINE
8
BLACK
6
CONTINUOUS
10
0.986242559055118
20
0.2816688976377953
11
0.986242559055118
21
0.297463779527559
0
LINE
8
BLACK
6
CONTINUOUS
10
0.986242559055118
20
0.297463779527559
11
0.9864206299212598
21
0.2984737007874015
0
LINE
8
BLACK
6
CONTINUOUS
10
0.9864206299212598
20
0.2984737007874015
11
0.9877189370078739
21
0.3000209448818897
0
LINE
8
BLACK
6
CONTINUOUS
10
0.9877189370078739
20
0.3000209448818897
11
0.9897080708661418
21
0.3003716929133858
0
LINE
8
BLACK
6
CONTINUOUS
10
0.9897080708661418
20
0.3003716929133858
11
0.9914572440944882
21
0.2993617716535433
0
LINE
8
BLACK
6
CONTINUOUS
10
1.1326874409448819
20
0.3002384645669292
11
1.1328226771653542
21
0.3001249606299213
0
LINE
8
BLACK
6
CONTINUOUS
10
1.1328226771653542
20
0.3001249606299213
11
1.132998031496063
21
0.3001048031496063
0
LINE
8
BLACK
6
CONTINUOUS
10
1.132998031496063
20
0.3001048031496063
11
1.1367475590551182
21
0.2982300393700787
0
LINE
8
BLACK
6
CONTINUOUS
10
1.1367475590551182
20
0.2982300393700787
11
1.1374566141732283
21
0.297704094488189
0
LINE
8
BLACK
6
CONTINUOUS
10
1.1374566141732283
20
0.297704094488189
11
1.1375149606299213
21
0.2976769291338582
0
LINE
8
BLACK
6
CONTINUOUS
10
1.1375149606299213
20
0.2976769291338582
11
1.1393897244094489
21
0.2958021653543307
0
LINE
8
BLACK
6
CONTINUOUS
10
1.1393897244094489
20
0.2958021653543307
11
1.1398959842519685
21
0.2950790551181102
0
LINE
8
BLACK
6
CONTINUOUS
10
1.1398959842519685
20
0.2950790551181102
11
1.1399428346456693
21
0.2950347637795275
0
LINE
8
BLACK
6
CONTINUOUS
10
1.1399428346456693
20
0.2950347637795275
11
1.1418175984251968
21
0.2912852362204724
0
LINE
8
BLACK
6
CONTINUOUS
10
1.1418175984251968
20
0.2912852362204724
11
1.1421099606299212
21
0.2903023228346457
0
LINE
8
BLACK
6
CONTINUOUS
10
1.1421099606299212
20
0.2903023228346457
11
1.142068937007874
21
0.2901305905511811
0
LINE
8
BLACK
6
CONTINUOUS
10
1.142068937007874
20
0.2901305905511811
11
1.1421293307086613
21
0.2899647244094488
0
LINE
8
BLACK
6
CONTINUOUS
10
1.1421293307086613
20
0.2899647244094488
11
1.1421293307086613
21
0.2843404330708661
0
LINE
8
BLACK
6
CONTINUOUS
10
1.1421293307086613
20
0.2843404330708661
11
1.1419512598425197
21
0.2833305118110236
0
LINE
8
BLACK
6
CONTINUOUS
10
1.1419512598425197
20
0.2833305118110236
11
1.1418377559055117
21
0.2831952362204724
0
LINE
8
BLACK
6
CONTINUOUS
10
1.1418377559055117
20
0.2831952362204724
11
1.1418175984251968
21
0.2830199212598425
0
LINE
8
BLACK
6
CONTINUOUS
10
1.1418175984251968
20
0.2830199212598425
11
1.1399428346456693
21
0.2792703937007874
0
LINE
8
BLACK
6
CONTINUOUS
10
1.1399428346456693
20
0.2792703937007874
11
1.1394169291338583
21
0.2785612992125984
0
LINE
8
BLACK
6
CONTINUOUS
10
1.1394169291338583
20
0.2785612992125984
11
1.1393897244094489
21
0.2785029921259842
0
LINE
8
BLACK
6
CONTINUOUS
10
1.1393897244094489
20
0.2785029921259842
11
1.1375149606299213
21
0.2766282283464567
0
LINE
8
BLACK
6
CONTINUOUS
10
1.1375149606299213
20
0.2766282283464567
11
1.1367918503937007
21
0.2761219291338582
0
LINE
8
BLACK
6
CONTINUOUS
10
1.1367918503937007
20
0.2761219291338582
11
1.1367475590551182
21
0.2760751181102362
0
LINE
8
BLACK
6
CONTINUOUS
10
1.1367475590551182
20
0.2760751181102362
11
1.132998031496063
21
0.2742003543307087
0
LINE
8
BLACK
6
CONTINUOUS
10
1.132998031496063
20
0.2742003543307087
11
1.1320150787401575
21
0.2739079921259843
0
LINE
8
BLACK
6
CONTINUOUS
10
1.1320150787401575
20
0.2739079921259843
11
1.1318433858267716
21
0.2739489763779527
0
LINE
8
BLACK
6
CONTINUOUS
10
1.1318433858267716
20
0.2739489763779527
11
1.1316775196850393
21
0.2738886220472441
0
LINE
8
BLACK
6
CONTINUOUS
10
1.1316775196850393
20
0.2738886220472441
11
1.1196321653543306
21
0.2738886220472441
0
LINE
8
BLACK
6
CONTINUOUS
10
1.1196321653543306
20
0.2738886220472441
11
1.1196321653543306
21
0.2580937007874016
0
LINE
8
BLACK
6
CONTINUOUS
10
1.1196321653543306
20
0.2580937007874016
11
1.119454094488189
21
0.2570837795275591
0
LINE
8
BLACK
6
CONTINUOUS
10
1.119454094488189
20
0.2570837795275591
11
1.1181557874015748
21
0.2555365354330709
0
LINE
8
BLACK
6
CONTINUOUS
10
1.1181557874015748
20
0.2555365354330709
11
1.116166653543307
21
0.2551857874015748
0
LINE
8
BLACK
6
CONTINUOUS
10
1.116166653543307
20
0.2551857874015748
11
1.1144174803149607
21
0.2561957086614173
0
LINE
8
BLACK
6
CONTINUOUS
10
1.1144174803149607
20
0.2561957086614173
11
1.113726653543307
21
0.2580937007874016
0
LINE
8
BLACK
6
CONTINUOUS
10
1.113726653543307
20
0.2580937007874016
11
1.113726653543307
21
0.297463779527559
0
LINE
8
BLACK
6
CONTINUOUS
10
1.113726653543307
20
0.297463779527559
11
1.113794251968504
21
0.2978472834645669
0
LINE
8
BLACK
6
CONTINUOUS
10
1.113794251968504
20
0.2978472834645669
11
1.1137714960629921
21
0.2979765354330708
0
LINE
8
BLACK
6
CONTINUOUS
10
1.1137714960629921
20
0.2979765354330708
11
1.1138370866141731
21
0.2980901181102362
0
LINE
8
BLACK
6
CONTINUOUS
10
1.1138370866141731
20
0.2980901181102362
11
1.1139047244094489
21
0.2984737007874015
0
LINE
8
BLACK
6
CONTINUOUS
10
1.1139047244094489
20
0.2984737007874015
11
1.1143978346456693
21
0.2990613779527559
0
LINE
8
BLACK
6
CONTINUOUS
10
1.1143978346456693
20
0.2990613779527559
11
1.1147814173228345
21
0.2997257086614173
0
LINE
8
BLACK
6
CONTINUOUS
10
1.1147814173228345
20
0.2997257086614173
11
1.1150317322834646
21
0.2998168110236221
0
LINE
8
BLACK
6
CONTINUOUS
10
1.1150317322834646
20
0.2998168110236221
11
1.115203031496063
21
0.3000209448818897
0
LINE
8
BLACK
6
CONTINUOUS
10
1.115203031496063
20
0.3000209448818897
11
1.1159585826771654
21
0.3001541732283465
0
LINE
8
BLACK
6
CONTINUOUS
10
1.1159585826771654
20
0.3001541732283465
11
1.1166794094488188
21
0.3004165354330708
0
LINE
8
BLACK
6
CONTINUOUS
10
1.1166794094488188
20
0.3004165354330708
11
1.1316775196850393
21
0.3004165354330708
0
LINE
8
BLACK
6
CONTINUOUS
10
1.1316775196850393
20
0.3004165354330708
11
1.1326874409448819
21
0.3002384645669292
0
LINE
8
BLACK
6
CONTINUOUS
10
1.1196321653543306
20
0.2797941338582677
11
1.1309804724409449
21
0.2797941338582677
0
LINE
8
BLACK
6
CONTINUOUS
10
1.1309804724409449
20
0.2797941338582677
11
1.1336779527559055
21
0.281142874015748
0
LINE
8
BLACK
6
CONTINUOUS
10
1.1336779527559055
20
0.281142874015748
11
1.1348750787401574
21
0.28234
0
LINE
8
BLACK
6
CONTINUOUS
10
1.1348750787401574
20
0.28234
11
1.1362238188976377
21
0.2850374803149606
0
LINE
8
BLACK
6
CONTINUOUS
10
1.1362238188976377
20
0.2850374803149606
11
1.1362238188976377
21
0.2892676771653543
0
LINE
8
BLACK
6
CONTINUOUS
10
1.1362238188976377
20
0.2892676771653543
11
1.1348750787401574
21
0.2919651574803149
0
LINE
8
BLACK
6
CONTINUOUS
10
1.1348750787401574
20
0.2919651574803149
11
1.1336779527559055
21
0.2931622834645669
0
LINE
8
BLACK
6
CONTINUOUS
10
1.1336779527559055
20
0.2931622834645669
11
1.1309804724409449
21
0.2945110236220472
0
LINE
8
BLACK
6
CONTINUOUS
10
1.1309804724409449
20
0.2945110236220472
11
1.1196321653543306
21
0.2945110236220472
0
LINE
8
BLACK
6
CONTINUOUS
10
1.1196321653543306
20
0.2945110236220472
11
1.1196321653543306
21
0.2797941338582677
0
LINE
8
BLACK
6
CONTINUOUS
10
0.6610762598425197
20
0.3012384645669292
11
0.6612114960629921
21
0.3011249606299213
0
LINE
8
BLACK
6
CONTINUOUS
10
0.6612114960629921
20
0.3011249606299213
11
0.6613868503937008
21
0.3011048031496063
0
LINE
8
BLACK
6
CONTINUOUS
10
0.6613868503937008
20
0.3011048031496063
11
0.6651363779527559
21
0.2992300393700787
0
LINE
8
BLACK
6
CONTINUOUS
10
0.6651363779527559
20
0.2992300393700787
11
0.6658454330708661
21
0.298704094488189
0
LINE
8
BLACK
6
CONTINUOUS
10
0.6658454330708661
20
0.298704094488189
11
0.6659037795275591
21
0.2986769291338582
0
LINE
8
BLACK
6
CONTINUOUS
10
0.6659037795275591
20
0.2986769291338582
11
0.6677785433070866
21
0.2968021653543307
0
LINE
8
BLACK
6
CONTINUOUS
10
0.6677785433070866
20
0.2968021653543307
11
0.6682848031496063
21
0.2960790551181102
0
LINE
8
BLACK
6
CONTINUOUS
10
0.6682848031496063
20
0.2960790551181102
11
0.668331653543307
21
0.2960347637795275
0
LINE
8
BLACK
6
CONTINUOUS
10
0.668331653543307
20
0.2960347637795275
11
0.6702064173228346
21
0.2922852362204724
0
LINE
8
BLACK
6
CONTINUOUS
10
0.6702064173228346
20
0.2922852362204724
11
0.670498779527559
21
0.2913023228346457
0
LINE
8
BLACK
6
CONTINUOUS
10
0.670498779527559
20
0.2913023228346457
11
0.6704577559055118
21
0.2911305905511811
0
LINE
8
BLACK
6
CONTINUOUS
10
0.6704577559055118
20
0.2911305905511811
11
0.6705181496062992
21
0.2909647244094488
0
LINE
8
BLACK
6
CONTINUOUS
10
0.6705181496062992
20
0.2909647244094488
11
0.6705181496062992
21
0.2872151968503937
0
LINE
8
BLACK
6
CONTINUOUS
10
0.6705181496062992
20
0.2872151968503937
11
0.6703400787401574
21
0.2862052755905512
0
LINE
8
BLACK
6
CONTINUOUS
10
0.6703400787401574
20
0.2862052755905512
11
0.6702265748031496
21
0.28607
0
LINE
8
BLACK
6
CONTINUOUS
10
0.6702265748031496
20
0.28607
11
0.6702064173228346
21
0.28589468503937
0
LINE
8
BLACK
6
CONTINUOUS
10
0.6702064173228346
20
0.28589468503937
11
0.668331653543307
21
0.2821451574803149
0
LINE
8
BLACK
6
CONTINUOUS
10
0.668331653543307
20
0.2821451574803149
11
0.6678057480314961
21
0.281436062992126
0
LINE
8
BLACK
6
CONTINUOUS
10
0.6678057480314961
20
0.281436062992126
11
0.6677785433070866
21
0.2813777559055118
0
LINE
8
BLACK
6
CONTINUOUS
10
0.6677785433070866
20
0.2813777559055118
11
0.6668961811023622
21
0.2804953937007874
0
LINE
8
BLACK
6
CONTINUOUS
10
0.6668961811023622
20
0.2804953937007874
11
0.6675261417322834
21
0.2801543307086614
0
LINE
8
BLACK
6
CONTINUOUS
10
0.6675261417322834
20
0.2801543307086614
11
0.6676185433070866
21
0.2800038582677165
0
LINE
8
BLACK
6
CONTINUOUS
10
0.6676185433070866
20
0.2800038582677165
11
0.6677785433070866
21
0.2799292913385827
0
LINE
8
BLACK
6
CONTINUOUS
10
0.6677785433070866
20
0.2799292913385827
11
0.6696533070866142
21
0.2780545275590551
0
LINE
8
BLACK
6
CONTINUOUS
10
0.6696533070866142
20
0.2780545275590551
11
0.6701595669291338
21
0.2773314173228346
0
LINE
8
BLACK
6
CONTINUOUS
10
0.6701595669291338
20
0.2773314173228346
11
0.6702064173228346
21
0.277287125984252
0
LINE
8
BLACK
6
CONTINUOUS
10
0.6702064173228346
20
0.277287125984252
11
0.6720811811023621
21
0.2735375984251969
0
LINE
8
BLACK
6
CONTINUOUS
10
0.6720811811023621
20
0.2735375984251969
11
0.6723735433070867
21
0.2725546850393701
0
LINE
8
BLACK
6
CONTINUOUS
10
0.6723735433070867
20
0.2725546850393701
11
0.6723325196850394
21
0.2723829527559055
0
LINE
8
BLACK
6
CONTINUOUS
10
0.6723325196850394
20
0.2723829527559055
11
0.6723929133858267
21
0.2722170866141732
0
LINE
8
BLACK
6
CONTINUOUS
10
0.6723929133858267
20
0.2722170866141732
11
0.6723929133858267
21
0.2665927952755905
0
LINE
8
BLACK
6
CONTINUOUS
10
0.6723929133858267
20
0.2665927952755905
11
0.672214842519685
21
0.265582874015748
0
LINE
8
BLACK
6
CONTINUOUS
10
0.672214842519685
20
0.265582874015748
11
0.6721013385826772
21
0.2654475984251968
0
LINE
8
BLACK
6
CONTINUOUS
10
0.6721013385826772
20
0.2654475984251968
11
0.6720811811023621
21
0.2652722834645669
0
LINE
8
BLACK
6
CONTINUOUS
10
0.6720811811023621
20
0.2652722834645669
11
0.6702064173228346
21
0.2615227559055118
0
LINE
8
BLACK
6
CONTINUOUS
10
0.6702064173228346
20
0.2615227559055118
11
0.6696805118110236
21
0.2608136614173228
0
LINE
8
BLACK
6
CONTINUOUS
10
0.6696805118110236
20
0.2608136614173228
11
0.6696533070866142
21
0.2607553543307087
0
LINE
8
BLACK
6
CONTINUOUS
10
0.6696533070866142
20
0.2607553543307087
11
0.6677785433070866
21
0.2588805905511811
0
LINE
8
BLACK
6
CONTINUOUS
10
0.6677785433070866
20
0.2588805905511811
11
0.6670555511811024
21
0.2583743700787401
0
LINE
8
BLACK
6
CONTINUOUS
10
0.6670555511811024
20
0.2583743700787401
11
0.6670111811023622
21
0.2583274803149606
0
LINE
8
BLACK
6
CONTINUOUS
10
0.6670111811023622
20
0.2583274803149606
11
0.663261653543307
21
0.2564526771653543
0
LINE
8
BLACK
6
CONTINUOUS
10
0.663261653543307
20
0.2564526771653543
11
0.6622787007874016
21
0.2561603149606299
0
LINE
8
BLACK
6
CONTINUOUS
10
0.6622787007874016
20
0.2561603149606299
11
0.662106968503937
21
0.2562012992125984
0
LINE
8
BLACK
6
CONTINUOUS
10
0.662106968503937
20
0.2562012992125984
11
0.6619411023622047
21
0.2561409448818898
0
LINE
8
BLACK
6
CONTINUOUS
10
0.6619411023622047
20
0.2561409448818898
11
0.6469429921259843
21
0.2561409448818898
0
LINE
8
BLACK
6
CONTINUOUS
10
0.6469429921259843
20
0.2561409448818898
11
0.6465594488188976
21
0.2562085433070866
0
LINE
8
BLACK
6
CONTINUOUS
10
0.6465594488188976
20
0.2562085433070866
11
0.6464302362204725
21
0.2561857874015748
0
LINE
8
BLACK
6
CONTINUOUS
10
0.6464302362204725
20
0.2561857874015748
11
0.6463166141732283
21
0.2562513779527559
0
LINE
8
BLACK
6
CONTINUOUS
10
0.6463166141732283
20
0.2562513779527559
11
0.6459330708661417
21
0.2563190157480315
0
LINE
8
BLACK
6
CONTINUOUS
10
0.6459330708661417
20
0.2563190157480315
11
0.6453453543307086
21
0.256812125984252
0
LINE
8
BLACK
6
CONTINUOUS
10
0.6453453543307086
20
0.256812125984252
11
0.644681062992126
21
0.2571957086614173
0
LINE
8
BLACK
6
CONTINUOUS
10
0.644681062992126
20
0.2571957086614173
11
0.6445899212598425
21
0.2574460236220472
0
LINE
8
BLACK
6
CONTINUOUS
10
0.6445899212598425
20
0.2574460236220472
11
0.6443858267716536
21
0.2576173228346457
0
LINE
8
BLACK
6
CONTINUOUS
10
0.6443858267716536
20
0.2576173228346457
11
0.6442525590551181
21
0.258372874015748
0
LINE
8
BLACK
6
CONTINUOUS
10
0.6442525590551181
20
0.258372874015748
11
0.6439902362204725
21
0.2590937007874016
0
LINE
8
BLACK
6
CONTINUOUS
10
0.6439902362204725
20
0.2590937007874016
11
0.6439902362204725
21
0.298463779527559
0
LINE
8
BLACK
6
CONTINUOUS
10
0.6439902362204725
20
0.298463779527559
11
0.6440578346456692
21
0.2988472834645669
0
LINE
8
BLACK
6
CONTINUOUS
10
0.6440578346456692
20
0.2988472834645669
11
0.6440350787401574
21
0.2989765354330708
0
LINE
8
BLACK
6
CONTINUOUS
10
0.6440350787401574
20
0.2989765354330708
11
0.6441006692913386
21
0.2990901181102362
0
LINE
8
BLACK
6
CONTINUOUS
10
0.6441006692913386
20
0.2990901181102362
11
0.6441683070866142
21
0.2994737007874015
0
LINE
8
BLACK
6
CONTINUOUS
10
0.6441683070866142
20
0.2994737007874015
11
0.6446614173228347
21
0.3000613779527559
0
LINE
8
BLACK
6
CONTINUOUS
10
0.6446614173228347
20
0.3000613779527559
11
0.645045
21
0.3007257086614173
0
LINE
8
BLACK
6
CONTINUOUS
10
0.645045
20
0.3007257086614173
11
0.6452953149606299
21
0.3008168110236221
0
LINE
8
BLACK
6
CONTINUOUS
10
0.6452953149606299
20
0.3008168110236221
11
0.6454666141732284
21
0.3010209448818897
0
LINE
8
BLACK
6
CONTINUOUS
10
0.6454666141732284
20
0.3010209448818897
11
0.6462221653543307
21
0.3011541732283464
0
LINE
8
BLACK
6
CONTINUOUS
10
0.6462221653543307
20
0.3011541732283464
11
0.6469429921259843
21
0.3014165354330708
0
LINE
8
BLACK
6
CONTINUOUS
10
0.6469429921259843
20
0.3014165354330708
11
0.6600663385826772
21
0.3014165354330708
0
LINE
8
BLACK
6
CONTINUOUS
10
0.6600663385826772
20
0.3014165354330708
11
0.6610762598425197
21
0.3012384645669292
0
LINE
8
BLACK
6
CONTINUOUS
10
0.6498957480314961
20
0.2620464566929134
11
0.6612440157480315
21
0.2620464566929134
0
LINE
8
BLACK
6
CONTINUOUS
10
0.6612440157480315
20
0.2620464566929134
11
0.6639414960629921
21
0.2633951968503937
0
LINE
8
BLACK
6
CONTINUOUS
10
0.6639414960629921
20
0.2633951968503937
11
0.6651386614173228
21
0.2645923622047244
0
LINE
8
BLACK
6
CONTINUOUS
10
0.6651386614173228
20
0.2645923622047244
11
0.6664874015748031
21
0.267289842519685
0
LINE
8
BLACK
6
CONTINUOUS
10
0.6664874015748031
20
0.267289842519685
11
0.6664874015748031
21
0.2715200393700787
0
LINE
8
BLACK
6
CONTINUOUS
10
0.6664874015748031
20
0.2715200393700787
11
0.6651386614173228
21
0.2742175196850394
0
LINE
8
BLACK
6
CONTINUOUS
10
0.6651386614173228
20
0.2742175196850394
11
0.6640955905511811
21
0.2752605511811024
0
LINE
8
BLACK
6
CONTINUOUS
10
0.6640955905511811
20
0.2752605511811024
11
0.6595872047244095
21
0.2767633858267716
0
LINE
8
BLACK
6
CONTINUOUS
10
0.6595872047244095
20
0.2767633858267716
11
0.6498957480314961
21
0.2767633858267716
0
LINE
8
BLACK
6
CONTINUOUS
10
0.6498957480314961
20
0.2767633858267716
11
0.6498957480314961
21
0.2620464566929134
0
LINE
8
BLACK
6
CONTINUOUS
10
0.6498957480314961
20
0.2826688976377953
11
0.6593692913385827
21
0.2826688976377953
0
LINE
8
BLACK
6
CONTINUOUS
10
0.6593692913385827
20
0.2826688976377953
11
0.6620667716535433
21
0.2840176377952756
0
LINE
8
BLACK
6
CONTINUOUS
10
0.6620667716535433
20
0.2840176377952756
11
0.6632638976377953
21
0.2852147637795275
0
LINE
8
BLACK
6
CONTINUOUS
10
0.6632638976377953
20
0.2852147637795275
11
0.6646126377952756
21
0.2879122440944882
0
LINE
8
BLACK
6
CONTINUOUS
10
0.6646126377952756
20
0.2879122440944882
11
0.6646126377952756
21
0.2902676771653543
0
LINE
8
BLACK
6
CONTINUOUS
10
0.6646126377952756
20
0.2902676771653543
11
0.6632638976377953
21
0.2929651574803149
0
LINE
8
BLACK
6
CONTINUOUS
10
0.6632638976377953
20
0.2929651574803149
11
0.6620667716535433
21
0.2941622834645669
0
LINE
8
BLACK
6
CONTINUOUS
10
0.6620667716535433
20
0.2941622834645669
11
0.6593692913385827
21
0.2955110236220472
0
LINE
8
BLACK
6
CONTINUOUS
10
0.6593692913385827
20
0.2955110236220472
11
0.6498957480314961
21
0.2955110236220472
0
LINE
8
BLACK
6
CONTINUOUS
10
0.6498957480314961
20
0.2955110236220472
11
0.6498957480314961
21
0.2826688976377953
0
LINE
8
BLACK
6
CONTINUOUS
10
0.7260286614173228
20
0.3013422047244094
11
0.726195905511811
21
0.3013716929133858
0
LINE
8
BLACK
6
CONTINUOUS
10
0.726195905511811
20
0.3013716929133858
11
0.7269379527559054
21
0.3009432283464567
0
LINE
8
BLACK
6
CONTINUOUS
10
0.7269379527559054
20
0.3009432283464567
11
0.7277227952755906
21
0.3005988976377953
0
LINE
8
BLACK
6
CONTINUOUS
10
0.7277227952755906
20
0.3005988976377953
11
0.7277980314960629
21
0.3004466141732283
0
LINE
8
BLACK
6
CONTINUOUS
10
0.7277980314960629
20
0.3004466141732283
11
0.7279450787401575
21
0.3003617716535433
0
LINE
8
BLACK
6
CONTINUOUS
10
0.7279450787401575
20
0.3003617716535433
11
0.7282381496062992
21
0.2995564960629921
0
LINE
8
BLACK
6
CONTINUOUS
10
0.7282381496062992
20
0.2995564960629921
11
0.7286179921259842
21
0.2987883070866142
0
LINE
8
BLACK
6
CONTINUOUS
10
0.7286179921259842
20
0.2987883070866142
11
0.7285777952755905
21
0.2986233464566929
0
LINE
8
BLACK
6
CONTINUOUS
10
0.7285777952755905
20
0.2986233464566929
11
0.728635905511811
21
0.298463779527559
0
LINE
8
BLACK
6
CONTINUOUS
10
0.728635905511811
20
0.298463779527559
11
0.728635905511811
21
0.2620464566929134
0
LINE
8
BLACK
6
CONTINUOUS
10
0.728635905511811
20
0.2620464566929134
11
0.7369317322834645
21
0.2620464566929134
0
LINE
8
BLACK
6
CONTINUOUS
10
0.7369317322834645
20
0.2620464566929134
11
0.7379416535433071
21
0.2618683858267716
0
LINE
8
BLACK
6
CONTINUOUS
10
0.7379416535433071
20
0.2618683858267716
11
0.7394888976377952
21
0.2605700787401575
0
LINE
8
BLACK
6
CONTINUOUS
10
0.7394888976377952
20
0.2605700787401575
11
0.7398396456692913
21
0.2585809448818898
0
LINE
8
BLACK
6
CONTINUOUS
10
0.7398396456692913
20
0.2585809448818898
11
0.7388297244094488
21
0.2568317716535433
0
LINE
8
BLACK
6
CONTINUOUS
10
0.7388297244094488
20
0.2568317716535433
11
0.7369317322834645
21
0.2561409448818898
0
LINE
8
BLACK
6
CONTINUOUS
10
0.7369317322834645
20
0.2561409448818898
11
0.7144345669291339
21
0.2561409448818898
0
LINE
8
BLACK
6
CONTINUOUS
10
0.7144345669291339
20
0.2561409448818898
11
0.7134246456692913
21
0.2563190157480315
0
LINE
8
BLACK
6
CONTINUOUS
10
0.7134246456692913
20
0.2563190157480315
11
0.7118774015748032
21
0.2576173228346457
0
LINE
8
BLACK
6
CONTINUOUS
10
0.7118774015748032
20
0.2576173228346457
11
0.711526653543307
21
0.2596064566929134
0
LINE
8
BLACK
6
CONTINUOUS
10
0.711526653543307
20
0.2596064566929134
11
0.7125365748031496
21
0.2613556299212598
0
LINE
8
BLACK
6
CONTINUOUS
10
0.7125365748031496
20
0.2613556299212598
11
0.7144345669291339
21
0.2620464566929134
0
LINE
8
BLACK
6
CONTINUOUS
10
0.7144345669291339
20
0.2620464566929134
11
0.7227303937007874
21
0.2620464566929134
0
LINE
8
BLACK
6
CONTINUOUS
10
0.7227303937007874
20
0.2620464566929134
11
0.7227303937007874
21
0.2894604330708661
0
LINE
8
BLACK
6
CONTINUOUS
10
0.7227303937007874
20
0.2894604330708661
11
0.7202720078740157
21
0.2870020472440945
0
LINE
8
BLACK
6
CONTINUOUS
10
0.7202720078740157
20
0.2870020472440945
11
0.7195488976377953
21
0.2864957480314961
0
LINE
8
BLACK
6
CONTINUOUS
10
0.7195488976377953
20
0.2864957480314961
11
0.7195046062992125
21
0.286448937007874
0
LINE
8
BLACK
6
CONTINUOUS
10
0.7195046062992125
20
0.286448937007874
11
0.7157550787401574
21
0.2845741732283464
0
LINE
8
BLACK
6
CONTINUOUS
10
0.7157550787401574
20
0.2845741732283464
11
0.714772125984252
21
0.284281811023622
0
LINE
8
BLACK
6
CONTINUOUS
10
0.714772125984252
20
0.284281811023622
11
0.7128076377952756
21
0.2847511023622047
0
LINE
8
BLACK
6
CONTINUOUS
10
0.7128076377952756
20
0.2847511023622047
11
0.7116043307086614
21
0.2863733464566929
0
LINE
8
BLACK
6
CONTINUOUS
10
0.7116043307086614
20
0.2863733464566929
11
0.7117253937007874
21
0.2883895275590551
0
LINE
8
BLACK
6
CONTINUOUS
10
0.7117253937007874
20
0.2883895275590551
11
0.7131140551181102
21
0.2898562204724409
0
LINE
8
BLACK
6
CONTINUOUS
10
0.7131140551181102
20
0.2898562204724409
11
0.7164349999999999
21
0.2915166929133858
0
LINE
8
BLACK
6
CONTINUOUS
10
0.7164349999999999
20
0.2915166929133858
11
0.7196388976377952
21
0.2947205905511811
0
LINE
8
BLACK
6
CONTINUOUS
10
0.7196388976377952
20
0.2947205905511811
11
0.7232262992125984
21
0.3001016929133858
0
LINE
8
BLACK
6
CONTINUOUS
10
0.7232262992125984
20
0.3001016929133858
11
0.7239346850393701
21
0.3008432283464567
0
LINE
8
BLACK
6
CONTINUOUS
10
0.7239346850393701
20
0.3008432283464567
11
0.7240976377952756
21
0.300890905511811
0
LINE
8
BLACK
6
CONTINUOUS
10
0.7240976377952756
20
0.300890905511811
11
0.7242067716535433
21
0.3010209448818897
0
LINE
8
BLACK
6
CONTINUOUS
10
0.7242067716535433
20
0.3010209448818897
11
0.7250505511811024
21
0.3011697244094488
0
LINE
8
BLACK
6
CONTINUOUS
10
0.7250505511811024
20
0.3011697244094488
11
0.725873188976378
21
0.3014104330708661
0
LINE
8
BLACK
6
CONTINUOUS
10
0.725873188976378
20
0.3014104330708661
11
0.7260286614173228
21
0.3013422047244094
0
LINE
8
BLACK
6
CONTINUOUS
10
0.7041958661417322
20
0.3012384645669292
11
0.7057431102362205
21
0.2999401574803149
0
LINE
8
BLACK
6
CONTINUOUS
10
0.7057431102362205
20
0.2999401574803149
11
0.7060938582677165
21
0.2979510236220472
0
LINE
8
BLACK
6
CONTINUOUS
10
0.7060938582677165
20
0.2979510236220472
11
0.705083937007874
21
0.2962018503937008
0
LINE
8
BLACK
6
CONTINUOUS
10
0.705083937007874
20
0.2962018503937008
11
0.7031859448818898
21
0.2955110236220472
0
LINE
8
BLACK
6
CONTINUOUS
10
0.7031859448818898
20
0.2955110236220472
11
0.6948901181102362
21
0.2955110236220472
0
LINE
8
BLACK
6
CONTINUOUS
10
0.6948901181102362
20
0.2955110236220472
11
0.6948901181102362
21
0.2590937007874016
0
LINE
8
BLACK
6
CONTINUOUS
10
0.6948901181102362
20
0.2590937007874016
11
0.6947120472440945
21
0.2580837795275591
0
LINE
8
BLACK
6
CONTINUOUS
10
0.6947120472440945
20
0.2580837795275591
11
0.6934137401574803
21
0.2565365354330709
0
LINE
8
BLACK
6
CONTINUOUS
10
0.6934137401574803
20
0.2565365354330709
11
0.6914246062992125
21
0.2561857874015748
0
LINE
8
BLACK
6
CONTINUOUS
10
0.6914246062992125
20
0.2561857874015748
11
0.6896754330708661
21
0.2571957086614173
0
LINE
8
BLACK
6
CONTINUOUS
10
0.6896754330708661
20
0.2571957086614173
11
0.6889846062992125
21
0.2590937007874016
0
LINE
8
BLACK
6
CONTINUOUS
10
0.6889846062992125
20
0.2590937007874016
11
0.6889846062992125
21
0.2955110236220472
0
LINE
8
BLACK
6
CONTINUOUS
10
0.6889846062992125
20
0.2955110236220472
11
0.680688779527559
21
0.2955110236220472
0
LINE
8
BLACK
6
CONTINUOUS
10
0.680688779527559
20
0.2955110236220472
11
0.6796788582677166
21
0.295689094488189
0
LINE
8
BLACK
6
CONTINUOUS
10
0.6796788582677166
20
0.295689094488189
11
0.6781316141732283
21
0.2969874015748031
0
LINE
8
BLACK
6
CONTINUOUS
10
0.6781316141732283
20
0.2969874015748031
11
0.6777808661417323
21
0.2989765354330708
0
LINE
8
BLACK
6
CONTINUOUS
10
0.6777808661417323
20
0.2989765354330708
11
0.6787907874015748
21
0.3007257086614173
0
LINE
8
BLACK
6
CONTINUOUS
10
0.6787907874015748
20
0.3007257086614173
11
0.680688779527559
21
0.3014165354330708
0
LINE
8
BLACK
6
CONTINUOUS
10
0.680688779527559
20
0.3014165354330708
11
0.7031859448818898
21
0.3014165354330708
0
LINE
8
BLACK
6
CONTINUOUS
10
0.7031859448818898
20
0.3014165354330708
11
0.7041958661417322
21
0.3012384645669292
0
LINE
8
BLACK
6
CONTINUOUS
10
1.435981811023622
20
0.4660149212598425
11
1.4366726377952757
21
0.4641169291338583
0
LINE
8
BLACK
6
CONTINUOUS
10
1.4366726377952757
20
0.4641169291338583
11
1.4366726377952757
21
0.4614453937007874
0
LINE
8
BLACK
6
CONTINUOUS
10
1.4366726377952757
20
0.4614453937007874
11
1.4468432677165355
21
0.4614453937007874
0
LINE
8
BLACK
6
CONTINUOUS
10
1.4468432677165355
20
0.4614453937007874
11
1.4478531889763779
21
0.4612673228346457
0
LINE
8
BLACK
6
CONTINUOUS
10
1.4478531889763779
20
0.4612673228346457
11
1.4494004330708661
21
0.4599690157480315
0
LINE
8
BLACK
6
CONTINUOUS
10
1.4494004330708661
20
0.4599690157480315
11
1.4497511811023622
21
0.4579798818897638
0
LINE
8
BLACK
6
CONTINUOUS
10
1.4497511811023622
20
0.4579798818897638
11
1.4487412598425196
21
0.4562307086614173
0
LINE
8
BLACK
6
CONTINUOUS
10
1.4487412598425196
20
0.4562307086614173
11
1.4468432677165355
21
0.4555398818897637
0
LINE
8
BLACK
6
CONTINUOUS
10
1.4468432677165355
20
0.4555398818897637
11
1.4366726377952757
21
0.4555398818897637
0
LINE
8
BLACK
6
CONTINUOUS
10
1.4366726377952757
20
0.4555398818897637
11
1.4366726377952757
21
0.439745
0
LINE
8
BLACK
6
CONTINUOUS
10
1.4366726377952757
20
0.439745
11
1.4364945669291338
21
0.4387350787401575
0
LINE
8
BLACK
6
CONTINUOUS
10
1.4364945669291338
20
0.4387350787401575
11
1.4363494881889765
21
0.4385622047244094
0
LINE
8
BLACK
6
CONTINUOUS
10
1.4363494881889765
20
0.4385622047244094
11
1.4363164173228347
21
0.4383390157480315
0
LINE
8
BLACK
6
CONTINUOUS
10
1.4363164173228347
20
0.4383390157480315
11
1.435713937007874
21
0.4378047637795275
0
LINE
8
BLACK
6
CONTINUOUS
10
1.435713937007874
20
0.4378047637795275
11
1.4351962598425196
21
0.4371878346456693
0
LINE
8
BLACK
6
CONTINUOUS
10
1.4351962598425196
20
0.4371878346456693
11
1.4349739763779528
21
0.4371486220472441
0
LINE
8
BLACK
6
CONTINUOUS
10
1.4349739763779528
20
0.4371486220472441
11
1.4348051574803149
21
0.436998937007874
0
LINE
8
BLACK
6
CONTINUOUS
10
1.4348051574803149
20
0.436998937007874
11
1.4340002755905512
21
0.4369769291338583
0
LINE
8
BLACK
6
CONTINUOUS
10
1.4340002755905512
20
0.4369769291338583
11
1.433207125984252
21
0.4368370866141732
0
LINE
8
BLACK
6
CONTINUOUS
10
1.433207125984252
20
0.4368370866141732
11
1.4330116535433071
21
0.4369499212598425
0
LINE
8
BLACK
6
CONTINUOUS
10
1.4330116535433071
20
0.4369499212598425
11
1.4327861023622046
21
0.436943779527559
0
LINE
8
BLACK
6
CONTINUOUS
10
1.4327861023622046
20
0.436943779527559
11
1.40466468503937
21
0.4463175984251969
0
LINE
8
BLACK
6
CONTINUOUS
10
1.40466468503937
20
0.4463175984251969
11
1.4037629133858267
21
0.446805905511811
0
LINE
8
BLACK
6
CONTINUOUS
10
1.4037629133858267
20
0.446805905511811
11
1.4027056299212599
21
0.4485268503937008
0
LINE
8
BLACK
6
CONTINUOUS
10
1.4027056299212599
20
0.4485268503937008
11
1.4030018897637795
21
0.4505248425196851
0
LINE
8
BLACK
6
CONTINUOUS
10
1.4030018897637795
20
0.4505248425196851
11
1.4045131102362205
21
0.4518648818897638
0
LINE
8
BLACK
6
CONTINUOUS
10
1.4045131102362205
20
0.4518648818897638
11
1.4065321653543306
21
0.4519200393700787
0
LINE
8
BLACK
6
CONTINUOUS
10
1.4065321653543306
20
0.4519200393700787
11
1.430767125984252
21
0.4438416929133858
0
LINE
8
BLACK
6
CONTINUOUS
10
1.430767125984252
20
0.4438416929133858
11
1.430767125984252
21
0.4555398818897637
0
LINE
8
BLACK
6
CONTINUOUS
10
1.430767125984252
20
0.4555398818897637
11
1.4205965354330707
21
0.4555398818897637
0
LINE
8
BLACK
6
CONTINUOUS
10
1.4205965354330707
20
0.4555398818897637
11
1.4195866141732283
21
0.4557179527559055
0
LINE
8
BLACK
6
CONTINUOUS
10
1.4195866141732283
20
0.4557179527559055
11
1.4180393700787401
21
0.4570162598425197
0
LINE
8
BLACK
6
CONTINUOUS
10
1.4180393700787401
20
0.4570162598425197
11
1.417688622047244
21
0.4590053937007874
0
LINE
8
BLACK
6
CONTINUOUS
10
1.417688622047244
20
0.4590053937007874
11
1.4186985433070867
21
0.4607545669291339
0
LINE
8
BLACK
6
CONTINUOUS
10
1.4186985433070867
20
0.4607545669291339
11
1.4205965354330707
21
0.4614453937007874
0
LINE
8
BLACK
6
CONTINUOUS
10
1.4205965354330707
20
0.4614453937007874
11
1.430767125984252
21
0.4614453937007874
0
LINE
8
BLACK
6
CONTINUOUS
10
1.430767125984252
20
0.4614453937007874
11
1.430767125984252
21
0.4641169291338583
0
LINE
8
BLACK
6
CONTINUOUS
10
1.430767125984252
20
0.4641169291338583
11
1.4309451968503937
21
0.4651268503937008
0
LINE
8
BLACK
6
CONTINUOUS
10
1.4309451968503937
20
0.4651268503937008
11
1.4322435039370078
21
0.466674094488189
0
LINE
8
BLACK
6
CONTINUOUS
10
1.4322435039370078
20
0.466674094488189
11
1.4342326377952757
21
0.467024842519685
0
LINE
8
BLACK
6
CONTINUOUS
10
1.4342326377952757
20
0.467024842519685
11
1.435981811023622
21
0.4660149212598425
0
LINE
8
BLACK
6
CONTINUOUS
10
1.4082880708661416
20
0.5043457086614173
11
1.4086363385826772
21
0.5043262598425197
0
LINE
8
BLACK
6
CONTINUOUS
10
1.4086363385826772
20
0.5043262598425197
11
1.4480064173228346
21
0.4874533858267717
0
LINE
8
BLACK
6
CONTINUOUS
10
1.4480064173228346
20
0.4874533858267717
11
1.448864527559055
21
0.4868918897637795
0
LINE
8
BLACK
6
CONTINUOUS
10
1.448864527559055
20
0.4868918897637795
11
1.4497752362204723
21
0.4850890551181102
0
LINE
8
BLACK
6
CONTINUOUS
10
1.4497752362204723
20
0.4850890551181102
11
1.4493140551181103
21
0.4831225984251968
0
LINE
8
BLACK
6
CONTINUOUS
10
1.4493140551181103
20
0.4831225984251968
11
1.4476967716535434
21
0.4819126771653543
0
LINE
8
BLACK
6
CONTINUOUS
10
1.4476967716535434
20
0.4819126771653543
11
1.4456801181102361
21
0.4820253543307086
0
LINE
8
BLACK
6
CONTINUOUS
10
1.4456801181102361
20
0.4820253543307086
11
1.4104259448818897
21
0.4971342519685039
0
LINE
8
BLACK
6
CONTINUOUS
10
1.4104259448818897
20
0.4971342519685039
11
1.4104259448818897
21
0.4753655511811024
0
LINE
8
BLACK
6
CONTINUOUS
10
1.4104259448818897
20
0.4753655511811024
11
1.410247874015748
21
0.4743556299212598
0
LINE
8
BLACK
6
CONTINUOUS
10
1.410247874015748
20
0.4743556299212598
11
1.4089495669291339
21
0.4728083858267716
0
LINE
8
BLACK
6
CONTINUOUS
10
1.4089495669291339
20
0.4728083858267716
11
1.406960433070866
21
0.4724576377952756
0
LINE
8
BLACK
6
CONTINUOUS
10
1.406960433070866
20
0.4724576377952756
11
1.4052112598425197
21
0.4734675590551181
0
LINE
8
BLACK
6
CONTINUOUS
10
1.4052112598425197
20
0.4734675590551181
11
1.404520433070866
21
0.4753655511811024
0
LINE
8
BLACK
6
CONTINUOUS
10
1.404520433070866
20
0.4753655511811024
11
1.404520433070866
21
0.5016122440944881
0
LINE
8
BLACK
6
CONTINUOUS
10
1.404520433070866
20
0.5016122440944881
11
1.4046985039370079
21
0.5026221653543307
0
LINE
8
BLACK
6
CONTINUOUS
10
1.4046985039370079
20
0.5026221653543307
11
1.4049226771653542
21
0.5028893307086614
0
LINE
8
BLACK
6
CONTINUOUS
10
1.4049226771653542
20
0.5028893307086614
11
1.4050023622047243
21
0.5032290157480315
0
LINE
8
BLACK
6
CONTINUOUS
10
1.4050023622047243
20
0.5032290157480315
11
1.4055539763779528
21
0.5036416929133858
0
LINE
8
BLACK
6
CONTINUOUS
10
1.4055539763779528
20
0.5036416929133858
11
1.4059968110236221
21
0.5041694094488189
0
LINE
8
BLACK
6
CONTINUOUS
10
1.4059968110236221
20
0.5041694094488189
11
1.4063403543307087
21
0.5042299606299212
0
LINE
8
BLACK
6
CONTINUOUS
10
1.4063403543307087
20
0.5042299606299212
11
1.40661968503937
21
0.504438937007874
0
LINE
8
BLACK
6
CONTINUOUS
10
1.40661968503937
20
0.504438937007874
11
1.4073074015748031
21
0.5044004724409449
0
LINE
8
BLACK
6
CONTINUOUS
10
1.4073074015748031
20
0.5044004724409449
11
1.4079859448818897
21
0.504520157480315
0
LINE
8
BLACK
6
CONTINUOUS
10
1.4079859448818897
20
0.504520157480315
11
1.4082880708661416
21
0.5043457086614173
0
LINE
8
BLACK
6
CONTINUOUS
10
1.0540762598425197
20
0.8222384645669291
11
1.054211496062992
21
0.8221249606299212
0
LINE
8
BLACK
6
CONTINUOUS
10
1.054211496062992
20
0.8221249606299212
11
1.0543868503937008
21
0.8221048031496063
0
LINE
8
BLACK
6
CONTINUOUS
10
1.0543868503937008
20
0.8221048031496063
11
1.0581363779527559
21
0.8202300393700788
0
LINE
8
BLACK
6
CONTINUOUS
10
1.0581363779527559
20
0.8202300393700788
11
1.0588454330708661
21
0.8197040944881889
0
LINE
8
BLACK
6
CONTINUOUS
10
1.0588454330708661
20
0.8197040944881889
11
1.0589037795275591
21
0.8196769291338583
0
LINE
8
BLACK
6
CONTINUOUS
10
1.0589037795275591
20
0.8196769291338583
11
1.0607785433070867
21
0.8178021653543307
0
LINE
8
BLACK
6
CONTINUOUS
10
1.0607785433070867
20
0.8178021653543307
11
1.0612848031496063
21
0.8170790551181102
0
LINE
8
BLACK
6
CONTINUOUS
10
1.0612848031496063
20
0.8170790551181102
11
1.0613316535433071
21
0.8170347637795276
0
LINE
8
BLACK
6
CONTINUOUS
10
1.0613316535433071
20
0.8170347637795276
11
1.0632064173228346
21
0.8132852362204724
0
LINE
8
BLACK
6
CONTINUOUS
10
1.0632064173228346
20
0.8132852362204724
11
1.063498779527559
21
0.8123023228346457
0
LINE
8
BLACK
6
CONTINUOUS
10
1.063498779527559
20
0.8123023228346457
11
1.0634577559055118
21
0.8121305905511811
0
LINE
8
BLACK
6
CONTINUOUS
10
1.0634577559055118
20
0.8121305905511811
11
1.0635181496062991
21
0.8119647244094488
0
LINE
8
BLACK
6
CONTINUOUS
10
1.0635181496062991
20
0.8119647244094488
11
1.0635181496062991
21
0.8082151968503937
0
LINE
8
BLACK
6
CONTINUOUS
10
1.0635181496062991
20
0.8082151968503937
11
1.0633400787401575
21
0.8072052755905511
0
LINE
8
BLACK
6
CONTINUOUS
10
1.0633400787401575
20
0.8072052755905511
11
1.0632265748031495
21
0.80707
0
LINE
8
BLACK
6
CONTINUOUS
10
1.0632265748031495
20
0.80707
11
1.0632064173228346
21
0.80689468503937
0
LINE
8
BLACK
6
CONTINUOUS
10
1.0632064173228346
20
0.80689468503937
11
1.0613316535433071
21
0.8031451574803149
0
LINE
8
BLACK
6
CONTINUOUS
10
1.0613316535433071
20
0.8031451574803149
11
1.0608057480314961
21
0.802436062992126
0
LINE
8
BLACK
6
CONTINUOUS
10
1.0608057480314961
20
0.802436062992126
11
1.0607785433070867
21
0.8023777559055117
0
LINE
8
BLACK
6
CONTINUOUS
10
1.0607785433070867
20
0.8023777559055117
11
1.0598961811023622
21
0.8014953937007874
0
LINE
8
BLACK
6
CONTINUOUS
10
1.0598961811023622
20
0.8014953937007874
11
1.0605261417322835
21
0.8011543307086614
0
LINE
8
BLACK
6
CONTINUOUS
10
1.0605261417322835
20
0.8011543307086614
11
1.0606185433070865
21
0.8010038582677165
0
LINE
8
BLACK
6
CONTINUOUS
10
1.0606185433070865
20
0.8010038582677165
11
1.0607785433070867
21
0.8009292913385827
0
LINE
8
BLACK
6
CONTINUOUS
10
1.0607785433070867
20
0.8009292913385827
11
1.0626533070866142
21
0.7990545275590551
0
LINE
8
BLACK
6
CONTINUOUS
10
1.0626533070866142
20
0.7990545275590551
11
1.0631595669291338
21
0.7983314173228346
0
LINE
8
BLACK
6
CONTINUOUS
10
1.0631595669291338
20
0.7983314173228346
11
1.0632064173228346
21
0.798287125984252
0
LINE
8
BLACK
6
CONTINUOUS
10
1.0632064173228346
20
0.798287125984252
11
1.0650811811023622
21
0.7945375984251968
0
LINE
8
BLACK
6
CONTINUOUS
10
1.0650811811023622
20
0.7945375984251968
11
1.0653735433070866
21
0.7935546850393701
0
LINE
8
BLACK
6
CONTINUOUS
10
1.0653735433070866
20
0.7935546850393701
11
1.0653325196850394
21
0.7933829527559055
0
LINE
8
BLACK
6
CONTINUOUS
10
1.0653325196850394
20
0.7933829527559055
11
1.0653929133858266
21
0.7932170866141732
0
LINE
8
BLACK
6
CONTINUOUS
10
1.0653929133858266
20
0.7932170866141732
11
1.0653929133858266
21
0.7875927952755906
0
LINE
8
BLACK
6
CONTINUOUS
10
1.0653929133858266
20
0.7875927952755906
11
1.065214842519685
21
0.786582874015748
0
LINE
8
BLACK
6
CONTINUOUS
10
1.065214842519685
20
0.786582874015748
11
1.0651013385826771
21
0.7864475984251968
0
LINE
8
BLACK
6
CONTINUOUS
10
1.0651013385826771
20
0.7864475984251968
11
1.0650811811023622
21
0.7862722834645669
0
LINE
8
BLACK
6
CONTINUOUS
10
1.0650811811023622
20
0.7862722834645669
11
1.0632064173228346
21
0.7825227559055118
0
LINE
8
BLACK
6
CONTINUOUS
10
1.0632064173228346
20
0.7825227559055118
11
1.0626805118110236
21
0.7818136614173228
0
LINE
8
BLACK
6
CONTINUOUS
10
1.0626805118110236
20
0.7818136614173228
11
1.0626533070866142
21
0.7817553543307086
0
LINE
8
BLACK
6
CONTINUOUS
10
1.0626533070866142
20
0.7817553543307086
11
1.0607785433070867
21
0.7798805905511811
0
LINE
8
BLACK
6
CONTINUOUS
10
1.0607785433070867
20
0.7798805905511811
11
1.0600555511811023
21
0.7793743700787401
0
LINE
8
BLACK
6
CONTINUOUS
10
1.0600555511811023
20
0.7793743700787401
11
1.0600111811023623
21
0.7793274803149606
0
LINE
8
BLACK
6
CONTINUOUS
10
1.0600111811023623
20
0.7793274803149606
11
1.0562616535433071
21
0.7774526771653543
0
LINE
8
BLACK
6
CONTINUOUS
10
1.0562616535433071
20
0.7774526771653543
11
1.0552787007874016
21
0.7771603149606299
0
LINE
8
BLACK
6
CONTINUOUS
10
1.0552787007874016
20
0.7771603149606299
11
1.0551069685039369
21
0.7772012992125984
0
LINE
8
BLACK
6
CONTINUOUS
10
1.0551069685039369
20
0.7772012992125984
11
1.0549411023622046
21
0.7771409448818898
0
LINE
8
BLACK
6
CONTINUOUS
10
1.0549411023622046
20
0.7771409448818898
11
1.0399429921259842
21
0.7771409448818898
0
LINE
8
BLACK
6
CONTINUOUS
10
1.0399429921259842
20
0.7771409448818898
11
1.0395594488188977
21
0.7772085433070866
0
LINE
8
BLACK
6
CONTINUOUS
10
1.0395594488188977
20
0.7772085433070866
11
1.0394302362204724
21
0.7771857874015747
0
LINE
8
BLACK
6
CONTINUOUS
10
1.0394302362204724
20
0.7771857874015747
11
1.0393166141732284
21
0.7772513779527559
0
LINE
8
BLACK
6
CONTINUOUS
10
1.0393166141732284
20
0.7772513779527559
11
1.0389330708661417
21
0.7773190157480315
0
LINE
8
BLACK
6
CONTINUOUS
10
1.0389330708661417
20
0.7773190157480315
11
1.0383453543307086
21
0.777812125984252
0
LINE
8
BLACK
6
CONTINUOUS
10
1.0383453543307086
20
0.777812125984252
11
1.037681062992126
21
0.7781957086614173
0
LINE
8
BLACK
6
CONTINUOUS
10
1.037681062992126
20
0.7781957086614173
11
1.0375899212598425
21
0.7784460236220472
0
LINE
8
BLACK
6
CONTINUOUS
10
1.0375899212598425
20
0.7784460236220472
11
1.0373858267716536
21
0.7786173228346457
0
LINE
8
BLACK
6
CONTINUOUS
10
1.0373858267716536
20
0.7786173228346457
11
1.037252559055118
21
0.7793728740157481
0
LINE
8
BLACK
6
CONTINUOUS
10
1.037252559055118
20
0.7793728740157481
11
1.0369902362204724
21
0.7800937007874016
0
LINE
8
BLACK
6
CONTINUOUS
10
1.0369902362204724
20
0.7800937007874016
11
1.0369902362204724
21
0.819463779527559
0
LINE
8
BLACK
6
CONTINUOUS
10
1.0369902362204724
20
0.819463779527559
11
1.0370578346456694
21
0.8198472834645669
0
LINE
8
BLACK
6
CONTINUOUS
10
1.0370578346456694
20
0.8198472834645669
11
1.0370350787401574
21
0.8199765354330708
0
LINE
8
BLACK
6
CONTINUOUS
10
1.0370350787401574
20
0.8199765354330708
11
1.0371006692913385
21
0.8200901181102362
0
LINE
8
BLACK
6
CONTINUOUS
10
1.0371006692913385
20
0.8200901181102362
11
1.0371683070866142
21
0.8204737007874016
0
LINE
8
BLACK
6
CONTINUOUS
10
1.0371683070866142
20
0.8204737007874016
11
1.0376614173228347
21
0.8210613779527559
0
LINE
8
BLACK
6
CONTINUOUS
10
1.0376614173228347
20
0.8210613779527559
11
1.0380449999999999
21
0.8217257086614173
0
LINE
8
BLACK
6
CONTINUOUS
10
1.0380449999999999
20
0.8217257086614173
11
1.03829531496063
21
0.821816811023622
0
LINE
8
BLACK
6
CONTINUOUS
10
1.03829531496063
20
0.821816811023622
11
1.0384666141732284
21
0.8220209448818897
0
LINE
8
BLACK
6
CONTINUOUS
10
1.0384666141732284
20
0.8220209448818897
11
1.0392221653543308
21
0.8221541732283464
0
LINE
8
BLACK
6
CONTINUOUS
10
1.0392221653543308
20
0.8221541732283464
11
1.0399429921259842
21
0.8224165354330708
0
LINE
8
BLACK
6
CONTINUOUS
10
1.0399429921259842
20
0.8224165354330708
11
1.0530663385826771
21
0.8224165354330708
0
LINE
8
BLACK
6
CONTINUOUS
10
1.0530663385826771
20
0.8224165354330708
11
1.0540762598425197
21
0.8222384645669291
0
LINE
8
BLACK
6
CONTINUOUS
10
1.042895748031496
20
0.7830464566929134
11
1.0542440157480315
21
0.7830464566929134
0
LINE
8
BLACK
6
CONTINUOUS
10
1.0542440157480315
20
0.7830464566929134
11
1.0569414960629921
21
0.7843951968503937
0
LINE
8
BLACK
6
CONTINUOUS
10
1.0569414960629921
20
0.7843951968503937
11
1.0581386614173227
21
0.7855923622047244
0
LINE
8
BLACK
6
CONTINUOUS
10
1.0581386614173227
20
0.7855923622047244
11
1.059487401574803
21
0.788289842519685
0
LINE
8
BLACK
6
CONTINUOUS
10
1.059487401574803
20
0.788289842519685
11
1.059487401574803
21
0.7925200393700788
0
LINE
8
BLACK
6
CONTINUOUS
10
1.059487401574803
20
0.7925200393700788
11
1.0581386614173227
21
0.7952175196850394
0
LINE
8
BLACK
6
CONTINUOUS
10
1.0581386614173227
20
0.7952175196850394
11
1.0570955905511812
21
0.7962605511811024
0
LINE
8
BLACK
6
CONTINUOUS
10
1.0570955905511812
20
0.7962605511811024
11
1.0525872047244094
21
0.7977633858267716
0
LINE
8
BLACK
6
CONTINUOUS
10
1.0525872047244094
20
0.7977633858267716
11
1.042895748031496
21
0.7977633858267716
0
LINE
8
BLACK
6
CONTINUOUS
10
1.042895748031496
20
0.7977633858267716
11
1.042895748031496
21
0.7830464566929134
0
LINE
8
BLACK
6
CONTINUOUS
10
1.042895748031496
20
0.8036688976377953
11
1.0523692913385827
21
0.8036688976377953
0
LINE
8
BLACK
6
CONTINUOUS
10
1.0523692913385827
20
0.8036688976377953
11
1.0550667716535433
21
0.8050176377952756
0
LINE
8
BLACK
6
CONTINUOUS
10
1.0550667716535433
20
0.8050176377952756
11
1.0562638976377952
21
0.8062147637795275
0
LINE
8
BLACK
6
CONTINUOUS
10
1.0562638976377952
20
0.8062147637795275
11
1.0576126377952755
21
0.8089122440944881
0
LINE
8
BLACK
6
CONTINUOUS
10
1.0576126377952755
20
0.8089122440944881
11
1.0576126377952755
21
0.8112676771653543
0
LINE
8
BLACK
6
CONTINUOUS
10
1.0576126377952755
20
0.8112676771653543
11
1.0562638976377952
21
0.8139651574803149
0
LINE
8
BLACK
6
CONTINUOUS
10
1.0562638976377952
20
0.8139651574803149
11
1.0550667716535433
21
0.8151622834645669
0
LINE
8
BLACK
6
CONTINUOUS
10
1.0550667716535433
20
0.8151622834645669
11
1.0523692913385827
21
0.8165110236220472
0
LINE
8
BLACK
6
CONTINUOUS
10
1.0523692913385827
20
0.8165110236220472
11
1.042895748031496
21
0.8165110236220472
0
LINE
8
BLACK
6
CONTINUOUS
10
1.042895748031496
20
0.8165110236220472
11
1.042895748031496
21
0.8036688976377953
0
LINE
8
BLACK
6
CONTINUOUS
10
1.1234425984251968
20
0.8222384645669291
11
1.1235778346456693
21
0.8221249606299212
0
LINE
8
BLACK
6
CONTINUOUS
10
1.1235778346456693
20
0.8221249606299212
11
1.1237531889763779
21
0.8221048031496063
0
LINE
8
BLACK
6
CONTINUOUS
10
1.1237531889763779
20
0.8221048031496063
11
1.127502716535433
21
0.8202300393700788
0
LINE
8
BLACK
6
CONTINUOUS
10
1.127502716535433
20
0.8202300393700788
11
1.1282117716535434
21
0.8197040944881889
0
LINE
8
BLACK
6
CONTINUOUS
10
1.1282117716535434
20
0.8197040944881889
11
1.1282701181102361
21
0.8196769291338583
0
LINE
8
BLACK
6
CONTINUOUS
10
1.1282701181102361
20
0.8196769291338583
11
1.1301448818897637
21
0.8178021653543307
0
LINE
8
BLACK
6
CONTINUOUS
10
1.1301448818897637
20
0.8178021653543307
11
1.1306511417322835
21
0.8170790551181102
0
LINE
8
BLACK
6
CONTINUOUS
10
1.1306511417322835
20
0.8170790551181102
11
1.1306979921259843
21
0.8170347637795276
0
LINE
8
BLACK
6
CONTINUOUS
10
1.1306979921259843
20
0.8170347637795276
11
1.1325727559055119
21
0.8132852362204724
0
LINE
8
BLACK
6
CONTINUOUS
10
1.1325727559055119
20
0.8132852362204724
11
1.1328651181102363
21
0.8123023228346457
0
LINE
8
BLACK
6
CONTINUOUS
10
1.1328651181102363
20
0.8123023228346457
11
1.1328240944881889
21
0.8121305905511811
0
LINE
8
BLACK
6
CONTINUOUS
10
1.1328240944881889
20
0.8121305905511811
11
1.1328844881889764
21
0.8119647244094488
0
LINE
8
BLACK
6
CONTINUOUS
10
1.1328844881889764
20
0.8119647244094488
11
1.1328844881889764
21
0.8082151968503937
0
LINE
8
BLACK
6
CONTINUOUS
10
1.1328844881889764
20
0.8082151968503937
11
1.1327311811023622
21
0.8073457874015748
0
LINE
8
BLACK
6
CONTINUOUS
10
1.1327311811023622
20
0.8073457874015748
11
1.1327329527559056
21
0.8072814173228346
0
LINE
8
BLACK
6
CONTINUOUS
10
1.1327329527559056
20
0.8072814173228346
11
1.130858188976378
21
0.8016571653543307
0
LINE
8
BLACK
6
CONTINUOUS
10
1.130858188976378
20
0.8016571653543307
11
1.1303698818897638
21
0.8007553937007874
0
LINE
8
BLACK
6
CONTINUOUS
10
1.1303698818897638
20
0.8007553937007874
11
1.1302194881889764
21
0.8006629921259842
0
LINE
8
BLACK
6
CONTINUOUS
10
1.1302194881889764
20
0.8006629921259842
11
1.1301448818897637
21
0.8005029921259842
0
LINE
8
BLACK
6
CONTINUOUS
10
1.1301448818897637
20
0.8005029921259842
11
1.1126883858267715
21
0.7830464566929134
0
LINE
8
BLACK
6
CONTINUOUS
10
1.1126883858267715
20
0.7830464566929134
11
1.1299317322834646
21
0.7830464566929134
0
LINE
8
BLACK
6
CONTINUOUS
10
1.1299317322834646
20
0.7830464566929134
11
1.130941653543307
21
0.7828683858267717
0
LINE
8
BLACK
6
CONTINUOUS
10
1.130941653543307
20
0.7828683858267717
11
1.1324888976377951
21
0.7815700787401575
0
LINE
8
BLACK
6
CONTINUOUS
10
1.1324888976377951
20
0.7815700787401575
11
1.1328396456692913
21
0.7795809448818898
0
LINE
8
BLACK
6
CONTINUOUS
10
1.1328396456692913
20
0.7795809448818898
11
1.1318297244094488
21
0.7778317716535433
0
LINE
8
BLACK
6
CONTINUOUS
10
1.1318297244094488
20
0.7778317716535433
11
1.1299317322834646
21
0.7771409448818898
0
LINE
8
BLACK
6
CONTINUOUS
10
1.1299317322834646
20
0.7771409448818898
11
1.1055598031496063
21
0.7771409448818898
0
LINE
8
BLACK
6
CONTINUOUS
10
1.1055598031496063
20
0.7771409448818898
11
1.1049250393700787
21
0.7772528346456693
0
LINE
8
BLACK
6
CONTINUOUS
10
1.1049250393700787
20
0.7772528346456693
11
1.104795590551181
21
0.7772415354330708
0
LINE
8
BLACK
6
CONTINUOUS
10
1.104795590551181
20
0.7772415354330708
11
1.1047303543307085
21
0.7772871653543307
0
LINE
8
BLACK
6
CONTINUOUS
10
1.1047303543307085
20
0.7772871653543307
11
1.1045498818897637
21
0.7773190157480315
0
LINE
8
BLACK
6
CONTINUOUS
10
1.1045498818897637
20
0.7773190157480315
11
1.1038690157480315
21
0.7778902755905511
0
LINE
8
BLACK
6
CONTINUOUS
10
1.1038690157480315
20
0.7778902755905511
11
1.1031410236220471
21
0.7784000787401575
0
LINE
8
BLACK
6
CONTINUOUS
10
1.1031410236220471
20
0.7784000787401575
11
1.1031060629921259
21
0.7785305118110236
0
LINE
8
BLACK
6
CONTINUOUS
10
1.1031060629921259
20
0.7785305118110236
11
1.1030026377952755
21
0.7786173228346457
0
LINE
8
BLACK
6
CONTINUOUS
10
1.1030026377952755
20
0.7786173228346457
11
1.1028482677165354
21
0.7794926377952756
0
LINE
8
BLACK
6
CONTINUOUS
10
1.1028482677165354
20
0.7794926377952756
11
1.1026183070866142
21
0.7803510236220472
0
LINE
8
BLACK
6
CONTINUOUS
10
1.1026183070866142
20
0.7803510236220472
11
1.1026753543307086
21
0.7804733464566929
0
LINE
8
BLACK
6
CONTINUOUS
10
1.1026753543307086
20
0.7804733464566929
11
1.1026518897637796
21
0.7806064566929134
0
LINE
8
BLACK
6
CONTINUOUS
10
1.1026518897637796
20
0.7806064566929134
11
1.1030963779527558
21
0.7813763385826772
0
LINE
8
BLACK
6
CONTINUOUS
10
1.1030963779527558
20
0.7813763385826772
11
1.1034718897637794
21
0.7821816141732283
0
LINE
8
BLACK
6
CONTINUOUS
10
1.1034718897637794
20
0.7821816141732283
11
1.1254761417322834
21
0.804185905511811
0
LINE
8
BLACK
6
CONTINUOUS
10
1.1254761417322834
20
0.804185905511811
11
1.1269789763779527
21
0.8086943307086614
0
LINE
8
BLACK
6
CONTINUOUS
10
1.1269789763779527
20
0.8086943307086614
11
1.1269789763779527
21
0.8112676771653543
0
LINE
8
BLACK
6
CONTINUOUS
10
1.1269789763779527
20
0.8112676771653543
11
1.1256302362204724
21
0.8139651574803149
0
LINE
8
BLACK
6
CONTINUOUS
10
1.1256302362204724
20
0.8139651574803149
11
1.1244331102362204
21
0.8151622834645669
0
LINE
8
BLACK
6
CONTINUOUS
10
1.1244331102362204
20
0.8151622834645669
11
1.1217356299212597
21
0.8165110236220472
0
LINE
8
BLACK
6
CONTINUOUS
10
1.1217356299212597
20
0.8165110236220472
11
1.1137559055118109
21
0.8165110236220472
0
LINE
8
BLACK
6
CONTINUOUS
10
1.1137559055118109
20
0.8165110236220472
11
1.1110584251968503
21
0.8151622834645669
0
LINE
8
BLACK
6
CONTINUOUS
10
1.1110584251968503
20
0.8151622834645669
11
1.1095224803149606
21
0.8136263385826772
0
LINE
8
BLACK
6
CONTINUOUS
10
1.1095224803149606
20
0.8136263385826772
11
1.1086824409448819
21
0.8130381496062992
0
LINE
8
BLACK
6
CONTINUOUS
10
1.1086824409448819
20
0.8130381496062992
11
1.1066703543307086
21
0.8128620866141733
0
LINE
8
BLACK
6
CONTINUOUS
10
1.1066703543307086
20
0.8128620866141733
11
1.1050157874015747
21
0.8140206299212598
0
LINE
8
BLACK
6
CONTINUOUS
10
1.1050157874015747
20
0.8140206299212598
11
1.1044930708661418
21
0.8159715748031496
0
LINE
8
BLACK
6
CONTINUOUS
10
1.1044930708661418
20
0.8159715748031496
11
1.105346653543307
21
0.8178021653543307
0
LINE
8
BLACK
6
CONTINUOUS
10
1.105346653543307
20
0.8178021653543307
11
1.1072214173228345
21
0.8196769291338583
0
LINE
8
BLACK
6
CONTINUOUS
10
1.1072214173228345
20
0.8196769291338583
11
1.1079444881889764
21
0.820183188976378
0
LINE
8
BLACK
6
CONTINUOUS
10
1.1079444881889764
20
0.820183188976378
11
1.1079888188976377
21
0.8202300393700788
0
LINE
8
BLACK
6
CONTINUOUS
10
1.1079888188976377
20
0.8202300393700788
11
1.1117383464566928
21
0.8221048031496063
0
LINE
8
BLACK
6
CONTINUOUS
10
1.1117383464566928
20
0.8221048031496063
11
1.1127212598425196
21
0.8223971653543307
0
LINE
8
BLACK
6
CONTINUOUS
10
1.1127212598425196
20
0.8223971653543307
11
1.1128929527559055
21
0.8223561417322834
0
LINE
8
BLACK
6
CONTINUOUS
10
1.1128929527559055
20
0.8223561417322834
11
1.1130588582677166
21
0.8224165354330708
0
LINE
8
BLACK
6
CONTINUOUS
10
1.1130588582677166
20
0.8224165354330708
11
1.1224326771653543
21
0.8224165354330708
0
LINE
8
BLACK
6
CONTINUOUS
10
1.1224326771653543
20
0.8224165354330708
11
1.1234425984251968
21
0.8222384645669291
0
LINE
8
BLACK
6
CONTINUOUS
10
1.0971958661417323
20
0.8222384645669291
11
1.0987431102362204
21
0.8209401574803149
0
LINE
8
BLACK
6
CONTINUOUS
10
1.0987431102362204
20
0.8209401574803149
11
1.0990938582677166
21
0.8189510236220472
0
LINE
8
BLACK
6
CONTINUOUS
10
1.0990938582677166
20
0.8189510236220472
11
1.0980839370078741
21
0.8172018503937007
0
LINE
8
BLACK
6
CONTINUOUS
10
1.0980839370078741
20
0.8172018503937007
11
1.0961859448818898
21
0.8165110236220472
0
LINE
8
BLACK
6
CONTINUOUS
10
1.0961859448818898
20
0.8165110236220472
11
1.0878901181102363
21
0.8165110236220472
0
LINE
8
BLACK
6
CONTINUOUS
10
1.0878901181102363
20
0.8165110236220472
11
1.0878901181102363
21
0.7800937007874016
0
LINE
8
BLACK
6
CONTINUOUS
10
1.0878901181102363
20
0.7800937007874016
11
1.0877120472440944
21
0.779083779527559
0
LINE
8
BLACK
6
CONTINUOUS
10
1.0877120472440944
20
0.779083779527559
11
1.0864137401574803
21
0.7775365354330709
0
LINE
8
BLACK
6
CONTINUOUS
10
1.0864137401574803
20
0.7775365354330709
11
1.0844246062992127
21
0.7771857874015747
0
LINE
8
BLACK
6
CONTINUOUS
10
1.0844246062992127
20
0.7771857874015747
11
1.0826754330708661
21
0.7781957086614173
0
LINE
8
BLACK
6
CONTINUOUS
10
1.0826754330708661
20
0.7781957086614173
11
1.0819846062992127
21
0.7800937007874016
0
LINE
8
BLACK
6
CONTINUOUS
10
1.0819846062992127
20
0.7800937007874016
11
1.0819846062992127
21
0.8165110236220472
0
LINE
8
BLACK
6
CONTINUOUS
10
1.0819846062992127
20
0.8165110236220472
11
1.0736887795275589
21
0.8165110236220472
0
LINE
8
BLACK
6
CONTINUOUS
10
1.0736887795275589
20
0.8165110236220472
11
1.0726788582677165
21
0.8166890944881889
0
LINE
8
BLACK
6
CONTINUOUS
10
1.0726788582677165
20
0.8166890944881889
11
1.0711316141732283
21
0.8179874015748031
0
LINE
8
BLACK
6
CONTINUOUS
10
1.0711316141732283
20
0.8179874015748031
11
1.0707808661417322
21
0.8199765354330708
0
LINE
8
BLACK
6
CONTINUOUS
10
1.0707808661417322
20
0.8199765354330708
11
1.0717907874015749
21
0.8217257086614173
0
LINE
8
BLACK
6
CONTINUOUS
10
1.0717907874015749
20
0.8217257086614173
11
1.0736887795275589
21
0.8224165354330708
0
LINE
8
BLACK
6
CONTINUOUS
10
1.0736887795275589
20
0.8224165354330708
11
1.0961859448818898
21
0.8224165354330708
0
LINE
8
BLACK
6
CONTINUOUS
10
1.0961859448818898
20
0.8224165354330708
11
1.0971958661417323
21
0.8222384645669291
0
LINE
8
BLACK
6
CONTINUOUS
10
0.6124613385826772
20
0.8232384645669291
11
0.6125965748031496
21
0.8231249606299212
0
LINE
8
BLACK
6
CONTINUOUS
10
0.6125965748031496
20
0.8231249606299212
11
0.6127719291338583
21
0.8231048031496063
0
LINE
8
BLACK
6
CONTINUOUS
10
0.6127719291338583
20
0.8231048031496063
11
0.6165214566929134
21
0.8212300393700788
0
LINE
8
BLACK
6
CONTINUOUS
10
0.6165214566929134
20
0.8212300393700788
11
0.6172305118110236
21
0.8207040944881889
0
LINE
8
BLACK
6
CONTINUOUS
10
0.6172305118110236
20
0.8207040944881889
11
0.6172888582677165
21
0.8206769291338583
0
LINE
8
BLACK
6
CONTINUOUS
10
0.6172888582677165
20
0.8206769291338583
11
0.6191636220472441
21
0.8188021653543307
0
LINE
8
BLACK
6
CONTINUOUS
10
0.6191636220472441
20
0.8188021653543307
11
0.6196698818897638
21
0.8180790551181102
0
LINE
8
BLACK
6
CONTINUOUS
10
0.6196698818897638
20
0.8180790551181102
11
0.6197167322834646
21
0.8180347637795276
0
LINE
8
BLACK
6
CONTINUOUS
10
0.6197167322834646
20
0.8180347637795276
11
0.6215914960629921
21
0.8142852362204724
0
LINE
8
BLACK
6
CONTINUOUS
10
0.6215914960629921
20
0.8142852362204724
11
0.6218838582677165
21
0.8133023228346457
0
LINE
8
BLACK
6
CONTINUOUS
10
0.6218838582677165
20
0.8133023228346457
11
0.6218428346456693
21
0.8131305905511811
0
LINE
8
BLACK
6
CONTINUOUS
10
0.6218428346456693
20
0.8131305905511811
11
0.6219032283464567
21
0.8129647244094488
0
LINE
8
BLACK
6
CONTINUOUS
10
0.6219032283464567
20
0.8129647244094488
11
0.6219032283464567
21
0.8092151968503937
0
LINE
8
BLACK
6
CONTINUOUS
10
0.6219032283464567
20
0.8092151968503937
11
0.621725157480315
21
0.8082052755905511
0
LINE
8
BLACK
6
CONTINUOUS
10
0.621725157480315
20
0.8082052755905511
11
0.6216116535433071
21
0.80807
0
LINE
8
BLACK
6
CONTINUOUS
10
0.6216116535433071
20
0.80807
11
0.6215914960629921
21
0.80789468503937
0
LINE
8
BLACK
6
CONTINUOUS
10
0.6215914960629921
20
0.80789468503937
11
0.6197167322834646
21
0.8041451574803149
0
LINE
8
BLACK
6
CONTINUOUS
10
0.6197167322834646
20
0.8041451574803149
11
0.6191908267716535
21
0.803436062992126
0
LINE
8
BLACK
6
CONTINUOUS
10
0.6191908267716535
20
0.803436062992126
11
0.6191636220472441
21
0.8033777559055117
0
LINE
8
BLACK
6
CONTINUOUS
10
0.6191636220472441
20
0.8033777559055117
11
0.6182812598425197
21
0.8024953937007874
0
LINE
8
BLACK
6
CONTINUOUS
10
0.6182812598425197
20
0.8024953937007874
11
0.618911220472441
21
0.8021543307086614
0
LINE
8
BLACK
6
CONTINUOUS
10
0.618911220472441
20
0.8021543307086614
11
0.6190036220472441
21
0.8020038582677165
0
LINE
8
BLACK
6
CONTINUOUS
10
0.6190036220472441
20
0.8020038582677165
11
0.6191636220472441
21
0.8019292913385827
0
LINE
8
BLACK
6
CONTINUOUS
10
0.6191636220472441
20
0.8019292913385827
11
0.6210383858267716
21
0.8000545275590552
0
LINE
8
BLACK
6
CONTINUOUS
10
0.6210383858267716
20
0.8000545275590552
11
0.6215446456692914
21
0.7993314173228346
0
LINE
8
BLACK
6
CONTINUOUS
10
0.6215446456692914
20
0.7993314173228346
11
0.6215914960629921
21
0.799287125984252
0
LINE
8
BLACK
6
CONTINUOUS
10
0.6215914960629921
20
0.799287125984252
11
0.6234662598425197
21
0.7955375984251968
0
LINE
8
BLACK
6
CONTINUOUS
10
0.6234662598425197
20
0.7955375984251968
11
0.6237586220472441
21
0.7945546850393701
0
LINE
8
BLACK
6
CONTINUOUS
10
0.6237586220472441
20
0.7945546850393701
11
0.6237175984251968
21
0.7943829527559055
0
LINE
8
BLACK
6
CONTINUOUS
10
0.6237175984251968
20
0.7943829527559055
11
0.6237779921259843
21
0.7942170866141732
0
LINE
8
BLACK
6
CONTINUOUS
10
0.6237779921259843
20
0.7942170866141732
11
0.6237779921259843
21
0.7885927952755906
0
LINE
8
BLACK
6
CONTINUOUS
10
0.6237779921259843
20
0.7885927952755906
11
0.6235999212598425
21
0.787582874015748
0
LINE
8
BLACK
6
CONTINUOUS
10
0.6235999212598425
20
0.787582874015748
11
0.6234864173228346
21
0.7874475984251968
0
LINE
8
BLACK
6
CONTINUOUS
10
0.6234864173228346
20
0.7874475984251968
11
0.6234662598425197
21
0.7872722834645669
0
LINE
8
BLACK
6
CONTINUOUS
10
0.6234662598425197
20
0.7872722834645669
11
0.6215914960629921
21
0.7835227559055118
0
LINE
8
BLACK
6
CONTINUOUS
10
0.6215914960629921
20
0.7835227559055118
11
0.621065590551181
21
0.7828136614173228
0
LINE
8
BLACK
6
CONTINUOUS
10
0.621065590551181
20
0.7828136614173228
11
0.6210383858267716
21
0.7827553543307086
0
LINE
8
BLACK
6
CONTINUOUS
10
0.6210383858267716
20
0.7827553543307086
11
0.6191636220472441
21
0.7808805905511811
0
LINE
8
BLACK
6
CONTINUOUS
10
0.6191636220472441
20
0.7808805905511811
11
0.6184406299212598
21
0.7803743700787401
0
LINE
8
BLACK
6
CONTINUOUS
10
0.6184406299212598
20
0.7803743700787401
11
0.6183962598425197
21
0.7803274803149606
0
LINE
8
BLACK
6
CONTINUOUS
10
0.6183962598425197
20
0.7803274803149606
11
0.6146467322834646
21
0.7784526771653543
0
LINE
8
BLACK
6
CONTINUOUS
10
0.6146467322834646
20
0.7784526771653543
11
0.613663779527559
21
0.7781603149606299
0
LINE
8
BLACK
6
CONTINUOUS
10
0.613663779527559
20
0.7781603149606299
11
0.6134920472440945
21
0.7782012992125984
0
LINE
8
BLACK
6
CONTINUOUS
10
0.6134920472440945
20
0.7782012992125984
11
0.6133261811023621
21
0.7781409448818898
0
LINE
8
BLACK
6
CONTINUOUS
10
0.6133261811023621
20
0.7781409448818898
11
0.5983280708661417
21
0.7781409448818898
0
LINE
8
BLACK
6
CONTINUOUS
10
0.5983280708661417
20
0.7781409448818898
11
0.5979445275590551
21
0.7782085433070866
0
LINE
8
BLACK
6
CONTINUOUS
10
0.5979445275590551
20
0.7782085433070866
11
0.5978153149606299
21
0.7781857874015747
0
LINE
8
BLACK
6
CONTINUOUS
10
0.5978153149606299
20
0.7781857874015747
11
0.5977016929133858
21
0.7782513779527559
0
LINE
8
BLACK
6
CONTINUOUS
10
0.5977016929133858
20
0.7782513779527559
11
0.5973181496062993
21
0.7783190157480315
0
LINE
8
BLACK
6
CONTINUOUS
10
0.5973181496062993
20
0.7783190157480315
11
0.5967304330708662
21
0.778812125984252
0
LINE
8
BLACK
6
CONTINUOUS
10
0.5967304330708662
20
0.778812125984252
11
0.5960661417322834
21
0.7791957086614173
0
LINE
8
BLACK
6
CONTINUOUS
10
0.5960661417322834
20
0.7791957086614173
11
0.595975
21
0.7794460236220472
0
LINE
8
BLACK
6
CONTINUOUS
10
0.595975
20
0.7794460236220472
11
0.595770905511811
21
0.7796173228346457
0
LINE
8
BLACK
6
CONTINUOUS
10
0.595770905511811
20
0.7796173228346457
11
0.5956376377952756
21
0.7803728740157481
0
LINE
8
BLACK
6
CONTINUOUS
10
0.5956376377952756
20
0.7803728740157481
11
0.5953753149606299
21
0.7810937007874016
0
LINE
8
BLACK
6
CONTINUOUS
10
0.5953753149606299
20
0.7810937007874016
11
0.5953753149606299
21
0.820463779527559
0
LINE
8
BLACK
6
CONTINUOUS
10
0.5953753149606299
20
0.820463779527559
11
0.5954429133858268
21
0.8208472834645669
0
LINE
8
BLACK
6
CONTINUOUS
10
0.5954429133858268
20
0.8208472834645669
11
0.595420157480315
21
0.8209765354330708
0
LINE
8
BLACK
6
CONTINUOUS
10
0.595420157480315
20
0.8209765354330708
11
0.595485748031496
21
0.8210901181102362
0
LINE
8
BLACK
6
CONTINUOUS
10
0.595485748031496
20
0.8210901181102362
11
0.5955533858267716
21
0.8214737007874016
0
LINE
8
BLACK
6
CONTINUOUS
10
0.5955533858267716
20
0.8214737007874016
11
0.5960464960629921
21
0.8220613779527559
0
LINE
8
BLACK
6
CONTINUOUS
10
0.5960464960629921
20
0.8220613779527559
11
0.5964300787401575
21
0.8227257086614173
0
LINE
8
BLACK
6
CONTINUOUS
10
0.5964300787401575
20
0.8227257086614173
11
0.5966803937007874
21
0.822816811023622
0
LINE
8
BLACK
6
CONTINUOUS
10
0.5966803937007874
20
0.822816811023622
11
0.5968516929133858
21
0.8230209448818897
0
LINE
8
BLACK
6
CONTINUOUS
10
0.5968516929133858
20
0.8230209448818897
11
0.5976072440944882
21
0.8231541732283464
0
LINE
8
BLACK
6
CONTINUOUS
10
0.5976072440944882
20
0.8231541732283464
11
0.5983280708661417
21
0.8234165354330708
0
LINE
8
BLACK
6
CONTINUOUS
10
0.5983280708661417
20
0.8234165354330708
11
0.6114514173228346
21
0.8234165354330708
0
LINE
8
BLACK
6
CONTINUOUS
10
0.6114514173228346
20
0.8234165354330708
11
0.6124613385826772
21
0.8232384645669291
0
LINE
8
BLACK
6
CONTINUOUS
10
0.6012808267716535
20
0.7840464566929134
11
0.6126290944881889
21
0.7840464566929134
0
LINE
8
BLACK
6
CONTINUOUS
10
0.6126290944881889
20
0.7840464566929134
11
0.6153265748031496
21
0.7853951968503937
0
LINE
8
BLACK
6
CONTINUOUS
10
0.6153265748031496
20
0.7853951968503937
11
0.6165237401574803
21
0.7865923622047244
0
LINE
8
BLACK
6
CONTINUOUS
10
0.6165237401574803
20
0.7865923622047244
11
0.6178724803149607
21
0.789289842519685
0
LINE
8
BLACK
6
CONTINUOUS
10
0.6178724803149607
20
0.789289842519685
11
0.6178724803149607
21
0.7935200393700788
0
LINE
8
BLACK
6
CONTINUOUS
10
0.6178724803149607
20
0.7935200393700788
11
0.6165237401574803
21
0.7962175196850394
0
LINE
8
BLACK
6
CONTINUOUS
10
0.6165237401574803
20
0.7962175196850394
11
0.6154806692913386
21
0.7972605511811024
0
LINE
8
BLACK
6
CONTINUOUS
10
0.6154806692913386
20
0.7972605511811024
11
0.6109722834645669
21
0.7987633858267716
0
LINE
8
BLACK
6
CONTINUOUS
10
0.6109722834645669
20
0.7987633858267716
11
0.6012808267716535
21
0.7987633858267716
0
LINE
8
BLACK
6
CONTINUOUS
10
0.6012808267716535
20
0.7987633858267716
11
0.6012808267716535
21
0.7840464566929134
0
LINE
8
BLACK
6
CONTINUOUS
10
0.6012808267716535
20
0.8046688976377953
11
0.6107543700787401
21
0.8046688976377953
0
LINE
8
BLACK
6
CONTINUOUS
10
0.6107543700787401
20
0.8046688976377953
11
0.6134518503937008
21
0.8060176377952756
0
LINE
8
BLACK
6
CONTINUOUS
10
0.6134518503937008
20
0.8060176377952756
11
0.6146489763779528
21
0.8072147637795275
0
LINE
8
BLACK
6
CONTINUOUS
10
0.6146489763779528
20
0.8072147637795275
11
0.615997716535433
21
0.8099122440944881
0
LINE
8
BLACK
6
CONTINUOUS
10
0.615997716535433
20
0.8099122440944881
11
0.615997716535433
21
0.8122676771653543
0
LINE
8
BLACK
6
CONTINUOUS
10
0.615997716535433
20
0.8122676771653543
11
0.6146489763779528
21
0.814965157480315
0
LINE
8
BLACK
6
CONTINUOUS
10
0.6146489763779528
20
0.814965157480315
11
0.6134518503937008
21
0.8161622834645669
0
LINE
8
BLACK
6
CONTINUOUS
10
0.6134518503937008
20
0.8161622834645669
11
0.6107543700787401
21
0.8175110236220472
0
LINE
8
BLACK
6
CONTINUOUS
10
0.6107543700787401
20
0.8175110236220472
11
0.6012808267716535
21
0.8175110236220472
0
LINE
8
BLACK
6
CONTINUOUS
10
0.6012808267716535
20
0.8175110236220472
11
0.6012808267716535
21
0.8046688976377953
0
LINE
8
BLACK
6
CONTINUOUS
10
0.6930762598425196
20
0.8232384645669291
11
0.6932114960629921
21
0.8231249606299212
0
LINE
8
BLACK
6
CONTINUOUS
10
0.6932114960629921
20
0.8231249606299212
11
0.6933868503937007
21
0.8231048031496063
0
LINE
8
BLACK
6
CONTINUOUS
10
0.6933868503937007
20
0.8231048031496063
11
0.6971363779527558
21
0.8212300393700788
0
LINE
8
BLACK
6
CONTINUOUS
10
0.6971363779527558
20
0.8212300393700788
11
0.6978454330708661
21
0.8207040944881889
0
LINE
8
BLACK
6
CONTINUOUS
10
0.6978454330708661
20
0.8207040944881889
11
0.697903779527559
21
0.8206769291338583
0
LINE
8
BLACK
6
CONTINUOUS
10
0.697903779527559
20
0.8206769291338583
11
0.6997785433070866
21
0.8188021653543307
0
LINE
8
BLACK
6
CONTINUOUS
10
0.6997785433070866
20
0.8188021653543307
11
0.7002848031496063
21
0.8180790551181102
0
LINE
8
BLACK
6
CONTINUOUS
10
0.7002848031496063
20
0.8180790551181102
11
0.7003316535433071
21
0.8180347637795276
0
LINE
8
BLACK
6
CONTINUOUS
10
0.7003316535433071
20
0.8180347637795276
11
0.7022064173228346
21
0.8142852362204724
0
LINE
8
BLACK
6
CONTINUOUS
10
0.7022064173228346
20
0.8142852362204724
11
0.702498779527559
21
0.8133023228346457
0
LINE
8
BLACK
6
CONTINUOUS
10
0.702498779527559
20
0.8133023228346457
11
0.7024577559055118
21
0.8131305905511811
0
LINE
8
BLACK
6
CONTINUOUS
10
0.7024577559055118
20
0.8131305905511811
11
0.7025181496062992
21
0.8129647244094488
0
LINE
8
BLACK
6
CONTINUOUS
10
0.7025181496062992
20
0.8129647244094488
11
0.7025181496062992
21
0.8092151968503937
0
LINE
8
BLACK
6
CONTINUOUS
10
0.7025181496062992
20
0.8092151968503937
11
0.702364842519685
21
0.8083457874015748
0
LINE
8
BLACK
6
CONTINUOUS
10
0.702364842519685
20
0.8083457874015748
11
0.7023666141732283
21
0.8082814173228346
0
LINE
8
BLACK
6
CONTINUOUS
10
0.7023666141732283
20
0.8082814173228346
11
0.7004918503937008
21
0.8026571653543307
0
LINE
8
BLACK
6
CONTINUOUS
10
0.7004918503937008
20
0.8026571653543307
11
0.7000035433070866
21
0.8017553937007874
0
LINE
8
BLACK
6
CONTINUOUS
10
0.7000035433070866
20
0.8017553937007874
11
0.6998531496062992
21
0.8016629921259842
0
LINE
8
BLACK
6
CONTINUOUS
10
0.6998531496062992
20
0.8016629921259842
11
0.6997785433070866
21
0.8015029921259842
0
LINE
8
BLACK
6
CONTINUOUS
10
0.6997785433070866
20
0.8015029921259842
11
0.6823220472440945
21
0.7840464566929134
0
LINE
8
BLACK
6
CONTINUOUS
10
0.6823220472440945
20
0.7840464566929134
11
0.6995653937007874
21
0.7840464566929134
0
LINE
8
BLACK
6
CONTINUOUS
10
0.6995653937007874
20
0.7840464566929134
11
0.7005753149606299
21
0.7838683858267717
0
LINE
8
BLACK
6
CONTINUOUS
10
0.7005753149606299
20
0.7838683858267717
11
0.7021225590551181
21
0.7825700787401575
0
LINE
8
BLACK
6
CONTINUOUS
10
0.7021225590551181
20
0.7825700787401575
11
0.7024733070866142
21
0.7805809448818898
0
LINE
8
BLACK
6
CONTINUOUS
10
0.7024733070866142
20
0.7805809448818898
11
0.7014633858267716
21
0.7788317716535433
0
LINE
8
BLACK
6
CONTINUOUS
10
0.7014633858267716
20
0.7788317716535433
11
0.6995653937007874
21
0.7781409448818898
0
LINE
8
BLACK
6
CONTINUOUS
10
0.6995653937007874
20
0.7781409448818898
11
0.6751934645669291
21
0.7781409448818898
0
LINE
8
BLACK
6
CONTINUOUS
10
0.6751934645669291
20
0.7781409448818898
11
0.6745587007874015
21
0.7782528346456693
0
LINE
8
BLACK
6
CONTINUOUS
10
0.6745587007874015
20
0.7782528346456693
11
0.6744292519685039
21
0.7782415354330708
0
LINE
8
BLACK
6
CONTINUOUS
10
0.6744292519685039
20
0.7782415354330708
11
0.6743640157480315
21
0.7782871653543307
0
LINE
8
BLACK
6
CONTINUOUS
10
0.6743640157480315
20
0.7782871653543307
11
0.6741835433070866
21
0.7783190157480315
0
LINE
8
BLACK
6
CONTINUOUS
10
0.6741835433070866
20
0.7783190157480315
11
0.6735026771653543
21
0.7788902755905511
0
LINE
8
BLACK
6
CONTINUOUS
10
0.6735026771653543
20
0.7788902755905511
11
0.6727746850393701
21
0.7794000787401575
0
LINE
8
BLACK
6
CONTINUOUS
10
0.6727746850393701
20
0.7794000787401575
11
0.6727397244094488
21
0.7795305118110236
0
LINE
8
BLACK
6
CONTINUOUS
10
0.6727397244094488
20
0.7795305118110236
11
0.6726362992125984
21
0.7796173228346457
0
LINE
8
BLACK
6
CONTINUOUS
10
0.6726362992125984
20
0.7796173228346457
11
0.6724819291338583
21
0.7804926377952756
0
LINE
8
BLACK
6
CONTINUOUS
10
0.6724819291338583
20
0.7804926377952756
11
0.672251968503937
21
0.7813510236220472
0
LINE
8
BLACK
6
CONTINUOUS
10
0.672251968503937
20
0.7813510236220472
11
0.6723090157480315
21
0.7814733464566929
0
LINE
8
BLACK
6
CONTINUOUS
10
0.6723090157480315
20
0.7814733464566929
11
0.6722855511811023
21
0.7816064566929134
0
LINE
8
BLACK
6
CONTINUOUS
10
0.6722855511811023
20
0.7816064566929134
11
0.6727301574803149
21
0.7823765354330708
0
LINE
8
BLACK
6
CONTINUOUS
10
0.6727301574803149
20
0.7823765354330708
11
0.6731055511811024
21
0.7831816141732283
0
LINE
8
BLACK
6
CONTINUOUS
10
0.6731055511811024
20
0.7831816141732283
11
0.6951098031496062
21
0.805185905511811
0
LINE
8
BLACK
6
CONTINUOUS
10
0.6951098031496062
20
0.805185905511811
11
0.6966126377952756
21
0.8096943307086614
0
LINE
8
BLACK
6
CONTINUOUS
10
0.6966126377952756
20
0.8096943307086614
11
0.6966126377952756
21
0.8122676771653543
0
LINE
8
BLACK
6
CONTINUOUS
10
0.6966126377952756
20
0.8122676771653543
11
0.6952638976377953
21
0.814965157480315
0
LINE
8
BLACK
6
CONTINUOUS
10
0.6952638976377953
20
0.814965157480315
11
0.6940667716535432
21
0.8161622834645669
0
LINE
8
BLACK
6
CONTINUOUS
10
0.6940667716535432
20
0.8161622834645669
11
0.6913692913385827
21
0.8175110236220472
0
LINE
8
BLACK
6
CONTINUOUS
10
0.6913692913385827
20
0.8175110236220472
11
0.6833895669291339
21
0.8175110236220472
0
LINE
8
BLACK
6
CONTINUOUS
10
0.6833895669291339
20
0.8175110236220472
11
0.6806920866141732
21
0.8161622834645669
0
LINE
8
BLACK
6
CONTINUOUS
10
0.6806920866141732
20
0.8161622834645669
11
0.6791561417322834
21
0.8146263385826772
0
LINE
8
BLACK
6
CONTINUOUS
10
0.6791561417322834
20
0.8146263385826772
11
0.6783161023622047
21
0.8140381496062992
0
LINE
8
BLACK
6
CONTINUOUS
10
0.6783161023622047
20
0.8140381496062992
11
0.6763040157480315
21
0.8138620866141733
0
LINE
8
BLACK
6
CONTINUOUS
10
0.6763040157480315
20
0.8138620866141733
11
0.6746494488188977
21
0.8150206299212598
0
LINE
8
BLACK
6
CONTINUOUS
10
0.6746494488188977
20
0.8150206299212598
11
0.6741267322834645
21
0.8169715748031496
0
LINE
8
BLACK
6
CONTINUOUS
10
0.6741267322834645
20
0.8169715748031496
11
0.6749803149606299
21
0.8188021653543307
0
LINE
8
BLACK
6
CONTINUOUS
10
0.6749803149606299
20
0.8188021653543307
11
0.6768550787401575
21
0.8206769291338583
0
LINE
8
BLACK
6
CONTINUOUS
10
0.6768550787401575
20
0.8206769291338583
11
0.6775781496062993
21
0.821183188976378
0
LINE
8
BLACK
6
CONTINUOUS
10
0.6775781496062993
20
0.821183188976378
11
0.6776224803149606
21
0.8212300393700788
0
LINE
8
BLACK
6
CONTINUOUS
10
0.6776224803149606
20
0.8212300393700788
11
0.6813720078740158
21
0.8231048031496063
0
LINE
8
BLACK
6
CONTINUOUS
10
0.6813720078740158
20
0.8231048031496063
11
0.6823549212598425
21
0.8233971653543307
0
LINE
8
BLACK
6
CONTINUOUS
10
0.6823549212598425
20
0.8233971653543307
11
0.6825266141732284
21
0.8233561417322834
0
LINE
8
BLACK
6
CONTINUOUS
10
0.6825266141732284
20
0.8233561417322834
11
0.6826925196850393
21
0.8234165354330708
0
LINE
8
BLACK
6
CONTINUOUS
10
0.6826925196850393
20
0.8234165354330708
11
0.6920663385826772
21
0.8234165354330708
0
LINE
8
BLACK
6
CONTINUOUS
10
0.6920663385826772
20
0.8234165354330708
11
0.6930762598425196
21
0.8232384645669291
0
LINE
8
BLACK
6
CONTINUOUS
10
0.737498031496063
20
0.8233394094488189
11
0.7376335433070866
21
0.8233604330708661
0
LINE
8
BLACK
6
CONTINUOUS
10
0.7376335433070866
20
0.8233604330708661
11
0.7377381889763779
21
0.8232970472440945
0
LINE
8
BLACK
6
CONTINUOUS
10
0.7377381889763779
20
0.8232970472440945
11
0.7380706299212598
21
0.8232384645669291
0
LINE
8
BLACK
6
CONTINUOUS
10
0.7380706299212598
20
0.8232384645669291
11
0.7386803937007874
21
0.8227267716535432
0
LINE
8
BLACK
6
CONTINUOUS
10
0.7386803937007874
20
0.8227267716535432
11
0.7393614566929134
21
0.8223145669291338
0
LINE
8
BLACK
6
CONTINUOUS
10
0.7393614566929134
20
0.8223145669291338
11
0.7394374015748031
21
0.8220915354330709
0
LINE
8
BLACK
6
CONTINUOUS
10
0.7394374015748031
20
0.8220915354330709
11
0.739617874015748
21
0.8219401574803149
0
LINE
8
BLACK
6
CONTINUOUS
10
0.739617874015748
20
0.8219401574803149
11
0.7397561023622047
21
0.8211561811023622
0
LINE
8
BLACK
6
CONTINUOUS
10
0.7397561023622047
20
0.8211561811023622
11
0.7400128346456692
21
0.8204026771653543
0
LINE
8
BLACK
6
CONTINUOUS
10
0.7400128346456692
20
0.8204026771653543
11
0.7399276771653543
21
0.820183031496063
0
LINE
8
BLACK
6
CONTINUOUS
10
0.7399276771653543
20
0.820183031496063
11
0.7399686220472441
21
0.8199510236220472
0
LINE
8
BLACK
6
CONTINUOUS
10
0.7399686220472441
20
0.8199510236220472
11
0.7395705118110236
21
0.8192615354330709
0
LINE
8
BLACK
6
CONTINUOUS
10
0.7395705118110236
20
0.8192615354330709
11
0.739282874015748
21
0.8185193700787401
0
LINE
8
BLACK
6
CONTINUOUS
10
0.739282874015748
20
0.8185193700787401
11
0.7303265354330708
21
0.8082835433070866
0
LINE
8
BLACK
6
CONTINUOUS
10
0.7303265354330708
20
0.8082835433070866
11
0.7305715748031496
21
0.8082403543307086
0
LINE
8
BLACK
6
CONTINUOUS
10
0.7305715748031496
20
0.8082403543307086
11
0.730706811023622
21
0.8081268503937008
0
LINE
8
BLACK
6
CONTINUOUS
10
0.730706811023622
20
0.8081268503937008
11
0.7308821653543307
21
0.8081066929133858
0
LINE
8
BLACK
6
CONTINUOUS
10
0.7308821653543307
20
0.8081066929133858
11
0.7346316929133858
21
0.8062319291338582
0
LINE
8
BLACK
6
CONTINUOUS
10
0.7346316929133858
20
0.8062319291338582
11
0.7353407480314961
21
0.8057059842519685
0
LINE
8
BLACK
6
CONTINUOUS
10
0.7353407480314961
20
0.8057059842519685
11
0.735399094488189
21
0.8056788188976378
0
LINE
8
BLACK
6
CONTINUOUS
10
0.735399094488189
20
0.8056788188976378
11
0.7372738582677165
21
0.8038040551181103
0
LINE
8
BLACK
6
CONTINUOUS
10
0.7372738582677165
20
0.8038040551181103
11
0.7377801181102362
21
0.8030809448818897
0
LINE
8
BLACK
6
CONTINUOUS
10
0.7377801181102362
20
0.8030809448818897
11
0.737826968503937
21
0.8030366535433071
0
LINE
8
BLACK
6
CONTINUOUS
10
0.737826968503937
20
0.8030366535433071
11
0.7397017322834646
21
0.799287125984252
0
LINE
8
BLACK
6
CONTINUOUS
10
0.7397017322834646
20
0.799287125984252
11
0.739994094488189
21
0.7983042125984252
0
LINE
8
BLACK
6
CONTINUOUS
10
0.739994094488189
20
0.7983042125984252
11
0.7399530708661417
21
0.7981324803149606
0
LINE
8
BLACK
6
CONTINUOUS
10
0.7399530708661417
20
0.7981324803149606
11
0.7400134645669291
21
0.7979666141732283
0
LINE
8
BLACK
6
CONTINUOUS
10
0.7400134645669291
20
0.7979666141732283
11
0.7400134645669291
21
0.7885927952755906
0
LINE
8
BLACK
6
CONTINUOUS
10
0.7400134645669291
20
0.7885927952755906
11
0.7398353937007874
21
0.787582874015748
0
LINE
8
BLACK
6
CONTINUOUS
10
0.7398353937007874
20
0.787582874015748
11
0.7397218897637795
21
0.7874475984251968
0
LINE
8
BLACK
6
CONTINUOUS
10
0.7397218897637795
20
0.7874475984251968
11
0.7397017322834646
21
0.7872722834645669
0
LINE
8
BLACK
6
CONTINUOUS
10
0.7397017322834646
20
0.7872722834645669
11
0.737826968503937
21
0.7835227559055118
0
LINE
8
BLACK
6
CONTINUOUS
10
0.737826968503937
20
0.7835227559055118
11
0.7373010629921259
21
0.7828136614173228
0
LINE
8
BLACK
6
CONTINUOUS
10
0.7373010629921259
20
0.7828136614173228
11
0.7372738582677165
21
0.7827553543307086
0
LINE
8
BLACK
6
CONTINUOUS
10
0.7372738582677165
20
0.7827553543307086
11
0.735399094488189
21
0.7808805905511811
0
LINE
8
BLACK
6
CONTINUOUS
10
0.735399094488189
20
0.7808805905511811
11
0.7346761023622047
21
0.7803743700787401
0
LINE
8
BLACK
6
CONTINUOUS
10
0.7346761023622047
20
0.7803743700787401
11
0.7346317322834646
21
0.7803274803149606
0
LINE
8
BLACK
6
CONTINUOUS
10
0.7346317322834646
20
0.7803274803149606
11
0.7308822047244095
21
0.7784526771653543
0
LINE
8
BLACK
6
CONTINUOUS
10
0.7308822047244095
20
0.7784526771653543
11
0.7298992519685039
21
0.7781603149606299
0
LINE
8
BLACK
6
CONTINUOUS
10
0.7298992519685039
20
0.7781603149606299
11
0.7297275196850393
21
0.7782012992125984
0
LINE
8
BLACK
6
CONTINUOUS
10
0.7297275196850393
20
0.7782012992125984
11
0.729561653543307
21
0.7781409448818898
0
LINE
8
BLACK
6
CONTINUOUS
10
0.729561653543307
20
0.7781409448818898
11
0.7183130708661417
21
0.7781409448818898
0
LINE
8
BLACK
6
CONTINUOUS
10
0.7183130708661417
20
0.7781409448818898
11
0.7173031496062992
21
0.7783190157480315
0
LINE
8
BLACK
6
CONTINUOUS
10
0.7173031496062992
20
0.7783190157480315
11
0.717167874015748
21
0.7784324803149606
0
LINE
8
BLACK
6
CONTINUOUS
10
0.717167874015748
20
0.7784324803149606
11
0.7169925590551181
21
0.7784526771653543
0
LINE
8
BLACK
6
CONTINUOUS
10
0.7169925590551181
20
0.7784526771653543
11
0.7132429921259842
21
0.7803274803149606
0
LINE
8
BLACK
6
CONTINUOUS
10
0.7132429921259842
20
0.7803274803149606
11
0.7125339763779528
21
0.7808533464566929
0
LINE
8
BLACK
6
CONTINUOUS
10
0.7125339763779528
20
0.7808533464566929
11
0.7124756299212598
21
0.7808805905511811
0
LINE
8
BLACK
6
CONTINUOUS
10
0.7124756299212598
20
0.7808805905511811
11
0.7106008661417322
21
0.7827553543307086
0
LINE
8
BLACK
6
CONTINUOUS
10
0.7106008661417322
20
0.7827553543307086
11
0.7100126771653543
21
0.7835953937007873
0
LINE
8
BLACK
6
CONTINUOUS
10
0.7100126771653543
20
0.7835953937007873
11
0.7098366141732283
21
0.7856074803149606
0
LINE
8
BLACK
6
CONTINUOUS
10
0.7098366141732283
20
0.7856074803149606
11
0.7109951574803149
21
0.7872620472440944
0
LINE
8
BLACK
6
CONTINUOUS
10
0.7109951574803149
20
0.7872620472440944
11
0.7129461023622047
21
0.7877847637795276
0
LINE
8
BLACK
6
CONTINUOUS
10
0.7129461023622047
20
0.7877847637795276
11
0.7147766929133859
21
0.7869311811023622
0
LINE
8
BLACK
6
CONTINUOUS
10
0.7147766929133859
20
0.7869311811023622
11
0.7163125984251968
21
0.7853952362204725
0
LINE
8
BLACK
6
CONTINUOUS
10
0.7163125984251968
20
0.7853952362204725
11
0.7190101574803149
21
0.7840464566929134
0
LINE
8
BLACK
6
CONTINUOUS
10
0.7190101574803149
20
0.7840464566929134
11
0.7288645669291338
21
0.7840464566929134
0
LINE
8
BLACK
6
CONTINUOUS
10
0.7288645669291338
20
0.7840464566929134
11
0.7315620472440945
21
0.7853951968503937
0
LINE
8
BLACK
6
CONTINUOUS
10
0.7315620472440945
20
0.7853951968503937
11
0.7327592125984251
21
0.7865923622047244
0
LINE
8
BLACK
6
CONTINUOUS
10
0.7327592125984251
20
0.7865923622047244
11
0.7341079527559055
21
0.789289842519685
0
LINE
8
BLACK
6
CONTINUOUS
10
0.7341079527559055
20
0.789289842519685
11
0.7341079527559055
21
0.7972695669291339
0
LINE
8
BLACK
6
CONTINUOUS
10
0.7341079527559055
20
0.7972695669291339
11
0.7327592125984251
21
0.7999670472440945
0
LINE
8
BLACK
6
CONTINUOUS
10
0.7327592125984251
20
0.7999670472440945
11
0.7315620866141732
21
0.8011641732283464
0
LINE
8
BLACK
6
CONTINUOUS
10
0.7315620866141732
20
0.8011641732283464
11
0.7288646062992126
21
0.8025129133858268
0
LINE
8
BLACK
6
CONTINUOUS
10
0.7288646062992126
20
0.8025129133858268
11
0.7239373622047244
21
0.8025129133858268
0
LINE
8
BLACK
6
CONTINUOUS
10
0.7239373622047244
20
0.8025129133858268
11
0.7235
21
0.80259
0
LINE
8
BLACK
6
CONTINUOUS
10
0.7235
20
0.80259
11
0.7233645275590551
21
0.8025690157480315
0
LINE
8
BLACK
6
CONTINUOUS
10
0.7233645275590551
20
0.8025690157480315
11
0.723259842519685
21
0.8026323622047243
0
LINE
8
BLACK
6
CONTINUOUS
10
0.723259842519685
20
0.8026323622047243
11
0.7229274409448819
21
0.8026909842519685
0
LINE
8
BLACK
6
CONTINUOUS
10
0.7229274409448819
20
0.8026909842519685
11
0.7223176377952756
21
0.8032026377952756
0
LINE
8
BLACK
6
CONTINUOUS
10
0.7223176377952756
20
0.8032026377952756
11
0.7216366141732283
21
0.8036148818897637
0
LINE
8
BLACK
6
CONTINUOUS
10
0.7216366141732283
20
0.8036148818897637
11
0.7215606299212598
21
0.803837874015748
0
LINE
8
BLACK
6
CONTINUOUS
10
0.7215606299212598
20
0.803837874015748
11
0.7213801968503937
21
0.8039892913385827
0
LINE
8
BLACK
6
CONTINUOUS
10
0.7213801968503937
20
0.8039892913385827
11
0.7212419291338582
21
0.8047732283464567
0
LINE
8
BLACK
6
CONTINUOUS
10
0.7212419291338582
20
0.8047732283464567
11
0.7209852362204724
21
0.8055267716535432
0
LINE
8
BLACK
6
CONTINUOUS
10
0.7209852362204724
20
0.8055267716535432
11
0.7210703543307087
21
0.8057463779527558
0
LINE
8
BLACK
6
CONTINUOUS
10
0.7210703543307087
20
0.8057463779527558
11
0.7210294488188976
21
0.8059784251968504
0
LINE
8
BLACK
6
CONTINUOUS
10
0.7210294488188976
20
0.8059784251968504
11
0.7214275196850394
21
0.806667874015748
0
LINE
8
BLACK
6
CONTINUOUS
10
0.7214275196850394
20
0.806667874015748
11
0.7217151968503936
21
0.8074100787401575
0
LINE
8
BLACK
6
CONTINUOUS
10
0.7217151968503936
20
0.8074100787401575
11
0.7305535433070866
21
0.8175110236220472
0
LINE
8
BLACK
6
CONTINUOUS
10
0.7305535433070866
20
0.8175110236220472
11
0.712688779527559
21
0.8175110236220472
0
LINE
8
BLACK
6
CONTINUOUS
10
0.712688779527559
20
0.8175110236220472
11
0.7116788582677165
21
0.8176890944881889
0
LINE
8
BLACK
6
CONTINUOUS
10
0.7116788582677165
20
0.8176890944881889
11
0.7101316141732283
21
0.8189874015748031
0
LINE
8
BLACK
6
CONTINUOUS
10
0.7101316141732283
20
0.8189874015748031
11
0.7097808661417323
21
0.8209765354330708
0
LINE
8
BLACK
6
CONTINUOUS
10
0.7097808661417323
20
0.8209765354330708
11
0.7107907874015748
21
0.8227257086614173
0
LINE
8
BLACK
6
CONTINUOUS
10
0.7107907874015748
20
0.8227257086614173
11
0.712688779527559
21
0.8234165354330708
0
LINE
8
BLACK
6
CONTINUOUS
10
0.712688779527559
20
0.8234165354330708
11
0.7370607086614173
21
0.8234165354330708
0
LINE
8
BLACK
6
CONTINUOUS
10
0.7370607086614173
20
0.8234165354330708
11
0.737498031496063
21
0.8233394094488189
0
LINE
8
BLACK
6
CONTINUOUS
10
0.8429169685039369
20
0.8232632283464567
11
0.8429813385826771
21
0.823265
0
LINE
8
BLACK
6
CONTINUOUS
10
0.8429813385826771
20
0.823265
11
0.8486056299212599
21
0.8213902362204725
0
LINE
8
BLACK
6
CONTINUOUS
10
0.8486056299212599
20
0.8213902362204725
11
0.8495074015748031
21
0.820901968503937
0
LINE
8
BLACK
6
CONTINUOUS
10
0.8495074015748031
20
0.820901968503937
11
0.8495998031496063
21
0.8207514960629921
0
LINE
8
BLACK
6
CONTINUOUS
10
0.8495998031496063
20
0.8207514960629921
11
0.8497598031496063
21
0.8206769291338583
0
LINE
8
BLACK
6
CONTINUOUS
10
0.8497598031496063
20
0.8206769291338583
11
0.8516345669291339
21
0.8188021653543307
0
LINE
8
BLACK
6
CONTINUOUS
10
0.8516345669291339
20
0.8188021653543307
11
0.8522227559055118
21
0.817962125984252
0
LINE
8
BLACK
6
CONTINUOUS
10
0.8522227559055118
20
0.817962125984252
11
0.852398779527559
21
0.8159500393700787
0
LINE
8
BLACK
6
CONTINUOUS
10
0.852398779527559
20
0.8159500393700787
11
0.8512402755905512
21
0.8142954724409449
0
LINE
8
BLACK
6
CONTINUOUS
10
0.8512402755905512
20
0.8142954724409449
11
0.8492892913385827
21
0.8137727559055118
0
LINE
8
BLACK
6
CONTINUOUS
10
0.8492892913385827
20
0.8137727559055118
11
0.8474587401574804
21
0.8146263385826772
0
LINE
8
BLACK
6
CONTINUOUS
10
0.8474587401574804
20
0.8146263385826772
11
0.8460768503937007
21
0.8160081889763779
0
LINE
8
BLACK
6
CONTINUOUS
10
0.8460768503937007
20
0.8160081889763779
11
0.8415684645669291
21
0.8175110236220472
0
LINE
8
BLACK
6
CONTINUOUS
10
0.8415684645669291
20
0.8175110236220472
11
0.8387772047244094
21
0.8175110236220472
0
LINE
8
BLACK
6
CONTINUOUS
10
0.8387772047244094
20
0.8175110236220472
11
0.8342688188976378
21
0.8160082283464567
0
LINE
8
BLACK
6
CONTINUOUS
10
0.8342688188976378
20
0.8160082283464567
11
0.8313509842519685
21
0.8130903937007874
0
LINE
8
BLACK
6
CONTINUOUS
10
0.8313509842519685
20
0.8130903937007874
11
0.8298354724409449
21
0.8100594094488189
0
LINE
8
BLACK
6
CONTINUOUS
10
0.8298354724409449
20
0.8100594094488189
11
0.8281274803149606
21
0.8032273622047243
0
LINE
8
BLACK
6
CONTINUOUS
10
0.8281274803149606
20
0.8032273622047243
11
0.8281274803149606
21
0.798330157480315
0
LINE
8
BLACK
6
CONTINUOUS
10
0.8281274803149606
20
0.798330157480315
11
0.8298354724409449
21
0.7914981102362204
0
LINE
8
BLACK
6
CONTINUOUS
10
0.8298354724409449
20
0.7914981102362204
11
0.8313509842519685
21
0.7884671259842519
0
LINE
8
BLACK
6
CONTINUOUS
10
0.8313509842519685
20
0.7884671259842519
11
0.8342687795275591
21
0.7855492913385826
0
LINE
8
BLACK
6
CONTINUOUS
10
0.8342687795275591
20
0.7855492913385826
11
0.8387772440944882
21
0.7840464566929134
0
LINE
8
BLACK
6
CONTINUOUS
10
0.8387772440944882
20
0.7840464566929134
11
0.8415684251968504
21
0.7840464566929134
0
LINE
8
BLACK
6
CONTINUOUS
10
0.8415684251968504
20
0.7840464566929134
11
0.846076811023622
21
0.7855492519685039
0
LINE
8
BLACK
6
CONTINUOUS
10
0.846076811023622
20
0.7855492519685039
11
0.8474587401574804
21
0.7869311811023622
0
LINE
8
BLACK
6
CONTINUOUS
10
0.8474587401574804
20
0.7869311811023622
11
0.8482987795275591
21
0.7875193700787402
0
LINE
8
BLACK
6
CONTINUOUS
10
0.8482987795275591
20
0.7875193700787402
11
0.8503108661417322
21
0.7876953937007873
0
LINE
8
BLACK
6
CONTINUOUS
10
0.8503108661417322
20
0.7876953937007873
11
0.8519654330708661
21
0.7865368897637796
0
LINE
8
BLACK
6
CONTINUOUS
10
0.8519654330708661
20
0.7865368897637796
11
0.8524881496062992
21
0.784585905511811
0
LINE
8
BLACK
6
CONTINUOUS
10
0.8524881496062992
20
0.784585905511811
11
0.8516345669291339
21
0.7827553543307086
0
LINE
8
BLACK
6
CONTINUOUS
10
0.8516345669291339
20
0.7827553543307086
11
0.8497598031496063
21
0.7808805905511811
0
LINE
8
BLACK
6
CONTINUOUS
10
0.8497598031496063
20
0.7808805905511811
11
0.8489197637795275
21
0.7802924015748032
0
LINE
8
BLACK
6
CONTINUOUS
10
0.8489197637795275
20
0.7802924015748032
11
0.848743937007874
21
0.7802770078740158
0
LINE
8
BLACK
6
CONTINUOUS
10
0.848743937007874
20
0.7802770078740158
11
0.8486056692913385
21
0.7801672834645669
0
LINE
8
BLACK
6
CONTINUOUS
10
0.8486056692913385
20
0.7801672834645669
11
0.8429813779527559
21
0.7782924803149606
0
LINE
8
BLACK
6
CONTINUOUS
10
0.8429813779527559
20
0.7782924803149606
11
0.8421081102362205
21
0.7781629527559055
0
LINE
8
BLACK
6
CONTINUOUS
10
0.8421081102362205
20
0.7781629527559055
11
0.8420475984251968
21
0.7781409448818898
0
LINE
8
BLACK
6
CONTINUOUS
10
0.8420475984251968
20
0.7781409448818898
11
0.8382980708661417
21
0.7781409448818898
0
LINE
8
BLACK
6
CONTINUOUS
10
0.8382980708661417
20
0.7781409448818898
11
0.8374286614173229
21
0.7782942125984251
0
LINE
8
BLACK
6
CONTINUOUS
10
0.8374286614173229
20
0.7782942125984251
11
0.8373643307086615
21
0.7782924803149606
0
LINE
8
BLACK
6
CONTINUOUS
10
0.8373643307086615
20
0.7782924803149606
11
0.83174
21
0.7801672834645669
0
LINE
8
BLACK
6
CONTINUOUS
10
0.83174
20
0.7801672834645669
11
0.8308382283464567
21
0.7806555905511811
0
LINE
8
BLACK
6
CONTINUOUS
10
0.8308382283464567
20
0.7806555905511811
11
0.8307457874015748
21
0.7808059842519685
0
LINE
8
BLACK
6
CONTINUOUS
10
0.8307457874015748
20
0.7808059842519685
11
0.8305858661417322
21
0.7808805905511811
0
LINE
8
BLACK
6
CONTINUOUS
10
0.8305858661417322
20
0.7808805905511811
11
0.8268363385826771
21
0.7846301181102362
0
LINE
8
BLACK
6
CONTINUOUS
10
0.8268363385826771
20
0.7846301181102362
11
0.8263300393700788
21
0.785353188976378
0
LINE
8
BLACK
6
CONTINUOUS
10
0.8263300393700788
20
0.785353188976378
11
0.8262832283464566
21
0.7853975196850393
0
LINE
8
BLACK
6
CONTINUOUS
10
0.8262832283464566
20
0.7853975196850393
11
0.8244084645669291
21
0.7891470472440945
0
LINE
8
BLACK
6
CONTINUOUS
10
0.8244084645669291
20
0.7891470472440945
11
0.8242631496062992
21
0.7896354724409449
0
LINE
8
BLACK
6
CONTINUOUS
10
0.8242631496062992
20
0.7896354724409449
11
0.8241848818897638
21
0.7897514173228346
0
LINE
8
BLACK
6
CONTINUOUS
10
0.8241848818897638
20
0.7897514173228346
11
0.8223101181102362
21
0.7972504724409448
0
LINE
8
BLACK
6
CONTINUOUS
10
0.8223101181102362
20
0.7972504724409448
11
0.822268622047244
21
0.7978383464566929
0
LINE
8
BLACK
6
CONTINUOUS
10
0.822268622047244
20
0.7978383464566929
11
0.822221968503937
21
0.7979666141732283
0
LINE
8
BLACK
6
CONTINUOUS
10
0.822221968503937
20
0.7979666141732283
11
0.822221968503937
21
0.803590905511811
0
LINE
8
BLACK
6
CONTINUOUS
10
0.822221968503937
20
0.803590905511811
11
0.8223242913385826
21
0.8041712598425197
0
LINE
8
BLACK
6
CONTINUOUS
10
0.8223242913385826
20
0.8041712598425197
11
0.8223101181102362
21
0.8043070472440945
0
LINE
8
BLACK
6
CONTINUOUS
10
0.8223101181102362
20
0.8043070472440945
11
0.8241848818897638
21
0.8118061023622047
0
LINE
8
BLACK
6
CONTINUOUS
10
0.8241848818897638
20
0.8118061023622047
11
0.8243924409448818
21
0.8122715354330708
0
LINE
8
BLACK
6
CONTINUOUS
10
0.8243924409448818
20
0.8122715354330708
11
0.8244084645669291
21
0.8124104724409449
0
LINE
8
BLACK
6
CONTINUOUS
10
0.8244084645669291
20
0.8124104724409449
11
0.8262832283464566
21
0.81616
0
LINE
8
BLACK
6
CONTINUOUS
10
0.8262832283464566
20
0.81616
11
0.8268091338582677
21
0.8168690551181103
0
LINE
8
BLACK
6
CONTINUOUS
10
0.8268091338582677
20
0.8168690551181103
11
0.8268363385826771
21
0.8169274015748031
0
LINE
8
BLACK
6
CONTINUOUS
10
0.8268363385826771
20
0.8169274015748031
11
0.8305858661417322
21
0.8206769291338583
0
LINE
8
BLACK
6
CONTINUOUS
10
0.8305858661417322
20
0.8206769291338583
11
0.8314259055118111
21
0.8212651574803149
0
LINE
8
BLACK
6
CONTINUOUS
10
0.8314259055118111
20
0.8212651574803149
11
0.8316018110236221
21
0.8212805118110236
0
LINE
8
BLACK
6
CONTINUOUS
10
0.8316018110236221
20
0.8212805118110236
11
0.8317400393700787
21
0.8213902362204725
0
LINE
8
BLACK
6
CONTINUOUS
10
0.8317400393700787
20
0.8213902362204725
11
0.8373642913385827
21
0.823265
0
LINE
8
BLACK
6
CONTINUOUS
10
0.8373642913385827
20
0.823265
11
0.8382375196850393
21
0.8233944881889763
0
LINE
8
BLACK
6
CONTINUOUS
10
0.8382375196850393
20
0.8233944881889763
11
0.8382980708661417
21
0.8234165354330708
0
LINE
8
BLACK
6
CONTINUOUS
10
0.8382980708661417
20
0.8234165354330708
11
0.8420475984251968
21
0.8234165354330708
0
LINE
8
BLACK
6
CONTINUOUS
10
0.8420475984251968
20
0.8234165354330708
11
0.8429169685039369
21
0.8232632283464567
0
LINE
8
BLACK
6
CONTINUOUS
10
0.7619146850393701
20
0.8231972834645669
11
0.7628386614173228
21
0.8230603149606299
0
LINE
8
BLACK
6
CONTINUOUS
10
0.7628386614173228
20
0.8230603149606299
11
0.7628950787401575
21
0.8229966535433071
0
LINE
8
BLACK
6
CONTINUOUS
10
0.7628950787401575
20
0.8229966535433071
11
0.7629783464566929
21
0.8229796456692913
0
LINE
8
BLACK
6
CONTINUOUS
10
0.7629783464566929
20
0.8229796456692913
11
0.7635589763779528
21
0.8222479527559055
0
LINE
8
BLACK
6
CONTINUOUS
10
0.7635589763779528
20
0.8222479527559055
11
0.7641787401574803
21
0.8215490551181103
0
LINE
8
BLACK
6
CONTINUOUS
10
0.7641787401574803
20
0.8215490551181103
11
0.7641810236220472
21
0.8214640944881889
0
LINE
8
BLACK
6
CONTINUOUS
10
0.7641810236220472
20
0.8214640944881889
11
0.7642338976377953
21
0.8213975196850394
0
LINE
8
BLACK
6
CONTINUOUS
10
0.7642338976377953
20
0.8213975196850394
11
0.7773572440944881
21
0.7820274409448819
0
LINE
8
BLACK
6
CONTINUOUS
10
0.7773572440944881
20
0.7820274409448819
11
0.7775076771653543
21
0.7810130708661417
0
LINE
8
BLACK
6
CONTINUOUS
10
0.7775076771653543
20
0.7810130708661417
11
0.7767652755905512
21
0.7791346456692914
0
LINE
8
BLACK
6
CONTINUOUS
10
0.7767652755905512
20
0.7791346456692914
11
0.7749891338582677
21
0.778172874015748
0
LINE
8
BLACK
6
CONTINUOUS
10
0.7749891338582677
20
0.778172874015748
11
0.7730103543307086
21
0.7785778346456693
0
LINE
8
BLACK
6
CONTINUOUS
10
0.7730103543307086
20
0.7785778346456693
11
0.7717548031496063
21
0.7801599606299212
0
LINE
8
BLACK
6
CONTINUOUS
10
0.7717548031496063
20
0.7801599606299212
11
0.7686782677165355
21
0.7893895669291339
0
LINE
8
BLACK
6
CONTINUOUS
10
0.7686782677165355
20
0.7893895669291339
11
0.7541870866141732
21
0.7893895669291339
0
LINE
8
BLACK
6
CONTINUOUS
10
0.7541870866141732
20
0.7893895669291339
11
0.7511105511811024
21
0.7801599606299212
0
LINE
8
BLACK
6
CONTINUOUS
10
0.7511105511811024
20
0.7801599606299212
11
0.7506222440944882
21
0.7792581889763779
0
LINE
8
BLACK
6
CONTINUOUS
10
0.7506222440944882
20
0.7792581889763779
11
0.7489012992125984
21
0.778200905511811
0
LINE
8
BLACK
6
CONTINUOUS
10
0.7489012992125984
20
0.778200905511811
11
0.7469033070866141
21
0.7784971653543307
0
LINE
8
BLACK
6
CONTINUOUS
10
0.7469033070866141
20
0.7784971653543307
11
0.7455632677165355
21
0.7800083858267717
0
LINE
8
BLACK
6
CONTINUOUS
10
0.7455632677165355
20
0.7800083858267717
11
0.7455081102362204
21
0.7820274409448819
0
LINE
8
BLACK
6
CONTINUOUS
10
0.7455081102362204
20
0.7820274409448819
11
0.7586314566929133
21
0.8213975196850394
0
LINE
8
BLACK
6
CONTINUOUS
10
0.7586314566929133
20
0.8213975196850394
11
0.7591197244094487
21
0.8222992913385827
0
LINE
8
BLACK
6
CONTINUOUS
10
0.7591197244094487
20
0.8222992913385827
11
0.7591921653543307
21
0.822343779527559
0
LINE
8
BLACK
6
CONTINUOUS
10
0.7591921653543307
20
0.822343779527559
11
0.7592234251968504
21
0.8224228346456692
0
LINE
8
BLACK
6
CONTINUOUS
10
0.7592234251968504
20
0.8224228346456692
11
0.7600447244094488
21
0.8228675590551181
0
LINE
8
BLACK
6
CONTINUOUS
10
0.7600447244094488
20
0.8228675590551181
11
0.7608407086614173
21
0.8233565748031496
0
LINE
8
BLACK
6
CONTINUOUS
10
0.7608407086614173
20
0.8233565748031496
11
0.7609247637795276
21
0.8233440944881889
0
LINE
8
BLACK
6
CONTINUOUS
10
0.7609247637795276
20
0.8233440944881889
11
0.7609995669291338
21
0.8233846062992126
0
LINE
8
BLACK
6
CONTINUOUS
10
0.7609995669291338
20
0.8233846062992126
11
0.7619146850393701
21
0.8231972834645669
0
LINE
8
BLACK
6
CONTINUOUS
10
0.7561555905511811
20
0.7952950787401575
11
0.7667097637795275
21
0.7952950787401575
0
LINE
8
BLACK
6
CONTINUOUS
10
0.7667097637795275
20
0.7952950787401575
11
0.7614326771653543
21
0.8111263385826771
0
LINE
8
BLACK
6
CONTINUOUS
10
0.7614326771653543
20
0.8111263385826771
11
0.7561555905511811
21
0.7952950787401575
0
LINE
8
BLACK
6
CONTINUOUS
10
0.6624572440944881
20
0.8223617716535433
11
0.6631480708661417
21
0.820463779527559
0
LINE
8
BLACK
6
CONTINUOUS
10
0.6631480708661417
20
0.820463779527559
11
0.6631480708661417
21
0.7810937007874016
0
LINE
8
BLACK
6
CONTINUOUS
10
0.6631480708661417
20
0.7810937007874016
11
0.6629699999999999
21
0.780083779527559
0
LINE
8
BLACK
6
CONTINUOUS
10
0.6629699999999999
20
0.780083779527559
11
0.6616716929133858
21
0.7785365354330709
0
LINE
8
BLACK
6
CONTINUOUS
10
0.6616716929133858
20
0.7785365354330709
11
0.6596825590551181
21
0.7781857874015747
0
LINE
8
BLACK
6
CONTINUOUS
10
0.6596825590551181
20
0.7781857874015747
11
0.6579333858267716
21
0.7791957086614173
0
LINE
8
BLACK
6
CONTINUOUS
10
0.6579333858267716
20
0.7791957086614173
11
0.6572425590551181
21
0.7810937007874016
0
LINE
8
BLACK
6
CONTINUOUS
10
0.6572425590551181
20
0.7810937007874016
11
0.6572425590551181
21
0.7987633858267716
0
LINE
8
BLACK
6
CONTINUOUS
10
0.6572425590551181
20
0.7987633858267716
11
0.640650905511811
21
0.7987633858267716
0
LINE
8
BLACK
6
CONTINUOUS
10
0.640650905511811
20
0.7987633858267716
11
0.640650905511811
21
0.7810937007874016
0
LINE
8
BLACK
6
CONTINUOUS
10
0.640650905511811
20
0.7810937007874016
11
0.6404728346456693
21
0.780083779527559
0
LINE
8
BLACK
6
CONTINUOUS
10
0.6404728346456693
20
0.780083779527559
11
0.6391745275590551
21
0.7785365354330709
0
LINE
8
BLACK
6
CONTINUOUS
10
0.6391745275590551
20
0.7785365354330709
11
0.6371853937007874
21
0.7781857874015747
0
LINE
8
BLACK
6
CONTINUOUS
10
0.6371853937007874
20
0.7781857874015747
11
0.635436220472441
21
0.7791957086614173
0
LINE
8
BLACK
6
CONTINUOUS
10
0.635436220472441
20
0.7791957086614173
11
0.6347453937007874
21
0.7810937007874016
0
LINE
8
BLACK
6
CONTINUOUS
10
0.6347453937007874
20
0.7810937007874016
11
0.6347453937007874
21
0.820463779527559
0
LINE
8
BLACK
6
CONTINUOUS
10
0.6347453937007874
20
0.820463779527559
11
0.6349234645669292
21
0.8214737007874016
0
LINE
8
BLACK
6
CONTINUOUS
10
0.6349234645669292
20
0.8214737007874016
11
0.6362217716535433
21
0.8230209448818897
0
LINE
8
BLACK
6
CONTINUOUS
10
0.6362217716535433
20
0.8230209448818897
11
0.638210905511811
21
0.8233716929133859
0
LINE
8
BLACK
6
CONTINUOUS
10
0.638210905511811
20
0.8233716929133859
11
0.6399600787401575
21
0.8223617716535433
0
LINE
8
BLACK
6
CONTINUOUS
10
0.6399600787401575
20
0.8223617716535433
11
0.640650905511811
21
0.820463779527559
0
LINE
8
BLACK
6
CONTINUOUS
10
0.640650905511811
20
0.820463779527559
11
0.640650905511811
21
0.8046688976377953
0
LINE
8
BLACK
6
CONTINUOUS
10
0.640650905511811
20
0.8046688976377953
11
0.6572425590551181
21
0.8046688976377953
0
LINE
8
BLACK
6
CONTINUOUS
10
0.6572425590551181
20
0.8046688976377953
11
0.6572425590551181
21
0.820463779527559
0
LINE
8
BLACK
6
CONTINUOUS
10
0.6572425590551181
20
0.820463779527559
11
0.6574206299212598
21
0.8214737007874016
0
LINE
8
BLACK
6
CONTINUOUS
10
0.6574206299212598
20
0.8214737007874016
11
0.658718937007874
21
0.8230209448818897
0
LINE
8
BLACK
6
CONTINUOUS
10
0.658718937007874
20
0.8230209448818897
11
0.6607080708661417
21
0.8233716929133859
0
LINE
8
BLACK
6
CONTINUOUS
10
0.6607080708661417
20
0.8233716929133859
11
0.6624572440944881
21
0.8223617716535433
0
LINE
8
BLACK
6
CONTINUOUS
10
0.8036874409448819
20
0.8232384645669291
11
0.8038226771653543
21
0.8231249606299212
0
LINE
8
BLACK
6
CONTINUOUS
10
0.8038226771653543
20
0.8231249606299212
11
0.803998031496063
21
0.8231048031496063
0
LINE
8
BLACK
6
CONTINUOUS
10
0.803998031496063
20
0.8231048031496063
11
0.8077475590551181
21
0.8212300393700788
0
LINE
8
BLACK
6
CONTINUOUS
10
0.8077475590551181
20
0.8212300393700788
11
0.8084566141732283
21
0.8207040944881889
0
LINE
8
BLACK
6
CONTINUOUS
10
0.8084566141732283
20
0.8207040944881889
11
0.8085149606299212
21
0.8206769291338583
0
LINE
8
BLACK
6
CONTINUOUS
10
0.8085149606299212
20
0.8206769291338583
11
0.8103897244094488
21
0.8188021653543307
0
LINE
8
BLACK
6
CONTINUOUS
10
0.8103897244094488
20
0.8188021653543307
11
0.8108959842519685
21
0.8180790551181102
0
LINE
8
BLACK
6
CONTINUOUS
10
0.8108959842519685
20
0.8180790551181102
11
0.8109428346456693
21
0.8180347637795276
0
LINE
8
BLACK
6
CONTINUOUS
10
0.8109428346456693
20
0.8180347637795276
11
0.8128175984251969
21
0.8142852362204724
0
LINE
8
BLACK
6
CONTINUOUS
10
0.8128175984251969
20
0.8142852362204724
11
0.8131099606299212
21
0.8133023228346457
0
LINE
8
BLACK
6
CONTINUOUS
10
0.8131099606299212
20
0.8133023228346457
11
0.813068937007874
21
0.8131305905511811
0
LINE
8
BLACK
6
CONTINUOUS
10
0.813068937007874
20
0.8131305905511811
11
0.8131293307086614
21
0.8129647244094488
0
LINE
8
BLACK
6
CONTINUOUS
10
0.8131293307086614
20
0.8129647244094488
11
0.8131293307086614
21
0.8073404330708661
0
LINE
8
BLACK
6
CONTINUOUS
10
0.8131293307086614
20
0.8073404330708661
11
0.8129512598425197
21
0.8063305118110236
0
LINE
8
BLACK
6
CONTINUOUS
10
0.8129512598425197
20
0.8063305118110236
11
0.8128377559055118
21
0.8061952362204724
0
LINE
8
BLACK
6
CONTINUOUS
10
0.8128377559055118
20
0.8061952362204724
11
0.8128175984251969
21
0.8060199212598425
0
LINE
8
BLACK
6
CONTINUOUS
10
0.8128175984251969
20
0.8060199212598425
11
0.8109428346456693
21
0.8022703937007873
0
LINE
8
BLACK
6
CONTINUOUS
10
0.8109428346456693
20
0.8022703937007873
11
0.8104169291338582
21
0.8015612992125984
0
LINE
8
BLACK
6
CONTINUOUS
10
0.8104169291338582
20
0.8015612992125984
11
0.8103897244094488
21
0.8015029921259842
0
LINE
8
BLACK
6
CONTINUOUS
10
0.8103897244094488
20
0.8015029921259842
11
0.8085149606299212
21
0.7996282283464566
0
LINE
8
BLACK
6
CONTINUOUS
10
0.8085149606299212
20
0.7996282283464566
11
0.8077918503937007
21
0.7991219291338583
0
LINE
8
BLACK
6
CONTINUOUS
10
0.8077918503937007
20
0.7991219291338583
11
0.8077475590551181
21
0.7990751181102362
0
LINE
8
BLACK
6
CONTINUOUS
10
0.8077475590551181
20
0.7990751181102362
11
0.803998031496063
21
0.7972003543307087
0
LINE
8
BLACK
6
CONTINUOUS
10
0.803998031496063
20
0.7972003543307087
11
0.8030150787401574
21
0.7969079921259843
0
LINE
8
BLACK
6
CONTINUOUS
10
0.8030150787401574
20
0.7969079921259843
11
0.8028433858267716
21
0.7969489763779527
0
LINE
8
BLACK
6
CONTINUOUS
10
0.8028433858267716
20
0.7969489763779527
11
0.8026775196850393
21
0.7968886220472441
0
LINE
8
BLACK
6
CONTINUOUS
10
0.8026775196850393
20
0.7968886220472441
11
0.7906321653543307
21
0.7968886220472441
0
LINE
8
BLACK
6
CONTINUOUS
10
0.7906321653543307
20
0.7968886220472441
11
0.7906321653543307
21
0.7810937007874016
0
LINE
8
BLACK
6
CONTINUOUS
10
0.7906321653543307
20
0.7810937007874016
11
0.7904540944881889
21
0.780083779527559
0
LINE
8
BLACK
6
CONTINUOUS
10
0.7904540944881889
20
0.780083779527559
11
0.7891557874015748
21
0.7785365354330709
0
LINE
8
BLACK
6
CONTINUOUS
10
0.7891557874015748
20
0.7785365354330709
11
0.7871666535433071
21
0.7781857874015747
0
LINE
8
BLACK
6
CONTINUOUS
10
0.7871666535433071
20
0.7781857874015747
11
0.7854174803149606
21
0.7791957086614173
0
LINE
8
BLACK
6
CONTINUOUS
10
0.7854174803149606
20
0.7791957086614173
11
0.7847266535433071
21
0.7810937007874016
0
LINE
8
BLACK
6
CONTINUOUS
10
0.7847266535433071
20
0.7810937007874016
11
0.7847266535433071
21
0.820463779527559
0
LINE
8
BLACK
6
CONTINUOUS
10
0.7847266535433071
20
0.820463779527559
11
0.7847942519685039
21
0.8208472834645669
0
LINE
8
BLACK
6
CONTINUOUS
10
0.7847942519685039
20
0.8208472834645669
11
0.7847714960629921
21
0.8209765354330708
0
LINE
8
BLACK
6
CONTINUOUS
10
0.7847714960629921
20
0.8209765354330708
11
0.7848370866141732
21
0.8210901181102362
0
LINE
8
BLACK
6
CONTINUOUS
10
0.7848370866141732
20
0.8210901181102362
11
0.7849047244094488
21
0.8214737007874016
0
LINE
8
BLACK
6
CONTINUOUS
10
0.7849047244094488
20
0.8214737007874016
11
0.7853978346456693
21
0.8220613779527559
0
LINE
8
BLACK
6
CONTINUOUS
10
0.7853978346456693
20
0.8220613779527559
11
0.7857814173228346
21
0.8227257086614173
0
LINE
8
BLACK
6
CONTINUOUS
10
0.7857814173228346
20
0.8227257086614173
11
0.7860317322834646
21
0.822816811023622
0
LINE
8
BLACK
6
CONTINUOUS
10
0.7860317322834646
20
0.822816811023622
11
0.786203031496063
21
0.8230209448818897
0
LINE
8
BLACK
6
CONTINUOUS
10
0.786203031496063
20
0.8230209448818897
11
0.7869585826771653
21
0.8231541732283464
0
LINE
8
BLACK
6
CONTINUOUS
10
0.7869585826771653
20
0.8231541732283464
11
0.7876794094488189
21
0.8234165354330708
0
LINE
8
BLACK
6
CONTINUOUS
10
0.7876794094488189
20
0.8234165354330708
11
0.8026775196850393
21
0.8234165354330708
0
LINE
8
BLACK
6
CONTINUOUS
10
0.8026775196850393
20
0.8234165354330708
11
0.8036874409448819
21
0.8232384645669291
0
LINE
8
BLACK
6
CONTINUOUS
10
0.7906321653543307
20
0.8027941338582677
11
0.8019804724409448
21
0.8027941338582677
0
LINE
8
BLACK
6
CONTINUOUS
10
0.8019804724409448
20
0.8027941338582677
11
0.8046779527559055
21
0.804142874015748
0
LINE
8
BLACK
6
CONTINUOUS
10
0.8046779527559055
20
0.804142874015748
11
0.8058750787401575
21
0.8053399999999999
0
LINE
8
BLACK
6
CONTINUOUS
10
0.8058750787401575
20
0.8053399999999999
11
0.8072238188976377
21
0.8080374803149606
0
LINE
8
BLACK
6
CONTINUOUS
10
0.8072238188976377
20
0.8080374803149606
11
0.8072238188976377
21
0.8122676771653543
0
LINE
8
BLACK
6
CONTINUOUS
10
0.8072238188976377
20
0.8122676771653543
11
0.8058750787401575
21
0.814965157480315
0
LINE
8
BLACK
6
CONTINUOUS
10
0.8058750787401575
20
0.814965157480315
11
0.8046779527559055
21
0.8161622834645669
0
LINE
8
BLACK
6
CONTINUOUS
10
0.8046779527559055
20
0.8161622834645669
11
0.8019804724409448
21
0.8175110236220472
0
LINE
8
BLACK
6
CONTINUOUS
10
0.8019804724409448
20
0.8175110236220472
11
0.7906321653543307
21
0.8175110236220472
0
LINE
8
BLACK
6
CONTINUOUS
10
0.7906321653543307
20
0.8175110236220472
11
0.7906321653543307
21
0.8027941338582677
0
LINE
8
BLACK
6
CONTINUOUS
10
1.4297244094488188
20
1.0598425196850394
11
1.4311163385826771
21
1.0592659448818897
0
LINE
8
BLACK
6
CONTINUOUS
10
1.4311163385826771
20
1.0592659448818897
11
1.4316929133858267
21
1.0578740157480315
0
LINE
8
BLACK
6
CONTINUOUS
10
1.4316929133858267
20
1.0578740157480315
11
1.4316929133858267
21
1.0501218503937009
0
LINE
8
BLACK
6
CONTINUOUS
10
1.4316929133858267
20
1.0501218503937009
11
1.4318451181102363
21
1.0501218503937009
0
LINE
8
BLACK
6
CONTINUOUS
10
1.4318451181102363
20
1.0501218503937009
11
1.4324254724409449
21
1.0500194881889764
0
LINE
8
BLACK
6
CONTINUOUS
10
1.4324254724409449
20
1.0500194881889764
11
1.4325612598425197
21
1.0500337007874017
0
LINE
8
BLACK
6
CONTINUOUS
10
1.4325612598425197
20
1.0500337007874017
11
1.4400603149606299
21
1.0481589370078739
0
LINE
8
BLACK
6
CONTINUOUS
10
1.4400603149606299
20
1.0481589370078739
11
1.4405257480314961
21
1.0479513385826771
0
LINE
8
BLACK
6
CONTINUOUS
10
1.4405257480314961
20
1.0479513385826771
11
1.4406646850393701
21
1.0479353543307086
0
LINE
8
BLACK
6
CONTINUOUS
10
1.4406646850393701
20
1.0479353543307086
11
1.4444142125984252
21
1.0460605905511811
0
LINE
8
BLACK
6
CONTINUOUS
10
1.4444142125984252
20
1.0460605905511811
11
1.4451231889763778
21
1.0455347244094488
0
LINE
8
BLACK
6
CONTINUOUS
10
1.4451231889763778
20
1.0455347244094488
11
1.4451815748031496
21
1.0455075196850394
0
LINE
8
BLACK
6
CONTINUOUS
10
1.4451815748031496
20
1.0455075196850394
11
1.4470563779527559
21
1.0436327559055119
0
LINE
8
BLACK
6
CONTINUOUS
10
1.4470563779527559
20
1.0436327559055119
11
1.4475627559055118
21
1.0429095669291337
0
LINE
8
BLACK
6
CONTINUOUS
10
1.4475627559055118
20
1.0429095669291337
11
1.447609527559055
21
1.04286531496063
0
LINE
8
BLACK
6
CONTINUOUS
10
1.447609527559055
20
1.04286531496063
11
1.4494842913385826
21
1.0391157874015748
0
LINE
8
BLACK
6
CONTINUOUS
10
1.4494842913385826
20
1.0391157874015748
11
1.449776653543307
21
1.0381328740157481
0
LINE
8
BLACK
6
CONTINUOUS
10
1.449776653543307
20
1.0381328740157481
11
1.4497356299212598
21
1.0379611417322834
0
LINE
8
BLACK
6
CONTINUOUS
10
1.4497356299212598
20
1.0379611417322834
11
1.4497960236220473
21
1.0377952755905511
0
LINE
8
BLACK
6
CONTINUOUS
10
1.4497960236220473
20
1.0377952755905511
11
1.4497960236220473
21
1.034045748031496
0
LINE
8
BLACK
6
CONTINUOUS
10
1.4497960236220473
20
1.034045748031496
11
1.4496179527559054
21
1.0330358267716535
0
LINE
8
BLACK
6
CONTINUOUS
10
1.4496179527559054
20
1.0330358267716535
11
1.4495044488188975
21
1.0329005511811022
0
LINE
8
BLACK
6
CONTINUOUS
10
1.4495044488188975
20
1.0329005511811022
11
1.4494842913385826
21
1.0327252362204724
0
LINE
8
BLACK
6
CONTINUOUS
10
1.4494842913385826
20
1.0327252362204724
11
1.447609527559055
21
1.0289757086614173
0
LINE
8
BLACK
6
CONTINUOUS
10
1.447609527559055
20
1.0289757086614173
11
1.4470835433070866
21
1.0282665748031496
0
LINE
8
BLACK
6
CONTINUOUS
10
1.4470835433070866
20
1.0282665748031496
11
1.4470563779527559
21
1.0282082677165354
0
LINE
8
BLACK
6
CONTINUOUS
10
1.4470563779527559
20
1.0282082677165354
11
1.4451815748031496
21
1.0263335039370078
0
LINE
8
BLACK
6
CONTINUOUS
10
1.4451815748031496
20
1.0263335039370078
11
1.4444585039370079
21
1.0258272047244095
0
LINE
8
BLACK
6
CONTINUOUS
10
1.4444585039370079
20
1.0258272047244095
11
1.4444142125984252
21
1.0257804330708662
0
LINE
8
BLACK
6
CONTINUOUS
10
1.4444142125984252
20
1.0257804330708662
11
1.4406646850393701
21
1.0239056692913386
0
LINE
8
BLACK
6
CONTINUOUS
10
1.4406646850393701
20
1.0239056692913386
11
1.4401762204724409
21
1.0237603543307086
0
LINE
8
BLACK
6
CONTINUOUS
10
1.4401762204724409
20
1.0237603543307086
11
1.4400603149606299
21
1.0236820866141731
0
LINE
8
BLACK
6
CONTINUOUS
10
1.4400603149606299
20
1.0236820866141731
11
1.4325612598425197
21
1.0218073228346456
0
LINE
8
BLACK
6
CONTINUOUS
10
1.4325612598425197
20
1.0218073228346456
11
1.4319733464566928
21
1.0217658267716536
0
LINE
8
BLACK
6
CONTINUOUS
10
1.4319733464566928
20
1.0217658267716536
11
1.4318451181102363
21
1.0217191732283464
0
LINE
8
BLACK
6
CONTINUOUS
10
1.4318451181102363
20
1.0217191732283464
11
1.4316929133858267
21
1.0217191732283464
0
LINE
8
BLACK
6
CONTINUOUS
10
1.4316929133858267
20
1.0217191732283464
11
1.4316929133858267
21
1.0043811417322834
0
LINE
8
BLACK
6
CONTINUOUS
10
1.4316929133858267
20
1.0043811417322834
11
1.4480064173228346
21
0.9973896850393701
0
LINE
8
BLACK
6
CONTINUOUS
10
1.4480064173228346
20
0.9973896850393701
11
1.448864527559055
21
0.9968281889763779
0
LINE
8
BLACK
6
CONTINUOUS
10
1.448864527559055
20
0.9968281889763779
11
1.4497752362204723
21
0.9950253543307086
0
LINE
8
BLACK
6
CONTINUOUS
10
1.4497752362204723
20
0.9950253543307086
11
1.4493140551181103
21
0.9930588976377952
0
LINE
8
BLACK
6
CONTINUOUS
10
1.4493140551181103
20
0.9930588976377952
11
1.4476967716535434
21
0.9918489763779528
0
LINE
8
BLACK
6
CONTINUOUS
10
1.4476967716535434
20
0.9918489763779528
11
1.4456801181102361
21
0.991961653543307
0
LINE
8
BLACK
6
CONTINUOUS
10
1.4456801181102361
20
0.991961653543307
11
1.4316929133858267
21
0.9979561417322834
0
LINE
8
BLACK
6
CONTINUOUS
10
1.4316929133858267
20
0.9979561417322834
11
1.4316929133858267
21
0.9759542125984252
0
LINE
8
BLACK
6
CONTINUOUS
10
1.4316929133858267
20
0.9759542125984252
11
1.4322435039370078
21
0.9766103937007874
0
LINE
8
BLACK
6
CONTINUOUS
10
1.4322435039370078
20
0.9766103937007874
11
1.4342326377952757
21
0.9769611417322834
0
LINE
8
BLACK
6
CONTINUOUS
10
1.4342326377952757
20
0.9769611417322834
11
1.435981811023622
21
0.9759512204724409
0
LINE
8
BLACK
6
CONTINUOUS
10
1.435981811023622
20
0.9759512204724409
11
1.4366726377952757
21
0.9740532283464567
0
LINE
8
BLACK
6
CONTINUOUS
10
1.4366726377952757
20
0.9740532283464567
11
1.4366726377952757
21
0.9713816929133858
0
LINE
8
BLACK
6
CONTINUOUS
10
1.4366726377952757
20
0.9713816929133858
11
1.4468432677165355
21
0.9713816929133858
0
LINE
8
BLACK
6
CONTINUOUS
10
1.4468432677165355
20
0.9713816929133858
11
1.4478531889763779
21
0.9712036220472441
0
LINE
8
BLACK
6
CONTINUOUS
10
1.4478531889763779
20
0.9712036220472441
11
1.4494004330708661
21
0.9699053149606299
0
LINE
8
BLACK
6
CONTINUOUS
10
1.4494004330708661
20
0.9699053149606299
11
1.4497511811023622
21
0.9679161811023622
0
LINE
8
BLACK
6
CONTINUOUS
10
1.4497511811023622
20
0.9679161811023622
11
1.4487412598425196
21
0.9661670078740158
0
LINE
8
BLACK
6
CONTINUOUS
10
1.4487412598425196
20
0.9661670078740158
11
1.4468432677165355
21
0.9654761811023622
0
LINE
8
BLACK
6
CONTINUOUS
10
1.4468432677165355
20
0.9654761811023622
11
1.4366726377952757
21
0.9654761811023622
0
LINE
8
BLACK
6
CONTINUOUS
10
1.4366726377952757
20
0.9654761811023622
11
1.4366726377952757
21
0.9496812992125984
0
LINE
8
BLACK
6
CONTINUOUS
10
1.4366726377952757
20
0.9496812992125984
11
1.4364945669291338
21
0.9486713779527559
0
LINE
8
BLACK
6
CONTINUOUS
10
1.4364945669291338
20
0.9486713779527559
11
1.4363494881889765
21
0.9484985039370079
0
LINE
8
BLACK
6
CONTINUOUS
10
1.4363494881889765
20
0.9484985039370079
11
1.4363164173228347
21
0.9482753149606299
0
LINE
8
BLACK
6
CONTINUOUS
10
1.4363164173228347
20
0.9482753149606299
11
1.435713937007874
21
0.947741062992126
0
LINE
8
BLACK
6
CONTINUOUS
10
1.435713937007874
20
0.947741062992126
11
1.4351962598425196
21
0.9471241338582677
0
LINE
8
BLACK
6
CONTINUOUS
10
1.4351962598425196
20
0.9471241338582677
11
1.4349739763779528
21
0.9470849212598424
0
LINE
8
BLACK
6
CONTINUOUS
10
1.4349739763779528
20
0.9470849212598424
11
1.4348051574803149
21
0.9469352362204724
0
LINE
8
BLACK
6
CONTINUOUS
10
1.4348051574803149
20
0.9469352362204724
11
1.4340002755905512
21
0.9469132283464566
0
LINE
8
BLACK
6
CONTINUOUS
10
1.4340002755905512
20
0.9469132283464566
11
1.433207125984252
21
0.9467733858267716
0
LINE
8
BLACK
6
CONTINUOUS
10
1.433207125984252
20
0.9467733858267716
11
1.4330116535433071
21
0.946886220472441
0
LINE
8
BLACK
6
CONTINUOUS
10
1.4330116535433071
20
0.946886220472441
11
1.4327861023622046
21
0.9468800787401574
0
LINE
8
BLACK
6
CONTINUOUS
10
1.4327861023622046
20
0.9468800787401574
11
1.4316929133858267
21
0.9472444488188976
0
LINE
8
BLACK
6
CONTINUOUS
10
1.4316929133858267
20
0.9472444488188976
11
1.4316929133858267
21
0.9301368503937008
0
LINE
8
BLACK
6
CONTINUOUS
10
1.4316929133858267
20
0.9301368503937008
11
1.4468432677165355
21
0.9301368503937008
0
LINE
8
BLACK
6
CONTINUOUS
10
1.4468432677165355
20
0.9301368503937008
11
1.4478531889763779
21
0.929958779527559
0
LINE
8
BLACK
6
CONTINUOUS
10
1.4478531889763779
20
0.929958779527559
11
1.4494004330708661
21
0.9286604724409449
0
LINE
8
BLACK
6
CONTINUOUS
10
1.4494004330708661
20
0.9286604724409449
11
1.4497511811023622
21
0.9266713385826771
0
LINE
8
BLACK
6
CONTINUOUS
10
1.4497511811023622
20
0.9266713385826771
11
1.4487412598425196
21
0.9249221653543307
0
LINE
8
BLACK
6
CONTINUOUS
10
1.4487412598425196
20
0.9249221653543307
11
1.4468432677165355
21
0.9242313385826771
0
LINE
8
BLACK
6
CONTINUOUS
10
1.4468432677165355
20
0.9242313385826771
11
1.4316929133858267
21
0.9242313385826771
0
LINE
8
BLACK
6
CONTINUOUS
10
1.4316929133858267
20
0.9242313385826771
11
1.4316929133858267
21
0.9076396456692913
0
LINE
8
BLACK
6
CONTINUOUS
10
1.4316929133858267
20
0.9076396456692913
11
1.4430937007874016
21
0.9076396456692913
0
LINE
8
BLACK
6
CONTINUOUS
10
1.4430937007874016
20
0.9076396456692913
11
1.4432742125984253
21
0.9076077952755905
0
LINE
8
BLACK
6
CONTINUOUS
10
1.4432742125984253
20
0.9076077952755905
11
1.4433510236220473
21
0.9076283858267716
0
LINE
8
BLACK
6
CONTINUOUS
10
1.4433510236220473
20
0.9076283858267716
11
1.4434686614173229
21
0.9075735039370079
0
LINE
8
BLACK
6
CONTINUOUS
10
1.4434686614173229
20
0.9075735039370079
11
1.4441036220472441
21
0.9074615748031496
0
LINE
8
BLACK
6
CONTINUOUS
10
1.4441036220472441
20
0.9074615748031496
11
1.4445974015748031
21
0.9070472047244095
0
LINE
8
BLACK
6
CONTINUOUS
10
1.4445974015748031
20
0.9070472047244095
11
1.4451815748031496
21
0.906774842519685
0
LINE
8
BLACK
6
CONTINUOUS
10
1.4451815748031496
20
0.906774842519685
11
1.4470563779527559
21
0.9049000787401574
0
LINE
8
BLACK
6
CONTINUOUS
10
1.4470563779527559
20
0.9049000787401574
11
1.4476446062992125
21
0.9040600393700787
0
LINE
8
BLACK
6
CONTINUOUS
10
1.4476446062992125
20
0.9040600393700787
11
1.4476599606299212
21
0.903884094488189
0
LINE
8
BLACK
6
CONTINUOUS
10
1.4476599606299212
20
0.903884094488189
11
1.4477697244094487
21
0.9037458661417322
0
LINE
8
BLACK
6
CONTINUOUS
10
1.4477697244094487
20
0.9037458661417322
11
1.4496444881889763
21
0.8981216141732283
0
LINE
8
BLACK
6
CONTINUOUS
10
1.4496444881889763
20
0.8981216141732283
11
1.4497739763779527
21
0.8972483464566929
0
LINE
8
BLACK
6
CONTINUOUS
10
1.4497739763779527
20
0.8972483464566929
11
1.4497960236220473
21
0.8971878346456693
0
LINE
8
BLACK
6
CONTINUOUS
10
1.4497960236220473
20
0.8971878346456693
11
1.4497960236220473
21
0.8934383070866142
0
LINE
8
BLACK
6
CONTINUOUS
10
1.4497960236220473
20
0.8934383070866142
11
1.4496427165354331
21
0.8925688976377952
0
LINE
8
BLACK
6
CONTINUOUS
10
1.4496427165354331
20
0.8925688976377952
11
1.4496444881889763
21
0.8925045275590551
0
LINE
8
BLACK
6
CONTINUOUS
10
1.4496444881889763
20
0.8925045275590551
11
1.4477697244094487
21
0.8868802755905512
0
LINE
8
BLACK
6
CONTINUOUS
10
1.4477697244094487
20
0.8868802755905512
11
1.4472814173228346
21
0.8859785039370078
0
LINE
8
BLACK
6
CONTINUOUS
10
1.4472814173228346
20
0.8859785039370078
11
1.4471310236220472
21
0.8858861023622047
0
LINE
8
BLACK
6
CONTINUOUS
10
1.4471310236220472
20
0.8858861023622047
11
1.4470564173228346
21
0.8857261023622047
0
LINE
8
BLACK
6
CONTINUOUS
10
1.4470564173228346
20
0.8857261023622047
11
1.4433068503937008
21
0.8819765748031496
0
LINE
8
BLACK
6
CONTINUOUS
10
1.4433068503937008
20
0.8819765748031496
11
1.4425836614173229
21
0.881470157480315
0
LINE
8
BLACK
6
CONTINUOUS
10
1.4425836614173229
20
0.881470157480315
11
1.4425394488188976
21
0.8814234645669291
0
LINE
8
BLACK
6
CONTINUOUS
10
1.4425394488188976
20
0.8814234645669291
11
1.4387899212598425
21
0.8795487007874015
0
LINE
8
BLACK
6
CONTINUOUS
10
1.4387899212598425
20
0.8795487007874015
11
1.4383014566929133
21
0.8794033858267717
0
LINE
8
BLACK
6
CONTINUOUS
10
1.4383014566929133
20
0.8794033858267717
11
1.4381855511811024
21
0.8793251181102362
0
LINE
8
BLACK
6
CONTINUOUS
10
1.4381855511811024
20
0.8793251181102362
11
1.4316929133858267
21
0.8777019291338582
0
LINE
8
BLACK
6
CONTINUOUS
10
1.4316929133858267
20
0.8777019291338582
11
1.4316929133858267
21
0.8362364566929134
0
LINE
8
BLACK
6
CONTINUOUS
10
1.4316929133858267
20
0.8362364566929134
11
1.4323578740157481
21
0.8363537401574803
0
LINE
8
BLACK
6
CONTINUOUS
10
1.4323578740157481
20
0.8363537401574803
11
1.4341070472440944
21
0.8353438188976378
0
LINE
8
BLACK
6
CONTINUOUS
10
1.4341070472440944
20
0.8353438188976378
11
1.4347978740157481
21
0.8334458267716536
0
LINE
8
BLACK
6
CONTINUOUS
10
1.4347978740157481
20
0.8334458267716536
11
1.4347978740157481
21
0.8034495669291338
0
LINE
8
BLACK
6
CONTINUOUS
10
1.4347978740157481
20
0.8034495669291338
11
1.4346198031496062
21
0.8024396456692913
0
LINE
8
BLACK
6
CONTINUOUS
10
1.4346198031496062
20
0.8024396456692913
11
1.4333214960629921
21
0.8008924015748031
0
LINE
8
BLACK
6
CONTINUOUS
10
1.4333214960629921
20
0.8008924015748031
11
1.4316929133858267
21
0.8006051968503937
0
LINE
8
BLACK
6
CONTINUOUS
10
1.4316929133858267
20
0.8006051968503937
11
1.4316929133858267
21
0.7553691338582676
0
LINE
8
BLACK
6
CONTINUOUS
10
1.4316929133858267
20
0.7553691338582676
11
1.4477770078740158
21
0.7500077952755906
0
LINE
8
BLACK
6
CONTINUOUS
10
1.4477770078740158
20
0.7500077952755906
11
1.4486787795275591
21
0.7495195275590552
0
LINE
8
BLACK
6
CONTINUOUS
10
1.4486787795275591
20
0.7495195275590552
11
1.4487232677165354
21
0.7494470472440945
0
LINE
8
BLACK
6
CONTINUOUS
10
1.4487232677165354
20
0.7494470472440945
11
1.4488023228346456
21
0.7494158267716535
0
LINE
8
BLACK
6
CONTINUOUS
10
1.4488023228346456
20
0.7494158267716535
11
1.4492470472440944
21
0.7485944881889763
0
LINE
8
BLACK
6
CONTINUOUS
10
1.4492470472440944
20
0.7485944881889763
11
1.4497360629921259
21
0.7477985433070866
0
LINE
8
BLACK
6
CONTINUOUS
10
1.4497360629921259
20
0.7477985433070866
11
1.4497235826771653
21
0.7477144488188976
0
LINE
8
BLACK
6
CONTINUOUS
10
1.4497235826771653
20
0.7477144488188976
11
1.4497640944881889
21
0.7476396850393701
0
LINE
8
BLACK
6
CONTINUOUS
10
1.4497640944881889
20
0.7476396850393701
11
1.4495767716535433
21
0.7467245275590551
0
LINE
8
BLACK
6
CONTINUOUS
10
1.4495767716535433
20
0.7467245275590551
11
1.4494398031496063
21
0.7458005905511811
0
LINE
8
BLACK
6
CONTINUOUS
10
1.4494398031496063
20
0.7458005905511811
11
1.4493761417322835
21
0.7457441338582677
0
LINE
8
BLACK
6
CONTINUOUS
10
1.4493761417322835
20
0.7457441338582677
11
1.4493591338582676
21
0.745660905511811
0
LINE
8
BLACK
6
CONTINUOUS
10
1.4493591338582676
20
0.745660905511811
11
1.4486274409448818
21
0.7450802362204724
0
LINE
8
BLACK
6
CONTINUOUS
10
1.4486274409448818
20
0.7450802362204724
11
1.4479285433070865
21
0.7444605118110236
0
LINE
8
BLACK
6
CONTINUOUS
10
1.4479285433070865
20
0.7444605118110236
11
1.4478435826771654
21
0.7444581889763779
0
LINE
8
BLACK
6
CONTINUOUS
10
1.4478435826771654
20
0.7444581889763779
11
1.4477770078740158
21
0.7444053543307086
0
LINE
8
BLACK
6
CONTINUOUS
10
1.4477770078740158
20
0.7444053543307086
11
1.4316929133858267
21
0.7390439763779527
0
LINE
8
BLACK
6
CONTINUOUS
10
1.4316929133858267
20
0.7390439763779527
11
1.4316929133858267
21
0.7257873622047244
0
LINE
8
BLACK
6
CONTINUOUS
10
1.4316929133858267
20
0.7257873622047244
11
1.4318451181102363
21
0.7257873622047244
0
LINE
8
BLACK
6
CONTINUOUS
10
1.4318451181102363
20
0.7257873622047244
11
1.4324254724409449
21
0.725685
0
LINE
8
BLACK
6
CONTINUOUS
10
1.4324254724409449
20
0.725685
11
1.4325612598425197
21
0.7256992125984252
0
LINE
8
BLACK
6
CONTINUOUS
10
1.4325612598425197
20
0.7256992125984252
11
1.4400603149606299
21
0.7238244488188976
0
LINE
8
BLACK
6
CONTINUOUS
10
1.4400603149606299
20
0.7238244488188976
11
1.4405257480314961
21
0.7236168503937007
0
LINE
8
BLACK
6
CONTINUOUS
10
1.4405257480314961
20
0.7236168503937007
11
1.4406646850393701
21
0.7236008661417322
0
LINE
8
BLACK
6
CONTINUOUS
10
1.4406646850393701
20
0.7236008661417322
11
1.4444142125984252
21
0.7217261023622047
0
LINE
8
BLACK
6
CONTINUOUS
10
1.4444142125984252
20
0.7217261023622047
11
1.4451231889763778
21
0.7212002362204725
0
LINE
8
BLACK
6
CONTINUOUS
10
1.4451231889763778
20
0.7212002362204725
11
1.4451815748031496
21
0.7211730314960629
0
LINE
8
BLACK
6
CONTINUOUS
10
1.4451815748031496
20
0.7211730314960629
11
1.4470563779527559
21
0.7192982677165354
0
LINE
8
BLACK
6
CONTINUOUS
10
1.4470563779527559
20
0.7192982677165354
11
1.4475627559055118
21
0.7185750787401575
0
LINE
8
BLACK
6
CONTINUOUS
10
1.4475627559055118
20
0.7185750787401575
11
1.447609527559055
21
0.7185308267716535
0
LINE
8
BLACK
6
CONTINUOUS
10
1.447609527559055
20
0.7185308267716535
11
1.4494842913385826
21
0.7147812992125984
0
LINE
8
BLACK
6
CONTINUOUS
10
1.4494842913385826
20
0.7147812992125984
11
1.449776653543307
21
0.7137983858267717
0
LINE
8
BLACK
6
CONTINUOUS
10
1.449776653543307
20
0.7137983858267717
11
1.4497356299212598
21
0.7136266535433071
0
LINE
8
BLACK
6
CONTINUOUS
10
1.4497356299212598
20
0.7136266535433071
11
1.4497960236220473
21
0.7134607874015748
0
LINE
8
BLACK
6
CONTINUOUS
10
1.4497960236220473
20
0.7134607874015748
11
1.4497960236220473
21
0.7097112598425197
0
LINE
8
BLACK
6
CONTINUOUS
10
1.4497960236220473
20
0.7097112598425197
11
1.4496179527559054
21
0.7087013385826771
0
LINE
8
BLACK
6
CONTINUOUS
10
1.4496179527559054
20
0.7087013385826771
11
1.4495044488188975
21
0.708566062992126
0
LINE
8
BLACK
6
CONTINUOUS
10
1.4495044488188975
20
0.708566062992126
11
1.4494842913385826
21
0.708390748031496
0
LINE
8
BLACK
6
CONTINUOUS
10
1.4494842913385826
20
0.708390748031496
11
1.447609527559055
21
0.7046412204724409
0
LINE
8
BLACK
6
CONTINUOUS
10
1.447609527559055
20
0.7046412204724409
11
1.4470835433070866
21
0.7039320866141732
0
LINE
8
BLACK
6
CONTINUOUS
10
1.4470835433070866
20
0.7039320866141732
11
1.4470563779527559
21
0.703873779527559
0
LINE
8
BLACK
6
CONTINUOUS
10
1.4470563779527559
20
0.703873779527559
11
1.4451815748031496
21
0.7019990157480315
0
LINE
8
BLACK
6
CONTINUOUS
10
1.4451815748031496
20
0.7019990157480315
11
1.4444585039370079
21
0.7014927165354331
0
LINE
8
BLACK
6
CONTINUOUS
10
1.4444585039370079
20
0.7014927165354331
11
1.4444142125984252
21
0.7014459448818897
0
LINE
8
BLACK
6
CONTINUOUS
10
1.4444142125984252
20
0.7014459448818897
11
1.4406646850393701
21
0.6995711811023622
0
LINE
8
BLACK
6
CONTINUOUS
10
1.4406646850393701
20
0.6995711811023622
11
1.4401762204724409
21
0.6994258661417323
0
LINE
8
BLACK
6
CONTINUOUS
10
1.4401762204724409
20
0.6994258661417323
11
1.4400603149606299
21
0.6993475984251968
0
LINE
8
BLACK
6
CONTINUOUS
10
1.4400603149606299
20
0.6993475984251968
11
1.4325612598425197
21
0.6974728346456692
0
LINE
8
BLACK
6
CONTINUOUS
10
1.4325612598425197
20
0.6974728346456692
11
1.4319733464566928
21
0.6974313385826771
0
LINE
8
BLACK
6
CONTINUOUS
10
1.4319733464566928
20
0.6974313385826771
11
1.4318451181102363
21
0.69738468503937
0
LINE
8
BLACK
6
CONTINUOUS
10
1.4318451181102363
20
0.69738468503937
11
1.4316929133858267
21
0.69738468503937
0
LINE
8
BLACK
6
CONTINUOUS
10
1.4316929133858267
20
0.69738468503937
11
1.4316929133858267
21
0.6882920472440944
0
LINE
8
BLACK
6
CONTINUOUS
10
1.4316929133858267
20
0.6882920472440944
11
1.4393441732283465
21
0.6882920472440944
0
LINE
8
BLACK
6
CONTINUOUS
10
1.4393441732283465
20
0.6882920472440944
11
1.440354094488189
21
0.6881139763779527
0
LINE
8
BLACK
6
CONTINUOUS
10
1.440354094488189
20
0.6881139763779527
11
1.4404893307086615
21
0.6880004724409449
0
LINE
8
BLACK
6
CONTINUOUS
10
1.4404893307086615
20
0.6880004724409449
11
1.4406646850393701
21
0.6879803149606299
0
LINE
8
BLACK
6
CONTINUOUS
10
1.4406646850393701
20
0.6879803149606299
11
1.4444142125984252
21
0.6861055511811024
0
LINE
8
BLACK
6
CONTINUOUS
10
1.4444142125984252
20
0.6861055511811024
11
1.4451231889763778
21
0.6855796850393701
0
LINE
8
BLACK
6
CONTINUOUS
10
1.4451231889763778
20
0.6855796850393701
11
1.4451815748031496
21
0.6855524803149606
0
LINE
8
BLACK
6
CONTINUOUS
10
1.4451815748031496
20
0.6855524803149606
11
1.4470563779527559
21
0.6836777165354331
0
LINE
8
BLACK
6
CONTINUOUS
10
1.4470563779527559
20
0.6836777165354331
11
1.4475627559055118
21
0.6829545275590551
0
LINE
8
BLACK
6
CONTINUOUS
10
1.4475627559055118
20
0.6829545275590551
11
1.447609527559055
21
0.6829102755905512
0
LINE
8
BLACK
6
CONTINUOUS
10
1.447609527559055
20
0.6829102755905512
11
1.4494842913385826
21
0.6791607480314961
0
LINE
8
BLACK
6
CONTINUOUS
10
1.4494842913385826
20
0.6791607480314961
11
1.449776653543307
21
0.6781778346456693
0
LINE
8
BLACK
6
CONTINUOUS
10
1.449776653543307
20
0.6781778346456693
11
1.4497356299212598
21
0.6780061023622047
0
LINE
8
BLACK
6
CONTINUOUS
10
1.4497356299212598
20
0.6780061023622047
11
1.4497960236220473
21
0.6778402362204724
0
LINE
8
BLACK
6
CONTINUOUS
10
1.4497960236220473
20
0.6778402362204724
11
1.4497960236220473
21
0.6684664173228346
0
LINE
8
BLACK
6
CONTINUOUS
10
1.4497960236220473
20
0.6684664173228346
11
1.4496179527559054
21
0.6674564960629921
0
LINE
8
BLACK
6
CONTINUOUS
10
1.4496179527559054
20
0.6674564960629921
11
1.4495044488188975
21
0.6673212204724409
0
LINE
8
BLACK
6
CONTINUOUS
10
1.4495044488188975
20
0.6673212204724409
11
1.4494842913385826
21
0.667145905511811
0
LINE
8
BLACK
6
CONTINUOUS
10
1.4494842913385826
20
0.667145905511811
11
1.447609527559055
21
0.6633963779527559
0
LINE
8
BLACK
6
CONTINUOUS
10
1.447609527559055
20
0.6633963779527559
11
1.4470835433070866
21
0.6626872440944882
0
LINE
8
BLACK
6
CONTINUOUS
10
1.4470835433070866
20
0.6626872440944882
11
1.4470563779527559
21
0.662628937007874
0
LINE
8
BLACK
6
CONTINUOUS
10
1.4470563779527559
20
0.662628937007874
11
1.4451815748031496
21
0.6607541732283464
0
LINE
8
BLACK
6
CONTINUOUS
10
1.4451815748031496
20
0.6607541732283464
11
1.4443415354330709
21
0.6601659842519685
0
LINE
8
BLACK
6
CONTINUOUS
10
1.4443415354330709
20
0.6601659842519685
11
1.4423294488188976
21
0.65999
0
LINE
8
BLACK
6
CONTINUOUS
10
1.4423294488188976
20
0.65999
11
1.4406749212598424
21
0.6611485039370079
0
LINE
8
BLACK
6
CONTINUOUS
10
1.4406749212598424
20
0.6611485039370079
11
1.4401522047244095
21
0.6630994881889763
0
LINE
8
BLACK
6
CONTINUOUS
10
1.4401522047244095
20
0.6630994881889763
11
1.4410058267716535
21
0.6649300787401574
0
LINE
8
BLACK
6
CONTINUOUS
10
1.4410058267716535
20
0.6649300787401574
11
1.4425417716535434
21
0.6664659842519685
0
LINE
8
BLACK
6
CONTINUOUS
10
1.4425417716535434
20
0.6664659842519685
11
1.4438905118110237
21
0.6691634645669291
0
LINE
8
BLACK
6
CONTINUOUS
10
1.4438905118110237
20
0.6691634645669291
11
1.4438905118110237
21
0.6771431889763779
0
LINE
8
BLACK
6
CONTINUOUS
10
1.4438905118110237
20
0.6771431889763779
11
1.4425417716535434
21
0.6798406299212598
0
LINE
8
BLACK
6
CONTINUOUS
10
1.4425417716535434
20
0.6798406299212598
11
1.4413446062992126
21
0.6810377559055117
0
LINE
8
BLACK
6
CONTINUOUS
10
1.4413446062992126
20
0.6810377559055117
11
1.4386471259842519
21
0.6823865354330708
0
LINE
8
BLACK
6
CONTINUOUS
10
1.4386471259842519
20
0.6823865354330708
11
1.4316929133858267
21
0.6823865354330708
0
LINE
8
BLACK
6
CONTINUOUS
10
1.4316929133858267
20
0.6823865354330708
11
1.4316929133858267
21
0.6377459448818897
0
LINE
8
BLACK
6
CONTINUOUS
10
1.4316929133858267
20
0.6377459448818897
11
1.4578549999999999
21
0.6203046062992126
0
LINE
8
BLACK
6
CONTINUOUS
10
1.4578549999999999
20
0.6203046062992126
11
1.4585965354330708
21
0.6195962204724409
0
LINE
8
BLACK
6
CONTINUOUS
10
1.4585965354330708
20
0.6195962204724409
11
1.4591637401574802
21
0.6176577165354331
0
LINE
8
BLACK
6
CONTINUOUS
10
1.4591637401574802
20
0.6176577165354331
11
1.4583522047244095
21
0.6158080708661418
0
LINE
8
BLACK
6
CONTINUOUS
10
1.4583522047244095
20
0.6158080708661418
11
1.4565416535433071
21
0.614912874015748
0
LINE
8
BLACK
6
CONTINUOUS
10
1.4565416535433071
20
0.614912874015748
11
1.4545792125984252
21
0.615390905511811
0
LINE
8
BLACK
6
CONTINUOUS
10
1.4545792125984252
20
0.615390905511811
11
1.4316929133858267
21
0.6306484251968504
0
LINE
8
BLACK
6
CONTINUOUS
10
1.4316929133858267
20
0.6306484251968504
11
1.4316929133858267
21
0.5926790157480315
0
LINE
8
BLACK
6
CONTINUOUS
10
1.4316929133858267
20
0.5926790157480315
11
1.4468432677165355
21
0.5926790157480315
0
LINE
8
BLACK
6
CONTINUOUS
10
1.4468432677165355
20
0.5926790157480315
11
1.4478531889763779
21
0.5925009448818898
0
LINE
8
BLACK
6
CONTINUOUS
10
1.4478531889763779
20
0.5925009448818898
11
1.4494004330708661
21
0.5912026377952756
0
LINE
8
BLACK
6
CONTINUOUS
10
1.4494004330708661
20
0.5912026377952756
11
1.4497511811023622
21
0.5892135039370079
0
LINE
8
BLACK
6
CONTINUOUS
10
1.4497511811023622
20
0.5892135039370079
11
1.4487412598425196
21
0.5874643307086614
0
LINE
8
BLACK
6
CONTINUOUS
10
1.4487412598425196
20
0.5874643307086614
11
1.4468432677165355
21
0.5867735039370079
0
LINE
8
BLACK
6
CONTINUOUS
10
1.4468432677165355
20
0.5867735039370079
11
1.4316929133858267
21
0.5867735039370079
0
LINE
8
BLACK
6
CONTINUOUS
10
1.4316929133858267
20
0.5867735039370079
11
1.4316929133858267
21
0.5739313385826772
0
LINE
8
BLACK
6
CONTINUOUS
10
1.4316929133858267
20
0.5739313385826772
11
1.4468432677165355
21
0.5739313385826772
0
LINE
8
BLACK
6
CONTINUOUS
10
1.4468432677165355
20
0.5739313385826772
11
1.4478531889763779
21
0.5737532677165355
0
LINE
8
BLACK
6
CONTINUOUS
10
1.4478531889763779
20
0.5737532677165355
11
1.4494004330708661
21
0.5724549606299213
0
LINE
8
BLACK
6
CONTINUOUS
10
1.4494004330708661
20
0.5724549606299213
11
1.4497511811023622
21
0.5704658267716536
0
LINE
8
BLACK
6
CONTINUOUS
10
1.4497511811023622
20
0.5704658267716536
11
1.4487412598425196
21
0.568716653543307
0
LINE
8
BLACK
6
CONTINUOUS
10
1.4487412598425196
20
0.568716653543307
11
1.4485061417322835
21
0.568631062992126
0
LINE
8
BLACK
6
CONTINUOUS
10
1.4485061417322835
20
0.568631062992126
11
1.4494842913385826
21
0.5666748031496063
0
LINE
8
BLACK
6
CONTINUOUS
10
1.4494842913385826
20
0.5666748031496063
11
1.449776653543307
21
0.5656918897637795
0
LINE
8
BLACK
6
CONTINUOUS
10
1.449776653543307
20
0.5656918897637795
11
1.4497356299212598
21
0.5655201574803149
0
LINE
8
BLACK
6
CONTINUOUS
10
1.4497356299212598
20
0.5655201574803149
11
1.4497960236220473
21
0.5653542913385826
0
LINE
8
BLACK
6
CONTINUOUS
10
1.4497960236220473
20
0.5653542913385826
11
1.4497960236220473
21
0.5597299999999999
0
LINE
8
BLACK
6
CONTINUOUS
10
1.4497960236220473
20
0.5597299999999999
11
1.4496179527559054
21
0.5587200787401575
0
LINE
8
BLACK
6
CONTINUOUS
10
1.4496179527559054
20
0.5587200787401575
11
1.4495044488188975
21
0.5585848031496062
0
LINE
8
BLACK
6
CONTINUOUS
10
1.4495044488188975
20
0.5585848031496062
11
1.4494842913385826
21
0.5584094881889764
0
LINE
8
BLACK
6
CONTINUOUS
10
1.4494842913385826
20
0.5584094881889764
11
1.447609527559055
21
0.5546599606299213
0
LINE
8
BLACK
6
CONTINUOUS
10
1.447609527559055
20
0.5546599606299213
11
1.4469986220472442
21
0.5538362992125984
0
LINE
8
BLACK
6
CONTINUOUS
10
1.4469986220472442
20
0.5538362992125984
11
1.4465929133858266
21
0.5536604330708661
0
LINE
8
BLACK
6
CONTINUOUS
10
1.4465929133858266
20
0.5536604330708661
11
1.4462890157480315
21
0.5533394488188976
0
LINE
8
BLACK
6
CONTINUOUS
10
1.4462890157480315
20
0.5533394488188976
11
1.4425394488188976
21
0.5514646850393701
0
LINE
8
BLACK
6
CONTINUOUS
10
1.4425394488188976
20
0.5514646850393701
11
1.4415564960629921
21
0.5511722834645669
0
LINE
8
BLACK
6
CONTINUOUS
10
1.4415564960629921
20
0.5511722834645669
11
1.4413847637795276
21
0.5512133070866142
0
LINE
8
BLACK
6
CONTINUOUS
10
1.4413847637795276
20
0.5512133070866142
11
1.4412189370078741
21
0.5511529527559055
0
LINE
8
BLACK
6
CONTINUOUS
10
1.4412189370078741
20
0.5511529527559055
11
1.4316929133858267
21
0.5511529527559055
0
LINE
8
BLACK
6
CONTINUOUS
10
1.4316929133858267
20
0.5511529527559055
11
1.4316929133858267
21
0.5421259842519685
0
LINE
8
BLACK
6
CONTINUOUS
10
1.4316929133858267
20
0.5421259842519685
11
1.4311163385826771
21
0.5407340551181102
0
LINE
8
BLACK
6
CONTINUOUS
10
1.4311163385826771
20
0.5407340551181102
11
1.4297921653543306
21
0.5401855511811023
0
LINE
8
BLACK
6
CONTINUOUS
10
1.4297921653543306
20
0.5401855511811023
11
1.4318451181102363
21
0.5401855511811023
0
LINE
8
BLACK
6
CONTINUOUS
10
1.4318451181102363
20
0.5401855511811023
11
1.4324254724409449
21
0.540083188976378
0
LINE
8
BLACK
6
CONTINUOUS
10
1.4324254724409449
20
0.540083188976378
11
1.4325612598425197
21
0.5400974015748031
0
LINE
8
BLACK
6
CONTINUOUS
10
1.4325612598425197
20
0.5400974015748031
11
1.4400603149606299
21
0.5382226377952756
0
LINE
8
BLACK
6
CONTINUOUS
10
1.4400603149606299
20
0.5382226377952756
11
1.4405257480314961
21
0.5380150393700788
0
LINE
8
BLACK
6
CONTINUOUS
10
1.4405257480314961
20
0.5380150393700788
11
1.4406646850393701
21
0.5379990551181102
0
LINE
8
BLACK
6
CONTINUOUS
10
1.4406646850393701
20
0.5379990551181102
11
1.4444142125984252
21
0.5361242913385826
0
LINE
8
BLACK
6
CONTINUOUS
10
1.4444142125984252
20
0.5361242913385826
11
1.4451231889763778
21
0.5355984251968504
0
LINE
8
BLACK
6
CONTINUOUS
10
1.4451231889763778
20
0.5355984251968504
11
1.4451815748031496
21
0.5355712204724409
0
LINE
8
BLACK
6
CONTINUOUS
10
1.4451815748031496
20
0.5355712204724409
11
1.4459102755905511
21
0.5348425196850394
0
LINE
8
BLACK
6
CONTINUOUS
10
1.4459102755905511
20
0.5348425196850394
11
1.7547244094488188
21
0.5348425196850394
0
LINE
8
BLACK
6
CONTINUOUS
10
1.7547244094488188
20
0.5348425196850394
11
1.756116338582677
21
0.5342659448818897
0
LINE
8
BLACK
6
CONTINUOUS
10
1.756116338582677
20
0.5342659448818897
11
1.7566929133858267
21
0.5328740157480315
0
LINE
8
BLACK
6
CONTINUOUS
10
1.7566929133858267
20
0.5328740157480315
11
1.7566929133858267
21
0.0171259842519685
0
LINE
8
BLACK
6
CONTINUOUS
10
1.7566929133858267
20
0.0171259842519685
11
1.756116338582677
21
0.0157340551181102
0
LINE
8
BLACK
6
CONTINUOUS
10
1.756116338582677
20
0.0157340551181102
11
1.7547244094488188
21
0.0151574803149606
0
LINE
8
BLACK
6
CONTINUOUS
10
1.7547244094488188
20
0.0151574803149606
11
0.3452755905511811
21
0.0151574803149606
0
LINE
8
BLACK
6
CONTINUOUS
10
0.3452755905511811
20
0.0151574803149606
11
0.3438836614173229
21
0.0157340551181102
0
LINE
8
BLACK
6
CONTINUOUS
10
0.3438836614173229
20
0.0157340551181102
11
0.3433070866141732
21
0.0171259842519685
0
LINE
8
BLACK
6
CONTINUOUS
10
0.3433070866141732
20
0.0171259842519685
11
0.3433070866141732
21
0.5328740157480315
0
LINE
8
BLACK
6
CONTINUOUS
10
0.3433070866141732
20
0.5328740157480315
11
0.3438836614173229
21
0.5342659448818897
0
LINE
8
BLACK
6
CONTINUOUS
10
0.3438836614173229
20
0.5342659448818897
11
0.3452755905511811
21
0.5348425196850394
0
LINE
8
BLACK
6
CONTINUOUS
10
0.3452755905511811
20
0.5348425196850394
11
1.4084061417322835
21
0.5348425196850394
0
LINE
8
BLACK
6
CONTINUOUS
10
1.4084061417322835
20
0.5348425196850394
11
1.4091348031496063
21
0.5355711811023622
0
LINE
8
BLACK
6
CONTINUOUS
10
1.4091348031496063
20
0.5355711811023622
11
1.4098578740157479
21
0.5360774409448819
0
LINE
8
BLACK
6
CONTINUOUS
10
1.4098578740157479
20
0.5360774409448819
11
1.4099022047244094
21
0.5361242913385826
0
LINE
8
BLACK
6
CONTINUOUS
10
1.4099022047244094
20
0.5361242913385826
11
1.4136517322834645
21
0.5379990551181102
0
LINE
8
BLACK
6
CONTINUOUS
10
1.4136517322834645
20
0.5379990551181102
11
1.414140157480315
21
0.5381443307086614
0
LINE
8
BLACK
6
CONTINUOUS
10
1.414140157480315
20
0.5381443307086614
11
1.4142561023622047
21
0.5382226377952756
0
LINE
8
BLACK
6
CONTINUOUS
10
1.4142561023622047
20
0.5382226377952756
11
1.4217551574803149
21
0.5400974015748031
0
LINE
8
BLACK
6
CONTINUOUS
10
1.4217551574803149
20
0.5400974015748031
11
1.422343031496063
21
0.5401388582677166
0
LINE
8
BLACK
6
CONTINUOUS
10
1.422343031496063
20
0.5401388582677166
11
1.4223941732283465
21
0.5401574803149606
0
LINE
8
BLACK
6
CONTINUOUS
10
1.4223941732283465
20
0.5401574803149606
11
0.0202755905511811
21
0.5401574803149606
0
LINE
8
BLACK
6
CONTINUOUS
10
0.0202755905511811
20
0.5401574803149606
11
0.0188836614173228
21
0.5407340551181102
0
LINE
8
BLACK
6
CONTINUOUS
10
0.0188836614173228
20
0.5407340551181102
11
0.0183070866141732
21
0.5421259842519685
0
LINE
8
BLACK
6
CONTINUOUS
10
0.0183070866141732
20
0.5421259842519685
11
0.0183070866141732
21
1.0578740157480315
0
LINE
8
BLACK
6
CONTINUOUS
10
0.0183070866141732
20
1.0578740157480315
11
0.0188836614173228
21
1.0592659448818897
0
LINE
8
BLACK
6
CONTINUOUS
10
0.0188836614173228
20
1.0592659448818897
11
0.0202755905511811
21
1.0598425196850394
0
LINE
8
BLACK
6
CONTINUOUS
10
0.0202755905511811
20
1.0598425196850394
11
1.4297244094488188
21
1.0598425196850394
0
LINE
8
BLACK
6
CONTINUOUS
10
1.4486212992125984
20
0.5309055118110236
11
1.4494842913385826
21
0.5291794881889764
0
LINE
8
BLACK
6
CONTINUOUS
10
1.4494842913385826
20
0.5291794881889764
11
1.449776653543307
21
0.5281965748031496
0
LINE
8
BLACK
6
CONTINUOUS
10
1.449776653543307
20
0.5281965748031496
11
1.4497356299212598
21
0.5280248425196851
0
LINE
8
BLACK
6
CONTINUOUS
10
1.4497356299212598
20
0.5280248425196851
11
1.4497960236220473
21
0.5278589763779528
0
LINE
8
BLACK
6
CONTINUOUS
10
1.4497960236220473
20
0.5278589763779528
11
1.4497960236220473
21
0.5241094488188976
0
LINE
8
BLACK
6
CONTINUOUS
10
1.4497960236220473
20
0.5241094488188976
11
1.4496179527559054
21
0.5230995275590551
0
LINE
8
BLACK
6
CONTINUOUS
10
1.4496179527559054
20
0.5230995275590551
11
1.4495044488188975
21
0.5229642519685039
0
LINE
8
BLACK
6
CONTINUOUS
10
1.4495044488188975
20
0.5229642519685039
11
1.4494842913385826
21
0.522788937007874
0
LINE
8
BLACK
6
CONTINUOUS
10
1.4494842913385826
20
0.522788937007874
11
1.447609527559055
21
0.5190394094488189
0
LINE
8
BLACK
6
CONTINUOUS
10
1.447609527559055
20
0.5190394094488189
11
1.4470835433070866
21
0.5183302755905511
0
LINE
8
BLACK
6
CONTINUOUS
10
1.4470835433070866
20
0.5183302755905511
11
1.4470563779527559
21
0.518271968503937
0
LINE
8
BLACK
6
CONTINUOUS
10
1.4470563779527559
20
0.518271968503937
11
1.4451815748031496
21
0.5163972047244094
0
LINE
8
BLACK
6
CONTINUOUS
10
1.4451815748031496
20
0.5163972047244094
11
1.4444585039370079
21
0.515890905511811
0
LINE
8
BLACK
6
CONTINUOUS
10
1.4444585039370079
20
0.515890905511811
11
1.4444142125984252
21
0.5158441338582677
0
LINE
8
BLACK
6
CONTINUOUS
10
1.4444142125984252
20
0.5158441338582677
11
1.4406646850393701
21
0.5139693700787401
0
LINE
8
BLACK
6
CONTINUOUS
10
1.4406646850393701
20
0.5139693700787401
11
1.4401762204724409
21
0.5138240551181102
0
LINE
8
BLACK
6
CONTINUOUS
10
1.4401762204724409
20
0.5138240551181102
11
1.4400603149606299
21
0.5137457874015748
0
LINE
8
BLACK
6
CONTINUOUS
10
1.4400603149606299
20
0.5137457874015748
11
1.4325612598425197
21
0.5118710236220473
0
LINE
8
BLACK
6
CONTINUOUS
10
1.4325612598425197
20
0.5118710236220473
11
1.4319733464566928
21
0.5118295275590551
0
LINE
8
BLACK
6
CONTINUOUS
10
1.4319733464566928
20
0.5118295275590551
11
1.4318451181102363
21
0.5117828740157481
0
LINE
8
BLACK
6
CONTINUOUS
10
1.4318451181102363
20
0.5117828740157481
11
1.4224712992125983
21
0.5117828740157481
0
LINE
8
BLACK
6
CONTINUOUS
10
1.4224712992125983
20
0.5117828740157481
11
1.421890905511811
21
0.5118851968503937
0
LINE
8
BLACK
6
CONTINUOUS
10
1.421890905511811
20
0.5118851968503937
11
1.4217551574803149
21
0.5118710236220473
0
LINE
8
BLACK
6
CONTINUOUS
10
1.4217551574803149
20
0.5118710236220473
11
1.4142561023622047
21
0.5137457874015748
0
LINE
8
BLACK
6
CONTINUOUS
10
1.4142561023622047
20
0.5137457874015748
11
1.4137906299212597
21
0.5139533464566929
0
LINE
8
BLACK
6
CONTINUOUS
10
1.4137906299212597
20
0.5139533464566929
11
1.4136517322834645
21
0.5139693700787401
0
LINE
8
BLACK
6
CONTINUOUS
10
1.4136517322834645
20
0.5139693700787401
11
1.4099022047244094
21
0.5158441338582677
0
LINE
8
BLACK
6
CONTINUOUS
10
1.4099022047244094
20
0.5158441338582677
11
1.4091931102362205
21
0.51637
0
LINE
8
BLACK
6
CONTINUOUS
10
1.4091931102362205
20
0.51637
11
1.4091348031496063
21
0.5163972440944882
0
LINE
8
BLACK
6
CONTINUOUS
10
1.4091348031496063
20
0.5163972440944882
11
1.4072600393700787
21
0.5182720078740157
0
LINE
8
BLACK
6
CONTINUOUS
10
1.4072600393700787
20
0.5182720078740157
11
1.4067537401574803
21
0.5189950787401575
0
LINE
8
BLACK
6
CONTINUOUS
10
1.4067537401574803
20
0.5189950787401575
11
1.4067069291338583
21
0.5190394094488189
0
LINE
8
BLACK
6
CONTINUOUS
10
1.4067069291338583
20
0.5190394094488189
11
1.4048321653543308
21
0.522788937007874
0
LINE
8
BLACK
6
CONTINUOUS
10
1.4048321653543308
20
0.522788937007874
11
1.4045398031496064
21
0.5237718897637795
0
LINE
8
BLACK
6
CONTINUOUS
10
1.4045398031496064
20
0.5237718897637795
11
1.4045807874015748
21
0.5239435433070866
0
LINE
8
BLACK
6
CONTINUOUS
10
1.4045807874015748
20
0.5239435433070866
11
1.404520433070866
21
0.5241094488188976
0
LINE
8
BLACK
6
CONTINUOUS
10
1.404520433070866
20
0.5241094488188976
11
1.404520433070866
21
0.5278589763779528
0
LINE
8
BLACK
6
CONTINUOUS
10
1.404520433070866
20
0.5278589763779528
11
1.4046985039370079
21
0.5288688976377952
0
LINE
8
BLACK
6
CONTINUOUS
10
1.4046985039370079
20
0.5288688976377952
11
1.4048119685039371
21
0.5290041338582677
0
LINE
8
BLACK
6
CONTINUOUS
10
1.4048119685039371
20
0.5290041338582677
11
1.4048321653543308
21
0.5291794881889764
0
LINE
8
BLACK
6
CONTINUOUS
10
1.4048321653543308
20
0.5291794881889764
11
1.4056951574803149
21
0.5309055118110236
0
LINE
8
BLACK
6
CONTINUOUS
10
1.4056951574803149
20
0.5309055118110236
11
0.347244094488189
21
0.5309055118110236
0
LINE
8
BLACK
6
CONTINUOUS
10
0.347244094488189
20
0.5309055118110236
11
0.347244094488189
21
0.0190944881889764
0
LINE
8
BLACK
6
CONTINUOUS
10
0.347244094488189
20
0.0190944881889764
11
1.7527559055118109
21
0.0190944881889764
0
LINE
8
BLACK
6
CONTINUOUS
10
1.7527559055118109
20
0.0190944881889764
11
1.7527559055118109
21
0.5309055118110236
0
LINE
8
BLACK
6
CONTINUOUS
10
1.7527559055118109
20
0.5309055118110236
11
1.4486212992125984
21
0.5309055118110236
0
LINE
8
BLACK
6
CONTINUOUS
10
1.4128207874015748
20
0.5309055118110236
11
1.41177468503937
21
0.5298594094488189
0
LINE
8
BLACK
6
CONTINUOUS
10
1.41177468503937
20
0.5298594094488189
11
1.4104259448818897
21
0.5271619291338583
0
LINE
8
BLACK
6
CONTINUOUS
10
1.4104259448818897
20
0.5271619291338583
11
1.4104259448818897
21
0.5248064960629921
0
LINE
8
BLACK
6
CONTINUOUS
10
1.4104259448818897
20
0.5248064960629921
11
1.41177468503937
21
0.5221090157480315
0
LINE
8
BLACK
6
CONTINUOUS
10
1.41177468503937
20
0.5221090157480315
11
1.412971811023622
21
0.5209118897637796
0
LINE
8
BLACK
6
CONTINUOUS
10
1.412971811023622
20
0.5209118897637796
11
1.4160027952755905
21
0.5193963779527558
0
LINE
8
BLACK
6
CONTINUOUS
10
1.4160027952755905
20
0.5193963779527558
11
1.4228348425196851
21
0.5176883858267717
0
LINE
8
BLACK
6
CONTINUOUS
10
1.4228348425196851
20
0.5176883858267717
11
1.4314815748031495
21
0.5176883858267717
0
LINE
8
BLACK
6
CONTINUOUS
10
1.4314815748031495
20
0.5176883858267717
11
1.4383136220472441
21
0.5193963779527558
0
LINE
8
BLACK
6
CONTINUOUS
10
1.4383136220472441
20
0.5193963779527558
11
1.4413446062992126
21
0.5209118897637796
0
LINE
8
BLACK
6
CONTINUOUS
10
1.4413446062992126
20
0.5209118897637796
11
1.4425417716535434
21
0.5221090157480315
0
LINE
8
BLACK
6
CONTINUOUS
10
1.4425417716535434
20
0.5221090157480315
11
1.4438905118110237
21
0.5248064960629921
0
LINE
8
BLACK
6
CONTINUOUS
10
1.4438905118110237
20
0.5248064960629921
11
1.4438905118110237
21
0.5271619291338583
0
LINE
8
BLACK
6
CONTINUOUS
10
1.4438905118110237
20
0.5271619291338583
11
1.4425417716535434
21
0.5298593700787402
0
LINE
8
BLACK
6
CONTINUOUS
10
1.4425417716535434
20
0.5298593700787402
11
1.441495590551181
21
0.5309055118110236
0
LINE
8
BLACK
6
CONTINUOUS
10
1.441495590551181
20
0.5309055118110236
11
1.4128207874015748
21
0.5309055118110236
0
LINE
8
BLACK
6
CONTINUOUS
10
0.022244094488189
20
1.0559055118110237
11
0.022244094488189
21
0.5440944881889763
0
LINE
8
BLACK
6
CONTINUOUS
10
0.022244094488189
20
0.5440944881889763
11
1.427755905511811
21
0.5440944881889763
0
LINE
8
BLACK
6
CONTINUOUS
10
1.427755905511811
20
0.5440944881889763
11
1.427755905511811
21
0.5511529527559055
0
LINE
8
BLACK
6
CONTINUOUS
10
1.427755905511811
20
0.5511529527559055
11
1.4205965354330707
21
0.5511529527559055
0
LINE
8
BLACK
6
CONTINUOUS
10
1.4205965354330707
20
0.5511529527559055
11
1.4195866141732283
21
0.5513310236220472
0
LINE
8
BLACK
6
CONTINUOUS
10
1.4195866141732283
20
0.5513310236220472
11
1.4180393700787401
21
0.5526293307086614
0
LINE
8
BLACK
6
CONTINUOUS
10
1.4180393700787401
20
0.5526293307086614
11
1.417688622047244
21
0.5546184645669291
0
LINE
8
BLACK
6
CONTINUOUS
10
1.417688622047244
20
0.5546184645669291
11
1.4186985433070867
21
0.5563676377952755
0
LINE
8
BLACK
6
CONTINUOUS
10
1.4186985433070867
20
0.5563676377952755
11
1.4205965354330707
21
0.5570584645669291
0
LINE
8
BLACK
6
CONTINUOUS
10
1.4205965354330707
20
0.5570584645669291
11
1.427755905511811
21
0.5570584645669291
0
LINE
8
BLACK
6
CONTINUOUS
10
1.427755905511811
20
0.5570584645669291
11
1.427755905511811
21
0.5680258267716536
0
LINE
8
BLACK
6
CONTINUOUS
10
1.427755905511811
20
0.5680258267716536
11
1.4205965354330707
21
0.5680258267716536
0
LINE
8
BLACK
6
CONTINUOUS
10
1.4205965354330707
20
0.5680258267716536
11
1.4195866141732283
21
0.5682038976377952
0
LINE
8
BLACK
6
CONTINUOUS
10
1.4195866141732283
20
0.5682038976377952
11
1.4180393700787401
21
0.5695022047244095
0
LINE
8
BLACK
6
CONTINUOUS
10
1.4180393700787401
20
0.5695022047244095
11
1.417688622047244
21
0.5714913385826772
0
LINE
8
BLACK
6
CONTINUOUS
10
1.417688622047244
20
0.5714913385826772
11
1.4186985433070867
21
0.5732405118110236
0
LINE
8
BLACK
6
CONTINUOUS
10
1.4186985433070867
20
0.5732405118110236
11
1.4205965354330707
21
0.5739313385826772
0
LINE
8
BLACK
6
CONTINUOUS
10
1.4205965354330707
20
0.5739313385826772
11
1.427755905511811
21
0.5739313385826772
0
LINE
8
BLACK
6
CONTINUOUS
10
1.427755905511811
20
0.5739313385826772
11
1.427755905511811
21
0.5867735039370079
0
LINE
8
BLACK
6
CONTINUOUS
10
1.427755905511811
20
0.5867735039370079
11
1.4074731889763779
21
0.5867735039370079
0
LINE
8
BLACK
6
CONTINUOUS
10
1.4074731889763779
20
0.5867735039370079
11
1.4070896456692914
21
0.5868411023622047
0
LINE
8
BLACK
6
CONTINUOUS
10
1.4070896456692914
20
0.5868411023622047
11
1.406960433070866
21
0.586818346456693
0
LINE
8
BLACK
6
CONTINUOUS
10
1.406960433070866
20
0.586818346456693
11
1.4068468110236221
21
0.586883937007874
0
LINE
8
BLACK
6
CONTINUOUS
10
1.4068468110236221
20
0.586883937007874
11
1.4064632677165354
21
0.5869515748031496
0
LINE
8
BLACK
6
CONTINUOUS
10
1.4064632677165354
20
0.5869515748031496
11
1.4058755511811023
21
0.5874446850393701
0
LINE
8
BLACK
6
CONTINUOUS
10
1.4058755511811023
20
0.5874446850393701
11
1.4052112598425197
21
0.5878282677165354
0
LINE
8
BLACK
6
CONTINUOUS
10
1.4052112598425197
20
0.5878282677165354
11
1.4051201181102362
21
0.5880785826771654
0
LINE
8
BLACK
6
CONTINUOUS
10
1.4051201181102362
20
0.5880785826771654
11
1.4049160236220473
21
0.5882498818897638
0
LINE
8
BLACK
6
CONTINUOUS
10
1.4049160236220473
20
0.5882498818897638
11
1.4047827559055117
21
0.5890054330708662
0
LINE
8
BLACK
6
CONTINUOUS
10
1.4047827559055117
20
0.5890054330708662
11
1.404520433070866
21
0.5897262598425197
0
LINE
8
BLACK
6
CONTINUOUS
10
1.404520433070866
20
0.5897262598425197
11
1.404520433070866
21
0.6084738976377952
0
LINE
8
BLACK
6
CONTINUOUS
10
1.404520433070866
20
0.6084738976377952
11
1.4046985039370079
21
0.6094838188976378
0
LINE
8
BLACK
6
CONTINUOUS
10
1.4046985039370079
20
0.6094838188976378
11
1.4059968110236221
21
0.611031062992126
0
LINE
8
BLACK
6
CONTINUOUS
10
1.4059968110236221
20
0.611031062992126
11
1.4079859448818897
21
0.611381811023622
0
LINE
8
BLACK
6
CONTINUOUS
10
1.4079859448818897
20
0.611381811023622
11
1.4097351181102362
21
0.6103718897637795
0
LINE
8
BLACK
6
CONTINUOUS
10
1.4097351181102362
20
0.6103718897637795
11
1.4104259448818897
21
0.6084738976377952
0
LINE
8
BLACK
6
CONTINUOUS
10
1.4104259448818897
20
0.6084738976377952
11
1.4104259448818897
21
0.5926790157480315
0
LINE
8
BLACK
6
CONTINUOUS
10
1.4104259448818897
20
0.5926790157480315
11
1.4232680708661416
21
0.5926790157480315
0
LINE
8
BLACK
6
CONTINUOUS
10
1.4232680708661416
20
0.5926790157480315
11
1.4232680708661416
21
0.6028496062992126
0
LINE
8
BLACK
6
CONTINUOUS
10
1.4232680708661416
20
0.6028496062992126
11
1.4234461417322835
21
0.6038595275590551
0
LINE
8
BLACK
6
CONTINUOUS
10
1.4234461417322835
20
0.6038595275590551
11
1.4247444488188976
21
0.6054067716535433
0
LINE
8
BLACK
6
CONTINUOUS
10
1.4247444488188976
20
0.6054067716535433
11
1.4267335826771652
21
0.6057575196850393
0
LINE
8
BLACK
6
CONTINUOUS
10
1.4267335826771652
20
0.6057575196850393
11
1.427755905511811
21
0.6051672440944882
0
LINE
8
BLACK
6
CONTINUOUS
10
1.427755905511811
20
0.6051672440944882
11
1.427755905511811
21
0.6332730708661417
0
LINE
8
BLACK
6
CONTINUOUS
10
1.427755905511811
20
0.6332730708661417
11
1.4039605511811024
21
0.6491366535433071
0
LINE
8
BLACK
6
CONTINUOUS
10
1.4039605511811024
20
0.6491366535433071
11
1.4032190157480315
21
0.6498450393700788
0
LINE
8
BLACK
6
CONTINUOUS
10
1.4032190157480315
20
0.6498450393700788
11
1.4026517716535434
21
0.6517835433070867
0
LINE
8
BLACK
6
CONTINUOUS
10
1.4026517716535434
20
0.6517835433070867
11
1.403463307086614
21
0.6536331496062991
0
LINE
8
BLACK
6
CONTINUOUS
10
1.403463307086614
20
0.6536331496062991
11
1.4052738976377952
21
0.6545283464566929
0
LINE
8
BLACK
6
CONTINUOUS
10
1.4052738976377952
20
0.6545283464566929
11
1.4072362992125984
21
0.6540503543307087
0
LINE
8
BLACK
6
CONTINUOUS
10
1.4072362992125984
20
0.6540503543307087
11
1.427755905511811
21
0.6403706299212598
0
LINE
8
BLACK
6
CONTINUOUS
10
1.427755905511811
20
0.6403706299212598
11
1.427755905511811
21
0.660369842519685
0
LINE
8
BLACK
6
CONTINUOUS
10
1.427755905511811
20
0.660369842519685
11
1.4269221259842519
21
0.6601574803149606
0
LINE
8
BLACK
6
CONTINUOUS
10
1.4269221259842519
20
0.6601574803149606
11
1.425963464566929
21
0.6599006299212599
0
LINE
8
BLACK
6
CONTINUOUS
10
1.425963464566929
20
0.6599006299212599
11
1.4259458661417324
21
0.6599088188976378
0
LINE
8
BLACK
6
CONTINUOUS
10
1.4259458661417324
20
0.6599088188976378
11
1.4259270078740156
21
0.6599040157480315
0
LINE
8
BLACK
6
CONTINUOUS
10
1.4259270078740156
20
0.6599040157480315
11
1.4071793700787401
21
0.661778779527559
0
LINE
8
BLACK
6
CONTINUOUS
10
1.4071793700787401
20
0.661778779527559
11
1.4070290157480314
21
0.661821062992126
0
LINE
8
BLACK
6
CONTINUOUS
10
1.4070290157480314
20
0.661821062992126
11
1.406960433070866
21
0.6618089763779528
0
LINE
8
BLACK
6
CONTINUOUS
10
1.406960433070866
20
0.6618089763779528
11
1.4068544094488189
21
0.661870157480315
0
LINE
8
BLACK
6
CONTINUOUS
10
1.4068544094488189
20
0.661870157480315
11
1.4061922047244093
21
0.6620564566929134
0
LINE
8
BLACK
6
CONTINUOUS
10
1.4061922047244093
20
0.6620564566929134
11
1.4057542913385825
21
0.6625053543307087
0
LINE
8
BLACK
6
CONTINUOUS
10
1.4057542913385825
20
0.6625053543307087
11
1.4052112598425197
21
0.6628188976377952
0
LINE
8
BLACK
6
CONTINUOUS
10
1.4052112598425197
20
0.6628188976377952
11
1.4050700787401575
21
0.6632067322834646
0
LINE
8
BLACK
6
CONTINUOUS
10
1.4050700787401575
20
0.6632067322834646
11
1.4047818110236221
21
0.663502283464567
0
LINE
8
BLACK
6
CONTINUOUS
10
1.4047818110236221
20
0.663502283464567
11
1.4047348818897638
21
0.6641276377952756
0
LINE
8
BLACK
6
CONTINUOUS
10
1.4047348818897638
20
0.6641276377952756
11
1.404520433070866
21
0.6647168897637795
0
LINE
8
BLACK
6
CONTINUOUS
10
1.404520433070866
20
0.6647168897637795
11
1.404520433070866
21
0.6834645275590551
0
LINE
8
BLACK
6
CONTINUOUS
10
1.404520433070866
20
0.6834645275590551
11
1.4046985039370079
21
0.6844744488188976
0
LINE
8
BLACK
6
CONTINUOUS
10
1.4046985039370079
20
0.6844744488188976
11
1.4059968110236221
21
0.6860216929133858
0
LINE
8
BLACK
6
CONTINUOUS
10
1.4059968110236221
20
0.6860216929133858
11
1.4079859448818897
21
0.6863724409448819
0
LINE
8
BLACK
6
CONTINUOUS
10
1.4079859448818897
20
0.6863724409448819
11
1.4097351181102362
21
0.6853625196850394
0
LINE
8
BLACK
6
CONTINUOUS
10
1.4097351181102362
20
0.6853625196850394
11
1.4104259448818897
21
0.6834645275590551
0
LINE
8
BLACK
6
CONTINUOUS
10
1.4104259448818897
20
0.6834645275590551
11
1.4104259448818897
21
0.6673890944881889
0
LINE
8
BLACK
6
CONTINUOUS
10
1.4104259448818897
20
0.6673890944881889
11
1.4201972047244094
21
0.666411968503937
0
LINE
8
BLACK
6
CONTINUOUS
10
1.4201972047244094
20
0.666411968503937
11
1.4198302755905512
21
0.667145905511811
0
LINE
8
BLACK
6
CONTINUOUS
10
1.4198302755905512
20
0.667145905511811
11
1.4195379133858268
21
0.6681288582677165
0
LINE
8
BLACK
6
CONTINUOUS
10
1.4195379133858268
20
0.6681288582677165
11
1.4195788976377952
21
0.6683005118110236
0
LINE
8
BLACK
6
CONTINUOUS
10
1.4195788976377952
20
0.6683005118110236
11
1.4195185433070865
21
0.6684664173228346
0
LINE
8
BLACK
6
CONTINUOUS
10
1.4195185433070865
20
0.6684664173228346
11
1.4195185433070865
21
0.6778402362204724
0
LINE
8
BLACK
6
CONTINUOUS
10
1.4195185433070865
20
0.6778402362204724
11
1.4196966141732283
21
0.678850157480315
0
LINE
8
BLACK
6
CONTINUOUS
10
1.4196966141732283
20
0.678850157480315
11
1.4198100787401575
21
0.6789853937007874
0
LINE
8
BLACK
6
CONTINUOUS
10
1.4198100787401575
20
0.6789853937007874
11
1.4198302755905512
21
0.6791607480314961
0
LINE
8
BLACK
6
CONTINUOUS
10
1.4198302755905512
20
0.6791607480314961
11
1.4217050393700787
21
0.6829102755905512
0
LINE
8
BLACK
6
CONTINUOUS
10
1.4217050393700787
20
0.6829102755905512
11
1.4222309448818897
21
0.6836193307086614
0
LINE
8
BLACK
6
CONTINUOUS
10
1.4222309448818897
20
0.6836193307086614
11
1.4222581496062991
21
0.6836776771653543
0
LINE
8
BLACK
6
CONTINUOUS
10
1.4222581496062991
20
0.6836776771653543
11
1.4241329133858267
21
0.6855524409448819
0
LINE
8
BLACK
6
CONTINUOUS
10
1.4241329133858267
20
0.6855524409448819
11
1.4248559842519686
21
0.6860587007874016
0
LINE
8
BLACK
6
CONTINUOUS
10
1.4248559842519686
20
0.6860587007874016
11
1.4249003149606299
21
0.6861055511811024
0
LINE
8
BLACK
6
CONTINUOUS
10
1.4249003149606299
20
0.6861055511811024
11
1.427755905511811
21
0.687533346456693
0
LINE
8
BLACK
6
CONTINUOUS
10
1.427755905511811
20
0.687533346456693
11
1.427755905511811
21
0.69738468503937
0
LINE
8
BLACK
6
CONTINUOUS
10
1.427755905511811
20
0.69738468503937
11
1.4224712992125983
21
0.69738468503937
0
LINE
8
BLACK
6
CONTINUOUS
10
1.4224712992125983
20
0.69738468503937
11
1.421890905511811
21
0.6974870078740157
0
LINE
8
BLACK
6
CONTINUOUS
10
1.421890905511811
20
0.6974870078740157
11
1.4217551574803149
21
0.6974728346456692
0
LINE
8
BLACK
6
CONTINUOUS
10
1.4217551574803149
20
0.6974728346456692
11
1.4142561023622047
21
0.6993475984251968
0
LINE
8
BLACK
6
CONTINUOUS
10
1.4142561023622047
20
0.6993475984251968
11
1.4137906299212597
21
0.6995551574803149
0
LINE
8
BLACK
6
CONTINUOUS
10
1.4137906299212597
20
0.6995551574803149
11
1.4136517322834645
21
0.6995711811023622
0
LINE
8
BLACK
6
CONTINUOUS
10
1.4136517322834645
20
0.6995711811023622
11
1.4099022047244094
21
0.7014459448818897
0
LINE
8
BLACK
6
CONTINUOUS
10
1.4099022047244094
20
0.7014459448818897
11
1.4091931102362205
21
0.701971811023622
0
LINE
8
BLACK
6
CONTINUOUS
10
1.4091931102362205
20
0.701971811023622
11
1.4091348031496063
21
0.7019990551181102
0
LINE
8
BLACK
6
CONTINUOUS
10
1.4091348031496063
20
0.7019990551181102
11
1.4072600393700787
21
0.7038738188976378
0
LINE
8
BLACK
6
CONTINUOUS
10
1.4072600393700787
20
0.7038738188976378
11
1.4067537401574803
21
0.7045968897637795
0
LINE
8
BLACK
6
CONTINUOUS
10
1.4067537401574803
20
0.7045968897637795
11
1.4067069291338583
21
0.7046412204724409
0
LINE
8
BLACK
6
CONTINUOUS
10
1.4067069291338583
20
0.7046412204724409
11
1.4048321653543308
21
0.708390748031496
0
LINE
8
BLACK
6
CONTINUOUS
10
1.4048321653543308
20
0.708390748031496
11
1.4045398031496064
21
0.7093737007874016
0
LINE
8
BLACK
6
CONTINUOUS
10
1.4045398031496064
20
0.7093737007874016
11
1.4045807874015748
21
0.7095453543307086
0
LINE
8
BLACK
6
CONTINUOUS
10
1.4045807874015748
20
0.7095453543307086
11
1.404520433070866
21
0.7097112598425197
0
LINE
8
BLACK
6
CONTINUOUS
10
1.404520433070866
20
0.7097112598425197
11
1.404520433070866
21
0.7134607874015748
0
LINE
8
BLACK
6
CONTINUOUS
10
1.404520433070866
20
0.7134607874015748
11
1.4046985039370079
21
0.7144707086614173
0
LINE
8
BLACK
6
CONTINUOUS
10
1.4046985039370079
20
0.7144707086614173
11
1.4048119685039371
21
0.7146059448818898
0
LINE
8
BLACK
6
CONTINUOUS
10
1.4048119685039371
20
0.7146059448818898
11
1.4048321653543308
21
0.7147812992125984
0
LINE
8
BLACK
6
CONTINUOUS
10
1.4048321653543308
20
0.7147812992125984
11
1.4067069291338583
21
0.7185308267716535
0
LINE
8
BLACK
6
CONTINUOUS
10
1.4067069291338583
20
0.7185308267716535
11
1.4072328346456693
21
0.7192398818897637
0
LINE
8
BLACK
6
CONTINUOUS
10
1.4072328346456693
20
0.7192398818897637
11
1.4072600393700787
21
0.7192982283464566
0
LINE
8
BLACK
6
CONTINUOUS
10
1.4072600393700787
20
0.7192982283464566
11
1.4091348031496063
21
0.7211729921259842
0
LINE
8
BLACK
6
CONTINUOUS
10
1.4091348031496063
20
0.7211729921259842
11
1.4098578740157479
21
0.7216792519685039
0
LINE
8
BLACK
6
CONTINUOUS
10
1.4098578740157479
20
0.7216792519685039
11
1.4099022047244094
21
0.7217261023622047
0
LINE
8
BLACK
6
CONTINUOUS
10
1.4099022047244094
20
0.7217261023622047
11
1.4136517322834645
21
0.7236008661417322
0
LINE
8
BLACK
6
CONTINUOUS
10
1.4136517322834645
20
0.7236008661417322
11
1.414140157480315
21
0.7237461417322835
0
LINE
8
BLACK
6
CONTINUOUS
10
1.414140157480315
20
0.7237461417322835
11
1.4142561023622047
21
0.7238244488188976
0
LINE
8
BLACK
6
CONTINUOUS
10
1.4142561023622047
20
0.7238244488188976
11
1.4217551574803149
21
0.7256992125984252
0
LINE
8
BLACK
6
CONTINUOUS
10
1.4217551574803149
20
0.7256992125984252
11
1.422343031496063
21
0.7257406692913385
0
LINE
8
BLACK
6
CONTINUOUS
10
1.422343031496063
20
0.7257406692913385
11
1.4224712992125983
21
0.7257873622047244
0
LINE
8
BLACK
6
CONTINUOUS
10
1.4224712992125983
20
0.7257873622047244
11
1.427755905511811
21
0.7257873622047244
0
LINE
8
BLACK
6
CONTINUOUS
10
1.427755905511811
20
0.7257873622047244
11
1.427755905511811
21
0.7377316535433071
0
LINE
8
BLACK
6
CONTINUOUS
10
1.427755905511811
20
0.7377316535433071
11
1.4084069291338583
21
0.7312820078740158
0
LINE
8
BLACK
6
CONTINUOUS
10
1.4084069291338583
20
0.7312820078740158
11
1.4073925196850394
21
0.7311315748031496
0
LINE
8
BLACK
6
CONTINUOUS
10
1.4073925196850394
20
0.7311315748031496
11
1.4055141338582677
21
0.7318739763779527
0
LINE
8
BLACK
6
CONTINUOUS
10
1.4055141338582677
20
0.7318739763779527
11
1.4045523622047245
21
0.7336501181102362
0
LINE
8
BLACK
6
CONTINUOUS
10
1.4045523622047245
20
0.7336501181102362
11
1.4049573228346457
21
0.7356288976377953
0
LINE
8
BLACK
6
CONTINUOUS
10
1.4049573228346457
20
0.7356288976377953
11
1.4065394488188976
21
0.7368844488188976
0
LINE
8
BLACK
6
CONTINUOUS
10
1.4065394488188976
20
0.7368844488188976
11
1.427755905511811
21
0.7439565748031496
0
LINE
8
BLACK
6
CONTINUOUS
10
1.427755905511811
20
0.7439565748031496
11
1.427755905511811
21
0.7504565354330709
0
LINE
8
BLACK
6
CONTINUOUS
10
1.427755905511811
20
0.7504565354330709
11
1.4065394488188976
21
0.7575287007874015
0
LINE
8
BLACK
6
CONTINUOUS
10
1.4065394488188976
20
0.7575287007874015
11
1.4056376771653543
21
0.7580170078740157
0
LINE
8
BLACK
6
CONTINUOUS
10
1.4056376771653543
20
0.7580170078740157
11
1.4045803937007875
21
0.7597379527559055
0
LINE
8
BLACK
6
CONTINUOUS
10
1.4045803937007875
20
0.7597379527559055
11
1.404876653543307
21
0.7617359448818898
0
LINE
8
BLACK
6
CONTINUOUS
10
1.404876653543307
20
0.7617359448818898
11
1.4063878740157481
21
0.7630759842519685
0
LINE
8
BLACK
6
CONTINUOUS
10
1.4063878740157481
20
0.7630759842519685
11
1.4084069291338583
21
0.7631311417322835
0
LINE
8
BLACK
6
CONTINUOUS
10
1.4084069291338583
20
0.7631311417322835
11
1.427755905511811
21
0.7566814566929134
0
LINE
8
BLACK
6
CONTINUOUS
10
1.427755905511811
20
0.7566814566929134
11
1.427755905511811
21
0.8773622047244094
0
LINE
8
BLACK
6
CONTINUOUS
10
1.427755905511811
20
0.8773622047244094
11
1.4243460629921258
21
0.8773622047244094
0
LINE
8
BLACK
6
CONTINUOUS
10
1.4243460629921258
20
0.8773622047244094
11
1.4237656692913385
21
0.8774645275590551
0
LINE
8
BLACK
6
CONTINUOUS
10
1.4237656692913385
20
0.8774645275590551
11
1.4236299212598424
21
0.8774503543307086
0
LINE
8
BLACK
6
CONTINUOUS
10
1.4236299212598424
20
0.8774503543307086
11
1.4161308661417322
21
0.8793251181102362
0
LINE
8
BLACK
6
CONTINUOUS
10
1.4161308661417322
20
0.8793251181102362
11
1.4156653937007875
21
0.8795326771653543
0
LINE
8
BLACK
6
CONTINUOUS
10
1.4156653937007875
20
0.8795326771653543
11
1.4155264960629921
21
0.8795487007874015
0
LINE
8
BLACK
6
CONTINUOUS
10
1.4155264960629921
20
0.8795487007874015
11
1.411776968503937
21
0.8814234645669291
0
LINE
8
BLACK
6
CONTINUOUS
10
1.411776968503937
20
0.8814234645669291
11
1.4110678740157481
21
0.8819493700787402
0
LINE
8
BLACK
6
CONTINUOUS
10
1.4110678740157481
20
0.8819493700787402
11
1.4110095669291338
21
0.8819765748031496
0
LINE
8
BLACK
6
CONTINUOUS
10
1.4110095669291338
20
0.8819765748031496
11
1.4072600393700787
21
0.8857261023622047
0
LINE
8
BLACK
6
CONTINUOUS
10
1.4072600393700787
20
0.8857261023622047
11
1.4066718503937008
21
0.8865661417322834
0
LINE
8
BLACK
6
CONTINUOUS
10
1.4066718503937008
20
0.8865661417322834
11
1.4066564566929134
21
0.8867419685039369
0
LINE
8
BLACK
6
CONTINUOUS
10
1.4066564566929134
20
0.8867419685039369
11
1.4065467322834646
21
0.8868802755905512
0
LINE
8
BLACK
6
CONTINUOUS
10
1.4065467322834646
20
0.8868802755905512
11
1.4046719685039371
21
0.8925045669291338
0
LINE
8
BLACK
6
CONTINUOUS
10
1.4046719685039371
20
0.8925045669291338
11
1.4045424803149607
21
0.8933777165354331
0
LINE
8
BLACK
6
CONTINUOUS
10
1.4045424803149607
20
0.8933777165354331
11
1.404520433070866
21
0.8934383070866142
0
LINE
8
BLACK
6
CONTINUOUS
10
1.404520433070866
20
0.8934383070866142
11
1.404520433070866
21
0.8990625984251969
0
LINE
8
BLACK
6
CONTINUOUS
10
1.404520433070866
20
0.8990625984251969
11
1.4046985039370079
21
0.9000725196850393
0
LINE
8
BLACK
6
CONTINUOUS
10
1.4046985039370079
20
0.9000725196850393
11
1.4048119685039371
21
0.9002077559055118
0
LINE
8
BLACK
6
CONTINUOUS
10
1.4048119685039371
20
0.9002077559055118
11
1.4048321653543308
21
0.9003831102362204
0
LINE
8
BLACK
6
CONTINUOUS
10
1.4048321653543308
20
0.9003831102362204
11
1.4067069291338583
21
0.9041326377952755
0
LINE
8
BLACK
6
CONTINUOUS
10
1.4067069291338583
20
0.9041326377952755
11
1.4073178346456692
21
0.9049562992125985
0
LINE
8
BLACK
6
CONTINUOUS
10
1.4073178346456692
20
0.9049562992125985
11
1.4091710236220472
21
0.9057595669291338
0
LINE
8
BLACK
6
CONTINUOUS
10
1.4091710236220472
20
0.9057595669291338
11
1.4111070472440945
21
0.9051837007874015
0
LINE
8
BLACK
6
CONTINUOUS
10
1.4111070472440945
20
0.9051837007874015
11
1.4122198818897638
21
0.9034981496062992
0
LINE
8
BLACK
6
CONTINUOUS
10
1.4122198818897638
20
0.9034981496062992
11
1.4119889763779527
21
0.9014916141732283
0
LINE
8
BLACK
6
CONTINUOUS
10
1.4119889763779527
20
0.9014916141732283
11
1.4104259448818897
21
0.8983655511811024
0
LINE
8
BLACK
6
CONTINUOUS
10
1.4104259448818897
20
0.8983655511811024
11
1.4104259448818897
21
0.8939174409448819
0
LINE
8
BLACK
6
CONTINUOUS
10
1.4104259448818897
20
0.8939174409448819
11
1.4119287401574803
21
0.8894090157480314
0
LINE
8
BLACK
6
CONTINUOUS
10
1.4119287401574803
20
0.8894090157480314
11
1.4148465748031496
21
0.8864912204724409
0
LINE
8
BLACK
6
CONTINUOUS
10
1.4148465748031496
20
0.8864912204724409
11
1.417877559055118
21
0.8849757086614173
0
LINE
8
BLACK
6
CONTINUOUS
10
1.417877559055118
20
0.8849757086614173
11
1.4247096062992126
21
0.883267716535433
0
LINE
8
BLACK
6
CONTINUOUS
10
1.4247096062992126
20
0.883267716535433
11
1.427755905511811
21
0.883267716535433
0
LINE
8
BLACK
6
CONTINUOUS
10
1.427755905511811
20
0.883267716535433
11
1.427755905511811
21
0.8952624015748031
0
LINE
8
BLACK
6
CONTINUOUS
10
1.427755905511811
20
0.8952624015748031
11
1.4277084251968504
21
0.895289842519685
0
LINE
8
BLACK
6
CONTINUOUS
10
1.4277084251968504
20
0.895289842519685
11
1.4270175984251967
21
0.8971878346456693
0
LINE
8
BLACK
6
CONTINUOUS
10
1.4270175984251967
20
0.8971878346456693
11
1.4270175984251967
21
0.9046868897637795
0
LINE
8
BLACK
6
CONTINUOUS
10
1.4270175984251967
20
0.9046868897637795
11
1.4270851968503937
21
0.9050703937007873
0
LINE
8
BLACK
6
CONTINUOUS
10
1.4270851968503937
20
0.9050703937007873
11
1.4270624409448818
21
0.9051996456692913
0
LINE
8
BLACK
6
CONTINUOUS
10
1.4270624409448818
20
0.9051996456692913
11
1.427128031496063
21
0.9053132283464567
0
LINE
8
BLACK
6
CONTINUOUS
10
1.427128031496063
20
0.9053132283464567
11
1.4271956692913386
21
0.905696811023622
0
LINE
8
BLACK
6
CONTINUOUS
10
1.4271956692913386
20
0.905696811023622
11
1.427688779527559
21
0.9062844881889763
0
LINE
8
BLACK
6
CONTINUOUS
10
1.427688779527559
20
0.9062844881889763
11
1.427755905511811
21
0.9064007086614173
0
LINE
8
BLACK
6
CONTINUOUS
10
1.427755905511811
20
0.9064007086614173
11
1.427755905511811
21
0.9242313385826771
0
LINE
8
BLACK
6
CONTINUOUS
10
1.427755905511811
20
0.9242313385826771
11
1.4104259448818897
21
0.9242313385826771
0
LINE
8
BLACK
6
CONTINUOUS
10
1.4104259448818897
20
0.9242313385826771
11
1.4104259448818897
21
0.9159355118110236
0
LINE
8
BLACK
6
CONTINUOUS
10
1.4104259448818897
20
0.9159355118110236
11
1.410247874015748
21
0.9149255905511811
0
LINE
8
BLACK
6
CONTINUOUS
10
1.410247874015748
20
0.9149255905511811
11
1.4089495669291339
21
0.9133783464566929
0
LINE
8
BLACK
6
CONTINUOUS
10
1.4089495669291339
20
0.9133783464566929
11
1.406960433070866
21
0.9130275984251969
0
LINE
8
BLACK
6
CONTINUOUS
10
1.406960433070866
20
0.9130275984251969
11
1.4052112598425197
21
0.9140375196850393
0
LINE
8
BLACK
6
CONTINUOUS
10
1.4052112598425197
20
0.9140375196850393
11
1.404520433070866
21
0.9159355118110236
0
LINE
8
BLACK
6
CONTINUOUS
10
1.404520433070866
20
0.9159355118110236
11
1.404520433070866
21
0.9384326771653543
0
LINE
8
BLACK
6
CONTINUOUS
10
1.404520433070866
20
0.9384326771653543
11
1.4046985039370079
21
0.9394425984251968
0
LINE
8
BLACK
6
CONTINUOUS
10
1.4046985039370079
20
0.9394425984251968
11
1.4059968110236221
21
0.940989842519685
0
LINE
8
BLACK
6
CONTINUOUS
10
1.4059968110236221
20
0.940989842519685
11
1.4079859448818897
21
0.9413405905511811
0
LINE
8
BLACK
6
CONTINUOUS
10
1.4079859448818897
20
0.9413405905511811
11
1.4097351181102362
21
0.9403306692913386
0
LINE
8
BLACK
6
CONTINUOUS
10
1.4097351181102362
20
0.9403306692913386
11
1.4104259448818897
21
0.9384326771653543
0
LINE
8
BLACK
6
CONTINUOUS
10
1.4104259448818897
20
0.9384326771653543
11
1.4104259448818897
21
0.9301368503937008
0
LINE
8
BLACK
6
CONTINUOUS
10
1.4104259448818897
20
0.9301368503937008
11
1.427755905511811
21
0.9301368503937008
0
LINE
8
BLACK
6
CONTINUOUS
10
1.427755905511811
20
0.9301368503937008
11
1.427755905511811
21
0.948556811023622
0
LINE
8
BLACK
6
CONTINUOUS
10
1.427755905511811
20
0.948556811023622
11
1.40466468503937
21
0.9562538976377952
0
LINE
8
BLACK
6
CONTINUOUS
10
1.40466468503937
20
0.9562538976377952
11
1.4037629133858267
21
0.9567422047244094
0
LINE
8
BLACK
6
CONTINUOUS
10
1.4037629133858267
20
0.9567422047244094
11
1.4027056299212599
21
0.9584631496062992
0
LINE
8
BLACK
6
CONTINUOUS
10
1.4027056299212599
20
0.9584631496062992
11
1.4030018897637795
21
0.9604611417322835
0
LINE
8
BLACK
6
CONTINUOUS
10
1.4030018897637795
20
0.9604611417322835
11
1.4045131102362205
21
0.9618011811023622
0
LINE
8
BLACK
6
CONTINUOUS
10
1.4045131102362205
20
0.9618011811023622
11
1.4065321653543306
21
0.9618563385826772
0
LINE
8
BLACK
6
CONTINUOUS
10
1.4065321653543306
20
0.9618563385826772
11
1.427755905511811
21
0.9547817322834645
0
LINE
8
BLACK
6
CONTINUOUS
10
1.427755905511811
20
0.9547817322834645
11
1.427755905511811
21
0.9654761811023622
0
LINE
8
BLACK
6
CONTINUOUS
10
1.427755905511811
20
0.9654761811023622
11
1.4205965354330707
21
0.9654761811023622
0
LINE
8
BLACK
6
CONTINUOUS
10
1.4205965354330707
20
0.9654761811023622
11
1.4195866141732283
21
0.965654251968504
0
LINE
8
BLACK
6
CONTINUOUS
10
1.4195866141732283
20
0.965654251968504
11
1.4180393700787401
21
0.9669525590551181
0
LINE
8
BLACK
6
CONTINUOUS
10
1.4180393700787401
20
0.9669525590551181
11
1.417688622047244
21
0.9689416929133858
0
LINE
8
BLACK
6
CONTINUOUS
10
1.417688622047244
20
0.9689416929133858
11
1.4186985433070867
21
0.9706908661417323
0
LINE
8
BLACK
6
CONTINUOUS
10
1.4186985433070867
20
0.9706908661417323
11
1.4205965354330707
21
0.9713816929133858
0
LINE
8
BLACK
6
CONTINUOUS
10
1.4205965354330707
20
0.9713816929133858
11
1.427755905511811
21
0.9713816929133858
0
LINE
8
BLACK
6
CONTINUOUS
10
1.427755905511811
20
0.9713816929133858
11
1.427755905511811
21
0.9996434251968503
0
LINE
8
BLACK
6
CONTINUOUS
10
1.427755905511811
20
0.9996434251968503
11
1.4104259448818897
21
1.0070705511811024
0
LINE
8
BLACK
6
CONTINUOUS
10
1.4104259448818897
20
1.0070705511811024
11
1.4104259448818897
21
0.9853018503937008
0
LINE
8
BLACK
6
CONTINUOUS
10
1.4104259448818897
20
0.9853018503937008
11
1.410247874015748
21
0.9842919291338582
0
LINE
8
BLACK
6
CONTINUOUS
10
1.410247874015748
20
0.9842919291338582
11
1.4089495669291339
21
0.9827446850393701
0
LINE
8
BLACK
6
CONTINUOUS
10
1.4089495669291339
20
0.9827446850393701
11
1.406960433070866
21
0.982393937007874
0
LINE
8
BLACK
6
CONTINUOUS
10
1.406960433070866
20
0.982393937007874
11
1.4052112598425197
21
0.9834038582677165
0
LINE
8
BLACK
6
CONTINUOUS
10
1.4052112598425197
20
0.9834038582677165
11
1.404520433070866
21
0.9853018503937008
0
LINE
8
BLACK
6
CONTINUOUS
10
1.404520433070866
20
0.9853018503937008
11
1.404520433070866
21
1.0115485433070865
0
LINE
8
BLACK
6
CONTINUOUS
10
1.404520433070866
20
1.0115485433070865
11
1.4046985039370079
21
1.0125584645669292
0
LINE
8
BLACK
6
CONTINUOUS
10
1.4046985039370079
20
1.0125584645669292
11
1.4049226771653542
21
1.0128256299212599
0
LINE
8
BLACK
6
CONTINUOUS
10
1.4049226771653542
20
1.0128256299212599
11
1.4050023622047243
21
1.0131653149606299
0
LINE
8
BLACK
6
CONTINUOUS
10
1.4050023622047243
20
1.0131653149606299
11
1.4055539763779528
21
1.0135779921259842
0
LINE
8
BLACK
6
CONTINUOUS
10
1.4055539763779528
20
1.0135779921259842
11
1.4059968110236221
21
1.0141057086614174
0
LINE
8
BLACK
6
CONTINUOUS
10
1.4059968110236221
20
1.0141057086614174
11
1.4063403543307087
21
1.0141662598425196
0
LINE
8
BLACK
6
CONTINUOUS
10
1.4063403543307087
20
1.0141662598425196
11
1.40661968503937
21
1.0143752362204723
0
LINE
8
BLACK
6
CONTINUOUS
10
1.40661968503937
20
1.0143752362204723
11
1.4073074015748031
21
1.0143367716535432
0
LINE
8
BLACK
6
CONTINUOUS
10
1.4073074015748031
20
1.0143367716535432
11
1.4079859448818897
21
1.0144564566929133
0
LINE
8
BLACK
6
CONTINUOUS
10
1.4079859448818897
20
1.0144564566929133
11
1.4082880708661416
21
1.0142820078740158
0
LINE
8
BLACK
6
CONTINUOUS
10
1.4082880708661416
20
1.0142820078740158
11
1.4086363385826772
21
1.0142625590551182
0
LINE
8
BLACK
6
CONTINUOUS
10
1.4086363385826772
20
1.0142625590551182
11
1.427755905511811
21
1.0060684645669291
0
LINE
8
BLACK
6
CONTINUOUS
10
1.427755905511811
20
1.0060684645669291
11
1.427755905511811
21
1.0217191732283464
0
LINE
8
BLACK
6
CONTINUOUS
10
1.427755905511811
20
1.0217191732283464
11
1.4224712992125983
21
1.0217191732283464
0
LINE
8
BLACK
6
CONTINUOUS
10
1.4224712992125983
20
1.0217191732283464
11
1.421890905511811
21
1.0218214960629921
0
LINE
8
BLACK
6
CONTINUOUS
10
1.421890905511811
20
1.0218214960629921
11
1.4217551574803149
21
1.0218073228346456
0
LINE
8
BLACK
6
CONTINUOUS
10
1.4217551574803149
20
1.0218073228346456
11
1.4142561023622047
21
1.0236820866141731
0
LINE
8
BLACK
6
CONTINUOUS
10
1.4142561023622047
20
1.0236820866141731
11
1.4137906299212597
21
1.0238896456692914
0
LINE
8
BLACK
6
CONTINUOUS
10
1.4137906299212597
20
1.0238896456692914
11
1.4136517322834645
21
1.0239056692913386
0
LINE
8
BLACK
6
CONTINUOUS
10
1.4136517322834645
20
1.0239056692913386
11
1.4099022047244094
21
1.0257804330708662
0
LINE
8
BLACK
6
CONTINUOUS
10
1.4099022047244094
20
1.0257804330708662
11
1.4091931102362205
21
1.0263062992125984
0
LINE
8
BLACK
6
CONTINUOUS
10
1.4091931102362205
20
1.0263062992125984
11
1.4091348031496063
21
1.0263335433070866
0
LINE
8
BLACK
6
CONTINUOUS
10
1.4091348031496063
20
1.0263335433070866
11
1.4072600393700787
21
1.0282083070866141
0
LINE
8
BLACK
6
CONTINUOUS
10
1.4072600393700787
20
1.0282083070866141
11
1.4067537401574803
21
1.0289313779527558
0
LINE
8
BLACK
6
CONTINUOUS
10
1.4067537401574803
20
1.0289313779527558
11
1.4067069291338583
21
1.0289757086614173
0
LINE
8
BLACK
6
CONTINUOUS
10
1.4067069291338583
20
1.0289757086614173
11
1.4048321653543308
21
1.0327252362204724
0
LINE
8
BLACK
6
CONTINUOUS
10
1.4048321653543308
20
1.0327252362204724
11
1.4045398031496064
21
1.033708188976378
0
LINE
8
BLACK
6
CONTINUOUS
10
1.4045398031496064
20
1.033708188976378
11
1.4045807874015748
21
1.0338798425196851
0
LINE
8
BLACK
6
CONTINUOUS
10
1.4045807874015748
20
1.0338798425196851
11
1.404520433070866
21
1.034045748031496
0
LINE
8
BLACK
6
CONTINUOUS
10
1.404520433070866
20
1.034045748031496
11
1.404520433070866
21
1.0377952755905511
0
LINE
8
BLACK
6
CONTINUOUS
10
1.404520433070866
20
1.0377952755905511
11
1.4046985039370079
21
1.0388051968503937
0
LINE
8
BLACK
6
CONTINUOUS
10
1.4046985039370079
20
1.0388051968503937
11
1.4048119685039371
21
1.038940433070866
0
LINE
8
BLACK
6
CONTINUOUS
10
1.4048119685039371
20
1.038940433070866
11
1.4048321653543308
21
1.0391157874015748
0
LINE
8
BLACK
6
CONTINUOUS
10
1.4048321653543308
20
1.0391157874015748
11
1.4067069291338583
21
1.04286531496063
0
LINE
8
BLACK
6
CONTINUOUS
10
1.4067069291338583
20
1.04286531496063
11
1.4072328346456693
21
1.0435743700787401
0
LINE
8
BLACK
6
CONTINUOUS
10
1.4072328346456693
20
1.0435743700787401
11
1.4072600393700787
21
1.0436327165354331
0
LINE
8
BLACK
6
CONTINUOUS
10
1.4072600393700787
20
1.0436327165354331
11
1.4091348031496063
21
1.0455074803149607
0
LINE
8
BLACK
6
CONTINUOUS
10
1.4091348031496063
20
1.0455074803149607
11
1.4098578740157479
21
1.0460137401574803
0
LINE
8
BLACK
6
CONTINUOUS
10
1.4098578740157479
20
1.0460137401574803
11
1.4099022047244094
21
1.0460605905511811
0
LINE
8
BLACK
6
CONTINUOUS
10
1.4099022047244094
20
1.0460605905511811
11
1.4136517322834645
21
1.0479353543307086
0
LINE
8
BLACK
6
CONTINUOUS
10
1.4136517322834645
20
1.0479353543307086
11
1.414140157480315
21
1.0480806299212597
0
LINE
8
BLACK
6
CONTINUOUS
10
1.414140157480315
20
1.0480806299212597
11
1.4142561023622047
21
1.0481589370078739
0
LINE
8
BLACK
6
CONTINUOUS
10
1.4142561023622047
20
1.0481589370078739
11
1.4217551574803149
21
1.0500337007874017
0
LINE
8
BLACK
6
CONTINUOUS
10
1.4217551574803149
20
1.0500337007874017
11
1.422343031496063
21
1.0500751574803149
0
LINE
8
BLACK
6
CONTINUOUS
10
1.422343031496063
20
1.0500751574803149
11
1.4224712992125983
21
1.0501218503937009
0
LINE
8
BLACK
6
CONTINUOUS
10
1.4224712992125983
20
1.0501218503937009
11
1.427755905511811
21
1.0501218503937009
0
LINE
8
BLACK
6
CONTINUOUS
10
1.427755905511811
20
1.0501218503937009
11
1.427755905511811
21
1.0559055118110237
0
LINE
8
BLACK
6
CONTINUOUS
10
1.427755905511811
20
1.0559055118110237
11
0.022244094488189
21
1.0559055118110237
0
LINE
8
BLACK
6
CONTINUOUS
10
1.4316929133858267
20
0.5570584645669291
11
1.4405218897637795
21
0.5570584645669291
0
LINE
8
BLACK
6
CONTINUOUS
10
1.4405218897637795
20
0.5570584645669291
11
1.4427676377952756
21
0.5581812992125984
0
LINE
8
BLACK
6
CONTINUOUS
10
1.4427676377952756
20
0.5581812992125984
11
1.4438905118110237
21
0.5604270472440944
0
LINE
8
BLACK
6
CONTINUOUS
10
1.4438905118110237
20
0.5604270472440944
11
1.4438905118110237
21
0.5646572440944881
0
LINE
8
BLACK
6
CONTINUOUS
10
1.4438905118110237
20
0.5646572440944881
11
1.4425417716535434
21
0.56735468503937
0
LINE
8
BLACK
6
CONTINUOUS
10
1.4425417716535434
20
0.56735468503937
11
1.4418706299212598
21
0.5680258267716536
0
LINE
8
BLACK
6
CONTINUOUS
10
1.4418706299212598
20
0.5680258267716536
11
1.4316929133858267
21
0.5680258267716536
0
LINE
8
BLACK
6
CONTINUOUS
10
1.4316929133858267
20
0.5680258267716536
11
1.4316929133858267
21
0.5570584645669291
0
LINE
8
BLACK
6
CONTINUOUS
10
1.4267727952755904
20
0.6798406692913386
11
1.4254240551181101
21
0.6771431889763779
0
LINE
8
BLACK
6
CONTINUOUS
10
1.4254240551181101
20
0.6771431889763779
11
1.4254240551181101
21
0.6691634645669291
0
LINE
8
BLACK
6
CONTINUOUS
10
1.4254240551181101
20
0.6691634645669291
11
1.4267727952755904
21
0.6664659842519685
0
LINE
8
BLACK
6
CONTINUOUS
10
1.4267727952755904
20
0.6664659842519685
11
1.427755905511811
21
0.665482874015748
0
LINE
8
BLACK
6
CONTINUOUS
10
1.427755905511811
20
0.665482874015748
11
1.427755905511811
21
0.680823779527559
0
LINE
8
BLACK
6
CONTINUOUS
10
1.427755905511811
20
0.680823779527559
11
1.4267727952755904
21
0.6798406692913386
0
LINE
8
BLACK
6
CONTINUOUS
10
1.4160027952755905
20
0.7181738188976378
11
1.412971811023622
21
0.7166583464566929
0
LINE
8
BLACK
6
CONTINUOUS
10
1.412971811023622
20
0.7166583464566929
11
1.41177468503937
21
0.715461220472441
0
LINE
8
BLACK
6
CONTINUOUS
10
1.41177468503937
20
0.715461220472441
11
1.4104259448818897
21
0.7127637401574803
0
LINE
8
BLACK
6
CONTINUOUS
10
1.4104259448818897
20
0.7127637401574803
11
1.4104259448818897
21
0.7104083070866142
0
LINE
8
BLACK
6
CONTINUOUS
10
1.4104259448818897
20
0.7104083070866142
11
1.41177468503937
21
0.7077108267716535
0
LINE
8
BLACK
6
CONTINUOUS
10
1.41177468503937
20
0.7077108267716535
11
1.412971811023622
21
0.7065137007874016
0
LINE
8
BLACK
6
CONTINUOUS
10
1.412971811023622
20
0.7065137007874016
11
1.4160027952755905
21
0.7049981889763779
0
LINE
8
BLACK
6
CONTINUOUS
10
1.4160027952755905
20
0.7049981889763779
11
1.4228348425196851
21
0.7032901968503937
0
LINE
8
BLACK
6
CONTINUOUS
10
1.4228348425196851
20
0.7032901968503937
11
1.427755905511811
21
0.7032901968503937
0
LINE
8
BLACK
6
CONTINUOUS
10
1.427755905511811
20
0.7032901968503937
11
1.427755905511811
21
0.7198818503937008
0
LINE
8
BLACK
6
CONTINUOUS
10
1.427755905511811
20
0.7198818503937008
11
1.4228348425196851
21
0.7198818503937008
0
LINE
8
BLACK
6
CONTINUOUS
10
1.4228348425196851
20
0.7198818503937008
11
1.4160027952755905
21
0.7181738188976378
0
LINE
8
BLACK
6
CONTINUOUS
10
1.4316929133858267
20
0.7033429921259843
11
1.4383136220472441
21
0.7049981889763779
0
LINE
8
BLACK
6
CONTINUOUS
10
1.4383136220472441
20
0.7049981889763779
11
1.4413446062992126
21
0.7065137007874016
0
LINE
8
BLACK
6
CONTINUOUS
10
1.4413446062992126
20
0.7065137007874016
11
1.4425417716535434
21
0.7077108267716535
0
LINE
8
BLACK
6
CONTINUOUS
10
1.4425417716535434
20
0.7077108267716535
11
1.4438905118110237
21
0.7104083070866142
0
LINE
8
BLACK
6
CONTINUOUS
10
1.4438905118110237
20
0.7104083070866142
11
1.4438905118110237
21
0.7127637401574803
0
LINE
8
BLACK
6
CONTINUOUS
10
1.4438905118110237
20
0.7127637401574803
11
1.4425417716535434
21
0.7154611811023622
0
LINE
8
BLACK
6
CONTINUOUS
10
1.4425417716535434
20
0.7154611811023622
11
1.4413446062992126
21
0.7166583070866142
0
LINE
8
BLACK
6
CONTINUOUS
10
1.4413446062992126
20
0.7166583070866142
11
1.4383136220472441
21
0.7181738188976378
0
LINE
8
BLACK
6
CONTINUOUS
10
1.4383136220472441
20
0.7181738188976378
11
1.4316929133858267
21
0.7198289763779527
0
LINE
8
BLACK
6
CONTINUOUS
10
1.4316929133858267
20
0.7198289763779527
11
1.4316929133858267
21
0.7033429921259843
0
LINE
8
BLACK
6
CONTINUOUS
10
1.4316929133858267
20
0.745268937007874
11
1.4375058267716536
21
0.7472065748031496
0
LINE
8
BLACK
6
CONTINUOUS
10
1.4375058267716536
20
0.7472065748031496
11
1.4316929133858267
21
0.7491442125984252
0
LINE
8
BLACK
6
CONTINUOUS
10
1.4316929133858267
20
0.7491442125984252
11
1.4316929133858267
21
0.745268937007874
0
LINE
8
BLACK
6
CONTINUOUS
10
1.4329231102362205
20
0.8971878346456693
11
1.4327450393700787
21
0.8961779133858268
0
LINE
8
BLACK
6
CONTINUOUS
10
1.4327450393700787
20
0.8961779133858268
11
1.4316929133858267
21
0.8949240157480315
0
LINE
8
BLACK
6
CONTINUOUS
10
1.4316929133858267
20
0.8949240157480315
11
1.4316929133858267
21
0.8837892125984251
0
LINE
8
BLACK
6
CONTINUOUS
10
1.4316929133858267
20
0.8837892125984251
11
1.4364388582677166
21
0.8849757086614173
0
LINE
8
BLACK
6
CONTINUOUS
10
1.4364388582677166
20
0.8849757086614173
11
1.439469842519685
21
0.8864912204724409
0
LINE
8
BLACK
6
CONTINUOUS
10
1.439469842519685
20
0.8864912204724409
11
1.4423877165354331
21
0.8894090551181102
0
LINE
8
BLACK
6
CONTINUOUS
10
1.4423877165354331
20
0.8894090551181102
11
1.4438905118110237
21
0.8939174409448819
0
LINE
8
BLACK
6
CONTINUOUS
10
1.4438905118110237
20
0.8939174409448819
11
1.4438905118110237
21
0.8967087007874015
0
LINE
8
BLACK
6
CONTINUOUS
10
1.4438905118110237
20
0.8967087007874015
11
1.4423877165354331
21
0.9012170472440945
0
LINE
8
BLACK
6
CONTINUOUS
10
1.4423877165354331
20
0.9012170472440945
11
1.4418706299212598
21
0.9017341338582677
0
LINE
8
BLACK
6
CONTINUOUS
10
1.4418706299212598
20
0.9017341338582677
11
1.4329231102362205
21
0.9017341338582677
0
LINE
8
BLACK
6
CONTINUOUS
10
1.4329231102362205
20
0.9017341338582677
11
1.4329231102362205
21
0.8971878346456693
0
LINE
8
BLACK
6
CONTINUOUS
10
1.4160027952755905
20
1.0425083070866141
11
1.412971811023622
21
1.0409928346456692
0
LINE
8
BLACK
6
CONTINUOUS
10
1.412971811023622
20
1.0409928346456692
11
1.41177468503937
21
1.0397957086614174
0
LINE
8
BLACK
6
CONTINUOUS
10
1.41177468503937
20
1.0397957086614174
11
1.4104259448818897
21
1.0370982283464567
0
LINE
8
BLACK
6
CONTINUOUS
10
1.4104259448818897
20
1.0370982283464567
11
1.4104259448818897
21
1.0347427952755905
0
LINE
8
BLACK
6
CONTINUOUS
10
1.4104259448818897
20
1.0347427952755905
11
1.41177468503937
21
1.0320453149606299
0
LINE
8
BLACK
6
CONTINUOUS
10
1.41177468503937
20
1.0320453149606299
11
1.412971811023622
21
1.0308481889763779
0
LINE
8
BLACK
6
CONTINUOUS
10
1.412971811023622
20
1.0308481889763779
11
1.4160027952755905
21
1.0293326771653544
0
LINE
8
BLACK
6
CONTINUOUS
10
1.4160027952755905
20
1.0293326771653544
11
1.4228348425196851
21
1.02762468503937
0
LINE
8
BLACK
6
CONTINUOUS
10
1.4228348425196851
20
1.02762468503937
11
1.427755905511811
21
1.02762468503937
0
LINE
8
BLACK
6
CONTINUOUS
10
1.427755905511811
20
1.02762468503937
11
1.427755905511811
21
1.044216338582677
0
LINE
8
BLACK
6
CONTINUOUS
10
1.427755905511811
20
1.044216338582677
11
1.4228348425196851
21
1.044216338582677
0
LINE
8
BLACK
6
CONTINUOUS
10
1.4228348425196851
20
1.044216338582677
11
1.4160027952755905
21
1.0425083070866141
0
LINE
8
BLACK
6
CONTINUOUS
10
1.4316929133858267
20
1.0276774803149606
11
1.4383136220472441
21
1.0293326771653544
0
LINE
8
BLACK
6
CONTINUOUS
10
1.4383136220472441
20
1.0293326771653544
11
1.4413446062992126
21
1.0308481889763779
0
LINE
8
BLACK
6
CONTINUOUS
10
1.4413446062992126
20
1.0308481889763779
11
1.4425417716535434
21
1.0320453149606299
0
LINE
8
BLACK
6
CONTINUOUS
10
1.4425417716535434
20
1.0320453149606299
11
1.4438905118110237
21
1.0347427952755905
0
LINE
8
BLACK
6
CONTINUOUS
10
1.4438905118110237
20
1.0347427952755905
11
1.4438905118110237
21
1.0370982283464567
0
LINE
8
BLACK
6
CONTINUOUS
10
1.4438905118110237
20
1.0370982283464567
11
1.4425417716535434
21
1.0397956692913386
0
LINE
8
BLACK
6
CONTINUOUS
10
1.4425417716535434
20
1.0397956692913386
11
1.4413446062992126
21
1.0409927952755906
0
LINE
8
BLACK
6
CONTINUOUS
10
1.4413446062992126
20
1.0409927952755906
11
1.4383136220472441
21
1.0425083070866141
0
LINE
8
BLACK
6
CONTINUOUS
10
1.4383136220472441
20
1.0425083070866141
11
1.4316929133858267
21
1.0441634645669291
0
LINE
8
BLACK
6
CONTINUOUS
10
1.4316929133858267
20
1.0441634645669291
11
1.4316929133858267
21
1.0276774803149606
0
LINE
8
BLACK
6
CONTINUOUS
10
2.3249348031496062
20
0.4480822834645669
11
2.3326917322834646
21
0.4450772440944882
0
LINE
8
BLACK
6
CONTINUOUS
10
2.3326917322834646
20
0.4450772440944882
11
2.3397644488188978
21
0.440698031496063
0
LINE
8
BLACK
6
CONTINUOUS
10
2.3397644488188978
20
0.440698031496063
11
2.3459120078740159
21
0.4350937795275591
0
LINE
8
BLACK
6
CONTINUOUS
10
2.3459120078740159
20
0.4350937795275591
11
2.3509251574803147
21
0.4284553149606299
0
LINE
8
BLACK
6
CONTINUOUS
10
2.3509251574803147
20
0.4284553149606299
11
2.3546331102362204
21
0.4210087401574803
0
LINE
8
BLACK
6
CONTINUOUS
10
2.3546331102362204
20
0.4210087401574803
11
2.3569096062992125
21
0.4130075984251969
0
LINE
8
BLACK
6
CONTINUOUS
10
2.3569096062992125
20
0.4130075984251969
11
2.3576771653543305
21
0.4047244094488189
0
LINE
8
BLACK
6
CONTINUOUS
10
2.3576771653543305
20
0.4047244094488189
11
2.3569096062992125
21
0.396441220472441
0
LINE
8
BLACK
6
CONTINUOUS
10
2.3569096062992125
20
0.396441220472441
11
2.3546331102362204
21
0.3884400787401575
0
LINE
8
BLACK
6
CONTINUOUS
10
2.3546331102362204
20
0.3884400787401575
11
2.3509251574803147
21
0.3809935039370079
0
LINE
8
BLACK
6
CONTINUOUS
10
2.3509251574803147
20
0.3809935039370079
11
2.3459120078740159
21
0.3743550393700787
0
LINE
8
BLACK
6
CONTINUOUS
10
2.3459120078740159
20
0.3743550393700787
11
2.3397644488188978
21
0.3687507874015748
0
LINE
8
BLACK
6
CONTINUOUS
10
2.3397644488188978
20
0.3687507874015748
11
2.3326917322834646
21
0.3643715748031496
0
LINE
8
BLACK
6
CONTINUOUS
10
2.3326917322834646
20
0.3643715748031496
11
2.3249348031496062
21
0.3613665354330708
0
LINE
8
BLACK
6
CONTINUOUS
10
2.3249348031496062
20
0.3613665354330708
11
2.3167577559055119
21
0.3598379527559055
0
LINE
8
BLACK
6
CONTINUOUS
10
2.3167577559055119
20
0.3598379527559055
11
2.3084390944881887
21
0.3598379527559055
0
LINE
8
BLACK
6
CONTINUOUS
10
2.3084390944881887
20
0.3598379527559055
11
2.3002620472440944
21
0.3613665354330708
0
LINE
8
BLACK
6
CONTINUOUS
10
2.3002620472440944
20
0.3613665354330708
11
2.2925051181102361
21
0.3643715748031496
0
LINE
8
BLACK
6
CONTINUOUS
10
2.2925051181102361
20
0.3643715748031496
11
2.2854324015748033
21
0.3687507874015748
0
LINE
8
BLACK
6
CONTINUOUS
10
2.2854324015748033
20
0.3687507874015748
11
2.2792848425196848
21
0.3743550393700787
0
LINE
8
BLACK
6
CONTINUOUS
10
2.2792848425196848
20
0.3743550393700787
11
2.2742716929133859
21
0.3809935039370079
0
LINE
8
BLACK
6
CONTINUOUS
10
2.2742716929133859
20
0.3809935039370079
11
2.2705637401574803
21
0.3884400787401575
0
LINE
8
BLACK
6
CONTINUOUS
10
2.2705637401574803
20
0.3884400787401575
11
2.2682872440944881
21
0.396441220472441
0
LINE
8
BLACK
6
CONTINUOUS
10
2.2682872440944881
20
0.396441220472441
11
2.2675196850393702
21
0.4047244094488189
0
LINE
8
BLACK
6
CONTINUOUS
10
2.2675196850393702
20
0.4047244094488189
11
2.2682872440944881
21
0.4130075984251969
0
LINE
8
BLACK
6
CONTINUOUS
10
2.2682872440944881
20
0.4130075984251969
11
2.2705637401574803
21
0.4210087401574803
0
LINE
8
BLACK
6
CONTINUOUS
10
2.2705637401574803
20
0.4210087401574803
11
2.2742716929133859
21
0.4284553149606299
0
LINE
8
BLACK
6
CONTINUOUS
10
2.2742716929133859
20
0.4284553149606299
11
2.2792848425196848
21
0.4350937795275591
0
LINE
8
BLACK
6
CONTINUOUS
10
2.2792848425196848
20
0.4350937795275591
11
2.2854324015748033
21
0.440698031496063
0
LINE
8
BLACK
6
CONTINUOUS
10
2.2854324015748033
20
0.440698031496063
11
2.2925051181102361
21
0.4450772440944882
0
LINE
8
BLACK
6
CONTINUOUS
10
2.2925051181102361
20
0.4450772440944882
11
2.3002620472440944
21
0.4480822834645669
0
LINE
8
BLACK
6
CONTINUOUS
10
2.3002620472440944
20
0.4480822834645669
11
2.3084390944881887
21
0.4496108661417323
0
LINE
8
BLACK
6
CONTINUOUS
10
2.3084390944881887
20
0.4496108661417323
11
2.3167577559055119
21
0.4496108661417323
0
LINE
8
BLACK
6
CONTINUOUS
10
2.3167577559055119
20
0.4496108661417323
11
2.3249348031496062
21
0.4480822834645669
0
LINE
8
BLACK
6
CONTINUOUS
10
2.3145676377952755
20
0.3635775590551181
11
2.3206636220472441
21
0.3641779921259842
0
LINE
8
BLACK
6
CONTINUOUS
10
2.3206636220472441
20
0.3641779921259842
11
2.3284188582677166
21
0.3665305118110236
0
LINE
8
BLACK
6
CONTINUOUS
10
2.3284188582677166
20
0.3665305118110236
11
2.3355661417322833
21
0.3703507874015748
0
LINE
8
BLACK
6
CONTINUOUS
10
2.3355661417322833
20
0.3703507874015748
11
2.3418307874015749
21
0.3754920472440945
0
LINE
8
BLACK
6
CONTINUOUS
10
2.3418307874015749
20
0.3754920472440945
11
2.3469720472440945
21
0.3817566929133858
0
LINE
8
BLACK
6
CONTINUOUS
10
2.3469720472440945
20
0.3817566929133858
11
2.3507923228346455
21
0.3889039763779528
0
LINE
8
BLACK
6
CONTINUOUS
10
2.3507923228346455
20
0.3889039763779528
11
2.353144842519685
21
0.3966592125984252
0
LINE
8
BLACK
6
CONTINUOUS
10
2.353144842519685
20
0.3966592125984252
11
2.3539392125984251
21
0.4047244094488189
0
LINE
8
BLACK
6
CONTINUOUS
10
2.3539392125984251
20
0.4047244094488189
11
2.353144842519685
21
0.4127896062992126
0
LINE
8
BLACK
6
CONTINUOUS
10
2.353144842519685
20
0.4127896062992126
11
2.3507923228346455
21
0.420544842519685
0
LINE
8
BLACK
6
CONTINUOUS
10
2.3507923228346455
20
0.420544842519685
11
2.3469720472440945
21
0.4276921259842519
0
LINE
8
BLACK
6
CONTINUOUS
10
2.3469720472440945
20
0.4276921259842519
11
2.3418307874015749
21
0.4339567716535433
0
LINE
8
BLACK
6
CONTINUOUS
10
2.3418307874015749
20
0.4339567716535433
11
2.3355661417322833
21
0.439098031496063
0
LINE
8
BLACK
6
CONTINUOUS
10
2.3355661417322833
20
0.439098031496063
11
2.3284188582677166
21
0.4429183070866142
0
LINE
8
BLACK
6
CONTINUOUS
10
2.3284188582677166
20
0.4429183070866142
11
2.3206636220472441
21
0.4452708267716535
0
LINE
8
BLACK
6
CONTINUOUS
10
2.3206636220472441
20
0.4452708267716535
11
2.3146055905511811
21
0.4458674803149606
0
LINE
8
BLACK
6
CONTINUOUS
10
2.3146055905511811
20
0.4458674803149606
11
2.3145676377952755
21
0.3635775590551181
0
LINE
8
BLACK
6
CONTINUOUS
10
2.2720520078740156
20
0.3966592125984252
11
2.2744045275590552
21
0.3889039763779528
0
LINE
8
BLACK
6
CONTINUOUS
10
2.2744045275590552
20
0.3889039763779528
11
2.2782248031496062
21
0.3817566929133858
0
LINE
8
BLACK
6
CONTINUOUS
10
2.2782248031496062
20
0.3817566929133858
11
2.2833660629921257
21
0.3754920472440945
0
LINE
8
BLACK
6
CONTINUOUS
10
2.2833660629921257
20
0.3754920472440945
11
2.2896307086614174
21
0.3703507874015748
0
LINE
8
BLACK
6
CONTINUOUS
10
2.2896307086614174
20
0.3703507874015748
11
2.2967779921259841
21
0.3665305118110236
0
LINE
8
BLACK
6
CONTINUOUS
10
2.2967779921259841
20
0.3665305118110236
11
2.3045332283464566
21
0.3641779921259842
0
LINE
8
BLACK
6
CONTINUOUS
10
2.3045332283464566
20
0.3641779921259842
11
2.3106306299212598
21
0.3635774015748031
0
LINE
8
BLACK
6
CONTINUOUS
10
2.3106306299212598
20
0.3635774015748031
11
2.3106685826771654
21
0.4458751181102362
0
LINE
8
BLACK
6
CONTINUOUS
10
2.3106685826771654
20
0.4458751181102362
11
2.3045332283464566
21
0.4452708267716535
0
LINE
8
BLACK
6
CONTINUOUS
10
2.3045332283464566
20
0.4452708267716535
11
2.2967779921259841
21
0.4429183070866142
0
LINE
8
BLACK
6
CONTINUOUS
10
2.2967779921259841
20
0.4429183070866142
11
2.2896307086614174
21
0.439098031496063
0
LINE
8
BLACK
6
CONTINUOUS
10
2.2896307086614174
20
0.439098031496063
11
2.2833660629921257
21
0.4339567716535433
0
LINE
8
BLACK
6
CONTINUOUS
10
2.2833660629921257
20
0.4339567716535433
11
2.2782248031496062
21
0.4276921259842519
0
LINE
8
BLACK
6
CONTINUOUS
10
2.2782248031496062
20
0.4276921259842519
11
2.2744045275590552
21
0.420544842519685
0
LINE
8
BLACK
6
CONTINUOUS
10
2.2744045275590552
20
0.420544842519685
11
2.2720520078740156
21
0.4127896062992126
0
LINE
8
BLACK
6
CONTINUOUS
10
2.2720520078740156
20
0.4127896062992126
11
2.2712576377952756
21
0.4047244094488189
0
LINE
8
BLACK
6
CONTINUOUS
10
2.2712576377952756
20
0.4047244094488189
11
2.2720520078740156
21
0.3966592125984252
0
LINE
8
BLACK
6
CONTINUOUS
10
2.1393596850393699
20
0.4737827952755905
11
2.1406152362204725
21
0.4722006692913386
0
LINE
8
BLACK
6
CONTINUOUS
10
2.1406152362204725
20
0.4722006692913386
11
2.1509373622047243
21
0.4412342519685039
0
LINE
8
BLACK
6
CONTINUOUS
10
2.1509373622047243
20
0.4412342519685039
11
2.1612594881889762
21
0.4722006692913386
0
LINE
8
BLACK
6
CONTINUOUS
10
2.1612594881889762
20
0.4722006692913386
11
2.1617477559055116
21
0.4731024409448819
0
LINE
8
BLACK
6
CONTINUOUS
10
2.1617477559055116
20
0.4731024409448819
11
2.1634687401574801
21
0.4741597244094488
0
LINE
8
BLACK
6
CONTINUOUS
10
2.1634687401574801
20
0.4741597244094488
11
2.1654666929133857
21
0.4738634645669291
0
LINE
8
BLACK
6
CONTINUOUS
10
2.1654666929133857
20
0.4738634645669291
11
2.1668067716535431
21
0.4723522047244094
0
LINE
8
BLACK
6
CONTINUOUS
10
2.1668067716535431
20
0.4723522047244094
11
2.1668619291338582
21
0.4703331889763779
0
LINE
8
BLACK
6
CONTINUOUS
10
2.1668619291338582
20
0.4703331889763779
11
2.1537385826771653
21
0.4309631102362205
0
LINE
8
BLACK
6
CONTINUOUS
10
2.1537385826771653
20
0.4309631102362205
11
2.1532502755905512
21
0.4300613385826771
0
LINE
8
BLACK
6
CONTINUOUS
10
2.1532502755905512
20
0.4300613385826771
11
2.1531778346456694
21
0.430016811023622
0
LINE
8
BLACK
6
CONTINUOUS
10
2.1531778346456694
20
0.430016811023622
11
2.1531466141732283
21
0.4299377952755906
0
LINE
8
BLACK
6
CONTINUOUS
10
2.1531466141732283
20
0.4299377952755906
11
2.1523251181102361
21
0.4294929527559055
0
LINE
8
BLACK
6
CONTINUOUS
10
2.1523251181102361
20
0.4294929527559055
11
2.1515293307086614
21
0.4290040551181102
0
LINE
8
BLACK
6
CONTINUOUS
10
2.1515293307086614
20
0.4290040551181102
11
2.1514452362204723
21
0.4290164960629921
0
LINE
8
BLACK
6
CONTINUOUS
10
2.1514452362204723
20
0.4290164960629921
11
2.151370472440945
21
0.4289760236220472
0
LINE
8
BLACK
6
CONTINUOUS
10
2.151370472440945
20
0.4289760236220472
11
2.1504553543307088
21
0.4291632677165354
0
LINE
8
BLACK
6
CONTINUOUS
10
2.1504553543307088
20
0.4291632677165354
11
2.1495313385826771
21
0.4293003149606299
0
LINE
8
BLACK
6
CONTINUOUS
10
2.1495313385826771
20
0.4293003149606299
11
2.1494748818897635
21
0.429363937007874
0
LINE
8
BLACK
6
CONTINUOUS
10
2.1494748818897635
20
0.429363937007874
11
2.1493916929133858
21
0.4293809842519685
0
LINE
8
BLACK
6
CONTINUOUS
10
2.1493916929133858
20
0.4293809842519685
11
2.1488113385826773
21
0.4301122440944882
0
LINE
8
BLACK
6
CONTINUOUS
10
2.1488113385826773
20
0.4301122440944882
11
2.1481912992125984
21
0.4308115354330709
0
LINE
8
BLACK
6
CONTINUOUS
10
2.1481912992125984
20
0.4308115354330709
11
2.1481889763779529
21
0.4308964960629921
0
LINE
8
BLACK
6
CONTINUOUS
10
2.1481889763779529
20
0.4308964960629921
11
2.1481361417322833
21
0.4309631102362205
0
LINE
8
BLACK
6
CONTINUOUS
10
2.1481361417322833
20
0.4309631102362205
11
2.1350127952755904
21
0.4703331889763779
0
LINE
8
BLACK
6
CONTINUOUS
10
2.1350127952755904
20
0.4703331889763779
11
2.1348623622047245
21
0.4713475984251969
0
LINE
8
BLACK
6
CONTINUOUS
10
2.1348623622047245
20
0.4713475984251969
11
2.1356047637795275
21
0.4732259842519685
0
LINE
8
BLACK
6
CONTINUOUS
10
2.1356047637795275
20
0.4732259842519685
11
2.1373809055118111
21
0.4741877559055118
0
LINE
8
BLACK
6
CONTINUOUS
10
2.1373809055118111
20
0.4741877559055118
11
2.1393596850393699
21
0.4737827952755905
0
LINE
8
BLACK
6
CONTINUOUS
10
2.1200762598425196
20
0.4740416141732283
11
2.1202114960629919
21
0.4739281102362204
0
LINE
8
BLACK
6
CONTINUOUS
10
2.1202114960629919
20
0.4739281102362204
11
2.1203868503937007
21
0.4739079527559055
0
LINE
8
BLACK
6
CONTINUOUS
10
2.1203868503937007
20
0.4739079527559055
11
2.1241363779527558
21
0.4720331889763779
0
LINE
8
BLACK
6
CONTINUOUS
10
2.1241363779527558
20
0.4720331889763779
11
2.1248454330708659
21
0.4715072440944882
0
LINE
8
BLACK
6
CONTINUOUS
10
2.1248454330708659
20
0.4715072440944882
11
2.1249037795275592
21
0.4714800787401575
0
LINE
8
BLACK
6
CONTINUOUS
10
2.1249037795275592
20
0.4714800787401575
11
2.1267785433070867
21
0.4696053149606299
0
LINE
8
BLACK
6
CONTINUOUS
10
2.1267785433070867
20
0.4696053149606299
11
2.1272848031496063
21
0.4688822047244094
0
LINE
8
BLACK
6
CONTINUOUS
10
2.1272848031496063
20
0.4688822047244094
11
2.1273316535433069
21
0.4688379133858268
0
LINE
8
BLACK
6
CONTINUOUS
10
2.1273316535433069
20
0.4688379133858268
11
2.1292064173228344
21
0.4650883858267716
0
LINE
8
BLACK
6
CONTINUOUS
10
2.1292064173228344
20
0.4650883858267716
11
2.1294987795275588
21
0.4641054724409449
0
LINE
8
BLACK
6
CONTINUOUS
10
2.1294987795275588
20
0.4641054724409449
11
2.1294577559055119
21
0.4639337401574803
0
LINE
8
BLACK
6
CONTINUOUS
10
2.1294577559055119
20
0.4639337401574803
11
2.1295181496062994
21
0.463767874015748
0
LINE
8
BLACK
6
CONTINUOUS
10
2.1295181496062994
20
0.463767874015748
11
2.1295181496062994
21
0.4581435826771653
0
LINE
8
BLACK
6
CONTINUOUS
10
2.1295181496062994
20
0.4581435826771653
11
2.1293400787401575
21
0.4571336614173228
0
LINE
8
BLACK
6
CONTINUOUS
10
2.1293400787401575
20
0.4571336614173228
11
2.1292265748031496
21
0.4569983858267717
0
LINE
8
BLACK
6
CONTINUOUS
10
2.1292265748031496
20
0.4569983858267717
11
2.1292064173228344
21
0.4568230708661417
0
LINE
8
BLACK
6
CONTINUOUS
10
2.1292064173228344
20
0.4568230708661417
11
2.1273316535433069
21
0.4530735433070866
0
LINE
8
BLACK
6
CONTINUOUS
10
2.1273316535433069
20
0.4530735433070866
11
2.1268057480314959
21
0.4523644488188976
0
LINE
8
BLACK
6
CONTINUOUS
10
2.1268057480314959
20
0.4523644488188976
11
2.1267785433070867
21
0.4523061417322835
0
LINE
8
BLACK
6
CONTINUOUS
10
2.1267785433070867
20
0.4523061417322835
11
2.1249037795275592
21
0.4504313779527559
0
LINE
8
BLACK
6
CONTINUOUS
10
2.1249037795275592
20
0.4504313779527559
11
2.1241806692913388
21
0.4499250787401575
0
LINE
8
BLACK
6
CONTINUOUS
10
2.1241806692913388
20
0.4499250787401575
11
2.1241363779527558
21
0.4498782677165354
0
LINE
8
BLACK
6
CONTINUOUS
10
2.1241363779527558
20
0.4498782677165354
11
2.1203868503937007
21
0.4480035039370079
0
LINE
8
BLACK
6
CONTINUOUS
10
2.1203868503937007
20
0.4480035039370079
11
2.1194038976377954
21
0.4477111417322834
0
LINE
8
BLACK
6
CONTINUOUS
10
2.1194038976377954
20
0.4477111417322834
11
2.1192322047244092
21
0.447752125984252
0
LINE
8
BLACK
6
CONTINUOUS
10
2.1192322047244092
20
0.447752125984252
11
2.1191037007874014
21
0.4477053543307086
0
LINE
8
BLACK
6
CONTINUOUS
10
2.1191037007874014
20
0.4477053543307086
11
2.1289844094488188
21
0.4335901181102362
0
LINE
8
BLACK
6
CONTINUOUS
10
2.1289844094488188
20
0.4335901181102362
11
2.1294176771653541
21
0.4326606692913386
0
LINE
8
BLACK
6
CONTINUOUS
10
2.1294176771653541
20
0.4326606692913386
11
2.1292413385826769
21
0.4306485826771653
0
LINE
8
BLACK
6
CONTINUOUS
10
2.1292413385826769
20
0.4306485826771653
11
2.1278129133858266
21
0.4292205511811024
0
LINE
8
BLACK
6
CONTINUOUS
10
2.1278129133858266
20
0.4292205511811024
11
2.125800787401575
21
0.4290448031496063
0
LINE
8
BLACK
6
CONTINUOUS
10
2.125800787401575
20
0.4290448031496063
11
2.1241464173228346
21
0.4302035433070866
0
LINE
8
BLACK
6
CONTINUOUS
10
2.1241464173228346
20
0.4302035433070866
11
2.1119046850393701
21
0.4476917716535433
0
LINE
8
BLACK
6
CONTINUOUS
10
2.1119046850393701
20
0.4476917716535433
11
2.1070209842519683
21
0.4476917716535433
0
LINE
8
BLACK
6
CONTINUOUS
10
2.1070209842519683
20
0.4476917716535433
11
2.1070209842519683
21
0.4318968503937008
0
LINE
8
BLACK
6
CONTINUOUS
10
2.1070209842519683
20
0.4318968503937008
11
2.1068429133858269
21
0.4308869291338582
0
LINE
8
BLACK
6
CONTINUOUS
10
2.1068429133858269
20
0.4308869291338582
11
2.1055446062992127
21
0.4293396850393701
0
LINE
8
BLACK
6
CONTINUOUS
10
2.1055446062992127
20
0.4293396850393701
11
2.1035554724409447
21
0.428988937007874
0
LINE
8
BLACK
6
CONTINUOUS
10
2.1035554724409447
20
0.428988937007874
11
2.1018062992125985
21
0.4299988582677165
0
LINE
8
BLACK
6
CONTINUOUS
10
2.1018062992125985
20
0.4299988582677165
11
2.1011154724409447
21
0.4318968503937008
0
LINE
8
BLACK
6
CONTINUOUS
10
2.1011154724409447
20
0.4318968503937008
11
2.1011154724409447
21
0.4712669291338583
0
LINE
8
BLACK
6
CONTINUOUS
10
2.1011154724409447
20
0.4712669291338583
11
2.1011830708661416
21
0.4716504330708661
0
LINE
8
BLACK
6
CONTINUOUS
10
2.1011830708661416
20
0.4716504330708661
11
2.1011603149606297
21
0.4717796850393701
0
LINE
8
BLACK
6
CONTINUOUS
10
2.1011603149606297
20
0.4717796850393701
11
2.1012259055118108
21
0.4718932677165354
0
LINE
8
BLACK
6
CONTINUOUS
10
2.1012259055118108
20
0.4718932677165354
11
2.1012935433070865
21
0.4722768503937008
0
LINE
8
BLACK
6
CONTINUOUS
10
2.1012935433070865
20
0.4722768503937008
11
2.1017866535433072
21
0.4728645275590551
0
LINE
8
BLACK
6
CONTINUOUS
10
2.1017866535433072
20
0.4728645275590551
11
2.1021702362204726
21
0.4735288582677165
0
LINE
8
BLACK
6
CONTINUOUS
10
2.1021702362204726
20
0.4735288582677165
11
2.1024205511811025
21
0.4736199606299212
0
LINE
8
BLACK
6
CONTINUOUS
10
2.1024205511811025
20
0.4736199606299212
11
2.1025918503937007
21
0.473824094488189
0
LINE
8
BLACK
6
CONTINUOUS
10
2.1025918503937007
20
0.473824094488189
11
2.103347401574803
21
0.4739573228346456
0
LINE
8
BLACK
6
CONTINUOUS
10
2.103347401574803
20
0.4739573228346456
11
2.1040682283464567
21
0.4742196850393701
0
LINE
8
BLACK
6
CONTINUOUS
10
2.1040682283464567
20
0.4742196850393701
11
2.1190663385826771
21
0.4742196850393701
0
LINE
8
BLACK
6
CONTINUOUS
10
2.1190663385826771
20
0.4742196850393701
11
2.1200762598425196
21
0.4740416141732283
0
LINE
8
BLACK
6
CONTINUOUS
10
2.1070209842519683
20
0.4535972834645669
11
2.1183692913385825
21
0.4535972834645669
0
LINE
8
BLACK
6
CONTINUOUS
10
2.1183692913385825
20
0.4535972834645669
11
2.1210667716535432
21
0.4549460236220472
0
LINE
8
BLACK
6
CONTINUOUS
10
2.1210667716535432
20
0.4549460236220472
11
2.1222638976377954
21
0.4561431496062992
0
LINE
8
BLACK
6
CONTINUOUS
10
2.1222638976377954
20
0.4561431496062992
11
2.1236126377952758
21
0.4588406299212598
0
LINE
8
BLACK
6
CONTINUOUS
10
2.1236126377952758
20
0.4588406299212598
11
2.1236126377952758
21
0.4630708267716535
0
LINE
8
BLACK
6
CONTINUOUS
10
2.1236126377952758
20
0.4630708267716535
11
2.1222638976377954
21
0.4657683070866142
0
LINE
8
BLACK
6
CONTINUOUS
10
2.1222638976377954
20
0.4657683070866142
11
2.1210667716535432
21
0.4669654330708661
0
LINE
8
BLACK
6
CONTINUOUS
10
2.1210667716535432
20
0.4669654330708661
11
2.1183692913385825
21
0.4683141732283465
0
LINE
8
BLACK
6
CONTINUOUS
10
2.1183692913385825
20
0.4683141732283465
11
2.1070209842519683
21
0.4683141732283465
0
LINE
8
BLACK
6
CONTINUOUS
10
2.1070209842519683
20
0.4683141732283465
11
2.1070209842519683
21
0.4535972834645669
0
LINE
8
BLACK
6
CONTINUOUS
10
2.1860891338582675
20
0.4757382677165354
11
2.1874292125984249
21
0.4742270078740157
0
LINE
8
BLACK
6
CONTINUOUS
10
2.1874292125984249
20
0.4742270078740157
11
2.1874843700787401
21
0.4722079921259842
0
LINE
8
BLACK
6
CONTINUOUS
10
2.1874843700787401
20
0.4722079921259842
11
2.1794060629921259
21
0.4479729921259842
0
LINE
8
BLACK
6
CONTINUOUS
10
2.1794060629921259
20
0.4479729921259842
11
2.1911042125984252
21
0.4479729921259842
0
LINE
8
BLACK
6
CONTINUOUS
10
2.1911042125984252
20
0.4479729921259842
11
2.1911042125984252
21
0.4581435826771653
0
LINE
8
BLACK
6
CONTINUOUS
10
2.1911042125984252
20
0.4581435826771653
11
2.1912822834645667
21
0.4591535039370079
0
LINE
8
BLACK
6
CONTINUOUS
10
2.1912822834645667
20
0.4591535039370079
11
2.1925805905511813
21
0.4607007480314961
0
LINE
8
BLACK
6
CONTINUOUS
10
2.1925805905511813
20
0.4607007480314961
11
2.1945697244094489
21
0.4610514960629921
0
LINE
8
BLACK
6
CONTINUOUS
10
2.1945697244094489
20
0.4610514960629921
11
2.1963188976377954
21
0.4600415748031496
0
LINE
8
BLACK
6
CONTINUOUS
10
2.1963188976377954
20
0.4600415748031496
11
2.1970097244094489
21
0.4581435826771653
0
LINE
8
BLACK
6
CONTINUOUS
10
2.1970097244094489
20
0.4581435826771653
11
2.1970097244094489
21
0.4479729921259842
0
LINE
8
BLACK
6
CONTINUOUS
10
2.1970097244094489
20
0.4479729921259842
11
2.1996812598425195
21
0.4479729921259842
0
LINE
8
BLACK
6
CONTINUOUS
10
2.1996812598425195
20
0.4479729921259842
11
2.2006911811023619
21
0.4477949212598425
0
LINE
8
BLACK
6
CONTINUOUS
10
2.2006911811023619
20
0.4477949212598425
11
2.2022384251968505
21
0.4464966141732283
0
LINE
8
BLACK
6
CONTINUOUS
10
2.2022384251968505
20
0.4464966141732283
11
2.2025891732283465
21
0.4445074803149606
0
LINE
8
BLACK
6
CONTINUOUS
10
2.2025891732283465
20
0.4445074803149606
11
2.201579251968504
21
0.4427583070866142
0
LINE
8
BLACK
6
CONTINUOUS
10
2.201579251968504
20
0.4427583070866142
11
2.1996812598425195
21
0.4420674803149606
0
LINE
8
BLACK
6
CONTINUOUS
10
2.1996812598425195
20
0.4420674803149606
11
2.1970097244094489
21
0.4420674803149606
0
LINE
8
BLACK
6
CONTINUOUS
10
2.1970097244094489
20
0.4420674803149606
11
2.1970097244094489
21
0.4318968503937008
0
LINE
8
BLACK
6
CONTINUOUS
10
2.1970097244094489
20
0.4318968503937008
11
2.196831653543307
21
0.4308869291338582
0
LINE
8
BLACK
6
CONTINUOUS
10
2.196831653543307
20
0.4308869291338582
11
2.1955333464566928
21
0.4293396850393701
0
LINE
8
BLACK
6
CONTINUOUS
10
2.1955333464566928
20
0.4293396850393701
11
2.1935442125984252
21
0.428988937007874
0
LINE
8
BLACK
6
CONTINUOUS
10
2.1935442125984252
20
0.428988937007874
11
2.1917950393700787
21
0.4299988582677165
0
LINE
8
BLACK
6
CONTINUOUS
10
2.1917950393700787
20
0.4299988582677165
11
2.1911042125984252
21
0.4318968503937008
0
LINE
8
BLACK
6
CONTINUOUS
10
2.1911042125984252
20
0.4318968503937008
11
2.1911042125984252
21
0.4420674803149606
0
LINE
8
BLACK
6
CONTINUOUS
10
2.1911042125984252
20
0.4420674803149606
11
2.1753093307086613
21
0.4420674803149606
0
LINE
8
BLACK
6
CONTINUOUS
10
2.1753093307086613
20
0.4420674803149606
11
2.1742994094488188
21
0.4422455511811024
0
LINE
8
BLACK
6
CONTINUOUS
10
2.1742994094488188
20
0.4422455511811024
11
2.174126535433071
21
0.4423905905511811
0
LINE
8
BLACK
6
CONTINUOUS
10
2.174126535433071
20
0.4423905905511811
11
2.1739033070866141
21
0.4424237007874016
0
LINE
8
BLACK
6
CONTINUOUS
10
2.1739033070866141
20
0.4424237007874016
11
2.1733689763779527
21
0.4430262598425197
0
LINE
8
BLACK
6
CONTINUOUS
10
2.1733689763779527
20
0.4430262598425197
11
2.1727521653543307
21
0.4435438582677165
0
LINE
8
BLACK
6
CONTINUOUS
10
2.1727521653543307
20
0.4435438582677165
11
2.1727129527559055
21
0.443766062992126
0
LINE
8
BLACK
6
CONTINUOUS
10
2.1727129527559055
20
0.443766062992126
11
2.1725632677165354
21
0.4439349212598425
0
LINE
8
BLACK
6
CONTINUOUS
10
2.1725632677165354
20
0.4439349212598425
11
2.1725412598425198
21
0.4447398031496063
0
LINE
8
BLACK
6
CONTINUOUS
10
2.1725412598425198
20
0.4447398031496063
11
2.1724014173228348
21
0.4455329921259842
0
LINE
8
BLACK
6
CONTINUOUS
10
2.1724014173228348
20
0.4455329921259842
11
2.1725142519685039
21
0.4457284251968504
0
LINE
8
BLACK
6
CONTINUOUS
10
2.1725142519685039
20
0.4457284251968504
11
2.1725081102362203
21
0.4459539763779528
0
LINE
8
BLACK
6
CONTINUOUS
10
2.1725081102362203
20
0.4459539763779528
11
2.181881929133858
21
0.4740754724409449
0
LINE
8
BLACK
6
CONTINUOUS
10
2.181881929133858
20
0.4740754724409449
11
2.1823701968503935
21
0.4749772440944882
0
LINE
8
BLACK
6
CONTINUOUS
10
2.1823701968503935
20
0.4749772440944882
11
2.184091181102362
21
0.4760345275590551
0
LINE
8
BLACK
6
CONTINUOUS
10
2.184091181102362
20
0.4760345275590551
11
2.1860891338582675
21
0.4757382677165354
0
LINE
8
BLACK
6
CONTINUOUS
10
2.3625984251968504
20
0.5468503937007874
11
2.3639903543307086
21
0.5462738188976378
0
LINE
8
BLACK
6
CONTINUOUS
10
2.3639903543307086
20
0.5462738188976378
11
2.3645669291338582
21
0.5448818897637795
0
LINE
8
BLACK
6
CONTINUOUS
10
2.3645669291338582
20
0.5448818897637795
11
2.3645669291338582
21
0.3547244094488189
0
LINE
8
BLACK
6
CONTINUOUS
10
2.3645669291338582
20
0.3547244094488189
11
2.3639903543307086
21
0.3533324803149606
0
LINE
8
BLACK
6
CONTINUOUS
10
2.3639903543307086
20
0.3533324803149606
11
2.3625984251968504
21
0.352755905511811
0
LINE
8
BLACK
6
CONTINUOUS
10
2.3625984251968504
20
0.352755905511811
11
1.9874015748031495
21
0.352755905511811
0
LINE
8
BLACK
6
CONTINUOUS
10
1.9874015748031495
20
0.352755905511811
11
1.9860096456692913
21
0.3533324803149606
0
LINE
8
BLACK
6
CONTINUOUS
10
1.9860096456692913
20
0.3533324803149606
11
1.9854330708661416
21
0.3547244094488189
0
LINE
8
BLACK
6
CONTINUOUS
10
1.9854330708661416
20
0.3547244094488189
11
1.9854330708661416
21
0.5448818897637795
0
LINE
8
BLACK
6
CONTINUOUS
10
1.9854330708661416
20
0.5448818897637795
11
1.9860096456692913
21
0.5462738188976378
0
LINE
8
BLACK
6
CONTINUOUS
10
1.9860096456692913
20
0.5462738188976378
11
1.9874015748031495
21
0.5468503937007874
0
LINE
8
BLACK
6
CONTINUOUS
10
1.9874015748031495
20
0.5468503937007874
11
2.3625984251968504
21
0.5468503937007874
0
LINE
8
BLACK
6
CONTINUOUS
10
1.9893700787401574
20
0.5429133858267716
11
1.9893700787401574
21
0.3566929133858268
0
LINE
8
BLACK
6
CONTINUOUS
10
1.9893700787401574
20
0.3566929133858268
11
2.3606299212598425
21
0.3566929133858268
0
LINE
8
BLACK
6
CONTINUOUS
10
2.3606299212598425
20
0.3566929133858268
11
2.3606299212598425
21
0.5429133858267716
0
LINE
8
BLACK
6
CONTINUOUS
10
2.3606299212598425
20
0.5429133858267716
11
1.9893700787401574
21
0.5429133858267716
0
LINE
8
BLACK
6
CONTINUOUS
10
2.3249348031496062
20
0.6730822834645669
11
2.3326917322834646
21
0.6700772440944882
0
LINE
8
BLACK
6
CONTINUOUS
10
2.3326917322834646
20
0.6700772440944882
11
2.3397644488188978
21
0.665698031496063
0
LINE
8
BLACK
6
CONTINUOUS
10
2.3397644488188978
20
0.665698031496063
11
2.3459120078740159
21
0.660093779527559
0
LINE
8
BLACK
6
CONTINUOUS
10
2.3459120078740159
20
0.660093779527559
11
2.3509251574803147
21
0.6534553149606299
0
LINE
8
BLACK
6
CONTINUOUS
10
2.3509251574803147
20
0.6534553149606299
11
2.3546331102362204
21
0.6460087401574803
0
LINE
8
BLACK
6
CONTINUOUS
10
2.3546331102362204
20
0.6460087401574803
11
2.3569096062992125
21
0.6380075984251968
0
LINE
8
BLACK
6
CONTINUOUS
10
2.3569096062992125
20
0.6380075984251968
11
2.3576771653543305
21
0.6297244094488189
0
LINE
8
BLACK
6
CONTINUOUS
10
2.3576771653543305
20
0.6297244094488189
11
2.3569096062992125
21
0.6214412204724409
0
LINE
8
BLACK
6
CONTINUOUS
10
2.3569096062992125
20
0.6214412204724409
11
2.3546331102362204
21
0.6134400787401575
0
LINE
8
BLACK
6
CONTINUOUS
10
2.3546331102362204
20
0.6134400787401575
11
2.3509251574803147
21
0.6059935039370079
0
LINE
8
BLACK
6
CONTINUOUS
10
2.3509251574803147
20
0.6059935039370079
11
2.3459120078740159
21
0.5993550393700787
0
LINE
8
BLACK
6
CONTINUOUS
10
2.3459120078740159
20
0.5993550393700787
11
2.3397644488188978
21
0.5937507874015748
0
LINE
8
BLACK
6
CONTINUOUS
10
2.3397644488188978
20
0.5937507874015748
11
2.3326917322834646
21
0.5893715748031496
0
LINE
8
BLACK
6
CONTINUOUS
10
2.3326917322834646
20
0.5893715748031496
11
2.3249348031496062
21
0.5863665354330708
0
LINE
8
BLACK
6
CONTINUOUS
10
2.3249348031496062
20
0.5863665354330708
11
2.3167577559055119
21
0.5848379527559054
0
LINE
8
BLACK
6
CONTINUOUS
10
2.3167577559055119
20
0.5848379527559054
11
2.3084390944881887
21
0.5848379527559054
0
LINE
8
BLACK
6
CONTINUOUS
10
2.3084390944881887
20
0.5848379527559054
11
2.3002620472440944
21
0.5863665354330708
0
LINE
8
BLACK
6
CONTINUOUS
10
2.3002620472440944
20
0.5863665354330708
11
2.2925051181102361
21
0.5893715748031496
0
LINE
8
BLACK
6
CONTINUOUS
10
2.2925051181102361
20
0.5893715748031496
11
2.2854324015748033
21
0.5937507874015748
0
LINE
8
BLACK
6
CONTINUOUS
10
2.2854324015748033
20
0.5937507874015748
11
2.2792848425196848
21
0.5993550393700787
0
LINE
8
BLACK
6
CONTINUOUS
10
2.2792848425196848
20
0.5993550393700787
11
2.2742716929133859
21
0.6059935039370079
0
LINE
8
BLACK
6
CONTINUOUS
10
2.2742716929133859
20
0.6059935039370079
11
2.2705637401574803
21
0.6134400787401575
0
LINE
8
BLACK
6
CONTINUOUS
10
2.2705637401574803
20
0.6134400787401575
11
2.2682872440944881
21
0.6214412204724409
0
LINE
8
BLACK
6
CONTINUOUS
10
2.2682872440944881
20
0.6214412204724409
11
2.2675196850393702
21
0.6297244094488189
0
LINE
8
BLACK
6
CONTINUOUS
10
2.2675196850393702
20
0.6297244094488189
11
2.2682872440944881
21
0.6380075984251968
0
LINE
8
BLACK
6
CONTINUOUS
10
2.2682872440944881
20
0.6380075984251968
11
2.2705637401574803
21
0.6460087401574803
0
LINE
8
BLACK
6
CONTINUOUS
10
2.2705637401574803
20
0.6460087401574803
11
2.2742716929133859
21
0.6534553149606299
0
LINE
8
BLACK
6
CONTINUOUS
10
2.2742716929133859
20
0.6534553149606299
11
2.2792848425196848
21
0.660093779527559
0
LINE
8
BLACK
6
CONTINUOUS
10
2.2792848425196848
20
0.660093779527559
11
2.2854324015748033
21
0.665698031496063
0
LINE
8
BLACK
6
CONTINUOUS
10
2.2854324015748033
20
0.665698031496063
11
2.2925051181102361
21
0.6700772440944882
0
LINE
8
BLACK
6
CONTINUOUS
10
2.2925051181102361
20
0.6700772440944882
11
2.3002620472440944
21
0.6730822834645669
0
LINE
8
BLACK
6
CONTINUOUS
10
2.3002620472440944
20
0.6730822834645669
11
2.3084390944881887
21
0.6746108661417323
0
LINE
8
BLACK
6
CONTINUOUS
10
2.3084390944881887
20
0.6746108661417323
11
2.3167577559055119
21
0.6746108661417323
0
LINE
8
BLACK
6
CONTINUOUS
10
2.3167577559055119
20
0.6746108661417323
11
2.3249348031496062
21
0.6730822834645669
0
LINE
8
BLACK
6
CONTINUOUS
10
2.3145676377952755
20
0.5885775590551181
11
2.3206636220472441
21
0.5891779921259842
0
LINE
8
BLACK
6
CONTINUOUS
10
2.3206636220472441
20
0.5891779921259842
11
2.3284188582677166
21
0.5915305118110236
0
LINE
8
BLACK
6
CONTINUOUS
10
2.3284188582677166
20
0.5915305118110236
11
2.3355661417322833
21
0.5953507874015748
0
LINE
8
BLACK
6
CONTINUOUS
10
2.3355661417322833
20
0.5953507874015748
11
2.3418307874015749
21
0.6004920472440944
0
LINE
8
BLACK
6
CONTINUOUS
10
2.3418307874015749
20
0.6004920472440944
11
2.3469720472440945
21
0.6067566929133859
0
LINE
8
BLACK
6
CONTINUOUS
10
2.3469720472440945
20
0.6067566929133859
11
2.3507923228346455
21
0.6139039763779527
0
LINE
8
BLACK
6
CONTINUOUS
10
2.3507923228346455
20
0.6139039763779527
11
2.353144842519685
21
0.6216592125984252
0
LINE
8
BLACK
6
CONTINUOUS
10
2.353144842519685
20
0.6216592125984252
11
2.3539392125984251
21
0.6297244094488189
0
LINE
8
BLACK
6
CONTINUOUS
10
2.3539392125984251
20
0.6297244094488189
11
2.353144842519685
21
0.6377896062992126
0
LINE
8
BLACK
6
CONTINUOUS
10
2.353144842519685
20
0.6377896062992126
11
2.3507923228346455
21
0.645544842519685
0
LINE
8
BLACK
6
CONTINUOUS
10
2.3507923228346455
20
0.645544842519685
11
2.3469720472440945
21
0.652692125984252
0
LINE
8
BLACK
6
CONTINUOUS
10
2.3469720472440945
20
0.652692125984252
11
2.3418307874015749
21
0.6589567716535433
0
LINE
8
BLACK
6
CONTINUOUS
10
2.3418307874015749
20
0.6589567716535433
11
2.3355661417322833
21
0.6640980314960629
0
LINE
8
BLACK
6
CONTINUOUS
10
2.3355661417322833
20
0.6640980314960629
11
2.3284188582677166
21
0.6679183070866141
0
LINE
8
BLACK
6
CONTINUOUS
10
2.3284188582677166
20
0.6679183070866141
11
2.3206636220472441
21
0.6702708267716535
0
LINE
8
BLACK
6
CONTINUOUS
10
2.3206636220472441
20
0.6702708267716535
11
2.3146055905511811
21
0.6708674803149606
0
LINE
8
BLACK
6
CONTINUOUS
10
2.3146055905511811
20
0.6708674803149606
11
2.3145676377952755
21
0.5885775590551181
0
LINE
8
BLACK
6
CONTINUOUS
10
2.2720520078740156
20
0.6216592125984252
11
2.2744045275590552
21
0.6139039763779527
0
LINE
8
BLACK
6
CONTINUOUS
10
2.2744045275590552
20
0.6139039763779527
11
2.2782248031496062
21
0.6067566929133859
0
LINE
8
BLACK
6
CONTINUOUS
10
2.2782248031496062
20
0.6067566929133859
11
2.2833660629921257
21
0.6004920472440944
0
LINE
8
BLACK
6
CONTINUOUS
10
2.2833660629921257
20
0.6004920472440944
11
2.2896307086614174
21
0.5953507874015748
0
LINE
8
BLACK
6
CONTINUOUS
10
2.2896307086614174
20
0.5953507874015748
11
2.2967779921259841
21
0.5915305118110236
0
LINE
8
BLACK
6
CONTINUOUS
10
2.2967779921259841
20
0.5915305118110236
11
2.3045332283464566
21
0.5891779921259842
0
LINE
8
BLACK
6
CONTINUOUS
10
2.3045332283464566
20
0.5891779921259842
11
2.3106306299212598
21
0.5885774015748031
0
LINE
8
BLACK
6
CONTINUOUS
10
2.3106306299212598
20
0.5885774015748031
11
2.3106685826771654
21
0.6708751181102363
0
LINE
8
BLACK
6
CONTINUOUS
10
2.3106685826771654
20
0.6708751181102363
11
2.3045332283464566
21
0.6702708267716535
0
LINE
8
BLACK
6
CONTINUOUS
10
2.3045332283464566
20
0.6702708267716535
11
2.2967779921259841
21
0.6679183070866141
0
LINE
8
BLACK
6
CONTINUOUS
10
2.2967779921259841
20
0.6679183070866141
11
2.2896307086614174
21
0.6640980314960629
0
LINE
8
BLACK
6
CONTINUOUS
10
2.2896307086614174
20
0.6640980314960629
11
2.2833660629921257
21
0.6589567716535433
0
LINE
8
BLACK
6
CONTINUOUS
10
2.2833660629921257
20
0.6589567716535433
11
2.2782248031496062
21
0.652692125984252
0
LINE
8
BLACK
6
CONTINUOUS
10
2.2782248031496062
20
0.652692125984252
11
2.2744045275590552
21
0.645544842519685
0
LINE
8
BLACK
6
CONTINUOUS
10
2.2744045275590552
20
0.645544842519685
11
2.2720520078740156
21
0.6377896062992126
0
LINE
8
BLACK
6
CONTINUOUS
10
2.2720520078740156
20
0.6377896062992126
11
2.2712576377952756
21
0.6297244094488189
0
LINE
8
BLACK
6
CONTINUOUS
10
2.2712576377952756
20
0.6297244094488189
11
2.2720520078740156
21
0.6216592125984252
0
LINE
8
BLACK
6
CONTINUOUS
10
2.1982438188976379
20
0.6991425590551181
11
2.1983793307086614
21
0.6991635826771654
0
LINE
8
BLACK
6
CONTINUOUS
10
2.1983793307086614
20
0.6991635826771654
11
2.1984839763779527
21
0.6991001968503937
0
LINE
8
BLACK
6
CONTINUOUS
10
2.1984839763779527
20
0.6991001968503937
11
2.1988164173228344
21
0.6990416141732283
0
LINE
8
BLACK
6
CONTINUOUS
10
2.1988164173228344
20
0.6990416141732283
11
2.1994261811023623
21
0.6985299212598425
0
LINE
8
BLACK
6
CONTINUOUS
10
2.1994261811023623
20
0.6985299212598425
11
2.2001072440944882
21
0.6981177165354331
0
LINE
8
BLACK
6
CONTINUOUS
10
2.2001072440944882
20
0.6981177165354331
11
2.2001831889763781
21
0.69789468503937
0
LINE
8
BLACK
6
CONTINUOUS
10
2.2001831889763781
20
0.69789468503937
11
2.200363661417323
21
0.6977433070866141
0
LINE
8
BLACK
6
CONTINUOUS
10
2.200363661417323
20
0.6977433070866141
11
2.2005018897637796
21
0.6969593307086615
0
LINE
8
BLACK
6
CONTINUOUS
10
2.2005018897637796
20
0.6969593307086615
11
2.2007586220472439
21
0.6962058267716535
0
LINE
8
BLACK
6
CONTINUOUS
10
2.2007586220472439
20
0.6962058267716535
11
2.200673464566929
21
0.6959861811023622
0
LINE
8
BLACK
6
CONTINUOUS
10
2.200673464566929
20
0.6959861811023622
11
2.2007144094488189
21
0.6957541732283464
0
LINE
8
BLACK
6
CONTINUOUS
10
2.2007144094488189
20
0.6957541732283464
11
2.2003162992125982
21
0.69506468503937
0
LINE
8
BLACK
6
CONTINUOUS
10
2.2003162992125982
20
0.69506468503937
11
2.2000286614173228
21
0.6943225196850393
0
LINE
8
BLACK
6
CONTINUOUS
10
2.2000286614173228
20
0.6943225196850393
11
2.1910723228346458
21
0.6840866929133859
0
LINE
8
BLACK
6
CONTINUOUS
10
2.1910723228346458
20
0.6840866929133859
11
2.1913173622047242
21
0.6840435039370079
0
LINE
8
BLACK
6
CONTINUOUS
10
2.1913173622047242
20
0.6840435039370079
11
2.1914525984251969
21
0.68393
0
LINE
8
BLACK
6
CONTINUOUS
10
2.1914525984251969
20
0.68393
11
2.1916279527559053
21
0.683909842519685
0
LINE
8
BLACK
6
CONTINUOUS
10
2.1916279527559053
20
0.683909842519685
11
2.1953774803149604
21
0.6820350787401575
0
LINE
8
BLACK
6
CONTINUOUS
10
2.1953774803149604
20
0.6820350787401575
11
2.196086535433071
21
0.6815091338582677
0
LINE
8
BLACK
6
CONTINUOUS
10
2.196086535433071
20
0.6815091338582677
11
2.1961448818897638
21
0.6814819685039369
0
LINE
8
BLACK
6
CONTINUOUS
10
2.1961448818897638
20
0.6814819685039369
11
2.1980196456692913
21
0.6796072047244094
0
LINE
8
BLACK
6
CONTINUOUS
10
2.1980196456692913
20
0.6796072047244094
11
2.1985259055118109
21
0.678884094488189
0
LINE
8
BLACK
6
CONTINUOUS
10
2.1985259055118109
20
0.678884094488189
11
2.1985727559055119
21
0.6788398031496062
0
LINE
8
BLACK
6
CONTINUOUS
10
2.1985727559055119
20
0.6788398031496062
11
2.2004475196850395
21
0.6750902755905511
0
LINE
8
BLACK
6
CONTINUOUS
10
2.2004475196850395
20
0.6750902755905511
11
2.2007398818897639
21
0.6741073622047244
0
LINE
8
BLACK
6
CONTINUOUS
10
2.2007398818897639
20
0.6741073622047244
11
2.2006988582677165
21
0.6739356299212599
0
LINE
8
BLACK
6
CONTINUOUS
10
2.2006988582677165
20
0.6739356299212599
11
2.200759251968504
21
0.6737697637795276
0
LINE
8
BLACK
6
CONTINUOUS
10
2.200759251968504
20
0.6737697637795276
11
2.200759251968504
21
0.6643959448818898
0
LINE
8
BLACK
6
CONTINUOUS
10
2.200759251968504
20
0.6643959448818898
11
2.2005811811023621
21
0.6633860236220472
0
LINE
8
BLACK
6
CONTINUOUS
10
2.2005811811023621
20
0.6633860236220472
11
2.2004676771653542
21
0.6632507480314961
0
LINE
8
BLACK
6
CONTINUOUS
10
2.2004676771653542
20
0.6632507480314961
11
2.2004475196850395
21
0.6630754330708661
0
LINE
8
BLACK
6
CONTINUOUS
10
2.2004475196850395
20
0.6630754330708661
11
2.1985727559055119
21
0.659325905511811
0
LINE
8
BLACK
6
CONTINUOUS
10
2.1985727559055119
20
0.659325905511811
11
2.198046850393701
21
0.658616811023622
0
LINE
8
BLACK
6
CONTINUOUS
10
2.198046850393701
20
0.658616811023622
11
2.1980196456692913
21
0.6585585039370079
0
LINE
8
BLACK
6
CONTINUOUS
10
2.1980196456692913
20
0.6585585039370079
11
2.1961448818897638
21
0.6566837401574803
0
LINE
8
BLACK
6
CONTINUOUS
10
2.1961448818897638
20
0.6566837401574803
11
2.1954218897637796
21
0.6561775196850393
0
LINE
8
BLACK
6
CONTINUOUS
10
2.1954218897637796
20
0.6561775196850393
11
2.1953775196850391
21
0.6561306299212598
0
LINE
8
BLACK
6
CONTINUOUS
10
2.1953775196850391
20
0.6561306299212598
11
2.191627992125984
21
0.6542558267716535
0
LINE
8
BLACK
6
CONTINUOUS
10
2.191627992125984
20
0.6542558267716535
11
2.1906450393700787
21
0.6539634645669291
0
LINE
8
BLACK
6
CONTINUOUS
10
2.1906450393700787
20
0.6539634645669291
11
2.1904733070866143
21
0.6540044488188976
0
LINE
8
BLACK
6
CONTINUOUS
10
2.1904733070866143
20
0.6540044488188976
11
2.1903074409448817
21
0.6539440944881889
0
LINE
8
BLACK
6
CONTINUOUS
10
2.1903074409448817
20
0.6539440944881889
11
2.1790588582677164
21
0.6539440944881889
0
LINE
8
BLACK
6
CONTINUOUS
10
2.1790588582677164
20
0.6539440944881889
11
2.1780489370078739
21
0.6541221653543307
0
LINE
8
BLACK
6
CONTINUOUS
10
2.1780489370078739
20
0.6541221653543307
11
2.1779136614173229
21
0.6542356299212598
0
LINE
8
BLACK
6
CONTINUOUS
10
2.1779136614173229
20
0.6542356299212598
11
2.1777383464566928
21
0.6542558267716535
0
LINE
8
BLACK
6
CONTINUOUS
10
2.1777383464566928
20
0.6542558267716535
11
2.173988779527559
21
0.6561306299212598
0
LINE
8
BLACK
6
CONTINUOUS
10
2.173988779527559
20
0.6561306299212598
11
2.1732797637795276
21
0.6566564960629921
0
LINE
8
BLACK
6
CONTINUOUS
10
2.1732797637795276
20
0.6566564960629921
11
2.1732214173228348
21
0.6566837401574803
0
LINE
8
BLACK
6
CONTINUOUS
10
2.1732214173228348
20
0.6566837401574803
11
2.1713466535433072
21
0.6585585039370079
0
LINE
8
BLACK
6
CONTINUOUS
10
2.1713466535433072
20
0.6585585039370079
11
2.1707584645669291
21
0.6593985433070866
0
LINE
8
BLACK
6
CONTINUOUS
10
2.1707584645669291
20
0.6593985433070866
11
2.1705824015748032
21
0.6614106299212599
0
LINE
8
BLACK
6
CONTINUOUS
10
2.1705824015748032
20
0.6614106299212599
11
2.1717409448818898
21
0.6630651968503937
0
LINE
8
BLACK
6
CONTINUOUS
10
2.1717409448818898
20
0.6630651968503937
11
2.1736918897637794
21
0.6635879133858268
0
LINE
8
BLACK
6
CONTINUOUS
10
2.1736918897637794
20
0.6635879133858268
11
2.1755224803149606
21
0.6627343307086614
0
LINE
8
BLACK
6
CONTINUOUS
10
2.1755224803149606
20
0.6627343307086614
11
2.1770583858267716
21
0.6611983858267716
0
LINE
8
BLACK
6
CONTINUOUS
10
2.1770583858267716
20
0.6611983858267716
11
2.1797559448818897
21
0.6598496062992126
0
LINE
8
BLACK
6
CONTINUOUS
10
2.1797559448818897
20
0.6598496062992126
11
2.1896103543307088
21
0.6598496062992126
0
LINE
8
BLACK
6
CONTINUOUS
10
2.1896103543307088
20
0.6598496062992126
11
2.192307834645669
21
0.661198346456693
0
LINE
8
BLACK
6
CONTINUOUS
10
2.192307834645669
20
0.661198346456693
11
2.193505
21
0.6623955118110236
0
LINE
8
BLACK
6
CONTINUOUS
10
2.193505
20
0.6623955118110236
11
2.1948537401574804
21
0.6650929921259843
0
LINE
8
BLACK
6
CONTINUOUS
10
2.1948537401574804
20
0.6650929921259843
11
2.1948537401574804
21
0.6730727165354331
0
LINE
8
BLACK
6
CONTINUOUS
10
2.1948537401574804
20
0.6730727165354331
11
2.193505
21
0.6757701968503936
0
LINE
8
BLACK
6
CONTINUOUS
10
2.193505
20
0.6757701968503936
11
2.1923078740157478
21
0.6769673228346457
0
LINE
8
BLACK
6
CONTINUOUS
10
2.1923078740157478
20
0.6769673228346457
11
2.1896103937007871
21
0.678316062992126
0
LINE
8
BLACK
6
CONTINUOUS
10
2.1896103937007871
20
0.678316062992126
11
2.1846831496062991
21
0.678316062992126
0
LINE
8
BLACK
6
CONTINUOUS
10
2.1846831496062991
20
0.678316062992126
11
2.1842457874015748
21
0.6783931496062992
0
LINE
8
BLACK
6
CONTINUOUS
10
2.1842457874015748
20
0.6783931496062992
11
2.18411031496063
21
0.6783721653543306
0
LINE
8
BLACK
6
CONTINUOUS
10
2.18411031496063
20
0.6783721653543306
11
2.1840056299212596
21
0.6784355118110236
0
LINE
8
BLACK
6
CONTINUOUS
10
2.1840056299212596
20
0.6784355118110236
11
2.1836732283464566
21
0.6784941338582677
0
LINE
8
BLACK
6
CONTINUOUS
10
2.1836732283464566
20
0.6784941338582677
11
2.1830634251968504
21
0.6790057874015748
0
LINE
8
BLACK
6
CONTINUOUS
10
2.1830634251968504
20
0.6790057874015748
11
2.1823824015748032
21
0.6794180314960629
0
LINE
8
BLACK
6
CONTINUOUS
10
2.1823824015748032
20
0.6794180314960629
11
2.1823064173228346
21
0.6796410236220473
0
LINE
8
BLACK
6
CONTINUOUS
10
2.1823064173228346
20
0.6796410236220473
11
2.1821259842519685
21
0.6797924409448819
0
LINE
8
BLACK
6
CONTINUOUS
10
2.1821259842519685
20
0.6797924409448819
11
2.1819877165354331
21
0.6805763779527559
0
LINE
8
BLACK
6
CONTINUOUS
10
2.1819877165354331
20
0.6805763779527559
11
2.1817310236220471
21
0.6813299212598425
0
LINE
8
BLACK
6
CONTINUOUS
10
2.1817310236220471
20
0.6813299212598425
11
2.1818161417322832
21
0.6815495275590551
0
LINE
8
BLACK
6
CONTINUOUS
10
2.1818161417322832
20
0.6815495275590551
11
2.1817752362204725
21
0.6817815748031496
0
LINE
8
BLACK
6
CONTINUOUS
10
2.1817752362204725
20
0.6817815748031496
11
2.1821733070866141
21
0.6824710236220473
0
LINE
8
BLACK
6
CONTINUOUS
10
2.1821733070866141
20
0.6824710236220473
11
2.1824609842519687
21
0.6832132283464567
0
LINE
8
BLACK
6
CONTINUOUS
10
2.1824609842519687
20
0.6832132283464567
11
2.1912993307086612
21
0.6933141732283464
0
LINE
8
BLACK
6
CONTINUOUS
10
2.1912993307086612
20
0.6933141732283464
11
2.1734345669291337
21
0.6933141732283464
0
LINE
8
BLACK
6
CONTINUOUS
10
2.1734345669291337
20
0.6933141732283464
11
2.1724246456692913
21
0.6934922440944882
0
LINE
8
BLACK
6
CONTINUOUS
10
2.1724246456692913
20
0.6934922440944882
11
2.1708774015748031
21
0.6947905511811023
0
LINE
8
BLACK
6
CONTINUOUS
10
2.1708774015748031
20
0.6947905511811023
11
2.1705266535433072
21
0.69677968503937
0
LINE
8
BLACK
6
CONTINUOUS
10
2.1705266535433072
20
0.69677968503937
11
2.1715365748031497
21
0.6985288582677165
0
LINE
8
BLACK
6
CONTINUOUS
10
2.1715365748031497
20
0.6985288582677165
11
2.1734345669291337
21
0.69921968503937
0
LINE
8
BLACK
6
CONTINUOUS
10
2.1734345669291337
20
0.69921968503937
11
2.1978064960629919
21
0.69921968503937
0
LINE
8
BLACK
6
CONTINUOUS
10
2.1978064960629919
20
0.69921968503937
11
2.1982438188976379
21
0.6991425590551181
0
LINE
8
BLACK
6
CONTINUOUS
10
2.1393596850393699
20
0.6987827952755905
11
2.1406152362204725
21
0.6972006692913386
0
LINE
8
BLACK
6
CONTINUOUS
10
2.1406152362204725
20
0.6972006692913386
11
2.1509373622047243
21
0.6662342519685039
0
LINE
8
BLACK
6
CONTINUOUS
10
2.1509373622047243
20
0.6662342519685039
11
2.1612594881889762
21
0.6972006692913386
0
LINE
8
BLACK
6
CONTINUOUS
10
2.1612594881889762
20
0.6972006692913386
11
2.1617477559055116
21
0.6981024409448818
0
LINE
8
BLACK
6
CONTINUOUS
10
2.1617477559055116
20
0.6981024409448818
11
2.1634687401574801
21
0.6991597244094488
0
LINE
8
BLACK
6
CONTINUOUS
10
2.1634687401574801
20
0.6991597244094488
11
2.1654666929133857
21
0.6988634645669292
0
LINE
8
BLACK
6
CONTINUOUS
10
2.1654666929133857
20
0.6988634645669292
11
2.1668067716535431
21
0.6973522047244094
0
LINE
8
BLACK
6
CONTINUOUS
10
2.1668067716535431
20
0.6973522047244094
11
2.1668619291338582
21
0.695333188976378
0
LINE
8
BLACK
6
CONTINUOUS
10
2.1668619291338582
20
0.695333188976378
11
2.1537385826771653
21
0.6559631102362204
0
LINE
8
BLACK
6
CONTINUOUS
10
2.1537385826771653
20
0.6559631102362204
11
2.1532502755905512
21
0.6550613385826771
0
LINE
8
BLACK
6
CONTINUOUS
10
2.1532502755905512
20
0.6550613385826771
11
2.1531778346456694
21
0.6550168110236221
0
LINE
8
BLACK
6
CONTINUOUS
10
2.1531778346456694
20
0.6550168110236221
11
2.1531466141732283
21
0.6549377952755905
0
LINE
8
BLACK
6
CONTINUOUS
10
2.1531466141732283
20
0.6549377952755905
11
2.1523251181102361
21
0.6544929527559055
0
LINE
8
BLACK
6
CONTINUOUS
10
2.1523251181102361
20
0.6544929527559055
11
2.1515293307086614
21
0.6540040551181102
0
LINE
8
BLACK
6
CONTINUOUS
10
2.1515293307086614
20
0.6540040551181102
11
2.1514452362204723
21
0.6540164960629921
0
LINE
8
BLACK
6
CONTINUOUS
10
2.1514452362204723
20
0.6540164960629921
11
2.151370472440945
21
0.6539760236220472
0
LINE
8
BLACK
6
CONTINUOUS
10
2.151370472440945
20
0.6539760236220472
11
2.1504553543307088
21
0.6541632677165354
0
LINE
8
BLACK
6
CONTINUOUS
10
2.1504553543307088
20
0.6541632677165354
11
2.1495313385826771
21
0.6543003149606299
0
LINE
8
BLACK
6
CONTINUOUS
10
2.1495313385826771
20
0.6543003149606299
11
2.1494748818897635
21
0.654363937007874
0
LINE
8
BLACK
6
CONTINUOUS
10
2.1494748818897635
20
0.654363937007874
11
2.1493916929133858
21
0.6543809842519684
0
LINE
8
BLACK
6
CONTINUOUS
10
2.1493916929133858
20
0.6543809842519684
11
2.1488113385826773
21
0.6551122440944882
0
LINE
8
BLACK
6
CONTINUOUS
10
2.1488113385826773
20
0.6551122440944882
11
2.1481912992125984
21
0.6558115354330708
0
LINE
8
BLACK
6
CONTINUOUS
10
2.1481912992125984
20
0.6558115354330708
11
2.1481889763779529
21
0.6558964960629922
0
LINE
8
BLACK
6
CONTINUOUS
10
2.1481889763779529
20
0.6558964960629922
11
2.1481361417322833
21
0.6559631102362204
0
LINE
8
BLACK
6
CONTINUOUS
10
2.1481361417322833
20
0.6559631102362204
11
2.1350127952755904
21
0.695333188976378
0
LINE
8
BLACK
6
CONTINUOUS
10
2.1350127952755904
20
0.695333188976378
11
2.1348623622047245
21
0.6963475984251969
0
LINE
8
BLACK
6
CONTINUOUS
10
2.1348623622047245
20
0.6963475984251969
11
2.1356047637795275
21
0.6982259842519685
0
LINE
8
BLACK
6
CONTINUOUS
10
2.1356047637795275
20
0.6982259842519685
11
2.1373809055118111
21
0.6991877559055117
0
LINE
8
BLACK
6
CONTINUOUS
10
2.1373809055118111
20
0.6991877559055117
11
2.1393596850393699
21
0.6987827952755905
0
LINE
8
BLACK
6
CONTINUOUS
10
2.1200762598425196
20
0.6990416141732283
11
2.1202114960629919
21
0.6989281102362205
0
LINE
8
BLACK
6
CONTINUOUS
10
2.1202114960629919
20
0.6989281102362205
11
2.1203868503937007
21
0.6989079527559054
0
LINE
8
BLACK
6
CONTINUOUS
10
2.1203868503937007
20
0.6989079527559054
11
2.1241363779527558
21
0.6970331889763779
0
LINE
8
BLACK
6
CONTINUOUS
10
2.1241363779527558
20
0.6970331889763779
11
2.1248454330708659
21
0.6965072440944882
0
LINE
8
BLACK
6
CONTINUOUS
10
2.1248454330708659
20
0.6965072440944882
11
2.1249037795275592
21
0.6964800787401575
0
LINE
8
BLACK
6
CONTINUOUS
10
2.1249037795275592
20
0.6964800787401575
11
2.1267785433070867
21
0.6946053149606299
0
LINE
8
BLACK
6
CONTINUOUS
10
2.1267785433070867
20
0.6946053149606299
11
2.1272848031496063
21
0.6938822047244094
0
LINE
8
BLACK
6
CONTINUOUS
10
2.1272848031496063
20
0.6938822047244094
11
2.1273316535433069
21
0.6938379133858268
0
LINE
8
BLACK
6
CONTINUOUS
10
2.1273316535433069
20
0.6938379133858268
11
2.1292064173228344
21
0.6900883858267717
0
LINE
8
BLACK
6
CONTINUOUS
10
2.1292064173228344
20
0.6900883858267717
11
2.1294987795275588
21
0.6891054724409449
0
LINE
8
BLACK
6
CONTINUOUS
10
2.1294987795275588
20
0.6891054724409449
11
2.1294577559055119
21
0.6889337401574803
0
LINE
8
BLACK
6
CONTINUOUS
10
2.1294577559055119
20
0.6889337401574803
11
2.1295181496062994
21
0.688767874015748
0
LINE
8
BLACK
6
CONTINUOUS
10
2.1295181496062994
20
0.688767874015748
11
2.1295181496062994
21
0.6831435826771654
0
LINE
8
BLACK
6
CONTINUOUS
10
2.1295181496062994
20
0.6831435826771654
11
2.1293400787401575
21
0.6821336614173228
0
LINE
8
BLACK
6
CONTINUOUS
10
2.1293400787401575
20
0.6821336614173228
11
2.1292265748031496
21
0.6819983858267716
0
LINE
8
BLACK
6
CONTINUOUS
10
2.1292265748031496
20
0.6819983858267716
11
2.1292064173228344
21
0.6818230708661417
0
LINE
8
BLACK
6
CONTINUOUS
10
2.1292064173228344
20
0.6818230708661417
11
2.1273316535433069
21
0.6780735433070866
0
LINE
8
BLACK
6
CONTINUOUS
10
2.1273316535433069
20
0.6780735433070866
11
2.1268057480314959
21
0.6773644488188976
0
LINE
8
BLACK
6
CONTINUOUS
10
2.1268057480314959
20
0.6773644488188976
11
2.1267785433070867
21
0.6773061417322834
0
LINE
8
BLACK
6
CONTINUOUS
10
2.1267785433070867
20
0.6773061417322834
11
2.1249037795275592
21
0.6754313779527559
0
LINE
8
BLACK
6
CONTINUOUS
10
2.1249037795275592
20
0.6754313779527559
11
2.1241806692913388
21
0.6749250787401575
0
LINE
8
BLACK
6
CONTINUOUS
10
2.1241806692913388
20
0.6749250787401575
11
2.1241363779527558
21
0.6748782677165354
0
LINE
8
BLACK
6
CONTINUOUS
10
2.1241363779527558
20
0.6748782677165354
11
2.1203868503937007
21
0.6730035039370078
0
LINE
8
BLACK
6
CONTINUOUS
10
2.1203868503937007
20
0.6730035039370078
11
2.1194038976377954
21
0.6727111417322834
0
LINE
8
BLACK
6
CONTINUOUS
10
2.1194038976377954
20
0.6727111417322834
11
2.1192322047244092
21
0.6727521259842519
0
LINE
8
BLACK
6
CONTINUOUS
10
2.1192322047244092
20
0.6727521259842519
11
2.1191037007874014
21
0.6727053543307087
0
LINE
8
BLACK
6
CONTINUOUS
10
2.1191037007874014
20
0.6727053543307087
11
2.1289844094488188
21
0.6585901181102362
0
LINE
8
BLACK
6
CONTINUOUS
10
2.1289844094488188
20
0.6585901181102362
11
2.1294176771653541
21
0.6576606692913386
0
LINE
8
BLACK
6
CONTINUOUS
10
2.1294176771653541
20
0.6576606692913386
11
2.1292413385826769
21
0.6556485826771653
0
LINE
8
BLACK
6
CONTINUOUS
10
2.1292413385826769
20
0.6556485826771653
11
2.1278129133858266
21
0.6542205511811023
0
LINE
8
BLACK
6
CONTINUOUS
10
2.1278129133858266
20
0.6542205511811023
11
2.125800787401575
21
0.6540448031496063
0
LINE
8
BLACK
6
CONTINUOUS
10
2.125800787401575
20
0.6540448031496063
11
2.1241464173228346
21
0.6552035433070866
0
LINE
8
BLACK
6
CONTINUOUS
10
2.1241464173228346
20
0.6552035433070866
11
2.1119046850393701
21
0.6726917716535433
0
LINE
8
BLACK
6
CONTINUOUS
10
2.1119046850393701
20
0.6726917716535433
11
2.1070209842519683
21
0.6726917716535433
0
LINE
8
BLACK
6
CONTINUOUS
10
2.1070209842519683
20
0.6726917716535433
11
2.1070209842519683
21
0.6568968503937008
0
LINE
8
BLACK
6
CONTINUOUS
10
2.1070209842519683
20
0.6568968503937008
11
2.1068429133858269
21
0.6558869291338583
0
LINE
8
BLACK
6
CONTINUOUS
10
2.1068429133858269
20
0.6558869291338583
11
2.1055446062992127
21
0.65433968503937
0
LINE
8
BLACK
6
CONTINUOUS
10
2.1055446062992127
20
0.65433968503937
11
2.1035554724409447
21
0.653988937007874
0
LINE
8
BLACK
6
CONTINUOUS
10
2.1035554724409447
20
0.653988937007874
11
2.1018062992125985
21
0.6549988582677165
0
LINE
8
BLACK
6
CONTINUOUS
10
2.1018062992125985
20
0.6549988582677165
11
2.1011154724409447
21
0.6568968503937008
0
LINE
8
BLACK
6
CONTINUOUS
10
2.1011154724409447
20
0.6568968503937008
11
2.1011154724409447
21
0.6962669291338582
0
LINE
8
BLACK
6
CONTINUOUS
10
2.1011154724409447
20
0.6962669291338582
11
2.1011830708661416
21
0.6966504330708662
0
LINE
8
BLACK
6
CONTINUOUS
10
2.1011830708661416
20
0.6966504330708662
11
2.1011603149606297
21
0.69677968503937
0
LINE
8
BLACK
6
CONTINUOUS
10
2.1011603149606297
20
0.69677968503937
11
2.1012259055118108
21
0.6968932677165354
0
LINE
8
BLACK
6
CONTINUOUS
10
2.1012259055118108
20
0.6968932677165354
11
2.1012935433070865
21
0.6972768503937008
0
LINE
8
BLACK
6
CONTINUOUS
10
2.1012935433070865
20
0.6972768503937008
11
2.1017866535433072
21
0.6978645275590551
0
LINE
8
BLACK
6
CONTINUOUS
10
2.1017866535433072
20
0.6978645275590551
11
2.1021702362204726
21
0.6985288582677165
0
LINE
8
BLACK
6
CONTINUOUS
10
2.1021702362204726
20
0.6985288582677165
11
2.1024205511811025
21
0.6986199606299213
0
LINE
8
BLACK
6
CONTINUOUS
10
2.1024205511811025
20
0.6986199606299213
11
2.1025918503937007
21
0.6988240944881889
0
LINE
8
BLACK
6
CONTINUOUS
10
2.1025918503937007
20
0.6988240944881889
11
2.103347401574803
21
0.6989573228346456
0
LINE
8
BLACK
6
CONTINUOUS
10
2.103347401574803
20
0.6989573228346456
11
2.1040682283464567
21
0.69921968503937
0
LINE
8
BLACK
6
CONTINUOUS
10
2.1040682283464567
20
0.69921968503937
11
2.1190663385826771
21
0.69921968503937
0
LINE
8
BLACK
6
CONTINUOUS
10
2.1190663385826771
20
0.69921968503937
11
2.1200762598425196
21
0.6990416141732283
0
LINE
8
BLACK
6
CONTINUOUS
10
2.1070209842519683
20
0.6785972834645669
11
2.1183692913385825
21
0.6785972834645669
0
LINE
8
BLACK
6
CONTINUOUS
10
2.1183692913385825
20
0.6785972834645669
11
2.1210667716535432
21
0.6799460236220473
0
LINE
8
BLACK
6
CONTINUOUS
10
2.1210667716535432
20
0.6799460236220473
11
2.1222638976377954
21
0.6811431496062992
0
LINE
8
BLACK
6
CONTINUOUS
10
2.1222638976377954
20
0.6811431496062992
11
2.1236126377952758
21
0.6838406299212598
0
LINE
8
BLACK
6
CONTINUOUS
10
2.1236126377952758
20
0.6838406299212598
11
2.1236126377952758
21
0.6880708267716535
0
LINE
8
BLACK
6
CONTINUOUS
10
2.1236126377952758
20
0.6880708267716535
11
2.1222638976377954
21
0.6907683070866142
0
LINE
8
BLACK
6
CONTINUOUS
10
2.1222638976377954
20
0.6907683070866142
11
2.1210667716535432
21
0.6919654330708661
0
LINE
8
BLACK
6
CONTINUOUS
10
2.1210667716535432
20
0.6919654330708661
11
2.1183692913385825
21
0.6933141732283464
0
LINE
8
BLACK
6
CONTINUOUS
10
2.1183692913385825
20
0.6933141732283464
11
2.1070209842519683
21
0.6933141732283464
0
LINE
8
BLACK
6
CONTINUOUS
10
2.1070209842519683
20
0.6933141732283464
11
2.1070209842519683
21
0.6785972834645669
0
LINE
8
BLACK
6
CONTINUOUS
10
2.3625984251968504
20
0.7718503937007873
11
2.3639903543307086
21
0.7712738188976378
0
LINE
8
BLACK
6
CONTINUOUS
10
2.3639903543307086
20
0.7712738188976378
11
2.3645669291338582
21
0.7698818897637795
0
LINE
8
BLACK
6
CONTINUOUS
10
2.3645669291338582
20
0.7698818897637795
11
2.3645669291338582
21
0.5797244094488189
0
LINE
8
BLACK
6
CONTINUOUS
10
2.3645669291338582
20
0.5797244094488189
11
2.3639903543307086
21
0.5783324803149607
0
LINE
8
BLACK
6
CONTINUOUS
10
2.3639903543307086
20
0.5783324803149607
11
2.3625984251968504
21
0.577755905511811
0
LINE
8
BLACK
6
CONTINUOUS
10
2.3625984251968504
20
0.577755905511811
11
1.9874015748031495
21
0.577755905511811
0
LINE
8
BLACK
6
CONTINUOUS
10
1.9874015748031495
20
0.577755905511811
11
1.9860096456692913
21
0.5783324803149607
0
LINE
8
BLACK
6
CONTINUOUS
10
1.9860096456692913
20
0.5783324803149607
11
1.9854330708661416
21
0.5797244094488189
0
LINE
8
BLACK
6
CONTINUOUS
10
1.9854330708661416
20
0.5797244094488189
11
1.9854330708661416
21
0.7698818897637795
0
LINE
8
BLACK
6
CONTINUOUS
10
1.9854330708661416
20
0.7698818897637795
11
1.9860096456692913
21
0.7712738188976378
0
LINE
8
BLACK
6
CONTINUOUS
10
1.9860096456692913
20
0.7712738188976378
11
1.9874015748031495
21
0.7718503937007873
0
LINE
8
BLACK
6
CONTINUOUS
10
1.9874015748031495
20
0.7718503937007873
11
2.3625984251968504
21
0.7718503937007873
0
LINE
8
BLACK
6
CONTINUOUS
10
1.9893700787401574
20
0.7679133858267716
11
1.9893700787401574
21
0.5816929133858267
0
LINE
8
BLACK
6
CONTINUOUS
10
1.9893700787401574
20
0.5816929133858267
11
2.3606299212598425
21
0.5816929133858267
0
LINE
8
BLACK
6
CONTINUOUS
10
2.3606299212598425
20
0.5816929133858267
11
2.3606299212598425
21
0.7679133858267716
0
LINE
8
BLACK
6
CONTINUOUS
10
2.3606299212598425
20
0.7679133858267716
11
1.9893700787401574
21
0.7679133858267716
0
LINE
8
BLACK
6
CONTINUOUS
10
1.6912445669291338
20
0.797101062992126
11
1.6931193700787401
21
0.7952262992125984
0
LINE
8
BLACK
6
CONTINUOUS
10
1.6931193700787401
20
0.7952262992125984
11
1.6937075984251968
21
0.7943862598425196
0
LINE
8
BLACK
6
CONTINUOUS
10
1.6937075984251968
20
0.7943862598425196
11
1.6937229527559055
21
0.7942103149606299
0
LINE
8
BLACK
6
CONTINUOUS
10
1.6937229527559055
20
0.7942103149606299
11
1.693832716535433
21
0.7940720866141732
0
LINE
8
BLACK
6
CONTINUOUS
10
1.693832716535433
20
0.7940720866141732
11
1.6957074803149605
21
0.7884478346456693
0
LINE
8
BLACK
6
CONTINUOUS
10
1.6957074803149605
20
0.7884478346456693
11
1.6958369685039369
21
0.7875745669291339
0
LINE
8
BLACK
6
CONTINUOUS
10
1.6958369685039369
20
0.7875745669291339
11
1.6958590157480316
21
0.7875140551181102
0
LINE
8
BLACK
6
CONTINUOUS
10
1.6958590157480316
20
0.7875140551181102
11
1.6958590157480316
21
0.7837645275590551
0
LINE
8
BLACK
6
CONTINUOUS
10
1.6958590157480316
20
0.7837645275590551
11
1.6957057086614173
21
0.7828951181102362
0
LINE
8
BLACK
6
CONTINUOUS
10
1.6957057086614173
20
0.7828951181102362
11
1.6957074803149605
21
0.782830748031496
0
LINE
8
BLACK
6
CONTINUOUS
10
1.6957074803149605
20
0.782830748031496
11
1.693832716535433
21
0.7772064960629921
0
LINE
8
BLACK
6
CONTINUOUS
10
1.693832716535433
20
0.7772064960629921
11
1.6933444094488188
21
0.7763047244094488
0
LINE
8
BLACK
6
CONTINUOUS
10
1.6933444094488188
20
0.7763047244094488
11
1.6931940157480314
21
0.7762123228346457
0
LINE
8
BLACK
6
CONTINUOUS
10
1.6931940157480314
20
0.7762123228346457
11
1.6931194094488189
21
0.7760523228346456
0
LINE
8
BLACK
6
CONTINUOUS
10
1.6931194094488189
20
0.7760523228346456
11
1.689369842519685
21
0.7723027952755905
0
LINE
8
BLACK
6
CONTINUOUS
10
1.689369842519685
20
0.7723027952755905
11
1.6886466535433071
21
0.7717963779527559
0
LINE
8
BLACK
6
CONTINUOUS
10
1.6886466535433071
20
0.7717963779527559
11
1.6886024409448819
21
0.77174968503937
0
LINE
8
BLACK
6
CONTINUOUS
10
1.6886024409448819
20
0.77174968503937
11
1.6848529133858268
21
0.7698749212598425
0
LINE
8
BLACK
6
CONTINUOUS
10
1.6848529133858268
20
0.7698749212598425
11
1.6843644488188976
21
0.7697296062992126
0
LINE
8
BLACK
6
CONTINUOUS
10
1.6843644488188976
20
0.7697296062992126
11
1.6842485433070866
21
0.7696513385826772
0
LINE
8
BLACK
6
CONTINUOUS
10
1.6842485433070866
20
0.7696513385826772
11
1.6767494881889764
21
0.7677765748031495
0
LINE
8
BLACK
6
CONTINUOUS
10
1.6767494881889764
20
0.7677765748031495
11
1.6761615748031495
21
0.7677350787401575
0
LINE
8
BLACK
6
CONTINUOUS
10
1.6761615748031495
20
0.7677350787401575
11
1.6760333464566928
21
0.7676884251968503
0
LINE
8
BLACK
6
CONTINUOUS
10
1.6760333464566928
20
0.7676884251968503
11
1.6704090551181101
21
0.7676884251968503
0
LINE
8
BLACK
6
CONTINUOUS
10
1.6704090551181101
20
0.7676884251968503
11
1.6698286614173228
21
0.7677907480314961
0
LINE
8
BLACK
6
CONTINUOUS
10
1.6698286614173228
20
0.7677907480314961
11
1.6696929133858267
21
0.7677765748031495
0
LINE
8
BLACK
6
CONTINUOUS
10
1.6696929133858267
20
0.7677765748031495
11
1.6621938582677165
21
0.7696513385826772
0
LINE
8
BLACK
6
CONTINUOUS
10
1.6621938582677165
20
0.7696513385826772
11
1.6617283858267715
21
0.7698588976377952
0
LINE
8
BLACK
6
CONTINUOUS
10
1.6617283858267715
20
0.7698588976377952
11
1.6615894881889763
21
0.7698749212598425
0
LINE
8
BLACK
6
CONTINUOUS
10
1.6615894881889763
20
0.7698749212598425
11
1.6578399606299212
21
0.77174968503937
0
LINE
8
BLACK
6
CONTINUOUS
10
1.6578399606299212
20
0.77174968503937
11
1.6571308661417323
21
0.7722755905511811
0
LINE
8
BLACK
6
CONTINUOUS
10
1.6571308661417323
20
0.7722755905511811
11
1.6570725590551181
21
0.7723027952755905
0
LINE
8
BLACK
6
CONTINUOUS
10
1.6570725590551181
20
0.7723027952755905
11
1.653323031496063
21
0.7760523228346456
0
LINE
8
BLACK
6
CONTINUOUS
10
1.653323031496063
20
0.7760523228346456
11
1.6527348425196851
21
0.7768923622047244
0
LINE
8
BLACK
6
CONTINUOUS
10
1.6527348425196851
20
0.7768923622047244
11
1.6527194488188977
21
0.777068188976378
0
LINE
8
BLACK
6
CONTINUOUS
10
1.6527194488188977
20
0.777068188976378
11
1.6526097244094489
21
0.7772064960629921
0
LINE
8
BLACK
6
CONTINUOUS
10
1.6526097244094489
20
0.7772064960629921
11
1.6507349606299213
21
0.7828307874015747
0
LINE
8
BLACK
6
CONTINUOUS
10
1.6507349606299213
20
0.7828307874015747
11
1.6506054724409449
21
0.783703937007874
0
LINE
8
BLACK
6
CONTINUOUS
10
1.6506054724409449
20
0.783703937007874
11
1.6505834251968503
21
0.7837645275590551
0
LINE
8
BLACK
6
CONTINUOUS
10
1.6505834251968503
20
0.7837645275590551
11
1.6505834251968503
21
0.7875140551181102
0
LINE
8
BLACK
6
CONTINUOUS
10
1.6505834251968503
20
0.7875140551181102
11
1.6507366929133858
21
0.7883834251968503
0
LINE
8
BLACK
6
CONTINUOUS
10
1.6507366929133858
20
0.7883834251968503
11
1.6507349606299213
21
0.7884477952755905
0
LINE
8
BLACK
6
CONTINUOUS
10
1.6507349606299213
20
0.7884477952755905
11
1.6526097244094489
21
0.7940720866141732
0
LINE
8
BLACK
6
CONTINUOUS
10
1.6526097244094489
20
0.7940720866141732
11
1.6530979921259843
21
0.7949738582677165
0
LINE
8
BLACK
6
CONTINUOUS
10
1.6530979921259843
20
0.7949738582677165
11
1.6532484251968504
21
0.7950662598425197
0
LINE
8
BLACK
6
CONTINUOUS
10
1.6532484251968504
20
0.7950662598425197
11
1.653323031496063
21
0.7952262598425197
0
LINE
8
BLACK
6
CONTINUOUS
10
1.653323031496063
20
0.7952262598425197
11
1.6551977952755905
21
0.7971010236220473
0
LINE
8
BLACK
6
CONTINUOUS
10
1.6551977952755905
20
0.7971010236220473
11
1.6560378346456692
21
0.7976892125984252
0
LINE
8
BLACK
6
CONTINUOUS
10
1.6560378346456692
20
0.7976892125984252
11
1.6580499212598425
21
0.7978652362204725
0
LINE
8
BLACK
6
CONTINUOUS
10
1.6580499212598425
20
0.7978652362204725
11
1.6597044881889764
21
0.7967067322834646
0
LINE
8
BLACK
6
CONTINUOUS
10
1.6597044881889764
20
0.7967067322834646
11
1.6602272047244093
21
0.7947557480314961
0
LINE
8
BLACK
6
CONTINUOUS
10
1.6602272047244093
20
0.7947557480314961
11
1.6593736220472441
21
0.7929251968503936
0
LINE
8
BLACK
6
CONTINUOUS
10
1.6593736220472441
20
0.7929251968503936
11
1.6579917322834645
21
0.7915433070866141
0
LINE
8
BLACK
6
CONTINUOUS
10
1.6579917322834645
20
0.7915433070866141
11
1.6564889370078739
21
0.7870348818897638
0
LINE
8
BLACK
6
CONTINUOUS
10
1.6564889370078739
20
0.7870348818897638
11
1.6564889370078739
21
0.7842436614173228
0
LINE
8
BLACK
6
CONTINUOUS
10
1.6564889370078739
20
0.7842436614173228
11
1.6579917322834645
21
0.7797352362204725
0
LINE
8
BLACK
6
CONTINUOUS
10
1.6579917322834645
20
0.7797352362204725
11
1.6609095669291338
21
0.7768174409448819
0
LINE
8
BLACK
6
CONTINUOUS
10
1.6609095669291338
20
0.7768174409448819
11
1.6639405511811023
21
0.7753019291338582
0
LINE
8
BLACK
6
CONTINUOUS
10
1.6639405511811023
20
0.7753019291338582
11
1.6707725984251969
21
0.773593937007874
0
LINE
8
BLACK
6
CONTINUOUS
10
1.6707725984251969
20
0.773593937007874
11
1.6756698031496062
21
0.773593937007874
0
LINE
8
BLACK
6
CONTINUOUS
10
1.6756698031496062
20
0.773593937007874
11
1.6825018503937008
21
0.7753019291338582
0
LINE
8
BLACK
6
CONTINUOUS
10
1.6825018503937008
20
0.7753019291338582
11
1.6855328346456693
21
0.7768174409448819
0
LINE
8
BLACK
6
CONTINUOUS
10
1.6855328346456693
20
0.7768174409448819
11
1.6884507086614173
21
0.7797352755905511
0
LINE
8
BLACK
6
CONTINUOUS
10
1.6884507086614173
20
0.7797352755905511
11
1.6899535039370079
21
0.7842436614173228
0
LINE
8
BLACK
6
CONTINUOUS
10
1.6899535039370079
20
0.7842436614173228
11
1.6899535039370079
21
0.7870349212598425
0
LINE
8
BLACK
6
CONTINUOUS
10
1.6899535039370079
20
0.7870349212598425
11
1.6884507086614173
21
0.7915432677165354
0
LINE
8
BLACK
6
CONTINUOUS
10
1.6884507086614173
20
0.7915432677165354
11
1.6870688188976377
21
0.7929251574803149
0
LINE
8
BLACK
6
CONTINUOUS
10
1.6870688188976377
20
0.7929251574803149
11
1.686480590551181
21
0.7937651968503937
0
LINE
8
BLACK
6
CONTINUOUS
10
1.686480590551181
20
0.7937651968503937
11
1.6863045275590551
21
0.7957773228346456
0
LINE
8
BLACK
6
CONTINUOUS
10
1.6863045275590551
20
0.7957773228346456
11
1.687463031496063
21
0.7974318897637795
0
LINE
8
BLACK
6
CONTINUOUS
10
1.687463031496063
20
0.7974318897637795
11
1.6894140157480315
21
0.7979546062992126
0
LINE
8
BLACK
6
CONTINUOUS
10
1.6894140157480315
20
0.7979546062992126
11
1.6912445669291338
21
0.797101062992126
0
LINE
8
BLACK
6
CONTINUOUS
10
1.6656541338582678
20
0.835307874015748
11
1.6657185039370079
21
0.8353096456692913
0
LINE
8
BLACK
6
CONTINUOUS
10
1.6657185039370079
20
0.8353096456692913
11
1.6713427952755906
21
0.8334348818897638
0
LINE
8
BLACK
6
CONTINUOUS
10
1.6713427952755906
20
0.8334348818897638
11
1.6722445669291339
21
0.8329466141732284
0
LINE
8
BLACK
6
CONTINUOUS
10
1.6722445669291339
20
0.8329466141732284
11
1.6723369685039369
21
0.8327961417322834
0
LINE
8
BLACK
6
CONTINUOUS
10
1.6723369685039369
20
0.8327961417322834
11
1.672496968503937
21
0.8327215748031496
0
LINE
8
BLACK
6
CONTINUOUS
10
1.672496968503937
20
0.8327215748031496
11
1.6899535039370079
21
0.8152650393700788
0
LINE
8
BLACK
6
CONTINUOUS
10
1.6899535039370079
20
0.8152650393700788
11
1.6899535039370079
21
0.8325084251968504
0
LINE
8
BLACK
6
CONTINUOUS
10
1.6899535039370079
20
0.8325084251968504
11
1.6901315748031496
21
0.8335183464566929
0
LINE
8
BLACK
6
CONTINUOUS
10
1.6901315748031496
20
0.8335183464566929
11
1.6914298818897637
21
0.8350655905511811
0
LINE
8
BLACK
6
CONTINUOUS
10
1.6914298818897637
20
0.8350655905511811
11
1.6934190157480316
21
0.8354163385826772
0
LINE
8
BLACK
6
CONTINUOUS
10
1.6934190157480316
20
0.8354163385826772
11
1.6951681889763779
21
0.8344064173228346
0
LINE
8
BLACK
6
CONTINUOUS
10
1.6951681889763779
20
0.8344064173228346
11
1.6958590157480316
21
0.8325084251968504
0
LINE
8
BLACK
6
CONTINUOUS
10
1.6958590157480316
20
0.8325084251968504
11
1.6958590157480316
21
0.8081364960629921
0
LINE
8
BLACK
6
CONTINUOUS
10
1.6958590157480316
20
0.8081364960629921
11
1.6957470866141733
21
0.8075017322834646
0
LINE
8
BLACK
6
CONTINUOUS
10
1.6957470866141733
20
0.8075017322834646
11
1.6957584251968503
21
0.8073722834645669
0
LINE
8
BLACK
6
CONTINUOUS
10
1.6957584251968503
20
0.8073722834645669
11
1.6957127559055118
21
0.8073070472440945
0
LINE
8
BLACK
6
CONTINUOUS
10
1.6957127559055118
20
0.8073070472440945
11
1.6956809448818897
21
0.8071265748031496
0
LINE
8
BLACK
6
CONTINUOUS
10
1.6956809448818897
20
0.8071265748031496
11
1.6951096456692913
21
0.8064457086614173
0
LINE
8
BLACK
6
CONTINUOUS
10
1.6951096456692913
20
0.8064457086614173
11
1.6945998818897638
21
0.805717716535433
0
LINE
8
BLACK
6
CONTINUOUS
10
1.6945998818897638
20
0.805717716535433
11
1.6944694094488189
21
0.8056827559055117
0
LINE
8
BLACK
6
CONTINUOUS
10
1.6944694094488189
20
0.8056827559055117
11
1.6943826377952755
21
0.8055793307086614
0
LINE
8
BLACK
6
CONTINUOUS
10
1.6943826377952755
20
0.8055793307086614
11
1.6935072834645668
21
0.8054249606299212
0
LINE
8
BLACK
6
CONTINUOUS
10
1.6935072834645668
20
0.8054249606299212
11
1.6926489370078739
21
0.805195
0
LINE
8
BLACK
6
CONTINUOUS
10
1.6926489370078739
20
0.805195
11
1.6925265748031495
21
0.8052520472440945
0
LINE
8
BLACK
6
CONTINUOUS
10
1.6925265748031495
20
0.8052520472440945
11
1.6923935039370079
21
0.8052285826771653
0
LINE
8
BLACK
6
CONTINUOUS
10
1.6923935039370079
20
0.8052285826771653
11
1.6916235826771653
21
0.8056730708661417
0
LINE
8
BLACK
6
CONTINUOUS
10
1.6916235826771653
20
0.8056730708661417
11
1.6908183464566928
21
0.8060485826771653
0
LINE
8
BLACK
6
CONTINUOUS
10
1.6908183464566928
20
0.8060485826771653
11
1.6688140157480316
21
0.8280528346456693
0
LINE
8
BLACK
6
CONTINUOUS
10
1.6688140157480316
20
0.8280528346456693
11
1.6643056299212597
21
0.8295556692913386
0
LINE
8
BLACK
6
CONTINUOUS
10
1.6643056299212597
20
0.8295556692913386
11
1.6617322834645669
21
0.8295556692913386
0
LINE
8
BLACK
6
CONTINUOUS
10
1.6617322834645669
20
0.8295556692913386
11
1.6590348031496063
21
0.8282069291338583
0
LINE
8
BLACK
6
CONTINUOUS
10
1.6590348031496063
20
0.8282069291338583
11
1.6578376771653542
21
0.8270098031496063
0
LINE
8
BLACK
6
CONTINUOUS
10
1.6578376771653542
20
0.8270098031496063
11
1.6564889370078739
21
0.8243123228346456
0
LINE
8
BLACK
6
CONTINUOUS
10
1.6564889370078739
20
0.8243123228346456
11
1.6564889370078739
21
0.8163325984251968
0
LINE
8
BLACK
6
CONTINUOUS
10
1.6564889370078739
20
0.8163325984251968
11
1.6578376771653542
21
0.8136351181102363
0
LINE
8
BLACK
6
CONTINUOUS
10
1.6578376771653542
20
0.8136351181102363
11
1.6593736220472441
21
0.8120991732283465
0
LINE
8
BLACK
6
CONTINUOUS
10
1.6593736220472441
20
0.8120991732283465
11
1.6599618110236221
21
0.8112591338582676
0
LINE
8
BLACK
6
CONTINUOUS
10
1.6599618110236221
20
0.8112591338582676
11
1.6601378346456692
21
0.8092470472440945
0
LINE
8
BLACK
6
CONTINUOUS
10
1.6601378346456692
20
0.8092470472440945
11
1.6589793307086613
21
0.8075924803149606
0
LINE
8
BLACK
6
CONTINUOUS
10
1.6589793307086613
20
0.8075924803149606
11
1.6570283464566928
21
0.8070697637795275
0
LINE
8
BLACK
6
CONTINUOUS
10
1.6570283464566928
20
0.8070697637795275
11
1.6551977952755905
21
0.8079233464566929
0
LINE
8
BLACK
6
CONTINUOUS
10
1.6551977952755905
20
0.8079233464566929
11
1.653323031496063
21
0.8097981102362205
0
LINE
8
BLACK
6
CONTINUOUS
10
1.653323031496063
20
0.8097981102362205
11
1.6528167322834646
21
0.8105211811023622
0
LINE
8
BLACK
6
CONTINUOUS
10
1.6528167322834646
20
0.8105211811023622
11
1.6527699212598426
21
0.8105655118110237
0
LINE
8
BLACK
6
CONTINUOUS
10
1.6527699212598426
20
0.8105655118110237
11
1.650895157480315
21
0.8143150393700788
0
LINE
8
BLACK
6
CONTINUOUS
10
1.650895157480315
20
0.8143150393700788
11
1.6506027952755906
21
0.8152979921259842
0
LINE
8
BLACK
6
CONTINUOUS
10
1.6506027952755906
20
0.8152979921259842
11
1.650643779527559
21
0.8154696456692914
0
LINE
8
BLACK
6
CONTINUOUS
10
1.650643779527559
20
0.8154696456692914
11
1.6505834251968503
21
0.8156355511811023
0
LINE
8
BLACK
6
CONTINUOUS
10
1.6505834251968503
20
0.8156355511811023
11
1.6505834251968503
21
0.8250093700787401
0
LINE
8
BLACK
6
CONTINUOUS
10
1.6505834251968503
20
0.8250093700787401
11
1.6507614960629922
21
0.8260192913385827
0
LINE
8
BLACK
6
CONTINUOUS
10
1.6507614960629922
20
0.8260192913385827
11
1.6508749606299211
21
0.8261545275590551
0
LINE
8
BLACK
6
CONTINUOUS
10
1.6508749606299211
20
0.8261545275590551
11
1.650895157480315
21
0.8263298818897638
0
LINE
8
BLACK
6
CONTINUOUS
10
1.650895157480315
20
0.8263298818897638
11
1.6527699212598426
21
0.8300794094488189
0
LINE
8
BLACK
6
CONTINUOUS
10
1.6527699212598426
20
0.8300794094488189
11
1.6532958267716535
21
0.8307884645669291
0
LINE
8
BLACK
6
CONTINUOUS
10
1.6532958267716535
20
0.8307884645669291
11
1.653323031496063
21
0.830846811023622
0
LINE
8
BLACK
6
CONTINUOUS
10
1.653323031496063
20
0.830846811023622
11
1.6551977952755905
21
0.8327215748031496
0
LINE
8
BLACK
6
CONTINUOUS
10
1.6551977952755905
20
0.8327215748031496
11
1.6559208661417322
21
0.8332278346456693
0
LINE
8
BLACK
6
CONTINUOUS
10
1.6559208661417322
20
0.8332278346456693
11
1.6559651968503937
21
0.8332746850393701
0
LINE
8
BLACK
6
CONTINUOUS
10
1.6559651968503937
20
0.8332746850393701
11
1.6597147244094488
21
0.8351494488188976
0
LINE
8
BLACK
6
CONTINUOUS
10
1.6597147244094488
20
0.8351494488188976
11
1.6606976377952756
21
0.835441811023622
0
LINE
8
BLACK
6
CONTINUOUS
10
1.6606976377952756
20
0.835441811023622
11
1.6608693307086613
21
0.8354007874015748
0
LINE
8
BLACK
6
CONTINUOUS
10
1.6608693307086613
20
0.8354007874015748
11
1.6610352362204723
21
0.8354611811023622
0
LINE
8
BLACK
6
CONTINUOUS
10
1.6610352362204723
20
0.8354611811023622
11
1.6647847637795274
21
0.8354611811023622
0
LINE
8
BLACK
6
CONTINUOUS
10
1.6647847637795274
20
0.8354611811023622
11
1.6656541338582678
21
0.835307874015748
0
LINE
8
BLACK
6
CONTINUOUS
10
1.7625139763779527
20
0.9718195275590551
11
1.7630905511811024
21
0.9704275984251969
0
LINE
8
BLACK
6
CONTINUOUS
10
1.7630905511811024
20
0.9704275984251969
11
1.7630905511811024
21
0.9527110629921259
0
LINE
8
BLACK
6
CONTINUOUS
10
1.7630905511811024
20
0.9527110629921259
11
1.7808070866141732
21
0.9527110629921259
0
LINE
8
BLACK
6
CONTINUOUS
10
1.7808070866141732
20
0.9527110629921259
11
1.7821990157480314
21
0.9521344881889764
0
LINE
8
BLACK
6
CONTINUOUS
10
1.7821990157480314
20
0.9521344881889764
11
1.7827755905511811
21
0.9507425590551181
0
LINE
8
BLACK
6
CONTINUOUS
10
1.7827755905511811
20
0.9507425590551181
11
1.7821990157480314
21
0.9493506299212598
0
LINE
8
BLACK
6
CONTINUOUS
10
1.7821990157480314
20
0.9493506299212598
11
1.7808070866141732
21
0.9487740551181102
0
LINE
8
BLACK
6
CONTINUOUS
10
1.7808070866141732
20
0.9487740551181102
11
1.7630905511811024
21
0.9487740551181102
0
LINE
8
BLACK
6
CONTINUOUS
10
1.7630905511811024
20
0.9487740551181102
11
1.7630905511811024
21
0.9310575196850394
0
LINE
8
BLACK
6
CONTINUOUS
10
1.7630905511811024
20
0.9310575196850394
11
1.7625139763779527
21
0.929665590551181
0
LINE
8
BLACK
6
CONTINUOUS
10
1.7625139763779527
20
0.929665590551181
11
1.7611220472440945
21
0.9290890157480315
0
LINE
8
BLACK
6
CONTINUOUS
10
1.7611220472440945
20
0.9290890157480315
11
1.7597301181102363
21
0.929665590551181
0
LINE
8
BLACK
6
CONTINUOUS
10
1.7597301181102363
20
0.929665590551181
11
1.7591535433070866
21
0.9310575196850394
0
LINE
8
BLACK
6
CONTINUOUS
10
1.7591535433070866
20
0.9310575196850394
11
1.7591535433070866
21
0.9487740551181102
0
LINE
8
BLACK
6
CONTINUOUS
10
1.7591535433070866
20
0.9487740551181102
11
1.7414370078740158
21
0.9487740551181102
0
LINE
8
BLACK
6
CONTINUOUS
10
1.7414370078740158
20
0.9487740551181102
11
1.7400450787401573
21
0.9493506299212598
0
LINE
8
BLACK
6
CONTINUOUS
10
1.7400450787401573
20
0.9493506299212598
11
1.7394685039370079
21
0.9507425590551181
0
LINE
8
BLACK
6
CONTINUOUS
10
1.7394685039370079
20
0.9507425590551181
11
1.7400450787401573
21
0.9521344881889764
0
LINE
8
BLACK
6
CONTINUOUS
10
1.7400450787401573
20
0.9521344881889764
11
1.7414370078740158
21
0.9527110629921259
0
LINE
8
BLACK
6
CONTINUOUS
10
1.7414370078740158
20
0.9527110629921259
11
1.7591535433070866
21
0.9527110629921259
0
LINE
8
BLACK
6
CONTINUOUS
10
1.7591535433070866
20
0.9527110629921259
11
1.7591535433070866
21
0.9704275984251969
0
LINE
8
BLACK
6
CONTINUOUS
10
1.7591535433070866
20
0.9704275984251969
11
1.7597301181102363
21
0.9718195275590551
0
LINE
8
BLACK
6
CONTINUOUS
10
1.7597301181102363
20
0.9718195275590551
11
1.7611220472440945
21
0.9723961023622048
0
LINE
8
BLACK
6
CONTINUOUS
10
1.7611220472440945
20
0.9723961023622048
11
1.7625139763779527
21
0.9718195275590551
0
LINE
8
BLACK
6
CONTINUOUS
10
1.6923282283464567
20
0.9996371259842519
11
1.7095245275590552
21
0.9973731889763779
0
LINE
8
BLACK
6
CONTINUOUS
10
1.7095245275590552
20
0.9973731889763779
11
1.7264581102362204
21
0.993619094488189
0
LINE
8
BLACK
6
CONTINUOUS
10
1.7264581102362204
20
0.993619094488189
11
1.7430000787401574
21
0.9884034645669291
0
LINE
8
BLACK
6
CONTINUOUS
10
1.7430000787401574
20
0.9884034645669291
11
1.7590244881889763
21
0.981765905511811
0
LINE
8
BLACK
6
CONTINUOUS
10
1.7590244881889763
20
0.981765905511811
11
1.7744094488188975
21
0.9737570078740158
0
LINE
8
BLACK
6
CONTINUOUS
10
1.7744094488188975
20
0.9737570078740158
11
1.7890378346456692
21
0.9644377165354331
0
LINE
8
BLACK
6
CONTINUOUS
10
1.7890378346456692
20
0.9644377165354331
11
1.802798307086614
21
0.9538788976377952
0
LINE
8
BLACK
6
CONTINUOUS
10
1.802798307086614
20
0.9538788976377952
11
1.8155861811023621
21
0.9421609842519685
0
LINE
8
BLACK
6
CONTINUOUS
10
1.8155861811023621
20
0.9421609842519685
11
1.8273040944881889
21
0.9293731102362205
0
LINE
8
BLACK
6
CONTINUOUS
10
1.8273040944881889
20
0.9293731102362205
11
1.8378629133858266
21
0.9156126377952756
0
LINE
8
BLACK
6
CONTINUOUS
10
1.8378629133858266
20
0.9156126377952756
11
1.8471822047244093
21
0.900984251968504
0
LINE
8
BLACK
6
CONTINUOUS
10
1.8471822047244093
20
0.900984251968504
11
1.8551911023622047
21
0.8855992913385826
0
LINE
8
BLACK
6
CONTINUOUS
10
1.8551911023622047
20
0.8855992913385826
11
1.8618286614173227
21
0.8695748818897637
0
LINE
8
BLACK
6
CONTINUOUS
10
1.8618286614173227
20
0.8695748818897637
11
1.8670442913385827
21
0.8530329133858268
0
LINE
8
BLACK
6
CONTINUOUS
10
1.8670442913385827
20
0.8530329133858268
11
1.8707983858267716
21
0.8360993307086614
0
LINE
8
BLACK
6
CONTINUOUS
10
1.8707983858267716
20
0.8360993307086614
11
1.8730623228346457
21
0.818903031496063
0
LINE
8
BLACK
6
CONTINUOUS
10
1.8730623228346457
20
0.818903031496063
11
1.8738188976377952
21
0.8015748031496063
0
LINE
8
BLACK
6
CONTINUOUS
10
1.8738188976377952
20
0.8015748031496063
11
1.8730623228346457
21
0.7842465748031496
0
LINE
8
BLACK
6
CONTINUOUS
10
1.8730623228346457
20
0.7842465748031496
11
1.8707983858267716
21
0.7670502755905512
0
LINE
8
BLACK
6
CONTINUOUS
10
1.8707983858267716
20
0.7670502755905512
11
1.8670442913385827
21
0.7501166929133858
0
LINE
8
BLACK
6
CONTINUOUS
10
1.8670442913385827
20
0.7501166929133858
11
1.8618286614173227
21
0.7335747244094488
0
LINE
8
BLACK
6
CONTINUOUS
10
1.8618286614173227
20
0.7335747244094488
11
1.8551911023622047
21
0.7175503149606299
0
LINE
8
BLACK
6
CONTINUOUS
10
1.8551911023622047
20
0.7175503149606299
11
1.8471822047244093
21
0.7021653543307086
0
LINE
8
BLACK
6
CONTINUOUS
10
1.8471822047244093
20
0.7021653543307086
11
1.8378629133858266
21
0.687536968503937
0
LINE
8
BLACK
6
CONTINUOUS
10
1.8378629133858266
20
0.687536968503937
11
1.8273040944881889
21
0.6737764960629921
0
LINE
8
BLACK
6
CONTINUOUS
10
1.8273040944881889
20
0.6737764960629921
11
1.8155861811023621
21
0.6609886220472441
0
LINE
8
BLACK
6
CONTINUOUS
10
1.8155861811023621
20
0.6609886220472441
11
1.802798307086614
21
0.6492707086614173
0
LINE
8
BLACK
6
CONTINUOUS
10
1.802798307086614
20
0.6492707086614173
11
1.7890378346456692
21
0.6387118897637795
0
LINE
8
BLACK
6
CONTINUOUS
10
1.7890378346456692
20
0.6387118897637795
11
1.7744094488188975
21
0.6293925984251968
0
LINE
8
BLACK
6
CONTINUOUS
10
1.7744094488188975
20
0.6293925984251968
11
1.7590244881889763
21
0.6213837007874016
0
LINE
8
BLACK
6
CONTINUOUS
10
1.7590244881889763
20
0.6213837007874016
11
1.7430000787401574
21
0.6147461417322835
0
LINE
8
BLACK
6
CONTINUOUS
10
1.7430000787401574
20
0.6147461417322835
11
1.7264581102362204
21
0.6095305118110236
0
LINE
8
BLACK
6
CONTINUOUS
10
1.7264581102362204
20
0.6095305118110236
11
1.7095245275590552
21
0.6057764173228346
0
LINE
8
BLACK
6
CONTINUOUS
10
1.7095245275590552
20
0.6057764173228346
11
1.6923282283464567
21
0.6035124803149606
0
LINE
8
BLACK
6
CONTINUOUS
10
1.6923282283464567
20
0.6035124803149606
11
1.675
21
0.602755905511811
0
LINE
8
BLACK
6
CONTINUOUS
10
1.675
20
0.602755905511811
11
1.6576717716535432
21
0.6035124803149606
0
LINE
8
BLACK
6
CONTINUOUS
10
1.6576717716535432
20
0.6035124803149606
11
1.6404754724409449
21
0.6057764173228346
0
LINE
8
BLACK
6
CONTINUOUS
10
1.6404754724409449
20
0.6057764173228346
11
1.6235418897637794
21
0.6095305118110236
0
LINE
8
BLACK
6
CONTINUOUS
10
1.6235418897637794
20
0.6095305118110236
11
1.6069999212598425
21
0.6147461417322835
0
LINE
8
BLACK
6
CONTINUOUS
10
1.6069999212598425
20
0.6147461417322835
11
1.5909755118110236
21
0.6213837007874016
0
LINE
8
BLACK
6
CONTINUOUS
10
1.5909755118110236
20
0.6213837007874016
11
1.5755905511811024
21
0.6293925984251968
0
LINE
8
BLACK
6
CONTINUOUS
10
1.5755905511811024
20
0.6293925984251968
11
1.5609621653543306
21
0.6387118897637795
0
LINE
8
BLACK
6
CONTINUOUS
10
1.5609621653543306
20
0.6387118897637795
11
1.5472016929133858
21
0.6492707086614173
0
LINE
8
BLACK
6
CONTINUOUS
10
1.5472016929133858
20
0.6492707086614173
11
1.5344138188976377
21
0.6609886220472441
0
LINE
8
BLACK
6
CONTINUOUS
10
1.5344138188976377
20
0.6609886220472441
11
1.522695905511811
21
0.6737764960629921
0
LINE
8
BLACK
6
CONTINUOUS
10
1.522695905511811
20
0.6737764960629921
11
1.5121370866141732
21
0.687536968503937
0
LINE
8
BLACK
6
CONTINUOUS
10
1.5121370866141732
20
0.687536968503937
11
1.5028177952755906
21
0.7021653543307086
0
LINE
8
BLACK
6
CONTINUOUS
10
1.5028177952755906
20
0.7021653543307086
11
1.4948088976377953
21
0.7175503149606299
0
LINE
8
BLACK
6
CONTINUOUS
10
1.4948088976377953
20
0.7175503149606299
11
1.4881713385826771
21
0.7335747244094488
0
LINE
8
BLACK
6
CONTINUOUS
10
1.4881713385826771
20
0.7335747244094488
11
1.4829557086614173
21
0.7501166929133858
0
LINE
8
BLACK
6
CONTINUOUS
10
1.4829557086614173
20
0.7501166929133858
11
1.4792016141732283
21
0.7670502755905512
0
LINE
8
BLACK
6
CONTINUOUS
10
1.4792016141732283
20
0.7670502755905512
11
1.4769376771653544
21
0.7842465748031496
0
LINE
8
BLACK
6
CONTINUOUS
10
1.4769376771653544
20
0.7842465748031496
11
1.4761811023622047
21
0.8015748031496063
0
LINE
8
BLACK
6
CONTINUOUS
10
1.4761811023622047
20
0.8015748031496063
11
1.4769376771653544
21
0.818903031496063
0
LINE
8
BLACK
6
CONTINUOUS
10
1.4769376771653544
20
0.818903031496063
11
1.4792016141732283
21
0.8360993307086614
0
LINE
8
BLACK
6
CONTINUOUS
10
1.4792016141732283
20
0.8360993307086614
11
1.4829557086614173
21
0.8530329133858268
0
LINE
8
BLACK
6
CONTINUOUS
10
1.4829557086614173
20
0.8530329133858268
11
1.4881713385826771
21
0.8695748818897637
0
LINE
8
BLACK
6
CONTINUOUS
10
1.4881713385826771
20
0.8695748818897637
11
1.4948088976377953
21
0.8855992913385826
0
LINE
8
BLACK
6
CONTINUOUS
10
1.4948088976377953
20
0.8855992913385826
11
1.5028177952755906
21
0.900984251968504
0
LINE
8
BLACK
6
CONTINUOUS
10
1.5028177952755906
20
0.900984251968504
11
1.5121370866141732
21
0.9156126377952756
0
LINE
8
BLACK
6
CONTINUOUS
10
1.5121370866141732
20
0.9156126377952756
11
1.522695905511811
21
0.9293731102362205
0
LINE
8
BLACK
6
CONTINUOUS
10
1.522695905511811
20
0.9293731102362205
11
1.5344138188976377
21
0.9421609842519685
0
LINE
8
BLACK
6
CONTINUOUS
10
1.5344138188976377
20
0.9421609842519685
11
1.5472016929133858
21
0.9538788976377952
0
LINE
8
BLACK
6
CONTINUOUS
10
1.5472016929133858
20
0.9538788976377952
11
1.5609621653543306
21
0.9644377165354331
0
LINE
8
BLACK
6
CONTINUOUS
10
1.5609621653543306
20
0.9644377165354331
11
1.5755905511811024
21
0.9737570078740158
0
LINE
8
BLACK
6
CONTINUOUS
10
1.5755905511811024
20
0.9737570078740158
11
1.5909755118110236
21
0.981765905511811
0
LINE
8
BLACK
6
CONTINUOUS
10
1.5909755118110236
20
0.981765905511811
11
1.6069999212598425
21
0.9884034645669291
0
LINE
8
BLACK
6
CONTINUOUS
10
1.6069999212598425
20
0.9884034645669291
11
1.6235418897637794
21
0.993619094488189
0
LINE
8
BLACK
6
CONTINUOUS
10
1.6235418897637794
20
0.993619094488189
11
1.6404754724409449
21
0.9973731889763779
0
LINE
8
BLACK
6
CONTINUOUS
10
1.6404754724409449
20
0.9973731889763779
11
1.6576717716535432
21
0.9996371259842519
0
LINE
8
BLACK
6
CONTINUOUS
10
1.6576717716535432
20
0.9996371259842519
11
1.675
21
1.0003937007874015
0
LINE
8
BLACK
6
CONTINUOUS
10
1.675
20
1.0003937007874015
11
1.6923282283464567
21
0.9996371259842519
0
LINE
8
BLACK
6
CONTINUOUS
10
1.4807070078740157
20
0.7840881102362205
11
1.4830566929133857
21
0.7667422440944882
0
LINE
8
BLACK
6
CONTINUOUS
10
1.4830566929133857
20
0.7667422440944882
11
1.4869517716535432
21
0.7496767716535433
0
LINE
8
BLACK
6
CONTINUOUS
10
1.4869517716535432
20
0.7496767716535433
11
1.492360905511811
21
0.7330292125984251
0
LINE
8
BLACK
6
CONTINUOUS
10
1.492360905511811
20
0.7330292125984251
11
1.4992405118110237
21
0.7169335039370078
0
LINE
8
BLACK
6
CONTINUOUS
10
1.4992405118110237
20
0.7169335039370078
11
1.5075352755905511
21
0.7015192913385827
0
LINE
8
BLACK
6
CONTINUOUS
10
1.5075352755905511
20
0.7015192913385827
11
1.5171783464566928
21
0.6869106692913386
0
LINE
8
BLACK
6
CONTINUOUS
10
1.5171783464566928
20
0.6869106692913386
11
1.5280920866141732
21
0.6732252362204725
0
LINE
8
BLACK
6
CONTINUOUS
10
1.5280920866141732
20
0.6732252362204725
11
1.5401886614173228
21
0.660573188976378
0
LINE
8
BLACK
6
CONTINUOUS
10
1.5401886614173228
20
0.660573188976378
11
1.5533706692913385
21
0.6490564566929133
0
LINE
8
BLACK
6
CONTINUOUS
10
1.5533706692913385
20
0.6490564566929133
11
1.5675319685039371
21
0.6387676771653543
0
LINE
8
BLACK
6
CONTINUOUS
10
1.5675319685039371
20
0.6387676771653543
11
1.5825585039370078
21
0.6297897244094488
0
LINE
8
BLACK
6
CONTINUOUS
10
1.5825585039370078
20
0.6297897244094488
11
1.5983293307086615
21
0.6221948818897638
0
LINE
8
BLACK
6
CONTINUOUS
10
1.5983293307086615
20
0.6221948818897638
11
1.6147174803149607
21
0.6160442913385826
0
LINE
8
BLACK
6
CONTINUOUS
10
1.6147174803149607
20
0.6160442913385826
11
1.6315909842519685
21
0.6113875196850393
0
LINE
8
BLACK
6
CONTINUOUS
10
1.6315909842519685
20
0.6113875196850393
11
1.6488140157480315
21
0.6082620078740157
0
LINE
8
BLACK
6
CONTINUOUS
10
1.6488140157480315
20
0.6082620078740157
11
1.6662478346456693
21
0.6066929133858268
0
LINE
8
BLACK
6
CONTINUOUS
10
1.6662478346456693
20
0.6066929133858268
11
1.6837521653543306
21
0.6066929133858268
0
LINE
8
BLACK
6
CONTINUOUS
10
1.6837521653543306
20
0.6066929133858268
11
1.7011859842519685
21
0.6082620078740157
0
LINE
8
BLACK
6
CONTINUOUS
10
1.7011859842519685
20
0.6082620078740157
11
1.7184090157480314
21
0.6113875196850393
0
LINE
8
BLACK
6
CONTINUOUS
10
1.7184090157480314
20
0.6113875196850393
11
1.7352825196850394
21
0.6160442913385826
0
LINE
8
BLACK
6
CONTINUOUS
10
1.7352825196850394
20
0.6160442913385826
11
1.7516706692913386
21
0.6221948818897638
0
LINE
8
BLACK
6
CONTINUOUS
10
1.7516706692913386
20
0.6221948818897638
11
1.7674414960629921
21
0.6297897244094488
0
LINE
8
BLACK
6
CONTINUOUS
10
1.7674414960629921
20
0.6297897244094488
11
1.782468031496063
21
0.6387676771653543
0
LINE
8
BLACK
6
CONTINUOUS
10
1.782468031496063
20
0.6387676771653543
11
1.7966293307086614
21
0.6490564566929133
0
LINE
8
BLACK
6
CONTINUOUS
10
1.7966293307086614
20
0.6490564566929133
11
1.8098113385826771
21
0.660573188976378
0
LINE
8
BLACK
6
CONTINUOUS
10
1.8098113385826771
20
0.660573188976378
11
1.8219079133858267
21
0.6732252362204725
0
LINE
8
BLACK
6
CONTINUOUS
10
1.8219079133858267
20
0.6732252362204725
11
1.8328216535433071
21
0.6869106692913386
0
LINE
8
BLACK
6
CONTINUOUS
10
1.8328216535433071
20
0.6869106692913386
11
1.8424647244094488
21
0.7015192913385827
0
LINE
8
BLACK
6
CONTINUOUS
10
1.8424647244094488
20
0.7015192913385827
11
1.8507594881889764
21
0.7169335039370078
0
LINE
8
BLACK
6
CONTINUOUS
10
1.8507594881889764
20
0.7169335039370078
11
1.8576390944881889
21
0.7330292125984251
0
LINE
8
BLACK
6
CONTINUOUS
10
1.8576390944881889
20
0.7330292125984251
11
1.8630482283464567
21
0.7496767716535433
0
LINE
8
BLACK
6
CONTINUOUS
10
1.8630482283464567
20
0.7496767716535433
11
1.8669433070866142
21
0.7667422440944882
0
LINE
8
BLACK
6
CONTINUOUS
10
1.8669433070866142
20
0.7667422440944882
11
1.8692929921259842
21
0.7840881102362205
0
LINE
8
BLACK
6
CONTINUOUS
10
1.8692929921259842
20
0.7840881102362205
11
1.870078307086614
21
0.8015748031496063
0
LINE
8
BLACK
6
CONTINUOUS
10
1.870078307086614
20
0.8015748031496063
11
1.8692929921259842
21
0.8190614960629921
0
LINE
8
BLACK
6
CONTINUOUS
10
1.8692929921259842
20
0.8190614960629921
11
1.8669433070866142
21
0.8364073622047243
0
LINE
8
BLACK
6
CONTINUOUS
10
1.8669433070866142
20
0.8364073622047243
11
1.8630482283464567
21
0.8534728346456693
0
LINE
8
BLACK
6
CONTINUOUS
10
1.8630482283464567
20
0.8534728346456693
11
1.8576390944881889
21
0.8701203937007874
0
LINE
8
BLACK
6
CONTINUOUS
10
1.8576390944881889
20
0.8701203937007874
11
1.8507594881889764
21
0.8862161023622047
0
LINE
8
BLACK
6
CONTINUOUS
10
1.8507594881889764
20
0.8862161023622047
11
1.8424647244094488
21
0.90163031496063
0
LINE
8
BLACK
6
CONTINUOUS
10
1.8424647244094488
20
0.90163031496063
11
1.8328216535433071
21
0.916238937007874
0
LINE
8
BLACK
6
CONTINUOUS
10
1.8328216535433071
20
0.916238937007874
11
1.8219079133858267
21
0.9299243700787402
0
LINE
8
BLACK
6
CONTINUOUS
10
1.8219079133858267
20
0.9299243700787402
11
1.8098113385826771
21
0.9425764173228346
0
LINE
8
BLACK
6
CONTINUOUS
10
1.8098113385826771
20
0.9425764173228346
11
1.7966293307086614
21
0.9540931496062992
0
LINE
8
BLACK
6
CONTINUOUS
10
1.7966293307086614
20
0.9540931496062992
11
1.782468031496063
21
0.9643819291338582
0
LINE
8
BLACK
6
CONTINUOUS
10
1.782468031496063
20
0.9643819291338582
11
1.7674414960629921
21
0.9733598818897637
0
LINE
8
BLACK
6
CONTINUOUS
10
1.7674414960629921
20
0.9733598818897637
11
1.7516706692913386
21
0.9809547244094488
0
LINE
8
BLACK
6
CONTINUOUS
10
1.7516706692913386
20
0.9809547244094488
11
1.7352825196850394
21
0.9871053149606299
0
LINE
8
BLACK
6
CONTINUOUS
10
1.7352825196850394
20
0.9871053149606299
11
1.7184090157480314
21
0.9917620866141732
0
LINE
8
BLACK
6
CONTINUOUS
10
1.7184090157480314
20
0.9917620866141732
11
1.7011859842519685
21
0.9948875984251968
0
LINE
8
BLACK
6
CONTINUOUS
10
1.7011859842519685
20
0.9948875984251968
11
1.6837521653543306
21
0.9964566929133858
0
LINE
8
BLACK
6
CONTINUOUS
10
1.6837521653543306
20
0.9964566929133858
11
1.6662478346456693
21
0.9964566929133858
0
LINE
8
BLACK
6
CONTINUOUS
10
1.6662478346456693
20
0.9964566929133858
11
1.6488140157480315
21
0.9948875984251968
0
LINE
8
BLACK
6
CONTINUOUS
10
1.6488140157480315
20
0.9948875984251968
11
1.6315909842519685
21
0.9917620866141732
0
LINE
8
BLACK
6
CONTINUOUS
10
1.6315909842519685
20
0.9917620866141732
11
1.6147174803149607
21
0.9871053149606299
0
LINE
8
BLACK
6
CONTINUOUS
10
1.6147174803149607
20
0.9871053149606299
11
1.5983293307086615
21
0.9809547244094488
0
LINE
8
BLACK
6
CONTINUOUS
10
1.5983293307086615
20
0.9809547244094488
11
1.5825585039370078
21
0.9733598818897637
0
LINE
8
BLACK
6
CONTINUOUS
10
1.5825585039370078
20
0.9733598818897637
11
1.5675319685039371
21
0.9643819291338582
0
LINE
8
BLACK
6
CONTINUOUS
10
1.5675319685039371
20
0.9643819291338582
11
1.5533706692913385
21
0.9540931496062992
0
LINE
8
BLACK
6
CONTINUOUS
10
1.5533706692913385
20
0.9540931496062992
11
1.5401886614173228
21
0.9425764173228346
0
LINE
8
BLACK
6
CONTINUOUS
10
1.5401886614173228
20
0.9425764173228346
11
1.5280920866141732
21
0.9299243700787402
0
LINE
8
BLACK
6
CONTINUOUS
10
1.5280920866141732
20
0.9299243700787402
11
1.5171783464566928
21
0.916238937007874
0
LINE
8
BLACK
6
CONTINUOUS
10
1.5171783464566928
20
0.916238937007874
11
1.5075352755905511
21
0.90163031496063
0
LINE
8
BLACK
6
CONTINUOUS
10
1.5075352755905511
20
0.90163031496063
11
1.4992405118110237
21
0.8862161023622047
0
LINE
8
BLACK
6
CONTINUOUS
10
1.4992405118110237
20
0.8862161023622047
11
1.492360905511811
21
0.8701203937007874
0
LINE
8
BLACK
6
CONTINUOUS
10
1.492360905511811
20
0.8701203937007874
11
1.4869517716535432
21
0.8534728346456693
0
LINE
8
BLACK
6
CONTINUOUS
10
1.4869517716535432
20
0.8534728346456693
11
1.4830566929133857
21
0.8364073622047243
0
LINE
8
BLACK
6
CONTINUOUS
10
1.4830566929133857
20
0.8364073622047243
11
1.4807070078740157
21
0.8190614960629921
0
LINE
8
BLACK
6
CONTINUOUS
10
1.4807070078740157
20
0.8190614960629921
11
1.4799216929133858
21
0.8015748031496063
0
LINE
8
BLACK
6
CONTINUOUS
10
1.4799216929133858
20
0.8015748031496063
11
1.4807070078740157
21
0.7840881102362205
0
LINE
8
BLACK
6
CONTINUOUS
10
2.3249348031496062
20
0.8980822834645669
11
2.3326917322834646
21
0.8950772440944882
0
LINE
8
BLACK
6
CONTINUOUS
10
2.3326917322834646
20
0.8950772440944882
11
2.3397644488188978
21
0.890698031496063
0
LINE
8
BLACK
6
CONTINUOUS
10
2.3397644488188978
20
0.890698031496063
11
2.3459120078740159
21
0.8850937795275591
0
LINE
8
BLACK
6
CONTINUOUS
10
2.3459120078740159
20
0.8850937795275591
11
2.3509251574803147
21
0.8784553149606299
0
LINE
8
BLACK
6
CONTINUOUS
10
2.3509251574803147
20
0.8784553149606299
11
2.3546331102362204
21
0.8710087401574803
0
LINE
8
BLACK
6
CONTINUOUS
10
2.3546331102362204
20
0.8710087401574803
11
2.3569096062992125
21
0.8630075984251968
0
LINE
8
BLACK
6
CONTINUOUS
10
2.3569096062992125
20
0.8630075984251968
11
2.3576771653543305
21
0.8547244094488189
0
LINE
8
BLACK
6
CONTINUOUS
10
2.3576771653543305
20
0.8547244094488189
11
2.3569096062992125
21
0.846441220472441
0
LINE
8
BLACK
6
CONTINUOUS
10
2.3569096062992125
20
0.846441220472441
11
2.3546331102362204
21
0.8384400787401575
0
LINE
8
BLACK
6
CONTINUOUS
10
2.3546331102362204
20
0.8384400787401575
11
2.3509251574803147
21
0.8309935039370079
0
LINE
8
BLACK
6
CONTINUOUS
10
2.3509251574803147
20
0.8309935039370079
11
2.3459120078740159
21
0.8243550393700787
0
LINE
8
BLACK
6
CONTINUOUS
10
2.3459120078740159
20
0.8243550393700787
11
2.3397644488188978
21
0.8187507874015748
0
LINE
8
BLACK
6
CONTINUOUS
10
2.3397644488188978
20
0.8187507874015748
11
2.3326917322834646
21
0.8143715748031496
0
LINE
8
BLACK
6
CONTINUOUS
10
2.3326917322834646
20
0.8143715748031496
11
2.3249348031496062
21
0.8113665354330708
0
LINE
8
BLACK
6
CONTINUOUS
10
2.3249348031496062
20
0.8113665354330708
11
2.3167577559055119
21
0.8098379527559055
0
LINE
8
BLACK
6
CONTINUOUS
10
2.3167577559055119
20
0.8098379527559055
11
2.3084390944881887
21
0.8098379527559055
0
LINE
8
BLACK
6
CONTINUOUS
10
2.3084390944881887
20
0.8098379527559055
11
2.3002620472440944
21
0.8113665354330708
0
LINE
8
BLACK
6
CONTINUOUS
10
2.3002620472440944
20
0.8113665354330708
11
2.2925051181102361
21
0.8143715748031496
0
LINE
8
BLACK
6
CONTINUOUS
10
2.2925051181102361
20
0.8143715748031496
11
2.2854324015748033
21
0.8187507874015748
0
LINE
8
BLACK
6
CONTINUOUS
10
2.2854324015748033
20
0.8187507874015748
11
2.2792848425196848
21
0.8243550393700787
0
LINE
8
BLACK
6
CONTINUOUS
10
2.2792848425196848
20
0.8243550393700787
11
2.2742716929133859
21
0.8309935039370079
0
LINE
8
BLACK
6
CONTINUOUS
10
2.2742716929133859
20
0.8309935039370079
11
2.2705637401574803
21
0.8384400787401575
0
LINE
8
BLACK
6
CONTINUOUS
10
2.2705637401574803
20
0.8384400787401575
11
2.2682872440944881
21
0.846441220472441
0
LINE
8
BLACK
6
CONTINUOUS
10
2.2682872440944881
20
0.846441220472441
11
2.2675196850393702
21
0.8547244094488189
0
LINE
8
BLACK
6
CONTINUOUS
10
2.2675196850393702
20
0.8547244094488189
11
2.2682872440944881
21
0.8630075984251968
0
LINE
8
BLACK
6
CONTINUOUS
10
2.2682872440944881
20
0.8630075984251968
11
2.2705637401574803
21
0.8710087401574803
0
LINE
8
BLACK
6
CONTINUOUS
10
2.2705637401574803
20
0.8710087401574803
11
2.2742716929133859
21
0.8784553149606299
0
LINE
8
BLACK
6
CONTINUOUS
10
2.2742716929133859
20
0.8784553149606299
11
2.2792848425196848
21
0.8850937795275591
0
LINE
8
BLACK
6
CONTINUOUS
10
2.2792848425196848
20
0.8850937795275591
11
2.2854324015748033
21
0.890698031496063
0
LINE
8
BLACK
6
CONTINUOUS
10
2.2854324015748033
20
0.890698031496063
11
2.2925051181102361
21
0.8950772440944882
0
LINE
8
BLACK
6
CONTINUOUS
10
2.2925051181102361
20
0.8950772440944882
11
2.3002620472440944
21
0.8980822834645669
0
LINE
8
BLACK
6
CONTINUOUS
10
2.3002620472440944
20
0.8980822834645669
11
2.3084390944881887
21
0.8996108661417322
0
LINE
8
BLACK
6
CONTINUOUS
10
2.3084390944881887
20
0.8996108661417322
11
2.3167577559055119
21
0.8996108661417322
0
LINE
8
BLACK
6
CONTINUOUS
10
2.3167577559055119
20
0.8996108661417322
11
2.3249348031496062
21
0.8980822834645669
0
LINE
8
BLACK
6
CONTINUOUS
10
2.3145676377952755
20
0.8135775590551181
11
2.3206636220472441
21
0.8141779921259842
0
LINE
8
BLACK
6
CONTINUOUS
10
2.3206636220472441
20
0.8141779921259842
11
2.3284188582677166
21
0.8165305118110237
0
LINE
8
BLACK
6
CONTINUOUS
10
2.3284188582677166
20
0.8165305118110237
11
2.3355661417322833
21
0.8203507874015747
0
LINE
8
BLACK
6
CONTINUOUS
10
2.3355661417322833
20
0.8203507874015747
11
2.3418307874015749
21
0.8254920472440944
0
LINE
8
BLACK
6
CONTINUOUS
10
2.3418307874015749
20
0.8254920472440944
11
2.3469720472440945
21
0.8317566929133858
0
LINE
8
BLACK
6
CONTINUOUS
10
2.3469720472440945
20
0.8317566929133858
11
2.3507923228346455
21
0.8389039763779528
0
LINE
8
BLACK
6
CONTINUOUS
10
2.3507923228346455
20
0.8389039763779528
11
2.353144842519685
21
0.8466592125984251
0
LINE
8
BLACK
6
CONTINUOUS
10
2.353144842519685
20
0.8466592125984251
11
2.3539392125984251
21
0.8547244094488189
0
LINE
8
BLACK
6
CONTINUOUS
10
2.3539392125984251
20
0.8547244094488189
11
2.353144842519685
21
0.8627896062992125
0
LINE
8
BLACK
6
CONTINUOUS
10
2.353144842519685
20
0.8627896062992125
11
2.3507923228346455
21
0.870544842519685
0
LINE
8
BLACK
6
CONTINUOUS
10
2.3507923228346455
20
0.870544842519685
11
2.3469720472440945
21
0.8776921259842519
0
LINE
8
BLACK
6
CONTINUOUS
10
2.3469720472440945
20
0.8776921259842519
11
2.3418307874015749
21
0.8839567716535432
0
LINE
8
BLACK
6
CONTINUOUS
10
2.3418307874015749
20
0.8839567716535432
11
2.3355661417322833
21
0.8890980314960629
0
LINE
8
BLACK
6
CONTINUOUS
10
2.3355661417322833
20
0.8890980314960629
11
2.3284188582677166
21
0.8929183070866141
0
LINE
8
BLACK
6
CONTINUOUS
10
2.3284188582677166
20
0.8929183070866141
11
2.3206636220472441
21
0.8952708267716535
0
LINE
8
BLACK
6
CONTINUOUS
10
2.3206636220472441
20
0.8952708267716535
11
2.3146055905511811
21
0.8958674803149607
0
LINE
8
BLACK
6
CONTINUOUS
10
2.3146055905511811
20
0.8958674803149607
11
2.3145676377952755
21
0.8135775590551181
0
LINE
8
BLACK
6
CONTINUOUS
10
2.2720520078740156
20
0.8466592125984251
11
2.2744045275590552
21
0.8389039763779528
0
LINE
8
BLACK
6
CONTINUOUS
10
2.2744045275590552
20
0.8389039763779528
11
2.2782248031496062
21
0.8317566929133858
0
LINE
8
BLACK
6
CONTINUOUS
10
2.2782248031496062
20
0.8317566929133858
11
2.2833660629921257
21
0.8254920472440944
0
LINE
8
BLACK
6
CONTINUOUS
10
2.2833660629921257
20
0.8254920472440944
11
2.2896307086614174
21
0.8203507874015747
0
LINE
8
BLACK
6
CONTINUOUS
10
2.2896307086614174
20
0.8203507874015747
11
2.2967779921259841
21
0.8165305118110237
0
LINE
8
BLACK
6
CONTINUOUS
10
2.2967779921259841
20
0.8165305118110237
11
2.3045332283464566
21
0.8141779921259842
0
LINE
8
BLACK
6
CONTINUOUS
10
2.3045332283464566
20
0.8141779921259842
11
2.3106306299212598
21
0.8135774015748032
0
LINE
8
BLACK
6
CONTINUOUS
10
2.3106306299212598
20
0.8135774015748032
11
2.3106685826771654
21
0.8958751181102362
0
LINE
8
BLACK
6
CONTINUOUS
10
2.3106685826771654
20
0.8958751181102362
11
2.3045332283464566
21
0.8952708267716535
0
LINE
8
BLACK
6
CONTINUOUS
10
2.3045332283464566
20
0.8952708267716535
11
2.2967779921259841
21
0.8929183070866141
0
LINE
8
BLACK
6
CONTINUOUS
10
2.2967779921259841
20
0.8929183070866141
11
2.2896307086614174
21
0.8890980314960629
0
LINE
8
BLACK
6
CONTINUOUS
10
2.2896307086614174
20
0.8890980314960629
11
2.2833660629921257
21
0.8839567716535432
0
LINE
8
BLACK
6
CONTINUOUS
10
2.2833660629921257
20
0.8839567716535432
11
2.2782248031496062
21
0.8776921259842519
0
LINE
8
BLACK
6
CONTINUOUS
10
2.2782248031496062
20
0.8776921259842519
11
2.2744045275590552
21
0.870544842519685
0
LINE
8
BLACK
6
CONTINUOUS
10
2.2744045275590552
20
0.870544842519685
11
2.2720520078740156
21
0.8627896062992125
0
LINE
8
BLACK
6
CONTINUOUS
10
2.2720520078740156
20
0.8627896062992125
11
2.2712576377952756
21
0.8547244094488189
0
LINE
8
BLACK
6
CONTINUOUS
10
2.2712576377952756
20
0.8547244094488189
11
2.2720520078740156
21
0.8466592125984251
0
LINE
8
BLACK
6
CONTINUOUS
10
2.1913173622047242
20
0.9240416141732283
11
2.1914525984251969
21
0.9239281102362205
0
LINE
8
BLACK
6
CONTINUOUS
10
2.1914525984251969
20
0.9239281102362205
11
2.1916279527559053
21
0.9239079527559055
0
LINE
8
BLACK
6
CONTINUOUS
10
2.1916279527559053
20
0.9239079527559055
11
2.1953774803149604
21
0.922033188976378
0
LINE
8
BLACK
6
CONTINUOUS
10
2.1953774803149604
20
0.922033188976378
11
2.196086535433071
21
0.9215072440944881
0
LINE
8
BLACK
6
CONTINUOUS
10
2.196086535433071
20
0.9215072440944881
11
2.1961448818897638
21
0.9214800787401575
0
LINE
8
BLACK
6
CONTINUOUS
10
2.1961448818897638
20
0.9214800787401575
11
2.1980196456692913
21
0.9196053149606299
0
LINE
8
BLACK
6
CONTINUOUS
10
2.1980196456692913
20
0.9196053149606299
11
2.1985259055118109
21
0.9188822047244094
0
LINE
8
BLACK
6
CONTINUOUS
10
2.1985259055118109
20
0.9188822047244094
11
2.1985727559055119
21
0.9188379133858268
0
LINE
8
BLACK
6
CONTINUOUS
10
2.1985727559055119
20
0.9188379133858268
11
2.2004475196850395
21
0.9150883858267717
0
LINE
8
BLACK
6
CONTINUOUS
10
2.2004475196850395
20
0.9150883858267717
11
2.2007398818897639
21
0.9141054724409449
0
LINE
8
BLACK
6
CONTINUOUS
10
2.2007398818897639
20
0.9141054724409449
11
2.2006988582677165
21
0.9139337401574803
0
LINE
8
BLACK
6
CONTINUOUS
10
2.2006988582677165
20
0.9139337401574803
11
2.200759251968504
21
0.913767874015748
0
LINE
8
BLACK
6
CONTINUOUS
10
2.200759251968504
20
0.913767874015748
11
2.200759251968504
21
0.9100183464566929
0
LINE
8
BLACK
6
CONTINUOUS
10
2.200759251968504
20
0.9100183464566929
11
2.2006059448818895
21
0.909148937007874
0
LINE
8
BLACK
6
CONTINUOUS
10
2.2006059448818895
20
0.909148937007874
11
2.200607716535433
21
0.9090845669291339
0
LINE
8
BLACK
6
CONTINUOUS
10
2.200607716535433
20
0.9090845669291339
11
2.1987329527559054
21
0.90346031496063
0
LINE
8
BLACK
6
CONTINUOUS
10
2.1987329527559054
20
0.90346031496063
11
2.1982446456692912
21
0.9025585433070866
0
LINE
8
BLACK
6
CONTINUOUS
10
2.1982446456692912
20
0.9025585433070866
11
2.1980942519685041
21
0.9024661417322835
0
LINE
8
BLACK
6
CONTINUOUS
10
2.1980942519685041
20
0.9024661417322835
11
2.1980196456692913
21
0.9023061417322834
0
LINE
8
BLACK
6
CONTINUOUS
10
2.1980196456692913
20
0.9023061417322834
11
2.1805631496062992
21
0.8848496062992126
0
LINE
8
BLACK
6
CONTINUOUS
10
2.1805631496062992
20
0.8848496062992126
11
2.1978064960629919
21
0.8848496062992126
0
LINE
8
BLACK
6
CONTINUOUS
10
2.1978064960629919
20
0.8848496062992126
11
2.1988164173228344
21
0.8846715354330709
0
LINE
8
BLACK
6
CONTINUOUS
10
2.1988164173228344
20
0.8846715354330709
11
2.200363661417323
21
0.8833732283464567
0
LINE
8
BLACK
6
CONTINUOUS
10
2.200363661417323
20
0.8833732283464567
11
2.2007144094488189
21
0.881384094488189
0
LINE
8
BLACK
6
CONTINUOUS
10
2.2007144094488189
20
0.881384094488189
11
2.1997044881889765
21
0.8796349212598426
0
LINE
8
BLACK
6
CONTINUOUS
10
2.1997044881889765
20
0.8796349212598426
11
2.1978064960629919
21
0.878944094488189
0
LINE
8
BLACK
6
CONTINUOUS
10
2.1978064960629919
20
0.878944094488189
11
2.1734345669291337
21
0.878944094488189
0
LINE
8
BLACK
6
CONTINUOUS
10
2.1734345669291337
20
0.878944094488189
11
2.1727998031496063
21
0.8790559842519685
0
LINE
8
BLACK
6
CONTINUOUS
10
2.1727998031496063
20
0.8790559842519685
11
2.1726703543307084
21
0.8790446850393701
0
LINE
8
BLACK
6
CONTINUOUS
10
2.1726703543307084
20
0.8790446850393701
11
2.1726051181102362
21
0.8790903149606299
0
LINE
8
BLACK
6
CONTINUOUS
10
2.1726051181102362
20
0.8790903149606299
11
2.1724246456692913
21
0.8791221653543307
0
LINE
8
BLACK
6
CONTINUOUS
10
2.1724246456692913
20
0.8791221653543307
11
2.1717437795275591
21
0.8796934251968503
0
LINE
8
BLACK
6
CONTINUOUS
10
2.1717437795275591
20
0.8796934251968503
11
2.1710157874015747
21
0.8802032283464567
0
LINE
8
BLACK
6
CONTINUOUS
10
2.1710157874015747
20
0.8802032283464567
11
2.1709808267716535
21
0.8803336614173228
0
LINE
8
BLACK
6
CONTINUOUS
10
2.1709808267716535
20
0.8803336614173228
11
2.1708774015748031
21
0.8804204724409449
0
LINE
8
BLACK
6
CONTINUOUS
10
2.1708774015748031
20
0.8804204724409449
11
2.1707230314960628
21
0.8812957874015748
0
LINE
8
BLACK
6
CONTINUOUS
10
2.1707230314960628
20
0.8812957874015748
11
2.1704930708661418
21
0.8821541732283464
0
LINE
8
BLACK
6
CONTINUOUS
10
2.1704930708661418
20
0.8821541732283464
11
2.1705501181102362
21
0.8822764960629921
0
LINE
8
BLACK
6
CONTINUOUS
10
2.1705501181102362
20
0.8822764960629921
11
2.1705266535433072
21
0.8824096062992126
0
LINE
8
BLACK
6
CONTINUOUS
10
2.1705266535433072
20
0.8824096062992126
11
2.1709711417322834
21
0.8831794881889764
0
LINE
8
BLACK
6
CONTINUOUS
10
2.1709711417322834
20
0.8831794881889764
11
2.1713466535433072
21
0.8839847637795275
0
LINE
8
BLACK
6
CONTINUOUS
10
2.1713466535433072
20
0.8839847637795275
11
2.193350905511811
21
0.9059890551181102
0
LINE
8
BLACK
6
CONTINUOUS
10
2.193350905511811
20
0.9059890551181102
11
2.1948537401574804
21
0.9104974803149606
0
LINE
8
BLACK
6
CONTINUOUS
10
2.1948537401574804
20
0.9104974803149606
11
2.1948537401574804
21
0.9130708267716535
0
LINE
8
BLACK
6
CONTINUOUS
10
2.1948537401574804
20
0.9130708267716535
11
2.193505
21
0.9157683070866142
0
LINE
8
BLACK
6
CONTINUOUS
10
2.193505
20
0.9157683070866142
11
2.1923078740157478
21
0.9169654330708661
0
LINE
8
BLACK
6
CONTINUOUS
10
2.1923078740157478
20
0.9169654330708661
11
2.1896103937007871
21
0.9183141732283464
0
LINE
8
BLACK
6
CONTINUOUS
10
2.1896103937007871
20
0.9183141732283464
11
2.1816306692913385
21
0.9183141732283464
0
LINE
8
BLACK
6
CONTINUOUS
10
2.1816306692913385
20
0.9183141732283464
11
2.1789331889763779
21
0.9169654330708661
0
LINE
8
BLACK
6
CONTINUOUS
10
2.1789331889763779
20
0.9169654330708661
11
2.1773972440944882
21
0.9154294881889764
0
LINE
8
BLACK
6
CONTINUOUS
10
2.1773972440944882
20
0.9154294881889764
11
2.1765572047244093
21
0.9148412992125984
0
LINE
8
BLACK
6
CONTINUOUS
10
2.1765572047244093
20
0.9148412992125984
11
2.174545118110236
21
0.9146652362204725
0
LINE
8
BLACK
6
CONTINUOUS
10
2.174545118110236
20
0.9146652362204725
11
2.1728905511811023
21
0.915823779527559
0
LINE
8
BLACK
6
CONTINUOUS
10
2.1728905511811023
20
0.915823779527559
11
2.1723678346456694
21
0.9177747244094488
0
LINE
8
BLACK
6
CONTINUOUS
10
2.1723678346456694
20
0.9177747244094488
11
2.1732214173228348
21
0.9196053149606299
0
LINE
8
BLACK
6
CONTINUOUS
10
2.1732214173228348
20
0.9196053149606299
11
2.1750961811023624
21
0.9214800787401575
0
LINE
8
BLACK
6
CONTINUOUS
10
2.1750961811023624
20
0.9214800787401575
11
2.175819251968504
21
0.9219863385826771
0
LINE
8
BLACK
6
CONTINUOUS
10
2.175819251968504
20
0.9219863385826771
11
2.1758635826771653
21
0.922033188976378
0
LINE
8
BLACK
6
CONTINUOUS
10
2.1758635826771653
20
0.922033188976378
11
2.1796131102362204
21
0.9239079527559055
0
LINE
8
BLACK
6
CONTINUOUS
10
2.1796131102362204
20
0.9239079527559055
11
2.1805960236220474
21
0.9242003149606299
0
LINE
8
BLACK
6
CONTINUOUS
10
2.1805960236220474
20
0.9242003149606299
11
2.1807677165354331
21
0.9241592913385827
0
LINE
8
BLACK
6
CONTINUOUS
10
2.1807677165354331
20
0.9241592913385827
11
2.1809336220472439
21
0.92421968503937
0
LINE
8
BLACK
6
CONTINUOUS
10
2.1809336220472439
20
0.92421968503937
11
2.1903074409448817
21
0.92421968503937
0
LINE
8
BLACK
6
CONTINUOUS
10
2.1903074409448817
20
0.92421968503937
11
2.1913173622047242
21
0.9240416141732283
0
LINE
8
BLACK
6
CONTINUOUS
10
2.1393596850393699
20
0.9237827952755905
11
2.1406152362204725
21
0.9222006692913386
0
LINE
8
BLACK
6
CONTINUOUS
10
2.1406152362204725
20
0.9222006692913386
11
2.1509373622047243
21
0.8912342519685039
0
LINE
8
BLACK
6
CONTINUOUS
10
2.1509373622047243
20
0.8912342519685039
11
2.1612594881889762
21
0.9222006692913386
0
LINE
8
BLACK
6
CONTINUOUS
10
2.1612594881889762
20
0.9222006692913386
11
2.1617477559055116
21
0.9231024409448819
0
LINE
8
BLACK
6
CONTINUOUS
10
2.1617477559055116
20
0.9231024409448819
11
2.1634687401574801
21
0.9241597244094488
0
LINE
8
BLACK
6
CONTINUOUS
10
2.1634687401574801
20
0.9241597244094488
11
2.1654666929133857
21
0.9238634645669291
0
LINE
8
BLACK
6
CONTINUOUS
10
2.1654666929133857
20
0.9238634645669291
11
2.1668067716535431
21
0.9223522047244094
0
LINE
8
BLACK
6
CONTINUOUS
10
2.1668067716535431
20
0.9223522047244094
11
2.1668619291338582
21
0.9203331889763779
0
LINE
8
BLACK
6
CONTINUOUS
10
2.1668619291338582
20
0.9203331889763779
11
2.1537385826771653
21
0.8809631102362204
0
LINE
8
BLACK
6
CONTINUOUS
10
2.1537385826771653
20
0.8809631102362204
11
2.1532502755905512
21
0.8800613385826771
0
LINE
8
BLACK
6
CONTINUOUS
10
2.1532502755905512
20
0.8800613385826771
11
2.1531778346456694
21
0.8800168110236221
0
LINE
8
BLACK
6
CONTINUOUS
10
2.1531778346456694
20
0.8800168110236221
11
2.1531466141732283
21
0.8799377952755906
0
LINE
8
BLACK
6
CONTINUOUS
10
2.1531466141732283
20
0.8799377952755906
11
2.1523251181102361
21
0.8794929527559054
0
LINE
8
BLACK
6
CONTINUOUS
10
2.1523251181102361
20
0.8794929527559054
11
2.1515293307086614
21
0.8790040551181102
0
LINE
8
BLACK
6
CONTINUOUS
10
2.1515293307086614
20
0.8790040551181102
11
2.1514452362204723
21
0.8790164960629921
0
LINE
8
BLACK
6
CONTINUOUS
10
2.1514452362204723
20
0.8790164960629921
11
2.151370472440945
21
0.8789760236220472
0
LINE
8
BLACK
6
CONTINUOUS
10
2.151370472440945
20
0.8789760236220472
11
2.1504553543307088
21
0.8791632677165354
0
LINE
8
BLACK
6
CONTINUOUS
10
2.1504553543307088
20
0.8791632677165354
11
2.1495313385826771
21
0.8793003149606299
0
LINE
8
BLACK
6
CONTINUOUS
10
2.1495313385826771
20
0.8793003149606299
11
2.1494748818897635
21
0.879363937007874
0
LINE
8
BLACK
6
CONTINUOUS
10
2.1494748818897635
20
0.879363937007874
11
2.1493916929133858
21
0.8793809842519685
0
LINE
8
BLACK
6
CONTINUOUS
10
2.1493916929133858
20
0.8793809842519685
11
2.1488113385826773
21
0.8801122440944882
0
LINE
8
BLACK
6
CONTINUOUS
10
2.1488113385826773
20
0.8801122440944882
11
2.1481912992125984
21
0.8808115354330709
0
LINE
8
BLACK
6
CONTINUOUS
10
2.1481912992125984
20
0.8808115354330709
11
2.1481889763779529
21
0.8808964960629921
0
LINE
8
BLACK
6
CONTINUOUS
10
2.1481889763779529
20
0.8808964960629921
11
2.1481361417322833
21
0.8809631102362204
0
LINE
8
BLACK
6
CONTINUOUS
10
2.1481361417322833
20
0.8809631102362204
11
2.1350127952755904
21
0.9203331889763779
0
LINE
8
BLACK
6
CONTINUOUS
10
2.1350127952755904
20
0.9203331889763779
11
2.1348623622047245
21
0.9213475984251969
0
LINE
8
BLACK
6
CONTINUOUS
10
2.1348623622047245
20
0.9213475984251969
11
2.1356047637795275
21
0.9232259842519684
0
LINE
8
BLACK
6
CONTINUOUS
10
2.1356047637795275
20
0.9232259842519684
11
2.1373809055118111
21
0.9241877559055118
0
LINE
8
BLACK
6
CONTINUOUS
10
2.1373809055118111
20
0.9241877559055118
11
2.1393596850393699
21
0.9237827952755905
0
LINE
8
BLACK
6
CONTINUOUS
10
2.1200762598425196
20
0.9240416141732283
11
2.1202114960629919
21
0.9239281102362205
0
LINE
8
BLACK
6
CONTINUOUS
10
2.1202114960629919
20
0.9239281102362205
11
2.1203868503937007
21
0.9239079527559055
0
LINE
8
BLACK
6
CONTINUOUS
10
2.1203868503937007
20
0.9239079527559055
11
2.1241363779527558
21
0.922033188976378
0
LINE
8
BLACK
6
CONTINUOUS
10
2.1241363779527558
20
0.922033188976378
11
2.1248454330708659
21
0.9215072440944881
0
LINE
8
BLACK
6
CONTINUOUS
10
2.1248454330708659
20
0.9215072440944881
11
2.1249037795275592
21
0.9214800787401575
0
LINE
8
BLACK
6
CONTINUOUS
10
2.1249037795275592
20
0.9214800787401575
11
2.1267785433070867
21
0.9196053149606299
0
LINE
8
BLACK
6
CONTINUOUS
10
2.1267785433070867
20
0.9196053149606299
11
2.1272848031496063
21
0.9188822047244094
0
LINE
8
BLACK
6
CONTINUOUS
10
2.1272848031496063
20
0.9188822047244094
11
2.1273316535433069
21
0.9188379133858268
0
LINE
8
BLACK
6
CONTINUOUS
10
2.1273316535433069
20
0.9188379133858268
11
2.1292064173228344
21
0.9150883858267717
0
LINE
8
BLACK
6
CONTINUOUS
10
2.1292064173228344
20
0.9150883858267717
11
2.1294987795275588
21
0.9141054724409449
0
LINE
8
BLACK
6
CONTINUOUS
10
2.1294987795275588
20
0.9141054724409449
11
2.1294577559055119
21
0.9139337401574803
0
LINE
8
BLACK
6
CONTINUOUS
10
2.1294577559055119
20
0.9139337401574803
11
2.1295181496062994
21
0.913767874015748
0
LINE
8
BLACK
6
CONTINUOUS
10
2.1295181496062994
20
0.913767874015748
11
2.1295181496062994
21
0.9081435826771653
0
LINE
8
BLACK
6
CONTINUOUS
10
2.1295181496062994
20
0.9081435826771653
11
2.1293400787401575
21
0.9071336614173228
0
LINE
8
BLACK
6
CONTINUOUS
10
2.1293400787401575
20
0.9071336614173228
11
2.1292265748031496
21
0.9069983858267716
0
LINE
8
BLACK
6
CONTINUOUS
10
2.1292265748031496
20
0.9069983858267716
11
2.1292064173228344
21
0.9068230708661417
0
LINE
8
BLACK
6
CONTINUOUS
10
2.1292064173228344
20
0.9068230708661417
11
2.1273316535433069
21
0.9030735433070866
0
LINE
8
BLACK
6
CONTINUOUS
10
2.1273316535433069
20
0.9030735433070866
11
2.1268057480314959
21
0.9023644488188977
0
LINE
8
BLACK
6
CONTINUOUS
10
2.1268057480314959
20
0.9023644488188977
11
2.1267785433070867
21
0.9023061417322834
0
LINE
8
BLACK
6
CONTINUOUS
10
2.1267785433070867
20
0.9023061417322834
11
2.1249037795275592
21
0.9004313779527559
0
LINE
8
BLACK
6
CONTINUOUS
10
2.1249037795275592
20
0.9004313779527559
11
2.1241806692913388
21
0.8999250787401575
0
LINE
8
BLACK
6
CONTINUOUS
10
2.1241806692913388
20
0.8999250787401575
11
2.1241363779527558
21
0.8998782677165355
0
LINE
8
BLACK
6
CONTINUOUS
10
2.1241363779527558
20
0.8998782677165355
11
2.1203868503937007
21
0.8980035039370079
0
LINE
8
BLACK
6
CONTINUOUS
10
2.1203868503937007
20
0.8980035039370079
11
2.1194038976377954
21
0.8977111417322834
0
LINE
8
BLACK
6
CONTINUOUS
10
2.1194038976377954
20
0.8977111417322834
11
2.1192322047244092
21
0.8977521259842519
0
LINE
8
BLACK
6
CONTINUOUS
10
2.1192322047244092
20
0.8977521259842519
11
2.1191037007874014
21
0.8977053543307086
0
LINE
8
BLACK
6
CONTINUOUS
10
2.1191037007874014
20
0.8977053543307086
11
2.1289844094488188
21
0.8835901181102362
0
LINE
8
BLACK
6
CONTINUOUS
10
2.1289844094488188
20
0.8835901181102362
11
2.1294176771653541
21
0.8826606692913386
0
LINE
8
BLACK
6
CONTINUOUS
10
2.1294176771653541
20
0.8826606692913386
11
2.1292413385826769
21
0.8806485826771653
0
LINE
8
BLACK
6
CONTINUOUS
10
2.1292413385826769
20
0.8806485826771653
11
2.1278129133858266
21
0.8792205511811023
0
LINE
8
BLACK
6
CONTINUOUS
10
2.1278129133858266
20
0.8792205511811023
11
2.125800787401575
21
0.8790448031496063
0
LINE
8
BLACK
6
CONTINUOUS
10
2.125800787401575
20
0.8790448031496063
11
2.1241464173228346
21
0.8802035433070866
0
LINE
8
BLACK
6
CONTINUOUS
10
2.1241464173228346
20
0.8802035433070866
11
2.1119046850393701
21
0.8976917716535433
0
LINE
8
BLACK
6
CONTINUOUS
10
2.1119046850393701
20
0.8976917716535433
11
2.1070209842519683
21
0.8976917716535433
0
LINE
8
BLACK
6
CONTINUOUS
10
2.1070209842519683
20
0.8976917716535433
11
2.1070209842519683
21
0.8818968503937008
0
LINE
8
BLACK
6
CONTINUOUS
10
2.1070209842519683
20
0.8818968503937008
11
2.1068429133858269
21
0.8808869291338582
0
LINE
8
BLACK
6
CONTINUOUS
10
2.1068429133858269
20
0.8808869291338582
11
2.1055446062992127
21
0.8793396850393701
0
LINE
8
BLACK
6
CONTINUOUS
10
2.1055446062992127
20
0.8793396850393701
11
2.1035554724409447
21
0.8789889370078739
0
LINE
8
BLACK
6
CONTINUOUS
10
2.1035554724409447
20
0.8789889370078739
11
2.1018062992125985
21
0.8799988582677165
0
LINE
8
BLACK
6
CONTINUOUS
10
2.1018062992125985
20
0.8799988582677165
11
2.1011154724409447
21
0.8818968503937008
0
LINE
8
BLACK
6
CONTINUOUS
10
2.1011154724409447
20
0.8818968503937008
11
2.1011154724409447
21
0.9212669291338582
0
LINE
8
BLACK
6
CONTINUOUS
10
2.1011154724409447
20
0.9212669291338582
11
2.1011830708661416
21
0.9216504330708661
0
LINE
8
BLACK
6
CONTINUOUS
10
2.1011830708661416
20
0.9216504330708661
11
2.1011603149606297
21
0.92177968503937
0
LINE
8
BLACK
6
CONTINUOUS
10
2.1011603149606297
20
0.92177968503937
11
2.1012259055118108
21
0.9218932677165355
0
LINE
8
BLACK
6
CONTINUOUS
10
2.1012259055118108
20
0.9218932677165355
11
2.1012935433070865
21
0.9222768503937008
0
LINE
8
BLACK
6
CONTINUOUS
10
2.1012935433070865
20
0.9222768503937008
11
2.1017866535433072
21
0.9228645275590551
0
LINE
8
BLACK
6
CONTINUOUS
10
2.1017866535433072
20
0.9228645275590551
11
2.1021702362204726
21
0.9235288582677165
0
LINE
8
BLACK
6
CONTINUOUS
10
2.1021702362204726
20
0.9235288582677165
11
2.1024205511811025
21
0.9236199606299212
0
LINE
8
BLACK
6
CONTINUOUS
10
2.1024205511811025
20
0.9236199606299212
11
2.1025918503937007
21
0.9238240944881889
0
LINE
8
BLACK
6
CONTINUOUS
10
2.1025918503937007
20
0.9238240944881889
11
2.103347401574803
21
0.9239573228346456
0
LINE
8
BLACK
6
CONTINUOUS
10
2.103347401574803
20
0.9239573228346456
11
2.1040682283464567
21
0.92421968503937
0
LINE
8
BLACK
6
CONTINUOUS
10
2.1040682283464567
20
0.92421968503937
11
2.1190663385826771
21
0.92421968503937
0
LINE
8
BLACK
6
CONTINUOUS
10
2.1190663385826771
20
0.92421968503937
11
2.1200762598425196
21
0.9240416141732283
0
LINE
8
BLACK
6
CONTINUOUS
10
2.1070209842519683
20
0.9035972834645669
11
2.1183692913385825
21
0.9035972834645669
0
LINE
8
BLACK
6
CONTINUOUS
10
2.1183692913385825
20
0.9035972834645669
11
2.1210667716535432
21
0.9049460236220472
0
LINE
8
BLACK
6
CONTINUOUS
10
2.1210667716535432
20
0.9049460236220472
11
2.1222638976377954
21
0.9061431496062992
0
LINE
8
BLACK
6
CONTINUOUS
10
2.1222638976377954
20
0.9061431496062992
11
2.1236126377952758
21
0.9088406299212598
0
LINE
8
BLACK
6
CONTINUOUS
10
2.1236126377952758
20
0.9088406299212598
11
2.1236126377952758
21
0.9130708267716535
0
LINE
8
BLACK
6
CONTINUOUS
10
2.1236126377952758
20
0.9130708267716535
11
2.1222638976377954
21
0.9157683070866142
0
LINE
8
BLACK
6
CONTINUOUS
10
2.1222638976377954
20
0.9157683070866142
11
2.1210667716535432
21
0.9169654330708661
0
LINE
8
BLACK
6
CONTINUOUS
10
2.1210667716535432
20
0.9169654330708661
11
2.1183692913385825
21
0.9183141732283464
0
LINE
8
BLACK
6
CONTINUOUS
10
2.1183692913385825
20
0.9183141732283464
11
2.1070209842519683
21
0.9183141732283464
0
LINE
8
BLACK
6
CONTINUOUS
10
2.1070209842519683
20
0.9183141732283464
11
2.1070209842519683
21
0.9035972834645669
0
LINE
8
BLACK
6
CONTINUOUS
10
2.3625984251968504
20
0.9968503937007874
11
2.3639903543307086
21
0.9962738188976378
0
LINE
8
BLACK
6
CONTINUOUS
10
2.3639903543307086
20
0.9962738188976378
11
2.3645669291338582
21
0.9948818897637796
0
LINE
8
BLACK
6
CONTINUOUS
10
2.3645669291338582
20
0.9948818897637796
11
2.3645669291338582
21
0.8047244094488188
0
LINE
8
BLACK
6
CONTINUOUS
10
2.3645669291338582
20
0.8047244094488188
11
2.3639903543307086
21
0.8033324803149606
0
LINE
8
BLACK
6
CONTINUOUS
10
2.3639903543307086
20
0.8033324803149606
11
2.3625984251968504
21
0.802755905511811
0
LINE
8
BLACK
6
CONTINUOUS
10
2.3625984251968504
20
0.802755905511811
11
1.9874015748031495
21
0.802755905511811
0
LINE
8
BLACK
6
CONTINUOUS
10
1.9874015748031495
20
0.802755905511811
11
1.9860096456692913
21
0.8033324803149606
0
LINE
8
BLACK
6
CONTINUOUS
10
1.9860096456692913
20
0.8033324803149606
11
1.9854330708661416
21
0.8047244094488188
0
LINE
8
BLACK
6
CONTINUOUS
10
1.9854330708661416
20
0.8047244094488188
11
1.9854330708661416
21
0.9948818897637796
0
LINE
8
BLACK
6
CONTINUOUS
10
1.9854330708661416
20
0.9948818897637796
11
1.9860096456692913
21
0.9962738188976378
0
LINE
8
BLACK
6
CONTINUOUS
10
1.9860096456692913
20
0.9962738188976378
11
1.9874015748031495
21
0.9968503937007874
0
LINE
8
BLACK
6
CONTINUOUS
10
1.9874015748031495
20
0.9968503937007874
11
2.3625984251968504
21
0.9968503937007874
0
LINE
8
BLACK
6
CONTINUOUS
10
1.9893700787401574
20
0.9929133858267716
11
1.9893700787401574
21
0.8066929133858267
0
LINE
8
BLACK
6
CONTINUOUS
10
1.9893700787401574
20
0.8066929133858267
11
2.3606299212598425
21
0.8066929133858267
0
LINE
8
BLACK
6
CONTINUOUS
10
2.3606299212598425
20
0.8066929133858267
11
2.3606299212598425
21
0.9929133858267716
0
LINE
8
BLACK
6
CONTINUOUS
10
2.3606299212598425
20
0.9929133858267716
11
1.9893700787401574
21
0.9929133858267716
0
LINE
8
BLACK
6
CONTINUOUS
10
2.3249348031496062
20
1.1230822834645668
11
2.3326917322834646
21
1.1200772440944882
0
LINE
8
BLACK
6
CONTINUOUS
10
2.3326917322834646
20
1.1200772440944882
11
2.3397644488188978
21
1.1156980314960629
0
LINE
8
BLACK
6
CONTINUOUS
10
2.3397644488188978
20
1.1156980314960629
11
2.3459120078740159
21
1.1100937795275589
0
LINE
8
BLACK
6
CONTINUOUS
10
2.3459120078740159
20
1.1100937795275589
11
2.3509251574803147
21
1.1034553149606299
0
LINE
8
BLACK
6
CONTINUOUS
10
2.3509251574803147
20
1.1034553149606299
11
2.3546331102362204
21
1.0960087401574803
0
LINE
8
BLACK
6
CONTINUOUS
10
2.3546331102362204
20
1.0960087401574803
11
2.3569096062992125
21
1.0880075984251969
0
LINE
8
BLACK
6
CONTINUOUS
10
2.3569096062992125
20
1.0880075984251969
11
2.3576771653543305
21
1.079724409448819
0
LINE
8
BLACK
6
CONTINUOUS
10
2.3576771653543305
20
1.079724409448819
11
2.3569096062992125
21
1.0714412204724408
0
LINE
8
BLACK
6
CONTINUOUS
10
2.3569096062992125
20
1.0714412204724408
11
2.3546331102362204
21
1.0634400787401574
0
LINE
8
BLACK
6
CONTINUOUS
10
2.3546331102362204
20
1.0634400787401574
11
2.3509251574803147
21
1.0559935039370079
0
LINE
8
BLACK
6
CONTINUOUS
10
2.3509251574803147
20
1.0559935039370079
11
2.3459120078740159
21
1.0493550393700788
0
LINE
8
BLACK
6
CONTINUOUS
10
2.3459120078740159
20
1.0493550393700788
11
2.3397644488188978
21
1.0437507874015748
0
LINE
8
BLACK
6
CONTINUOUS
10
2.3397644488188978
20
1.0437507874015748
11
2.3326917322834646
21
1.0393715748031496
0
LINE
8
BLACK
6
CONTINUOUS
10
2.3326917322834646
20
1.0393715748031496
11
2.3249348031496062
21
1.0363665354330709
0
LINE
8
BLACK
6
CONTINUOUS
10
2.3249348031496062
20
1.0363665354330709
11
2.3167577559055119
21
1.0348379527559055
0
LINE
8
BLACK
6
CONTINUOUS
10
2.3167577559055119
20
1.0348379527559055
11
2.3084390944881887
21
1.0348379527559055
0
LINE
8
BLACK
6
CONTINUOUS
10
2.3084390944881887
20
1.0348379527559055
11
2.3002620472440944
21
1.0363665354330709
0
LINE
8
BLACK
6
CONTINUOUS
10
2.3002620472440944
20
1.0363665354330709
11
2.2925051181102361
21
1.0393715748031496
0
LINE
8
BLACK
6
CONTINUOUS
10
2.2925051181102361
20
1.0393715748031496
11
2.2854324015748033
21
1.0437507874015748
0
LINE
8
BLACK
6
CONTINUOUS
10
2.2854324015748033
20
1.0437507874015748
11
2.2792848425196848
21
1.0493550393700788
0
LINE
8
BLACK
6
CONTINUOUS
10
2.2792848425196848
20
1.0493550393700788
11
2.2742716929133859
21
1.0559935039370079
0
LINE
8
BLACK
6
CONTINUOUS
10
2.2742716929133859
20
1.0559935039370079
11
2.2705637401574803
21
1.0634400787401574
0
LINE
8
BLACK
6
CONTINUOUS
10
2.2705637401574803
20
1.0634400787401574
11
2.2682872440944881
21
1.0714412204724408
0
LINE
8
BLACK
6
CONTINUOUS
10
2.2682872440944881
20
1.0714412204724408
11
2.2675196850393702
21
1.079724409448819
0
LINE
8
BLACK
6
CONTINUOUS
10
2.2675196850393702
20
1.079724409448819
11
2.2682872440944881
21
1.0880075984251969
0
LINE
8
BLACK
6
CONTINUOUS
10
2.2682872440944881
20
1.0880075984251969
11
2.2705637401574803
21
1.0960087401574803
0
LINE
8
BLACK
6
CONTINUOUS
10
2.2705637401574803
20
1.0960087401574803
11
2.2742716929133859
21
1.1034553149606299
0
LINE
8
BLACK
6
CONTINUOUS
10
2.2742716929133859
20
1.1034553149606299
11
2.2792848425196848
21
1.1100937795275589
0
LINE
8
BLACK
6
CONTINUOUS
10
2.2792848425196848
20
1.1100937795275589
11
2.2854324015748033
21
1.1156980314960629
0
LINE
8
BLACK
6
CONTINUOUS
10
2.2854324015748033
20
1.1156980314960629
11
2.2925051181102361
21
1.1200772440944882
0
LINE
8
BLACK
6
CONTINUOUS
10
2.2925051181102361
20
1.1200772440944882
11
2.3002620472440944
21
1.1230822834645668
0
LINE
8
BLACK
6
CONTINUOUS
10
2.3002620472440944
20
1.1230822834645668
11
2.3084390944881887
21
1.1246108661417322
0
LINE
8
BLACK
6
CONTINUOUS
10
2.3084390944881887
20
1.1246108661417322
11
2.3167577559055119
21
1.1246108661417322
0
LINE
8
BLACK
6
CONTINUOUS
10
2.3167577559055119
20
1.1246108661417322
11
2.3249348031496062
21
1.1230822834645668
0
LINE
8
BLACK
6
CONTINUOUS
10
2.3145676377952755
20
1.0385775590551181
11
2.3206636220472441
21
1.0391779921259843
0
LINE
8
BLACK
6
CONTINUOUS
10
2.3206636220472441
20
1.0391779921259843
11
2.3284188582677166
21
1.0415305118110236
0
LINE
8
BLACK
6
CONTINUOUS
10
2.3284188582677166
20
1.0415305118110236
11
2.3355661417322833
21
1.0453507874015748
0
LINE
8
BLACK
6
CONTINUOUS
10
2.3355661417322833
20
1.0453507874015748
11
2.3418307874015749
21
1.0504920472440944
0
LINE
8
BLACK
6
CONTINUOUS
10
2.3418307874015749
20
1.0504920472440944
11
2.3469720472440945
21
1.0567566929133858
0
LINE
8
BLACK
6
CONTINUOUS
10
2.3469720472440945
20
1.0567566929133858
11
2.3507923228346455
21
1.0639039763779528
0
LINE
8
BLACK
6
CONTINUOUS
10
2.3507923228346455
20
1.0639039763779528
11
2.353144842519685
21
1.0716592125984252
0
LINE
8
BLACK
6
CONTINUOUS
10
2.353144842519685
20
1.0716592125984252
11
2.3539392125984251
21
1.079724409448819
0
LINE
8
BLACK
6
CONTINUOUS
10
2.3539392125984251
20
1.079724409448819
11
2.353144842519685
21
1.0877896062992125
0
LINE
8
BLACK
6
CONTINUOUS
10
2.353144842519685
20
1.0877896062992125
11
2.3507923228346455
21
1.095544842519685
0
LINE
8
BLACK
6
CONTINUOUS
10
2.3507923228346455
20
1.095544842519685
11
2.3469720472440945
21
1.1026921259842519
0
LINE
8
BLACK
6
CONTINUOUS
10
2.3469720472440945
20
1.1026921259842519
11
2.3418307874015749
21
1.1089567716535433
0
LINE
8
BLACK
6
CONTINUOUS
10
2.3418307874015749
20
1.1089567716535433
11
2.3355661417322833
21
1.1140980314960629
0
LINE
8
BLACK
6
CONTINUOUS
10
2.3355661417322833
20
1.1140980314960629
11
2.3284188582677166
21
1.1179183070866141
0
LINE
8
BLACK
6
CONTINUOUS
10
2.3284188582677166
20
1.1179183070866141
11
2.3206636220472441
21
1.1202708267716535
0
LINE
8
BLACK
6
CONTINUOUS
10
2.3206636220472441
20
1.1202708267716535
11
2.3146055905511811
21
1.1208674803149605
0
LINE
8
BLACK
6
CONTINUOUS
10
2.3146055905511811
20
1.1208674803149605
11
2.3145676377952755
21
1.0385775590551181
0
LINE
8
BLACK
6
CONTINUOUS
10
2.2720520078740156
20
1.0716592125984252
11
2.2744045275590552
21
1.0639039763779528
0
LINE
8
BLACK
6
CONTINUOUS
10
2.2744045275590552
20
1.0639039763779528
11
2.2782248031496062
21
1.0567566929133858
0
LINE
8
BLACK
6
CONTINUOUS
10
2.2782248031496062
20
1.0567566929133858
11
2.2833660629921257
21
1.0504920472440944
0
LINE
8
BLACK
6
CONTINUOUS
10
2.2833660629921257
20
1.0504920472440944
11
2.2896307086614174
21
1.0453507874015748
0
LINE
8
BLACK
6
CONTINUOUS
10
2.2896307086614174
20
1.0453507874015748
11
2.2967779921259841
21
1.0415305118110236
0
LINE
8
BLACK
6
CONTINUOUS
10
2.2967779921259841
20
1.0415305118110236
11
2.3045332283464566
21
1.0391779921259843
0
LINE
8
BLACK
6
CONTINUOUS
10
2.3045332283464566
20
1.0391779921259843
11
2.3106306299212598
21
1.038577401574803
0
LINE
8
BLACK
6
CONTINUOUS
10
2.3106306299212598
20
1.038577401574803
11
2.3106685826771654
21
1.1208751181102361
0
LINE
8
BLACK
6
CONTINUOUS
10
2.3106685826771654
20
1.1208751181102361
11
2.3045332283464566
21
1.1202708267716535
0
LINE
8
BLACK
6
CONTINUOUS
10
2.3045332283464566
20
1.1202708267716535
11
2.2967779921259841
21
1.1179183070866141
0
LINE
8
BLACK
6
CONTINUOUS
10
2.2967779921259841
20
1.1179183070866141
11
2.2896307086614174
21
1.1140980314960629
0
LINE
8
BLACK
6
CONTINUOUS
10
2.2896307086614174
20
1.1140980314960629
11
2.2833660629921257
21
1.1089567716535433
0
LINE
8
BLACK
6
CONTINUOUS
10
2.2833660629921257
20
1.1089567716535433
11
2.2782248031496062
21
1.1026921259842519
0
LINE
8
BLACK
6
CONTINUOUS
10
2.2782248031496062
20
1.1026921259842519
11
2.2744045275590552
21
1.095544842519685
0
LINE
8
BLACK
6
CONTINUOUS
10
2.2744045275590552
20
1.095544842519685
11
2.2720520078740156
21
1.0877896062992125
0
LINE
8
BLACK
6
CONTINUOUS
10
2.2720520078740156
20
1.0877896062992125
11
2.2712576377952756
21
1.079724409448819
0
LINE
8
BLACK
6
CONTINUOUS
10
2.2712576377952756
20
1.079724409448819
11
2.2720520078740156
21
1.0716592125984252
0
LINE
8
BLACK
6
CONTINUOUS
10
2.1869034251968502
20
1.1491453543307086
11
2.1870706692913386
21
1.149174842519685
0
LINE
8
BLACK
6
CONTINUOUS
10
2.1870706692913386
20
1.149174842519685
11
2.1878127165354329
21
1.1487463779527558
0
LINE
8
BLACK
6
CONTINUOUS
10
2.1878127165354329
20
1.1487463779527558
11
2.1885975590551179
21
1.1484020472440946
0
LINE
8
BLACK
6
CONTINUOUS
10
2.1885975590551179
20
1.1484020472440946
11
2.1886727952755907
21
1.1482497637795275
0
LINE
8
BLACK
6
CONTINUOUS
10
2.1886727952755907
20
1.1482497637795275
11
2.1888198425196852
21
1.1481649212598426
0
LINE
8
BLACK
6
CONTINUOUS
10
2.1888198425196852
20
1.1481649212598426
11
2.1891129133858267
21
1.1473596456692914
0
LINE
8
BLACK
6
CONTINUOUS
10
2.1891129133858267
20
1.1473596456692914
11
2.189492755905512
21
1.1465914566929134
0
LINE
8
BLACK
6
CONTINUOUS
10
2.189492755905512
20
1.1465914566929134
11
2.1894525590551179
21
1.1464264960629922
0
LINE
8
BLACK
6
CONTINUOUS
10
2.1894525590551179
20
1.1464264960629922
11
2.1895106692913386
21
1.1462669291338583
0
LINE
8
BLACK
6
CONTINUOUS
10
2.1895106692913386
20
1.1462669291338583
11
2.1895106692913386
21
1.1098496062992125
0
LINE
8
BLACK
6
CONTINUOUS
10
2.1895106692913386
20
1.1098496062992125
11
2.1978064960629919
21
1.1098496062992125
0
LINE
8
BLACK
6
CONTINUOUS
10
2.1978064960629919
20
1.1098496062992125
11
2.1988164173228344
21
1.1096715354330708
0
LINE
8
BLACK
6
CONTINUOUS
10
2.1988164173228344
20
1.1096715354330708
11
2.200363661417323
21
1.1083732283464567
0
LINE
8
BLACK
6
CONTINUOUS
10
2.200363661417323
20
1.1083732283464567
11
2.2007144094488189
21
1.1063840944881889
0
LINE
8
BLACK
6
CONTINUOUS
10
2.2007144094488189
20
1.1063840944881889
11
2.1997044881889765
21
1.1046349212598425
0
LINE
8
BLACK
6
CONTINUOUS
10
2.1997044881889765
20
1.1046349212598425
11
2.1978064960629919
21
1.1039440944881889
0
LINE
8
BLACK
6
CONTINUOUS
10
2.1978064960629919
20
1.1039440944881889
11
2.1753093307086613
21
1.1039440944881889
0
LINE
8
BLACK
6
CONTINUOUS
10
2.1753093307086613
20
1.1039440944881889
11
2.1742994094488188
21
1.1041221653543307
0
LINE
8
BLACK
6
CONTINUOUS
10
2.1742994094488188
20
1.1041221653543307
11
2.1727521653543307
21
1.1054204724409449
0
LINE
8
BLACK
6
CONTINUOUS
10
2.1727521653543307
20
1.1054204724409449
11
2.1724014173228348
21
1.1074096062992125
0
LINE
8
BLACK
6
CONTINUOUS
10
2.1724014173228348
20
1.1074096062992125
11
2.1734113385826772
21
1.109158779527559
0
LINE
8
BLACK
6
CONTINUOUS
10
2.1734113385826772
20
1.109158779527559
11
2.1753093307086613
21
1.1098496062992125
0
LINE
8
BLACK
6
CONTINUOUS
10
2.1753093307086613
20
1.1098496062992125
11
2.183605157480315
21
1.1098496062992125
0
LINE
8
BLACK
6
CONTINUOUS
10
2.183605157480315
20
1.1098496062992125
11
2.183605157480315
21
1.1372635826771653
0
LINE
8
BLACK
6
CONTINUOUS
10
2.183605157480315
20
1.1372635826771653
11
2.1811467716535433
21
1.1348051968503936
0
LINE
8
BLACK
6
CONTINUOUS
10
2.1811467716535433
20
1.1348051968503936
11
2.1804236614173229
21
1.1342988976377952
0
LINE
8
BLACK
6
CONTINUOUS
10
2.1804236614173229
20
1.1342988976377952
11
2.1803793700787399
21
1.1342520866141732
0
LINE
8
BLACK
6
CONTINUOUS
10
2.1803793700787399
20
1.1342520866141732
11
2.1766298425196848
21
1.1323773228346456
0
LINE
8
BLACK
6
CONTINUOUS
10
2.1766298425196848
20
1.1323773228346456
11
2.1756468897637795
21
1.1320849606299213
0
LINE
8
BLACK
6
CONTINUOUS
10
2.1756468897637795
20
1.1320849606299213
11
2.1736824015748031
21
1.1325542519685039
0
LINE
8
BLACK
6
CONTINUOUS
10
2.1736824015748031
20
1.1325542519685039
11
2.1724790944881889
21
1.1341764960629921
0
LINE
8
BLACK
6
CONTINUOUS
10
2.1724790944881889
20
1.1341764960629921
11
2.1726001574803151
21
1.1361926771653543
0
LINE
8
BLACK
6
CONTINUOUS
10
2.1726001574803151
20
1.1361926771653543
11
2.1739888188976377
21
1.1376593700787401
0
LINE
8
BLACK
6
CONTINUOUS
10
2.1739888188976377
20
1.1376593700787401
11
2.1773097637795273
21
1.1393198425196851
0
LINE
8
BLACK
6
CONTINUOUS
10
2.1773097637795273
20
1.1393198425196851
11
2.1805136614173226
21
1.1425237401574804
0
LINE
8
BLACK
6
CONTINUOUS
10
2.1805136614173226
20
1.1425237401574804
11
2.1841010629921258
21
1.1479048425196849
0
LINE
8
BLACK
6
CONTINUOUS
10
2.1841010629921258
20
1.1479048425196849
11
2.1848094488188976
21
1.1486463779527558
0
LINE
8
BLACK
6
CONTINUOUS
10
2.1848094488188976
20
1.1486463779527558
11
2.1849724015748029
21
1.1486940551181102
0
LINE
8
BLACK
6
CONTINUOUS
10
2.1849724015748029
20
1.1486940551181102
11
2.1850815354330706
21
1.1488240944881889
0
LINE
8
BLACK
6
CONTINUOUS
10
2.1850815354330706
20
1.1488240944881889
11
2.1859253149606297
21
1.1489728740157481
0
LINE
8
BLACK
6
CONTINUOUS
10
2.1859253149606297
20
1.1489728740157481
11
2.1867479527559053
21
1.1492135826771652
0
LINE
8
BLACK
6
CONTINUOUS
10
2.1867479527559053
20
1.1492135826771652
11
2.1869034251968502
21
1.1491453543307086
0
LINE
8
BLACK
6
CONTINUOUS
10
2.1393596850393699
20
1.1487827952755905
11
2.1406152362204725
21
1.1472006692913386
0
LINE
8
BLACK
6
CONTINUOUS
10
2.1406152362204725
20
1.1472006692913386
11
2.1509373622047243
21
1.116234251968504
0
LINE
8
BLACK
6
CONTINUOUS
10
2.1509373622047243
20
1.116234251968504
11
2.1612594881889762
21
1.1472006692913386
0
LINE
8
BLACK
6
CONTINUOUS
10
2.1612594881889762
20
1.1472006692913386
11
2.1617477559055116
21
1.1481024409448819
0
LINE
8
BLACK
6
CONTINUOUS
10
2.1617477559055116
20
1.1481024409448819
11
2.1634687401574801
21
1.1491597244094487
0
LINE
8
BLACK
6
CONTINUOUS
10
2.1634687401574801
20
1.1491597244094487
11
2.1654666929133857
21
1.1488634645669291
0
LINE
8
BLACK
6
CONTINUOUS
10
2.1654666929133857
20
1.1488634645669291
11
2.1668067716535431
21
1.1473522047244094
0
LINE
8
BLACK
6
CONTINUOUS
10
2.1668067716535431
20
1.1473522047244094
11
2.1668619291338582
21
1.145333188976378
0
LINE
8
BLACK
6
CONTINUOUS
10
2.1668619291338582
20
1.145333188976378
11
2.1537385826771653
21
1.1059631102362204
0
LINE
8
BLACK
6
CONTINUOUS
10
2.1537385826771653
20
1.1059631102362204
11
2.1532502755905512
21
1.1050613385826771
0
LINE
8
BLACK
6
CONTINUOUS
10
2.1532502755905512
20
1.1050613385826771
11
2.1531778346456694
21
1.105016811023622
0
LINE
8
BLACK
6
CONTINUOUS
10
2.1531778346456694
20
1.105016811023622
11
2.1531466141732283
21
1.1049377952755906
0
LINE
8
BLACK
6
CONTINUOUS
10
2.1531466141732283
20
1.1049377952755906
11
2.1523251181102361
21
1.1044929527559055
0
LINE
8
BLACK
6
CONTINUOUS
10
2.1523251181102361
20
1.1044929527559055
11
2.1515293307086614
21
1.1040040551181103
0
LINE
8
BLACK
6
CONTINUOUS
10
2.1515293307086614
20
1.1040040551181103
11
2.1514452362204723
21
1.1040164960629921
0
LINE
8
BLACK
6
CONTINUOUS
10
2.1514452362204723
20
1.1040164960629921
11
2.151370472440945
21
1.1039760236220473
0
LINE
8
BLACK
6
CONTINUOUS
10
2.151370472440945
20
1.1039760236220473
11
2.1504553543307088
21
1.1041632677165354
0
LINE
8
BLACK
6
CONTINUOUS
10
2.1504553543307088
20
1.1041632677165354
11
2.1495313385826771
21
1.1043003149606299
0
LINE
8
BLACK
6
CONTINUOUS
10
2.1495313385826771
20
1.1043003149606299
11
2.1494748818897635
21
1.1043639370078739
0
LINE
8
BLACK
6
CONTINUOUS
10
2.1494748818897635
20
1.1043639370078739
11
2.1493916929133858
21
1.1043809842519685
0
LINE
8
BLACK
6
CONTINUOUS
10
2.1493916929133858
20
1.1043809842519685
11
2.1488113385826773
21
1.1051122440944883
0
LINE
8
BLACK
6
CONTINUOUS
10
2.1488113385826773
20
1.1051122440944883
11
2.1481912992125984
21
1.1058115354330709
0
LINE
8
BLACK
6
CONTINUOUS
10
2.1481912992125984
20
1.1058115354330709
11
2.1481889763779529
21
1.105896496062992
0
LINE
8
BLACK
6
CONTINUOUS
10
2.1481889763779529
20
1.105896496062992
11
2.1481361417322833
21
1.1059631102362204
0
LINE
8
BLACK
6
CONTINUOUS
10
2.1481361417322833
20
1.1059631102362204
11
2.1350127952755904
21
1.145333188976378
0
LINE
8
BLACK
6
CONTINUOUS
10
2.1350127952755904
20
1.145333188976378
11
2.1348623622047245
21
1.1463475984251967
0
LINE
8
BLACK
6
CONTINUOUS
10
2.1348623622047245
20
1.1463475984251967
11
2.1356047637795275
21
1.1482259842519684
0
LINE
8
BLACK
6
CONTINUOUS
10
2.1356047637795275
20
1.1482259842519684
11
2.1373809055118111
21
1.1491877559055117
0
LINE
8
BLACK
6
CONTINUOUS
10
2.1373809055118111
20
1.1491877559055117
11
2.1393596850393699
21
1.1487827952755905
0
LINE
8
BLACK
6
CONTINUOUS
10
2.1200762598425196
20
1.1490416141732283
11
2.1202114960629919
21
1.1489281102362205
0
LINE
8
BLACK
6
CONTINUOUS
10
2.1202114960629919
20
1.1489281102362205
11
2.1203868503937007
21
1.1489079527559054
0
LINE
8
BLACK
6
CONTINUOUS
10
2.1203868503937007
20
1.1489079527559054
11
2.1241363779527558
21
1.1470331889763778
0
LINE
8
BLACK
6
CONTINUOUS
10
2.1241363779527558
20
1.1470331889763778
11
2.1248454330708659
21
1.1465072440944881
0
LINE
8
BLACK
6
CONTINUOUS
10
2.1248454330708659
20
1.1465072440944881
11
2.1249037795275592
21
1.1464800787401574
0
LINE
8
BLACK
6
CONTINUOUS
10
2.1249037795275592
20
1.1464800787401574
11
2.1267785433070867
21
1.1446053149606299
0
LINE
8
BLACK
6
CONTINUOUS
10
2.1267785433070867
20
1.1446053149606299
11
2.1272848031496063
21
1.1438822047244095
0
LINE
8
BLACK
6
CONTINUOUS
10
2.1272848031496063
20
1.1438822047244095
11
2.1273316535433069
21
1.1438379133858267
0
LINE
8
BLACK
6
CONTINUOUS
10
2.1273316535433069
20
1.1438379133858267
11
2.1292064173228344
21
1.1400883858267716
0
LINE
8
BLACK
6
CONTINUOUS
10
2.1292064173228344
20
1.1400883858267716
11
2.1294987795275588
21
1.1391054724409448
0
LINE
8
BLACK
6
CONTINUOUS
10
2.1294987795275588
20
1.1391054724409448
11
2.1294577559055119
21
1.1389337401574804
0
LINE
8
BLACK
6
CONTINUOUS
10
2.1294577559055119
20
1.1389337401574804
11
2.1295181496062994
21
1.1387678740157481
0
LINE
8
BLACK
6
CONTINUOUS
10
2.1295181496062994
20
1.1387678740157481
11
2.1295181496062994
21
1.1331435826771654
0
LINE
8
BLACK
6
CONTINUOUS
10
2.1295181496062994
20
1.1331435826771654
11
2.1293400787401575
21
1.1321336614173227
0
LINE
8
BLACK
6
CONTINUOUS
10
2.1293400787401575
20
1.1321336614173227
11
2.1292265748031496
21
1.1319983858267717
0
LINE
8
BLACK
6
CONTINUOUS
10
2.1292265748031496
20
1.1319983858267717
11
2.1292064173228344
21
1.1318230708661416
0
LINE
8
BLACK
6
CONTINUOUS
10
2.1292064173228344
20
1.1318230708661416
11
2.1273316535433069
21
1.1280735433070865
0
LINE
8
BLACK
6
CONTINUOUS
10
2.1273316535433069
20
1.1280735433070865
11
2.1268057480314959
21
1.1273644488188976
0
LINE
8
BLACK
6
CONTINUOUS
10
2.1268057480314959
20
1.1273644488188976
11
2.1267785433070867
21
1.1273061417322834
0
LINE
8
BLACK
6
CONTINUOUS
10
2.1267785433070867
20
1.1273061417322834
11
2.1249037795275592
21
1.1254313779527558
0
LINE
8
BLACK
6
CONTINUOUS
10
2.1249037795275592
20
1.1254313779527558
11
2.1241806692913388
21
1.1249250787401575
0
LINE
8
BLACK
6
CONTINUOUS
10
2.1241806692913388
20
1.1249250787401575
11
2.1241363779527558
21
1.1248782677165354
0
LINE
8
BLACK
6
CONTINUOUS
10
2.1241363779527558
20
1.1248782677165354
11
2.1203868503937007
21
1.1230035039370079
0
LINE
8
BLACK
6
CONTINUOUS
10
2.1203868503937007
20
1.1230035039370079
11
2.1194038976377954
21
1.1227111417322835
0
LINE
8
BLACK
6
CONTINUOUS
10
2.1194038976377954
20
1.1227111417322835
11
2.1192322047244092
21
1.1227521259842519
0
LINE
8
BLACK
6
CONTINUOUS
10
2.1192322047244092
20
1.1227521259842519
11
2.1191037007874014
21
1.1227053543307086
0
LINE
8
BLACK
6
CONTINUOUS
10
2.1191037007874014
20
1.1227053543307086
11
2.1289844094488188
21
1.1085901181102362
0
LINE
8
BLACK
6
CONTINUOUS
10
2.1289844094488188
20
1.1085901181102362
11
2.1294176771653541
21
1.1076606692913387
0
LINE
8
BLACK
6
CONTINUOUS
10
2.1294176771653541
20
1.1076606692913387
11
2.1292413385826769
21
1.1056485826771654
0
LINE
8
BLACK
6
CONTINUOUS
10
2.1292413385826769
20
1.1056485826771654
11
2.1278129133858266
21
1.1042205511811023
0
LINE
8
BLACK
6
CONTINUOUS
10
2.1278129133858266
20
1.1042205511811023
11
2.125800787401575
21
1.1040448031496062
0
LINE
8
BLACK
6
CONTINUOUS
10
2.125800787401575
20
1.1040448031496062
11
2.1241464173228346
21
1.1052035433070866
0
LINE
8
BLACK
6
CONTINUOUS
10
2.1241464173228346
20
1.1052035433070866
11
2.1119046850393701
21
1.1226917716535434
0
LINE
8
BLACK
6
CONTINUOUS
10
2.1119046850393701
20
1.1226917716535434
11
2.1070209842519683
21
1.1226917716535434
0
LINE
8
BLACK
6
CONTINUOUS
10
2.1070209842519683
20
1.1226917716535434
11
2.1070209842519683
21
1.1068968503937007
0
LINE
8
BLACK
6
CONTINUOUS
10
2.1070209842519683
20
1.1068968503937007
11
2.1068429133858269
21
1.1058869291338582
0
LINE
8
BLACK
6
CONTINUOUS
10
2.1068429133858269
20
1.1058869291338582
11
2.1055446062992127
21
1.1043396850393701
0
LINE
8
BLACK
6
CONTINUOUS
10
2.1055446062992127
20
1.1043396850393701
11
2.1035554724409447
21
1.1039889370078739
0
LINE
8
BLACK
6
CONTINUOUS
10
2.1035554724409447
20
1.1039889370078739
11
2.1018062992125985
21
1.1049988582677166
0
LINE
8
BLACK
6
CONTINUOUS
10
2.1018062992125985
20
1.1049988582677166
11
2.1011154724409447
21
1.1068968503937007
0
LINE
8
BLACK
6
CONTINUOUS
10
2.1011154724409447
20
1.1068968503937007
11
2.1011154724409447
21
1.1462669291338583
0
LINE
8
BLACK
6
CONTINUOUS
10
2.1011154724409447
20
1.1462669291338583
11
2.1011830708661416
21
1.1466504330708662
0
LINE
8
BLACK
6
CONTINUOUS
10
2.1011830708661416
20
1.1466504330708662
11
2.1011603149606297
21
1.1467796850393701
0
LINE
8
BLACK
6
CONTINUOUS
10
2.1011603149606297
20
1.1467796850393701
11
2.1012259055118108
21
1.1468932677165353
0
LINE
8
BLACK
6
CONTINUOUS
10
2.1012259055118108
20
1.1468932677165353
11
2.1012935433070865
21
1.1472768503937008
0
LINE
8
BLACK
6
CONTINUOUS
10
2.1012935433070865
20
1.1472768503937008
11
2.1017866535433072
21
1.1478645275590551
0
LINE
8
BLACK
6
CONTINUOUS
10
2.1017866535433072
20
1.1478645275590551
11
2.1021702362204726
21
1.1485288582677164
0
LINE
8
BLACK
6
CONTINUOUS
10
2.1021702362204726
20
1.1485288582677164
11
2.1024205511811025
21
1.1486199606299212
0
LINE
8
BLACK
6
CONTINUOUS
10
2.1024205511811025
20
1.1486199606299212
11
2.1025918503937007
21
1.1488240944881889
0
LINE
8
BLACK
6
CONTINUOUS
10
2.1025918503937007
20
1.1488240944881889
11
2.103347401574803
21
1.1489573228346457
0
LINE
8
BLACK
6
CONTINUOUS
10
2.103347401574803
20
1.1489573228346457
11
2.1040682283464567
21
1.1492196850393701
0
LINE
8
BLACK
6
CONTINUOUS
10
2.1040682283464567
20
1.1492196850393701
11
2.1190663385826771
21
1.1492196850393701
0
LINE
8
BLACK
6
CONTINUOUS
10
2.1190663385826771
20
1.1492196850393701
11
2.1200762598425196
21
1.1490416141732283
0
LINE
8
BLACK
6
CONTINUOUS
10
2.1070209842519683
20
1.128597283464567
11
2.1183692913385825
21
1.128597283464567
0
LINE
8
BLACK
6
CONTINUOUS
10
2.1183692913385825
20
1.128597283464567
11
2.1210667716535432
21
1.1299460236220473
0
LINE
8
BLACK
6
CONTINUOUS
10
2.1210667716535432
20
1.1299460236220473
11
2.1222638976377954
21
1.1311431496062991
0
LINE
8
BLACK
6
CONTINUOUS
10
2.1222638976377954
20
1.1311431496062991
11
2.1236126377952758
21
1.1338406299212598
0
LINE
8
BLACK
6
CONTINUOUS
10
2.1236126377952758
20
1.1338406299212598
11
2.1236126377952758
21
1.1380708267716535
0
LINE
8
BLACK
6
CONTINUOUS
10
2.1236126377952758
20
1.1380708267716535
11
2.1222638976377954
21
1.1407683070866141
0
LINE
8
BLACK
6
CONTINUOUS
10
2.1222638976377954
20
1.1407683070866141
11
2.1210667716535432
21
1.1419654330708662
0
LINE
8
BLACK
6
CONTINUOUS
10
2.1210667716535432
20
1.1419654330708662
11
2.1183692913385825
21
1.1433141732283465
0
LINE
8
BLACK
6
CONTINUOUS
10
2.1183692913385825
20
1.1433141732283465
11
2.1070209842519683
21
1.1433141732283465
0
LINE
8
BLACK
6
CONTINUOUS
10
2.1070209842519683
20
1.1433141732283465
11
2.1070209842519683
21
1.128597283464567
0
LINE
8
BLACK
6
CONTINUOUS
10
2.3625984251968504
20
1.2218503937007874
11
2.3639903543307086
21
1.2212738188976378
0
LINE
8
BLACK
6
CONTINUOUS
10
2.3639903543307086
20
1.2212738188976378
11
2.3645669291338582
21
1.2198818897637795
0
LINE
8
BLACK
6
CONTINUOUS
10
2.3645669291338582
20
1.2198818897637795
11
2.3645669291338582
21
1.0297244094488189
0
LINE
8
BLACK
6
CONTINUOUS
10
2.3645669291338582
20
1.0297244094488189
11
2.3639903543307086
21
1.0283324803149607
0
LINE
8
BLACK
6
CONTINUOUS
10
2.3639903543307086
20
1.0283324803149607
11
2.3625984251968504
21
1.0277559055118111
0
LINE
8
BLACK
6
CONTINUOUS
10
2.3625984251968504
20
1.0277559055118111
11
1.9874015748031495
21
1.0277559055118111
0
LINE
8
BLACK
6
CONTINUOUS
10
1.9874015748031495
20
1.0277559055118111
11
1.9860096456692913
21
1.0283324803149607
0
LINE
8
BLACK
6
CONTINUOUS
10
1.9860096456692913
20
1.0283324803149607
11
1.9854330708661416
21
1.0297244094488189
0
LINE
8
BLACK
6
CONTINUOUS
10
1.9854330708661416
20
1.0297244094488189
11
1.9854330708661416
21
1.2198818897637795
0
LINE
8
BLACK
6
CONTINUOUS
10
1.9854330708661416
20
1.2198818897637795
11
1.9860096456692913
21
1.2212738188976378
0
LINE
8
BLACK
6
CONTINUOUS
10
1.9860096456692913
20
1.2212738188976378
11
1.9874015748031495
21
1.2218503937007874
0
LINE
8
BLACK
6
CONTINUOUS
10
1.9874015748031495
20
1.2218503937007874
11
2.3625984251968504
21
1.2218503937007874
0
LINE
8
BLACK
6
CONTINUOUS
10
1.9893700787401574
20
1.2179133858267717
11
1.9893700787401574
21
1.0316929133858268
0
LINE
8
BLACK
6
CONTINUOUS
10
1.9893700787401574
20
1.0316929133858268
11
2.3606299212598425
21
1.0316929133858268
0
LINE
8
BLACK
6
CONTINUOUS
10
2.3606299212598425
20
1.0316929133858268
11
2.3606299212598425
21
1.2179133858267717
0
LINE
8
BLACK
6
CONTINUOUS
10
2.3606299212598425
20
1.2179133858267717
11
1.9893700787401574
21
1.2179133858267717
0
LINE
8
BLACK
6
CONTINUOUS
10
1.440354094488189
20
1.1286839370078741
11
1.4404893307086615
21
1.1285704330708661
0
LINE
8
BLACK
6
CONTINUOUS
10
1.4404893307086615
20
1.1285704330708661
11
1.4406646850393701
21
1.1285502755905512
0
LINE
8
BLACK
6
CONTINUOUS
10
1.4406646850393701
20
1.1285502755905512
11
1.4444142125984252
21
1.1266755118110237
0
LINE
8
BLACK
6
CONTINUOUS
10
1.4444142125984252
20
1.1266755118110237
11
1.4451231889763778
21
1.1261496456692912
0
LINE
8
BLACK
6
CONTINUOUS
10
1.4451231889763778
20
1.1261496456692912
11
1.4451815748031496
21
1.1261224409448818
0
LINE
8
BLACK
6
CONTINUOUS
10
1.4451815748031496
20
1.1261224409448818
11
1.4470563779527559
21
1.1242476771653542
0
LINE
8
BLACK
6
CONTINUOUS
10
1.4470563779527559
20
1.1242476771653542
11
1.4475627559055118
21
1.1235244881889763
0
LINE
8
BLACK
6
CONTINUOUS
10
1.4475627559055118
20
1.1235244881889763
11
1.447609527559055
21
1.1234802362204723
0
LINE
8
BLACK
6
CONTINUOUS
10
1.447609527559055
20
1.1234802362204723
11
1.4494842913385826
21
1.1197307086614172
0
LINE
8
BLACK
6
CONTINUOUS
10
1.4494842913385826
20
1.1197307086614172
11
1.449776653543307
21
1.1187477952755904
0
LINE
8
BLACK
6
CONTINUOUS
10
1.449776653543307
20
1.1187477952755904
11
1.4497356299212598
21
1.118576062992126
0
LINE
8
BLACK
6
CONTINUOUS
10
1.4497356299212598
20
1.118576062992126
11
1.4497960236220473
21
1.1184101968503937
0
LINE
8
BLACK
6
CONTINUOUS
10
1.4497960236220473
20
1.1184101968503937
11
1.4497960236220473
21
1.1090363779527559
0
LINE
8
BLACK
6
CONTINUOUS
10
1.4497960236220473
20
1.1090363779527559
11
1.4496179527559054
21
1.1080264566929134
0
LINE
8
BLACK
6
CONTINUOUS
10
1.4496179527559054
20
1.1080264566929134
11
1.4495044488188975
21
1.1078911811023622
0
LINE
8
BLACK
6
CONTINUOUS
10
1.4495044488188975
20
1.1078911811023622
11
1.4494842913385826
21
1.1077158661417323
0
LINE
8
BLACK
6
CONTINUOUS
10
1.4494842913385826
20
1.1077158661417323
11
1.447609527559055
21
1.1039663385826772
0
LINE
8
BLACK
6
CONTINUOUS
10
1.447609527559055
20
1.1039663385826772
11
1.4470835433070866
21
1.1032572047244094
0
LINE
8
BLACK
6
CONTINUOUS
10
1.4470835433070866
20
1.1032572047244094
11
1.4470563779527559
21
1.1031988976377953
0
LINE
8
BLACK
6
CONTINUOUS
10
1.4470563779527559
20
1.1031988976377953
11
1.4451815748031496
21
1.1013241338582678
0
LINE
8
BLACK
6
CONTINUOUS
10
1.4451815748031496
20
1.1013241338582678
11
1.4443415354330709
21
1.1007359448818896
0
LINE
8
BLACK
6
CONTINUOUS
10
1.4443415354330709
20
1.1007359448818896
11
1.4423294488188976
21
1.1005599606299212
0
LINE
8
BLACK
6
CONTINUOUS
10
1.4423294488188976
20
1.1005599606299212
11
1.4406749212598424
21
1.1017184645669291
0
LINE
8
BLACK
6
CONTINUOUS
10
1.4406749212598424
20
1.1017184645669291
11
1.4401522047244095
21
1.1036694488188976
0
LINE
8
BLACK
6
CONTINUOUS
10
1.4401522047244095
20
1.1036694488188976
11
1.4410058267716535
21
1.1055000393700787
0
LINE
8
BLACK
6
CONTINUOUS
10
1.4410058267716535
20
1.1055000393700787
11
1.4425417716535434
21
1.1070359448818898
0
LINE
8
BLACK
6
CONTINUOUS
10
1.4425417716535434
20
1.1070359448818898
11
1.4438905118110237
21
1.1097334251968505
0
LINE
8
BLACK
6
CONTINUOUS
10
1.4438905118110237
20
1.1097334251968505
11
1.4438905118110237
21
1.1177131496062991
0
LINE
8
BLACK
6
CONTINUOUS
10
1.4438905118110237
20
1.1177131496062991
11
1.4425417716535434
21
1.120410590551181
0
LINE
8
BLACK
6
CONTINUOUS
10
1.4425417716535434
20
1.120410590551181
11
1.4413446062992126
21
1.121607716535433
0
LINE
8
BLACK
6
CONTINUOUS
10
1.4413446062992126
20
1.121607716535433
11
1.4386471259842519
21
1.1229564960629921
0
LINE
8
BLACK
6
CONTINUOUS
10
1.4386471259842519
20
1.1229564960629921
11
1.4306674015748031
21
1.1229564960629921
0
LINE
8
BLACK
6
CONTINUOUS
10
1.4306674015748031
20
1.1229564960629921
11
1.4279699212598425
21
1.1216077559055118
0
LINE
8
BLACK
6
CONTINUOUS
10
1.4279699212598425
20
1.1216077559055118
11
1.4267727952755904
21
1.1204106299212597
0
LINE
8
BLACK
6
CONTINUOUS
10
1.4267727952755904
20
1.1204106299212597
11
1.4254240551181101
21
1.1177131496062991
0
LINE
8
BLACK
6
CONTINUOUS
10
1.4254240551181101
20
1.1177131496062991
11
1.4254240551181101
21
1.1097334251968505
0
LINE
8
BLACK
6
CONTINUOUS
10
1.4254240551181101
20
1.1097334251968505
11
1.4267727952755904
21
1.1070359448818898
0
LINE
8
BLACK
6
CONTINUOUS
10
1.4267727952755904
20
1.1070359448818898
11
1.4283087401574803
21
1.1054999999999999
0
LINE
8
BLACK
6
CONTINUOUS
10
1.4283087401574803
20
1.1054999999999999
11
1.4288969291338582
21
1.1046599606299212
0
LINE
8
BLACK
6
CONTINUOUS
10
1.4288969291338582
20
1.1046599606299212
11
1.4288985826771654
21
1.1046405905511811
0
LINE
8
BLACK
6
CONTINUOUS
10
1.4288985826771654
20
1.1046405905511811
11
1.4289122047244094
21
1.1046266929133859
0
LINE
8
BLACK
6
CONTINUOUS
10
1.4289122047244094
20
1.1046266929133859
11
1.4289864960629921
21
1.1036361023622048
0
LINE
8
BLACK
6
CONTINUOUS
10
1.4289864960629921
20
1.1036361023622048
11
1.4290729527559054
21
1.1026478740157479
0
LINE
8
BLACK
6
CONTINUOUS
10
1.4290729527559054
20
1.1026478740157479
11
1.4290617716535432
21
1.1026319291338582
0
LINE
8
BLACK
6
CONTINUOUS
10
1.4290617716535432
20
1.1026319291338582
11
1.4290632677165354
21
1.1026125196850394
0
LINE
8
BLACK
6
CONTINUOUS
10
1.4290632677165354
20
1.1026125196850394
11
1.4284832677165353
21
1.1018057086614172
0
LINE
8
BLACK
6
CONTINUOUS
10
1.4284832677165353
20
1.1018057086614172
11
1.4279144488188975
21
1.1009933070866142
0
LINE
8
BLACK
6
CONTINUOUS
10
1.4279144488188975
20
1.1009933070866142
11
1.4278956299212597
21
1.1009882677165355
0
LINE
8
BLACK
6
CONTINUOUS
10
1.4278956299212597
20
1.1009882677165355
11
1.4278843307086613
21
1.1009725196850393
0
LINE
8
BLACK
6
CONTINUOUS
10
1.4278843307086613
20
1.1009725196850393
11
1.4269221259842519
21
1.100727440944882
0
LINE
8
BLACK
6
CONTINUOUS
10
1.4269221259842519
20
1.100727440944882
11
1.425963464566929
21
1.1004705905511811
0
LINE
8
BLACK
6
CONTINUOUS
10
1.425963464566929
20
1.1004705905511811
11
1.4259458661417324
21
1.100478779527559
0
LINE
8
BLACK
6
CONTINUOUS
10
1.4259458661417324
20
1.100478779527559
11
1.4259270078740156
21
1.1004739763779527
0
LINE
8
BLACK
6
CONTINUOUS
10
1.4259270078740156
20
1.1004739763779527
11
1.4071793700787401
21
1.1023487401574803
0
LINE
8
BLACK
6
CONTINUOUS
10
1.4071793700787401
20
1.1023487401574803
11
1.4070290157480314
21
1.1023910236220473
0
LINE
8
BLACK
6
CONTINUOUS
10
1.4070290157480314
20
1.1023910236220473
11
1.406960433070866
21
1.102378937007874
0
LINE
8
BLACK
6
CONTINUOUS
10
1.406960433070866
20
1.102378937007874
11
1.4068544094488189
21
1.1024401181102361
0
LINE
8
BLACK
6
CONTINUOUS
10
1.4068544094488189
20
1.1024401181102361
11
1.4061922047244093
21
1.1026264173228346
0
LINE
8
BLACK
6
CONTINUOUS
10
1.4061922047244093
20
1.1026264173228346
11
1.4057542913385825
21
1.1030753149606298
0
LINE
8
BLACK
6
CONTINUOUS
10
1.4057542913385825
20
1.1030753149606298
11
1.4052112598425197
21
1.1033888582677165
0
LINE
8
BLACK
6
CONTINUOUS
10
1.4052112598425197
20
1.1033888582677165
11
1.4050700787401575
21
1.1037766929133859
0
LINE
8
BLACK
6
CONTINUOUS
10
1.4050700787401575
20
1.1037766929133859
11
1.4047818110236221
21
1.1040722440944881
0
LINE
8
BLACK
6
CONTINUOUS
10
1.4047818110236221
20
1.1040722440944881
11
1.4047348818897638
21
1.1046975984251968
0
LINE
8
BLACK
6
CONTINUOUS
10
1.4047348818897638
20
1.1046975984251968
11
1.404520433070866
21
1.1052868503937008
0
LINE
8
BLACK
6
CONTINUOUS
10
1.404520433070866
20
1.1052868503937008
11
1.404520433070866
21
1.1240344881889763
0
LINE
8
BLACK
6
CONTINUOUS
10
1.404520433070866
20
1.1240344881889763
11
1.4046985039370079
21
1.1250444094488188
0
LINE
8
BLACK
6
CONTINUOUS
10
1.4046985039370079
20
1.1250444094488188
11
1.4059968110236221
21
1.1265916535433071
0
LINE
8
BLACK
6
CONTINUOUS
10
1.4059968110236221
20
1.1265916535433071
11
1.4079859448818897
21
1.1269424015748031
0
LINE
8
BLACK
6
CONTINUOUS
10
1.4079859448818897
20
1.1269424015748031
11
1.4097351181102362
21
1.1259324803149606
0
LINE
8
BLACK
6
CONTINUOUS
10
1.4097351181102362
20
1.1259324803149606
11
1.4104259448818897
21
1.1240344881889763
0
LINE
8
BLACK
6
CONTINUOUS
10
1.4104259448818897
20
1.1240344881889763
11
1.4104259448818897
21
1.1079590551181102
0
LINE
8
BLACK
6
CONTINUOUS
10
1.4104259448818897
20
1.1079590551181102
11
1.4201972047244094
21
1.1069819291338583
0
LINE
8
BLACK
6
CONTINUOUS
10
1.4201972047244094
20
1.1069819291338583
11
1.4198302755905512
21
1.1077158661417323
0
LINE
8
BLACK
6
CONTINUOUS
10
1.4198302755905512
20
1.1077158661417323
11
1.4195379133858268
21
1.1086988188976377
0
LINE
8
BLACK
6
CONTINUOUS
10
1.4195379133858268
20
1.1086988188976377
11
1.4195788976377952
21
1.1088704724409448
0
LINE
8
BLACK
6
CONTINUOUS
10
1.4195788976377952
20
1.1088704724409448
11
1.4195185433070865
21
1.1090363779527559
0
LINE
8
BLACK
6
CONTINUOUS
10
1.4195185433070865
20
1.1090363779527559
11
1.4195185433070865
21
1.1184101968503937
0
LINE
8
BLACK
6
CONTINUOUS
10
1.4195185433070865
20
1.1184101968503937
11
1.4196966141732283
21
1.1194201181102361
0
LINE
8
BLACK
6
CONTINUOUS
10
1.4196966141732283
20
1.1194201181102361
11
1.4198100787401575
21
1.1195553543307086
0
LINE
8
BLACK
6
CONTINUOUS
10
1.4198100787401575
20
1.1195553543307086
11
1.4198302755905512
21
1.1197307086614172
0
LINE
8
BLACK
6
CONTINUOUS
10
1.4198302755905512
20
1.1197307086614172
11
1.4217050393700787
21
1.1234802362204723
0
LINE
8
BLACK
6
CONTINUOUS
10
1.4217050393700787
20
1.1234802362204723
11
1.4222309448818897
21
1.1241892913385827
0
LINE
8
BLACK
6
CONTINUOUS
10
1.4222309448818897
20
1.1241892913385827
11
1.4222581496062991
21
1.1242476377952755
0
LINE
8
BLACK
6
CONTINUOUS
10
1.4222581496062991
20
1.1242476377952755
11
1.4241329133858267
21
1.126122401574803
0
LINE
8
BLACK
6
CONTINUOUS
10
1.4241329133858267
20
1.126122401574803
11
1.4248559842519686
21
1.1266286614173229
0
LINE
8
BLACK
6
CONTINUOUS
10
1.4248559842519686
20
1.1266286614173229
11
1.4249003149606299
21
1.1266755118110237
0
LINE
8
BLACK
6
CONTINUOUS
10
1.4249003149606299
20
1.1266755118110237
11
1.428649842519685
21
1.1285502755905512
0
LINE
8
BLACK
6
CONTINUOUS
10
1.428649842519685
20
1.1285502755905512
11
1.4296327559055118
21
1.1288426377952756
0
LINE
8
BLACK
6
CONTINUOUS
10
1.4296327559055118
20
1.1288426377952756
11
1.4298044488188977
21
1.1288016141732282
0
LINE
8
BLACK
6
CONTINUOUS
10
1.4298044488188977
20
1.1288016141732282
11
1.4299703543307087
21
1.1288620078740157
0
LINE
8
BLACK
6
CONTINUOUS
10
1.4299703543307087
20
1.1288620078740157
11
1.4393441732283465
21
1.1288620078740157
0
LINE
8
BLACK
6
CONTINUOUS
10
1.4393441732283465
20
1.1288620078740157
11
1.440354094488189
21
1.1286839370078741
0
LINE
8
BLACK
6
CONTINUOUS
10
1.4324254724409449
20
1.1662549606299213
11
1.4325612598425197
21
1.1662691732283463
0
LINE
8
BLACK
6
CONTINUOUS
10
1.4325612598425197
20
1.1662691732283463
11
1.4400603149606299
21
1.1643944094488188
0
LINE
8
BLACK
6
CONTINUOUS
10
1.4400603149606299
20
1.1643944094488188
11
1.4405257480314961
21
1.164186811023622
0
LINE
8
BLACK
6
CONTINUOUS
10
1.4405257480314961
20
1.164186811023622
11
1.4406646850393701
21
1.1641708267716535
0
LINE
8
BLACK
6
CONTINUOUS
10
1.4406646850393701
20
1.1641708267716535
11
1.4444142125984252
21
1.162296062992126
0
LINE
8
BLACK
6
CONTINUOUS
10
1.4444142125984252
20
1.162296062992126
11
1.4451231889763778
21
1.1617701968503937
0
LINE
8
BLACK
6
CONTINUOUS
10
1.4451231889763778
20
1.1617701968503937
11
1.4451815748031496
21
1.1617429921259843
0
LINE
8
BLACK
6
CONTINUOUS
10
1.4451815748031496
20
1.1617429921259843
11
1.4470563779527559
21
1.1598682283464568
0
LINE
8
BLACK
6
CONTINUOUS
10
1.4470563779527559
20
1.1598682283464568
11
1.4475627559055118
21
1.1591450393700786
0
LINE
8
BLACK
6
CONTINUOUS
10
1.4475627559055118
20
1.1591450393700786
11
1.447609527559055
21
1.1591007874015749
0
LINE
8
BLACK
6
CONTINUOUS
10
1.447609527559055
20
1.1591007874015749
11
1.4494842913385826
21
1.1553512598425197
0
LINE
8
BLACK
6
CONTINUOUS
10
1.4494842913385826
20
1.1553512598425197
11
1.449776653543307
21
1.154368346456693
0
LINE
8
BLACK
6
CONTINUOUS
10
1.449776653543307
20
1.154368346456693
11
1.4497356299212598
21
1.1541966141732283
0
LINE
8
BLACK
6
CONTINUOUS
10
1.4497356299212598
20
1.1541966141732283
11
1.4497960236220473
21
1.154030748031496
0
LINE
8
BLACK
6
CONTINUOUS
10
1.4497960236220473
20
1.154030748031496
11
1.4497960236220473
21
1.1502812204724409
0
LINE
8
BLACK
6
CONTINUOUS
10
1.4497960236220473
20
1.1502812204724409
11
1.4496179527559054
21
1.1492712992125984
0
LINE
8
BLACK
6
CONTINUOUS
10
1.4496179527559054
20
1.1492712992125984
11
1.4495044488188975
21
1.1491360236220471
0
LINE
8
BLACK
6
CONTINUOUS
10
1.4495044488188975
20
1.1491360236220471
11
1.4494842913385826
21
1.1489607086614173
0
LINE
8
BLACK
6
CONTINUOUS
10
1.4494842913385826
20
1.1489607086614173
11
1.447609527559055
21
1.1452111811023622
0
LINE
8
BLACK
6
CONTINUOUS
10
1.447609527559055
20
1.1452111811023622
11
1.4470835433070866
21
1.1445020472440945
0
LINE
8
BLACK
6
CONTINUOUS
10
1.4470835433070866
20
1.1445020472440945
11
1.4470563779527559
21
1.1444437401574803
0
LINE
8
BLACK
6
CONTINUOUS
10
1.4470563779527559
20
1.1444437401574803
11
1.4451815748031496
21
1.1425689763779527
0
LINE
8
BLACK
6
CONTINUOUS
10
1.4451815748031496
20
1.1425689763779527
11
1.4444585039370079
21
1.1420626771653544
0
LINE
8
BLACK
6
CONTINUOUS
10
1.4444585039370079
20
1.1420626771653544
11
1.4444142125984252
21
1.1420159055118111
0
LINE
8
BLACK
6
CONTINUOUS
10
1.4444142125984252
20
1.1420159055118111
11
1.4406646850393701
21
1.1401411417322835
0
LINE
8
BLACK
6
CONTINUOUS
10
1.4406646850393701
20
1.1401411417322835
11
1.4401762204724409
21
1.1399958267716535
0
LINE
8
BLACK
6
CONTINUOUS
10
1.4401762204724409
20
1.1399958267716535
11
1.4400603149606299
21
1.139917559055118
0
LINE
8
BLACK
6
CONTINUOUS
10
1.4400603149606299
20
1.139917559055118
11
1.4325612598425197
21
1.1380427952755905
0
LINE
8
BLACK
6
CONTINUOUS
10
1.4325612598425197
20
1.1380427952755905
11
1.4319733464566928
21
1.1380012992125983
0
LINE
8
BLACK
6
CONTINUOUS
10
1.4319733464566928
20
1.1380012992125983
11
1.4318451181102363
21
1.1379546456692913
0
LINE
8
BLACK
6
CONTINUOUS
10
1.4318451181102363
20
1.1379546456692913
11
1.4224712992125983
21
1.1379546456692913
0
LINE
8
BLACK
6
CONTINUOUS
10
1.4224712992125983
20
1.1379546456692913
11
1.421890905511811
21
1.138056968503937
0
LINE
8
BLACK
6
CONTINUOUS
10
1.421890905511811
20
1.138056968503937
11
1.4217551574803149
21
1.1380427952755905
0
LINE
8
BLACK
6
CONTINUOUS
10
1.4217551574803149
20
1.1380427952755905
11
1.4142561023622047
21
1.139917559055118
0
LINE
8
BLACK
6
CONTINUOUS
10
1.4142561023622047
20
1.139917559055118
11
1.4137906299212597
21
1.1401251181102361
0
LINE
8
BLACK
6
CONTINUOUS
10
1.4137906299212597
20
1.1401251181102361
11
1.4136517322834645
21
1.1401411417322835
0
LINE
8
BLACK
6
CONTINUOUS
10
1.4136517322834645
20
1.1401411417322835
11
1.4099022047244094
21
1.1420159055118111
0
LINE
8
BLACK
6
CONTINUOUS
10
1.4099022047244094
20
1.1420159055118111
11
1.4091931102362205
21
1.1425417716535433
0
LINE
8
BLACK
6
CONTINUOUS
10
1.4091931102362205
20
1.1425417716535433
11
1.4091348031496063
21
1.1425690157480315
0
LINE
8
BLACK
6
CONTINUOUS
10
1.4091348031496063
20
1.1425690157480315
11
1.4072600393700787
21
1.144443779527559
0
LINE
8
BLACK
6
CONTINUOUS
10
1.4072600393700787
20
1.144443779527559
11
1.4067537401574803
21
1.1451668503937007
0
LINE
8
BLACK
6
CONTINUOUS
10
1.4067537401574803
20
1.1451668503937007
11
1.4067069291338583
21
1.1452111811023622
0
LINE
8
BLACK
6
CONTINUOUS
10
1.4067069291338583
20
1.1452111811023622
11
1.4048321653543308
21
1.1489607086614173
0
LINE
8
BLACK
6
CONTINUOUS
10
1.4048321653543308
20
1.1489607086614173
11
1.4045398031496064
21
1.1499436614173228
0
LINE
8
BLACK
6
CONTINUOUS
10
1.4045398031496064
20
1.1499436614173228
11
1.4045807874015748
21
1.1501153149606298
0
LINE
8
BLACK
6
CONTINUOUS
10
1.4045807874015748
20
1.1501153149606298
11
1.404520433070866
21
1.1502812204724409
0
LINE
8
BLACK
6
CONTINUOUS
10
1.404520433070866
20
1.1502812204724409
11
1.404520433070866
21
1.154030748031496
0
LINE
8
BLACK
6
CONTINUOUS
10
1.404520433070866
20
1.154030748031496
11
1.4046985039370079
21
1.1550406692913386
0
LINE
8
BLACK
6
CONTINUOUS
10
1.4046985039370079
20
1.1550406692913386
11
1.4048119685039371
21
1.1551759055118109
0
LINE
8
BLACK
6
CONTINUOUS
10
1.4048119685039371
20
1.1551759055118109
11
1.4048321653543308
21
1.1553512598425197
0
LINE
8
BLACK
6
CONTINUOUS
10
1.4048321653543308
20
1.1553512598425197
11
1.4067069291338583
21
1.1591007874015749
0
LINE
8
BLACK
6
CONTINUOUS
10
1.4067069291338583
20
1.1591007874015749
11
1.4072328346456693
21
1.159809842519685
0
LINE
8
BLACK
6
CONTINUOUS
10
1.4072328346456693
20
1.159809842519685
11
1.4072600393700787
21
1.159868188976378
0
LINE
8
BLACK
6
CONTINUOUS
10
1.4072600393700787
20
1.159868188976378
11
1.4091348031496063
21
1.1617429527559056
0
LINE
8
BLACK
6
CONTINUOUS
10
1.4091348031496063
20
1.1617429527559056
11
1.4098578740157479
21
1.1622492125984252
0
LINE
8
BLACK
6
CONTINUOUS
10
1.4098578740157479
20
1.1622492125984252
11
1.4099022047244094
21
1.162296062992126
0
LINE
8
BLACK
6
CONTINUOUS
10
1.4099022047244094
20
1.162296062992126
11
1.4136517322834645
21
1.1641708267716535
0
LINE
8
BLACK
6
CONTINUOUS
10
1.4136517322834645
20
1.1641708267716535
11
1.414140157480315
21
1.1643161023622046
0
LINE
8
BLACK
6
CONTINUOUS
10
1.414140157480315
20
1.1643161023622046
11
1.4142561023622047
21
1.1643944094488188
0
LINE
8
BLACK
6
CONTINUOUS
10
1.4142561023622047
20
1.1643944094488188
11
1.4217551574803149
21
1.1662691732283463
0
LINE
8
BLACK
6
CONTINUOUS
10
1.4217551574803149
20
1.1662691732283463
11
1.422343031496063
21
1.1663106299212598
0
LINE
8
BLACK
6
CONTINUOUS
10
1.422343031496063
20
1.1663106299212598
11
1.4224712992125983
21
1.1663573228346455
0
LINE
8
BLACK
6
CONTINUOUS
10
1.4224712992125983
20
1.1663573228346455
11
1.4318451181102363
21
1.1663573228346455
0
LINE
8
BLACK
6
CONTINUOUS
10
1.4318451181102363
20
1.1663573228346455
11
1.4324254724409449
21
1.1662549606299213
0
LINE
8
BLACK
6
CONTINUOUS
10
1.4160027952755905
20
1.158743779527559
11
1.412971811023622
21
1.1572283070866141
0
LINE
8
BLACK
6
CONTINUOUS
10
1.412971811023622
20
1.1572283070866141
11
1.41177468503937
21
1.1560311811023622
0
LINE
8
BLACK
6
CONTINUOUS
10
1.41177468503937
20
1.1560311811023622
11
1.4104259448818897
21
1.1533337007874016
0
LINE
8
BLACK
6
CONTINUOUS
10
1.4104259448818897
20
1.1533337007874016
11
1.4104259448818897
21
1.1509782677165354
0
LINE
8
BLACK
6
CONTINUOUS
10
1.4104259448818897
20
1.1509782677165354
11
1.41177468503937
21
1.1482807874015748
0
LINE
8
BLACK
6
CONTINUOUS
10
1.41177468503937
20
1.1482807874015748
11
1.412971811023622
21
1.1470836614173228
0
LINE
8
BLACK
6
CONTINUOUS
10
1.412971811023622
20
1.1470836614173228
11
1.4160027952755905
21
1.1455681496062993
0
LINE
8
BLACK
6
CONTINUOUS
10
1.4160027952755905
20
1.1455681496062993
11
1.4228348425196851
21
1.1438601574803149
0
LINE
8
BLACK
6
CONTINUOUS
10
1.4228348425196851
20
1.1438601574803149
11
1.4314815748031495
21
1.1438601574803149
0
LINE
8
BLACK
6
CONTINUOUS
10
1.4314815748031495
20
1.1438601574803149
11
1.4383136220472441
21
1.1455681496062993
0
LINE
8
BLACK
6
CONTINUOUS
10
1.4383136220472441
20
1.1455681496062993
11
1.4413446062992126
21
1.1470836614173228
0
LINE
8
BLACK
6
CONTINUOUS
10
1.4413446062992126
20
1.1470836614173228
11
1.4425417716535434
21
1.1482807874015748
0
LINE
8
BLACK
6
CONTINUOUS
10
1.4425417716535434
20
1.1482807874015748
11
1.4438905118110237
21
1.1509782677165354
0
LINE
8
BLACK
6
CONTINUOUS
10
1.4438905118110237
20
1.1509782677165354
11
1.4438905118110237
21
1.1533337007874016
0
LINE
8
BLACK
6
CONTINUOUS
10
1.4438905118110237
20
1.1533337007874016
11
1.4425417716535434
21
1.1560311417322835
0
LINE
8
BLACK
6
CONTINUOUS
10
1.4425417716535434
20
1.1560311417322835
11
1.4413446062992126
21
1.1572282677165353
0
LINE
8
BLACK
6
CONTINUOUS
10
1.4413446062992126
20
1.1572282677165353
11
1.4383136220472441
21
1.158743779527559
0
LINE
8
BLACK
6
CONTINUOUS
10
1.4383136220472441
20
1.158743779527559
11
1.4314815748031495
21
1.1604518110236219
0
LINE
8
BLACK
6
CONTINUOUS
10
1.4314815748031495
20
1.1604518110236219
11
1.4228348425196851
21
1.1604518110236219
0
LINE
8
BLACK
6
CONTINUOUS
10
1.4228348425196851
20
1.1604518110236219
11
1.4160027952755905
21
1.158743779527559
0
LINE
8
BLACK
6
CONTINUOUS
10
1.3790762598425197
20
1.3472384645669291
11
1.3792114960629922
21
1.3471249606299212
0
LINE
8
BLACK
6
CONTINUOUS
10
1.3792114960629922
20
1.3471249606299212
11
1.3793868503937008
21
1.3471048031496062
0
LINE
8
BLACK
6
CONTINUOUS
10
1.3793868503937008
20
1.3471048031496062
11
1.3831363779527559
21
1.3452300393700787
0
LINE
8
BLACK
6
CONTINUOUS
10
1.3831363779527559
20
1.3452300393700787
11
1.383845433070866
21
1.344704094488189
0
LINE
8
BLACK
6
CONTINUOUS
10
1.383845433070866
20
1.344704094488189
11
1.3839037795275591
21
1.3446769291338583
0
LINE
8
BLACK
6
CONTINUOUS
10
1.3839037795275591
20
1.3446769291338583
11
1.3857785433070866
21
1.3428021653543307
0
LINE
8
BLACK
6
CONTINUOUS
10
1.3857785433070866
20
1.3428021653543307
11
1.3862848031496062
21
1.3420790551181101
0
LINE
8
BLACK
6
CONTINUOUS
10
1.3862848031496062
20
1.3420790551181101
11
1.386331653543307
21
1.3420347637795276
0
LINE
8
BLACK
6
CONTINUOUS
10
1.386331653543307
20
1.3420347637795276
11
1.3882064173228346
21
1.3382852362204725
0
LINE
8
BLACK
6
CONTINUOUS
10
1.3882064173228346
20
1.3382852362204725
11
1.388498779527559
21
1.3373023228346457
0
LINE
8
BLACK
6
CONTINUOUS
10
1.388498779527559
20
1.3373023228346457
11
1.3884577559055118
21
1.337130590551181
0
LINE
8
BLACK
6
CONTINUOUS
10
1.3884577559055118
20
1.337130590551181
11
1.3885181496062993
21
1.3369647244094487
0
LINE
8
BLACK
6
CONTINUOUS
10
1.3885181496062993
20
1.3369647244094487
11
1.3885181496062993
21
1.3332151968503936
0
LINE
8
BLACK
6
CONTINUOUS
10
1.3885181496062993
20
1.3332151968503936
11
1.3883400787401574
21
1.3322052755905511
0
LINE
8
BLACK
6
CONTINUOUS
10
1.3883400787401574
20
1.3322052755905511
11
1.3882265748031495
21
1.3320699999999999
0
LINE
8
BLACK
6
CONTINUOUS
10
1.3882265748031495
20
1.3320699999999999
11
1.3882064173228346
21
1.33189468503937
0
LINE
8
BLACK
6
CONTINUOUS
10
1.3882064173228346
20
1.33189468503937
11
1.386331653543307
21
1.3281451574803149
0
LINE
8
BLACK
6
CONTINUOUS
10
1.386331653543307
20
1.3281451574803149
11
1.385805748031496
21
1.327436062992126
0
LINE
8
BLACK
6
CONTINUOUS
10
1.385805748031496
20
1.327436062992126
11
1.3857785433070866
21
1.3273777559055118
0
LINE
8
BLACK
6
CONTINUOUS
10
1.3857785433070866
20
1.3273777559055118
11
1.3848961811023621
21
1.3264953937007873
0
LINE
8
BLACK
6
CONTINUOUS
10
1.3848961811023621
20
1.3264953937007873
11
1.3855261417322835
21
1.3261543307086614
0
LINE
8
BLACK
6
CONTINUOUS
10
1.3855261417322835
20
1.3261543307086614
11
1.3856185433070867
21
1.3260038582677165
0
LINE
8
BLACK
6
CONTINUOUS
10
1.3856185433070867
20
1.3260038582677165
11
1.3857785433070866
21
1.3259292913385827
0
LINE
8
BLACK
6
CONTINUOUS
10
1.3857785433070866
20
1.3259292913385827
11
1.3876533070866142
21
1.3240545275590552
0
LINE
8
BLACK
6
CONTINUOUS
10
1.3876533070866142
20
1.3240545275590552
11
1.3881595669291338
21
1.3233314173228345
0
LINE
8
BLACK
6
CONTINUOUS
10
1.3881595669291338
20
1.3233314173228345
11
1.3882064173228346
21
1.323287125984252
0
LINE
8
BLACK
6
CONTINUOUS
10
1.3882064173228346
20
1.323287125984252
11
1.3900811811023621
21
1.3195375984251969
0
LINE
8
BLACK
6
CONTINUOUS
10
1.3900811811023621
20
1.3195375984251969
11
1.3903735433070865
21
1.3185546850393701
0
LINE
8
BLACK
6
CONTINUOUS
10
1.3903735433070865
20
1.3185546850393701
11
1.3903325196850393
21
1.3183829527559054
0
LINE
8
BLACK
6
CONTINUOUS
10
1.3903325196850393
20
1.3183829527559054
11
1.3903929133858268
21
1.3182170866141731
0
LINE
8
BLACK
6
CONTINUOUS
10
1.3903929133858268
20
1.3182170866141731
11
1.3903929133858268
21
1.3125927952755905
0
LINE
8
BLACK
6
CONTINUOUS
10
1.3903929133858268
20
1.3125927952755905
11
1.390214842519685
21
1.311582874015748
0
LINE
8
BLACK
6
CONTINUOUS
10
1.390214842519685
20
1.311582874015748
11
1.390101338582677
21
1.3114475984251968
0
LINE
8
BLACK
6
CONTINUOUS
10
1.390101338582677
20
1.3114475984251968
11
1.3900811811023621
21
1.3112722834645669
0
LINE
8
BLACK
6
CONTINUOUS
10
1.3900811811023621
20
1.3112722834645669
11
1.3882064173228346
21
1.3075227559055118
0
LINE
8
BLACK
6
CONTINUOUS
10
1.3882064173228346
20
1.3075227559055118
11
1.3876805118110236
21
1.3068136614173229
0
LINE
8
BLACK
6
CONTINUOUS
10
1.3876805118110236
20
1.3068136614173229
11
1.3876533070866142
21
1.3067553543307087
0
LINE
8
BLACK
6
CONTINUOUS
10
1.3876533070866142
20
1.3067553543307087
11
1.3857785433070866
21
1.3048805905511811
0
LINE
8
BLACK
6
CONTINUOUS
10
1.3857785433070866
20
1.3048805905511811
11
1.3850555511811022
21
1.30437437007874
0
LINE
8
BLACK
6
CONTINUOUS
10
1.3850555511811022
20
1.30437437007874
11
1.3850111811023622
21
1.3043274803149607
0
LINE
8
BLACK
6
CONTINUOUS
10
1.3850111811023622
20
1.3043274803149607
11
1.3812616535433071
21
1.3024526771653544
0
LINE
8
BLACK
6
CONTINUOUS
10
1.3812616535433071
20
1.3024526771653544
11
1.3802787007874016
21
1.3021603149606298
0
LINE
8
BLACK
6
CONTINUOUS
10
1.3802787007874016
20
1.3021603149606298
11
1.3801069685039369
21
1.3022012992125984
0
LINE
8
BLACK
6
CONTINUOUS
10
1.3801069685039369
20
1.3022012992125984
11
1.3799411023622048
21
1.3021409448818897
0
LINE
8
BLACK
6
CONTINUOUS
10
1.3799411023622048
20
1.3021409448818897
11
1.3649429921259841
21
1.3021409448818897
0
LINE
8
BLACK
6
CONTINUOUS
10
1.3649429921259841
20
1.3021409448818897
11
1.3645594488188977
21
1.3022085433070867
0
LINE
8
BLACK
6
CONTINUOUS
10
1.3645594488188977
20
1.3022085433070867
11
1.3644302362204723
21
1.3021857874015748
0
LINE
8
BLACK
6
CONTINUOUS
10
1.3644302362204723
20
1.3021857874015748
11
1.3643166141732284
21
1.3022513779527558
0
LINE
8
BLACK
6
CONTINUOUS
10
1.3643166141732284
20
1.3022513779527558
11
1.3639330708661417
21
1.3023190157480315
0
LINE
8
BLACK
6
CONTINUOUS
10
1.3639330708661417
20
1.3023190157480315
11
1.3633453543307086
21
1.302812125984252
0
LINE
8
BLACK
6
CONTINUOUS
10
1.3633453543307086
20
1.302812125984252
11
1.362681062992126
21
1.3031957086614172
0
LINE
8
BLACK
6
CONTINUOUS
10
1.362681062992126
20
1.3031957086614172
11
1.3625899212598425
21
1.3034460236220473
0
LINE
8
BLACK
6
CONTINUOUS
10
1.3625899212598425
20
1.3034460236220473
11
1.3623858267716535
21
1.3036173228346457
0
LINE
8
BLACK
6
CONTINUOUS
10
1.3623858267716535
20
1.3036173228346457
11
1.362252559055118
21
1.3043728740157481
0
LINE
8
BLACK
6
CONTINUOUS
10
1.362252559055118
20
1.3043728740157481
11
1.3619902362204723
21
1.3050937007874015
0
LINE
8
BLACK
6
CONTINUOUS
10
1.3619902362204723
20
1.3050937007874015
11
1.3619902362204723
21
1.3444637795275591
0
LINE
8
BLACK
6
CONTINUOUS
10
1.3619902362204723
20
1.3444637795275591
11
1.3620578346456693
21
1.3448472834645668
0
LINE
8
BLACK
6
CONTINUOUS
10
1.3620578346456693
20
1.3448472834645668
11
1.3620350787401574
21
1.3449765354330709
0
LINE
8
BLACK
6
CONTINUOUS
10
1.3620350787401574
20
1.3449765354330709
11
1.3621006692913387
21
1.3450901181102362
0
LINE
8
BLACK
6
CONTINUOUS
10
1.3621006692913387
20
1.3450901181102362
11
1.3621683070866142
21
1.3454737007874016
0
LINE
8
BLACK
6
CONTINUOUS
10
1.3621683070866142
20
1.3454737007874016
11
1.3626614173228346
21
1.3460613779527559
0
LINE
8
BLACK
6
CONTINUOUS
10
1.3626614173228346
20
1.3460613779527559
11
1.3630450000000001
21
1.3467257086614173
0
LINE
8
BLACK
6
CONTINUOUS
10
1.3630450000000001
20
1.3467257086614173
11
1.3632953149606299
21
1.3468168110236221
0
LINE
8
BLACK
6
CONTINUOUS
10
1.3632953149606299
20
1.3468168110236221
11
1.3634666141732283
21
1.3470209448818897
0
LINE
8
BLACK
6
CONTINUOUS
10
1.3634666141732283
20
1.3470209448818897
11
1.3642221653543307
21
1.3471541732283465
0
LINE
8
BLACK
6
CONTINUOUS
10
1.3642221653543307
20
1.3471541732283465
11
1.3649429921259841
21
1.3474165354330709
0
LINE
8
BLACK
6
CONTINUOUS
10
1.3649429921259841
20
1.3474165354330709
11
1.3780663385826772
21
1.3474165354330709
0
LINE
8
BLACK
6
CONTINUOUS
10
1.3780663385826772
20
1.3474165354330709
11
1.3790762598425197
21
1.3472384645669291
0
LINE
8
BLACK
6
CONTINUOUS
10
1.3678957480314959
20
1.3080464566929133
11
1.3792440157480315
21
1.3080464566929133
0
LINE
8
BLACK
6
CONTINUOUS
10
1.3792440157480315
20
1.3080464566929133
11
1.3819414960629921
21
1.3093951968503936
0
LINE
8
BLACK
6
CONTINUOUS
10
1.3819414960629921
20
1.3093951968503936
11
1.3831386614173229
21
1.3105923622047244
0
LINE
8
BLACK
6
CONTINUOUS
10
1.3831386614173229
20
1.3105923622047244
11
1.3844874015748032
21
1.3132898425196851
0
LINE
8
BLACK
6
CONTINUOUS
10
1.3844874015748032
20
1.3132898425196851
11
1.3844874015748032
21
1.3175200393700788
0
LINE
8
BLACK
6
CONTINUOUS
10
1.3844874015748032
20
1.3175200393700788
11
1.3831386614173229
21
1.3202175196850394
0
LINE
8
BLACK
6
CONTINUOUS
10
1.3831386614173229
20
1.3202175196850394
11
1.3820955905511811
21
1.3212605511811024
0
LINE
8
BLACK
6
CONTINUOUS
10
1.3820955905511811
20
1.3212605511811024
11
1.3775872047244093
21
1.3227633858267716
0
LINE
8
BLACK
6
CONTINUOUS
10
1.3775872047244093
20
1.3227633858267716
11
1.3678957480314959
21
1.3227633858267716
0
LINE
8
BLACK
6
CONTINUOUS
10
1.3678957480314959
20
1.3227633858267716
11
1.3678957480314959
21
1.3080464566929133
0
LINE
8
BLACK
6
CONTINUOUS
10
1.3678957480314959
20
1.3286688976377952
11
1.3773692913385827
21
1.3286688976377952
0
LINE
8
BLACK
6
CONTINUOUS
10
1.3773692913385827
20
1.3286688976377952
11
1.3800667716535433
21
1.3300176377952755
0
LINE
8
BLACK
6
CONTINUOUS
10
1.3800667716535433
20
1.3300176377952755
11
1.3812638976377953
21
1.3312147637795275
0
LINE
8
BLACK
6
CONTINUOUS
10
1.3812638976377953
20
1.3312147637795275
11
1.3826126377952757
21
1.3339122440944882
0
LINE
8
BLACK
6
CONTINUOUS
10
1.3826126377952757
20
1.3339122440944882
11
1.3826126377952757
21
1.3362676771653543
0
LINE
8
BLACK
6
CONTINUOUS
10
1.3826126377952757
20
1.3362676771653543
11
1.3812638976377953
21
1.338965157480315
0
LINE
8
BLACK
6
CONTINUOUS
10
1.3812638976377953
20
1.338965157480315
11
1.3800667716535433
21
1.340162283464567
0
LINE
8
BLACK
6
CONTINUOUS
10
1.3800667716535433
20
1.340162283464567
11
1.3773692913385827
21
1.3415110236220471
0
LINE
8
BLACK
6
CONTINUOUS
10
1.3773692913385827
20
1.3415110236220471
11
1.3678957480314959
21
1.3415110236220471
0
LINE
8
BLACK
6
CONTINUOUS
10
1.3678957480314959
20
1.3415110236220471
11
1.3678957480314959
21
1.3286688976377952
0
LINE
8
BLACK
6
CONTINUOUS
10
1.4553690551181102
20
1.3473394094488189
11
1.4555045669291338
21
1.3473604330708662
0
LINE
8
BLACK
6
CONTINUOUS
10
1.4555045669291338
20
1.3473604330708662
11
1.4556092125984252
21
1.3472970472440944
0
LINE
8
BLACK
6
CONTINUOUS
10
1.4556092125984252
20
1.3472970472440944
11
1.455941653543307
21
1.3472384645669291
0
LINE
8
BLACK
6
CONTINUOUS
10
1.455941653543307
20
1.3472384645669291
11
1.4565514173228347
21
1.3467267716535434
0
LINE
8
BLACK
6
CONTINUOUS
10
1.4565514173228347
20
1.3467267716535434
11
1.4572324803149606
21
1.3463145669291339
0
LINE
8
BLACK
6
CONTINUOUS
10
1.4572324803149606
20
1.3463145669291339
11
1.4573084251968504
21
1.3460915354330709
0
LINE
8
BLACK
6
CONTINUOUS
10
1.4573084251968504
20
1.3460915354330709
11
1.4574888976377953
21
1.3459401574803149
0
LINE
8
BLACK
6
CONTINUOUS
10
1.4574888976377953
20
1.3459401574803149
11
1.4576271259842519
21
1.3451561811023622
0
LINE
8
BLACK
6
CONTINUOUS
10
1.4576271259842519
20
1.3451561811023622
11
1.4578838582677165
21
1.3444026771653543
0
LINE
8
BLACK
6
CONTINUOUS
10
1.4578838582677165
20
1.3444026771653543
11
1.4577987007874016
21
1.344183031496063
0
LINE
8
BLACK
6
CONTINUOUS
10
1.4577987007874016
20
1.344183031496063
11
1.4578396456692913
21
1.3439510236220471
0
LINE
8
BLACK
6
CONTINUOUS
10
1.4578396456692913
20
1.3439510236220471
11
1.4574415354330708
21
1.3432615354330708
0
LINE
8
BLACK
6
CONTINUOUS
10
1.4574415354330708
20
1.3432615354330708
11
1.4571538976377953
21
1.3425193700787401
0
LINE
8
BLACK
6
CONTINUOUS
10
1.4571538976377953
20
1.3425193700787401
11
1.4481975590551182
21
1.3322835433070865
0
LINE
8
BLACK
6
CONTINUOUS
10
1.4481975590551182
20
1.3322835433070865
11
1.4484425984251967
21
1.3322403543307086
0
LINE
8
BLACK
6
CONTINUOUS
10
1.4484425984251967
20
1.3322403543307086
11
1.4485778346456692
21
1.3321268503937007
0
LINE
8
BLACK
6
CONTINUOUS
10
1.4485778346456692
20
1.3321268503937007
11
1.4487531889763778
21
1.3321066929133858
0
LINE
8
BLACK
6
CONTINUOUS
10
1.4487531889763778
20
1.3321066929133858
11
1.4525027165354329
21
1.3302319291338582
0
LINE
8
BLACK
6
CONTINUOUS
10
1.4525027165354329
20
1.3302319291338582
11
1.4532117716535433
21
1.3297059842519685
0
LINE
8
BLACK
6
CONTINUOUS
10
1.4532117716535433
20
1.3297059842519685
11
1.4532701181102361
21
1.3296788188976378
0
LINE
8
BLACK
6
CONTINUOUS
10
1.4532701181102361
20
1.3296788188976378
11
1.4551448818897637
21
1.3278040551181103
0
LINE
8
BLACK
6
CONTINUOUS
10
1.4551448818897637
20
1.3278040551181103
11
1.4556511417322835
21
1.3270809448818897
0
LINE
8
BLACK
6
CONTINUOUS
10
1.4556511417322835
20
1.3270809448818897
11
1.4556979921259843
21
1.3270366535433071
0
LINE
8
BLACK
6
CONTINUOUS
10
1.4556979921259843
20
1.3270366535433071
11
1.4575727559055118
21
1.323287125984252
0
LINE
8
BLACK
6
CONTINUOUS
10
1.4575727559055118
20
1.323287125984252
11
1.4578651181102362
21
1.3223042125984252
0
LINE
8
BLACK
6
CONTINUOUS
10
1.4578651181102362
20
1.3223042125984252
11
1.4578240944881888
21
1.3221324803149606
0
LINE
8
BLACK
6
CONTINUOUS
10
1.4578240944881888
20
1.3221324803149606
11
1.4578844881889763
21
1.3219666141732282
0
LINE
8
BLACK
6
CONTINUOUS
10
1.4578844881889763
20
1.3219666141732282
11
1.4578844881889763
21
1.3125927952755905
0
LINE
8
BLACK
6
CONTINUOUS
10
1.4578844881889763
20
1.3125927952755905
11
1.4577064173228347
21
1.311582874015748
0
LINE
8
BLACK
6
CONTINUOUS
10
1.4577064173228347
20
1.311582874015748
11
1.4575929133858267
21
1.3114475984251968
0
LINE
8
BLACK
6
CONTINUOUS
10
1.4575929133858267
20
1.3114475984251968
11
1.4575727559055118
21
1.3112722834645669
0
LINE
8
BLACK
6
CONTINUOUS
10
1.4575727559055118
20
1.3112722834645669
11
1.4556979921259843
21
1.3075227559055118
0
LINE
8
BLACK
6
CONTINUOUS
10
1.4556979921259843
20
1.3075227559055118
11
1.4551720866141733
21
1.3068136614173229
0
LINE
8
BLACK
6
CONTINUOUS
10
1.4551720866141733
20
1.3068136614173229
11
1.4551448818897637
21
1.3067553543307087
0
LINE
8
BLACK
6
CONTINUOUS
10
1.4551448818897637
20
1.3067553543307087
11
1.4532701181102361
21
1.3048805905511811
0
LINE
8
BLACK
6
CONTINUOUS
10
1.4532701181102361
20
1.3048805905511811
11
1.452547125984252
21
1.30437437007874
0
LINE
8
BLACK
6
CONTINUOUS
10
1.452547125984252
20
1.30437437007874
11
1.4525027559055117
21
1.3043274803149607
0
LINE
8
BLACK
6
CONTINUOUS
10
1.4525027559055117
20
1.3043274803149607
11
1.4487532283464566
21
1.3024526771653544
0
LINE
8
BLACK
6
CONTINUOUS
10
1.4487532283464566
20
1.3024526771653544
11
1.447770275590551
21
1.3021603149606298
0
LINE
8
BLACK
6
CONTINUOUS
10
1.447770275590551
20
1.3021603149606298
11
1.4475985433070866
21
1.3022012992125984
0
LINE
8
BLACK
6
CONTINUOUS
10
1.4475985433070866
20
1.3022012992125984
11
1.4474326771653543
21
1.3021409448818897
0
LINE
8
BLACK
6
CONTINUOUS
10
1.4474326771653543
20
1.3021409448818897
11
1.436184094488189
21
1.3021409448818897
0
LINE
8
BLACK
6
CONTINUOUS
10
1.436184094488189
20
1.3021409448818897
11
1.4351741732283465
21
1.3023190157480315
0
LINE
8
BLACK
6
CONTINUOUS
10
1.4351741732283465
20
1.3023190157480315
11
1.4350388976377952
21
1.3024324803149605
0
LINE
8
BLACK
6
CONTINUOUS
10
1.4350388976377952
20
1.3024324803149605
11
1.4348635826771654
21
1.3024526771653544
0
LINE
8
BLACK
6
CONTINUOUS
10
1.4348635826771654
20
1.3024526771653544
11
1.4311140157480315
21
1.3043274803149607
0
LINE
8
BLACK
6
CONTINUOUS
10
1.4311140157480315
20
1.3043274803149607
11
1.4304049999999999
21
1.3048533464566929
0
LINE
8
BLACK
6
CONTINUOUS
10
1.4304049999999999
20
1.3048533464566929
11
1.4303466535433071
21
1.3048805905511811
0
LINE
8
BLACK
6
CONTINUOUS
10
1.4303466535433071
20
1.3048805905511811
11
1.4284718897637796
21
1.3067553543307087
0
LINE
8
BLACK
6
CONTINUOUS
10
1.4284718897637796
20
1.3067553543307087
11
1.4278837007874015
21
1.3075953937007874
0
LINE
8
BLACK
6
CONTINUOUS
10
1.4278837007874015
20
1.3075953937007874
11
1.4277076377952755
21
1.3096074803149607
0
LINE
8
BLACK
6
CONTINUOUS
10
1.4277076377952755
20
1.3096074803149607
11
1.4288661811023622
21
1.3112620472440946
0
LINE
8
BLACK
6
CONTINUOUS
10
1.4288661811023622
20
1.3112620472440946
11
1.4308171259842519
21
1.3117847637795275
0
LINE
8
BLACK
6
CONTINUOUS
10
1.4308171259842519
20
1.3117847637795275
11
1.432647716535433
21
1.3109311811023621
0
LINE
8
BLACK
6
CONTINUOUS
10
1.432647716535433
20
1.3109311811023621
11
1.4341836220472441
21
1.3093952362204724
0
LINE
8
BLACK
6
CONTINUOUS
10
1.4341836220472441
20
1.3093952362204724
11
1.4368811811023621
21
1.3080464566929133
0
LINE
8
BLACK
6
CONTINUOUS
10
1.4368811811023621
20
1.3080464566929133
11
1.4467355905511812
21
1.3080464566929133
0
LINE
8
BLACK
6
CONTINUOUS
10
1.4467355905511812
20
1.3080464566929133
11
1.4494330708661416
21
1.3093951968503936
0
LINE
8
BLACK
6
CONTINUOUS
10
1.4494330708661416
20
1.3093951968503936
11
1.4506302362204724
21
1.3105923622047244
0
LINE
8
BLACK
6
CONTINUOUS
10
1.4506302362204724
20
1.3105923622047244
11
1.4519789763779527
21
1.3132898425196851
0
LINE
8
BLACK
6
CONTINUOUS
10
1.4519789763779527
20
1.3132898425196851
11
1.4519789763779527
21
1.3212695669291339
0
LINE
8
BLACK
6
CONTINUOUS
10
1.4519789763779527
20
1.3212695669291339
11
1.4506302362204724
21
1.3239670472440945
0
LINE
8
BLACK
6
CONTINUOUS
10
1.4506302362204724
20
1.3239670472440945
11
1.4494331102362203
21
1.3251641732283463
0
LINE
8
BLACK
6
CONTINUOUS
10
1.4494331102362203
20
1.3251641732283463
11
1.4467356299212597
21
1.3265129133858267
0
LINE
8
BLACK
6
CONTINUOUS
10
1.4467356299212597
20
1.3265129133858267
11
1.4418083858267716
21
1.3265129133858267
0
LINE
8
BLACK
6
CONTINUOUS
10
1.4418083858267716
20
1.3265129133858267
11
1.4413710236220472
21
1.3265899999999999
0
LINE
8
BLACK
6
CONTINUOUS
10
1.4413710236220472
20
1.3265899999999999
11
1.4412355511811024
21
1.3265690157480314
0
LINE
8
BLACK
6
CONTINUOUS
10
1.4412355511811024
20
1.3265690157480314
11
1.4411308661417324
21
1.3266323622047245
0
LINE
8
BLACK
6
CONTINUOUS
10
1.4411308661417324
20
1.3266323622047245
11
1.4407984645669292
21
1.3266909842519685
0
LINE
8
BLACK
6
CONTINUOUS
10
1.4407984645669292
20
1.3266909842519685
11
1.4401886614173227
21
1.3272026377952755
0
LINE
8
BLACK
6
CONTINUOUS
10
1.4401886614173227
20
1.3272026377952755
11
1.4395076377952756
21
1.3276148818897637
0
LINE
8
BLACK
6
CONTINUOUS
10
1.4395076377952756
20
1.3276148818897637
11
1.4394316535433072
21
1.3278378740157479
0
LINE
8
BLACK
6
CONTINUOUS
10
1.4394316535433072
20
1.3278378740157479
11
1.4392512204724408
21
1.3279892913385827
0
LINE
8
BLACK
6
CONTINUOUS
10
1.4392512204724408
20
1.3279892913385827
11
1.4391129527559055
21
1.3287732283464566
0
LINE
8
BLACK
6
CONTINUOUS
10
1.4391129527559055
20
1.3287732283464566
11
1.4388562598425196
21
1.3295267716535433
0
LINE
8
BLACK
6
CONTINUOUS
10
1.4388562598425196
20
1.3295267716535433
11
1.4389413779527558
21
1.3297463779527559
0
LINE
8
BLACK
6
CONTINUOUS
10
1.4389413779527558
20
1.3297463779527559
11
1.4389004724409449
21
1.3299784251968503
0
LINE
8
BLACK
6
CONTINUOUS
10
1.4389004724409449
20
1.3299784251968503
11
1.4392985433070866
21
1.330667874015748
0
LINE
8
BLACK
6
CONTINUOUS
10
1.4392985433070866
20
1.330667874015748
11
1.439586220472441
21
1.3314100787401575
0
LINE
8
BLACK
6
CONTINUOUS
10
1.439586220472441
20
1.3314100787401575
11
1.4484245669291338
21
1.3415110236220471
0
LINE
8
BLACK
6
CONTINUOUS
10
1.4484245669291338
20
1.3415110236220471
11
1.4305598031496063
21
1.3415110236220471
0
LINE
8
BLACK
6
CONTINUOUS
10
1.4305598031496063
20
1.3415110236220471
11
1.4295498818897638
21
1.341689094488189
0
LINE
8
BLACK
6
CONTINUOUS
10
1.4295498818897638
20
1.341689094488189
11
1.4280026377952755
21
1.3429874015748031
0
LINE
8
BLACK
6
CONTINUOUS
10
1.4280026377952755
20
1.3429874015748031
11
1.4276518897637795
21
1.3449765354330709
0
LINE
8
BLACK
6
CONTINUOUS
10
1.4276518897637795
20
1.3449765354330709
11
1.428661811023622
21
1.3467257086614173
0
LINE
8
BLACK
6
CONTINUOUS
10
1.428661811023622
20
1.3467257086614173
11
1.4305598031496063
21
1.3474165354330709
0
LINE
8
BLACK
6
CONTINUOUS
10
1.4305598031496063
20
1.3474165354330709
11
1.4549317322834645
21
1.3474165354330709
0
LINE
8
BLACK
6
CONTINUOUS
10
1.4549317322834645
20
1.3474165354330709
11
1.4553690551181102
21
1.3473394094488189
0
LINE
8
BLACK
6
CONTINUOUS
10
1.4221958661417322
20
1.3472384645669291
11
1.4237431102362204
21
1.3459401574803149
0
LINE
8
BLACK
6
CONTINUOUS
10
1.4237431102362204
20
1.3459401574803149
11
1.4240938582677165
21
1.3439510236220471
0
LINE
8
BLACK
6
CONTINUOUS
10
1.4240938582677165
20
1.3439510236220471
11
1.4230839370078741
21
1.3422018503937008
0
LINE
8
BLACK
6
CONTINUOUS
10
1.4230839370078741
20
1.3422018503937008
11
1.4211859448818898
21
1.3415110236220471
0
LINE
8
BLACK
6
CONTINUOUS
10
1.4211859448818898
20
1.3415110236220471
11
1.4128901181102362
21
1.3415110236220471
0
LINE
8
BLACK
6
CONTINUOUS
10
1.4128901181102362
20
1.3415110236220471
11
1.4128901181102362
21
1.3050937007874015
0
LINE
8
BLACK
6
CONTINUOUS
10
1.4128901181102362
20
1.3050937007874015
11
1.4127120472440944
21
1.3040837795275591
0
LINE
8
BLACK
6
CONTINUOUS
10
1.4127120472440944
20
1.3040837795275591
11
1.4114137401574802
21
1.3025365354330709
0
LINE
8
BLACK
6
CONTINUOUS
10
1.4114137401574802
20
1.3025365354330709
11
1.4094246062992126
21
1.3021857874015748
0
LINE
8
BLACK
6
CONTINUOUS
10
1.4094246062992126
20
1.3021857874015748
11
1.4076754330708661
21
1.3031957086614172
0
LINE
8
BLACK
6
CONTINUOUS
10
1.4076754330708661
20
1.3031957086614172
11
1.4069846062992126
21
1.3050937007874015
0
LINE
8
BLACK
6
CONTINUOUS
10
1.4069846062992126
20
1.3050937007874015
11
1.4069846062992126
21
1.3415110236220471
0
LINE
8
BLACK
6
CONTINUOUS
10
1.4069846062992126
20
1.3415110236220471
11
1.3986887795275591
21
1.3415110236220471
0
LINE
8
BLACK
6
CONTINUOUS
10
1.3986887795275591
20
1.3415110236220471
11
1.3976788582677164
21
1.341689094488189
0
LINE
8
BLACK
6
CONTINUOUS
10
1.3976788582677164
20
1.341689094488189
11
1.3961316141732283
21
1.3429874015748031
0
LINE
8
BLACK
6
CONTINUOUS
10
1.3961316141732283
20
1.3429874015748031
11
1.3957808661417324
21
1.3449765354330709
0
LINE
8
BLACK
6
CONTINUOUS
10
1.3957808661417324
20
1.3449765354330709
11
1.3967907874015748
21
1.3467257086614173
0
LINE
8
BLACK
6
CONTINUOUS
10
1.3967907874015748
20
1.3467257086614173
11
1.3986887795275591
21
1.3474165354330709
0
LINE
8
BLACK
6
CONTINUOUS
10
1.3986887795275591
20
1.3474165354330709
11
1.4211859448818898
21
1.3474165354330709
0
LINE
8
BLACK
6
CONTINUOUS
10
1.4211859448818898
20
1.3474165354330709
11
1.4221958661417322
21
1.3472384645669291
0
LINE
8
BLACK
6
CONTINUOUS
10
0.9374613385826771
20
1.3482384645669292
11
0.9375965748031496
21
1.3481249606299213
0
LINE
8
BLACK
6
CONTINUOUS
10
0.9375965748031496
20
1.3481249606299213
11
0.9377719291338582
21
1.3481048031496063
0
LINE
8
BLACK
6
CONTINUOUS
10
0.9377719291338582
20
1.3481048031496063
11
0.9415214566929133
21
1.3462300393700788
0
LINE
8
BLACK
6
CONTINUOUS
10
0.9415214566929133
20
1.3462300393700788
11
0.9422305118110236
21
1.3457040944881888
0
LINE
8
BLACK
6
CONTINUOUS
10
0.9422305118110236
20
1.3457040944881888
11
0.9422888582677165
21
1.3456769291338582
0
LINE
8
BLACK
6
CONTINUOUS
10
0.9422888582677165
20
1.3456769291338582
11
0.944163622047244
21
1.3438021653543306
0
LINE
8
BLACK
6
CONTINUOUS
10
0.944163622047244
20
1.3438021653543306
11
0.9446698818897638
21
1.3430790551181102
0
LINE
8
BLACK
6
CONTINUOUS
10
0.9446698818897638
20
1.3430790551181102
11
0.9447167322834645
21
1.3430347637795275
0
LINE
8
BLACK
6
CONTINUOUS
10
0.9447167322834645
20
1.3430347637795275
11
0.9465914960629921
21
1.3392852362204724
0
LINE
8
BLACK
6
CONTINUOUS
10
0.9465914960629921
20
1.3392852362204724
11
0.9468838582677165
21
1.3383023228346456
0
LINE
8
BLACK
6
CONTINUOUS
10
0.9468838582677165
20
1.3383023228346456
11
0.9468428346456693
21
1.3381305905511811
0
LINE
8
BLACK
6
CONTINUOUS
10
0.9468428346456693
20
1.3381305905511811
11
0.9469032283464567
21
1.3379647244094488
0
LINE
8
BLACK
6
CONTINUOUS
10
0.9469032283464567
20
1.3379647244094488
11
0.9469032283464567
21
1.3342151968503937
0
LINE
8
BLACK
6
CONTINUOUS
10
0.9469032283464567
20
1.3342151968503937
11
0.9467251574803149
21
1.3332052755905512
0
LINE
8
BLACK
6
CONTINUOUS
10
0.9467251574803149
20
1.3332052755905512
11
0.9466116535433071
21
1.33307
0
LINE
8
BLACK
6
CONTINUOUS
10
0.9466116535433071
20
1.33307
11
0.9465914960629921
21
1.3328946850393701
0
LINE
8
BLACK
6
CONTINUOUS
10
0.9465914960629921
20
1.3328946850393701
11
0.9447167322834645
21
1.329145157480315
0
LINE
8
BLACK
6
CONTINUOUS
10
0.9447167322834645
20
1.329145157480315
11
0.9441908267716536
21
1.3284360629921259
0
LINE
8
BLACK
6
CONTINUOUS
10
0.9441908267716536
20
1.3284360629921259
11
0.944163622047244
21
1.3283777559055119
0
LINE
8
BLACK
6
CONTINUOUS
10
0.944163622047244
20
1.3283777559055119
11
0.9432812598425196
21
1.3274953937007874
0
LINE
8
BLACK
6
CONTINUOUS
10
0.9432812598425196
20
1.3274953937007874
11
0.9439112204724409
21
1.3271543307086613
0
LINE
8
BLACK
6
CONTINUOUS
10
0.9439112204724409
20
1.3271543307086613
11
0.9440036220472441
21
1.3270038582677166
0
LINE
8
BLACK
6
CONTINUOUS
10
0.9440036220472441
20
1.3270038582677166
11
0.944163622047244
21
1.3269292913385826
0
LINE
8
BLACK
6
CONTINUOUS
10
0.944163622047244
20
1.3269292913385826
11
0.9460383858267716
21
1.3250545275590551
0
LINE
8
BLACK
6
CONTINUOUS
10
0.9460383858267716
20
1.3250545275590551
11
0.9465446456692913
21
1.3243314173228347
0
LINE
8
BLACK
6
CONTINUOUS
10
0.9465446456692913
20
1.3243314173228347
11
0.9465914960629921
21
1.3242871259842519
0
LINE
8
BLACK
6
CONTINUOUS
10
0.9465914960629921
20
1.3242871259842519
11
0.9484662598425196
21
1.3205375984251968
0
LINE
8
BLACK
6
CONTINUOUS
10
0.9484662598425196
20
1.3205375984251968
11
0.948758622047244
21
1.31955468503937
0
LINE
8
BLACK
6
CONTINUOUS
10
0.948758622047244
20
1.31955468503937
11
0.9487175984251969
21
1.3193829527559056
0
LINE
8
BLACK
6
CONTINUOUS
10
0.9487175984251969
20
1.3193829527559056
11
0.9487779921259842
21
1.3192170866141733
0
LINE
8
BLACK
6
CONTINUOUS
10
0.9487779921259842
20
1.3192170866141733
11
0.9487779921259842
21
1.3135927952755906
0
LINE
8
BLACK
6
CONTINUOUS
10
0.9487779921259842
20
1.3135927952755906
11
0.9485999212598425
21
1.3125828740157479
0
LINE
8
BLACK
6
CONTINUOUS
10
0.9485999212598425
20
1.3125828740157479
11
0.9484864173228347
21
1.3124475984251969
0
LINE
8
BLACK
6
CONTINUOUS
10
0.9484864173228347
20
1.3124475984251969
11
0.9484662598425196
21
1.3122722834645668
0
LINE
8
BLACK
6
CONTINUOUS
10
0.9484662598425196
20
1.3122722834645668
11
0.9465914960629921
21
1.3085227559055117
0
LINE
8
BLACK
6
CONTINUOUS
10
0.9465914960629921
20
1.3085227559055117
11
0.9460655905511811
21
1.3078136614173228
0
LINE
8
BLACK
6
CONTINUOUS
10
0.9460655905511811
20
1.3078136614173228
11
0.9460383858267716
21
1.3077553543307086
0
LINE
8
BLACK
6
CONTINUOUS
10
0.9460383858267716
20
1.3077553543307086
11
0.944163622047244
21
1.305880590551181
0
LINE
8
BLACK
6
CONTINUOUS
10
0.944163622047244
20
1.305880590551181
11
0.9434406299212598
21
1.3053743700787401
0
LINE
8
BLACK
6
CONTINUOUS
10
0.9434406299212598
20
1.3053743700787401
11
0.9433962598425196
21
1.3053274803149606
0
LINE
8
BLACK
6
CONTINUOUS
10
0.9433962598425196
20
1.3053274803149606
11
0.9396467322834645
21
1.3034526771653543
0
LINE
8
BLACK
6
CONTINUOUS
10
0.9396467322834645
20
1.3034526771653543
11
0.9386637795275591
21
1.3031603149606299
0
LINE
8
BLACK
6
CONTINUOUS
10
0.9386637795275591
20
1.3031603149606299
11
0.9384920472440945
21
1.3032012992125983
0
LINE
8
BLACK
6
CONTINUOUS
10
0.9384920472440945
20
1.3032012992125983
11
0.9383261811023622
21
1.3031409448818898
0
LINE
8
BLACK
6
CONTINUOUS
10
0.9383261811023622
20
1.3031409448818898
11
0.9233280708661417
21
1.3031409448818898
0
LINE
8
BLACK
6
CONTINUOUS
10
0.9233280708661417
20
1.3031409448818898
11
0.9229445275590551
21
1.3032085433070866
0
LINE
8
BLACK
6
CONTINUOUS
10
0.9229445275590551
20
1.3032085433070866
11
0.9228153149606299
21
1.3031857874015749
0
LINE
8
BLACK
6
CONTINUOUS
10
0.9228153149606299
20
1.3031857874015749
11
0.9227016929133858
21
1.3032513779527559
0
LINE
8
BLACK
6
CONTINUOUS
10
0.9227016929133858
20
1.3032513779527559
11
0.9223181496062992
21
1.3033190157480314
0
LINE
8
BLACK
6
CONTINUOUS
10
0.9223181496062992
20
1.3033190157480314
11
0.9217304330708661
21
1.3038121259842519
0
LINE
8
BLACK
6
CONTINUOUS
10
0.9217304330708661
20
1.3038121259842519
11
0.9210661417322834
21
1.3041957086614173
0
LINE
8
BLACK
6
CONTINUOUS
10
0.9210661417322834
20
1.3041957086614173
11
0.920975
21
1.3044460236220472
0
LINE
8
BLACK
6
CONTINUOUS
10
0.920975
20
1.3044460236220472
11
0.920770905511811
21
1.3046173228346456
0
LINE
8
BLACK
6
CONTINUOUS
10
0.920770905511811
20
1.3046173228346456
11
0.9206376377952755
21
1.305372874015748
0
LINE
8
BLACK
6
CONTINUOUS
10
0.9206376377952755
20
1.305372874015748
11
0.9203753149606299
21
1.3060937007874016
0
LINE
8
BLACK
6
CONTINUOUS
10
0.9203753149606299
20
1.3060937007874016
11
0.9203753149606299
21
1.345463779527559
0
LINE
8
BLACK
6
CONTINUOUS
10
0.9203753149606299
20
1.345463779527559
11
0.9204429133858267
21
1.3458472834645669
0
LINE
8
BLACK
6
CONTINUOUS
10
0.9204429133858267
20
1.3458472834645669
11
0.9204201574803149
21
1.3459765354330708
0
LINE
8
BLACK
6
CONTINUOUS
10
0.9204201574803149
20
1.3459765354330708
11
0.9204857480314961
21
1.3460901181102363
0
LINE
8
BLACK
6
CONTINUOUS
10
0.9204857480314961
20
1.3460901181102363
11
0.9205533858267716
21
1.3464737007874015
0
LINE
8
BLACK
6
CONTINUOUS
10
0.9205533858267716
20
1.3464737007874015
11
0.9210464960629922
21
1.3470613779527558
0
LINE
8
BLACK
6
CONTINUOUS
10
0.9210464960629922
20
1.3470613779527558
11
0.9214300787401575
21
1.3477257086614174
0
LINE
8
BLACK
6
CONTINUOUS
10
0.9214300787401575
20
1.3477257086614174
11
0.9216803937007874
21
1.3478168110236219
0
LINE
8
BLACK
6
CONTINUOUS
10
0.9216803937007874
20
1.3478168110236219
11
0.9218516929133858
21
1.3480209448818898
0
LINE
8
BLACK
6
CONTINUOUS
10
0.9218516929133858
20
1.3480209448818898
11
0.9226072440944881
21
1.3481541732283464
0
LINE
8
BLACK
6
CONTINUOUS
10
0.9226072440944881
20
1.3481541732283464
11
0.9233280708661417
21
1.3484165354330708
0
LINE
8
BLACK
6
CONTINUOUS
10
0.9233280708661417
20
1.3484165354330708
11
0.9364514173228347
21
1.3484165354330708
0
LINE
8
BLACK
6
CONTINUOUS
10
0.9364514173228347
20
1.3484165354330708
11
0.9374613385826771
21
1.3482384645669292
0
LINE
8
BLACK
6
CONTINUOUS
10
0.9262808267716536
20
1.3090464566929134
11
0.937629094488189
21
1.3090464566929134
0
LINE
8
BLACK
6
CONTINUOUS
10
0.937629094488189
20
1.3090464566929134
11
0.9403265748031496
21
1.3103951968503937
0
LINE
8
BLACK
6
CONTINUOUS
10
0.9403265748031496
20
1.3103951968503937
11
0.9415237401574803
21
1.3115923622047243
0
LINE
8
BLACK
6
CONTINUOUS
10
0.9415237401574803
20
1.3115923622047243
11
0.9428724803149606
21
1.3142898425196849
0
LINE
8
BLACK
6
CONTINUOUS
10
0.9428724803149606
20
1.3142898425196849
11
0.9428724803149606
21
1.3185200393700787
0
LINE
8
BLACK
6
CONTINUOUS
10
0.9428724803149606
20
1.3185200393700787
11
0.9415237401574803
21
1.3212175196850393
0
LINE
8
BLACK
6
CONTINUOUS
10
0.9415237401574803
20
1.3212175196850393
11
0.9404806692913386
21
1.3222605511811023
0
LINE
8
BLACK
6
CONTINUOUS
10
0.9404806692913386
20
1.3222605511811023
11
0.935972283464567
21
1.3237633858267717
0
LINE
8
BLACK
6
CONTINUOUS
10
0.935972283464567
20
1.3237633858267717
11
0.9262808267716536
21
1.3237633858267717
0
LINE
8
BLACK
6
CONTINUOUS
10
0.9262808267716536
20
1.3237633858267717
11
0.9262808267716536
21
1.3090464566929134
0
LINE
8
BLACK
6
CONTINUOUS
10
0.9262808267716536
20
1.3296688976377953
11
0.9357543700787402
21
1.3296688976377953
0
LINE
8
BLACK
6
CONTINUOUS
10
0.9357543700787402
20
1.3296688976377953
11
0.9384518503937007
21
1.3310176377952756
0
LINE
8
BLACK
6
CONTINUOUS
10
0.9384518503937007
20
1.3310176377952756
11
0.9396489763779527
21
1.3322147637795276
0
LINE
8
BLACK
6
CONTINUOUS
10
0.9396489763779527
20
1.3322147637795276
11
0.9409977165354331
21
1.3349122440944881
0
LINE
8
BLACK
6
CONTINUOUS
10
0.9409977165354331
20
1.3349122440944881
11
0.9409977165354331
21
1.3372676771653542
0
LINE
8
BLACK
6
CONTINUOUS
10
0.9409977165354331
20
1.3372676771653542
11
0.9396489763779527
21
1.3399651574803149
0
LINE
8
BLACK
6
CONTINUOUS
10
0.9396489763779527
20
1.3399651574803149
11
0.9384518503937007
21
1.3411622834645669
0
LINE
8
BLACK
6
CONTINUOUS
10
0.9384518503937007
20
1.3411622834645669
11
0.9357543700787402
21
1.3425110236220472
0
LINE
8
BLACK
6
CONTINUOUS
10
0.9357543700787402
20
1.3425110236220472
11
0.9262808267716536
21
1.3425110236220472
0
LINE
8
BLACK
6
CONTINUOUS
10
0.9262808267716536
20
1.3425110236220472
11
0.9262808267716536
21
1.3296688976377953
0
LINE
8
BLACK
6
CONTINUOUS
10
1.0180762598425197
20
1.3482384645669292
11
1.018211496062992
21
1.3481249606299213
0
LINE
8
BLACK
6
CONTINUOUS
10
1.018211496062992
20
1.3481249606299213
11
1.0183868503937008
21
1.3481048031496063
0
LINE
8
BLACK
6
CONTINUOUS
10
1.0183868503937008
20
1.3481048031496063
11
1.0221363779527559
21
1.3462300393700788
0
LINE
8
BLACK
6
CONTINUOUS
10
1.0221363779527559
20
1.3462300393700788
11
1.0228454330708661
21
1.3457040944881888
0
LINE
8
BLACK
6
CONTINUOUS
10
1.0228454330708661
20
1.3457040944881888
11
1.0229037795275591
21
1.3456769291338582
0
LINE
8
BLACK
6
CONTINUOUS
10
1.0229037795275591
20
1.3456769291338582
11
1.0247785433070866
21
1.3438021653543306
0
LINE
8
BLACK
6
CONTINUOUS
10
1.0247785433070866
20
1.3438021653543306
11
1.0252848031496062
21
1.3430790551181102
0
LINE
8
BLACK
6
CONTINUOUS
10
1.0252848031496062
20
1.3430790551181102
11
1.025331653543307
21
1.3430347637795275
0
LINE
8
BLACK
6
CONTINUOUS
10
1.025331653543307
20
1.3430347637795275
11
1.0272064173228346
21
1.3392852362204724
0
LINE
8
BLACK
6
CONTINUOUS
10
1.0272064173228346
20
1.3392852362204724
11
1.027498779527559
21
1.3383023228346456
0
LINE
8
BLACK
6
CONTINUOUS
10
1.027498779527559
20
1.3383023228346456
11
1.0274577559055118
21
1.3381305905511811
0
LINE
8
BLACK
6
CONTINUOUS
10
1.0274577559055118
20
1.3381305905511811
11
1.0275181496062993
21
1.3379647244094488
0
LINE
8
BLACK
6
CONTINUOUS
10
1.0275181496062993
20
1.3379647244094488
11
1.0275181496062993
21
1.3342151968503937
0
LINE
8
BLACK
6
CONTINUOUS
10
1.0275181496062993
20
1.3342151968503937
11
1.0273648425196851
21
1.3333457874015748
0
LINE
8
BLACK
6
CONTINUOUS
10
1.0273648425196851
20
1.3333457874015748
11
1.0273666141732283
21
1.3332814173228347
0
LINE
8
BLACK
6
CONTINUOUS
10
1.0273666141732283
20
1.3332814173228347
11
1.0254918503937007
21
1.3276571653543308
0
LINE
8
BLACK
6
CONTINUOUS
10
1.0254918503937007
20
1.3276571653543308
11
1.0250035433070865
21
1.3267553937007874
0
LINE
8
BLACK
6
CONTINUOUS
10
1.0250035433070865
20
1.3267553937007874
11
1.0248531496062991
21
1.3266629921259843
0
LINE
8
BLACK
6
CONTINUOUS
10
1.0248531496062991
20
1.3266629921259843
11
1.0247785433070866
21
1.3265029921259843
0
LINE
8
BLACK
6
CONTINUOUS
10
1.0247785433070866
20
1.3265029921259843
11
1.0073220472440945
21
1.3090464566929134
0
LINE
8
BLACK
6
CONTINUOUS
10
1.0073220472440945
20
1.3090464566929134
11
1.0245653937007875
21
1.3090464566929134
0
LINE
8
BLACK
6
CONTINUOUS
10
1.0245653937007875
20
1.3090464566929134
11
1.0255753149606299
21
1.3088683858267716
0
LINE
8
BLACK
6
CONTINUOUS
10
1.0255753149606299
20
1.3088683858267716
11
1.0271225590551181
21
1.3075700787401574
0
LINE
8
BLACK
6
CONTINUOUS
10
1.0271225590551181
20
1.3075700787401574
11
1.0274733070866142
21
1.3055809448818898
0
LINE
8
BLACK
6
CONTINUOUS
10
1.0274733070866142
20
1.3055809448818898
11
1.0264633858267715
21
1.3038317716535432
0
LINE
8
BLACK
6
CONTINUOUS
10
1.0264633858267715
20
1.3038317716535432
11
1.0245653937007875
21
1.3031409448818898
0
LINE
8
BLACK
6
CONTINUOUS
10
1.0245653937007875
20
1.3031409448818898
11
1.000193464566929
21
1.3031409448818898
0
LINE
8
BLACK
6
CONTINUOUS
10
1.000193464566929
20
1.3031409448818898
11
0.9995587007874015
21
1.3032528346456693
0
LINE
8
BLACK
6
CONTINUOUS
10
0.9995587007874015
20
1.3032528346456693
11
0.999429251968504
21
1.3032415354330709
0
LINE
8
BLACK
6
CONTINUOUS
10
0.999429251968504
20
1.3032415354330709
11
0.9993640157480315
21
1.3032871653543308
0
LINE
8
BLACK
6
CONTINUOUS
10
0.9993640157480315
20
1.3032871653543308
11
0.9991835433070866
21
1.3033190157480314
0
LINE
8
BLACK
6
CONTINUOUS
10
0.9991835433070866
20
1.3033190157480314
11
0.9985026771653543
21
1.3038902755905513
0
LINE
8
BLACK
6
CONTINUOUS
10
0.9985026771653543
20
1.3038902755905513
11
0.9977746850393701
21
1.3044000787401575
0
LINE
8
BLACK
6
CONTINUOUS
10
0.9977746850393701
20
1.3044000787401575
11
0.9977397244094488
21
1.3045305118110235
0
LINE
8
BLACK
6
CONTINUOUS
10
0.9977397244094488
20
1.3045305118110235
11
0.9976362992125984
21
1.3046173228346456
0
LINE
8
BLACK
6
CONTINUOUS
10
0.9976362992125984
20
1.3046173228346456
11
0.9974819291338582
21
1.3054926377952756
0
LINE
8
BLACK
6
CONTINUOUS
10
0.9974819291338582
20
1.3054926377952756
11
0.9972519685039369
21
1.3063510236220472
0
LINE
8
BLACK
6
CONTINUOUS
10
0.9972519685039369
20
1.3063510236220472
11
0.9973090157480314
21
1.3064733464566929
0
LINE
8
BLACK
6
CONTINUOUS
10
0.9973090157480314
20
1.3064733464566929
11
0.9972855511811023
21
1.3066064566929134
0
LINE
8
BLACK
6
CONTINUOUS
10
0.9972855511811023
20
1.3066064566929134
11
0.9977301574803149
21
1.3073765354330709
0
LINE
8
BLACK
6
CONTINUOUS
10
0.9977301574803149
20
1.3073765354330709
11
0.9981055511811023
21
1.3081816141732283
0
LINE
8
BLACK
6
CONTINUOUS
10
0.9981055511811023
20
1.3081816141732283
11
1.0201098031496063
21
1.330185905511811
0
LINE
8
BLACK
6
CONTINUOUS
10
1.0201098031496063
20
1.330185905511811
11
1.0216126377952757
21
1.3346943307086614
0
LINE
8
BLACK
6
CONTINUOUS
10
1.0216126377952757
20
1.3346943307086614
11
1.0216126377952757
21
1.3372676771653542
0
LINE
8
BLACK
6
CONTINUOUS
10
1.0216126377952757
20
1.3372676771653542
11
1.0202638976377953
21
1.3399651574803149
0
LINE
8
BLACK
6
CONTINUOUS
10
1.0202638976377953
20
1.3399651574803149
11
1.0190667716535433
21
1.3411622834645669
0
LINE
8
BLACK
6
CONTINUOUS
10
1.0190667716535433
20
1.3411622834645669
11
1.0163692913385827
21
1.3425110236220472
0
LINE
8
BLACK
6
CONTINUOUS
10
1.0163692913385827
20
1.3425110236220472
11
1.0083895669291338
21
1.3425110236220472
0
LINE
8
BLACK
6
CONTINUOUS
10
1.0083895669291338
20
1.3425110236220472
11
1.0056920866141732
21
1.3411622834645669
0
LINE
8
BLACK
6
CONTINUOUS
10
1.0056920866141732
20
1.3411622834645669
11
1.0041561417322835
21
1.3396263385826772
0
LINE
8
BLACK
6
CONTINUOUS
10
1.0041561417322835
20
1.3396263385826772
11
1.0033161023622048
21
1.3390381496062991
0
LINE
8
BLACK
6
CONTINUOUS
10
1.0033161023622048
20
1.3390381496062991
11
1.0013040157480315
21
1.3388620866141732
0
LINE
8
BLACK
6
CONTINUOUS
10
1.0013040157480315
20
1.3388620866141732
11
0.9996494488188976
21
1.3400206299212598
0
LINE
8
BLACK
6
CONTINUOUS
10
0.9996494488188976
20
1.3400206299212598
11
0.9991267322834645
21
1.3419715748031495
0
LINE
8
BLACK
6
CONTINUOUS
10
0.9991267322834645
20
1.3419715748031495
11
0.9999803149606299
21
1.3438021653543306
0
LINE
8
BLACK
6
CONTINUOUS
10
0.9999803149606299
20
1.3438021653543306
11
1.0018550787401574
21
1.3456769291338582
0
LINE
8
BLACK
6
CONTINUOUS
10
1.0018550787401574
20
1.3456769291338582
11
1.0025781496062991
21
1.346183188976378
0
LINE
8
BLACK
6
CONTINUOUS
10
1.0025781496062991
20
1.346183188976378
11
1.0026224803149606
21
1.3462300393700788
0
LINE
8
BLACK
6
CONTINUOUS
10
1.0026224803149606
20
1.3462300393700788
11
1.0063720078740157
21
1.3481048031496063
0
LINE
8
BLACK
6
CONTINUOUS
10
1.0063720078740157
20
1.3481048031496063
11
1.0073549212598425
21
1.3483971653543307
0
LINE
8
BLACK
6
CONTINUOUS
10
1.0073549212598425
20
1.3483971653543307
11
1.0075266141732284
21
1.3483561417322834
0
LINE
8
BLACK
6
CONTINUOUS
10
1.0075266141732284
20
1.3483561417322834
11
1.0076925196850393
21
1.3484165354330708
0
LINE
8
BLACK
6
CONTINUOUS
10
1.0076925196850393
20
1.3484165354330708
11
1.017066338582677
21
1.3484165354330708
0
LINE
8
BLACK
6
CONTINUOUS
10
1.017066338582677
20
1.3484165354330708
11
1.0180762598425197
21
1.3482384645669292
0
LINE
8
BLACK
6
CONTINUOUS
10
1.062498031496063
20
1.3483394094488188
11
1.0626335433070866
21
1.3483604330708661
0
LINE
8
BLACK
6
CONTINUOUS
10
1.0626335433070866
20
1.3483604330708661
11
1.0627381889763778
21
1.3482970472440945
0
LINE
8
BLACK
6
CONTINUOUS
10
1.0627381889763778
20
1.3482970472440945
11
1.0630706299212598
21
1.3482384645669292
0
LINE
8
BLACK
6
CONTINUOUS
10
1.0630706299212598
20
1.3482384645669292
11
1.0636803937007875
21
1.3477267716535433
0
LINE
8
BLACK
6
CONTINUOUS
10
1.0636803937007875
20
1.3477267716535433
11
1.0643614566929134
21
1.3473145669291338
0
LINE
8
BLACK
6
CONTINUOUS
10
1.0643614566929134
20
1.3473145669291338
11
1.064437401574803
21
1.3470915354330708
0
LINE
8
BLACK
6
CONTINUOUS
10
1.064437401574803
20
1.3470915354330708
11
1.0646178740157479
21
1.346940157480315
0
LINE
8
BLACK
6
CONTINUOUS
10
1.0646178740157479
20
1.346940157480315
11
1.0647561023622047
21
1.3461561811023621
0
LINE
8
BLACK
6
CONTINUOUS
10
1.0647561023622047
20
1.3461561811023621
11
1.0650128346456693
21
1.3454026771653542
0
LINE
8
BLACK
6
CONTINUOUS
10
1.0650128346456693
20
1.3454026771653542
11
1.0649276771653544
21
1.3451830314960629
0
LINE
8
BLACK
6
CONTINUOUS
10
1.0649276771653544
20
1.3451830314960629
11
1.0649686220472441
21
1.3449510236220472
0
LINE
8
BLACK
6
CONTINUOUS
10
1.0649686220472441
20
1.3449510236220472
11
1.0645705118110236
21
1.3442615354330709
0
LINE
8
BLACK
6
CONTINUOUS
10
1.0645705118110236
20
1.3442615354330709
11
1.0642828740157479
21
1.3435193700787402
0
LINE
8
BLACK
6
CONTINUOUS
10
1.0642828740157479
20
1.3435193700787402
11
1.0553265354330708
21
1.3332835433070866
0
LINE
8
BLACK
6
CONTINUOUS
10
1.0553265354330708
20
1.3332835433070866
11
1.0555715748031496
21
1.3332403543307085
0
LINE
8
BLACK
6
CONTINUOUS
10
1.0555715748031496
20
1.3332403543307085
11
1.0557068110236221
21
1.3331268503937008
0
LINE
8
BLACK
6
CONTINUOUS
10
1.0557068110236221
20
1.3331268503937008
11
1.0558821653543307
21
1.3331066929133859
0
LINE
8
BLACK
6
CONTINUOUS
10
1.0558821653543307
20
1.3331066929133859
11
1.0596316929133858
21
1.3312319291338581
0
LINE
8
BLACK
6
CONTINUOUS
10
1.0596316929133858
20
1.3312319291338581
11
1.0603407480314961
21
1.3307059842519684
0
LINE
8
BLACK
6
CONTINUOUS
10
1.0603407480314961
20
1.3307059842519684
11
1.0603990944881889
21
1.3306788188976377
0
LINE
8
BLACK
6
CONTINUOUS
10
1.0603990944881889
20
1.3306788188976377
11
1.0622738582677165
21
1.3288040551181102
0
LINE
8
BLACK
6
CONTINUOUS
10
1.0622738582677165
20
1.3288040551181102
11
1.0627801181102361
21
1.3280809448818898
0
LINE
8
BLACK
6
CONTINUOUS
10
1.0627801181102361
20
1.3280809448818898
11
1.0628269685039369
21
1.328036653543307
0
LINE
8
BLACK
6
CONTINUOUS
10
1.0628269685039369
20
1.328036653543307
11
1.0647017322834647
21
1.3242871259842519
0
LINE
8
BLACK
6
CONTINUOUS
10
1.0647017322834647
20
1.3242871259842519
11
1.064994094488189
21
1.3233042125984251
0
LINE
8
BLACK
6
CONTINUOUS
10
1.064994094488189
20
1.3233042125984251
11
1.0649530708661417
21
1.3231324803149607
0
LINE
8
BLACK
6
CONTINUOUS
10
1.0649530708661417
20
1.3231324803149607
11
1.0650134645669291
21
1.3229666141732284
0
LINE
8
BLACK
6
CONTINUOUS
10
1.0650134645669291
20
1.3229666141732284
11
1.0650134645669291
21
1.3135927952755906
0
LINE
8
BLACK
6
CONTINUOUS
10
1.0650134645669291
20
1.3135927952755906
11
1.0648353937007873
21
1.3125828740157479
0
LINE
8
BLACK
6
CONTINUOUS
10
1.0648353937007873
20
1.3125828740157479
11
1.0647218897637796
21
1.3124475984251969
0
LINE
8
BLACK
6
CONTINUOUS
10
1.0647218897637796
20
1.3124475984251969
11
1.0647017322834647
21
1.3122722834645668
0
LINE
8
BLACK
6
CONTINUOUS
10
1.0647017322834647
20
1.3122722834645668
11
1.0628269685039369
21
1.3085227559055117
0
LINE
8
BLACK
6
CONTINUOUS
10
1.0628269685039369
20
1.3085227559055117
11
1.0623010629921259
21
1.3078136614173228
0
LINE
8
BLACK
6
CONTINUOUS
10
1.0623010629921259
20
1.3078136614173228
11
1.0622738582677165
21
1.3077553543307086
0
LINE
8
BLACK
6
CONTINUOUS
10
1.0622738582677165
20
1.3077553543307086
11
1.0603990944881889
21
1.305880590551181
0
LINE
8
BLACK
6
CONTINUOUS
10
1.0603990944881889
20
1.305880590551181
11
1.0596761023622048
21
1.3053743700787401
0
LINE
8
BLACK
6
CONTINUOUS
10
1.0596761023622048
20
1.3053743700787401
11
1.0596317322834645
21
1.3053274803149606
0
LINE
8
BLACK
6
CONTINUOUS
10
1.0596317322834645
20
1.3053274803149606
11
1.0558822047244094
21
1.3034526771653543
0
LINE
8
BLACK
6
CONTINUOUS
10
1.0558822047244094
20
1.3034526771653543
11
1.0548992519685039
21
1.3031603149606299
0
LINE
8
BLACK
6
CONTINUOUS
10
1.0548992519685039
20
1.3031603149606299
11
1.0547275196850394
21
1.3032012992125983
0
LINE
8
BLACK
6
CONTINUOUS
10
1.0547275196850394
20
1.3032012992125983
11
1.0545616535433071
21
1.3031409448818898
0
LINE
8
BLACK
6
CONTINUOUS
10
1.0545616535433071
20
1.3031409448818898
11
1.0433130708661418
21
1.3031409448818898
0
LINE
8
BLACK
6
CONTINUOUS
10
1.0433130708661418
20
1.3031409448818898
11
1.0423031496062991
21
1.3033190157480314
0
LINE
8
BLACK
6
CONTINUOUS
10
1.0423031496062991
20
1.3033190157480314
11
1.0421678740157481
21
1.3034324803149606
0
LINE
8
BLACK
6
CONTINUOUS
10
1.0421678740157481
20
1.3034324803149606
11
1.041992559055118
21
1.3034526771653543
0
LINE
8
BLACK
6
CONTINUOUS
10
1.041992559055118
20
1.3034526771653543
11
1.0382429921259841
21
1.3053274803149606
0
LINE
8
BLACK
6
CONTINUOUS
10
1.0382429921259841
20
1.3053274803149606
11
1.0375339763779527
21
1.3058533464566928
0
LINE
8
BLACK
6
CONTINUOUS
10
1.0375339763779527
20
1.3058533464566928
11
1.0374756299212597
21
1.305880590551181
0
LINE
8
BLACK
6
CONTINUOUS
10
1.0374756299212597
20
1.305880590551181
11
1.0356008661417322
21
1.3077553543307086
0
LINE
8
BLACK
6
CONTINUOUS
10
1.0356008661417322
20
1.3077553543307086
11
1.0350126771653543
21
1.3085953937007875
0
LINE
8
BLACK
6
CONTINUOUS
10
1.0350126771653543
20
1.3085953937007875
11
1.0348366141732284
21
1.3106074803149605
0
LINE
8
BLACK
6
CONTINUOUS
10
1.0348366141732284
20
1.3106074803149605
11
1.035995157480315
21
1.3122620472440945
0
LINE
8
BLACK
6
CONTINUOUS
10
1.035995157480315
20
1.3122620472440945
11
1.0379461023622047
21
1.3127847637795276
0
LINE
8
BLACK
6
CONTINUOUS
10
1.0379461023622047
20
1.3127847637795276
11
1.0397766929133858
21
1.3119311811023622
0
LINE
8
BLACK
6
CONTINUOUS
10
1.0397766929133858
20
1.3119311811023622
11
1.0413125984251967
21
1.3103952362204725
0
LINE
8
BLACK
6
CONTINUOUS
10
1.0413125984251967
20
1.3103952362204725
11
1.0440101574803149
21
1.3090464566929134
0
LINE
8
BLACK
6
CONTINUOUS
10
1.0440101574803149
20
1.3090464566929134
11
1.0538645669291338
21
1.3090464566929134
0
LINE
8
BLACK
6
CONTINUOUS
10
1.0538645669291338
20
1.3090464566929134
11
1.0565620472440944
21
1.3103951968503937
0
LINE
8
BLACK
6
CONTINUOUS
10
1.0565620472440944
20
1.3103951968503937
11
1.0577592125984252
21
1.3115923622047243
0
LINE
8
BLACK
6
CONTINUOUS
10
1.0577592125984252
20
1.3115923622047243
11
1.0591079527559055
21
1.3142898425196849
0
LINE
8
BLACK
6
CONTINUOUS
10
1.0591079527559055
20
1.3142898425196849
11
1.0591079527559055
21
1.3222695669291338
0
LINE
8
BLACK
6
CONTINUOUS
10
1.0591079527559055
20
1.3222695669291338
11
1.0577592125984252
21
1.3249670472440944
0
LINE
8
BLACK
6
CONTINUOUS
10
1.0577592125984252
20
1.3249670472440944
11
1.0565620866141732
21
1.3261641732283465
0
LINE
8
BLACK
6
CONTINUOUS
10
1.0565620866141732
20
1.3261641732283465
11
1.0538646062992125
21
1.3275129133858268
0
LINE
8
BLACK
6
CONTINUOUS
10
1.0538646062992125
20
1.3275129133858268
11
1.0489373622047244
21
1.3275129133858268
0
LINE
8
BLACK
6
CONTINUOUS
10
1.0489373622047244
20
1.3275129133858268
11
1.0485
21
1.32759
0
LINE
8
BLACK
6
CONTINUOUS
10
1.0485
20
1.32759
11
1.0483645275590552
21
1.3275690157480315
0
LINE
8
BLACK
6
CONTINUOUS
10
1.0483645275590552
20
1.3275690157480315
11
1.048259842519685
21
1.3276323622047244
0
LINE
8
BLACK
6
CONTINUOUS
10
1.048259842519685
20
1.3276323622047244
11
1.0479274409448818
21
1.3276909842519684
0
LINE
8
BLACK
6
CONTINUOUS
10
1.0479274409448818
20
1.3276909842519684
11
1.0473176377952755
21
1.3282026377952756
0
LINE
8
BLACK
6
CONTINUOUS
10
1.0473176377952755
20
1.3282026377952756
11
1.0466366141732284
21
1.3286148818897638
0
LINE
8
BLACK
6
CONTINUOUS
10
1.0466366141732284
20
1.3286148818897638
11
1.0465606299212598
21
1.328837874015748
0
LINE
8
BLACK
6
CONTINUOUS
10
1.0465606299212598
20
1.328837874015748
11
1.0463801968503936
21
1.3289892913385826
0
LINE
8
BLACK
6
CONTINUOUS
10
1.0463801968503936
20
1.3289892913385826
11
1.0462419291338583
21
1.3297732283464567
0
LINE
8
BLACK
6
CONTINUOUS
10
1.0462419291338583
20
1.3297732283464567
11
1.0459852362204725
21
1.3305267716535434
0
LINE
8
BLACK
6
CONTINUOUS
10
1.0459852362204725
20
1.3305267716535434
11
1.0460703543307086
21
1.330746377952756
0
LINE
8
BLACK
6
CONTINUOUS
10
1.0460703543307086
20
1.330746377952756
11
1.0460294488188977
21
1.3309784251968504
0
LINE
8
BLACK
6
CONTINUOUS
10
1.0460294488188977
20
1.3309784251968504
11
1.0464275196850394
21
1.3316678740157479
0
LINE
8
BLACK
6
CONTINUOUS
10
1.0464275196850394
20
1.3316678740157479
11
1.0467151968503936
21
1.3324100787401574
0
LINE
8
BLACK
6
CONTINUOUS
10
1.0467151968503936
20
1.3324100787401574
11
1.0555535433070866
21
1.3425110236220472
0
LINE
8
BLACK
6
CONTINUOUS
10
1.0555535433070866
20
1.3425110236220472
11
1.0376887795275591
21
1.3425110236220472
0
LINE
8
BLACK
6
CONTINUOUS
10
1.0376887795275591
20
1.3425110236220472
11
1.0366788582677164
21
1.3426890944881889
0
LINE
8
BLACK
6
CONTINUOUS
10
1.0366788582677164
20
1.3426890944881889
11
1.0351316141732283
21
1.343987401574803
0
LINE
8
BLACK
6
CONTINUOUS
10
1.0351316141732283
20
1.343987401574803
11
1.0347808661417324
21
1.3459765354330708
0
LINE
8
BLACK
6
CONTINUOUS
10
1.0347808661417324
20
1.3459765354330708
11
1.0357907874015748
21
1.3477257086614174
0
LINE
8
BLACK
6
CONTINUOUS
10
1.0357907874015748
20
1.3477257086614174
11
1.0376887795275591
21
1.3484165354330708
0
LINE
8
BLACK
6
CONTINUOUS
10
1.0376887795275591
20
1.3484165354330708
11
1.0620607086614173
21
1.3484165354330708
0
LINE
8
BLACK
6
CONTINUOUS
10
1.0620607086614173
20
1.3484165354330708
11
1.062498031496063
21
1.3483394094488188
0
LINE
8
BLACK
6
CONTINUOUS
10
1.167916968503937
20
1.3482632283464566
11
1.1679813385826772
21
1.348265
0
LINE
8
BLACK
6
CONTINUOUS
10
1.1679813385826772
20
1.348265
11
1.1736056299212598
21
1.3463902362204725
0
LINE
8
BLACK
6
CONTINUOUS
10
1.1736056299212598
20
1.3463902362204725
11
1.1745074015748032
21
1.3459019685039371
0
LINE
8
BLACK
6
CONTINUOUS
10
1.1745074015748032
20
1.3459019685039371
11
1.1745998031496063
21
1.3457514960629922
0
LINE
8
BLACK
6
CONTINUOUS
10
1.1745998031496063
20
1.3457514960629922
11
1.1747598031496063
21
1.3456769291338582
0
LINE
8
BLACK
6
CONTINUOUS
10
1.1747598031496063
20
1.3456769291338582
11
1.1766345669291338
21
1.3438021653543306
0
LINE
8
BLACK
6
CONTINUOUS
10
1.1766345669291338
20
1.3438021653543306
11
1.1772227559055117
21
1.3429621259842519
0
LINE
8
BLACK
6
CONTINUOUS
10
1.1772227559055117
20
1.3429621259842519
11
1.1773987795275591
21
1.3409500393700786
0
LINE
8
BLACK
6
CONTINUOUS
10
1.1773987795275591
20
1.3409500393700786
11
1.1762402755905512
21
1.3392954724409449
0
LINE
8
BLACK
6
CONTINUOUS
10
1.1762402755905512
20
1.3392954724409449
11
1.1742892913385827
21
1.3387727559055118
0
LINE
8
BLACK
6
CONTINUOUS
10
1.1742892913385827
20
1.3387727559055118
11
1.1724587401574802
21
1.3396263385826772
0
LINE
8
BLACK
6
CONTINUOUS
10
1.1724587401574802
20
1.3396263385826772
11
1.1710768503937008
21
1.3410081889763779
0
LINE
8
BLACK
6
CONTINUOUS
10
1.1710768503937008
20
1.3410081889763779
11
1.1665684645669292
21
1.3425110236220472
0
LINE
8
BLACK
6
CONTINUOUS
10
1.1665684645669292
20
1.3425110236220472
11
1.1637772047244095
21
1.3425110236220472
0
LINE
8
BLACK
6
CONTINUOUS
10
1.1637772047244095
20
1.3425110236220472
11
1.1592688188976377
21
1.3410082283464566
0
LINE
8
BLACK
6
CONTINUOUS
10
1.1592688188976377
20
1.3410082283464566
11
1.1563509842519686
21
1.3380903937007873
0
LINE
8
BLACK
6
CONTINUOUS
10
1.1563509842519686
20
1.3380903937007873
11
1.1548354724409449
21
1.3350594094488188
0
LINE
8
BLACK
6
CONTINUOUS
10
1.1548354724409449
20
1.3350594094488188
11
1.1531274803149607
21
1.3282273622047245
0
LINE
8
BLACK
6
CONTINUOUS
10
1.1531274803149607
20
1.3282273622047245
11
1.1531274803149607
21
1.3233301574803149
0
LINE
8
BLACK
6
CONTINUOUS
10
1.1531274803149607
20
1.3233301574803149
11
1.1548354724409449
21
1.3164981102362205
0
LINE
8
BLACK
6
CONTINUOUS
10
1.1548354724409449
20
1.3164981102362205
11
1.1563509842519686
21
1.3134671259842519
0
LINE
8
BLACK
6
CONTINUOUS
10
1.1563509842519686
20
1.3134671259842519
11
1.1592687795275591
21
1.3105492913385826
0
LINE
8
BLACK
6
CONTINUOUS
10
1.1592687795275591
20
1.3105492913385826
11
1.1637772440944882
21
1.3090464566929134
0
LINE
8
BLACK
6
CONTINUOUS
10
1.1637772440944882
20
1.3090464566929134
11
1.1665684251968504
21
1.3090464566929134
0
LINE
8
BLACK
6
CONTINUOUS
10
1.1665684251968504
20
1.3090464566929134
11
1.171076811023622
21
1.3105492519685038
0
LINE
8
BLACK
6
CONTINUOUS
10
1.171076811023622
20
1.3105492519685038
11
1.1724587401574802
21
1.3119311811023622
0
LINE
8
BLACK
6
CONTINUOUS
10
1.1724587401574802
20
1.3119311811023622
11
1.1732987795275591
21
1.3125193700787401
0
LINE
8
BLACK
6
CONTINUOUS
10
1.1732987795275591
20
1.3125193700787401
11
1.1753108661417322
21
1.3126953937007875
0
LINE
8
BLACK
6
CONTINUOUS
10
1.1753108661417322
20
1.3126953937007875
11
1.1769654330708661
21
1.3115368897637796
0
LINE
8
BLACK
6
CONTINUOUS
10
1.1769654330708661
20
1.3115368897637796
11
1.1774881496062992
21
1.3095859055118111
0
LINE
8
BLACK
6
CONTINUOUS
10
1.1774881496062992
20
1.3095859055118111
11
1.1766345669291338
21
1.3077553543307086
0
LINE
8
BLACK
6
CONTINUOUS
10
1.1766345669291338
20
1.3077553543307086
11
1.1747598031496063
21
1.305880590551181
0
LINE
8
BLACK
6
CONTINUOUS
10
1.1747598031496063
20
1.305880590551181
11
1.1739197637795276
21
1.3052924015748031
0
LINE
8
BLACK
6
CONTINUOUS
10
1.1739197637795276
20
1.3052924015748031
11
1.1737439370078739
21
1.3052770078740157
0
LINE
8
BLACK
6
CONTINUOUS
10
1.1737439370078739
20
1.3052770078740157
11
1.1736056692913386
21
1.3051672834645669
0
LINE
8
BLACK
6
CONTINUOUS
10
1.1736056692913386
20
1.3051672834645669
11
1.1679813779527559
21
1.3032924803149606
0
LINE
8
BLACK
6
CONTINUOUS
10
1.1679813779527559
20
1.3032924803149606
11
1.1671081102362204
21
1.3031629527559054
0
LINE
8
BLACK
6
CONTINUOUS
10
1.1671081102362204
20
1.3031629527559054
11
1.1670475984251969
21
1.3031409448818898
0
LINE
8
BLACK
6
CONTINUOUS
10
1.1670475984251969
20
1.3031409448818898
11
1.1632980708661418
21
1.3031409448818898
0
LINE
8
BLACK
6
CONTINUOUS
10
1.1632980708661418
20
1.3031409448818898
11
1.1624286614173227
21
1.3032942125984253
0
LINE
8
BLACK
6
CONTINUOUS
10
1.1624286614173227
20
1.3032942125984253
11
1.1623643307086613
21
1.3032924803149606
0
LINE
8
BLACK
6
CONTINUOUS
10
1.1623643307086613
20
1.3032924803149606
11
1.1567399999999999
21
1.3051672834645669
0
LINE
8
BLACK
6
CONTINUOUS
10
1.1567399999999999
20
1.3051672834645669
11
1.1558382283464568
21
1.3056555905511811
0
LINE
8
BLACK
6
CONTINUOUS
10
1.1558382283464568
20
1.3056555905511811
11
1.1557457874015749
21
1.3058059842519685
0
LINE
8
BLACK
6
CONTINUOUS
10
1.1557457874015749
20
1.3058059842519685
11
1.1555858661417322
21
1.305880590551181
0
LINE
8
BLACK
6
CONTINUOUS
10
1.1555858661417322
20
1.305880590551181
11
1.1518363385826771
21
1.3096301181102361
0
LINE
8
BLACK
6
CONTINUOUS
10
1.1518363385826771
20
1.3096301181102361
11
1.1513300393700787
21
1.310353188976378
0
LINE
8
BLACK
6
CONTINUOUS
10
1.1513300393700787
20
1.310353188976378
11
1.1512832283464567
21
1.3103975196850393
0
LINE
8
BLACK
6
CONTINUOUS
10
1.1512832283464567
20
1.3103975196850393
11
1.1494084645669291
21
1.3141470472440944
0
LINE
8
BLACK
6
CONTINUOUS
10
1.1494084645669291
20
1.3141470472440944
11
1.1492631496062993
21
1.3146354724409448
0
LINE
8
BLACK
6
CONTINUOUS
10
1.1492631496062993
20
1.3146354724409448
11
1.1491848818897636
21
1.3147514173228345
0
LINE
8
BLACK
6
CONTINUOUS
10
1.1491848818897636
20
1.3147514173228345
11
1.1473101181102361
21
1.322250472440945
0
LINE
8
BLACK
6
CONTINUOUS
10
1.1473101181102361
20
1.322250472440945
11
1.1472686220472441
21
1.3228383464566928
0
LINE
8
BLACK
6
CONTINUOUS
10
1.1472686220472441
20
1.3228383464566928
11
1.1472219685039369
21
1.3229666141732284
0
LINE
8
BLACK
6
CONTINUOUS
10
1.1472219685039369
20
1.3229666141732284
11
1.1472219685039369
21
1.328590905511811
0
LINE
8
BLACK
6
CONTINUOUS
10
1.1472219685039369
20
1.328590905511811
11
1.1473242913385826
21
1.3291712598425196
0
LINE
8
BLACK
6
CONTINUOUS
10
1.1473242913385826
20
1.3291712598425196
11
1.1473101181102361
21
1.3293070472440944
0
LINE
8
BLACK
6
CONTINUOUS
10
1.1473101181102361
20
1.3293070472440944
11
1.1491848818897636
21
1.3368061023622047
0
LINE
8
BLACK
6
CONTINUOUS
10
1.1491848818897636
20
1.3368061023622047
11
1.1493924409448819
21
1.3372715354330709
0
LINE
8
BLACK
6
CONTINUOUS
10
1.1493924409448819
20
1.3372715354330709
11
1.1494084645669291
21
1.3374104724409448
0
LINE
8
BLACK
6
CONTINUOUS
10
1.1494084645669291
20
1.3374104724409448
11
1.1512832283464567
21
1.3411599999999999
0
LINE
8
BLACK
6
CONTINUOUS
10
1.1512832283464567
20
1.3411599999999999
11
1.1518091338582677
21
1.3418690551181103
0
LINE
8
BLACK
6
CONTINUOUS
10
1.1518091338582677
20
1.3418690551181103
11
1.1518363385826771
21
1.3419274015748031
0
LINE
8
BLACK
6
CONTINUOUS
10
1.1518363385826771
20
1.3419274015748031
11
1.1555858661417322
21
1.3456769291338582
0
LINE
8
BLACK
6
CONTINUOUS
10
1.1555858661417322
20
1.3456769291338582
11
1.1564259055118109
21
1.3462651574803148
0
LINE
8
BLACK
6
CONTINUOUS
10
1.1564259055118109
20
1.3462651574803148
11
1.156601811023622
21
1.3462805118110235
0
LINE
8
BLACK
6
CONTINUOUS
10
1.156601811023622
20
1.3462805118110235
11
1.1567400393700786
21
1.3463902362204725
0
LINE
8
BLACK
6
CONTINUOUS
10
1.1567400393700786
20
1.3463902362204725
11
1.1623642913385825
21
1.348265
0
LINE
8
BLACK
6
CONTINUOUS
10
1.1623642913385825
20
1.348265
11
1.1632375196850393
21
1.3483944881889764
0
LINE
8
BLACK
6
CONTINUOUS
10
1.1632375196850393
20
1.3483944881889764
11
1.1632980708661418
21
1.3484165354330708
0
LINE
8
BLACK
6
CONTINUOUS
10
1.1632980708661418
20
1.3484165354330708
11
1.1670475984251969
21
1.3484165354330708
0
LINE
8
BLACK
6
CONTINUOUS
10
1.1670475984251969
20
1.3484165354330708
11
1.167916968503937
21
1.3482632283464566
0
LINE
8
BLACK
6
CONTINUOUS
10
1.0869146850393701
20
1.3481972834645668
11
1.0878386614173228
21
1.3480603149606298
0
LINE
8
BLACK
6
CONTINUOUS
10
1.0878386614173228
20
1.3480603149606298
11
1.0878950787401576
21
1.347996653543307
0
LINE
8
BLACK
6
CONTINUOUS
10
1.0878950787401576
20
1.347996653543307
11
1.0879783464566928
21
1.3479796456692914
0
LINE
8
BLACK
6
CONTINUOUS
10
1.0879783464566928
20
1.3479796456692914
11
1.0885589763779526
21
1.3472479527559056
0
LINE
8
BLACK
6
CONTINUOUS
10
1.0885589763779526
20
1.3472479527559056
11
1.0891787401574804
21
1.3465490551181103
0
LINE
8
BLACK
6
CONTINUOUS
10
1.0891787401574804
20
1.3465490551181103
11
1.0891810236220472
21
1.3464640944881889
0
LINE
8
BLACK
6
CONTINUOUS
10
1.0891810236220472
20
1.3464640944881889
11
1.0892338976377953
21
1.3463975196850393
0
LINE
8
BLACK
6
CONTINUOUS
10
1.0892338976377953
20
1.3463975196850393
11
1.1023572440944882
21
1.3070274409448819
0
LINE
8
BLACK
6
CONTINUOUS
10
1.1023572440944882
20
1.3070274409448819
11
1.1025076771653544
21
1.3060130708661417
0
LINE
8
BLACK
6
CONTINUOUS
10
1.1025076771653544
20
1.3060130708661417
11
1.1017652755905512
21
1.3041346456692913
0
LINE
8
BLACK
6
CONTINUOUS
10
1.1017652755905512
20
1.3041346456692913
11
1.0999891338582677
21
1.303172874015748
0
LINE
8
BLACK
6
CONTINUOUS
10
1.0999891338582677
20
1.303172874015748
11
1.0980103543307087
21
1.3035778346456692
0
LINE
8
BLACK
6
CONTINUOUS
10
1.0980103543307087
20
1.3035778346456692
11
1.0967548031496064
21
1.3051599606299211
0
LINE
8
BLACK
6
CONTINUOUS
10
1.0967548031496064
20
1.3051599606299211
11
1.0936782677165353
21
1.3143895669291339
0
LINE
8
BLACK
6
CONTINUOUS
10
1.0936782677165353
20
1.3143895669291339
11
1.0791870866141733
21
1.3143895669291339
0
LINE
8
BLACK
6
CONTINUOUS
10
1.0791870866141733
20
1.3143895669291339
11
1.0761105511811024
21
1.3051599606299211
0
LINE
8
BLACK
6
CONTINUOUS
10
1.0761105511811024
20
1.3051599606299211
11
1.0756222440944883
21
1.304258188976378
0
LINE
8
BLACK
6
CONTINUOUS
10
1.0756222440944883
20
1.304258188976378
11
1.0739012992125985
21
1.303200905511811
0
LINE
8
BLACK
6
CONTINUOUS
10
1.0739012992125985
20
1.303200905511811
11
1.0719033070866142
21
1.3034971653543306
0
LINE
8
BLACK
6
CONTINUOUS
10
1.0719033070866142
20
1.3034971653543306
11
1.0705632677165353
21
1.3050083858267716
0
LINE
8
BLACK
6
CONTINUOUS
10
1.0705632677165353
20
1.3050083858267716
11
1.0705081102362204
21
1.3070274409448819
0
LINE
8
BLACK
6
CONTINUOUS
10
1.0705081102362204
20
1.3070274409448819
11
1.0836314566929133
21
1.3463975196850393
0
LINE
8
BLACK
6
CONTINUOUS
10
1.0836314566929133
20
1.3463975196850393
11
1.0841197244094487
21
1.3472992913385826
0
LINE
8
BLACK
6
CONTINUOUS
10
1.0841197244094487
20
1.3472992913385826
11
1.0841921653543307
21
1.3473437795275591
0
LINE
8
BLACK
6
CONTINUOUS
10
1.0841921653543307
20
1.3473437795275591
11
1.0842234251968503
21
1.3474228346456694
0
LINE
8
BLACK
6
CONTINUOUS
10
1.0842234251968503
20
1.3474228346456694
11
1.0850447244094488
21
1.3478675590551181
0
LINE
8
BLACK
6
CONTINUOUS
10
1.0850447244094488
20
1.3478675590551181
11
1.0858407086614172
21
1.3483565748031496
0
LINE
8
BLACK
6
CONTINUOUS
10
1.0858407086614172
20
1.3483565748031496
11
1.0859247637795275
21
1.348344094488189
0
LINE
8
BLACK
6
CONTINUOUS
10
1.0859247637795275
20
1.348344094488189
11
1.0859995669291338
21
1.3483846062992126
0
LINE
8
BLACK
6
CONTINUOUS
10
1.0859995669291338
20
1.3483846062992126
11
1.0869146850393701
21
1.3481972834645668
0
LINE
8
BLACK
6
CONTINUOUS
10
1.0811555905511812
20
1.3202950787401575
11
1.0917097637795274
21
1.3202950787401575
0
LINE
8
BLACK
6
CONTINUOUS
10
1.0917097637795274
20
1.3202950787401575
11
1.0864326771653543
21
1.3361263385826772
0
LINE
8
BLACK
6
CONTINUOUS
10
1.0864326771653543
20
1.3361263385826772
11
1.0811555905511812
21
1.3202950787401575
0
LINE
8
BLACK
6
CONTINUOUS
10
0.9874572440944882
20
1.3473617716535433
11
0.9881480708661418
21
1.345463779527559
0
LINE
8
BLACK
6
CONTINUOUS
10
0.9881480708661418
20
1.345463779527559
11
0.9881480708661418
21
1.3060937007874016
0
LINE
8
BLACK
6
CONTINUOUS
10
0.9881480708661418
20
1.3060937007874016
11
0.98797
21
1.3050837795275589
0
LINE
8
BLACK
6
CONTINUOUS
10
0.98797
20
1.3050837795275589
11
0.9866716929133859
21
1.3035365354330708
0
LINE
8
BLACK
6
CONTINUOUS
10
0.9866716929133859
20
1.3035365354330708
11
0.984682559055118
21
1.3031857874015749
0
LINE
8
BLACK
6
CONTINUOUS
10
0.984682559055118
20
1.3031857874015749
11
0.9829333858267716
21
1.3041957086614173
0
LINE
8
BLACK
6
CONTINUOUS
10
0.9829333858267716
20
1.3041957086614173
11
0.982242559055118
21
1.3060937007874016
0
LINE
8
BLACK
6
CONTINUOUS
10
0.982242559055118
20
1.3060937007874016
11
0.982242559055118
21
1.3237633858267717
0
LINE
8
BLACK
6
CONTINUOUS
10
0.982242559055118
20
1.3237633858267717
11
0.965650905511811
21
1.3237633858267717
0
LINE
8
BLACK
6
CONTINUOUS
10
0.965650905511811
20
1.3237633858267717
11
0.965650905511811
21
1.3060937007874016
0
LINE
8
BLACK
6
CONTINUOUS
10
0.965650905511811
20
1.3060937007874016
11
0.9654728346456692
21
1.3050837795275589
0
LINE
8
BLACK
6
CONTINUOUS
10
0.9654728346456692
20
1.3050837795275589
11
0.9641745275590551
21
1.3035365354330708
0
LINE
8
BLACK
6
CONTINUOUS
10
0.9641745275590551
20
1.3035365354330708
11
0.9621853937007874
21
1.3031857874015749
0
LINE
8
BLACK
6
CONTINUOUS
10
0.9621853937007874
20
1.3031857874015749
11
0.9604362204724409
21
1.3041957086614173
0
LINE
8
BLACK
6
CONTINUOUS
10
0.9604362204724409
20
1.3041957086614173
11
0.9597453937007874
21
1.3060937007874016
0
LINE
8
BLACK
6
CONTINUOUS
10
0.9597453937007874
20
1.3060937007874016
11
0.9597453937007874
21
1.345463779527559
0
LINE
8
BLACK
6
CONTINUOUS
10
0.9597453937007874
20
1.345463779527559
11
0.9599234645669291
21
1.3464737007874015
0
LINE
8
BLACK
6
CONTINUOUS
10
0.9599234645669291
20
1.3464737007874015
11
0.9612217716535433
21
1.3480209448818898
0
LINE
8
BLACK
6
CONTINUOUS
10
0.9612217716535433
20
1.3480209448818898
11
0.963210905511811
21
1.3483716929133858
0
LINE
8
BLACK
6
CONTINUOUS
10
0.963210905511811
20
1.3483716929133858
11
0.9649600787401574
21
1.3473617716535433
0
LINE
8
BLACK
6
CONTINUOUS
10
0.9649600787401574
20
1.3473617716535433
11
0.965650905511811
21
1.345463779527559
0
LINE
8
BLACK
6
CONTINUOUS
10
0.965650905511811
20
1.345463779527559
11
0.965650905511811
21
1.3296688976377953
0
LINE
8
BLACK
6
CONTINUOUS
10
0.965650905511811
20
1.3296688976377953
11
0.982242559055118
21
1.3296688976377953
0
LINE
8
BLACK
6
CONTINUOUS
10
0.982242559055118
20
1.3296688976377953
11
0.982242559055118
21
1.345463779527559
0
LINE
8
BLACK
6
CONTINUOUS
10
0.982242559055118
20
1.345463779527559
11
0.9824206299212598
21
1.3464737007874015
0
LINE
8
BLACK
6
CONTINUOUS
10
0.9824206299212598
20
1.3464737007874015
11
0.9837189370078739
21
1.3480209448818898
0
LINE
8
BLACK
6
CONTINUOUS
10
0.9837189370078739
20
1.3480209448818898
11
0.9857080708661418
21
1.3483716929133858
0
LINE
8
BLACK
6
CONTINUOUS
10
0.9857080708661418
20
1.3483716929133858
11
0.9874572440944882
21
1.3473617716535433
0
LINE
8
BLACK
6
CONTINUOUS
10
1.1286874409448819
20
1.3482384645669292
11
1.1288226771653542
21
1.3481249606299213
0
LINE
8
BLACK
6
CONTINUOUS
10
1.1288226771653542
20
1.3481249606299213
11
1.128998031496063
21
1.3481048031496063
0
LINE
8
BLACK
6
CONTINUOUS
10
1.128998031496063
20
1.3481048031496063
11
1.1327475590551181
21
1.3462300393700788
0
LINE
8
BLACK
6
CONTINUOUS
10
1.1327475590551181
20
1.3462300393700788
11
1.1334566141732283
21
1.3457040944881888
0
LINE
8
BLACK
6
CONTINUOUS
10
1.1334566141732283
20
1.3457040944881888
11
1.1335149606299213
21
1.3456769291338582
0
LINE
8
BLACK
6
CONTINUOUS
10
1.1335149606299213
20
1.3456769291338582
11
1.1353897244094489
21
1.3438021653543306
0
LINE
8
BLACK
6
CONTINUOUS
10
1.1353897244094489
20
1.3438021653543306
11
1.1358959842519685
21
1.3430790551181102
0
LINE
8
BLACK
6
CONTINUOUS
10
1.1358959842519685
20
1.3430790551181102
11
1.1359428346456693
21
1.3430347637795275
0
LINE
8
BLACK
6
CONTINUOUS
10
1.1359428346456693
20
1.3430347637795275
11
1.1378175984251968
21
1.3392852362204724
0
LINE
8
BLACK
6
CONTINUOUS
10
1.1378175984251968
20
1.3392852362204724
11
1.1381099606299212
21
1.3383023228346456
0
LINE
8
BLACK
6
CONTINUOUS
10
1.1381099606299212
20
1.3383023228346456
11
1.138068937007874
21
1.3381305905511811
0
LINE
8
BLACK
6
CONTINUOUS
10
1.138068937007874
20
1.3381305905511811
11
1.1381293307086613
21
1.3379647244094488
0
LINE
8
BLACK
6
CONTINUOUS
10
1.1381293307086613
20
1.3379647244094488
11
1.1381293307086613
21
1.3323404330708661
0
LINE
8
BLACK
6
CONTINUOUS
10
1.1381293307086613
20
1.3323404330708661
11
1.1379512598425197
21
1.3313305118110237
0
LINE
8
BLACK
6
CONTINUOUS
10
1.1379512598425197
20
1.3313305118110237
11
1.1378377559055117
21
1.3311952362204724
0
LINE
8
BLACK
6
CONTINUOUS
10
1.1378377559055117
20
1.3311952362204724
11
1.1378175984251968
21
1.3310199212598426
0
LINE
8
BLACK
6
CONTINUOUS
10
1.1378175984251968
20
1.3310199212598426
11
1.1359428346456693
21
1.3272703937007875
0
LINE
8
BLACK
6
CONTINUOUS
10
1.1359428346456693
20
1.3272703937007875
11
1.1354169291338583
21
1.3265612992125984
0
LINE
8
BLACK
6
CONTINUOUS
10
1.1354169291338583
20
1.3265612992125984
11
1.1353897244094489
21
1.3265029921259843
0
LINE
8
BLACK
6
CONTINUOUS
10
1.1353897244094489
20
1.3265029921259843
11
1.1335149606299213
21
1.3246282283464568
0
LINE
8
BLACK
6
CONTINUOUS
10
1.1335149606299213
20
1.3246282283464568
11
1.1327918503937007
21
1.3241219291338582
0
LINE
8
BLACK
6
CONTINUOUS
10
1.1327918503937007
20
1.3241219291338582
11
1.1327475590551181
21
1.3240751181102361
0
LINE
8
BLACK
6
CONTINUOUS
10
1.1327475590551181
20
1.3240751181102361
11
1.128998031496063
21
1.3222003543307086
0
LINE
8
BLACK
6
CONTINUOUS
10
1.128998031496063
20
1.3222003543307086
11
1.1280150787401575
21
1.3219079921259842
0
LINE
8
BLACK
6
CONTINUOUS
10
1.1280150787401575
20
1.3219079921259842
11
1.1278433858267716
21
1.3219489763779528
0
LINE
8
BLACK
6
CONTINUOUS
10
1.1278433858267716
20
1.3219489763779528
11
1.1276775196850393
21
1.3218886220472441
0
LINE
8
BLACK
6
CONTINUOUS
10
1.1276775196850393
20
1.3218886220472441
11
1.1156321653543306
21
1.3218886220472441
0
LINE
8
BLACK
6
CONTINUOUS
10
1.1156321653543306
20
1.3218886220472441
11
1.1156321653543306
21
1.3060937007874016
0
LINE
8
BLACK
6
CONTINUOUS
10
1.1156321653543306
20
1.3060937007874016
11
1.115454094488189
21
1.3050837795275589
0
LINE
8
BLACK
6
CONTINUOUS
10
1.115454094488189
20
1.3050837795275589
11
1.1141557874015748
21
1.3035365354330708
0
LINE
8
BLACK
6
CONTINUOUS
10
1.1141557874015748
20
1.3035365354330708
11
1.112166653543307
21
1.3031857874015749
0
LINE
8
BLACK
6
CONTINUOUS
10
1.112166653543307
20
1.3031857874015749
11
1.1104174803149607
21
1.3041957086614173
0
LINE
8
BLACK
6
CONTINUOUS
10
1.1104174803149607
20
1.3041957086614173
11
1.109726653543307
21
1.3060937007874016
0
LINE
8
BLACK
6
CONTINUOUS
10
1.109726653543307
20
1.3060937007874016
11
1.109726653543307
21
1.345463779527559
0
LINE
8
BLACK
6
CONTINUOUS
10
1.109726653543307
20
1.345463779527559
11
1.109794251968504
21
1.3458472834645669
0
LINE
8
BLACK
6
CONTINUOUS
10
1.109794251968504
20
1.3458472834645669
11
1.1097714960629921
21
1.3459765354330708
0
LINE
8
BLACK
6
CONTINUOUS
10
1.1097714960629921
20
1.3459765354330708
11
1.1098370866141731
21
1.3460901181102363
0
LINE
8
BLACK
6
CONTINUOUS
10
1.1098370866141731
20
1.3460901181102363
11
1.1099047244094489
21
1.3464737007874015
0
LINE
8
BLACK
6
CONTINUOUS
10
1.1099047244094489
20
1.3464737007874015
11
1.1103978346456693
21
1.3470613779527558
0
LINE
8
BLACK
6
CONTINUOUS
10
1.1103978346456693
20
1.3470613779527558
11
1.1107814173228345
21
1.3477257086614174
0
LINE
8
BLACK
6
CONTINUOUS
10
1.1107814173228345
20
1.3477257086614174
11
1.1110317322834646
21
1.3478168110236219
0
LINE
8
BLACK
6
CONTINUOUS
10
1.1110317322834646
20
1.3478168110236219
11
1.111203031496063
21
1.3480209448818898
0
LINE
8
BLACK
6
CONTINUOUS
10
1.111203031496063
20
1.3480209448818898
11
1.1119585826771654
21
1.3481541732283464
0
LINE
8
BLACK
6
CONTINUOUS
10
1.1119585826771654
20
1.3481541732283464
11
1.1126794094488188
21
1.3484165354330708
0
LINE
8
BLACK
6
CONTINUOUS
10
1.1126794094488188
20
1.3484165354330708
11
1.1276775196850393
21
1.3484165354330708
0
LINE
8
BLACK
6
CONTINUOUS
10
1.1276775196850393
20
1.3484165354330708
11
1.1286874409448819
21
1.3482384645669292
0
LINE
8
BLACK
6
CONTINUOUS
10
1.1156321653543306
20
1.3277941338582677
11
1.1269804724409449
21
1.3277941338582677
0
LINE
8
BLACK
6
CONTINUOUS
10
1.1269804724409449
20
1.3277941338582677
11
1.1296779527559055
21
1.329142874015748
0
LINE
8
BLACK
6
CONTINUOUS
10
1.1296779527559055
20
1.329142874015748
11
1.1308750787401574
21
1.3303400000000001
0
LINE
8
BLACK
6
CONTINUOUS
10
1.1308750787401574
20
1.3303400000000001
11
1.1322238188976377
21
1.3330374803149605
0
LINE
8
BLACK
6
CONTINUOUS
10
1.1322238188976377
20
1.3330374803149605
11
1.1322238188976377
21
1.3372676771653542
0
LINE
8
BLACK
6
CONTINUOUS
10
1.1322238188976377
20
1.3372676771653542
11
1.1308750787401574
21
1.3399651574803149
0
LINE
8
BLACK
6
CONTINUOUS
10
1.1308750787401574
20
1.3399651574803149
11
1.1296779527559055
21
1.3411622834645669
0
LINE
8
BLACK
6
CONTINUOUS
10
1.1296779527559055
20
1.3411622834645669
11
1.1269804724409449
21
1.3425110236220472
0
LINE
8
BLACK
6
CONTINUOUS
10
1.1269804724409449
20
1.3425110236220472
11
1.1156321653543306
21
1.3425110236220472
0
LINE
8
BLACK
6
CONTINUOUS
10
1.1156321653543306
20
1.3425110236220472
11
1.1156321653543306
21
1.3277941338582677
0
LINE
8
BLACK
6
CONTINUOUS
10
1.7547244094488188
20
1.5848425196850393
11
1.756116338582677
21
1.5842659448818897
0
LINE
8
BLACK
6
CONTINUOUS
10
1.756116338582677
20
1.5842659448818897
11
1.7566929133858267
21
1.5828740157480314
0
LINE
8
BLACK
6
CONTINUOUS
10
1.7566929133858267
20
1.5828740157480314
11
1.7566929133858267
21
1.0671259842519685
0
LINE
8
BLACK
6
CONTINUOUS
10
1.7566929133858267
20
1.0671259842519685
11
1.756116338582677
21
1.0657340551181103
0
LINE
8
BLACK
6
CONTINUOUS
10
1.756116338582677
20
1.0657340551181103
11
1.7547244094488188
21
1.0651574803149606
0
LINE
8
BLACK
6
CONTINUOUS
10
1.7547244094488188
20
1.0651574803149606
11
1.4514306299212598
21
1.0651574803149606
0
LINE
8
BLACK
6
CONTINUOUS
10
1.4514306299212598
20
1.0651574803149606
11
1.4578549999999999
21
1.0608745669291337
0
LINE
8
BLACK
6
CONTINUOUS
10
1.4578549999999999
20
1.0608745669291337
11
1.4585965354330708
21
1.0601661811023622
0
LINE
8
BLACK
6
CONTINUOUS
10
1.4585965354330708
20
1.0601661811023622
11
1.4591637401574802
21
1.0582276771653543
0
LINE
8
BLACK
6
CONTINUOUS
10
1.4591637401574802
20
1.0582276771653543
11
1.4583522047244095
21
1.0563780314960629
0
LINE
8
BLACK
6
CONTINUOUS
10
1.4583522047244095
20
1.0563780314960629
11
1.4565416535433071
21
1.0554828346456693
0
LINE
8
BLACK
6
CONTINUOUS
10
1.4565416535433071
20
1.0554828346456693
11
1.4545792125984252
21
1.0559608661417323
0
LINE
8
BLACK
6
CONTINUOUS
10
1.4545792125984252
20
1.0559608661417323
11
1.4407842913385827
21
1.0651574803149606
0
LINE
8
BLACK
6
CONTINUOUS
10
1.4407842913385827
20
1.0651574803149606
11
0.3452755905511811
21
1.0651574803149606
0
LINE
8
BLACK
6
CONTINUOUS
10
0.3452755905511811
20
1.0651574803149606
11
0.3438836614173229
21
1.0657340551181103
0
LINE
8
BLACK
6
CONTINUOUS
10
0.3438836614173229
20
1.0657340551181103
11
0.3433070866141732
21
1.0671259842519685
0
LINE
8
BLACK
6
CONTINUOUS
10
0.3433070866141732
20
1.0671259842519685
11
0.3433070866141732
21
1.5828740157480314
0
LINE
8
BLACK
6
CONTINUOUS
10
0.3433070866141732
20
1.5828740157480314
11
0.3438836614173229
21
1.5842659448818897
0
LINE
8
BLACK
6
CONTINUOUS
10
0.3438836614173229
20
1.5842659448818897
11
0.3452755905511811
21
1.5848425196850393
0
LINE
8
BLACK
6
CONTINUOUS
10
0.3452755905511811
20
1.5848425196850393
11
1.7547244094488188
21
1.5848425196850393
0
LINE
8
BLACK
6
CONTINUOUS
10
0.347244094488189
20
1.5809055118110236
11
0.347244094488189
21
1.0690944881889763
0
LINE
8
BLACK
6
CONTINUOUS
10
0.347244094488189
20
1.0690944881889763
11
1.434878779527559
21
1.0690944881889763
0
LINE
8
BLACK
6
CONTINUOUS
10
1.434878779527559
20
1.0690944881889763
11
1.4039605511811024
21
1.0897066141732283
0
LINE
8
BLACK
6
CONTINUOUS
10
1.4039605511811024
20
1.0897066141732283
11
1.4032190157480315
21
1.0904149999999999
0
LINE
8
BLACK
6
CONTINUOUS
10
1.4032190157480315
20
1.0904149999999999
11
1.4026517716535434
21
1.0923535039370078
0
LINE
8
BLACK
6
CONTINUOUS
10
1.4026517716535434
20
1.0923535039370078
11
1.403463307086614
21
1.0942031102362204
0
LINE
8
BLACK
6
CONTINUOUS
10
1.403463307086614
20
1.0942031102362204
11
1.4052738976377952
21
1.095098307086614
0
LINE
8
BLACK
6
CONTINUOUS
10
1.4052738976377952
20
1.095098307086614
11
1.4072362992125984
21
1.0946203149606299
0
LINE
8
BLACK
6
CONTINUOUS
10
1.4072362992125984
20
1.0946203149606299
11
1.4455251181102362
21
1.0690944881889763
0
LINE
8
BLACK
6
CONTINUOUS
10
1.4455251181102362
20
1.0690944881889763
11
1.7527559055118109
21
1.0690944881889763
0
LINE
8
BLACK
6
CONTINUOUS
10
1.7527559055118109
20
1.0690944881889763
11
1.7527559055118109
21
1.5809055118110236
0
LINE
8
BLACK
6
CONTINUOUS
10
1.7527559055118109
20
1.5809055118110236
11
0.347244094488189
21
1.5809055118110236
  0
ENDSEC
  0
EOF
