  0
SECTION
  2
HEADER
  9
$ANGBASE
  50
0.0
  9
$ANGDIR
  70
1
  9
$MEASUREMENT
  70
0
  0
ENDSEC
  0
SECTION
  2
TABLES
  0
TABLE
  2
LTYPE
  70
4
  0
LTYPE
  5
40F
  2
CONTINUOUS
  70
0
  3
Solid line
  72
65
  73
0
  40
0.0
  0
LTYPE
  5
410
  2
DASHDOT
 70
0
  3
Dash Dot ____ _ ____ _
 72
65
 73
4
 40
2.0
 49
1.25
 49
-0.25
 49
0.25
 49
-0.25
  0
LTYPE
  5
411
  2
DASHED
 70
0
  3
Dashed __ __ __ __ __
 72
65
 73
2
 40
0.75
 49
0.5
 49
-0.25
  0
LTYPE
  5
43B
  2
DOTTED
 70
0
  3
Dotted .  .  .  .
 72
65
 73
2
 40
0.2
 49
0.0
 49
-0.2
  0
ENDTAB
  0
TABLE
  2
STYLE
  70
4
  0
STYLE
  2
KICAD
  70
0
  40
0
  41
1
  42
1
  50
0
  71
0
  3
isocp.shx
  0
STYLE
  2
KICADB
  70
0
  40
0
  41
1
  42
1
  50
0
  71
0
  3
isocp.shx
  0
STYLE
  2
KICADI
  70
0
  40
0
  41
1
  42
1
  50
15
  71
0
  3
isocp.shx
  0
STYLE
  2
KICADBI
  70
0
  40
0
  41
1
  42
1
  50
15
  71
0
  3
isocp.shx
  0
ENDTAB
  0
TABLE
  2
LAYER
  70
1
  0
LAYER
  2
BLACK
  70
0
  62
7
  6
CONTINUOUS
  0
ENDTAB
  0
ENDSEC
  0
SECTION
  2
ENTITIES
0
LINE
8
BLACK
6
CONTINUOUS
10
1.9423708267716535
20
0.3621766141732283
11
1.942736496062992
21
0.3621506692913386
0
LINE
8
BLACK
6
CONTINUOUS
10
1.942736496062992
20
0.3621506692913386
11
1.9446112598425196
21
0.3612132677165354
0
LINE
8
BLACK
6
CONTINUOUS
10
1.9446112598425196
20
0.3612132677165354
11
1.9447810236220473
21
0.3610174803149606
0
LINE
8
BLACK
6
CONTINUOUS
10
1.9447810236220473
20
0.3610174803149606
11
1.9450205118110235
21
0.3609183070866142
0
LINE
8
BLACK
6
CONTINUOUS
10
1.9450205118110235
20
0.3609183070866142
11
1.9459579133858267
21
0.3599809448818898
0
LINE
8
BLACK
6
CONTINUOUS
10
1.9459579133858267
20
0.3599809448818898
11
1.9460571259842518
21
0.3597413779527559
0
LINE
8
BLACK
6
CONTINUOUS
10
1.9460571259842518
20
0.3597413779527559
11
1.9462529133858266
21
0.3595716141732284
0
LINE
8
BLACK
6
CONTINUOUS
10
1.9462529133858266
20
0.3595716141732284
11
1.9471902755905512
21
0.3576968897637795
0
LINE
8
BLACK
6
CONTINUOUS
10
1.9471902755905512
20
0.3576968897637795
11
1.9472162204724408
21
0.3573312204724409
0
LINE
8
BLACK
6
CONTINUOUS
10
1.9472162204724408
20
0.3573312204724409
11
1.9473565354330709
21
0.3569925984251968
0
LINE
8
BLACK
6
CONTINUOUS
10
1.9473565354330709
20
0.3569925984251968
11
1.9473565354330709
21
0.3523056692913386
0
LINE
8
BLACK
6
CONTINUOUS
10
1.9473565354330709
20
0.3523056692913386
11
1.9472162204724408
21
0.3519670078740157
0
LINE
8
BLACK
6
CONTINUOUS
10
1.9472162204724408
20
0.3519670078740157
11
1.9471902755905512
21
0.3516013779527559
0
LINE
8
BLACK
6
CONTINUOUS
10
1.9471902755905512
20
0.3516013779527559
11
1.9462529133858266
21
0.3497266535433071
0
LINE
8
BLACK
6
CONTINUOUS
10
1.9462529133858266
20
0.3497266535433071
11
1.9460571259842518
21
0.3495568503937008
0
LINE
8
BLACK
6
CONTINUOUS
10
1.9460571259842518
20
0.3495568503937008
11
1.9459579133858267
21
0.3493173228346457
0
LINE
8
BLACK
6
CONTINUOUS
10
1.9459579133858267
20
0.3493173228346457
11
1.9450205118110235
21
0.3483799606299213
0
LINE
8
BLACK
6
CONTINUOUS
10
1.9450205118110235
20
0.3483799606299213
11
1.9447810236220473
21
0.3482807480314961
0
LINE
8
BLACK
6
CONTINUOUS
10
1.9447810236220473
20
0.3482807480314961
11
1.9446112598425196
21
0.348085
0
LINE
8
BLACK
6
CONTINUOUS
10
1.9446112598425196
20
0.348085
11
1.942736496062992
21
0.3471475984251968
0
LINE
8
BLACK
6
CONTINUOUS
10
1.942736496062992
20
0.3471475984251968
11
1.9423708267716535
21
0.3471216141732283
0
LINE
8
BLACK
6
CONTINUOUS
10
1.9423708267716535
20
0.3471216141732283
11
1.9420322047244094
21
0.3469813385826772
0
LINE
8
BLACK
6
CONTINUOUS
10
1.9420322047244094
20
0.3469813385826772
11
1.9382826771653543
21
0.3469813385826772
0
LINE
8
BLACK
6
CONTINUOUS
10
1.9382826771653543
20
0.3469813385826772
11
1.9379440157480314
21
0.3471216141732283
0
LINE
8
BLACK
6
CONTINUOUS
10
1.9379440157480314
20
0.3471216141732283
11
1.9375783858267717
21
0.3471475984251968
0
LINE
8
BLACK
6
CONTINUOUS
10
1.9375783858267717
20
0.3471475984251968
11
1.9366235433070866
21
0.347625
0
LINE
8
BLACK
6
CONTINUOUS
10
1.9366235433070866
20
0.347625
11
1.9369321653543308
21
0.3463905511811023
0
LINE
8
BLACK
6
CONTINUOUS
10
1.9369321653543308
20
0.3463905511811023
11
1.9385691732283463
21
0.3439350393700787
0
LINE
8
BLACK
6
CONTINUOUS
10
1.9385691732283463
20
0.3439350393700787
11
1.9392154724409449
21
0.3432887401574803
0
LINE
8
BLACK
6
CONTINUOUS
10
1.9392154724409449
20
0.3432887401574803
11
1.9405292125984253
21
0.3426318897637795
0
LINE
8
BLACK
6
CONTINUOUS
10
1.9405292125984253
20
0.3426318897637795
11
1.943906968503937
21
0.3426318897637795
0
LINE
8
BLACK
6
CONTINUOUS
10
1.943906968503937
20
0.3426318897637795
11
1.9450205118110235
21
0.3421706299212599
0
LINE
8
BLACK
6
CONTINUOUS
10
1.9450205118110235
20
0.3421706299212599
11
1.9454817716535433
21
0.3410570866141732
0
LINE
8
BLACK
6
CONTINUOUS
10
1.9454817716535433
20
0.3410570866141732
11
1.9450205118110235
21
0.3399435433070866
0
LINE
8
BLACK
6
CONTINUOUS
10
1.9450205118110235
20
0.3399435433070866
11
1.943906968503937
21
0.3394822834645669
0
LINE
8
BLACK
6
CONTINUOUS
10
1.943906968503937
20
0.3394822834645669
11
1.9401574409448819
21
0.3394822834645669
0
LINE
8
BLACK
6
CONTINUOUS
10
1.9401574409448819
20
0.3394822834645669
11
1.939818779527559
21
0.3396225590551181
0
LINE
8
BLACK
6
CONTINUOUS
10
1.939818779527559
20
0.3396225590551181
11
1.9394531496062992
21
0.3396485433070866
0
LINE
8
BLACK
6
CONTINUOUS
10
1.9394531496062992
20
0.3396485433070866
11
1.9375783858267717
21
0.3405859448818898
0
LINE
8
BLACK
6
CONTINUOUS
10
1.9375783858267717
20
0.3405859448818898
11
1.9374085433070867
21
0.3407817322834645
0
LINE
8
BLACK
6
CONTINUOUS
10
1.9374085433070867
20
0.3407817322834645
11
1.9371691338582677
21
0.3408809448818897
0
LINE
8
BLACK
6
CONTINUOUS
10
1.9371691338582677
20
0.3408809448818897
11
1.9362317716535433
21
0.3418183070866141
0
LINE
8
BLACK
6
CONTINUOUS
10
1.9362317716535433
20
0.3418183070866141
11
1.9361697244094487
21
0.3419680708661417
0
LINE
8
BLACK
6
CONTINUOUS
10
1.9361697244094487
20
0.3419680708661417
11
1.936035
21
0.3420583070866142
0
LINE
8
BLACK
6
CONTINUOUS
10
1.936035
20
0.3420583070866142
11
1.9341602362204724
21
0.3448704724409449
0
LINE
8
BLACK
6
CONTINUOUS
10
1.9341602362204724
20
0.3448704724409449
11
1.9341067716535432
21
0.3451407086614173
0
LINE
8
BLACK
6
CONTINUOUS
10
1.9341067716535432
20
0.3451407086614173
11
1.9339427559055118
21
0.3453620866141732
0
LINE
8
BLACK
6
CONTINUOUS
10
1.9339427559055118
20
0.3453620866141732
11
1.9330053543307086
21
0.3491115748031496
0
LINE
8
BLACK
6
CONTINUOUS
10
1.9330053543307086
20
0.3491115748031496
11
1.9330347244094488
21
0.3493090551181102
0
LINE
8
BLACK
6
CONTINUOUS
10
1.9330347244094488
20
0.3493090551181102
11
1.9329583464566928
21
0.3494935433070866
0
LINE
8
BLACK
6
CONTINUOUS
10
1.9329583464566928
20
0.3494935433070866
11
1.9329583464566928
21
0.3569925984251968
0
LINE
8
BLACK
6
CONTINUOUS
10
1.9329583464566928
20
0.3569925984251968
11
1.9330986220472441
21
0.3573312204724409
0
LINE
8
BLACK
6
CONTINUOUS
10
1.9330986220472441
20
0.3573312204724409
11
1.9331246062992125
21
0.3576968897637795
0
LINE
8
BLACK
6
CONTINUOUS
10
1.9331246062992125
20
0.3576968897637795
11
1.9340620078740156
21
0.3595716535433071
0
LINE
8
BLACK
6
CONTINUOUS
10
1.9340620078740156
20
0.3595716535433071
11
1.9342577952755906
21
0.3597414566929134
0
LINE
8
BLACK
6
CONTINUOUS
10
1.9342577952755906
20
0.3597414566929134
11
1.9343570078740158
21
0.359980905511811
0
LINE
8
BLACK
6
CONTINUOUS
10
1.9343570078740158
20
0.359980905511811
11
1.9352943700787402
21
0.3609182677165354
0
LINE
8
BLACK
6
CONTINUOUS
10
1.9352943700787402
20
0.3609182677165354
11
1.9355337795275591
21
0.3610174409448819
0
LINE
8
BLACK
6
CONTINUOUS
10
1.9355337795275591
20
0.3610174409448819
11
1.9357036220472441
21
0.3612132677165354
0
LINE
8
BLACK
6
CONTINUOUS
10
1.9357036220472441
20
0.3612132677165354
11
1.9375783858267717
21
0.3621506692913386
0
LINE
8
BLACK
6
CONTINUOUS
10
1.9375783858267717
20
0.3621506692913386
11
1.9379440157480314
21
0.3621766141732283
0
LINE
8
BLACK
6
CONTINUOUS
10
1.9379440157480314
20
0.3621766141732283
11
1.9382826771653543
21
0.3623169291338583
0
LINE
8
BLACK
6
CONTINUOUS
10
1.9382826771653543
20
0.3623169291338583
11
1.9420322047244094
21
0.3623169291338583
0
LINE
8
BLACK
6
CONTINUOUS
10
1.9420322047244094
20
0.3623169291338583
11
1.9423708267716535
21
0.3621766141732283
0
LINE
8
BLACK
6
CONTINUOUS
10
1.9373407086614174
20
0.3585104330708661
11
1.9367648031496063
21
0.3579345275590551
0
LINE
8
BLACK
6
CONTINUOUS
10
1.9367648031496063
20
0.3579345275590551
11
1.9361079527559055
21
0.3566207874015748
0
LINE
8
BLACK
6
CONTINUOUS
10
1.9361079527559055
20
0.3566207874015748
11
1.9361079527559055
21
0.3526774409448819
0
LINE
8
BLACK
6
CONTINUOUS
10
1.9361079527559055
20
0.3526774409448819
11
1.9367648031496063
21
0.3513637007874016
0
LINE
8
BLACK
6
CONTINUOUS
10
1.9367648031496063
20
0.3513637007874016
11
1.9373407086614174
21
0.3507877952755906
0
LINE
8
BLACK
6
CONTINUOUS
10
1.9373407086614174
20
0.3507877952755906
11
1.9386544488188977
21
0.3501309448818898
0
LINE
8
BLACK
6
CONTINUOUS
10
1.9386544488188977
20
0.3501309448818898
11
1.941660433070866
21
0.3501309448818898
0
LINE
8
BLACK
6
CONTINUOUS
10
1.941660433070866
20
0.3501309448818898
11
1.942974094488189
21
0.3507877952755906
0
LINE
8
BLACK
6
CONTINUOUS
10
1.942974094488189
20
0.3507877952755906
11
1.9435501181102361
21
0.3513637401574803
0
LINE
8
BLACK
6
CONTINUOUS
10
1.9435501181102361
20
0.3513637401574803
11
1.9442069291338582
21
0.3526773622047244
0
LINE
8
BLACK
6
CONTINUOUS
10
1.9442069291338582
20
0.3526773622047244
11
1.9442069291338582
21
0.3566208661417323
0
LINE
8
BLACK
6
CONTINUOUS
10
1.9442069291338582
20
0.3566208661417323
11
1.9435501181102361
21
0.3579344881889764
0
LINE
8
BLACK
6
CONTINUOUS
10
1.9435501181102361
20
0.3579344881889764
11
1.942974094488189
21
0.3585104330708661
0
LINE
8
BLACK
6
CONTINUOUS
10
1.942974094488189
20
0.3585104330708661
11
1.941660433070866
21
0.3591673228346456
0
LINE
8
BLACK
6
CONTINUOUS
10
1.941660433070866
20
0.3591673228346456
11
1.9386544488188977
21
0.3591673228346456
0
LINE
8
BLACK
6
CONTINUOUS
10
1.9386544488188977
20
0.3591673228346456
11
1.9373407086614174
21
0.3585104330708661
0
LINE
8
BLACK
6
CONTINUOUS
10
1.9591445669291339
20
0.3622177165354331
11
1.9594031102362204
21
0.3622361023622047
0
LINE
8
BLACK
6
CONTINUOUS
10
1.9594031102362204
20
0.3622361023622047
11
1.9622152362204723
21
0.3612987007874016
0
LINE
8
BLACK
6
CONTINUOUS
10
1.9622152362204723
20
0.3612987007874016
11
1.9624921259842518
21
0.3610585433070866
0
LINE
8
BLACK
6
CONTINUOUS
10
1.9624921259842518
20
0.3610585433070866
11
1.9628307874015747
21
0.3609182677165354
0
LINE
8
BLACK
6
CONTINUOUS
10
1.9628307874015747
20
0.3609182677165354
11
1.9647055511811022
21
0.3590435433070866
0
LINE
8
BLACK
6
CONTINUOUS
10
1.9647055511811022
20
0.3590435433070866
11
1.9648047244094489
21
0.3588040551181103
0
LINE
8
BLACK
6
CONTINUOUS
10
1.9648047244094489
20
0.3588040551181103
11
1.9650005511811024
21
0.3586342519685039
0
LINE
8
BLACK
6
CONTINUOUS
10
1.9650005511811024
20
0.3586342519685039
11
1.9659379527559055
21
0.3567594881889763
0
LINE
8
BLACK
6
CONTINUOUS
10
1.9659379527559055
20
0.3567594881889763
11
1.9659506299212599
21
0.3565809448818897
0
LINE
8
BLACK
6
CONTINUOUS
10
1.9659506299212599
20
0.3565809448818897
11
1.9660572047244094
21
0.356437125984252
0
LINE
8
BLACK
6
CONTINUOUS
10
1.9660572047244094
20
0.356437125984252
11
1.9669945669291338
21
0.3526875984251969
0
LINE
8
BLACK
6
CONTINUOUS
10
1.9669945669291338
20
0.3526875984251969
11
1.9669651574803149
21
0.3524900787401575
0
LINE
8
BLACK
6
CONTINUOUS
10
1.9669651574803149
20
0.3524900787401575
11
1.9670415748031496
21
0.3523056692913386
0
LINE
8
BLACK
6
CONTINUOUS
10
1.9670415748031496
20
0.3523056692913386
11
1.9670415748031496
21
0.3494935433070866
0
LINE
8
BLACK
6
CONTINUOUS
10
1.9670415748031496
20
0.3494935433070866
11
1.9669651574803149
21
0.349309094488189
0
LINE
8
BLACK
6
CONTINUOUS
10
1.9669651574803149
20
0.349309094488189
11
1.9669945669291338
21
0.3491116141732283
0
LINE
8
BLACK
6
CONTINUOUS
10
1.9669945669291338
20
0.3491116141732283
11
1.9660572047244094
21
0.3453620866141732
0
LINE
8
BLACK
6
CONTINUOUS
10
1.9660572047244094
20
0.3453620866141732
11
1.9659506299212599
21
0.3452182283464567
0
LINE
8
BLACK
6
CONTINUOUS
10
1.9659506299212599
20
0.3452182283464567
11
1.9659379527559055
21
0.3450397244094488
0
LINE
8
BLACK
6
CONTINUOUS
10
1.9659379527559055
20
0.3450397244094488
11
1.9650005511811024
21
0.3431649606299212
0
LINE
8
BLACK
6
CONTINUOUS
10
1.9650005511811024
20
0.3431649606299212
11
1.9648047244094489
21
0.3429951181102362
0
LINE
8
BLACK
6
CONTINUOUS
10
1.9648047244094489
20
0.3429951181102362
11
1.9647055511811022
21
0.3427556692913385
0
LINE
8
BLACK
6
CONTINUOUS
10
1.9647055511811022
20
0.3427556692913385
11
1.9628307874015747
21
0.3408809448818897
0
LINE
8
BLACK
6
CONTINUOUS
10
1.9628307874015747
20
0.3408809448818897
11
1.9624921259842518
21
0.3407406299212598
0
LINE
8
BLACK
6
CONTINUOUS
10
1.9624921259842518
20
0.3407406299212598
11
1.9622152362204723
21
0.3405005118110236
0
LINE
8
BLACK
6
CONTINUOUS
10
1.9622152362204723
20
0.3405005118110236
11
1.9594031102362204
21
0.3395631102362205
0
LINE
8
BLACK
6
CONTINUOUS
10
1.9594031102362204
20
0.3395631102362205
11
1.9591445669291339
21
0.3395814566929134
0
LINE
8
BLACK
6
CONTINUOUS
10
1.9591445669291339
20
0.3395814566929134
11
1.9589051181102362
21
0.3394822834645669
0
LINE
8
BLACK
6
CONTINUOUS
10
1.9589051181102362
20
0.3394822834645669
11
1.9570303543307086
21
0.3394822834645669
0
LINE
8
BLACK
6
CONTINUOUS
10
1.9570303543307086
20
0.3394822834645669
11
1.9567908661417321
21
0.3395814566929134
0
LINE
8
BLACK
6
CONTINUOUS
10
1.9567908661417321
20
0.3395814566929134
11
1.9565323622047244
21
0.3395631102362205
0
LINE
8
BLACK
6
CONTINUOUS
10
1.9565323622047244
20
0.3395631102362205
11
1.9537201968503937
21
0.3405005118110236
0
LINE
8
BLACK
6
CONTINUOUS
10
1.9537201968503937
20
0.3405005118110236
11
1.9534432677165354
21
0.3407406299212598
0
LINE
8
BLACK
6
CONTINUOUS
10
1.9534432677165354
20
0.3407406299212598
11
1.9531046456692913
21
0.3408809448818897
0
LINE
8
BLACK
6
CONTINUOUS
10
1.9531046456692913
20
0.3408809448818897
11
1.9521672834645669
21
0.3418183070866141
0
LINE
8
BLACK
6
CONTINUOUS
10
1.9521672834645669
20
0.3418183070866141
11
1.9517060236220471
21
0.3429318503937008
0
LINE
8
BLACK
6
CONTINUOUS
10
1.9517060236220471
20
0.3429318503937008
11
1.9521672834645669
21
0.3440453937007874
0
LINE
8
BLACK
6
CONTINUOUS
10
1.9521672834645669
20
0.3440453937007874
11
1.9532808267716535
21
0.3445066535433071
0
LINE
8
BLACK
6
CONTINUOUS
10
1.9532808267716535
20
0.3445066535433071
11
1.9543943700787401
21
0.3440453937007874
0
LINE
8
BLACK
6
CONTINUOUS
10
1.9543943700787401
20
0.3440453937007874
11
1.9550688582677165
21
0.3433708661417323
0
LINE
8
BLACK
6
CONTINUOUS
10
1.9550688582677165
20
0.3433708661417323
11
1.9572858661417323
21
0.3426318897637795
0
LINE
8
BLACK
6
CONTINUOUS
10
1.9572858661417323
20
0.3426318897637795
11
1.9586496062992125
21
0.3426318897637795
0
LINE
8
BLACK
6
CONTINUOUS
10
1.9586496062992125
20
0.3426318897637795
11
1.9608665354330708
21
0.3433708661417323
0
LINE
8
BLACK
6
CONTINUOUS
10
1.9608665354330708
20
0.3433708661417323
11
1.9622977559055117
21
0.3448020866141732
0
LINE
8
BLACK
6
CONTINUOUS
10
1.9622977559055117
20
0.3448020866141732
11
1.9630435039370078
21
0.3462936614173228
0
LINE
8
BLACK
6
CONTINUOUS
10
1.9630435039370078
20
0.3462936614173228
11
1.9638919685039369
21
0.3496874015748032
0
LINE
8
BLACK
6
CONTINUOUS
10
1.9638919685039369
20
0.3496874015748032
11
1.9638919685039369
21
0.3521117716535433
0
LINE
8
BLACK
6
CONTINUOUS
10
1.9638919685039369
20
0.3521117716535433
11
1.9630435039370078
21
0.3555055118110236
0
LINE
8
BLACK
6
CONTINUOUS
10
1.9630435039370078
20
0.3555055118110236
11
1.9622977559055117
21
0.3569970866141732
0
LINE
8
BLACK
6
CONTINUOUS
10
1.9622977559055117
20
0.3569970866141732
11
1.9608665354330708
21
0.3584283070866142
0
LINE
8
BLACK
6
CONTINUOUS
10
1.9608665354330708
20
0.3584283070866142
11
1.9586496062992125
21
0.3591673228346456
0
LINE
8
BLACK
6
CONTINUOUS
10
1.9586496062992125
20
0.3591673228346456
11
1.9572858661417323
21
0.3591673228346456
0
LINE
8
BLACK
6
CONTINUOUS
10
1.9572858661417323
20
0.3591673228346456
11
1.9550688582677165
21
0.3584283070866142
0
LINE
8
BLACK
6
CONTINUOUS
10
1.9550688582677165
20
0.3584283070866142
11
1.9543943700787401
21
0.3577538188976378
0
LINE
8
BLACK
6
CONTINUOUS
10
1.9543943700787401
20
0.3577538188976378
11
1.9532808267716535
21
0.3572925590551181
0
LINE
8
BLACK
6
CONTINUOUS
10
1.9532808267716535
20
0.3572925590551181
11
1.9521672834645669
21
0.3577538188976378
0
LINE
8
BLACK
6
CONTINUOUS
10
1.9521672834645669
20
0.3577538188976378
11
1.9517060236220471
21
0.3588673622047244
0
LINE
8
BLACK
6
CONTINUOUS
10
1.9517060236220471
20
0.3588673622047244
11
1.9521672834645669
21
0.359980905511811
0
LINE
8
BLACK
6
CONTINUOUS
10
1.9521672834645669
20
0.359980905511811
11
1.9531046456692913
21
0.3609182677165354
0
LINE
8
BLACK
6
CONTINUOUS
10
1.9531046456692913
20
0.3609182677165354
11
1.9534432677165354
21
0.3610585433070866
0
LINE
8
BLACK
6
CONTINUOUS
10
1.9534432677165354
20
0.3610585433070866
11
1.9537201968503937
21
0.3612987007874016
0
LINE
8
BLACK
6
CONTINUOUS
10
1.9537201968503937
20
0.3612987007874016
11
1.9565323622047244
21
0.3622361023622047
0
LINE
8
BLACK
6
CONTINUOUS
10
1.9565323622047244
20
0.3622361023622047
11
1.9567908661417321
21
0.3622177165354331
0
LINE
8
BLACK
6
CONTINUOUS
10
1.9567908661417321
20
0.3622177165354331
11
1.9570303543307086
21
0.3623169291338583
0
LINE
8
BLACK
6
CONTINUOUS
10
1.9570303543307086
20
0.3623169291338583
11
1.9589051181102362
21
0.3623169291338583
0
LINE
8
BLACK
6
CONTINUOUS
10
1.9589051181102362
20
0.3623169291338583
11
1.9591445669291339
21
0.3622177165354331
0
LINE
8
BLACK
6
CONTINUOUS
10
1.9893700787401574
20
0.3755905511811024
11
1.9907620078740158
21
0.3750139763779528
0
LINE
8
BLACK
6
CONTINUOUS
10
1.9907620078740158
20
0.3750139763779528
11
1.9913385826771652
21
0.3736220472440945
0
LINE
8
BLACK
6
CONTINUOUS
10
1.9913385826771652
20
0.3736220472440945
11
1.9913385826771652
21
0.3263779527559055
0
LINE
8
BLACK
6
CONTINUOUS
10
1.9913385826771652
20
0.3263779527559055
11
1.9907620078740158
21
0.3249860236220473
0
LINE
8
BLACK
6
CONTINUOUS
10
1.9907620078740158
20
0.3249860236220473
11
1.9893700787401574
21
0.3244094488188976
0
LINE
8
BLACK
6
CONTINUOUS
10
1.9893700787401574
20
0.3244094488188976
11
1.9106299212598425
21
0.3244094488188976
0
LINE
8
BLACK
6
CONTINUOUS
10
1.9106299212598425
20
0.3244094488188976
11
1.9092379921259841
21
0.3249860236220473
0
LINE
8
BLACK
6
CONTINUOUS
10
1.9092379921259841
20
0.3249860236220473
11
1.9086614173228347
21
0.3263779527559055
0
LINE
8
BLACK
6
CONTINUOUS
10
1.9086614173228347
20
0.3263779527559055
11
1.9086614173228347
21
0.3736220472440945
0
LINE
8
BLACK
6
CONTINUOUS
10
1.9086614173228347
20
0.3736220472440945
11
1.9092379921259841
21
0.3750139763779528
0
LINE
8
BLACK
6
CONTINUOUS
10
1.9092379921259841
20
0.3750139763779528
11
1.9106299212598425
21
0.3755905511811024
0
LINE
8
BLACK
6
CONTINUOUS
10
1.9106299212598425
20
0.3755905511811024
11
1.9893700787401574
21
0.3755905511811024
0
LINE
8
BLACK
6
CONTINUOUS
10
1.9125984251968504
20
0.3716535433070866
11
1.9125984251968504
21
0.3283464566929134
0
LINE
8
BLACK
6
CONTINUOUS
10
1.9125984251968504
20
0.3283464566929134
11
1.9874015748031495
21
0.3283464566929134
0
LINE
8
BLACK
6
CONTINUOUS
10
1.9874015748031495
20
0.3283464566929134
11
1.9874015748031495
21
0.3716535433070866
0
LINE
8
BLACK
6
CONTINUOUS
10
1.9874015748031495
20
0.3716535433070866
11
1.9125984251968504
21
0.3716535433070866
0
LINE
8
BLACK
6
CONTINUOUS
10
1.9423708267716535
20
0.4621766141732284
11
1.942736496062992
21
0.4621506692913386
0
LINE
8
BLACK
6
CONTINUOUS
10
1.942736496062992
20
0.4621506692913386
11
1.9446112598425196
21
0.4612132677165354
0
LINE
8
BLACK
6
CONTINUOUS
10
1.9446112598425196
20
0.4612132677165354
11
1.9447810236220473
21
0.4610174803149606
0
LINE
8
BLACK
6
CONTINUOUS
10
1.9447810236220473
20
0.4610174803149606
11
1.9450205118110235
21
0.4609183070866142
0
LINE
8
BLACK
6
CONTINUOUS
10
1.9450205118110235
20
0.4609183070866142
11
1.9459579133858267
21
0.4599809448818897
0
LINE
8
BLACK
6
CONTINUOUS
10
1.9459579133858267
20
0.4599809448818897
11
1.9460571259842518
21
0.4597413779527559
0
LINE
8
BLACK
6
CONTINUOUS
10
1.9460571259842518
20
0.4597413779527559
11
1.9462529133858266
21
0.4595716141732283
0
LINE
8
BLACK
6
CONTINUOUS
10
1.9462529133858266
20
0.4595716141732283
11
1.9471902755905512
21
0.4576968897637795
0
LINE
8
BLACK
6
CONTINUOUS
10
1.9471902755905512
20
0.4576968897637795
11
1.9472162204724408
21
0.457331220472441
0
LINE
8
BLACK
6
CONTINUOUS
10
1.9472162204724408
20
0.457331220472441
11
1.9473565354330709
21
0.4569925984251968
0
LINE
8
BLACK
6
CONTINUOUS
10
1.9473565354330709
20
0.4569925984251968
11
1.9473565354330709
21
0.4560551968503937
0
LINE
8
BLACK
6
CONTINUOUS
10
1.9473565354330709
20
0.4560551968503937
11
1.9472162204724408
21
0.4557165354330708
0
LINE
8
BLACK
6
CONTINUOUS
10
1.9472162204724408
20
0.4557165354330708
11
1.9471902755905512
21
0.455350905511811
0
LINE
8
BLACK
6
CONTINUOUS
10
1.9471902755905512
20
0.455350905511811
11
1.9462529133858266
21
0.4534761811023622
0
LINE
8
BLACK
6
CONTINUOUS
10
1.9462529133858266
20
0.4534761811023622
11
1.9460571259842518
21
0.4533063779527559
0
LINE
8
BLACK
6
CONTINUOUS
10
1.9460571259842518
20
0.4533063779527559
11
1.9459579133858267
21
0.4530668503937008
0
LINE
8
BLACK
6
CONTINUOUS
10
1.9459579133858267
20
0.4530668503937008
11
1.9451966929133857
21
0.4523056692913386
0
LINE
8
BLACK
6
CONTINUOUS
10
1.9451966929133857
20
0.4523056692913386
11
1.9459579133858267
21
0.4515444881889764
0
LINE
8
BLACK
6
CONTINUOUS
10
1.9459579133858267
20
0.4515444881889764
11
1.9460570866141731
21
0.4513049606299213
0
LINE
8
BLACK
6
CONTINUOUS
10
1.9460570866141731
20
0.4513049606299213
11
1.9462529133858266
21
0.451135157480315
0
LINE
8
BLACK
6
CONTINUOUS
10
1.9462529133858266
20
0.451135157480315
11
1.9471902755905512
21
0.4492604330708661
0
LINE
8
BLACK
6
CONTINUOUS
10
1.9471902755905512
20
0.4492604330708661
11
1.9472162204724408
21
0.4488947637795275
0
LINE
8
BLACK
6
CONTINUOUS
10
1.9472162204724408
20
0.4488947637795275
11
1.9473565354330709
21
0.4485561417322835
0
LINE
8
BLACK
6
CONTINUOUS
10
1.9473565354330709
20
0.4485561417322835
11
1.9473565354330709
21
0.4448066141732283
0
LINE
8
BLACK
6
CONTINUOUS
10
1.9473565354330709
20
0.4448066141732283
11
1.9472162204724408
21
0.4444679527559055
0
LINE
8
BLACK
6
CONTINUOUS
10
1.9472162204724408
20
0.4444679527559055
11
1.9471902755905512
21
0.4441023228346457
0
LINE
8
BLACK
6
CONTINUOUS
10
1.9471902755905512
20
0.4441023228346457
11
1.9462529133858266
21
0.4422275984251968
0
LINE
8
BLACK
6
CONTINUOUS
10
1.9462529133858266
20
0.4422275984251968
11
1.9460571259842518
21
0.4420577952755905
0
LINE
8
BLACK
6
CONTINUOUS
10
1.9460571259842518
20
0.4420577952755905
11
1.9459579133858267
21
0.4418182677165354
0
LINE
8
BLACK
6
CONTINUOUS
10
1.9459579133858267
20
0.4418182677165354
11
1.9450205118110235
21
0.440880905511811
0
LINE
8
BLACK
6
CONTINUOUS
10
1.9450205118110235
20
0.440880905511811
11
1.9447810236220473
21
0.4407816929133858
0
LINE
8
BLACK
6
CONTINUOUS
10
1.9447810236220473
20
0.4407816929133858
11
1.9446112598425196
21
0.4405859448818897
0
LINE
8
BLACK
6
CONTINUOUS
10
1.9446112598425196
20
0.4405859448818897
11
1.942736496062992
21
0.4396485433070866
0
LINE
8
BLACK
6
CONTINUOUS
10
1.942736496062992
20
0.4396485433070866
11
1.9423708267716535
21
0.4396225590551181
0
LINE
8
BLACK
6
CONTINUOUS
10
1.9423708267716535
20
0.4396225590551181
11
1.9420322047244094
21
0.4394822834645669
0
LINE
8
BLACK
6
CONTINUOUS
10
1.9420322047244094
20
0.4394822834645669
11
1.9382826771653543
21
0.4394822834645669
0
LINE
8
BLACK
6
CONTINUOUS
10
1.9382826771653543
20
0.4394822834645669
11
1.9379440157480314
21
0.4396225590551181
0
LINE
8
BLACK
6
CONTINUOUS
10
1.9379440157480314
20
0.4396225590551181
11
1.9375783858267717
21
0.4396485433070866
0
LINE
8
BLACK
6
CONTINUOUS
10
1.9375783858267717
20
0.4396485433070866
11
1.9357036220472441
21
0.4405859448818897
0
LINE
8
BLACK
6
CONTINUOUS
10
1.9357036220472441
20
0.4405859448818897
11
1.9355337795275591
21
0.4407817322834646
0
LINE
8
BLACK
6
CONTINUOUS
10
1.9355337795275591
20
0.4407817322834646
11
1.9352943700787402
21
0.4408809448818898
0
LINE
8
BLACK
6
CONTINUOUS
10
1.9352943700787402
20
0.4408809448818898
11
1.9343570078740158
21
0.4418183070866142
0
LINE
8
BLACK
6
CONTINUOUS
10
1.9343570078740158
20
0.4418183070866142
11
1.9342577952755906
21
0.4420577165354331
0
LINE
8
BLACK
6
CONTINUOUS
10
1.9342577952755906
20
0.4420577165354331
11
1.9340620078740156
21
0.4422275590551181
0
LINE
8
BLACK
6
CONTINUOUS
10
1.9340620078740156
20
0.4422275590551181
11
1.9331246062992125
21
0.4441023228346457
0
LINE
8
BLACK
6
CONTINUOUS
10
1.9331246062992125
20
0.4441023228346457
11
1.9330986220472441
21
0.4444679527559055
0
LINE
8
BLACK
6
CONTINUOUS
10
1.9330986220472441
20
0.4444679527559055
11
1.9329583464566928
21
0.4448066141732283
0
LINE
8
BLACK
6
CONTINUOUS
10
1.9329583464566928
20
0.4448066141732283
11
1.9329583464566928
21
0.4485561417322835
0
LINE
8
BLACK
6
CONTINUOUS
10
1.9329583464566928
20
0.4485561417322835
11
1.9330986220472441
21
0.4488947637795275
0
LINE
8
BLACK
6
CONTINUOUS
10
1.9330986220472441
20
0.4488947637795275
11
1.9331246062992125
21
0.4492604330708661
0
LINE
8
BLACK
6
CONTINUOUS
10
1.9331246062992125
20
0.4492604330708661
11
1.9340620078740156
21
0.4511351968503937
0
LINE
8
BLACK
6
CONTINUOUS
10
1.9340620078740156
20
0.4511351968503937
11
1.9342577559055119
21
0.4513049606299213
0
LINE
8
BLACK
6
CONTINUOUS
10
1.9342577559055119
20
0.4513049606299213
11
1.934356968503937
21
0.4515444488188976
0
LINE
8
BLACK
6
CONTINUOUS
10
1.934356968503937
20
0.4515444488188976
11
1.935118188976378
21
0.4523056692913386
0
LINE
8
BLACK
6
CONTINUOUS
10
1.935118188976378
20
0.4523056692913386
11
1.9343570078740158
21
0.4530668897637795
0
LINE
8
BLACK
6
CONTINUOUS
10
1.9343570078740158
20
0.4530668897637795
11
1.9342577952755906
21
0.4533062992125984
0
LINE
8
BLACK
6
CONTINUOUS
10
1.9342577952755906
20
0.4533062992125984
11
1.9340620078740156
21
0.4534761417322835
0
LINE
8
BLACK
6
CONTINUOUS
10
1.9340620078740156
20
0.4534761417322835
11
1.9331246062992125
21
0.455350905511811
0
LINE
8
BLACK
6
CONTINUOUS
10
1.9331246062992125
20
0.455350905511811
11
1.9330986220472441
21
0.4557165354330708
0
LINE
8
BLACK
6
CONTINUOUS
10
1.9330986220472441
20
0.4557165354330708
11
1.9329583464566928
21
0.4560551968503937
0
LINE
8
BLACK
6
CONTINUOUS
10
1.9329583464566928
20
0.4560551968503937
11
1.9329583464566928
21
0.4569925984251968
0
LINE
8
BLACK
6
CONTINUOUS
10
1.9329583464566928
20
0.4569925984251968
11
1.9330986220472441
21
0.457331220472441
0
LINE
8
BLACK
6
CONTINUOUS
10
1.9330986220472441
20
0.457331220472441
11
1.9331246062992125
21
0.4576968897637795
0
LINE
8
BLACK
6
CONTINUOUS
10
1.9331246062992125
20
0.4576968897637795
11
1.9340620078740156
21
0.4595716535433071
0
LINE
8
BLACK
6
CONTINUOUS
10
1.9340620078740156
20
0.4595716535433071
11
1.9342577952755906
21
0.4597414566929134
0
LINE
8
BLACK
6
CONTINUOUS
10
1.9342577952755906
20
0.4597414566929134
11
1.9343570078740158
21
0.459980905511811
0
LINE
8
BLACK
6
CONTINUOUS
10
1.9343570078740158
20
0.459980905511811
11
1.9352943700787402
21
0.4609182677165354
0
LINE
8
BLACK
6
CONTINUOUS
10
1.9352943700787402
20
0.4609182677165354
11
1.9355337795275591
21
0.4610174409448819
0
LINE
8
BLACK
6
CONTINUOUS
10
1.9355337795275591
20
0.4610174409448819
11
1.9357036220472441
21
0.4612132677165354
0
LINE
8
BLACK
6
CONTINUOUS
10
1.9357036220472441
20
0.4612132677165354
11
1.9375783858267717
21
0.4621506692913386
0
LINE
8
BLACK
6
CONTINUOUS
10
1.9375783858267717
20
0.4621506692913386
11
1.9379440157480314
21
0.4621766141732284
0
LINE
8
BLACK
6
CONTINUOUS
10
1.9379440157480314
20
0.4621766141732284
11
1.9382826771653543
21
0.4623169291338582
0
LINE
8
BLACK
6
CONTINUOUS
10
1.9382826771653543
20
0.4623169291338582
11
1.9420322047244094
21
0.4623169291338582
0
LINE
8
BLACK
6
CONTINUOUS
10
1.9420322047244094
20
0.4623169291338582
11
1.9423708267716535
21
0.4621766141732284
0
LINE
8
BLACK
6
CONTINUOUS
10
1.9373407480314959
20
0.4500740551181102
11
1.9367648031496063
21
0.449498031496063
0
LINE
8
BLACK
6
CONTINUOUS
10
1.9367648031496063
20
0.449498031496063
11
1.9361079527559055
21
0.4481843307086614
0
LINE
8
BLACK
6
CONTINUOUS
10
1.9361079527559055
20
0.4481843307086614
11
1.9361079527559055
21
0.4451783858267717
0
LINE
8
BLACK
6
CONTINUOUS
10
1.9361079527559055
20
0.4451783858267717
11
1.9367648031496063
21
0.4438646456692913
0
LINE
8
BLACK
6
CONTINUOUS
10
1.9367648031496063
20
0.4438646456692913
11
1.9373407086614174
21
0.4432887401574803
0
LINE
8
BLACK
6
CONTINUOUS
10
1.9373407086614174
20
0.4432887401574803
11
1.9386544488188977
21
0.4426318897637795
0
LINE
8
BLACK
6
CONTINUOUS
10
1.9386544488188977
20
0.4426318897637795
11
1.941660433070866
21
0.4426318897637795
0
LINE
8
BLACK
6
CONTINUOUS
10
1.941660433070866
20
0.4426318897637795
11
1.942974094488189
21
0.4432887401574803
0
LINE
8
BLACK
6
CONTINUOUS
10
1.942974094488189
20
0.4432887401574803
11
1.9435501181102361
21
0.44386468503937
0
LINE
8
BLACK
6
CONTINUOUS
10
1.9435501181102361
20
0.44386468503937
11
1.9442069291338582
21
0.4451783070866142
0
LINE
8
BLACK
6
CONTINUOUS
10
1.9442069291338582
20
0.4451783070866142
11
1.9442069291338582
21
0.4481844094488189
0
LINE
8
BLACK
6
CONTINUOUS
10
1.9442069291338582
20
0.4481844094488189
11
1.9435501181102361
21
0.4494979921259842
0
LINE
8
BLACK
6
CONTINUOUS
10
1.9435501181102361
20
0.4494979921259842
11
1.9429741338582678
21
0.4500740157480315
0
LINE
8
BLACK
6
CONTINUOUS
10
1.9429741338582678
20
0.4500740157480315
11
1.9416604724409448
21
0.4507308661417323
0
LINE
8
BLACK
6
CONTINUOUS
10
1.9416604724409448
20
0.4507308661417323
11
1.9386544094488189
21
0.4507308661417323
0
LINE
8
BLACK
6
CONTINUOUS
10
1.9386544094488189
20
0.4507308661417323
11
1.9373407480314959
21
0.4500740551181102
0
LINE
8
BLACK
6
CONTINUOUS
10
1.9373407086614174
20
0.4585104330708661
11
1.9367648031496063
21
0.4579345275590551
0
LINE
8
BLACK
6
CONTINUOUS
10
1.9367648031496063
20
0.4579345275590551
11
1.9361079527559055
21
0.4566207874015748
0
LINE
8
BLACK
6
CONTINUOUS
10
1.9361079527559055
20
0.4566207874015748
11
1.9361079527559055
21
0.456426968503937
0
LINE
8
BLACK
6
CONTINUOUS
10
1.9361079527559055
20
0.456426968503937
11
1.9367648031496063
21
0.4551132283464567
0
LINE
8
BLACK
6
CONTINUOUS
10
1.9367648031496063
20
0.4551132283464567
11
1.9373407086614174
21
0.4545373228346457
0
LINE
8
BLACK
6
CONTINUOUS
10
1.9373407086614174
20
0.4545373228346457
11
1.9386544488188977
21
0.4538804724409449
0
LINE
8
BLACK
6
CONTINUOUS
10
1.9386544488188977
20
0.4538804724409449
11
1.941660433070866
21
0.4538804724409449
0
LINE
8
BLACK
6
CONTINUOUS
10
1.941660433070866
20
0.4538804724409449
11
1.942974094488189
21
0.4545373228346457
0
LINE
8
BLACK
6
CONTINUOUS
10
1.942974094488189
20
0.4545373228346457
11
1.9435501181102361
21
0.4551132677165354
0
LINE
8
BLACK
6
CONTINUOUS
10
1.9435501181102361
20
0.4551132677165354
11
1.9442069291338582
21
0.4564268897637795
0
LINE
8
BLACK
6
CONTINUOUS
10
1.9442069291338582
20
0.4564268897637795
11
1.9442069291338582
21
0.4566208661417323
0
LINE
8
BLACK
6
CONTINUOUS
10
1.9442069291338582
20
0.4566208661417323
11
1.9435501181102361
21
0.4579344881889764
0
LINE
8
BLACK
6
CONTINUOUS
10
1.9435501181102361
20
0.4579344881889764
11
1.942974094488189
21
0.4585104330708661
0
LINE
8
BLACK
6
CONTINUOUS
10
1.942974094488189
20
0.4585104330708661
11
1.941660433070866
21
0.4591673228346457
0
LINE
8
BLACK
6
CONTINUOUS
10
1.941660433070866
20
0.4591673228346457
11
1.9386544488188977
21
0.4591673228346457
0
LINE
8
BLACK
6
CONTINUOUS
10
1.9386544488188977
20
0.4591673228346457
11
1.9373407086614174
21
0.4585104330708661
0
LINE
8
BLACK
6
CONTINUOUS
10
1.9656429527559054
20
0.4618556692913386
11
1.9661042125984252
21
0.460742125984252
0
LINE
8
BLACK
6
CONTINUOUS
10
1.9661042125984252
20
0.460742125984252
11
1.9661042125984252
21
0.4410570866141732
0
LINE
8
BLACK
6
CONTINUOUS
10
1.9661042125984252
20
0.4410570866141732
11
1.9656429527559054
21
0.4399435433070866
0
LINE
8
BLACK
6
CONTINUOUS
10
1.9656429527559054
20
0.4399435433070866
11
1.9645294094488188
21
0.4394822834645669
0
LINE
8
BLACK
6
CONTINUOUS
10
1.9645294094488188
20
0.4394822834645669
11
1.9634158661417322
21
0.4399435433070866
0
LINE
8
BLACK
6
CONTINUOUS
10
1.9634158661417322
20
0.4399435433070866
11
1.9629546062992125
21
0.4410570866141732
0
LINE
8
BLACK
6
CONTINUOUS
10
1.9629546062992125
20
0.4410570866141732
11
1.9629546062992125
21
0.4488561023622047
0
LINE
8
BLACK
6
CONTINUOUS
10
1.9629546062992125
20
0.4488561023622047
11
1.9606624015748031
21
0.4488561023622047
0
LINE
8
BLACK
6
CONTINUOUS
10
1.9606624015748031
20
0.4488561023622047
11
1.9545709448818898
21
0.4401540157480315
0
LINE
8
BLACK
6
CONTINUOUS
10
1.9545709448818898
20
0.4401540157480315
11
1.9535544881889764
21
0.4395062598425197
0
LINE
8
BLACK
6
CONTINUOUS
10
1.9535544881889764
20
0.4395062598425197
11
1.9523777559055118
21
0.439766968503937
0
LINE
8
BLACK
6
CONTINUOUS
10
1.9523777559055118
20
0.439766968503937
11
1.95173
21
0.4407834251968504
0
LINE
8
BLACK
6
CONTINUOUS
10
1.95173
20
0.4407834251968504
11
1.9519907086614172
21
0.441960157480315
0
LINE
8
BLACK
6
CONTINUOUS
10
1.9519907086614172
20
0.441960157480315
11
1.9568655905511811
21
0.4489243307086614
0
LINE
8
BLACK
6
CONTINUOUS
10
1.9568655905511811
20
0.4489243307086614
11
1.9566916929133857
21
0.4489963779527559
0
LINE
8
BLACK
6
CONTINUOUS
10
1.9566916929133857
20
0.4489963779527559
11
1.956326062992126
21
0.4490223622047244
0
LINE
8
BLACK
6
CONTINUOUS
10
1.956326062992126
20
0.4490223622047244
11
1.9544512992125984
21
0.4499597637795276
0
LINE
8
BLACK
6
CONTINUOUS
10
1.9544512992125984
20
0.4499597637795276
11
1.9542814566929134
21
0.4501555511811023
0
LINE
8
BLACK
6
CONTINUOUS
10
1.9542814566929134
20
0.4501555511811023
11
1.9540420866141732
21
0.4502547244094488
0
LINE
8
BLACK
6
CONTINUOUS
10
1.9540420866141732
20
0.4502547244094488
11
1.9531046456692913
21
0.4511920866141732
0
LINE
8
BLACK
6
CONTINUOUS
10
1.9531046456692913
20
0.4511920866141732
11
1.9530053937007874
21
0.4514316141732284
0
LINE
8
BLACK
6
CONTINUOUS
10
1.9530053937007874
20
0.4514316141732284
11
1.9528096456692914
21
0.4516014173228347
0
LINE
8
BLACK
6
CONTINUOUS
10
1.9528096456692914
20
0.4516014173228347
11
1.951872283464567
21
0.4534761811023622
0
LINE
8
BLACK
6
CONTINUOUS
10
1.951872283464567
20
0.4534761811023622
11
1.9518462992125984
21
0.4538417716535433
0
LINE
8
BLACK
6
CONTINUOUS
10
1.9518462992125984
20
0.4538417716535433
11
1.9517060236220471
21
0.4541804330708661
0
LINE
8
BLACK
6
CONTINUOUS
10
1.9517060236220471
20
0.4541804330708661
11
1.9517060236220471
21
0.4569925984251968
0
LINE
8
BLACK
6
CONTINUOUS
10
1.9517060236220471
20
0.4569925984251968
11
1.9518462992125984
21
0.457331220472441
0
LINE
8
BLACK
6
CONTINUOUS
10
1.9518462992125984
20
0.457331220472441
11
1.951872283464567
21
0.4576968503937008
0
LINE
8
BLACK
6
CONTINUOUS
10
1.951872283464567
20
0.4576968503937008
11
1.9528096456692914
21
0.4595716141732283
0
LINE
8
BLACK
6
CONTINUOUS
10
1.9528096456692914
20
0.4595716141732283
11
1.9530053937007874
21
0.4597413779527559
0
LINE
8
BLACK
6
CONTINUOUS
10
1.9530053937007874
20
0.4597413779527559
11
1.9531046456692913
21
0.4599809448818897
0
LINE
8
BLACK
6
CONTINUOUS
10
1.9531046456692913
20
0.4599809448818897
11
1.9540420866141732
21
0.4609183070866142
0
LINE
8
BLACK
6
CONTINUOUS
10
1.9540420866141732
20
0.4609183070866142
11
1.9542814566929134
21
0.4610174409448819
0
LINE
8
BLACK
6
CONTINUOUS
10
1.9542814566929134
20
0.4610174409448819
11
1.9544512992125984
21
0.4612132677165354
0
LINE
8
BLACK
6
CONTINUOUS
10
1.9544512992125984
20
0.4612132677165354
11
1.956326062992126
21
0.4621506692913386
0
LINE
8
BLACK
6
CONTINUOUS
10
1.956326062992126
20
0.4621506692913386
11
1.9566916929133857
21
0.4621766141732284
0
LINE
8
BLACK
6
CONTINUOUS
10
1.9566916929133857
20
0.4621766141732284
11
1.9570303543307086
21
0.4623169291338582
0
LINE
8
BLACK
6
CONTINUOUS
10
1.9570303543307086
20
0.4623169291338582
11
1.9645294094488188
21
0.4623169291338582
0
LINE
8
BLACK
6
CONTINUOUS
10
1.9645294094488188
20
0.4623169291338582
11
1.9656429527559054
21
0.4618556692913386
0
LINE
8
BLACK
6
CONTINUOUS
10
1.9560884251968504
20
0.4585104330708661
11
1.9555124015748031
21
0.4579344488188976
0
LINE
8
BLACK
6
CONTINUOUS
10
1.9555124015748031
20
0.4579344488188976
11
1.9548556299212598
21
0.4566208661417323
0
LINE
8
BLACK
6
CONTINUOUS
10
1.9548556299212598
20
0.4566208661417323
11
1.9548556299212598
21
0.4545521653543307
0
LINE
8
BLACK
6
CONTINUOUS
10
1.9548556299212598
20
0.4545521653543307
11
1.9555124015748031
21
0.4532385433070866
0
LINE
8
BLACK
6
CONTINUOUS
10
1.9555124015748031
20
0.4532385433070866
11
1.9560884251968504
21
0.4526625590551181
0
LINE
8
BLACK
6
CONTINUOUS
10
1.9560884251968504
20
0.4526625590551181
11
1.957402125984252
21
0.4520057086614173
0
LINE
8
BLACK
6
CONTINUOUS
10
1.957402125984252
20
0.4520057086614173
11
1.9629546062992125
21
0.4520057086614173
0
LINE
8
BLACK
6
CONTINUOUS
10
1.9629546062992125
20
0.4520057086614173
11
1.9629546062992125
21
0.4591673228346457
0
LINE
8
BLACK
6
CONTINUOUS
10
1.9629546062992125
20
0.4591673228346457
11
1.957402125984252
21
0.4591673228346457
0
LINE
8
BLACK
6
CONTINUOUS
10
1.957402125984252
20
0.4591673228346457
11
1.9560884251968504
21
0.4585104330708661
0
LINE
8
BLACK
6
CONTINUOUS
10
1.9893700787401574
20
0.4755905511811023
11
1.9907620078740158
21
0.4750139763779527
0
LINE
8
BLACK
6
CONTINUOUS
10
1.9907620078740158
20
0.4750139763779527
11
1.9913385826771652
21
0.4736220472440945
0
LINE
8
BLACK
6
CONTINUOUS
10
1.9913385826771652
20
0.4736220472440945
11
1.9913385826771652
21
0.4263779527559055
0
LINE
8
BLACK
6
CONTINUOUS
10
1.9913385826771652
20
0.4263779527559055
11
1.9907620078740158
21
0.4249860236220472
0
LINE
8
BLACK
6
CONTINUOUS
10
1.9907620078740158
20
0.4249860236220472
11
1.9893700787401574
21
0.4244094488188976
0
LINE
8
BLACK
6
CONTINUOUS
10
1.9893700787401574
20
0.4244094488188976
11
1.9106299212598425
21
0.4244094488188976
0
LINE
8
BLACK
6
CONTINUOUS
10
1.9106299212598425
20
0.4244094488188976
11
1.9092379921259841
21
0.4249860236220472
0
LINE
8
BLACK
6
CONTINUOUS
10
1.9092379921259841
20
0.4249860236220472
11
1.9086614173228347
21
0.4263779527559055
0
LINE
8
BLACK
6
CONTINUOUS
10
1.9086614173228347
20
0.4263779527559055
11
1.9086614173228347
21
0.4736220472440945
0
LINE
8
BLACK
6
CONTINUOUS
10
1.9086614173228347
20
0.4736220472440945
11
1.9092379921259841
21
0.4750139763779527
0
LINE
8
BLACK
6
CONTINUOUS
10
1.9092379921259841
20
0.4750139763779527
11
1.9106299212598425
21
0.4755905511811023
0
LINE
8
BLACK
6
CONTINUOUS
10
1.9106299212598425
20
0.4755905511811023
11
1.9893700787401574
21
0.4755905511811023
0
LINE
8
BLACK
6
CONTINUOUS
10
1.9125984251968504
20
0.4716535433070866
11
1.9125984251968504
21
0.4283464566929134
0
LINE
8
BLACK
6
CONTINUOUS
10
1.9125984251968504
20
0.4283464566929134
11
1.9874015748031495
21
0.4283464566929134
0
LINE
8
BLACK
6
CONTINUOUS
10
1.9874015748031495
20
0.4283464566929134
11
1.9874015748031495
21
0.4716535433070866
0
LINE
8
BLACK
6
CONTINUOUS
10
1.9874015748031495
20
0.4716535433070866
11
1.9125984251968504
21
0.4716535433070866
0
LINE
8
BLACK
6
CONTINUOUS
10
2.2531429527559053
20
0.5618556692913386
11
2.2536042125984252
21
0.560742125984252
0
LINE
8
BLACK
6
CONTINUOUS
10
2.2536042125984252
20
0.560742125984252
11
2.2536042125984252
21
0.5410570866141732
0
LINE
8
BLACK
6
CONTINUOUS
10
2.2536042125984252
20
0.5410570866141732
11
2.2531429527559053
21
0.5399435433070866
0
LINE
8
BLACK
6
CONTINUOUS
10
2.2531429527559053
20
0.5399435433070866
11
2.2520294094488187
21
0.5394822834645669
0
LINE
8
BLACK
6
CONTINUOUS
10
2.2520294094488187
20
0.5394822834645669
11
2.2509158661417321
21
0.5399435433070866
0
LINE
8
BLACK
6
CONTINUOUS
10
2.2509158661417321
20
0.5399435433070866
11
2.2504546062992126
21
0.5410570866141732
0
LINE
8
BLACK
6
CONTINUOUS
10
2.2504546062992126
20
0.5410570866141732
11
2.2504546062992126
21
0.5488561023622047
0
LINE
8
BLACK
6
CONTINUOUS
10
2.2504546062992126
20
0.5488561023622047
11
2.248162401574803
21
0.5488561023622047
0
LINE
8
BLACK
6
CONTINUOUS
10
2.248162401574803
20
0.5488561023622047
11
2.2420709448818896
21
0.5401540157480315
0
LINE
8
BLACK
6
CONTINUOUS
10
2.2420709448818896
20
0.5401540157480315
11
2.2410544881889765
21
0.5395062598425197
0
LINE
8
BLACK
6
CONTINUOUS
10
2.2410544881889765
20
0.5395062598425197
11
2.2398777559055119
21
0.539766968503937
0
LINE
8
BLACK
6
CONTINUOUS
10
2.2398777559055119
20
0.539766968503937
11
2.2392300000000001
21
0.5407834251968504
0
LINE
8
BLACK
6
CONTINUOUS
10
2.2392300000000001
20
0.5407834251968504
11
2.2394907086614171
21
0.5419601574803149
0
LINE
8
BLACK
6
CONTINUOUS
10
2.2394907086614171
20
0.5419601574803149
11
2.244365590551181
21
0.5489243307086614
0
LINE
8
BLACK
6
CONTINUOUS
10
2.244365590551181
20
0.5489243307086614
11
2.2441916929133856
21
0.5489963779527559
0
LINE
8
BLACK
6
CONTINUOUS
10
2.2441916929133856
20
0.5489963779527559
11
2.2438260629921261
21
0.5490223622047244
0
LINE
8
BLACK
6
CONTINUOUS
10
2.2438260629921261
20
0.5490223622047244
11
2.2419512992125985
21
0.5499597637795276
0
LINE
8
BLACK
6
CONTINUOUS
10
2.2419512992125985
20
0.5499597637795276
11
2.2417814566929133
21
0.5501555511811024
0
LINE
8
BLACK
6
CONTINUOUS
10
2.2417814566929133
20
0.5501555511811024
11
2.2415420866141731
21
0.5502547244094488
0
LINE
8
BLACK
6
CONTINUOUS
10
2.2415420866141731
20
0.5502547244094488
11
2.2406046456692912
21
0.5511920866141732
0
LINE
8
BLACK
6
CONTINUOUS
10
2.2406046456692912
20
0.5511920866141732
11
2.2405053937007873
21
0.5514316141732283
0
LINE
8
BLACK
6
CONTINUOUS
10
2.2405053937007873
20
0.5514316141732283
11
2.2403096456692912
21
0.5516014173228346
0
LINE
8
BLACK
6
CONTINUOUS
10
2.2403096456692912
20
0.5516014173228346
11
2.2393722834645668
21
0.5534761811023622
0
LINE
8
BLACK
6
CONTINUOUS
10
2.2393722834645668
20
0.5534761811023622
11
2.2393462992125985
21
0.5538417716535433
0
LINE
8
BLACK
6
CONTINUOUS
10
2.2393462992125985
20
0.5538417716535433
11
2.2392060236220472
21
0.5541804330708662
0
LINE
8
BLACK
6
CONTINUOUS
10
2.2392060236220472
20
0.5541804330708662
11
2.2392060236220472
21
0.5569925984251969
0
LINE
8
BLACK
6
CONTINUOUS
10
2.2392060236220472
20
0.5569925984251969
11
2.2393462992125985
21
0.5573312204724409
0
LINE
8
BLACK
6
CONTINUOUS
10
2.2393462992125985
20
0.5573312204724409
11
2.2393722834645668
21
0.5576968503937008
0
LINE
8
BLACK
6
CONTINUOUS
10
2.2393722834645668
20
0.5576968503937008
11
2.2403096456692912
21
0.5595716141732283
0
LINE
8
BLACK
6
CONTINUOUS
10
2.2403096456692912
20
0.5595716141732283
11
2.2405053937007873
21
0.5597413779527559
0
LINE
8
BLACK
6
CONTINUOUS
10
2.2405053937007873
20
0.5597413779527559
11
2.2406046456692912
21
0.5599809448818898
0
LINE
8
BLACK
6
CONTINUOUS
10
2.2406046456692912
20
0.5599809448818898
11
2.2415420866141731
21
0.5609183070866142
0
LINE
8
BLACK
6
CONTINUOUS
10
2.2415420866141731
20
0.5609183070866142
11
2.2417814566929133
21
0.5610174409448819
0
LINE
8
BLACK
6
CONTINUOUS
10
2.2417814566929133
20
0.5610174409448819
11
2.2419512992125985
21
0.5612132677165355
0
LINE
8
BLACK
6
CONTINUOUS
10
2.2419512992125985
20
0.5612132677165355
11
2.2438260629921261
21
0.5621506692913386
0
LINE
8
BLACK
6
CONTINUOUS
10
2.2438260629921261
20
0.5621506692913386
11
2.2441916929133856
21
0.5621766141732283
0
LINE
8
BLACK
6
CONTINUOUS
10
2.2441916929133856
20
0.5621766141732283
11
2.2445303543307085
21
0.5623169291338582
0
LINE
8
BLACK
6
CONTINUOUS
10
2.2445303543307085
20
0.5623169291338582
11
2.2520294094488187
21
0.5623169291338582
0
LINE
8
BLACK
6
CONTINUOUS
10
2.2520294094488187
20
0.5623169291338582
11
2.2531429527559053
21
0.5618556692913386
0
LINE
8
BLACK
6
CONTINUOUS
10
2.2435884251968505
20
0.5585104330708661
11
2.243012401574803
21
0.5579344488188976
0
LINE
8
BLACK
6
CONTINUOUS
10
2.243012401574803
20
0.5579344488188976
11
2.2423556299212599
21
0.5566208661417322
0
LINE
8
BLACK
6
CONTINUOUS
10
2.2423556299212599
20
0.5566208661417322
11
2.2423556299212599
21
0.5545521653543307
0
LINE
8
BLACK
6
CONTINUOUS
10
2.2423556299212599
20
0.5545521653543307
11
2.243012401574803
21
0.5532385433070865
0
LINE
8
BLACK
6
CONTINUOUS
10
2.243012401574803
20
0.5532385433070865
11
2.2435884251968505
21
0.5526625590551181
0
LINE
8
BLACK
6
CONTINUOUS
10
2.2435884251968505
20
0.5526625590551181
11
2.2449021259842521
21
0.5520057086614173
0
LINE
8
BLACK
6
CONTINUOUS
10
2.2449021259842521
20
0.5520057086614173
11
2.2504546062992126
21
0.5520057086614173
0
LINE
8
BLACK
6
CONTINUOUS
10
2.2504546062992126
20
0.5520057086614173
11
2.2504546062992126
21
0.5591673228346457
0
LINE
8
BLACK
6
CONTINUOUS
10
2.2504546062992126
20
0.5591673228346457
11
2.2449021259842521
21
0.5591673228346457
0
LINE
8
BLACK
6
CONTINUOUS
10
2.2449021259842521
20
0.5591673228346457
11
2.2435884251968505
21
0.5585104330708661
0
LINE
8
BLACK
6
CONTINUOUS
10
2.2353326771653541
20
0.5618556692913386
11
2.2357939370078741
21
0.560742125984252
0
LINE
8
BLACK
6
CONTINUOUS
10
2.2357939370078741
20
0.560742125984252
11
2.2353326771653541
21
0.5596285826771653
0
LINE
8
BLACK
6
CONTINUOUS
10
2.2353326771653541
20
0.5596285826771653
11
2.2342191338582675
21
0.5591673228346457
0
LINE
8
BLACK
6
CONTINUOUS
10
2.2342191338582675
20
0.5591673228346457
11
2.2234840551181101
21
0.5591673228346457
0
LINE
8
BLACK
6
CONTINUOUS
10
2.2234840551181101
20
0.5591673228346457
11
2.2309796850393702
21
0.5416774015748032
0
LINE
8
BLACK
6
CONTINUOUS
10
2.2309796850393702
20
0.5416774015748032
11
2.23099437007874
21
0.5404722047244095
0
LINE
8
BLACK
6
CONTINUOUS
10
2.23099437007874
20
0.5404722047244095
11
2.2301525590551181
21
0.5396096062992126
0
LINE
8
BLACK
6
CONTINUOUS
10
2.2301525590551181
20
0.5396096062992126
11
2.2289473622047242
21
0.5395949212598425
0
LINE
8
BLACK
6
CONTINUOUS
10
2.2289473622047242
20
0.5395949212598425
11
2.2280847244094488
21
0.5404367322834646
0
LINE
8
BLACK
6
CONTINUOUS
10
2.2280847244094488
20
0.5404367322834646
11
2.2196483070866142
21
0.5601217716535433
0
LINE
8
BLACK
6
CONTINUOUS
10
2.2196483070866142
20
0.5601217716535433
11
2.2196443700787403
21
0.5604442125984251
0
LINE
8
BLACK
6
CONTINUOUS
10
2.2196443700787403
20
0.5604442125984251
11
2.2195209842519685
21
0.560742125984252
0
LINE
8
BLACK
6
CONTINUOUS
10
2.2195209842519685
20
0.560742125984252
11
2.2196373228346458
21
0.5610229527559055
0
LINE
8
BLACK
6
CONTINUOUS
10
2.2196373228346458
20
0.5610229527559055
11
2.2196336220472439
21
0.5613270078740157
0
LINE
8
BLACK
6
CONTINUOUS
10
2.2196336220472439
20
0.5613270078740157
11
2.2198588582677163
21
0.5615577952755906
0
LINE
8
BLACK
6
CONTINUOUS
10
2.2198588582677163
20
0.5615577952755906
11
2.2199822440944881
21
0.5618556692913386
0
LINE
8
BLACK
6
CONTINUOUS
10
2.2199822440944881
20
0.5618556692913386
11
2.2202630314960627
21
0.561971968503937
0
LINE
8
BLACK
6
CONTINUOUS
10
2.2202630314960627
20
0.561971968503937
11
2.2204754330708663
21
0.5621896062992126
0
LINE
8
BLACK
6
CONTINUOUS
10
2.2204754330708663
20
0.5621896062992126
11
2.2207978740157479
21
0.5621935039370078
0
LINE
8
BLACK
6
CONTINUOUS
10
2.2207978740157479
20
0.5621935039370078
11
2.2210957874015747
21
0.5623169291338582
0
LINE
8
BLACK
6
CONTINUOUS
10
2.2210957874015747
20
0.5623169291338582
11
2.2342191338582675
21
0.5623169291338582
0
LINE
8
BLACK
6
CONTINUOUS
10
2.2342191338582675
20
0.5623169291338582
11
2.2353326771653541
21
0.5618556692913386
0
LINE
8
BLACK
6
CONTINUOUS
10
2.2768700787401572
20
0.5755905511811024
11
2.2782620078740159
21
0.5750139763779527
0
LINE
8
BLACK
6
CONTINUOUS
10
2.2782620078740159
20
0.5750139763779527
11
2.2788385826771651
21
0.5736220472440945
0
LINE
8
BLACK
6
CONTINUOUS
10
2.2788385826771651
20
0.5736220472440945
11
2.2788385826771651
21
0.5263779527559055
0
LINE
8
BLACK
6
CONTINUOUS
10
2.2788385826771651
20
0.5263779527559055
11
2.2782620078740159
21
0.5249860236220473
0
LINE
8
BLACK
6
CONTINUOUS
10
2.2782620078740159
20
0.5249860236220473
11
2.2768700787401572
21
0.5244094488188976
0
LINE
8
BLACK
6
CONTINUOUS
10
2.2768700787401572
20
0.5244094488188976
11
2.1981299212598424
21
0.5244094488188976
0
LINE
8
BLACK
6
CONTINUOUS
10
2.1981299212598424
20
0.5244094488188976
11
2.1967379921259842
21
0.5249860236220473
0
LINE
8
BLACK
6
CONTINUOUS
10
2.1967379921259842
20
0.5249860236220473
11
2.1961614173228345
21
0.5263779527559055
0
LINE
8
BLACK
6
CONTINUOUS
10
2.1961614173228345
20
0.5263779527559055
11
2.1961614173228345
21
0.5736220472440945
0
LINE
8
BLACK
6
CONTINUOUS
10
2.1961614173228345
20
0.5736220472440945
11
2.1967379921259842
21
0.5750139763779527
0
LINE
8
BLACK
6
CONTINUOUS
10
2.1967379921259842
20
0.5750139763779527
11
2.1981299212598424
21
0.5755905511811024
0
LINE
8
BLACK
6
CONTINUOUS
10
2.1981299212598424
20
0.5755905511811024
11
2.2768700787401572
21
0.5755905511811024
0
LINE
8
BLACK
6
CONTINUOUS
10
2.2000984251968503
20
0.5716535433070866
11
2.2000984251968503
21
0.5283464566929134
0
LINE
8
BLACK
6
CONTINUOUS
10
2.2000984251968503
20
0.5283464566929134
11
2.2749015748031494
21
0.5283464566929134
0
LINE
8
BLACK
6
CONTINUOUS
10
2.2749015748031494
20
0.5283464566929134
11
2.2749015748031494
21
0.5716535433070866
0
LINE
8
BLACK
6
CONTINUOUS
10
2.2749015748031494
20
0.5716535433070866
11
2.2000984251968503
21
0.5716535433070866
0
LINE
8
BLACK
6
CONTINUOUS
10
2.0548708267716536
20
0.5871766141732283
11
2.0552364960629919
21
0.5871506692913385
0
LINE
8
BLACK
6
CONTINUOUS
10
2.0552364960629919
20
0.5871506692913385
11
2.0571112598425199
21
0.5862132677165354
0
LINE
8
BLACK
6
CONTINUOUS
10
2.0571112598425199
20
0.5862132677165354
11
2.0572810236220471
21
0.5860174803149606
0
LINE
8
BLACK
6
CONTINUOUS
10
2.0572810236220471
20
0.5860174803149606
11
2.0575205118110236
21
0.5859183070866142
0
LINE
8
BLACK
6
CONTINUOUS
10
2.0575205118110236
20
0.5859183070866142
11
2.0584579133858267
21
0.5849809448818898
0
LINE
8
BLACK
6
CONTINUOUS
10
2.0584579133858267
20
0.5849809448818898
11
2.0585571259842519
21
0.5847413779527559
0
LINE
8
BLACK
6
CONTINUOUS
10
2.0585571259842519
20
0.5847413779527559
11
2.0587529133858267
21
0.5845716141732283
0
LINE
8
BLACK
6
CONTINUOUS
10
2.0587529133858267
20
0.5845716141732283
11
2.0596902755905511
21
0.5826968897637795
0
LINE
8
BLACK
6
CONTINUOUS
10
2.0596902755905511
20
0.5826968897637795
11
2.0597162204724411
21
0.5823312204724409
0
LINE
8
BLACK
6
CONTINUOUS
10
2.0597162204724411
20
0.5823312204724409
11
2.0598565354330707
21
0.5819925984251968
0
LINE
8
BLACK
6
CONTINUOUS
10
2.0598565354330707
20
0.5819925984251968
11
2.0598565354330707
21
0.5810551968503936
0
LINE
8
BLACK
6
CONTINUOUS
10
2.0598565354330707
20
0.5810551968503936
11
2.0597162204724411
21
0.5807165354330709
0
LINE
8
BLACK
6
CONTINUOUS
10
2.0597162204724411
20
0.5807165354330709
11
2.0596902755905511
21
0.580350905511811
0
LINE
8
BLACK
6
CONTINUOUS
10
2.0596902755905511
20
0.580350905511811
11
2.0587529133858267
21
0.5784761811023622
0
LINE
8
BLACK
6
CONTINUOUS
10
2.0587529133858267
20
0.5784761811023622
11
2.0585571259842519
21
0.5783063779527559
0
LINE
8
BLACK
6
CONTINUOUS
10
2.0585571259842519
20
0.5783063779527559
11
2.0584579133858267
21
0.5780668503937008
0
LINE
8
BLACK
6
CONTINUOUS
10
2.0584579133858267
20
0.5780668503937008
11
2.0576966929133857
21
0.5773056692913385
0
LINE
8
BLACK
6
CONTINUOUS
10
2.0576966929133857
20
0.5773056692913385
11
2.0584579133858267
21
0.5765444881889764
0
LINE
8
BLACK
6
CONTINUOUS
10
2.0584579133858267
20
0.5765444881889764
11
2.0585570866141731
21
0.5763049606299212
0
LINE
8
BLACK
6
CONTINUOUS
10
2.0585570866141731
20
0.5763049606299212
11
2.0587529133858267
21
0.576135157480315
0
LINE
8
BLACK
6
CONTINUOUS
10
2.0587529133858267
20
0.576135157480315
11
2.0596902755905511
21
0.5742604330708662
0
LINE
8
BLACK
6
CONTINUOUS
10
2.0596902755905511
20
0.5742604330708662
11
2.0597162204724411
21
0.5738947637795275
0
LINE
8
BLACK
6
CONTINUOUS
10
2.0597162204724411
20
0.5738947637795275
11
2.0598565354330707
21
0.5735561417322834
0
LINE
8
BLACK
6
CONTINUOUS
10
2.0598565354330707
20
0.5735561417322834
11
2.0598565354330707
21
0.5698066141732283
0
LINE
8
BLACK
6
CONTINUOUS
10
2.0598565354330707
20
0.5698066141732283
11
2.0597162204724411
21
0.5694679527559054
0
LINE
8
BLACK
6
CONTINUOUS
10
2.0597162204724411
20
0.5694679527559054
11
2.0596902755905511
21
0.5691023228346457
0
LINE
8
BLACK
6
CONTINUOUS
10
2.0596902755905511
20
0.5691023228346457
11
2.0587529133858267
21
0.5672275984251969
0
LINE
8
BLACK
6
CONTINUOUS
10
2.0587529133858267
20
0.5672275984251969
11
2.0585571259842519
21
0.5670577952755905
0
LINE
8
BLACK
6
CONTINUOUS
10
2.0585571259842519
20
0.5670577952755905
11
2.0584579133858267
21
0.5668182677165354
0
LINE
8
BLACK
6
CONTINUOUS
10
2.0584579133858267
20
0.5668182677165354
11
2.0575205118110236
21
0.565880905511811
0
LINE
8
BLACK
6
CONTINUOUS
10
2.0575205118110236
20
0.565880905511811
11
2.0572810236220471
21
0.5657816929133858
0
LINE
8
BLACK
6
CONTINUOUS
10
2.0572810236220471
20
0.5657816929133858
11
2.0571112598425199
21
0.5655859448818897
0
LINE
8
BLACK
6
CONTINUOUS
10
2.0571112598425199
20
0.5655859448818897
11
2.0552364960629919
21
0.5646485433070866
0
LINE
8
BLACK
6
CONTINUOUS
10
2.0552364960629919
20
0.5646485433070866
11
2.0548708267716536
21
0.564622559055118
0
LINE
8
BLACK
6
CONTINUOUS
10
2.0548708267716536
20
0.564622559055118
11
2.0545322047244094
21
0.564482283464567
0
LINE
8
BLACK
6
CONTINUOUS
10
2.0545322047244094
20
0.564482283464567
11
2.0507826771653543
21
0.564482283464567
0
LINE
8
BLACK
6
CONTINUOUS
10
2.0507826771653543
20
0.564482283464567
11
2.0504440157480315
21
0.564622559055118
0
LINE
8
BLACK
6
CONTINUOUS
10
2.0504440157480315
20
0.564622559055118
11
2.0500783858267715
21
0.5646485433070866
0
LINE
8
BLACK
6
CONTINUOUS
10
2.0500783858267715
20
0.5646485433070866
11
2.0482036220472439
21
0.5655859448818897
0
LINE
8
BLACK
6
CONTINUOUS
10
2.0482036220472439
20
0.5655859448818897
11
2.0480337795275592
21
0.5657817322834645
0
LINE
8
BLACK
6
CONTINUOUS
10
2.0480337795275592
20
0.5657817322834645
11
2.0477943700787402
21
0.5658809448818898
0
LINE
8
BLACK
6
CONTINUOUS
10
2.0477943700787402
20
0.5658809448818898
11
2.0468570078740158
21
0.5668183070866142
0
LINE
8
BLACK
6
CONTINUOUS
10
2.0468570078740158
20
0.5668183070866142
11
2.0467577952755907
21
0.567057716535433
0
LINE
8
BLACK
6
CONTINUOUS
10
2.0467577952755907
20
0.567057716535433
11
2.0465620078740159
21
0.5672275590551181
0
LINE
8
BLACK
6
CONTINUOUS
10
2.0465620078740159
20
0.5672275590551181
11
2.0456246062992127
21
0.5691023228346457
0
LINE
8
BLACK
6
CONTINUOUS
10
2.0456246062992127
20
0.5691023228346457
11
2.045598622047244
21
0.5694679527559054
0
LINE
8
BLACK
6
CONTINUOUS
10
2.045598622047244
20
0.5694679527559054
11
2.0454583464566927
21
0.5698066141732283
0
LINE
8
BLACK
6
CONTINUOUS
10
2.0454583464566927
20
0.5698066141732283
11
2.0454583464566927
21
0.5735561417322834
0
LINE
8
BLACK
6
CONTINUOUS
10
2.0454583464566927
20
0.5735561417322834
11
2.045598622047244
21
0.5738947637795275
0
LINE
8
BLACK
6
CONTINUOUS
10
2.045598622047244
20
0.5738947637795275
11
2.0456246062992127
21
0.5742604330708662
0
LINE
8
BLACK
6
CONTINUOUS
10
2.0456246062992127
20
0.5742604330708662
11
2.0465620078740159
21
0.5761351968503937
0
LINE
8
BLACK
6
CONTINUOUS
10
2.0465620078740159
20
0.5761351968503937
11
2.0467577559055119
21
0.5763049606299212
0
LINE
8
BLACK
6
CONTINUOUS
10
2.0467577559055119
20
0.5763049606299212
11
2.0468569685039371
21
0.5765444488188977
0
LINE
8
BLACK
6
CONTINUOUS
10
2.0468569685039371
20
0.5765444488188977
11
2.047618188976378
21
0.5773056692913385
0
LINE
8
BLACK
6
CONTINUOUS
10
2.047618188976378
20
0.5773056692913385
11
2.0468570078740158
21
0.5780668897637795
0
LINE
8
BLACK
6
CONTINUOUS
10
2.0468570078740158
20
0.5780668897637795
11
2.0467577952755907
21
0.5783062992125985
0
LINE
8
BLACK
6
CONTINUOUS
10
2.0467577952755907
20
0.5783062992125985
11
2.0465620078740159
21
0.5784761417322835
0
LINE
8
BLACK
6
CONTINUOUS
10
2.0465620078740159
20
0.5784761417322835
11
2.0456246062992127
21
0.580350905511811
0
LINE
8
BLACK
6
CONTINUOUS
10
2.0456246062992127
20
0.580350905511811
11
2.045598622047244
21
0.5807165354330709
0
LINE
8
BLACK
6
CONTINUOUS
10
2.045598622047244
20
0.5807165354330709
11
2.0454583464566927
21
0.5810551968503936
0
LINE
8
BLACK
6
CONTINUOUS
10
2.0454583464566927
20
0.5810551968503936
11
2.0454583464566927
21
0.5819925984251968
0
LINE
8
BLACK
6
CONTINUOUS
10
2.0454583464566927
20
0.5819925984251968
11
2.045598622047244
21
0.5823312204724409
0
LINE
8
BLACK
6
CONTINUOUS
10
2.045598622047244
20
0.5823312204724409
11
2.0456246062992127
21
0.5826968897637795
0
LINE
8
BLACK
6
CONTINUOUS
10
2.0456246062992127
20
0.5826968897637795
11
2.0465620078740159
21
0.5845716535433071
0
LINE
8
BLACK
6
CONTINUOUS
10
2.0465620078740159
20
0.5845716535433071
11
2.0467577952755907
21
0.5847414566929133
0
LINE
8
BLACK
6
CONTINUOUS
10
2.0467577952755907
20
0.5847414566929133
11
2.0468570078740158
21
0.584980905511811
0
LINE
8
BLACK
6
CONTINUOUS
10
2.0468570078740158
20
0.584980905511811
11
2.0477943700787402
21
0.5859182677165354
0
LINE
8
BLACK
6
CONTINUOUS
10
2.0477943700787402
20
0.5859182677165354
11
2.0480337795275592
21
0.5860174409448818
0
LINE
8
BLACK
6
CONTINUOUS
10
2.0480337795275592
20
0.5860174409448818
11
2.0482036220472439
21
0.5862132677165354
0
LINE
8
BLACK
6
CONTINUOUS
10
2.0482036220472439
20
0.5862132677165354
11
2.0500783858267715
21
0.5871506692913385
0
LINE
8
BLACK
6
CONTINUOUS
10
2.0500783858267715
20
0.5871506692913385
11
2.0504440157480315
21
0.5871766141732283
0
LINE
8
BLACK
6
CONTINUOUS
10
2.0504440157480315
20
0.5871766141732283
11
2.0507826771653543
21
0.5873169291338582
0
LINE
8
BLACK
6
CONTINUOUS
10
2.0507826771653543
20
0.5873169291338582
11
2.0545322047244094
21
0.5873169291338582
0
LINE
8
BLACK
6
CONTINUOUS
10
2.0545322047244094
20
0.5873169291338582
11
2.0548708267716536
21
0.5871766141732283
0
LINE
8
BLACK
6
CONTINUOUS
10
2.049840748031496
20
0.5750740551181103
11
2.0492648031496064
21
0.5744980314960629
0
LINE
8
BLACK
6
CONTINUOUS
10
2.0492648031496064
20
0.5744980314960629
11
2.0486079527559053
21
0.5731843307086614
0
LINE
8
BLACK
6
CONTINUOUS
10
2.0486079527559053
20
0.5731843307086614
11
2.0486079527559053
21
0.5701783858267716
0
LINE
8
BLACK
6
CONTINUOUS
10
2.0486079527559053
20
0.5701783858267716
11
2.0492648031496064
21
0.5688646456692913
0
LINE
8
BLACK
6
CONTINUOUS
10
2.0492648031496064
20
0.5688646456692913
11
2.0498407086614172
21
0.5682887401574803
0
LINE
8
BLACK
6
CONTINUOUS
10
2.0498407086614172
20
0.5682887401574803
11
2.0511544488188975
21
0.5676318897637795
0
LINE
8
BLACK
6
CONTINUOUS
10
2.0511544488188975
20
0.5676318897637795
11
2.0541604330708663
21
0.5676318897637795
0
LINE
8
BLACK
6
CONTINUOUS
10
2.0541604330708663
20
0.5676318897637795
11
2.0554740944881891
21
0.5682887401574803
0
LINE
8
BLACK
6
CONTINUOUS
10
2.0554740944881891
20
0.5682887401574803
11
2.0560501181102362
21
0.56886468503937
0
LINE
8
BLACK
6
CONTINUOUS
10
2.0560501181102362
20
0.56886468503937
11
2.0567069291338584
21
0.5701783070866142
0
LINE
8
BLACK
6
CONTINUOUS
10
2.0567069291338584
20
0.5701783070866142
11
2.0567069291338584
21
0.5731844094488189
0
LINE
8
BLACK
6
CONTINUOUS
10
2.0567069291338584
20
0.5731844094488189
11
2.0560501181102362
21
0.5744979921259843
0
LINE
8
BLACK
6
CONTINUOUS
10
2.0560501181102362
20
0.5744979921259843
11
2.0554741338582678
21
0.5750740157480315
0
LINE
8
BLACK
6
CONTINUOUS
10
2.0554741338582678
20
0.5750740157480315
11
2.054160472440945
21
0.5757308661417323
0
LINE
8
BLACK
6
CONTINUOUS
10
2.054160472440945
20
0.5757308661417323
11
2.0511544094488188
21
0.5757308661417323
0
LINE
8
BLACK
6
CONTINUOUS
10
2.0511544094488188
20
0.5757308661417323
11
2.049840748031496
21
0.5750740551181103
0
LINE
8
BLACK
6
CONTINUOUS
10
2.0498407086614172
20
0.5835104330708661
11
2.0492648031496064
21
0.5829345275590551
0
LINE
8
BLACK
6
CONTINUOUS
10
2.0492648031496064
20
0.5829345275590551
11
2.0486079527559053
21
0.5816207874015747
0
LINE
8
BLACK
6
CONTINUOUS
10
2.0486079527559053
20
0.5816207874015747
11
2.0486079527559053
21
0.581426968503937
0
LINE
8
BLACK
6
CONTINUOUS
10
2.0486079527559053
20
0.581426968503937
11
2.0492648031496064
21
0.5801132283464567
0
LINE
8
BLACK
6
CONTINUOUS
10
2.0492648031496064
20
0.5801132283464567
11
2.0498407086614172
21
0.5795373228346457
0
LINE
8
BLACK
6
CONTINUOUS
10
2.0498407086614172
20
0.5795373228346457
11
2.0511544488188975
21
0.5788804724409449
0
LINE
8
BLACK
6
CONTINUOUS
10
2.0511544488188975
20
0.5788804724409449
11
2.0541604330708663
21
0.5788804724409449
0
LINE
8
BLACK
6
CONTINUOUS
10
2.0541604330708663
20
0.5788804724409449
11
2.0554740944881891
21
0.5795373228346457
0
LINE
8
BLACK
6
CONTINUOUS
10
2.0554740944881891
20
0.5795373228346457
11
2.0560501181102362
21
0.5801132677165354
0
LINE
8
BLACK
6
CONTINUOUS
10
2.0560501181102362
20
0.5801132677165354
11
2.0567069291338584
21
0.5814268897637795
0
LINE
8
BLACK
6
CONTINUOUS
10
2.0567069291338584
20
0.5814268897637795
11
2.0567069291338584
21
0.5816208661417323
0
LINE
8
BLACK
6
CONTINUOUS
10
2.0567069291338584
20
0.5816208661417323
11
2.0560501181102362
21
0.5829344881889764
0
LINE
8
BLACK
6
CONTINUOUS
10
2.0560501181102362
20
0.5829344881889764
11
2.0554740944881891
21
0.5835104330708661
0
LINE
8
BLACK
6
CONTINUOUS
10
2.0554740944881891
20
0.5835104330708661
11
2.0541604330708663
21
0.5841673228346457
0
LINE
8
BLACK
6
CONTINUOUS
10
2.0541604330708663
20
0.5841673228346457
11
2.0511544488188975
21
0.5841673228346457
0
LINE
8
BLACK
6
CONTINUOUS
10
2.0511544488188975
20
0.5841673228346457
11
2.0498407086614172
21
0.5835104330708661
0
LINE
8
BLACK
6
CONTINUOUS
10
2.0716445669291339
20
0.5872177165354331
11
2.0719031102362204
21
0.5872361023622047
0
LINE
8
BLACK
6
CONTINUOUS
10
2.0719031102362204
20
0.5872361023622047
11
2.0747152362204724
21
0.5862987007874015
0
LINE
8
BLACK
6
CONTINUOUS
10
2.0747152362204724
20
0.5862987007874015
11
2.0749921259842519
21
0.5860585433070866
0
LINE
8
BLACK
6
CONTINUOUS
10
2.0749921259842519
20
0.5860585433070866
11
2.0753307874015747
21
0.5859182677165354
0
LINE
8
BLACK
6
CONTINUOUS
10
2.0753307874015747
20
0.5859182677165354
11
2.0772055511811023
21
0.5840435433070866
0
LINE
8
BLACK
6
CONTINUOUS
10
2.0772055511811023
20
0.5840435433070866
11
2.0773047244094487
21
0.5838040551181102
0
LINE
8
BLACK
6
CONTINUOUS
10
2.0773047244094487
20
0.5838040551181102
11
2.0775005511811022
21
0.5836342519685039
0
LINE
8
BLACK
6
CONTINUOUS
10
2.0775005511811022
20
0.5836342519685039
11
2.0784379527559054
21
0.5817594881889764
0
LINE
8
BLACK
6
CONTINUOUS
10
2.0784379527559054
20
0.5817594881889764
11
2.0784506299212597
21
0.5815809448818897
0
LINE
8
BLACK
6
CONTINUOUS
10
2.0784506299212597
20
0.5815809448818897
11
2.0785572047244094
21
0.5814371259842519
0
LINE
8
BLACK
6
CONTINUOUS
10
2.0785572047244094
20
0.5814371259842519
11
2.0794945669291338
21
0.5776875984251968
0
LINE
8
BLACK
6
CONTINUOUS
10
2.0794945669291338
20
0.5776875984251968
11
2.0794651574803149
21
0.5774900787401575
0
LINE
8
BLACK
6
CONTINUOUS
10
2.0794651574803149
20
0.5774900787401575
11
2.0795415748031494
21
0.5773056692913385
0
LINE
8
BLACK
6
CONTINUOUS
10
2.0795415748031494
20
0.5773056692913385
11
2.0795415748031494
21
0.5744935433070866
0
LINE
8
BLACK
6
CONTINUOUS
10
2.0795415748031494
20
0.5744935433070866
11
2.0794651574803149
21
0.574309094488189
0
LINE
8
BLACK
6
CONTINUOUS
10
2.0794651574803149
20
0.574309094488189
11
2.0794945669291338
21
0.5741116141732283
0
LINE
8
BLACK
6
CONTINUOUS
10
2.0794945669291338
20
0.5741116141732283
11
2.0785572047244094
21
0.5703620866141732
0
LINE
8
BLACK
6
CONTINUOUS
10
2.0785572047244094
20
0.5703620866141732
11
2.0784506299212597
21
0.5702182283464566
0
LINE
8
BLACK
6
CONTINUOUS
10
2.0784506299212597
20
0.5702182283464566
11
2.0784379527559054
21
0.5700397244094488
0
LINE
8
BLACK
6
CONTINUOUS
10
2.0784379527559054
20
0.5700397244094488
11
2.0775005511811022
21
0.5681649606299213
0
LINE
8
BLACK
6
CONTINUOUS
10
2.0775005511811022
20
0.5681649606299213
11
2.0773047244094487
21
0.5679951181102362
0
LINE
8
BLACK
6
CONTINUOUS
10
2.0773047244094487
20
0.5679951181102362
11
2.0772055511811023
21
0.5677556692913386
0
LINE
8
BLACK
6
CONTINUOUS
10
2.0772055511811023
20
0.5677556692913386
11
2.0753307874015747
21
0.5658809448818898
0
LINE
8
BLACK
6
CONTINUOUS
10
2.0753307874015747
20
0.5658809448818898
11
2.0749921259842519
21
0.5657406299212598
0
LINE
8
BLACK
6
CONTINUOUS
10
2.0749921259842519
20
0.5657406299212598
11
2.0747152362204724
21
0.5655005118110236
0
LINE
8
BLACK
6
CONTINUOUS
10
2.0747152362204724
20
0.5655005118110236
11
2.0719031102362204
21
0.5645631102362204
0
LINE
8
BLACK
6
CONTINUOUS
10
2.0719031102362204
20
0.5645631102362204
11
2.0716445669291339
21
0.5645814566929134
0
LINE
8
BLACK
6
CONTINUOUS
10
2.0716445669291339
20
0.5645814566929134
11
2.0714051181102362
21
0.564482283464567
0
LINE
8
BLACK
6
CONTINUOUS
10
2.0714051181102362
20
0.564482283464567
11
2.0695303543307086
21
0.564482283464567
0
LINE
8
BLACK
6
CONTINUOUS
10
2.0695303543307086
20
0.564482283464567
11
2.0692908661417322
21
0.5645814566929134
0
LINE
8
BLACK
6
CONTINUOUS
10
2.0692908661417322
20
0.5645814566929134
11
2.0690323622047244
21
0.5645631102362204
0
LINE
8
BLACK
6
CONTINUOUS
10
2.0690323622047244
20
0.5645631102362204
11
2.0662201968503937
21
0.5655005118110236
0
LINE
8
BLACK
6
CONTINUOUS
10
2.0662201968503937
20
0.5655005118110236
11
2.0659432677165355
21
0.5657406299212598
0
LINE
8
BLACK
6
CONTINUOUS
10
2.0659432677165355
20
0.5657406299212598
11
2.0656046456692914
21
0.5658809448818898
0
LINE
8
BLACK
6
CONTINUOUS
10
2.0656046456692914
20
0.5658809448818898
11
2.064667283464567
21
0.5668183070866142
0
LINE
8
BLACK
6
CONTINUOUS
10
2.064667283464567
20
0.5668183070866142
11
2.0642060236220474
21
0.5679318503937008
0
LINE
8
BLACK
6
CONTINUOUS
10
2.0642060236220474
20
0.5679318503937008
11
2.064667283464567
21
0.5690453937007874
0
LINE
8
BLACK
6
CONTINUOUS
10
2.064667283464567
20
0.5690453937007874
11
2.0657808267716535
21
0.5695066535433071
0
LINE
8
BLACK
6
CONTINUOUS
10
2.0657808267716535
20
0.5695066535433071
11
2.0668943700787401
21
0.5690453937007874
0
LINE
8
BLACK
6
CONTINUOUS
10
2.0668943700787401
20
0.5690453937007874
11
2.0675688582677165
21
0.5683708661417323
0
LINE
8
BLACK
6
CONTINUOUS
10
2.0675688582677165
20
0.5683708661417323
11
2.0697858661417321
21
0.5676318897637795
0
LINE
8
BLACK
6
CONTINUOUS
10
2.0697858661417321
20
0.5676318897637795
11
2.0711496062992127
21
0.5676318897637795
0
LINE
8
BLACK
6
CONTINUOUS
10
2.0711496062992127
20
0.5676318897637795
11
2.0733665354330708
21
0.5683708661417323
0
LINE
8
BLACK
6
CONTINUOUS
10
2.0733665354330708
20
0.5683708661417323
11
2.0747977559055117
21
0.5698020866141732
0
LINE
8
BLACK
6
CONTINUOUS
10
2.0747977559055117
20
0.5698020866141732
11
2.0755435039370078
21
0.5712936614173229
0
LINE
8
BLACK
6
CONTINUOUS
10
2.0755435039370078
20
0.5712936614173229
11
2.0763919685039371
21
0.5746874015748031
0
LINE
8
BLACK
6
CONTINUOUS
10
2.0763919685039371
20
0.5746874015748031
11
2.0763919685039371
21
0.5771117716535433
0
LINE
8
BLACK
6
CONTINUOUS
10
2.0763919685039371
20
0.5771117716535433
11
2.0755435039370078
21
0.5805055118110236
0
LINE
8
BLACK
6
CONTINUOUS
10
2.0755435039370078
20
0.5805055118110236
11
2.0747977559055117
21
0.5819970866141733
0
LINE
8
BLACK
6
CONTINUOUS
10
2.0747977559055117
20
0.5819970866141733
11
2.0733665354330708
21
0.5834283070866142
0
LINE
8
BLACK
6
CONTINUOUS
10
2.0733665354330708
20
0.5834283070866142
11
2.0711496062992127
21
0.5841673228346457
0
LINE
8
BLACK
6
CONTINUOUS
10
2.0711496062992127
20
0.5841673228346457
11
2.0697858661417321
21
0.5841673228346457
0
LINE
8
BLACK
6
CONTINUOUS
10
2.0697858661417321
20
0.5841673228346457
11
2.0675688582677165
21
0.5834283070866142
0
LINE
8
BLACK
6
CONTINUOUS
10
2.0675688582677165
20
0.5834283070866142
11
2.0668943700787401
21
0.5827538188976378
0
LINE
8
BLACK
6
CONTINUOUS
10
2.0668943700787401
20
0.5827538188976378
11
2.0657808267716535
21
0.5822925590551181
0
LINE
8
BLACK
6
CONTINUOUS
10
2.0657808267716535
20
0.5822925590551181
11
2.064667283464567
21
0.5827538188976378
0
LINE
8
BLACK
6
CONTINUOUS
10
2.064667283464567
20
0.5827538188976378
11
2.0642060236220474
21
0.5838673622047243
0
LINE
8
BLACK
6
CONTINUOUS
10
2.0642060236220474
20
0.5838673622047243
11
2.064667283464567
21
0.584980905511811
0
LINE
8
BLACK
6
CONTINUOUS
10
2.064667283464567
20
0.584980905511811
11
2.0656046456692914
21
0.5859182677165354
0
LINE
8
BLACK
6
CONTINUOUS
10
2.0656046456692914
20
0.5859182677165354
11
2.0659432677165355
21
0.5860585433070866
0
LINE
8
BLACK
6
CONTINUOUS
10
2.0659432677165355
20
0.5860585433070866
11
2.0662201968503937
21
0.5862987007874015
0
LINE
8
BLACK
6
CONTINUOUS
10
2.0662201968503937
20
0.5862987007874015
11
2.0690323622047244
21
0.5872361023622047
0
LINE
8
BLACK
6
CONTINUOUS
10
2.0690323622047244
20
0.5872361023622047
11
2.0692908661417322
21
0.5872177165354331
0
LINE
8
BLACK
6
CONTINUOUS
10
2.0692908661417322
20
0.5872177165354331
11
2.0695303543307086
21
0.5873169291338582
0
LINE
8
BLACK
6
CONTINUOUS
10
2.0695303543307086
20
0.5873169291338582
11
2.0714051181102362
21
0.5873169291338582
0
LINE
8
BLACK
6
CONTINUOUS
10
2.0714051181102362
20
0.5873169291338582
11
2.0716445669291339
21
0.5872177165354331
0
LINE
8
BLACK
6
CONTINUOUS
10
2.1018700787401574
20
0.6005905511811024
11
2.1032620078740156
21
0.6000139763779527
0
LINE
8
BLACK
6
CONTINUOUS
10
2.1032620078740156
20
0.6000139763779527
11
2.1038385826771653
21
0.5986220472440945
0
LINE
8
BLACK
6
CONTINUOUS
10
2.1038385826771653
20
0.5986220472440945
11
2.1038385826771653
21
0.5513779527559055
0
LINE
8
BLACK
6
CONTINUOUS
10
2.1038385826771653
20
0.5513779527559055
11
2.1032620078740156
21
0.5499860236220472
0
LINE
8
BLACK
6
CONTINUOUS
10
2.1032620078740156
20
0.5499860236220472
11
2.1018700787401574
21
0.5494094488188976
0
LINE
8
BLACK
6
CONTINUOUS
10
2.1018700787401574
20
0.5494094488188976
11
2.0231299212598426
21
0.5494094488188976
0
LINE
8
BLACK
6
CONTINUOUS
10
2.0231299212598426
20
0.5494094488188976
11
2.0217379921259844
21
0.5499860236220472
0
LINE
8
BLACK
6
CONTINUOUS
10
2.0217379921259844
20
0.5499860236220472
11
2.0211614173228347
21
0.5513779527559055
0
LINE
8
BLACK
6
CONTINUOUS
10
2.0211614173228347
20
0.5513779527559055
11
2.0211614173228347
21
0.5986220472440945
0
LINE
8
BLACK
6
CONTINUOUS
10
2.0211614173228347
20
0.5986220472440945
11
2.0217379921259844
21
0.6000139763779527
0
LINE
8
BLACK
6
CONTINUOUS
10
2.0217379921259844
20
0.6000139763779527
11
2.0231299212598426
21
0.6005905511811024
0
LINE
8
BLACK
6
CONTINUOUS
10
2.0231299212598426
20
0.6005905511811024
11
2.1018700787401574
21
0.6005905511811024
0
LINE
8
BLACK
6
CONTINUOUS
10
2.0250984251968505
20
0.5966535433070866
11
2.0250984251968505
21
0.5533464566929134
0
LINE
8
BLACK
6
CONTINUOUS
10
2.0250984251968505
20
0.5533464566929134
11
2.0999015748031495
21
0.5533464566929134
0
LINE
8
BLACK
6
CONTINUOUS
10
2.0999015748031495
20
0.5533464566929134
11
2.0999015748031495
21
0.5966535433070866
0
LINE
8
BLACK
6
CONTINUOUS
10
2.0999015748031495
20
0.5966535433070866
11
2.0250984251968505
21
0.5966535433070866
0
LINE
8
BLACK
6
CONTINUOUS
10
1.8915438582677164
20
0.7439350787401575
11
1.8926566929133857
21
0.7422495275590552
0
LINE
8
BLACK
6
CONTINUOUS
10
1.8926566929133857
20
0.7422495275590552
11
1.8924257874015749
21
0.7402429921259842
0
LINE
8
BLACK
6
CONTINUOUS
10
1.8924257874015749
20
0.7402429921259842
11
1.8905510236220473
21
0.7364934645669291
0
LINE
8
BLACK
6
CONTINUOUS
10
1.8905510236220473
20
0.7364934645669291
11
1.8900250787401573
21
0.7357843700787401
0
LINE
8
BLACK
6
CONTINUOUS
10
1.8900250787401573
20
0.7357843700787401
11
1.8899979133858267
21
0.735726062992126
0
LINE
8
BLACK
6
CONTINUOUS
10
1.8899979133858267
20
0.735726062992126
11
1.8875395275590552
21
0.7332676771653543
0
LINE
8
BLACK
6
CONTINUOUS
10
1.8875395275590552
20
0.7332676771653543
11
1.9149535039370078
21
0.7332676771653543
0
LINE
8
BLACK
6
CONTINUOUS
10
1.9149535039370078
20
0.7332676771653543
11
1.9149535039370078
21
0.7415635039370079
0
LINE
8
BLACK
6
CONTINUOUS
10
1.9149535039370078
20
0.7415635039370079
11
1.9151315748031497
21
0.7425734251968503
0
LINE
8
BLACK
6
CONTINUOUS
10
1.9151315748031497
20
0.7425734251968503
11
1.9164298818897638
21
0.7441206692913386
0
LINE
8
BLACK
6
CONTINUOUS
10
1.9164298818897638
20
0.7441206692913386
11
1.9184190157480314
21
0.7444714173228346
0
LINE
8
BLACK
6
CONTINUOUS
10
1.9184190157480314
20
0.7444714173228346
11
1.920168188976378
21
0.7434614960629921
0
LINE
8
BLACK
6
CONTINUOUS
10
1.920168188976378
20
0.7434614960629921
11
1.9208590157480314
21
0.7415635039370079
0
LINE
8
BLACK
6
CONTINUOUS
10
1.9208590157480314
20
0.7415635039370079
11
1.9208590157480314
21
0.7190663385826771
0
LINE
8
BLACK
6
CONTINUOUS
10
1.9208590157480314
20
0.7190663385826771
11
1.9206809448818898
21
0.7180564173228347
0
LINE
8
BLACK
6
CONTINUOUS
10
1.9206809448818898
20
0.7180564173228347
11
1.9193826377952756
21
0.7165091732283464
0
LINE
8
BLACK
6
CONTINUOUS
10
1.9193826377952756
20
0.7165091732283464
11
1.9173935039370078
21
0.7161584251968504
0
LINE
8
BLACK
6
CONTINUOUS
10
1.9173935039370078
20
0.7161584251968504
11
1.9156443307086615
21
0.7171683464566929
0
LINE
8
BLACK
6
CONTINUOUS
10
1.9156443307086615
20
0.7171683464566929
11
1.9149535039370078
21
0.7190663385826771
0
LINE
8
BLACK
6
CONTINUOUS
10
1.9149535039370078
20
0.7190663385826771
11
1.9149535039370078
21
0.7273621653543307
0
LINE
8
BLACK
6
CONTINUOUS
10
1.9149535039370078
20
0.7273621653543307
11
1.8785361811023622
21
0.7273621653543307
0
LINE
8
BLACK
6
CONTINUOUS
10
1.8785361811023622
20
0.7273621653543307
11
1.8775262598425198
21
0.7275402362204724
0
LINE
8
BLACK
6
CONTINUOUS
10
1.8775262598425198
20
0.7275402362204724
11
1.8773961811023621
21
0.7276493307086614
0
LINE
8
BLACK
6
CONTINUOUS
10
1.8773961811023621
20
0.7276493307086614
11
1.8772274409448819
21
0.727668031496063
0
LINE
8
BLACK
6
CONTINUOUS
10
1.8772274409448819
20
0.727668031496063
11
1.8766355118110236
21
0.7282876377952756
0
LINE
8
BLACK
6
CONTINUOUS
10
1.8766355118110236
20
0.7282876377952756
11
1.8759790157480314
21
0.7288385433070866
0
LINE
8
BLACK
6
CONTINUOUS
10
1.8759790157480314
20
0.7288385433070866
11
1.875949527559055
21
0.7290057480314961
0
LINE
8
BLACK
6
CONTINUOUS
10
1.875949527559055
20
0.7290057480314961
11
1.8758322440944881
21
0.7291285433070867
0
LINE
8
BLACK
6
CONTINUOUS
10
1.8758322440944881
20
0.7291285433070867
11
1.8757770866141732
21
0.7299836614173228
0
LINE
8
BLACK
6
CONTINUOUS
10
1.8757770866141732
20
0.7299836614173228
11
1.8756282677165355
21
0.7308276771653544
0
LINE
8
BLACK
6
CONTINUOUS
10
1.8756282677165355
20
0.7308276771653544
11
1.8757131496062991
21
0.7309747244094488
0
LINE
8
BLACK
6
CONTINUOUS
10
1.8757131496062991
20
0.7309747244094488
11
1.8757022440944882
21
0.7311441338582677
0
LINE
8
BLACK
6
CONTINUOUS
10
1.8757022440944882
20
0.7311441338582677
11
1.8762096850393701
21
0.7318347244094489
0
LINE
8
BLACK
6
CONTINUOUS
10
1.8762096850393701
20
0.7318347244094489
11
1.8766381889763779
21
0.7325768503937008
0
LINE
8
BLACK
6
CONTINUOUS
10
1.8766381889763779
20
0.7325768503937008
11
1.8767976771653543
21
0.7326348818897638
0
LINE
8
BLACK
6
CONTINUOUS
10
1.8767976771653543
20
0.7326348818897638
11
1.8768982677165353
21
0.7327717716535432
0
LINE
8
BLACK
6
CONTINUOUS
10
1.8768982677165353
20
0.7327717716535432
11
1.8822792913385826
21
0.7363590944881889
0
LINE
8
BLACK
6
CONTINUOUS
10
1.8822792913385826
20
0.7363590944881889
11
1.8854832677165354
21
0.7395630708661417
0
LINE
8
BLACK
6
CONTINUOUS
10
1.8854832677165354
20
0.7395630708661417
11
1.8871437401574802
21
0.7428840157480315
0
LINE
8
BLACK
6
CONTINUOUS
10
1.8871437401574802
20
0.7428840157480315
11
1.8877546456692913
21
0.7437076771653544
0
LINE
8
BLACK
6
CONTINUOUS
10
1.8877546456692913
20
0.7437076771653544
11
1.8896078346456693
21
0.7445109448818897
0
LINE
8
BLACK
6
CONTINUOUS
10
1.8896078346456693
20
0.7445109448818897
11
1.8915438582677164
21
0.7439350787401575
0
LINE
8
BLACK
6
CONTINUOUS
10
1.9016137007874014
20
0.7837839763779527
11
1.9017494881889763
21
0.783798188976378
0
LINE
8
BLACK
6
CONTINUOUS
10
1.9017494881889763
20
0.783798188976378
11
1.9092485433070865
21
0.7819234251968504
0
LINE
8
BLACK
6
CONTINUOUS
10
1.9092485433070865
20
0.7819234251968504
11
1.9097139763779527
21
0.7817158267716535
0
LINE
8
BLACK
6
CONTINUOUS
10
1.9097139763779527
20
0.7817158267716535
11
1.9098529133858266
21
0.7816998425196851
0
LINE
8
BLACK
6
CONTINUOUS
10
1.9098529133858266
20
0.7816998425196851
11
1.9136024409448817
21
0.7798250787401575
0
LINE
8
BLACK
6
CONTINUOUS
10
1.9136024409448817
20
0.7798250787401575
11
1.9143114960629921
21
0.7792991338582677
0
LINE
8
BLACK
6
CONTINUOUS
10
1.9143114960629921
20
0.7792991338582677
11
1.9143698425196849
21
0.779271968503937
0
LINE
8
BLACK
6
CONTINUOUS
10
1.9143698425196849
20
0.779271968503937
11
1.9181194094488188
21
0.7755224409448819
0
LINE
8
BLACK
6
CONTINUOUS
10
1.9181194094488188
20
0.7755224409448819
11
1.9187076377952756
21
0.7746824015748032
0
LINE
8
BLACK
6
CONTINUOUS
10
1.9187076377952756
20
0.7746824015748032
11
1.9187229921259843
21
0.7745064566929134
0
LINE
8
BLACK
6
CONTINUOUS
10
1.9187229921259843
20
0.7745064566929134
11
1.9188327165354331
21
0.7743682677165354
0
LINE
8
BLACK
6
CONTINUOUS
10
1.9188327165354331
20
0.7743682677165354
11
1.9207074803149606
21
0.7687440157480315
0
LINE
8
BLACK
6
CONTINUOUS
10
1.9207074803149606
20
0.7687440157480315
11
1.920836968503937
21
0.767870748031496
0
LINE
8
BLACK
6
CONTINUOUS
10
1.920836968503937
20
0.767870748031496
11
1.9208590157480314
21
0.7678102362204724
0
LINE
8
BLACK
6
CONTINUOUS
10
1.9208590157480314
20
0.7678102362204724
11
1.9208590157480314
21
0.7640607086614173
0
LINE
8
BLACK
6
CONTINUOUS
10
1.9208590157480314
20
0.7640607086614173
11
1.9207057086614172
21
0.7631912992125984
0
LINE
8
BLACK
6
CONTINUOUS
10
1.9207057086614172
20
0.7631912992125984
11
1.9207074803149606
21
0.7631269291338583
0
LINE
8
BLACK
6
CONTINUOUS
10
1.9207074803149606
20
0.7631269291338583
11
1.9188327165354331
21
0.7575026771653544
0
LINE
8
BLACK
6
CONTINUOUS
10
1.9188327165354331
20
0.7575026771653544
11
1.9183444094488189
21
0.756600905511811
0
LINE
8
BLACK
6
CONTINUOUS
10
1.9183444094488189
20
0.756600905511811
11
1.9181939763779527
21
0.7565084645669291
0
LINE
8
BLACK
6
CONTINUOUS
10
1.9181939763779527
20
0.7565084645669291
11
1.91811937007874
21
0.7563484645669292
0
LINE
8
BLACK
6
CONTINUOUS
10
1.91811937007874
20
0.7563484645669292
11
1.9162445669291339
21
0.7544737007874015
0
LINE
8
BLACK
6
CONTINUOUS
10
1.9162445669291339
20
0.7544737007874015
11
1.915404527559055
21
0.7538855118110236
0
LINE
8
BLACK
6
CONTINUOUS
10
1.915404527559055
20
0.7538855118110236
11
1.9133924409448819
21
0.7537095275590551
0
LINE
8
BLACK
6
CONTINUOUS
10
1.9133924409448819
20
0.7537095275590551
11
1.9117379133858268
21
0.754868031496063
0
LINE
8
BLACK
6
CONTINUOUS
10
1.9117379133858268
20
0.754868031496063
11
1.9112151968503936
21
0.7568190157480315
0
LINE
8
BLACK
6
CONTINUOUS
10
1.9112151968503936
20
0.7568190157480315
11
1.9120688188976378
21
0.7586496062992126
0
LINE
8
BLACK
6
CONTINUOUS
10
1.9120688188976378
20
0.7586496062992126
11
1.9134507086614172
21
0.7600314566929134
0
LINE
8
BLACK
6
CONTINUOUS
10
1.9134507086614172
20
0.7600314566929134
11
1.9149535039370078
21
0.764539842519685
0
LINE
8
BLACK
6
CONTINUOUS
10
1.9149535039370078
20
0.764539842519685
11
1.9149535039370078
21
0.7673311023622047
0
LINE
8
BLACK
6
CONTINUOUS
10
1.9149535039370078
20
0.7673311023622047
11
1.9134507086614172
21
0.7718394488188977
0
LINE
8
BLACK
6
CONTINUOUS
10
1.9134507086614172
20
0.7718394488188977
11
1.9105328346456691
21
0.774757283464567
0
LINE
8
BLACK
6
CONTINUOUS
10
1.9105328346456691
20
0.774757283464567
11
1.9075018503937007
21
0.7762727952755906
0
LINE
8
BLACK
6
CONTINUOUS
10
1.9075018503937007
20
0.7762727952755906
11
1.9006698031496063
21
0.7779808267716535
0
LINE
8
BLACK
6
CONTINUOUS
10
1.9006698031496063
20
0.7779808267716535
11
1.8957725984251967
21
0.7779808267716535
0
LINE
8
BLACK
6
CONTINUOUS
10
1.8957725984251967
20
0.7779808267716535
11
1.8889405511811024
21
0.7762727952755906
0
LINE
8
BLACK
6
CONTINUOUS
10
1.8889405511811024
20
0.7762727952755906
11
1.8859095669291339
21
0.7747573228346456
0
LINE
8
BLACK
6
CONTINUOUS
10
1.8859095669291339
20
0.7747573228346456
11
1.8829917322834646
21
0.7718394881889764
0
LINE
8
BLACK
6
CONTINUOUS
10
1.8829917322834646
20
0.7718394881889764
11
1.881488937007874
21
0.7673310629921259
0
LINE
8
BLACK
6
CONTINUOUS
10
1.881488937007874
20
0.7673310629921259
11
1.881488937007874
21
0.764539842519685
0
LINE
8
BLACK
6
CONTINUOUS
10
1.881488937007874
20
0.764539842519685
11
1.8829917322834646
21
0.7600314173228346
0
LINE
8
BLACK
6
CONTINUOUS
10
1.8829917322834646
20
0.7600314173228346
11
1.884373622047244
21
0.7586495669291339
0
LINE
8
BLACK
6
CONTINUOUS
10
1.884373622047244
20
0.7586495669291339
11
1.8849618110236219
21
0.7578095275590551
0
LINE
8
BLACK
6
CONTINUOUS
10
1.8849618110236219
20
0.7578095275590551
11
1.8851378346456693
21
0.7557974409448819
0
LINE
8
BLACK
6
CONTINUOUS
10
1.8851378346456693
20
0.7557974409448819
11
1.8839793307086614
21
0.754142874015748
0
LINE
8
BLACK
6
CONTINUOUS
10
1.8839793307086614
20
0.754142874015748
11
1.8820283464566929
21
0.753620157480315
0
LINE
8
BLACK
6
CONTINUOUS
10
1.8820283464566929
20
0.753620157480315
11
1.8801977952755906
21
0.7544737401574803
0
LINE
8
BLACK
6
CONTINUOUS
10
1.8801977952755906
20
0.7544737401574803
11
1.8783230314960631
21
0.7563485039370078
0
LINE
8
BLACK
6
CONTINUOUS
10
1.8783230314960631
20
0.7563485039370078
11
1.8777348425196849
21
0.7571885433070866
0
LINE
8
BLACK
6
CONTINUOUS
10
1.8777348425196849
20
0.7571885433070866
11
1.8777194488188975
21
0.7573643700787401
0
LINE
8
BLACK
6
CONTINUOUS
10
1.8777194488188975
20
0.7573643700787401
11
1.8776097244094487
21
0.7575026771653544
0
LINE
8
BLACK
6
CONTINUOUS
10
1.8776097244094487
20
0.7575026771653544
11
1.8757349606299212
21
0.763126968503937
0
LINE
8
BLACK
6
CONTINUOUS
10
1.8757349606299212
20
0.763126968503937
11
1.8756054724409448
21
0.7640001181102362
0
LINE
8
BLACK
6
CONTINUOUS
10
1.8756054724409448
20
0.7640001181102362
11
1.8755834251968504
21
0.7640607086614173
0
LINE
8
BLACK
6
CONTINUOUS
10
1.8755834251968504
20
0.7640607086614173
11
1.8755834251968504
21
0.7678102362204724
0
LINE
8
BLACK
6
CONTINUOUS
10
1.8755834251968504
20
0.7678102362204724
11
1.8757366929133859
21
0.7686796062992126
0
LINE
8
BLACK
6
CONTINUOUS
10
1.8757366929133859
20
0.7686796062992126
11
1.8757349606299212
21
0.7687439763779528
0
LINE
8
BLACK
6
CONTINUOUS
10
1.8757349606299212
20
0.7687439763779528
11
1.8776097244094487
21
0.7743682677165354
0
LINE
8
BLACK
6
CONTINUOUS
10
1.8776097244094487
20
0.7743682677165354
11
1.8780979921259842
21
0.7752700393700788
0
LINE
8
BLACK
6
CONTINUOUS
10
1.8780979921259842
20
0.7752700393700788
11
1.8782484251968503
21
0.7753624409448818
0
LINE
8
BLACK
6
CONTINUOUS
10
1.8782484251968503
20
0.7753624409448818
11
1.8783230314960631
21
0.7755224409448819
0
LINE
8
BLACK
6
CONTINUOUS
10
1.8783230314960631
20
0.7755224409448819
11
1.8820725590551182
21
0.779271968503937
0
LINE
8
BLACK
6
CONTINUOUS
10
1.8820725590551182
20
0.779271968503937
11
1.8827957086614173
21
0.7797783464566929
0
LINE
8
BLACK
6
CONTINUOUS
10
1.8827957086614173
20
0.7797783464566929
11
1.8828399606299213
21
0.7798250787401575
0
LINE
8
BLACK
6
CONTINUOUS
10
1.8828399606299213
20
0.7798250787401575
11
1.8865894881889764
21
0.7816998425196851
0
LINE
8
BLACK
6
CONTINUOUS
10
1.8865894881889764
20
0.7816998425196851
11
1.8870779133858266
21
0.7818451181102362
0
LINE
8
BLACK
6
CONTINUOUS
10
1.8870779133858266
20
0.7818451181102362
11
1.8871938582677166
21
0.7819234251968504
0
LINE
8
BLACK
6
CONTINUOUS
10
1.8871938582677166
20
0.7819234251968504
11
1.8946929133858268
21
0.783798188976378
0
LINE
8
BLACK
6
CONTINUOUS
10
1.8946929133858268
20
0.783798188976378
11
1.8952807874015747
21
0.7838396456692913
0
LINE
8
BLACK
6
CONTINUOUS
10
1.8952807874015747
20
0.7838396456692913
11
1.8954090551181102
21
0.7838863385826772
0
LINE
8
BLACK
6
CONTINUOUS
10
1.8954090551181102
20
0.7838863385826772
11
1.9010333464566929
21
0.7838863385826772
0
LINE
8
BLACK
6
CONTINUOUS
10
1.9010333464566929
20
0.7838863385826772
11
1.9016137007874014
21
0.7837839763779527
0
LINE
8
BLACK
6
CONTINUOUS
10
1.9314960629921258
20
0.8405511811023622
11
1.9328879921259843
21
0.8399746062992126
0
LINE
8
BLACK
6
CONTINUOUS
10
1.9328879921259843
20
0.8399746062992126
11
1.9334645669291337
21
0.8385826771653543
0
LINE
8
BLACK
6
CONTINUOUS
10
1.9334645669291337
20
0.8385826771653543
11
1.9334645669291337
21
0.6614173228346456
0
LINE
8
BLACK
6
CONTINUOUS
10
1.9334645669291337
20
0.6614173228346456
11
1.9328879921259843
21
0.6600253937007874
0
LINE
8
BLACK
6
CONTINUOUS
10
1.9328879921259843
20
0.6600253937007874
11
1.9314960629921258
21
0.6594488188976377
0
LINE
8
BLACK
6
CONTINUOUS
10
1.9314960629921258
20
0.6594488188976377
11
1.868503937007874
21
0.6594488188976377
0
LINE
8
BLACK
6
CONTINUOUS
10
1.868503937007874
20
0.6594488188976377
11
1.8671120078740158
21
0.6600253937007874
0
LINE
8
BLACK
6
CONTINUOUS
10
1.8671120078740158
20
0.6600253937007874
11
1.8665354330708661
21
0.6614173228346456
0
LINE
8
BLACK
6
CONTINUOUS
10
1.8665354330708661
20
0.6614173228346456
11
1.8665354330708661
21
0.8385826771653543
0
LINE
8
BLACK
6
CONTINUOUS
10
1.8665354330708661
20
0.8385826771653543
11
1.8671120078740158
21
0.8399746062992126
0
LINE
8
BLACK
6
CONTINUOUS
10
1.8671120078740158
20
0.8399746062992126
11
1.868503937007874
21
0.8405511811023622
0
LINE
8
BLACK
6
CONTINUOUS
10
1.868503937007874
20
0.8405511811023622
11
1.9314960629921258
21
0.8405511811023622
0
LINE
8
BLACK
6
CONTINUOUS
10
1.8704724409448819
20
0.8366141732283464
11
1.8704724409448819
21
0.6633858267716535
0
LINE
8
BLACK
6
CONTINUOUS
10
1.8704724409448819
20
0.6633858267716535
11
1.929527559055118
21
0.6633858267716535
0
LINE
8
BLACK
6
CONTINUOUS
10
1.929527559055118
20
0.6633858267716535
11
1.929527559055118
21
0.8366141732283464
0
LINE
8
BLACK
6
CONTINUOUS
10
1.929527559055118
20
0.8366141732283464
11
1.8704724409448819
21
0.8366141732283464
0
LINE
8
BLACK
6
CONTINUOUS
10
2.0305319685039369
20
0.7847162204724409
11
2.0308975984251969
21
0.7846902755905512
0
LINE
8
BLACK
6
CONTINUOUS
10
2.0308975984251969
20
0.7846902755905512
11
2.0327723622047245
21
0.7837529133858268
0
LINE
8
BLACK
6
CONTINUOUS
10
2.0327723622047245
20
0.7837529133858268
11
2.0329421653543305
21
0.7835570866141732
0
LINE
8
BLACK
6
CONTINUOUS
10
2.0329421653543305
20
0.7835570866141732
11
2.0331816535433069
21
0.7834579133858267
0
LINE
8
BLACK
6
CONTINUOUS
10
2.0331816535433069
20
0.7834579133858267
11
2.0341190551181101
21
0.7825205511811023
0
LINE
8
BLACK
6
CONTINUOUS
10
2.0341190551181101
20
0.7825205511811023
11
2.0342182283464565
21
0.7822810236220472
0
LINE
8
BLACK
6
CONTINUOUS
10
2.0342182283464565
20
0.7822810236220472
11
2.03441405511811
21
0.782111220472441
0
LINE
8
BLACK
6
CONTINUOUS
10
2.03441405511811
20
0.782111220472441
11
2.0353514173228344
21
0.7802364960629921
0
LINE
8
BLACK
6
CONTINUOUS
10
2.0353514173228344
20
0.7802364960629921
11
2.0353773622047244
21
0.7798708267716535
0
LINE
8
BLACK
6
CONTINUOUS
10
2.0353773622047244
20
0.7798708267716535
11
2.0355176771653545
21
0.7795322047244094
0
LINE
8
BLACK
6
CONTINUOUS
10
2.0355176771653545
20
0.7795322047244094
11
2.0355176771653545
21
0.7757826771653543
0
LINE
8
BLACK
6
CONTINUOUS
10
2.0355176771653545
20
0.7757826771653543
11
2.0353773622047244
21
0.7754440157480315
0
LINE
8
BLACK
6
CONTINUOUS
10
2.0353773622047244
20
0.7754440157480315
11
2.0353514173228344
21
0.7750783858267717
0
LINE
8
BLACK
6
CONTINUOUS
10
2.0353514173228344
20
0.7750783858267717
11
2.03441405511811
21
0.7732036614173228
0
LINE
8
BLACK
6
CONTINUOUS
10
2.03441405511811
20
0.7732036614173228
11
2.0342182677165352
21
0.7730338582677165
0
LINE
8
BLACK
6
CONTINUOUS
10
2.0342182677165352
20
0.7730338582677165
11
2.0341190551181101
21
0.7727943307086614
0
LINE
8
BLACK
6
CONTINUOUS
10
2.0341190551181101
20
0.7727943307086614
11
2.0331816535433069
21
0.771856968503937
0
LINE
8
BLACK
6
CONTINUOUS
10
2.0331816535433069
20
0.771856968503937
11
2.0329421653543305
21
0.7717577559055118
0
LINE
8
BLACK
6
CONTINUOUS
10
2.0329421653543305
20
0.7717577559055118
11
2.0327724015748032
21
0.7715620078740157
0
LINE
8
BLACK
6
CONTINUOUS
10
2.0327724015748032
20
0.7715620078740157
11
2.0308976377952757
21
0.7706246062992126
0
LINE
8
BLACK
6
CONTINUOUS
10
2.0308976377952757
20
0.7706246062992126
11
2.0305319685039369
21
0.7705986220472441
0
LINE
8
BLACK
6
CONTINUOUS
10
2.0305319685039369
20
0.7705986220472441
11
2.0301933464566928
21
0.7704583464566929
0
LINE
8
BLACK
6
CONTINUOUS
10
2.0301933464566928
20
0.7704583464566929
11
2.0255064173228345
21
0.7704583464566929
0
LINE
8
BLACK
6
CONTINUOUS
10
2.0255064173228345
20
0.7704583464566929
11
2.0251677559055117
21
0.7705986220472441
0
LINE
8
BLACK
6
CONTINUOUS
10
2.0251677559055117
20
0.7705986220472441
11
2.0248021259842521
21
0.7706246062992126
0
LINE
8
BLACK
6
CONTINUOUS
10
2.0248021259842521
20
0.7706246062992126
11
2.0229273622047246
21
0.7715620078740157
0
LINE
8
BLACK
6
CONTINUOUS
10
2.0229273622047246
20
0.7715620078740157
11
2.0227575196850394
21
0.7717577952755905
0
LINE
8
BLACK
6
CONTINUOUS
10
2.0227575196850394
20
0.7717577952755905
11
2.0225181102362204
21
0.7718570078740157
0
LINE
8
BLACK
6
CONTINUOUS
10
2.0225181102362204
20
0.7718570078740157
11
2.021580748031496
21
0.7727943700787402
0
LINE
8
BLACK
6
CONTINUOUS
10
2.021580748031496
20
0.7727943700787402
11
2.0214815354330709
21
0.773033779527559
0
LINE
8
BLACK
6
CONTINUOUS
10
2.0214815354330709
20
0.773033779527559
11
2.0212857480314961
21
0.7732036220472441
0
LINE
8
BLACK
6
CONTINUOUS
10
2.0212857480314961
20
0.7732036220472441
11
2.0203483464566929
21
0.7750783858267717
0
LINE
8
BLACK
6
CONTINUOUS
10
2.0203483464566929
20
0.7750783858267717
11
2.0203223622047242
21
0.7754440157480315
0
LINE
8
BLACK
6
CONTINUOUS
10
2.0203223622047242
20
0.7754440157480315
11
2.0201820866141733
21
0.7757826771653543
0
LINE
8
BLACK
6
CONTINUOUS
10
2.0201820866141733
20
0.7757826771653543
11
2.0201820866141733
21
0.7795322047244094
0
LINE
8
BLACK
6
CONTINUOUS
10
2.0201820866141733
20
0.7795322047244094
11
2.0203223622047242
21
0.7798708267716535
0
LINE
8
BLACK
6
CONTINUOUS
10
2.0203223622047242
20
0.7798708267716535
11
2.0203483464566929
21
0.7802364960629921
0
LINE
8
BLACK
6
CONTINUOUS
10
2.0203483464566929
20
0.7802364960629921
11
2.0208257480314962
21
0.7811912992125984
0
LINE
8
BLACK
6
CONTINUOUS
10
2.0208257480314962
20
0.7811912992125984
11
2.0195912992125984
21
0.7808827165354331
0
LINE
8
BLACK
6
CONTINUOUS
10
2.0195912992125984
20
0.7808827165354331
11
2.0171358267716535
21
0.779245748031496
0
LINE
8
BLACK
6
CONTINUOUS
10
2.0171358267716535
20
0.779245748031496
11
2.0164894881889763
21
0.7785993307086614
0
LINE
8
BLACK
6
CONTINUOUS
10
2.0164894881889763
20
0.7785993307086614
11
2.0158326377952753
21
0.7772856299212598
0
LINE
8
BLACK
6
CONTINUOUS
10
2.0158326377952753
20
0.7772856299212598
11
2.0158326377952753
21
0.7739079133858268
0
LINE
8
BLACK
6
CONTINUOUS
10
2.0158326377952753
20
0.7739079133858268
11
2.0153713779527558
21
0.7727943700787402
0
LINE
8
BLACK
6
CONTINUOUS
10
2.0153713779527558
20
0.7727943700787402
11
2.0142578346456692
21
0.7723331102362204
0
LINE
8
BLACK
6
CONTINUOUS
10
2.0142578346456692
20
0.7723331102362204
11
2.0131442913385826
21
0.7727943700787402
0
LINE
8
BLACK
6
CONTINUOUS
10
2.0131442913385826
20
0.7727943700787402
11
2.0126830314960631
21
0.7739079133858268
0
LINE
8
BLACK
6
CONTINUOUS
10
2.0126830314960631
20
0.7739079133858268
11
2.0126830314960631
21
0.7776574409448819
0
LINE
8
BLACK
6
CONTINUOUS
10
2.0126830314960631
20
0.7776574409448819
11
2.0128233070866139
21
0.777996062992126
0
LINE
8
BLACK
6
CONTINUOUS
10
2.0128233070866139
20
0.777996062992126
11
2.0128492913385827
21
0.7783617322834645
0
LINE
8
BLACK
6
CONTINUOUS
10
2.0128492913385827
20
0.7783617322834645
11
2.0137866929133859
21
0.7802364960629921
0
LINE
8
BLACK
6
CONTINUOUS
10
2.0137866929133859
20
0.7802364960629921
11
2.0139824409448819
21
0.7804062598425197
0
LINE
8
BLACK
6
CONTINUOUS
10
2.0139824409448819
20
0.7804062598425197
11
2.014081653543307
21
0.780645748031496
0
LINE
8
BLACK
6
CONTINUOUS
10
2.014081653543307
20
0.780645748031496
11
2.0150190157480314
21
0.7815831496062992
0
LINE
8
BLACK
6
CONTINUOUS
10
2.0150190157480314
20
0.7815831496062992
11
2.0151688188976378
21
0.7816451968503937
0
LINE
8
BLACK
6
CONTINUOUS
10
2.0151688188976378
20
0.7816451968503937
11
2.01525905511811
21
0.7817799212598425
0
LINE
8
BLACK
6
CONTINUOUS
10
2.01525905511811
20
0.7817799212598425
11
2.0180712204724407
21
0.7836546850393701
0
LINE
8
BLACK
6
CONTINUOUS
10
2.0180712204724407
20
0.7836546850393701
11
2.0183414566929132
21
0.7837081102362204
0
LINE
8
BLACK
6
CONTINUOUS
10
2.0183414566929132
20
0.7837081102362204
11
2.0185628346456692
21
0.7838721653543307
0
LINE
8
BLACK
6
CONTINUOUS
10
2.0185628346456692
20
0.7838721653543307
11
2.0223123622047243
21
0.7848095275590551
0
LINE
8
BLACK
6
CONTINUOUS
10
2.0223123622047243
20
0.7848095275590551
11
2.022509842519685
21
0.7847801181102362
0
LINE
8
BLACK
6
CONTINUOUS
10
2.022509842519685
20
0.7847801181102362
11
2.0226942913385826
21
0.7848565354330709
0
LINE
8
BLACK
6
CONTINUOUS
10
2.0226942913385826
20
0.7848565354330709
11
2.0301933464566928
21
0.7848565354330709
0
LINE
8
BLACK
6
CONTINUOUS
10
2.0301933464566928
20
0.7848565354330709
11
2.0305319685039369
21
0.7847162204724409
0
LINE
8
BLACK
6
CONTINUOUS
10
2.0245644881889762
20
0.7810501181102362
11
2.0239885433070866
21
0.7804740944881889
0
LINE
8
BLACK
6
CONTINUOUS
10
2.0239885433070866
20
0.7804740944881889
11
2.023331692913386
21
0.7791603937007874
0
LINE
8
BLACK
6
CONTINUOUS
10
2.023331692913386
20
0.7791603937007874
11
2.023331692913386
21
0.7761544488188976
0
LINE
8
BLACK
6
CONTINUOUS
10
2.023331692913386
20
0.7761544488188976
11
2.0239885433070866
21
0.7748407086614173
0
LINE
8
BLACK
6
CONTINUOUS
10
2.0239885433070866
20
0.7748407086614173
11
2.0245644488188974
21
0.7742648031496063
0
LINE
8
BLACK
6
CONTINUOUS
10
2.0245644488188974
20
0.7742648031496063
11
2.0258781889763777
21
0.7736079527559055
0
LINE
8
BLACK
6
CONTINUOUS
10
2.0258781889763777
20
0.7736079527559055
11
2.0298215748031496
21
0.7736079527559055
0
LINE
8
BLACK
6
CONTINUOUS
10
2.0298215748031496
20
0.7736079527559055
11
2.0311352362204724
21
0.7742648031496063
0
LINE
8
BLACK
6
CONTINUOUS
10
2.0311352362204724
20
0.7742648031496063
11
2.0317112598425195
21
0.7748407480314961
0
LINE
8
BLACK
6
CONTINUOUS
10
2.0317112598425195
20
0.7748407480314961
11
2.0323680708661418
21
0.7761543700787401
0
LINE
8
BLACK
6
CONTINUOUS
10
2.0323680708661418
20
0.7761543700787401
11
2.0323680708661418
21
0.7791604724409449
0
LINE
8
BLACK
6
CONTINUOUS
10
2.0323680708661418
20
0.7791604724409449
11
2.0317112598425195
21
0.7804740551181102
0
LINE
8
BLACK
6
CONTINUOUS
10
2.0317112598425195
20
0.7804740551181102
11
2.0311352755905512
21
0.7810500787401574
0
LINE
8
BLACK
6
CONTINUOUS
10
2.0311352755905512
20
0.7810500787401574
11
2.0298216141732284
21
0.7817069291338582
0
LINE
8
BLACK
6
CONTINUOUS
10
2.0298216141732284
20
0.7817069291338582
11
2.025878149606299
21
0.7817069291338582
0
LINE
8
BLACK
6
CONTINUOUS
10
2.025878149606299
20
0.7817069291338582
11
2.0245644881889762
21
0.7810501181102362
0
LINE
8
BLACK
6
CONTINUOUS
10
2.0350564173228345
20
0.8031429527559055
11
2.0355176771653545
21
0.8020294094488188
0
LINE
8
BLACK
6
CONTINUOUS
10
2.0355176771653545
20
0.8020294094488188
11
2.0350564173228345
21
0.8009158661417323
0
LINE
8
BLACK
6
CONTINUOUS
10
2.0350564173228345
20
0.8009158661417323
11
2.0339428740157479
21
0.8004546062992126
0
LINE
8
BLACK
6
CONTINUOUS
10
2.0339428740157479
20
0.8004546062992126
11
2.0261438582677167
21
0.8004546062992126
0
LINE
8
BLACK
6
CONTINUOUS
10
2.0261438582677167
20
0.8004546062992126
11
2.0261438582677167
21
0.7981623622047244
0
LINE
8
BLACK
6
CONTINUOUS
10
2.0261438582677167
20
0.7981623622047244
11
2.0348459842519686
21
0.7920709448818898
0
LINE
8
BLACK
6
CONTINUOUS
10
2.0348459842519686
20
0.7920709448818898
11
2.0354937007874017
21
0.7910544881889764
0
LINE
8
BLACK
6
CONTINUOUS
10
2.0354937007874017
20
0.7910544881889764
11
2.0352330314960629
21
0.789877716535433
0
LINE
8
BLACK
6
CONTINUOUS
10
2.0352330314960629
20
0.789877716535433
11
2.0342165748031498
21
0.78923
0
LINE
8
BLACK
6
CONTINUOUS
10
2.0342165748031498
20
0.78923
11
2.0330398031496064
21
0.7894907086614174
0
LINE
8
BLACK
6
CONTINUOUS
10
2.0330398031496064
20
0.7894907086614174
11
2.0260755905511809
21
0.7943655905511811
0
LINE
8
BLACK
6
CONTINUOUS
10
2.0260755905511809
20
0.7943655905511811
11
2.0260035433070867
21
0.7941916929133858
0
LINE
8
BLACK
6
CONTINUOUS
10
2.0260035433070867
20
0.7941916929133858
11
2.0259775984251966
21
0.793826062992126
0
LINE
8
BLACK
6
CONTINUOUS
10
2.0259775984251966
20
0.793826062992126
11
2.0250401968503935
21
0.7919512992125984
0
LINE
8
BLACK
6
CONTINUOUS
10
2.0250401968503935
20
0.7919512992125984
11
2.02484437007874
21
0.7917814566929133
0
LINE
8
BLACK
6
CONTINUOUS
10
2.02484437007874
20
0.7917814566929133
11
2.0247452362204723
21
0.7915420866141732
0
LINE
8
BLACK
6
CONTINUOUS
10
2.0247452362204723
20
0.7915420866141732
11
2.0238078740157479
21
0.7906046456692913
0
LINE
8
BLACK
6
CONTINUOUS
10
2.0238078740157479
20
0.7906046456692913
11
2.0235683070866139
21
0.7905053937007874
0
LINE
8
BLACK
6
CONTINUOUS
10
2.0235683070866139
20
0.7905053937007874
11
2.0233985433070867
21
0.7903096456692913
0
LINE
8
BLACK
6
CONTINUOUS
10
2.0233985433070867
20
0.7903096456692913
11
2.0215237795275591
21
0.7893722834645669
0
LINE
8
BLACK
6
CONTINUOUS
10
2.0215237795275591
20
0.7893722834645669
11
2.0211581496062991
21
0.7893462992125984
0
LINE
8
BLACK
6
CONTINUOUS
10
2.0211581496062991
20
0.7893462992125984
11
2.020819527559055
21
0.7892060236220473
0
LINE
8
BLACK
6
CONTINUOUS
10
2.020819527559055
20
0.7892060236220473
11
2.0180073622047243
21
0.7892060236220473
0
LINE
8
BLACK
6
CONTINUOUS
10
2.0180073622047243
20
0.7892060236220473
11
2.0176687007874015
21
0.7893462992125984
0
LINE
8
BLACK
6
CONTINUOUS
10
2.0176687007874015
20
0.7893462992125984
11
2.0173030708661415
21
0.7893722834645669
0
LINE
8
BLACK
6
CONTINUOUS
10
2.0173030708661415
20
0.7893722834645669
11
2.0154283464566927
21
0.7903096456692913
0
LINE
8
BLACK
6
CONTINUOUS
10
2.0154283464566927
20
0.7903096456692913
11
2.0152585433070866
21
0.7905053937007874
0
LINE
8
BLACK
6
CONTINUOUS
10
2.0152585433070866
20
0.7905053937007874
11
2.0150190157480314
21
0.7906046456692913
0
LINE
8
BLACK
6
CONTINUOUS
10
2.0150190157480314
20
0.7906046456692913
11
2.014081653543307
21
0.7915420472440945
0
LINE
8
BLACK
6
CONTINUOUS
10
2.014081653543307
20
0.7915420472440945
11
2.0139824409448819
21
0.7917814960629921
0
LINE
8
BLACK
6
CONTINUOUS
10
2.0139824409448819
20
0.7917814960629921
11
2.0137866929133859
21
0.7919512992125984
0
LINE
8
BLACK
6
CONTINUOUS
10
2.0137866929133859
20
0.7919512992125984
11
2.0128492913385827
21
0.793826062992126
0
LINE
8
BLACK
6
CONTINUOUS
10
2.0128492913385827
20
0.793826062992126
11
2.0128233070866139
21
0.7941916929133858
0
LINE
8
BLACK
6
CONTINUOUS
10
2.0128233070866139
20
0.7941916929133858
11
2.0126830314960631
21
0.7945303543307086
0
LINE
8
BLACK
6
CONTINUOUS
10
2.0126830314960631
20
0.7945303543307086
11
2.0126830314960631
21
0.8020294094488188
0
LINE
8
BLACK
6
CONTINUOUS
10
2.0126830314960631
20
0.8020294094488188
11
2.0131442913385826
21
0.8031429527559055
0
LINE
8
BLACK
6
CONTINUOUS
10
2.0131442913385826
20
0.8031429527559055
11
2.0142578346456692
21
0.8036042125984252
0
LINE
8
BLACK
6
CONTINUOUS
10
2.0142578346456692
20
0.8036042125984252
11
2.0339428740157479
21
0.8036042125984252
0
LINE
8
BLACK
6
CONTINUOUS
10
2.0339428740157479
20
0.8036042125984252
11
2.0350564173228345
21
0.8031429527559055
0
LINE
8
BLACK
6
CONTINUOUS
10
2.0158326377952753
20
0.7949021259842519
11
2.0164894881889763
21
0.7935884251968504
0
LINE
8
BLACK
6
CONTINUOUS
10
2.0164894881889763
20
0.7935884251968504
11
2.0170654330708659
21
0.7930124015748031
0
LINE
8
BLACK
6
CONTINUOUS
10
2.0170654330708659
20
0.7930124015748031
11
2.0183790944881888
21
0.7923556299212599
0
LINE
8
BLACK
6
CONTINUOUS
10
2.0183790944881888
20
0.7923556299212599
11
2.0204477952755906
21
0.7923556299212599
0
LINE
8
BLACK
6
CONTINUOUS
10
2.0204477952755906
20
0.7923556299212599
11
2.0217613779527559
21
0.7930124015748031
0
LINE
8
BLACK
6
CONTINUOUS
10
2.0217613779527559
20
0.7930124015748031
11
2.0223373622047243
21
0.7935884251968504
0
LINE
8
BLACK
6
CONTINUOUS
10
2.0223373622047243
20
0.7935884251968504
11
2.022994251968504
21
0.7949021259842519
0
LINE
8
BLACK
6
CONTINUOUS
10
2.022994251968504
20
0.7949021259842519
11
2.022994251968504
21
0.8004546062992126
0
LINE
8
BLACK
6
CONTINUOUS
10
2.022994251968504
20
0.8004546062992126
11
2.0158326377952753
21
0.8004546062992126
0
LINE
8
BLACK
6
CONTINUOUS
10
2.0158326377952753
20
0.8004546062992126
11
2.0158326377952753
21
0.7949021259842519
0
LINE
8
BLACK
6
CONTINUOUS
10
2.0486220472440944
20
0.8288385826771654
11
2.0500139763779526
21
0.8282620078740157
0
LINE
8
BLACK
6
CONTINUOUS
10
2.0500139763779526
20
0.8282620078740157
11
2.0505905511811022
21
0.8268700787401575
0
LINE
8
BLACK
6
CONTINUOUS
10
2.0505905511811022
20
0.8268700787401575
11
2.0505905511811022
21
0.7481299212598425
0
LINE
8
BLACK
6
CONTINUOUS
10
2.0505905511811022
20
0.7481299212598425
11
2.0500139763779526
21
0.7467379921259842
0
LINE
8
BLACK
6
CONTINUOUS
10
2.0500139763779526
20
0.7467379921259842
11
2.0486220472440944
21
0.7461614173228346
0
LINE
8
BLACK
6
CONTINUOUS
10
2.0486220472440944
20
0.7461614173228346
11
2.0013779527559055
21
0.7461614173228346
0
LINE
8
BLACK
6
CONTINUOUS
10
2.0013779527559055
20
0.7461614173228346
11
1.9999860236220472
21
0.7467379921259842
0
LINE
8
BLACK
6
CONTINUOUS
10
1.9999860236220472
20
0.7467379921259842
11
1.9994094488188976
21
0.7481299212598425
0
LINE
8
BLACK
6
CONTINUOUS
10
1.9994094488188976
20
0.7481299212598425
11
1.9994094488188976
21
0.8268700787401575
0
LINE
8
BLACK
6
CONTINUOUS
10
1.9994094488188976
20
0.8268700787401575
11
1.9999860236220472
21
0.8282620078740157
0
LINE
8
BLACK
6
CONTINUOUS
10
1.9999860236220472
20
0.8282620078740157
11
2.0013779527559055
21
0.8288385826771654
0
LINE
8
BLACK
6
CONTINUOUS
10
2.0013779527559055
20
0.8288385826771654
11
2.0486220472440944
21
0.8288385826771654
0
LINE
8
BLACK
6
CONTINUOUS
10
2.0033464566929133
20
0.8249015748031496
11
2.0033464566929133
21
0.7500984251968503
0
LINE
8
BLACK
6
CONTINUOUS
10
2.0033464566929133
20
0.7500984251968503
11
2.0466535433070865
21
0.7500984251968503
0
LINE
8
BLACK
6
CONTINUOUS
10
2.0466535433070865
20
0.7500984251968503
11
2.0466535433070865
21
0.8249015748031496
0
LINE
8
BLACK
6
CONTINUOUS
10
2.0466535433070865
20
0.8249015748031496
11
2.0033464566929133
21
0.8249015748031496
0
LINE
8
BLACK
6
CONTINUOUS
10
2.1153713779527559
20
0.7853326771653543
11
2.1158326377952754
21
0.7842191338582677
0
LINE
8
BLACK
6
CONTINUOUS
10
2.1158326377952754
20
0.7842191338582677
11
2.1158326377952754
21
0.7734840157480315
0
LINE
8
BLACK
6
CONTINUOUS
10
2.1158326377952754
20
0.7734840157480315
11
2.1333225590551179
21
0.7809796850393701
0
LINE
8
BLACK
6
CONTINUOUS
10
2.1333225590551179
20
0.7809796850393701
11
2.1345277559055118
21
0.7809943700787402
0
LINE
8
BLACK
6
CONTINUOUS
10
2.1345277559055118
20
0.7809943700787402
11
2.1353903543307085
21
0.780152559055118
0
LINE
8
BLACK
6
CONTINUOUS
10
2.1353903543307085
20
0.780152559055118
11
2.1354050393700788
21
0.7789473622047244
0
LINE
8
BLACK
6
CONTINUOUS
10
2.1354050393700788
20
0.7789473622047244
11
2.1345632283464568
21
0.7780847244094488
0
LINE
8
BLACK
6
CONTINUOUS
10
2.1345632283464568
20
0.7780847244094488
11
2.1148781889763777
21
0.7696483070866141
0
LINE
8
BLACK
6
CONTINUOUS
10
2.1148781889763777
20
0.7696483070866141
11
2.1145557086614173
21
0.7696443700787401
0
LINE
8
BLACK
6
CONTINUOUS
10
2.1145557086614173
20
0.7696443700787401
11
2.1142578346456693
21
0.7695209842519685
0
LINE
8
BLACK
6
CONTINUOUS
10
2.1142578346456693
20
0.7695209842519685
11
2.1139769685039371
21
0.7696373228346457
0
LINE
8
BLACK
6
CONTINUOUS
10
2.1139769685039371
20
0.7696373228346457
11
2.1136729527559055
21
0.7696336220472441
0
LINE
8
BLACK
6
CONTINUOUS
10
2.1136729527559055
20
0.7696336220472441
11
2.113442125984252
21
0.7698588582677165
0
LINE
8
BLACK
6
CONTINUOUS
10
2.113442125984252
20
0.7698588582677165
11
2.1131442913385827
21
0.7699822440944881
0
LINE
8
BLACK
6
CONTINUOUS
10
2.1131442913385827
20
0.7699822440944881
11
2.1130279527559055
21
0.770263031496063
0
LINE
8
BLACK
6
CONTINUOUS
10
2.1130279527559055
20
0.770263031496063
11
2.1128103543307084
21
0.7704754330708661
0
LINE
8
BLACK
6
CONTINUOUS
10
2.1128103543307084
20
0.7704754330708661
11
2.1128064173228345
21
0.7707978740157481
0
LINE
8
BLACK
6
CONTINUOUS
10
2.1128064173228345
20
0.7707978740157481
11
2.1126830314960627
21
0.7710957874015748
0
LINE
8
BLACK
6
CONTINUOUS
10
2.1126830314960627
20
0.7710957874015748
11
2.1126830314960627
21
0.7842191338582677
0
LINE
8
BLACK
6
CONTINUOUS
10
2.1126830314960627
20
0.7842191338582677
11
2.1131442913385827
21
0.7853326771653543
0
LINE
8
BLACK
6
CONTINUOUS
10
2.1131442913385827
20
0.7853326771653543
11
2.1142578346456693
21
0.785793937007874
0
LINE
8
BLACK
6
CONTINUOUS
10
2.1142578346456693
20
0.785793937007874
11
2.1153713779527559
21
0.7853326771653543
0
LINE
8
BLACK
6
CONTINUOUS
10
2.1256908267716534
20
0.804465157480315
11
2.1258883464566929
21
0.8044945669291338
0
LINE
8
BLACK
6
CONTINUOUS
10
2.1258883464566929
20
0.8044945669291338
11
2.129637874015748
21
0.8035572047244094
0
LINE
8
BLACK
6
CONTINUOUS
10
2.129637874015748
20
0.8035572047244094
11
2.1297816929133857
21
0.8034506299212598
0
LINE
8
BLACK
6
CONTINUOUS
10
2.1297816929133857
20
0.8034506299212598
11
2.1299602362204726
21
0.8034379527559055
0
LINE
8
BLACK
6
CONTINUOUS
10
2.1299602362204726
20
0.8034379527559055
11
2.1318350000000001
21
0.8025005511811023
0
LINE
8
BLACK
6
CONTINUOUS
10
2.1318350000000001
20
0.8025005511811023
11
2.1320047637795274
21
0.8023047637795275
0
LINE
8
BLACK
6
CONTINUOUS
10
2.1320047637795274
20
0.8023047637795275
11
2.1322442519685039
21
0.8022055905511811
0
LINE
8
BLACK
6
CONTINUOUS
10
2.1322442519685039
20
0.8022055905511811
11
2.1341190551181102
21
0.8003308267716536
0
LINE
8
BLACK
6
CONTINUOUS
10
2.1341190551181102
20
0.8003308267716536
11
2.1342593307086615
21
0.7999920866141732
0
LINE
8
BLACK
6
CONTINUOUS
10
2.1342593307086615
20
0.7999920866141732
11
2.1344994881889763
21
0.7997152362204725
0
LINE
8
BLACK
6
CONTINUOUS
10
2.1344994881889763
20
0.7997152362204725
11
2.1354368897637794
21
0.7969031102362204
0
LINE
8
BLACK
6
CONTINUOUS
10
2.1354368897637794
20
0.7969031102362204
11
2.1354185039370077
21
0.7966445275590551
0
LINE
8
BLACK
6
CONTINUOUS
10
2.1354185039370077
20
0.7966445275590551
11
2.1355176771653541
21
0.7964051181102362
0
LINE
8
BLACK
6
CONTINUOUS
10
2.1355176771653541
20
0.7964051181102362
11
2.1355176771653541
21
0.7945303543307086
0
LINE
8
BLACK
6
CONTINUOUS
10
2.1355176771653541
20
0.7945303543307086
11
2.1354185039370077
21
0.7942909448818898
0
LINE
8
BLACK
6
CONTINUOUS
10
2.1354185039370077
20
0.7942909448818898
11
2.1354368897637794
21
0.7940324015748031
0
LINE
8
BLACK
6
CONTINUOUS
10
2.1354368897637794
20
0.7940324015748031
11
2.1344994881889763
21
0.7912201968503937
0
LINE
8
BLACK
6
CONTINUOUS
10
2.1344994881889763
20
0.7912201968503937
11
2.1342593307086615
21
0.7909433070866142
0
LINE
8
BLACK
6
CONTINUOUS
10
2.1342593307086615
20
0.7909433070866142
11
2.1341190551181102
21
0.7906046062992126
0
LINE
8
BLACK
6
CONTINUOUS
10
2.1341190551181102
20
0.7906046062992126
11
2.133181653543307
21
0.7896672440944882
0
LINE
8
BLACK
6
CONTINUOUS
10
2.133181653543307
20
0.7896672440944882
11
2.1320680708661417
21
0.7892060236220473
0
LINE
8
BLACK
6
CONTINUOUS
10
2.1320680708661417
20
0.7892060236220473
11
2.1309545275590551
21
0.7896672834645669
0
LINE
8
BLACK
6
CONTINUOUS
10
2.1309545275590551
20
0.7896672834645669
11
2.1304933070866143
21
0.7907808661417323
0
LINE
8
BLACK
6
CONTINUOUS
10
2.1304933070866143
20
0.7907808661417323
11
2.1309545669291339
21
0.7918944094488188
0
LINE
8
BLACK
6
CONTINUOUS
10
2.1309545669291339
20
0.7918944094488188
11
2.131629094488189
21
0.7925688582677165
0
LINE
8
BLACK
6
CONTINUOUS
10
2.131629094488189
20
0.7925688582677165
11
2.1323680708661419
21
0.7947858267716535
0
LINE
8
BLACK
6
CONTINUOUS
10
2.1323680708661419
20
0.7947858267716535
11
2.1323680708661419
21
0.7961496062992126
0
LINE
8
BLACK
6
CONTINUOUS
10
2.1323680708661419
20
0.7961496062992126
11
2.131629094488189
21
0.7983665354330709
0
LINE
8
BLACK
6
CONTINUOUS
10
2.131629094488189
20
0.7983665354330709
11
2.1301978346456694
21
0.7997977165354331
0
LINE
8
BLACK
6
CONTINUOUS
10
2.1301978346456694
20
0.7997977165354331
11
2.1287062598425197
21
0.8005435039370079
0
LINE
8
BLACK
6
CONTINUOUS
10
2.1287062598425197
20
0.8005435039370079
11
2.1253125196850395
21
0.801391968503937
0
LINE
8
BLACK
6
CONTINUOUS
10
2.1253125196850395
20
0.801391968503937
11
2.1228881889763778
21
0.801391968503937
0
LINE
8
BLACK
6
CONTINUOUS
10
2.1228881889763778
20
0.801391968503937
11
2.1194944094488188
21
0.8005435039370079
0
LINE
8
BLACK
6
CONTINUOUS
10
2.1194944094488188
20
0.8005435039370079
11
2.1180028346456692
21
0.7997977559055118
0
LINE
8
BLACK
6
CONTINUOUS
10
2.1180028346456692
20
0.7997977559055118
11
2.1165716141732283
21
0.7983665354330709
0
LINE
8
BLACK
6
CONTINUOUS
10
2.1165716141732283
20
0.7983665354330709
11
2.1158326377952754
21
0.7961495669291339
0
LINE
8
BLACK
6
CONTINUOUS
10
2.1158326377952754
20
0.7961495669291339
11
2.1158326377952754
21
0.7947858661417323
0
LINE
8
BLACK
6
CONTINUOUS
10
2.1158326377952754
20
0.7947858661417323
11
2.1165716141732283
21
0.7925688582677165
0
LINE
8
BLACK
6
CONTINUOUS
10
2.1165716141732283
20
0.7925688582677165
11
2.1172461417322834
21
0.7918943700787401
0
LINE
8
BLACK
6
CONTINUOUS
10
2.1172461417322834
20
0.7918943700787401
11
2.117707401574803
21
0.7907808267716535
0
LINE
8
BLACK
6
CONTINUOUS
10
2.117707401574803
20
0.7907808267716535
11
2.1172461417322834
21
0.7896672834645669
0
LINE
8
BLACK
6
CONTINUOUS
10
2.1172461417322834
20
0.7896672834645669
11
2.1161325984251969
21
0.7892060236220473
0
LINE
8
BLACK
6
CONTINUOUS
10
2.1161325984251969
20
0.7892060236220473
11
2.1150190551181103
21
0.7896672834645669
0
LINE
8
BLACK
6
CONTINUOUS
10
2.1150190551181103
20
0.7896672834645669
11
2.1140816929133859
21
0.7906046456692913
0
LINE
8
BLACK
6
CONTINUOUS
10
2.1140816929133859
20
0.7906046456692913
11
2.1139413779527558
21
0.7909432677165354
0
LINE
8
BLACK
6
CONTINUOUS
10
2.1139413779527558
20
0.7909432677165354
11
2.1137012598425198
21
0.7912201968503937
0
LINE
8
BLACK
6
CONTINUOUS
10
2.1137012598425198
20
0.7912201968503937
11
2.1127638582677166
21
0.7940323622047244
0
LINE
8
BLACK
6
CONTINUOUS
10
2.1127638582677166
20
0.7940323622047244
11
2.1127822047244096
21
0.7942908661417323
0
LINE
8
BLACK
6
CONTINUOUS
10
2.1127822047244096
20
0.7942908661417323
11
2.1126830314960627
21
0.7945303543307086
0
LINE
8
BLACK
6
CONTINUOUS
10
2.1126830314960627
20
0.7945303543307086
11
2.1126830314960627
21
0.7964051181102362
0
LINE
8
BLACK
6
CONTINUOUS
10
2.1126830314960627
20
0.7964051181102362
11
2.1127822047244096
21
0.7966445669291339
0
LINE
8
BLACK
6
CONTINUOUS
10
2.1127822047244096
20
0.7966445669291339
11
2.1127638582677166
21
0.7969031102362204
0
LINE
8
BLACK
6
CONTINUOUS
10
2.1127638582677166
20
0.7969031102362204
11
2.1137012598425198
21
0.7997152362204725
0
LINE
8
BLACK
6
CONTINUOUS
10
2.1137012598425198
20
0.7997152362204725
11
2.1139413779527558
21
0.799992125984252
0
LINE
8
BLACK
6
CONTINUOUS
10
2.1139413779527558
20
0.799992125984252
11
2.1140816929133859
21
0.8003307874015748
0
LINE
8
BLACK
6
CONTINUOUS
10
2.1140816929133859
20
0.8003307874015748
11
2.1159564173228347
21
0.8022055511811024
0
LINE
8
BLACK
6
CONTINUOUS
10
2.1159564173228347
20
0.8022055511811024
11
2.1161958661417324
21
0.8023047244094488
0
LINE
8
BLACK
6
CONTINUOUS
10
2.1161958661417324
20
0.8023047244094488
11
2.1163657086614172
21
0.8025005511811023
0
LINE
8
BLACK
6
CONTINUOUS
10
2.1163657086614172
20
0.8025005511811023
11
2.1182404724409447
21
0.8034379527559055
0
LINE
8
BLACK
6
CONTINUOUS
10
2.1182404724409447
20
0.8034379527559055
11
2.1184189763779528
21
0.8034506299212598
0
LINE
8
BLACK
6
CONTINUOUS
10
2.1184189763779528
20
0.8034506299212598
11
2.1185628346456693
21
0.8035572047244094
0
LINE
8
BLACK
6
CONTINUOUS
10
2.1185628346456693
20
0.8035572047244094
11
2.1223123622047244
21
0.8044945669291338
0
LINE
8
BLACK
6
CONTINUOUS
10
2.1223123622047244
20
0.8044945669291338
11
2.1225098425196851
21
0.804465157480315
0
LINE
8
BLACK
6
CONTINUOUS
10
2.1225098425196851
20
0.804465157480315
11
2.1226942913385827
21
0.8045415748031496
0
LINE
8
BLACK
6
CONTINUOUS
10
2.1226942913385827
20
0.8045415748031496
11
2.1255064173228346
21
0.8045415748031496
0
LINE
8
BLACK
6
CONTINUOUS
10
2.1255064173228346
20
0.8045415748031496
11
2.1256908267716534
21
0.804465157480315
0
LINE
8
BLACK
6
CONTINUOUS
10
2.1486220472440944
20
0.8288385826771654
11
2.1500139763779527
21
0.8282620078740157
0
LINE
8
BLACK
6
CONTINUOUS
10
2.1500139763779527
20
0.8282620078740157
11
2.1505905511811023
21
0.8268700787401575
0
LINE
8
BLACK
6
CONTINUOUS
10
2.1505905511811023
20
0.8268700787401575
11
2.1505905511811023
21
0.7481299212598425
0
LINE
8
BLACK
6
CONTINUOUS
10
2.1505905511811023
20
0.7481299212598425
11
2.1500139763779527
21
0.7467379921259842
0
LINE
8
BLACK
6
CONTINUOUS
10
2.1500139763779527
20
0.7467379921259842
11
2.1486220472440944
21
0.7461614173228346
0
LINE
8
BLACK
6
CONTINUOUS
10
2.1486220472440944
20
0.7461614173228346
11
2.1013779527559056
21
0.7461614173228346
0
LINE
8
BLACK
6
CONTINUOUS
10
2.1013779527559056
20
0.7461614173228346
11
2.0999860236220473
21
0.7467379921259842
0
LINE
8
BLACK
6
CONTINUOUS
10
2.0999860236220473
20
0.7467379921259842
11
2.0994094488188977
21
0.7481299212598425
0
LINE
8
BLACK
6
CONTINUOUS
10
2.0994094488188977
20
0.7481299212598425
11
2.0994094488188977
21
0.8268700787401575
0
LINE
8
BLACK
6
CONTINUOUS
10
2.0994094488188977
20
0.8268700787401575
11
2.0999860236220473
21
0.8282620078740157
0
LINE
8
BLACK
6
CONTINUOUS
10
2.0999860236220473
20
0.8282620078740157
11
2.1013779527559056
21
0.8288385826771654
0
LINE
8
BLACK
6
CONTINUOUS
10
2.1013779527559056
20
0.8288385826771654
11
2.1486220472440944
21
0.8288385826771654
0
LINE
8
BLACK
6
CONTINUOUS
10
2.1033464566929134
20
0.8249015748031496
11
2.1033464566929134
21
0.7500984251968503
0
LINE
8
BLACK
6
CONTINUOUS
10
2.1033464566929134
20
0.7500984251968503
11
2.1466535433070866
21
0.7500984251968503
0
LINE
8
BLACK
6
CONTINUOUS
10
2.1466535433070866
20
0.7500984251968503
11
2.1466535433070866
21
0.8249015748031496
0
LINE
8
BLACK
6
CONTINUOUS
10
2.1466535433070866
20
0.8249015748031496
11
2.1033464566929134
21
0.8249015748031496
0
LINE
8
BLACK
6
CONTINUOUS
10
2.2328341732283463
20
0.7871140157480315
11
2.2333415748031498
21
0.7869609448818897
0
LINE
8
BLACK
6
CONTINUOUS
10
2.2333415748031498
20
0.7869609448818897
11
2.2333809448818895
21
0.7868875196850393
0
LINE
8
BLACK
6
CONTINUOUS
10
2.2333809448818895
20
0.7868875196850393
11
2.2334579133858266
21
0.7868556692913385
0
LINE
8
BLACK
6
CONTINUOUS
10
2.2334579133858266
20
0.7868556692913385
11
2.2336607874015746
21
0.7863657874015748
0
LINE
8
BLACK
6
CONTINUOUS
10
2.2336607874015746
20
0.7863657874015748
11
2.233911338582677
21
0.7858988188976378
0
LINE
8
BLACK
6
CONTINUOUS
10
2.233911338582677
20
0.7858988188976378
11
2.2348487007874014
21
0.7765250393700788
0
LINE
8
BLACK
6
CONTINUOUS
10
2.2348487007874014
20
0.7765250393700788
11
2.2348246062992128
21
0.7764452755905512
0
LINE
8
BLACK
6
CONTINUOUS
10
2.2348246062992128
20
0.7764452755905512
11
2.2348565354330709
21
0.7763683070866142
0
LINE
8
BLACK
6
CONTINUOUS
10
2.2348565354330709
20
0.7763683070866142
11
2.2346535826771654
21
0.7758784251968504
0
LINE
8
BLACK
6
CONTINUOUS
10
2.2346535826771654
20
0.7758784251968504
11
2.2345005511811022
21
0.7753711023622047
0
LINE
8
BLACK
6
CONTINUOUS
10
2.2345005511811022
20
0.7753711023622047
11
2.2344271259842521
21
0.7753316929133858
0
LINE
8
BLACK
6
CONTINUOUS
10
2.2344271259842521
20
0.7753316929133858
11
2.234395275590551
21
0.7752547637795275
0
LINE
8
BLACK
6
CONTINUOUS
10
2.234395275590551
20
0.7752547637795275
11
2.2339053937007876
21
0.7750518503937007
0
LINE
8
BLACK
6
CONTINUOUS
10
2.2339053937007876
20
0.7750518503937007
11
2.2334384251968502
21
0.7748013385826772
0
LINE
8
BLACK
6
CONTINUOUS
10
2.2334384251968502
20
0.7748013385826772
11
2.2333587007874014
21
0.7748253543307086
0
LINE
8
BLACK
6
CONTINUOUS
10
2.2333587007874014
20
0.7748253543307086
11
2.2332817322834644
21
0.7747935039370079
0
LINE
8
BLACK
6
CONTINUOUS
10
2.2332817322834644
20
0.7747935039370079
11
2.232791692913386
21
0.7749964566929134
0
LINE
8
BLACK
6
CONTINUOUS
10
2.232791692913386
20
0.7749964566929134
11
2.232284527559055
21
0.7751495275590551
0
LINE
8
BLACK
6
CONTINUOUS
10
2.232284527559055
20
0.7751495275590551
11
2.2322451574803148
21
0.7752228346456693
0
LINE
8
BLACK
6
CONTINUOUS
10
2.2322451574803148
20
0.7752228346456693
11
2.2321681889763778
21
0.7752547637795275
0
LINE
8
BLACK
6
CONTINUOUS
10
2.2321681889763778
20
0.7752547637795275
11
2.2314115354330708
21
0.7760113779527559
0
LINE
8
BLACK
6
CONTINUOUS
10
2.2314115354330708
20
0.7760113779527559
11
2.2300978346456692
21
0.7766682677165354
0
LINE
8
BLACK
6
CONTINUOUS
10
2.2300978346456692
20
0.7766682677165354
11
2.2261544488188978
21
0.7766682677165354
0
LINE
8
BLACK
6
CONTINUOUS
10
2.2261544488188978
20
0.7766682677165354
11
2.2248407086614175
21
0.7760113779527559
0
LINE
8
BLACK
6
CONTINUOUS
10
2.2248407086614175
20
0.7760113779527559
11
2.2242648031496062
21
0.7754354724409449
0
LINE
8
BLACK
6
CONTINUOUS
10
2.2242648031496062
20
0.7754354724409449
11
2.2236079527559056
21
0.7741217322834646
0
LINE
8
BLACK
6
CONTINUOUS
10
2.2236079527559056
20
0.7741217322834646
11
2.2236079527559056
21
0.7701783858267717
0
LINE
8
BLACK
6
CONTINUOUS
10
2.2236079527559056
20
0.7701783858267717
11
2.2242648031496062
21
0.7688646456692914
0
LINE
8
BLACK
6
CONTINUOUS
10
2.2242648031496062
20
0.7688646456692914
11
2.2248407086614175
21
0.7682887401574803
0
LINE
8
BLACK
6
CONTINUOUS
10
2.2248407086614175
20
0.7682887401574803
11
2.2261544488188978
21
0.7676318897637795
0
LINE
8
BLACK
6
CONTINUOUS
10
2.2261544488188978
20
0.7676318897637795
11
2.2300978346456692
21
0.7676318897637795
0
LINE
8
BLACK
6
CONTINUOUS
10
2.2300978346456692
20
0.7676318897637795
11
2.2314115354330708
21
0.7682887401574803
0
LINE
8
BLACK
6
CONTINUOUS
10
2.2314115354330708
20
0.7682887401574803
11
2.2321681889763778
21
0.7690453937007874
0
LINE
8
BLACK
6
CONTINUOUS
10
2.2321681889763778
20
0.7690453937007874
11
2.2332817322834644
21
0.7695066535433071
0
LINE
8
BLACK
6
CONTINUOUS
10
2.2332817322834644
20
0.7695066535433071
11
2.234395275590551
21
0.7690453937007874
0
LINE
8
BLACK
6
CONTINUOUS
10
2.234395275590551
20
0.7690453937007874
11
2.2348565354330709
21
0.7679318503937008
0
LINE
8
BLACK
6
CONTINUOUS
10
2.2348565354330709
20
0.7679318503937008
11
2.234395275590551
21
0.7668183070866141
0
LINE
8
BLACK
6
CONTINUOUS
10
2.234395275590551
20
0.7668183070866141
11
2.2334579133858266
21
0.7658809448818897
0
LINE
8
BLACK
6
CONTINUOUS
10
2.2334579133858266
20
0.7658809448818897
11
2.2332184645669293
21
0.7657817322834646
0
LINE
8
BLACK
6
CONTINUOUS
10
2.2332184645669293
20
0.7657817322834646
11
2.2330486614173228
21
0.7655859448818898
0
LINE
8
BLACK
6
CONTINUOUS
10
2.2330486614173228
20
0.7655859448818898
11
2.2311738976377953
21
0.7646485433070866
0
LINE
8
BLACK
6
CONTINUOUS
10
2.2311738976377953
20
0.7646485433070866
11
2.2308082283464565
21
0.7646225590551181
0
LINE
8
BLACK
6
CONTINUOUS
10
2.2308082283464565
20
0.7646225590551181
11
2.2304696062992124
21
0.7644822834645669
0
LINE
8
BLACK
6
CONTINUOUS
10
2.2304696062992124
20
0.7644822834645669
11
2.2257826771653542
21
0.7644822834645669
0
LINE
8
BLACK
6
CONTINUOUS
10
2.2257826771653542
20
0.7644822834645669
11
2.2254440157480313
21
0.7646225590551181
0
LINE
8
BLACK
6
CONTINUOUS
10
2.2254440157480313
20
0.7646225590551181
11
2.2250783858267718
21
0.7646485433070866
0
LINE
8
BLACK
6
CONTINUOUS
10
2.2250783858267718
20
0.7646485433070866
11
2.2232036220472442
21
0.7655859448818898
0
LINE
8
BLACK
6
CONTINUOUS
10
2.2232036220472442
20
0.7655859448818898
11
2.223033779527559
21
0.7657817322834646
0
LINE
8
BLACK
6
CONTINUOUS
10
2.223033779527559
20
0.7657817322834646
11
2.22279437007874
21
0.7658809448818897
0
LINE
8
BLACK
6
CONTINUOUS
10
2.22279437007874
20
0.7658809448818897
11
2.2218570078740156
21
0.7668183070866141
0
LINE
8
BLACK
6
CONTINUOUS
10
2.2218570078740156
20
0.7668183070866141
11
2.2217577952755905
21
0.7670577165354331
0
LINE
8
BLACK
6
CONTINUOUS
10
2.2217577952755905
20
0.7670577165354331
11
2.2215620078740157
21
0.7672275590551181
0
LINE
8
BLACK
6
CONTINUOUS
10
2.2215620078740157
20
0.7672275590551181
11
2.2206246062992125
21
0.7691023228346456
0
LINE
8
BLACK
6
CONTINUOUS
10
2.2206246062992125
20
0.7691023228346456
11
2.2205986220472442
21
0.7694679527559055
0
LINE
8
BLACK
6
CONTINUOUS
10
2.2205986220472442
20
0.7694679527559055
11
2.2204583464566929
21
0.7698066141732284
0
LINE
8
BLACK
6
CONTINUOUS
10
2.2204583464566929
20
0.7698066141732284
11
2.2204583464566929
21
0.7744935433070866
0
LINE
8
BLACK
6
CONTINUOUS
10
2.2204583464566929
20
0.7744935433070866
11
2.2205986220472442
21
0.7748321653543306
0
LINE
8
BLACK
6
CONTINUOUS
10
2.2205986220472442
20
0.7748321653543306
11
2.2206246062992125
21
0.7751978346456693
0
LINE
8
BLACK
6
CONTINUOUS
10
2.2206246062992125
20
0.7751978346456693
11
2.2215620078740157
21
0.7770725984251968
0
LINE
8
BLACK
6
CONTINUOUS
10
2.2215620078740157
20
0.7770725984251968
11
2.2217577952755905
21
0.7772424015748032
0
LINE
8
BLACK
6
CONTINUOUS
10
2.2217577952755905
20
0.7772424015748032
11
2.2218570078740156
21
0.7774818503937008
0
LINE
8
BLACK
6
CONTINUOUS
10
2.2218570078740156
20
0.7774818503937008
11
2.22279437007874
21
0.7784192125984252
0
LINE
8
BLACK
6
CONTINUOUS
10
2.22279437007874
20
0.7784192125984252
11
2.223033779527559
21
0.7785183858267717
0
LINE
8
BLACK
6
CONTINUOUS
10
2.223033779527559
20
0.7785183858267717
11
2.2232036220472442
21
0.7787142125984252
0
LINE
8
BLACK
6
CONTINUOUS
10
2.2232036220472442
20
0.7787142125984252
11
2.2250783858267718
21
0.7796516141732284
0
LINE
8
BLACK
6
CONTINUOUS
10
2.2250783858267718
20
0.7796516141732284
11
2.2254440157480313
21
0.779677559055118
0
LINE
8
BLACK
6
CONTINUOUS
10
2.2254440157480313
20
0.779677559055118
11
2.2257826771653542
21
0.779817874015748
0
LINE
8
BLACK
6
CONTINUOUS
10
2.2257826771653542
20
0.779817874015748
11
2.2304696062992124
21
0.779817874015748
0
LINE
8
BLACK
6
CONTINUOUS
10
2.2304696062992124
20
0.779817874015748
11
2.2308082283464565
21
0.779677559055118
0
LINE
8
BLACK
6
CONTINUOUS
10
2.2308082283464565
20
0.779677559055118
11
2.2311738976377953
21
0.7796516141732284
0
LINE
8
BLACK
6
CONTINUOUS
10
2.2311738976377953
20
0.7796516141732284
11
2.2313811023622048
21
0.7795479921259842
0
LINE
8
BLACK
6
CONTINUOUS
10
2.2313811023622048
20
0.7795479921259842
11
2.2309192125984252
21
0.7841673228346456
0
LINE
8
BLACK
6
CONTINUOUS
10
2.2309192125984252
20
0.7841673228346456
11
2.2229705511811022
21
0.7841673228346456
0
LINE
8
BLACK
6
CONTINUOUS
10
2.2229705511811022
20
0.7841673228346456
11
2.2218570078740156
21
0.7846285826771653
0
LINE
8
BLACK
6
CONTINUOUS
10
2.2218570078740156
20
0.7846285826771653
11
2.2213957480314961
21
0.785742125984252
0
LINE
8
BLACK
6
CONTINUOUS
10
2.2213957480314961
20
0.785742125984252
11
2.2218570078740156
21
0.7868556692913385
0
LINE
8
BLACK
6
CONTINUOUS
10
2.2218570078740156
20
0.7868556692913385
11
2.2229705511811022
21
0.7873169291338582
0
LINE
8
BLACK
6
CONTINUOUS
10
2.2229705511811022
20
0.7873169291338582
11
2.23234437007874
21
0.7873169291338582
0
LINE
8
BLACK
6
CONTINUOUS
10
2.23234437007874
20
0.7873169291338582
11
2.2328341732283463
21
0.7871140157480315
0
LINE
8
BLACK
6
CONTINUOUS
10
2.2531429527559053
20
0.7868556692913385
11
2.2536042125984252
21
0.785742125984252
0
LINE
8
BLACK
6
CONTINUOUS
10
2.2536042125984252
20
0.785742125984252
11
2.2536042125984252
21
0.7660570866141733
0
LINE
8
BLACK
6
CONTINUOUS
10
2.2536042125984252
20
0.7660570866141733
11
2.2531429527559053
21
0.7649435433070866
0
LINE
8
BLACK
6
CONTINUOUS
10
2.2531429527559053
20
0.7649435433070866
11
2.2520294094488187
21
0.7644822834645669
0
LINE
8
BLACK
6
CONTINUOUS
10
2.2520294094488187
20
0.7644822834645669
11
2.2509158661417321
21
0.7649435433070866
0
LINE
8
BLACK
6
CONTINUOUS
10
2.2509158661417321
20
0.7649435433070866
11
2.2504546062992126
21
0.7660570866141733
0
LINE
8
BLACK
6
CONTINUOUS
10
2.2504546062992126
20
0.7660570866141733
11
2.2504546062992126
21
0.7738561023622047
0
LINE
8
BLACK
6
CONTINUOUS
10
2.2504546062992126
20
0.7738561023622047
11
2.248162401574803
21
0.7738561023622047
0
LINE
8
BLACK
6
CONTINUOUS
10
2.248162401574803
20
0.7738561023622047
11
2.2420709448818896
21
0.7651540157480314
0
LINE
8
BLACK
6
CONTINUOUS
10
2.2420709448818896
20
0.7651540157480314
11
2.2410544881889765
21
0.7645062598425196
0
LINE
8
BLACK
6
CONTINUOUS
10
2.2410544881889765
20
0.7645062598425196
11
2.2398777559055119
21
0.764766968503937
0
LINE
8
BLACK
6
CONTINUOUS
10
2.2398777559055119
20
0.764766968503937
11
2.2392300000000001
21
0.7657834251968504
0
LINE
8
BLACK
6
CONTINUOUS
10
2.2392300000000001
20
0.7657834251968504
11
2.2394907086614171
21
0.766960157480315
0
LINE
8
BLACK
6
CONTINUOUS
10
2.2394907086614171
20
0.766960157480315
11
2.244365590551181
21
0.7739243307086614
0
LINE
8
BLACK
6
CONTINUOUS
10
2.244365590551181
20
0.7739243307086614
11
2.2441916929133856
21
0.7739963779527559
0
LINE
8
BLACK
6
CONTINUOUS
10
2.2441916929133856
20
0.7739963779527559
11
2.2438260629921261
21
0.7740223622047244
0
LINE
8
BLACK
6
CONTINUOUS
10
2.2438260629921261
20
0.7740223622047244
11
2.2419512992125985
21
0.7749597637795276
0
LINE
8
BLACK
6
CONTINUOUS
10
2.2419512992125985
20
0.7749597637795276
11
2.2417814566929133
21
0.7751555511811024
0
LINE
8
BLACK
6
CONTINUOUS
10
2.2417814566929133
20
0.7751555511811024
11
2.2415420866141731
21
0.7752547244094488
0
LINE
8
BLACK
6
CONTINUOUS
10
2.2415420866141731
20
0.7752547244094488
11
2.2406046456692912
21
0.7761920866141732
0
LINE
8
BLACK
6
CONTINUOUS
10
2.2406046456692912
20
0.7761920866141732
11
2.2405053937007873
21
0.7764316141732284
0
LINE
8
BLACK
6
CONTINUOUS
10
2.2405053937007873
20
0.7764316141732284
11
2.2403096456692912
21
0.7766014173228346
0
LINE
8
BLACK
6
CONTINUOUS
10
2.2403096456692912
20
0.7766014173228346
11
2.2393722834645668
21
0.7784761811023622
0
LINE
8
BLACK
6
CONTINUOUS
10
2.2393722834645668
20
0.7784761811023622
11
2.2393462992125985
21
0.7788417716535433
0
LINE
8
BLACK
6
CONTINUOUS
10
2.2393462992125985
20
0.7788417716535433
11
2.2392060236220472
21
0.7791804330708662
0
LINE
8
BLACK
6
CONTINUOUS
10
2.2392060236220472
20
0.7791804330708662
11
2.2392060236220472
21
0.7819925984251969
0
LINE
8
BLACK
6
CONTINUOUS
10
2.2392060236220472
20
0.7819925984251969
11
2.2393462992125985
21
0.782331220472441
0
LINE
8
BLACK
6
CONTINUOUS
10
2.2393462992125985
20
0.782331220472441
11
2.2393722834645668
21
0.7826968503937007
0
LINE
8
BLACK
6
CONTINUOUS
10
2.2393722834645668
20
0.7826968503937007
11
2.2403096456692912
21
0.7845716141732283
0
LINE
8
BLACK
6
CONTINUOUS
10
2.2403096456692912
20
0.7845716141732283
11
2.2405053937007873
21
0.7847413779527559
0
LINE
8
BLACK
6
CONTINUOUS
10
2.2405053937007873
20
0.7847413779527559
11
2.2406046456692912
21
0.7849809448818897
0
LINE
8
BLACK
6
CONTINUOUS
10
2.2406046456692912
20
0.7849809448818897
11
2.2415420866141731
21
0.7859183070866141
0
LINE
8
BLACK
6
CONTINUOUS
10
2.2415420866141731
20
0.7859183070866141
11
2.2417814566929133
21
0.7860174409448819
0
LINE
8
BLACK
6
CONTINUOUS
10
2.2417814566929133
20
0.7860174409448819
11
2.2419512992125985
21
0.7862132677165354
0
LINE
8
BLACK
6
CONTINUOUS
10
2.2419512992125985
20
0.7862132677165354
11
2.2438260629921261
21
0.7871506692913386
0
LINE
8
BLACK
6
CONTINUOUS
10
2.2438260629921261
20
0.7871506692913386
11
2.2441916929133856
21
0.7871766141732284
0
LINE
8
BLACK
6
CONTINUOUS
10
2.2441916929133856
20
0.7871766141732284
11
2.2445303543307085
21
0.7873169291338582
0
LINE
8
BLACK
6
CONTINUOUS
10
2.2445303543307085
20
0.7873169291338582
11
2.2520294094488187
21
0.7873169291338582
0
LINE
8
BLACK
6
CONTINUOUS
10
2.2520294094488187
20
0.7873169291338582
11
2.2531429527559053
21
0.7868556692913385
0
LINE
8
BLACK
6
CONTINUOUS
10
2.2435884251968505
20
0.7835104330708661
11
2.243012401574803
21
0.7829344488188976
0
LINE
8
BLACK
6
CONTINUOUS
10
2.243012401574803
20
0.7829344488188976
11
2.2423556299212599
21
0.7816208661417323
0
LINE
8
BLACK
6
CONTINUOUS
10
2.2423556299212599
20
0.7816208661417323
11
2.2423556299212599
21
0.7795521653543307
0
LINE
8
BLACK
6
CONTINUOUS
10
2.2423556299212599
20
0.7795521653543307
11
2.243012401574803
21
0.7782385433070866
0
LINE
8
BLACK
6
CONTINUOUS
10
2.243012401574803
20
0.7782385433070866
11
2.2435884251968505
21
0.7776625590551181
0
LINE
8
BLACK
6
CONTINUOUS
10
2.2435884251968505
20
0.7776625590551181
11
2.2449021259842521
21
0.7770057086614173
0
LINE
8
BLACK
6
CONTINUOUS
10
2.2449021259842521
20
0.7770057086614173
11
2.2504546062992126
21
0.7770057086614173
0
LINE
8
BLACK
6
CONTINUOUS
10
2.2504546062992126
20
0.7770057086614173
11
2.2504546062992126
21
0.7841673228346456
0
LINE
8
BLACK
6
CONTINUOUS
10
2.2504546062992126
20
0.7841673228346456
11
2.2449021259842521
21
0.7841673228346456
0
LINE
8
BLACK
6
CONTINUOUS
10
2.2449021259842521
20
0.7841673228346456
11
2.2435884251968505
21
0.7835104330708661
0
LINE
8
BLACK
6
CONTINUOUS
10
2.2768700787401572
20
0.8005905511811023
11
2.2782620078740159
21
0.8000139763779527
0
LINE
8
BLACK
6
CONTINUOUS
10
2.2782620078740159
20
0.8000139763779527
11
2.2788385826771651
21
0.7986220472440945
0
LINE
8
BLACK
6
CONTINUOUS
10
2.2788385826771651
20
0.7986220472440945
11
2.2788385826771651
21
0.7513779527559055
0
LINE
8
BLACK
6
CONTINUOUS
10
2.2788385826771651
20
0.7513779527559055
11
2.2782620078740159
21
0.7499860236220472
0
LINE
8
BLACK
6
CONTINUOUS
10
2.2782620078740159
20
0.7499860236220472
11
2.2768700787401572
21
0.7494094488188976
0
LINE
8
BLACK
6
CONTINUOUS
10
2.2768700787401572
20
0.7494094488188976
11
2.1981299212598424
21
0.7494094488188976
0
LINE
8
BLACK
6
CONTINUOUS
10
2.1981299212598424
20
0.7494094488188976
11
2.1967379921259842
21
0.7499860236220472
0
LINE
8
BLACK
6
CONTINUOUS
10
2.1967379921259842
20
0.7499860236220472
11
2.1961614173228345
21
0.7513779527559055
0
LINE
8
BLACK
6
CONTINUOUS
10
2.1961614173228345
20
0.7513779527559055
11
2.1961614173228345
21
0.7986220472440945
0
LINE
8
BLACK
6
CONTINUOUS
10
2.1961614173228345
20
0.7986220472440945
11
2.1967379921259842
21
0.8000139763779527
0
LINE
8
BLACK
6
CONTINUOUS
10
2.1967379921259842
20
0.8000139763779527
11
2.1981299212598424
21
0.8005905511811023
0
LINE
8
BLACK
6
CONTINUOUS
10
2.1981299212598424
20
0.8005905511811023
11
2.2768700787401572
21
0.8005905511811023
0
LINE
8
BLACK
6
CONTINUOUS
10
2.2000984251968503
20
0.7966535433070866
11
2.2000984251968503
21
0.7533464566929133
0
LINE
8
BLACK
6
CONTINUOUS
10
2.2000984251968503
20
0.7533464566929133
11
2.2749015748031494
21
0.7533464566929133
0
LINE
8
BLACK
6
CONTINUOUS
10
2.2749015748031494
20
0.7533464566929133
11
2.2749015748031494
21
0.7966535433070866
0
LINE
8
BLACK
6
CONTINUOUS
10
2.2749015748031494
20
0.7966535433070866
11
2.2000984251968503
21
0.7966535433070866
0
LINE
8
BLACK
6
CONTINUOUS
10
1.7777198031496062
20
0.7972162204724409
11
1.7780854724409449
21
0.7971902755905511
0
LINE
8
BLACK
6
CONTINUOUS
10
1.7780854724409449
20
0.7971902755905511
11
1.7782553149606299
21
0.7969944094488188
0
LINE
8
BLACK
6
CONTINUOUS
10
1.7782553149606299
20
0.7969944094488188
11
1.7784947244094487
21
0.7968952755905512
0
LINE
8
BLACK
6
CONTINUOUS
10
1.7784947244094487
20
0.7968952755905512
11
1.7786349606299212
21
0.7965566929133858
0
LINE
8
BLACK
6
CONTINUOUS
10
1.7786349606299212
20
0.7965566929133858
11
1.7788751968503937
21
0.7962797244094488
0
LINE
8
BLACK
6
CONTINUOUS
10
1.7788751968503937
20
0.7962797244094488
11
1.778856811023622
21
0.7960211417322834
0
LINE
8
BLACK
6
CONTINUOUS
10
1.778856811023622
20
0.7960211417322834
11
1.7789559842519684
21
0.7957817322834645
0
LINE
8
BLACK
6
CONTINUOUS
10
1.7789559842519684
20
0.7957817322834645
11
1.7789559842519684
21
0.7879827165354331
0
LINE
8
BLACK
6
CONTINUOUS
10
1.7789559842519684
20
0.7879827165354331
11
1.7839428740157479
21
0.7879827165354331
0
LINE
8
BLACK
6
CONTINUOUS
10
1.7839428740157479
20
0.7879827165354331
11
1.7850564173228347
21
0.7875214566929134
0
LINE
8
BLACK
6
CONTINUOUS
10
1.7850564173228347
20
0.7875214566929134
11
1.7855176771653543
21
0.7864079133858267
0
LINE
8
BLACK
6
CONTINUOUS
10
1.7855176771653543
20
0.7864079133858267
11
1.7850564173228347
21
0.7852943700787401
0
LINE
8
BLACK
6
CONTINUOUS
10
1.7850564173228347
20
0.7852943700787401
11
1.7839428740157479
21
0.7848331102362205
0
LINE
8
BLACK
6
CONTINUOUS
10
1.7839428740157479
20
0.7848331102362205
11
1.7789559842519684
21
0.7848331102362205
0
LINE
8
BLACK
6
CONTINUOUS
10
1.7789559842519684
20
0.7848331102362205
11
1.7789559842519684
21
0.7835957874015748
0
LINE
8
BLACK
6
CONTINUOUS
10
1.7789559842519684
20
0.7835957874015748
11
1.7784947244094487
21
0.7824822440944882
0
LINE
8
BLACK
6
CONTINUOUS
10
1.7784947244094487
20
0.7824822440944882
11
1.7773811811023621
21
0.7820209842519685
0
LINE
8
BLACK
6
CONTINUOUS
10
1.7773811811023621
20
0.7820209842519685
11
1.7762676377952755
21
0.7824822440944882
0
LINE
8
BLACK
6
CONTINUOUS
10
1.7762676377952755
20
0.7824822440944882
11
1.7758063779527558
21
0.7835957874015748
0
LINE
8
BLACK
6
CONTINUOUS
10
1.7758063779527558
20
0.7835957874015748
11
1.7758063779527558
21
0.7848331102362205
0
LINE
8
BLACK
6
CONTINUOUS
10
1.7758063779527558
20
0.7848331102362205
11
1.770819527559055
21
0.7848331102362205
0
LINE
8
BLACK
6
CONTINUOUS
10
1.770819527559055
20
0.7848331102362205
11
1.7697059842519685
21
0.7852943700787401
0
LINE
8
BLACK
6
CONTINUOUS
10
1.7697059842519685
20
0.7852943700787401
11
1.7692447244094487
21
0.7864079133858267
0
LINE
8
BLACK
6
CONTINUOUS
10
1.7692447244094487
20
0.7864079133858267
11
1.7697059842519685
21
0.7875214566929134
0
LINE
8
BLACK
6
CONTINUOUS
10
1.7697059842519685
20
0.7875214566929134
11
1.770819527559055
21
0.7879827165354331
0
LINE
8
BLACK
6
CONTINUOUS
10
1.770819527559055
20
0.7879827165354331
11
1.7758063779527558
21
0.7879827165354331
0
LINE
8
BLACK
6
CONTINUOUS
10
1.7758063779527558
20
0.7879827165354331
11
1.7758063779527558
21
0.793596811023622
0
LINE
8
BLACK
6
CONTINUOUS
10
1.7758063779527558
20
0.793596811023622
11
1.763818464566929
21
0.7896008661417323
0
LINE
8
BLACK
6
CONTINUOUS
10
1.763818464566929
20
0.7896008661417323
11
1.7626162204724409
21
0.7896862992125984
0
LINE
8
BLACK
6
CONTINUOUS
10
1.7626162204724409
20
0.7896862992125984
11
1.7618264960629921
21
0.7905968503937008
0
LINE
8
BLACK
6
CONTINUOUS
10
1.7618264960629921
20
0.7905968503937008
11
1.7619119291338583
21
0.791799094488189
0
LINE
8
BLACK
6
CONTINUOUS
10
1.7619119291338583
20
0.791799094488189
11
1.7628224803149606
21
0.7925888188976378
0
LINE
8
BLACK
6
CONTINUOUS
10
1.7628224803149606
20
0.7925888188976378
11
1.7768831889763779
21
0.7972757086614173
0
LINE
8
BLACK
6
CONTINUOUS
10
1.7768831889763779
20
0.7972757086614173
11
1.7771416929133859
21
0.7972573228346457
0
LINE
8
BLACK
6
CONTINUOUS
10
1.7771416929133859
20
0.7972573228346457
11
1.7773811811023621
21
0.7973565354330708
0
LINE
8
BLACK
6
CONTINUOUS
10
1.7773811811023621
20
0.7973565354330708
11
1.7777198031496062
21
0.7972162204724409
0
LINE
8
BLACK
6
CONTINUOUS
10
1.7756908267716536
20
0.816965157480315
11
1.7758883464566928
21
0.8169945669291339
0
LINE
8
BLACK
6
CONTINUOUS
10
1.7758883464566928
20
0.8169945669291339
11
1.7796378740157479
21
0.8160572047244095
0
LINE
8
BLACK
6
CONTINUOUS
10
1.7796378740157479
20
0.8160572047244095
11
1.7797816929133858
21
0.8159506299212598
0
LINE
8
BLACK
6
CONTINUOUS
10
1.7797816929133858
20
0.8159506299212598
11
1.7799602362204725
21
0.8159379527559055
0
LINE
8
BLACK
6
CONTINUOUS
10
1.7799602362204725
20
0.8159379527559055
11
1.7818350000000001
21
0.8150005511811024
0
LINE
8
BLACK
6
CONTINUOUS
10
1.7818350000000001
20
0.8150005511811024
11
1.7820047637795275
21
0.8148047637795275
0
LINE
8
BLACK
6
CONTINUOUS
10
1.7820047637795275
20
0.8148047637795275
11
1.782244251968504
21
0.8147055905511811
0
LINE
8
BLACK
6
CONTINUOUS
10
1.782244251968504
20
0.8147055905511811
11
1.7841190551181101
21
0.8128308267716535
0
LINE
8
BLACK
6
CONTINUOUS
10
1.7841190551181101
20
0.8128308267716535
11
1.7842593307086614
21
0.8124920866141732
0
LINE
8
BLACK
6
CONTINUOUS
10
1.7842593307086614
20
0.8124920866141732
11
1.7844994881889764
21
0.8122152362204724
0
LINE
8
BLACK
6
CONTINUOUS
10
1.7844994881889764
20
0.8122152362204724
11
1.7854368897637796
21
0.8094031102362205
0
LINE
8
BLACK
6
CONTINUOUS
10
1.7854368897637796
20
0.8094031102362205
11
1.7854185039370079
21
0.8091445275590551
0
LINE
8
BLACK
6
CONTINUOUS
10
1.7854185039370079
20
0.8091445275590551
11
1.7855176771653543
21
0.8089051181102362
0
LINE
8
BLACK
6
CONTINUOUS
10
1.7855176771653543
20
0.8089051181102362
11
1.7855176771653543
21
0.8070303543307087
0
LINE
8
BLACK
6
CONTINUOUS
10
1.7855176771653543
20
0.8070303543307087
11
1.7854185039370079
21
0.8067909448818897
0
LINE
8
BLACK
6
CONTINUOUS
10
1.7854185039370079
20
0.8067909448818897
11
1.7854368897637796
21
0.8065324015748031
0
LINE
8
BLACK
6
CONTINUOUS
10
1.7854368897637796
20
0.8065324015748031
11
1.7844994881889764
21
0.8037201968503936
0
LINE
8
BLACK
6
CONTINUOUS
10
1.7844994881889764
20
0.8037201968503936
11
1.7842593307086614
21
0.8034433070866142
0
LINE
8
BLACK
6
CONTINUOUS
10
1.7842593307086614
20
0.8034433070866142
11
1.7841190551181101
21
0.8031046062992125
0
LINE
8
BLACK
6
CONTINUOUS
10
1.7841190551181101
20
0.8031046062992125
11
1.7831816535433072
21
0.8021672440944881
0
LINE
8
BLACK
6
CONTINUOUS
10
1.7831816535433072
20
0.8021672440944881
11
1.7820680708661416
21
0.8017060236220472
0
LINE
8
BLACK
6
CONTINUOUS
10
1.7820680708661416
20
0.8017060236220472
11
1.780954527559055
21
0.8021672834645669
0
LINE
8
BLACK
6
CONTINUOUS
10
1.780954527559055
20
0.8021672834645669
11
1.7804933070866142
21
0.8032808661417322
0
LINE
8
BLACK
6
CONTINUOUS
10
1.7804933070866142
20
0.8032808661417322
11
1.7809545669291338
21
0.8043944094488189
0
LINE
8
BLACK
6
CONTINUOUS
10
1.7809545669291338
20
0.8043944094488189
11
1.781629094488189
21
0.8050688582677166
0
LINE
8
BLACK
6
CONTINUOUS
10
1.781629094488189
20
0.8050688582677166
11
1.7823680708661418
21
0.8072858267716535
0
LINE
8
BLACK
6
CONTINUOUS
10
1.7823680708661418
20
0.8072858267716535
11
1.7823680708661418
21
0.8086496062992126
0
LINE
8
BLACK
6
CONTINUOUS
10
1.7823680708661418
20
0.8086496062992126
11
1.781629094488189
21
0.8108665354330709
0
LINE
8
BLACK
6
CONTINUOUS
10
1.781629094488189
20
0.8108665354330709
11
1.7801978346456693
21
0.812297716535433
0
LINE
8
BLACK
6
CONTINUOUS
10
1.7801978346456693
20
0.812297716535433
11
1.7787062598425196
21
0.8130435039370079
0
LINE
8
BLACK
6
CONTINUOUS
10
1.7787062598425196
20
0.8130435039370079
11
1.7753125196850392
21
0.813891968503937
0
LINE
8
BLACK
6
CONTINUOUS
10
1.7753125196850392
20
0.813891968503937
11
1.7728881889763779
21
0.813891968503937
0
LINE
8
BLACK
6
CONTINUOUS
10
1.7728881889763779
20
0.813891968503937
11
1.7694944094488188
21
0.8130435039370079
0
LINE
8
BLACK
6
CONTINUOUS
10
1.7694944094488188
20
0.8130435039370079
11
1.7680028346456693
21
0.8122977559055118
0
LINE
8
BLACK
6
CONTINUOUS
10
1.7680028346456693
20
0.8122977559055118
11
1.7665716141732284
21
0.8108665354330709
0
LINE
8
BLACK
6
CONTINUOUS
10
1.7665716141732284
20
0.8108665354330709
11
1.7658326377952756
21
0.8086495669291338
0
LINE
8
BLACK
6
CONTINUOUS
10
1.7658326377952756
20
0.8086495669291338
11
1.7658326377952756
21
0.8072858661417323
0
LINE
8
BLACK
6
CONTINUOUS
10
1.7658326377952756
20
0.8072858661417323
11
1.7665716141732284
21
0.8050688582677166
0
LINE
8
BLACK
6
CONTINUOUS
10
1.7665716141732284
20
0.8050688582677166
11
1.7672461417322833
21
0.8043943700787402
0
LINE
8
BLACK
6
CONTINUOUS
10
1.7672461417322833
20
0.8043943700787402
11
1.7677074015748031
21
0.8032808267716536
0
LINE
8
BLACK
6
CONTINUOUS
10
1.7677074015748031
20
0.8032808267716536
11
1.7672461417322833
21
0.8021672834645669
0
LINE
8
BLACK
6
CONTINUOUS
10
1.7672461417322833
20
0.8021672834645669
11
1.7661325984251968
21
0.8017060236220472
0
LINE
8
BLACK
6
CONTINUOUS
10
1.7661325984251968
20
0.8017060236220472
11
1.7650190551181102
21
0.8021672834645669
0
LINE
8
BLACK
6
CONTINUOUS
10
1.7650190551181102
20
0.8021672834645669
11
1.7640816929133858
21
0.8031046456692913
0
LINE
8
BLACK
6
CONTINUOUS
10
1.7640816929133858
20
0.8031046456692913
11
1.763941377952756
21
0.8034432677165354
0
LINE
8
BLACK
6
CONTINUOUS
10
1.763941377952756
20
0.8034432677165354
11
1.7637012598425197
21
0.8037201968503936
0
LINE
8
BLACK
6
CONTINUOUS
10
1.7637012598425197
20
0.8037201968503936
11
1.7627638582677165
21
0.8065323622047244
0
LINE
8
BLACK
6
CONTINUOUS
10
1.7627638582677165
20
0.8065323622047244
11
1.7627822047244095
21
0.8067908661417322
0
LINE
8
BLACK
6
CONTINUOUS
10
1.7627822047244095
20
0.8067908661417322
11
1.7626830314960629
21
0.8070303543307087
0
LINE
8
BLACK
6
CONTINUOUS
10
1.7626830314960629
20
0.8070303543307087
11
1.7626830314960629
21
0.8089051181102362
0
LINE
8
BLACK
6
CONTINUOUS
10
1.7626830314960629
20
0.8089051181102362
11
1.7627822047244095
21
0.8091445669291338
0
LINE
8
BLACK
6
CONTINUOUS
10
1.7627822047244095
20
0.8091445669291338
11
1.7627638582677165
21
0.8094031102362205
0
LINE
8
BLACK
6
CONTINUOUS
10
1.7627638582677165
20
0.8094031102362205
11
1.7637012598425197
21
0.8122152362204724
0
LINE
8
BLACK
6
CONTINUOUS
10
1.7637012598425197
20
0.8122152362204724
11
1.763941377952756
21
0.8124921259842519
0
LINE
8
BLACK
6
CONTINUOUS
10
1.763941377952756
20
0.8124921259842519
11
1.7640816929133858
21
0.8128307874015748
0
LINE
8
BLACK
6
CONTINUOUS
10
1.7640816929133858
20
0.8128307874015748
11
1.7659564173228346
21
0.8147055511811023
0
LINE
8
BLACK
6
CONTINUOUS
10
1.7659564173228346
20
0.8147055511811023
11
1.7661958661417323
21
0.8148047244094488
0
LINE
8
BLACK
6
CONTINUOUS
10
1.7661958661417323
20
0.8148047244094488
11
1.7663657086614173
21
0.8150005511811024
0
LINE
8
BLACK
6
CONTINUOUS
10
1.7663657086614173
20
0.8150005511811024
11
1.7682404724409448
21
0.8159379527559055
0
LINE
8
BLACK
6
CONTINUOUS
10
1.7682404724409448
20
0.8159379527559055
11
1.7684189763779528
21
0.8159506299212598
0
LINE
8
BLACK
6
CONTINUOUS
10
1.7684189763779528
20
0.8159506299212598
11
1.7685628346456692
21
0.8160572047244095
0
LINE
8
BLACK
6
CONTINUOUS
10
1.7685628346456692
20
0.8160572047244095
11
1.7723123622047243
21
0.8169945669291339
0
LINE
8
BLACK
6
CONTINUOUS
10
1.7723123622047243
20
0.8169945669291339
11
1.772509842519685
21
0.816965157480315
0
LINE
8
BLACK
6
CONTINUOUS
10
1.772509842519685
20
0.816965157480315
11
1.7726942913385826
21
0.8170415748031495
0
LINE
8
BLACK
6
CONTINUOUS
10
1.7726942913385826
20
0.8170415748031495
11
1.7755064173228345
21
0.8170415748031495
0
LINE
8
BLACK
6
CONTINUOUS
10
1.7755064173228345
20
0.8170415748031495
11
1.7756908267716536
21
0.816965157480315
0
LINE
8
BLACK
6
CONTINUOUS
10
1.7986220472440944
20
0.8413385826771653
11
1.8000139763779528
21
0.8407620078740158
0
LINE
8
BLACK
6
CONTINUOUS
10
1.8000139763779528
20
0.8407620078740158
11
1.8005905511811022
21
0.8393700787401575
0
LINE
8
BLACK
6
CONTINUOUS
10
1.8005905511811022
20
0.8393700787401575
11
1.8005905511811022
21
0.7606299212598425
0
LINE
8
BLACK
6
CONTINUOUS
10
1.8005905511811022
20
0.7606299212598425
11
1.8000139763779528
21
0.7592379921259842
0
LINE
8
BLACK
6
CONTINUOUS
10
1.8000139763779528
20
0.7592379921259842
11
1.7986220472440944
21
0.7586614173228347
0
LINE
8
BLACK
6
CONTINUOUS
10
1.7986220472440944
20
0.7586614173228347
11
1.7513779527559055
21
0.7586614173228347
0
LINE
8
BLACK
6
CONTINUOUS
10
1.7513779527559055
20
0.7586614173228347
11
1.7499860236220472
21
0.7592379921259842
0
LINE
8
BLACK
6
CONTINUOUS
10
1.7499860236220472
20
0.7592379921259842
11
1.7494094488188976
21
0.7606299212598425
0
LINE
8
BLACK
6
CONTINUOUS
10
1.7494094488188976
20
0.7606299212598425
11
1.7494094488188976
21
0.8393700787401575
0
LINE
8
BLACK
6
CONTINUOUS
10
1.7494094488188976
20
0.8393700787401575
11
1.7499860236220472
21
0.8407620078740158
0
LINE
8
BLACK
6
CONTINUOUS
10
1.7499860236220472
20
0.8407620078740158
11
1.7513779527559055
21
0.8413385826771653
0
LINE
8
BLACK
6
CONTINUOUS
10
1.7513779527559055
20
0.8413385826771653
11
1.7986220472440944
21
0.8413385826771653
0
LINE
8
BLACK
6
CONTINUOUS
10
1.7533464566929133
20
0.8374015748031496
11
1.7533464566929133
21
0.7625984251968504
0
LINE
8
BLACK
6
CONTINUOUS
10
1.7533464566929133
20
0.7625984251968504
11
1.7966535433070865
21
0.7625984251968504
0
LINE
8
BLACK
6
CONTINUOUS
10
1.7966535433070865
20
0.7625984251968504
11
1.7966535433070865
21
0.8374015748031496
0
LINE
8
BLACK
6
CONTINUOUS
10
1.7966535433070865
20
0.8374015748031496
11
1.7533464566929133
21
0.8374015748031496
0
LINE
8
BLACK
6
CONTINUOUS
10
1.6831816535433071
20
0.8093953149606299
11
1.6841190551181102
21
0.8084579527559055
0
LINE
8
BLACK
6
CONTINUOUS
10
1.6841190551181102
20
0.8084579527559055
11
1.6842182677165354
21
0.8082183858267716
0
LINE
8
BLACK
6
CONTINUOUS
10
1.6842182677165354
20
0.8082183858267716
11
1.6844140551181102
21
0.808048622047244
0
LINE
8
BLACK
6
CONTINUOUS
10
1.6844140551181102
20
0.808048622047244
11
1.6853514173228346
21
0.8061738976377952
0
LINE
8
BLACK
6
CONTINUOUS
10
1.6853514173228346
20
0.8061738976377952
11
1.6853773622047243
21
0.8058082283464567
0
LINE
8
BLACK
6
CONTINUOUS
10
1.6853773622047243
20
0.8058082283464567
11
1.6855176771653544
21
0.8054696062992126
0
LINE
8
BLACK
6
CONTINUOUS
10
1.6855176771653544
20
0.8054696062992126
11
1.6855176771653544
21
0.8007826771653543
0
LINE
8
BLACK
6
CONTINUOUS
10
1.6855176771653544
20
0.8007826771653543
11
1.6853773622047243
21
0.8004440157480315
0
LINE
8
BLACK
6
CONTINUOUS
10
1.6853773622047243
20
0.8004440157480315
11
1.6853514173228346
21
0.8000783858267716
0
LINE
8
BLACK
6
CONTINUOUS
10
1.6853514173228346
20
0.8000783858267716
11
1.6844140551181102
21
0.7982036614173228
0
LINE
8
BLACK
6
CONTINUOUS
10
1.6844140551181102
20
0.7982036614173228
11
1.6842182677165354
21
0.7980338582677166
0
LINE
8
BLACK
6
CONTINUOUS
10
1.6842182677165354
20
0.7980338582677166
11
1.6841190551181102
21
0.7977943307086613
0
LINE
8
BLACK
6
CONTINUOUS
10
1.6841190551181102
20
0.7977943307086613
11
1.6831816535433071
21
0.7968569685039369
0
LINE
8
BLACK
6
CONTINUOUS
10
1.6831816535433071
20
0.7968569685039369
11
1.6829421653543306
21
0.7967577559055118
0
LINE
8
BLACK
6
CONTINUOUS
10
1.6829421653543306
20
0.7967577559055118
11
1.6827724015748031
21
0.7965620078740158
0
LINE
8
BLACK
6
CONTINUOUS
10
1.6827724015748031
20
0.7965620078740158
11
1.6808976377952756
21
0.7956246062992126
0
LINE
8
BLACK
6
CONTINUOUS
10
1.6808976377952756
20
0.7956246062992126
11
1.680531968503937
21
0.7955986220472441
0
LINE
8
BLACK
6
CONTINUOUS
10
1.680531968503937
20
0.7955986220472441
11
1.6801933464566929
21
0.7954583464566929
0
LINE
8
BLACK
6
CONTINUOUS
10
1.6801933464566929
20
0.7954583464566929
11
1.6755064173228347
21
0.7954583464566929
0
LINE
8
BLACK
6
CONTINUOUS
10
1.6755064173228347
20
0.7954583464566929
11
1.6751677559055118
21
0.7955986220472441
0
LINE
8
BLACK
6
CONTINUOUS
10
1.6751677559055118
20
0.7955986220472441
11
1.6748021259842518
21
0.7956246062992126
0
LINE
8
BLACK
6
CONTINUOUS
10
1.6748021259842518
20
0.7956246062992126
11
1.6729273622047243
21
0.7965620078740158
0
LINE
8
BLACK
6
CONTINUOUS
10
1.6729273622047243
20
0.7965620078740158
11
1.6727575196850393
21
0.7967577952755905
0
LINE
8
BLACK
6
CONTINUOUS
10
1.6727575196850393
20
0.7967577952755905
11
1.6725181102362203
21
0.7968570078740157
0
LINE
8
BLACK
6
CONTINUOUS
10
1.6725181102362203
20
0.7968570078740157
11
1.6715807480314959
21
0.7977943700787401
0
LINE
8
BLACK
6
CONTINUOUS
10
1.6715807480314959
20
0.7977943700787401
11
1.6714815354330708
21
0.7980337795275591
0
LINE
8
BLACK
6
CONTINUOUS
10
1.6714815354330708
20
0.7980337795275591
11
1.671285748031496
21
0.798203622047244
0
LINE
8
BLACK
6
CONTINUOUS
10
1.671285748031496
20
0.798203622047244
11
1.6703483464566928
21
0.8000783858267716
0
LINE
8
BLACK
6
CONTINUOUS
10
1.6703483464566928
20
0.8000783858267716
11
1.6703223622047243
21
0.8004440157480315
0
LINE
8
BLACK
6
CONTINUOUS
10
1.6703223622047243
20
0.8004440157480315
11
1.6701820866141732
21
0.8007826771653543
0
LINE
8
BLACK
6
CONTINUOUS
10
1.6701820866141732
20
0.8007826771653543
11
1.6701820866141732
21
0.8054696062992126
0
LINE
8
BLACK
6
CONTINUOUS
10
1.6701820866141732
20
0.8054696062992126
11
1.6703223622047243
21
0.8058082283464567
0
LINE
8
BLACK
6
CONTINUOUS
10
1.6703223622047243
20
0.8058082283464567
11
1.6703483464566928
21
0.8061738976377952
0
LINE
8
BLACK
6
CONTINUOUS
10
1.6703483464566928
20
0.8061738976377952
11
1.6704519291338582
21
0.8063811023622047
0
LINE
8
BLACK
6
CONTINUOUS
10
1.6704519291338582
20
0.8063811023622047
11
1.6658326377952755
21
0.8059191732283464
0
LINE
8
BLACK
6
CONTINUOUS
10
1.6658326377952755
20
0.8059191732283464
11
1.6658326377952755
21
0.7979705511811024
0
LINE
8
BLACK
6
CONTINUOUS
10
1.6658326377952755
20
0.7979705511811024
11
1.6653713779527559
21
0.7968570078740157
0
LINE
8
BLACK
6
CONTINUOUS
10
1.6653713779527559
20
0.7968570078740157
11
1.6642578346456693
21
0.796395748031496
0
LINE
8
BLACK
6
CONTINUOUS
10
1.6642578346456693
20
0.796395748031496
11
1.6631442913385825
21
0.7968570078740157
0
LINE
8
BLACK
6
CONTINUOUS
10
1.6631442913385825
20
0.7968570078740157
11
1.662683031496063
21
0.7979705511811024
0
LINE
8
BLACK
6
CONTINUOUS
10
1.662683031496063
20
0.7979705511811024
11
1.662683031496063
21
0.8073443700787402
0
LINE
8
BLACK
6
CONTINUOUS
10
1.662683031496063
20
0.8073443700787402
11
1.662885905511811
21
0.8078341732283464
0
LINE
8
BLACK
6
CONTINUOUS
10
1.662885905511811
20
0.8078341732283464
11
1.6630390157480315
21
0.8083415748031496
0
LINE
8
BLACK
6
CONTINUOUS
10
1.6630390157480315
20
0.8083415748031496
11
1.6631124015748031
21
0.8083809448818897
0
LINE
8
BLACK
6
CONTINUOUS
10
1.6631124015748031
20
0.8083809448818897
11
1.6631442913385825
21
0.8084579133858267
0
LINE
8
BLACK
6
CONTINUOUS
10
1.6631442913385825
20
0.8084579133858267
11
1.6636341338582676
21
0.8086607874015748
0
LINE
8
BLACK
6
CONTINUOUS
10
1.6636341338582676
20
0.8086607874015748
11
1.6641011417322835
21
0.8089113385826772
0
LINE
8
BLACK
6
CONTINUOUS
10
1.6641011417322835
20
0.8089113385826772
11
1.6734749212598425
21
0.8098487007874016
0
LINE
8
BLACK
6
CONTINUOUS
10
1.6734749212598425
20
0.8098487007874016
11
1.6735546456692914
21
0.8098246062992126
0
LINE
8
BLACK
6
CONTINUOUS
10
1.6735546456692914
20
0.8098246062992126
11
1.6736316535433071
21
0.8098565354330709
0
LINE
8
BLACK
6
CONTINUOUS
10
1.6736316535433071
20
0.8098565354330709
11
1.674121496062992
21
0.8096535826771654
0
LINE
8
BLACK
6
CONTINUOUS
10
1.674121496062992
20
0.8096535826771654
11
1.6746288582677165
21
0.8095005511811023
0
LINE
8
BLACK
6
CONTINUOUS
10
1.6746288582677165
20
0.8095005511811023
11
1.6746682283464567
21
0.8094271259842519
0
LINE
8
BLACK
6
CONTINUOUS
10
1.6746682283464567
20
0.8094271259842519
11
1.6747451968503937
21
0.8093952755905511
0
LINE
8
BLACK
6
CONTINUOUS
10
1.6747451968503937
20
0.8093952755905511
11
1.6749480708661417
21
0.8089053937007874
0
LINE
8
BLACK
6
CONTINUOUS
10
1.6749480708661417
20
0.8089053937007874
11
1.6751986220472441
21
0.8084384251968504
0
LINE
8
BLACK
6
CONTINUOUS
10
1.6751986220472441
20
0.8084384251968504
11
1.6751745669291338
21
0.8083587007874016
0
LINE
8
BLACK
6
CONTINUOUS
10
1.6751745669291338
20
0.8083587007874016
11
1.6752064566929132
21
0.8082817322834646
0
LINE
8
BLACK
6
CONTINUOUS
10
1.6752064566929132
20
0.8082817322834646
11
1.6750034645669292
21
0.8077916929133858
0
LINE
8
BLACK
6
CONTINUOUS
10
1.6750034645669292
20
0.8077916929133858
11
1.674850433070866
21
0.8072845275590551
0
LINE
8
BLACK
6
CONTINUOUS
10
1.674850433070866
20
0.8072845275590551
11
1.6747770866141731
21
0.8072451574803149
0
LINE
8
BLACK
6
CONTINUOUS
10
1.6747770866141731
20
0.8072451574803149
11
1.6747451968503937
21
0.807168188976378
0
LINE
8
BLACK
6
CONTINUOUS
10
1.6747451968503937
20
0.807168188976378
11
1.6739885433070867
21
0.8064115354330709
0
LINE
8
BLACK
6
CONTINUOUS
10
1.6739885433070867
20
0.8064115354330709
11
1.6733316929133857
21
0.8050977952755906
0
LINE
8
BLACK
6
CONTINUOUS
10
1.6733316929133857
20
0.8050977952755906
11
1.6733316929133857
21
0.8011544488188976
0
LINE
8
BLACK
6
CONTINUOUS
10
1.6733316929133857
20
0.8011544488188976
11
1.6739885433070867
21
0.7998407086614173
0
LINE
8
BLACK
6
CONTINUOUS
10
1.6739885433070867
20
0.7998407086614173
11
1.6745644488188975
21
0.7992648031496062
0
LINE
8
BLACK
6
CONTINUOUS
10
1.6745644488188975
20
0.7992648031496062
11
1.6758781889763779
21
0.7986079527559055
0
LINE
8
BLACK
6
CONTINUOUS
10
1.6758781889763779
20
0.7986079527559055
11
1.6798215748031495
21
0.7986079527559055
0
LINE
8
BLACK
6
CONTINUOUS
10
1.6798215748031495
20
0.7986079527559055
11
1.6811352362204723
21
0.7992648031496062
0
LINE
8
BLACK
6
CONTINUOUS
10
1.6811352362204723
20
0.7992648031496062
11
1.6817112598425197
21
0.7998407480314961
0
LINE
8
BLACK
6
CONTINUOUS
10
1.6817112598425197
20
0.7998407480314961
11
1.6823680708661417
21
0.8011543700787401
0
LINE
8
BLACK
6
CONTINUOUS
10
1.6823680708661417
20
0.8011543700787401
11
1.6823680708661417
21
0.8050978740157481
0
LINE
8
BLACK
6
CONTINUOUS
10
1.6823680708661417
20
0.8050978740157481
11
1.6817112598425197
21
0.8064114960629921
0
LINE
8
BLACK
6
CONTINUOUS
10
1.6817112598425197
20
0.8064114960629921
11
1.6809545669291339
21
0.8071681496062992
0
LINE
8
BLACK
6
CONTINUOUS
10
1.6809545669291339
20
0.8071681496062992
11
1.6804933070866142
21
0.8082816929133858
0
LINE
8
BLACK
6
CONTINUOUS
10
1.6804933070866142
20
0.8082816929133858
11
1.6809545275590552
21
0.8093952755905511
0
LINE
8
BLACK
6
CONTINUOUS
10
1.6809545275590552
20
0.8093952755905511
11
1.6820680708661417
21
0.8098565354330709
0
LINE
8
BLACK
6
CONTINUOUS
10
1.6820680708661417
20
0.8098565354330709
11
1.6831816535433071
21
0.8093953149606299
0
LINE
8
BLACK
6
CONTINUOUS
10
1.6756908267716535
20
0.8294651574803149
11
1.6758883464566929
21
0.8294945669291338
0
LINE
8
BLACK
6
CONTINUOUS
10
1.6758883464566929
20
0.8294945669291338
11
1.679637874015748
21
0.8285572047244094
0
LINE
8
BLACK
6
CONTINUOUS
10
1.679637874015748
20
0.8285572047244094
11
1.6797816929133857
21
0.8284506299212598
0
LINE
8
BLACK
6
CONTINUOUS
10
1.6797816929133857
20
0.8284506299212598
11
1.6799602362204724
21
0.8284379527559055
0
LINE
8
BLACK
6
CONTINUOUS
10
1.6799602362204724
20
0.8284379527559055
11
1.681835
21
0.8275005511811023
0
LINE
8
BLACK
6
CONTINUOUS
10
1.681835
20
0.8275005511811023
11
1.6820047637795275
21
0.8273047637795276
0
LINE
8
BLACK
6
CONTINUOUS
10
1.6820047637795275
20
0.8273047637795276
11
1.6822442519685039
21
0.827205590551181
0
LINE
8
BLACK
6
CONTINUOUS
10
1.6822442519685039
20
0.827205590551181
11
1.6841190551181102
21
0.8253308267716535
0
LINE
8
BLACK
6
CONTINUOUS
10
1.6841190551181102
20
0.8253308267716535
11
1.6842593307086613
21
0.8249920866141732
0
LINE
8
BLACK
6
CONTINUOUS
10
1.6842593307086613
20
0.8249920866141732
11
1.6844994881889763
21
0.8247152362204724
0
LINE
8
BLACK
6
CONTINUOUS
10
1.6844994881889763
20
0.8247152362204724
11
1.6854368897637795
21
0.8219031102362204
0
LINE
8
BLACK
6
CONTINUOUS
10
1.6854368897637795
20
0.8219031102362204
11
1.6854185039370078
21
0.8216445275590551
0
LINE
8
BLACK
6
CONTINUOUS
10
1.6854185039370078
20
0.8216445275590551
11
1.6855176771653544
21
0.8214051181102362
0
LINE
8
BLACK
6
CONTINUOUS
10
1.6855176771653544
20
0.8214051181102362
11
1.6855176771653544
21
0.8195303543307086
0
LINE
8
BLACK
6
CONTINUOUS
10
1.6855176771653544
20
0.8195303543307086
11
1.6854185039370078
21
0.8192909448818897
0
LINE
8
BLACK
6
CONTINUOUS
10
1.6854185039370078
20
0.8192909448818897
11
1.6854368897637795
21
0.8190324015748032
0
LINE
8
BLACK
6
CONTINUOUS
10
1.6854368897637795
20
0.8190324015748032
11
1.6844994881889763
21
0.8162201968503937
0
LINE
8
BLACK
6
CONTINUOUS
10
1.6844994881889763
20
0.8162201968503937
11
1.6842593307086613
21
0.8159433070866141
0
LINE
8
BLACK
6
CONTINUOUS
10
1.6842593307086613
20
0.8159433070866141
11
1.6841190551181102
21
0.8156046062992126
0
LINE
8
BLACK
6
CONTINUOUS
10
1.6841190551181102
20
0.8156046062992126
11
1.6831816535433071
21
0.8146672440944882
0
LINE
8
BLACK
6
CONTINUOUS
10
1.6831816535433071
20
0.8146672440944882
11
1.6820680708661417
21
0.8142060236220472
0
LINE
8
BLACK
6
CONTINUOUS
10
1.6820680708661417
20
0.8142060236220472
11
1.6809545275590552
21
0.814667283464567
0
LINE
8
BLACK
6
CONTINUOUS
10
1.6809545275590552
20
0.814667283464567
11
1.6804933070866142
21
0.8157808661417323
0
LINE
8
BLACK
6
CONTINUOUS
10
1.6804933070866142
20
0.8157808661417323
11
1.6809545669291339
21
0.8168944094488189
0
LINE
8
BLACK
6
CONTINUOUS
10
1.6809545669291339
20
0.8168944094488189
11
1.6816290944881889
21
0.8175688582677165
0
LINE
8
BLACK
6
CONTINUOUS
10
1.6816290944881889
20
0.8175688582677165
11
1.6823680708661417
21
0.8197858267716536
0
LINE
8
BLACK
6
CONTINUOUS
10
1.6823680708661417
20
0.8197858267716536
11
1.6823680708661417
21
0.8211496062992126
0
LINE
8
BLACK
6
CONTINUOUS
10
1.6823680708661417
20
0.8211496062992126
11
1.6816290944881889
21
0.8233665354330708
0
LINE
8
BLACK
6
CONTINUOUS
10
1.6816290944881889
20
0.8233665354330708
11
1.6801978346456692
21
0.8247977165354331
0
LINE
8
BLACK
6
CONTINUOUS
10
1.6801978346456692
20
0.8247977165354331
11
1.6787062598425198
21
0.8255435039370078
0
LINE
8
BLACK
6
CONTINUOUS
10
1.6787062598425198
20
0.8255435039370078
11
1.6753125196850394
21
0.826391968503937
0
LINE
8
BLACK
6
CONTINUOUS
10
1.6753125196850394
20
0.826391968503937
11
1.6728881889763778
21
0.826391968503937
0
LINE
8
BLACK
6
CONTINUOUS
10
1.6728881889763778
20
0.826391968503937
11
1.6694944094488189
21
0.8255435039370078
0
LINE
8
BLACK
6
CONTINUOUS
10
1.6694944094488189
20
0.8255435039370078
11
1.6680028346456692
21
0.8247977559055117
0
LINE
8
BLACK
6
CONTINUOUS
10
1.6680028346456692
20
0.8247977559055117
11
1.6665716141732283
21
0.8233665354330708
0
LINE
8
BLACK
6
CONTINUOUS
10
1.6665716141732283
20
0.8233665354330708
11
1.6658326377952755
21
0.8211495669291339
0
LINE
8
BLACK
6
CONTINUOUS
10
1.6658326377952755
20
0.8211495669291339
11
1.6658326377952755
21
0.8197858661417322
0
LINE
8
BLACK
6
CONTINUOUS
10
1.6658326377952755
20
0.8197858661417322
11
1.6665716141732283
21
0.8175688582677165
0
LINE
8
BLACK
6
CONTINUOUS
10
1.6665716141732283
20
0.8175688582677165
11
1.6672461417322835
21
0.8168943700787401
0
LINE
8
BLACK
6
CONTINUOUS
10
1.6672461417322835
20
0.8168943700787401
11
1.667707401574803
21
0.8157808267716535
0
LINE
8
BLACK
6
CONTINUOUS
10
1.667707401574803
20
0.8157808267716535
11
1.6672461417322835
21
0.814667283464567
0
LINE
8
BLACK
6
CONTINUOUS
10
1.6672461417322835
20
0.814667283464567
11
1.6661325984251969
21
0.8142060236220472
0
LINE
8
BLACK
6
CONTINUOUS
10
1.6661325984251969
20
0.8142060236220472
11
1.6650190551181101
21
0.814667283464567
0
LINE
8
BLACK
6
CONTINUOUS
10
1.6650190551181101
20
0.814667283464567
11
1.6640816929133857
21
0.8156046456692914
0
LINE
8
BLACK
6
CONTINUOUS
10
1.6640816929133857
20
0.8156046456692914
11
1.6639413779527559
21
0.8159432677165355
0
LINE
8
BLACK
6
CONTINUOUS
10
1.6639413779527559
20
0.8159432677165355
11
1.6637012598425196
21
0.8162201968503937
0
LINE
8
BLACK
6
CONTINUOUS
10
1.6637012598425196
20
0.8162201968503937
11
1.6627638582677164
21
0.8190323622047244
0
LINE
8
BLACK
6
CONTINUOUS
10
1.6627638582677164
20
0.8190323622047244
11
1.6627822047244094
21
0.8192908661417323
0
LINE
8
BLACK
6
CONTINUOUS
10
1.6627822047244094
20
0.8192908661417323
11
1.662683031496063
21
0.8195303543307086
0
LINE
8
BLACK
6
CONTINUOUS
10
1.662683031496063
20
0.8195303543307086
11
1.662683031496063
21
0.8214051181102362
0
LINE
8
BLACK
6
CONTINUOUS
10
1.662683031496063
20
0.8214051181102362
11
1.6627822047244094
21
0.8216445669291338
0
LINE
8
BLACK
6
CONTINUOUS
10
1.6627822047244094
20
0.8216445669291338
11
1.6627638582677164
21
0.8219031102362204
0
LINE
8
BLACK
6
CONTINUOUS
10
1.6627638582677164
20
0.8219031102362204
11
1.6637012598425196
21
0.8247152362204724
0
LINE
8
BLACK
6
CONTINUOUS
10
1.6637012598425196
20
0.8247152362204724
11
1.6639413779527559
21
0.824992125984252
0
LINE
8
BLACK
6
CONTINUOUS
10
1.6639413779527559
20
0.824992125984252
11
1.6640816929133857
21
0.8253307874015748
0
LINE
8
BLACK
6
CONTINUOUS
10
1.6640816929133857
20
0.8253307874015748
11
1.6659564173228345
21
0.8272055511811024
0
LINE
8
BLACK
6
CONTINUOUS
10
1.6659564173228345
20
0.8272055511811024
11
1.6661958661417322
21
0.8273047244094488
0
LINE
8
BLACK
6
CONTINUOUS
10
1.6661958661417322
20
0.8273047244094488
11
1.6663657086614172
21
0.8275005511811023
0
LINE
8
BLACK
6
CONTINUOUS
10
1.6663657086614172
20
0.8275005511811023
11
1.6682404724409448
21
0.8284379527559055
0
LINE
8
BLACK
6
CONTINUOUS
10
1.6682404724409448
20
0.8284379527559055
11
1.6684189763779527
21
0.8284506299212598
0
LINE
8
BLACK
6
CONTINUOUS
10
1.6684189763779527
20
0.8284506299212598
11
1.6685628346456693
21
0.8285572047244094
0
LINE
8
BLACK
6
CONTINUOUS
10
1.6685628346456693
20
0.8285572047244094
11
1.6723123622047245
21
0.8294945669291338
0
LINE
8
BLACK
6
CONTINUOUS
10
1.6723123622047245
20
0.8294945669291338
11
1.6725098425196849
21
0.8294651574803149
0
LINE
8
BLACK
6
CONTINUOUS
10
1.6725098425196849
20
0.8294651574803149
11
1.6726942913385827
21
0.8295415748031496
0
LINE
8
BLACK
6
CONTINUOUS
10
1.6726942913385827
20
0.8295415748031496
11
1.6755064173228347
21
0.8295415748031496
0
LINE
8
BLACK
6
CONTINUOUS
10
1.6755064173228347
20
0.8295415748031496
11
1.6756908267716535
21
0.8294651574803149
0
LINE
8
BLACK
6
CONTINUOUS
10
1.6986220472440945
20
0.8538385826771653
11
1.7000139763779527
21
0.8532620078740157
0
LINE
8
BLACK
6
CONTINUOUS
10
1.7000139763779527
20
0.8532620078740157
11
1.7005905511811024
21
0.8518700787401574
0
LINE
8
BLACK
6
CONTINUOUS
10
1.7005905511811024
20
0.8518700787401574
11
1.7005905511811024
21
0.7731299212598425
0
LINE
8
BLACK
6
CONTINUOUS
10
1.7005905511811024
20
0.7731299212598425
11
1.7000139763779527
21
0.7717379921259843
0
LINE
8
BLACK
6
CONTINUOUS
10
1.7000139763779527
20
0.7717379921259843
11
1.6986220472440945
21
0.7711614173228346
0
LINE
8
BLACK
6
CONTINUOUS
10
1.6986220472440945
20
0.7711614173228346
11
1.6513779527559054
21
0.7711614173228346
0
LINE
8
BLACK
6
CONTINUOUS
10
1.6513779527559054
20
0.7711614173228346
11
1.6499860236220472
21
0.7717379921259843
0
LINE
8
BLACK
6
CONTINUOUS
10
1.6499860236220472
20
0.7717379921259843
11
1.6494094488188975
21
0.7731299212598425
0
LINE
8
BLACK
6
CONTINUOUS
10
1.6494094488188975
20
0.7731299212598425
11
1.6494094488188975
21
0.8518700787401574
0
LINE
8
BLACK
6
CONTINUOUS
10
1.6494094488188975
20
0.8518700787401574
11
1.6499860236220472
21
0.8532620078740157
0
LINE
8
BLACK
6
CONTINUOUS
10
1.6499860236220472
20
0.8532620078740157
11
1.6513779527559054
21
0.8538385826771653
0
LINE
8
BLACK
6
CONTINUOUS
10
1.6513779527559054
20
0.8538385826771653
11
1.6986220472440945
21
0.8538385826771653
0
LINE
8
BLACK
6
CONTINUOUS
10
1.6533464566929132
20
0.8499015748031495
11
1.6533464566929132
21
0.7750984251968503
0
LINE
8
BLACK
6
CONTINUOUS
10
1.6533464566929132
20
0.7750984251968503
11
1.6966535433070866
21
0.7750984251968503
0
LINE
8
BLACK
6
CONTINUOUS
10
1.6966535433070866
20
0.7750984251968503
11
1.6966535433070866
21
0.8499015748031495
0
LINE
8
BLACK
6
CONTINUOUS
10
1.6966535433070866
20
0.8499015748031495
11
1.6533464566929132
21
0.8499015748031495
0
LINE
8
BLACK
6
CONTINUOUS
10
1.9417990944881889
20
0.9380880708661418
11
1.9425888188976377
21
0.9371775196850394
0
LINE
8
BLACK
6
CONTINUOUS
10
1.9425888188976377
20
0.9371775196850394
11
1.9472757086614172
21
0.9231167716535433
0
LINE
8
BLACK
6
CONTINUOUS
10
1.9472757086614172
20
0.9231167716535433
11
1.9472573228346457
21
0.9228582283464567
0
LINE
8
BLACK
6
CONTINUOUS
10
1.9472573228346457
20
0.9228582283464567
11
1.9473565354330709
21
0.922618779527559
0
LINE
8
BLACK
6
CONTINUOUS
10
1.9473565354330709
20
0.922618779527559
11
1.9472162204724408
21
0.9222801181102362
0
LINE
8
BLACK
6
CONTINUOUS
10
1.9472162204724408
20
0.9222801181102362
11
1.9471902755905512
21
0.9219144881889764
0
LINE
8
BLACK
6
CONTINUOUS
10
1.9471902755905512
20
0.9219144881889764
11
1.946994409448819
21
0.9217446062992126
0
LINE
8
BLACK
6
CONTINUOUS
10
1.946994409448819
20
0.9217446062992126
11
1.9468952755905511
21
0.9215052362204724
0
LINE
8
BLACK
6
CONTINUOUS
10
1.9468952755905511
20
0.9215052362204724
11
1.9465566929133857
21
0.9213649606299212
0
LINE
8
BLACK
6
CONTINUOUS
10
1.9465566929133857
20
0.9213649606299212
11
1.9462797244094487
21
0.9211247637795276
0
LINE
8
BLACK
6
CONTINUOUS
10
1.9462797244094487
20
0.9211247637795276
11
1.9460211417322835
21
0.9211431102362204
0
LINE
8
BLACK
6
CONTINUOUS
10
1.9460211417322835
20
0.9211431102362204
11
1.9457817322834645
21
0.9210439763779528
0
LINE
8
BLACK
6
CONTINUOUS
10
1.9457817322834645
20
0.9210439763779528
11
1.9379827165354331
21
0.9210439763779528
0
LINE
8
BLACK
6
CONTINUOUS
10
1.9379827165354331
20
0.9210439763779528
11
1.9379827165354331
21
0.9160570866141732
0
LINE
8
BLACK
6
CONTINUOUS
10
1.9379827165354331
20
0.9160570866141732
11
1.9375214566929133
21
0.9149435433070866
0
LINE
8
BLACK
6
CONTINUOUS
10
1.9375214566929133
20
0.9149435433070866
11
1.9364079133858267
21
0.9144822834645669
0
LINE
8
BLACK
6
CONTINUOUS
10
1.9364079133858267
20
0.9144822834645669
11
1.9352943700787402
21
0.9149435433070866
0
LINE
8
BLACK
6
CONTINUOUS
10
1.9352943700787402
20
0.9149435433070866
11
1.9348331102362204
21
0.9160570866141732
0
LINE
8
BLACK
6
CONTINUOUS
10
1.9348331102362204
20
0.9160570866141732
11
1.9348331102362204
21
0.9210439763779528
0
LINE
8
BLACK
6
CONTINUOUS
10
1.9348331102362204
20
0.9210439763779528
11
1.9335957874015748
21
0.9210439763779528
0
LINE
8
BLACK
6
CONTINUOUS
10
1.9335957874015748
20
0.9210439763779528
11
1.9324822440944882
21
0.9215052362204724
0
LINE
8
BLACK
6
CONTINUOUS
10
1.9324822440944882
20
0.9215052362204724
11
1.9320209842519684
21
0.922618779527559
0
LINE
8
BLACK
6
CONTINUOUS
10
1.9320209842519684
20
0.922618779527559
11
1.9324822440944882
21
0.9237323228346457
0
LINE
8
BLACK
6
CONTINUOUS
10
1.9324822440944882
20
0.9237323228346457
11
1.9335957874015748
21
0.9241935826771653
0
LINE
8
BLACK
6
CONTINUOUS
10
1.9335957874015748
20
0.9241935826771653
11
1.9348331102362204
21
0.9241935826771653
0
LINE
8
BLACK
6
CONTINUOUS
10
1.9348331102362204
20
0.9241935826771653
11
1.9348331102362204
21
0.9291804330708662
0
LINE
8
BLACK
6
CONTINUOUS
10
1.9348331102362204
20
0.9291804330708662
11
1.9352943700787402
21
0.9302939763779527
0
LINE
8
BLACK
6
CONTINUOUS
10
1.9352943700787402
20
0.9302939763779527
11
1.9364079133858267
21
0.9307552362204724
0
LINE
8
BLACK
6
CONTINUOUS
10
1.9364079133858267
20
0.9307552362204724
11
1.9375214566929133
21
0.9302939763779527
0
LINE
8
BLACK
6
CONTINUOUS
10
1.9375214566929133
20
0.9302939763779527
11
1.9379827165354331
21
0.9291804330708662
0
LINE
8
BLACK
6
CONTINUOUS
10
1.9379827165354331
20
0.9291804330708662
11
1.9379827165354331
21
0.9241935826771653
0
LINE
8
BLACK
6
CONTINUOUS
10
1.9379827165354331
20
0.9241935826771653
11
1.9435968110236219
21
0.9241935826771653
0
LINE
8
BLACK
6
CONTINUOUS
10
1.9435968110236219
20
0.9241935826771653
11
1.9396008661417323
21
0.9361815354330708
0
LINE
8
BLACK
6
CONTINUOUS
10
1.9396008661417323
20
0.9361815354330708
11
1.9396862992125983
21
0.937383779527559
0
LINE
8
BLACK
6
CONTINUOUS
10
1.9396862992125983
20
0.937383779527559
11
1.9405968503937008
21
0.9381735039370078
0
LINE
8
BLACK
6
CONTINUOUS
10
1.9405968503937008
20
0.9381735039370078
11
1.9417990944881889
21
0.9380880708661418
0
LINE
8
BLACK
6
CONTINUOUS
10
1.9656429527559054
20
0.9368556692913386
11
1.9661042125984252
21
0.935742125984252
0
LINE
8
BLACK
6
CONTINUOUS
10
1.9661042125984252
20
0.935742125984252
11
1.9661042125984252
21
0.9160570866141732
0
LINE
8
BLACK
6
CONTINUOUS
10
1.9661042125984252
20
0.9160570866141732
11
1.9656429527559054
21
0.9149435433070866
0
LINE
8
BLACK
6
CONTINUOUS
10
1.9656429527559054
20
0.9149435433070866
11
1.9645294094488188
21
0.9144822834645669
0
LINE
8
BLACK
6
CONTINUOUS
10
1.9645294094488188
20
0.9144822834645669
11
1.9634158661417322
21
0.9149435433070866
0
LINE
8
BLACK
6
CONTINUOUS
10
1.9634158661417322
20
0.9149435433070866
11
1.9629546062992125
21
0.9160570866141732
0
LINE
8
BLACK
6
CONTINUOUS
10
1.9629546062992125
20
0.9160570866141732
11
1.9629546062992125
21
0.9238561023622047
0
LINE
8
BLACK
6
CONTINUOUS
10
1.9629546062992125
20
0.9238561023622047
11
1.9606624015748031
21
0.9238561023622047
0
LINE
8
BLACK
6
CONTINUOUS
10
1.9606624015748031
20
0.9238561023622047
11
1.9545709448818898
21
0.9151540157480315
0
LINE
8
BLACK
6
CONTINUOUS
10
1.9545709448818898
20
0.9151540157480315
11
1.9535544881889764
21
0.9145062598425197
0
LINE
8
BLACK
6
CONTINUOUS
10
1.9535544881889764
20
0.9145062598425197
11
1.9523777559055118
21
0.914766968503937
0
LINE
8
BLACK
6
CONTINUOUS
10
1.9523777559055118
20
0.914766968503937
11
1.95173
21
0.9157834251968504
0
LINE
8
BLACK
6
CONTINUOUS
10
1.95173
20
0.9157834251968504
11
1.9519907086614172
21
0.9169601574803149
0
LINE
8
BLACK
6
CONTINUOUS
10
1.9519907086614172
20
0.9169601574803149
11
1.9568655905511811
21
0.9239243307086614
0
LINE
8
BLACK
6
CONTINUOUS
10
1.9568655905511811
20
0.9239243307086614
11
1.9566916929133857
21
0.9239963779527559
0
LINE
8
BLACK
6
CONTINUOUS
10
1.9566916929133857
20
0.9239963779527559
11
1.956326062992126
21
0.9240223622047243
0
LINE
8
BLACK
6
CONTINUOUS
10
1.956326062992126
20
0.9240223622047243
11
1.9544512992125984
21
0.9249597637795275
0
LINE
8
BLACK
6
CONTINUOUS
10
1.9544512992125984
20
0.9249597637795275
11
1.9542814566929134
21
0.9251555511811024
0
LINE
8
BLACK
6
CONTINUOUS
10
1.9542814566929134
20
0.9251555511811024
11
1.9540420866141732
21
0.9252547244094488
0
LINE
8
BLACK
6
CONTINUOUS
10
1.9540420866141732
20
0.9252547244094488
11
1.9531046456692913
21
0.9261920866141732
0
LINE
8
BLACK
6
CONTINUOUS
10
1.9531046456692913
20
0.9261920866141732
11
1.9530053937007874
21
0.9264316141732283
0
LINE
8
BLACK
6
CONTINUOUS
10
1.9530053937007874
20
0.9264316141732283
11
1.9528096456692914
21
0.9266014173228346
0
LINE
8
BLACK
6
CONTINUOUS
10
1.9528096456692914
20
0.9266014173228346
11
1.951872283464567
21
0.9284761811023622
0
LINE
8
BLACK
6
CONTINUOUS
10
1.951872283464567
20
0.9284761811023622
11
1.9518462992125984
21
0.9288417716535433
0
LINE
8
BLACK
6
CONTINUOUS
10
1.9518462992125984
20
0.9288417716535433
11
1.9517060236220471
21
0.9291804330708662
0
LINE
8
BLACK
6
CONTINUOUS
10
1.9517060236220471
20
0.9291804330708662
11
1.9517060236220471
21
0.9319925984251969
0
LINE
8
BLACK
6
CONTINUOUS
10
1.9517060236220471
20
0.9319925984251969
11
1.9518462992125984
21
0.9323312204724409
0
LINE
8
BLACK
6
CONTINUOUS
10
1.9518462992125984
20
0.9323312204724409
11
1.951872283464567
21
0.9326968503937008
0
LINE
8
BLACK
6
CONTINUOUS
10
1.951872283464567
20
0.9326968503937008
11
1.9528096456692914
21
0.9345716141732283
0
LINE
8
BLACK
6
CONTINUOUS
10
1.9528096456692914
20
0.9345716141732283
11
1.9530053937007874
21
0.9347413779527559
0
LINE
8
BLACK
6
CONTINUOUS
10
1.9530053937007874
20
0.9347413779527559
11
1.9531046456692913
21
0.9349809448818898
0
LINE
8
BLACK
6
CONTINUOUS
10
1.9531046456692913
20
0.9349809448818898
11
1.9540420866141732
21
0.9359183070866142
0
LINE
8
BLACK
6
CONTINUOUS
10
1.9540420866141732
20
0.9359183070866142
11
1.9542814566929134
21
0.9360174409448818
0
LINE
8
BLACK
6
CONTINUOUS
10
1.9542814566929134
20
0.9360174409448818
11
1.9544512992125984
21
0.9362132677165355
0
LINE
8
BLACK
6
CONTINUOUS
10
1.9544512992125984
20
0.9362132677165355
11
1.956326062992126
21
0.9371506692913386
0
LINE
8
BLACK
6
CONTINUOUS
10
1.956326062992126
20
0.9371506692913386
11
1.9566916929133857
21
0.9371766141732283
0
LINE
8
BLACK
6
CONTINUOUS
10
1.9566916929133857
20
0.9371766141732283
11
1.9570303543307086
21
0.9373169291338582
0
LINE
8
BLACK
6
CONTINUOUS
10
1.9570303543307086
20
0.9373169291338582
11
1.9645294094488188
21
0.9373169291338582
0
LINE
8
BLACK
6
CONTINUOUS
10
1.9645294094488188
20
0.9373169291338582
11
1.9656429527559054
21
0.9368556692913386
0
LINE
8
BLACK
6
CONTINUOUS
10
1.9560884251968504
20
0.9335104330708661
11
1.9555124015748031
21
0.9329344488188976
0
LINE
8
BLACK
6
CONTINUOUS
10
1.9555124015748031
20
0.9329344488188976
11
1.9548556299212598
21
0.9316208661417322
0
LINE
8
BLACK
6
CONTINUOUS
10
1.9548556299212598
20
0.9316208661417322
11
1.9548556299212598
21
0.9295521653543307
0
LINE
8
BLACK
6
CONTINUOUS
10
1.9548556299212598
20
0.9295521653543307
11
1.9555124015748031
21
0.9282385433070865
0
LINE
8
BLACK
6
CONTINUOUS
10
1.9555124015748031
20
0.9282385433070865
11
1.9560884251968504
21
0.9276625590551181
0
LINE
8
BLACK
6
CONTINUOUS
10
1.9560884251968504
20
0.9276625590551181
11
1.957402125984252
21
0.9270057086614173
0
LINE
8
BLACK
6
CONTINUOUS
10
1.957402125984252
20
0.9270057086614173
11
1.9629546062992125
21
0.9270057086614173
0
LINE
8
BLACK
6
CONTINUOUS
10
1.9629546062992125
20
0.9270057086614173
11
1.9629546062992125
21
0.9341673228346457
0
LINE
8
BLACK
6
CONTINUOUS
10
1.9629546062992125
20
0.9341673228346457
11
1.957402125984252
21
0.9341673228346457
0
LINE
8
BLACK
6
CONTINUOUS
10
1.957402125984252
20
0.9341673228346457
11
1.9560884251968504
21
0.9335104330708661
0
LINE
8
BLACK
6
CONTINUOUS
10
1.9893700787401574
20
0.9505905511811024
11
1.9907620078740158
21
0.9500139763779527
0
LINE
8
BLACK
6
CONTINUOUS
10
1.9907620078740158
20
0.9500139763779527
11
1.9913385826771652
21
0.9486220472440945
0
LINE
8
BLACK
6
CONTINUOUS
10
1.9913385826771652
20
0.9486220472440945
11
1.9913385826771652
21
0.9013779527559055
0
LINE
8
BLACK
6
CONTINUOUS
10
1.9913385826771652
20
0.9013779527559055
11
1.9907620078740158
21
0.8999860236220473
0
LINE
8
BLACK
6
CONTINUOUS
10
1.9907620078740158
20
0.8999860236220473
11
1.9893700787401574
21
0.8994094488188976
0
LINE
8
BLACK
6
CONTINUOUS
10
1.9893700787401574
20
0.8994094488188976
11
1.9106299212598425
21
0.8994094488188976
0
LINE
8
BLACK
6
CONTINUOUS
10
1.9106299212598425
20
0.8994094488188976
11
1.9092379921259841
21
0.8999860236220473
0
LINE
8
BLACK
6
CONTINUOUS
10
1.9092379921259841
20
0.8999860236220473
11
1.9086614173228347
21
0.9013779527559055
0
LINE
8
BLACK
6
CONTINUOUS
10
1.9086614173228347
20
0.9013779527559055
11
1.9086614173228347
21
0.9486220472440945
0
LINE
8
BLACK
6
CONTINUOUS
10
1.9086614173228347
20
0.9486220472440945
11
1.9092379921259841
21
0.9500139763779527
0
LINE
8
BLACK
6
CONTINUOUS
10
1.9092379921259841
20
0.9500139763779527
11
1.9106299212598425
21
0.9505905511811024
0
LINE
8
BLACK
6
CONTINUOUS
10
1.9106299212598425
20
0.9505905511811024
11
1.9893700787401574
21
0.9505905511811024
0
LINE
8
BLACK
6
CONTINUOUS
10
1.9125984251968504
20
0.9466535433070866
11
1.9125984251968504
21
0.9033464566929134
0
LINE
8
BLACK
6
CONTINUOUS
10
1.9125984251968504
20
0.9033464566929134
11
1.9874015748031495
21
0.9033464566929134
0
LINE
8
BLACK
6
CONTINUOUS
10
1.9874015748031495
20
0.9033464566929134
11
1.9874015748031495
21
0.9466535433070866
0
LINE
8
BLACK
6
CONTINUOUS
10
1.9874015748031495
20
0.9466535433070866
11
1.9125984251968504
21
0.9466535433070866
0
LINE
8
BLACK
6
CONTINUOUS
10
2.2100564173228348
20
1.0093952755905511
11
2.2105176771653543
21
1.0082817322834645
0
LINE
8
BLACK
6
CONTINUOUS
10
2.2105176771653543
20
1.0082817322834645
11
2.2105176771653543
21
0.9970331496062992
0
LINE
8
BLACK
6
CONTINUOUS
10
2.2105176771653543
20
0.9970331496062992
11
2.2100564173228348
21
0.9959196062992126
0
LINE
8
BLACK
6
CONTINUOUS
10
2.2100564173228348
20
0.9959196062992126
11
2.2089428740157482
21
0.9954583464566928
0
LINE
8
BLACK
6
CONTINUOUS
10
2.2089428740157482
20
0.9954583464566928
11
2.2078293307086612
21
0.9959196062992126
0
LINE
8
BLACK
6
CONTINUOUS
10
2.2078293307086612
20
0.9959196062992126
11
2.2073680708661416
21
0.9970331496062992
0
LINE
8
BLACK
6
CONTINUOUS
10
2.2073680708661416
20
0.9970331496062992
11
2.2073680708661416
21
1.0010826377952755
0
LINE
8
BLACK
6
CONTINUOUS
10
2.2073680708661416
20
1.0010826377952755
11
2.189257834645669
21
1.0010826377952755
0
LINE
8
BLACK
6
CONTINUOUS
10
2.189257834645669
20
1.0010826377952755
11
2.1891079921259844
21
1.0011446850393702
0
LINE
8
BLACK
6
CONTINUOUS
10
2.1891079921259844
20
1.0011446850393702
11
2.1889489763779526
21
1.0011132283464568
0
LINE
8
BLACK
6
CONTINUOUS
10
2.1889489763779526
20
1.0011132283464568
11
2.1885679133858269
21
1.0013683858267717
0
LINE
8
BLACK
6
CONTINUOUS
10
2.1885679133858269
20
1.0013683858267717
11
2.1881442913385825
21
1.0015438976377953
0
LINE
8
BLACK
6
CONTINUOUS
10
2.1881442913385825
20
1.0015438976377953
11
2.1880822440944883
21
1.0016936614173229
0
LINE
8
BLACK
6
CONTINUOUS
10
2.1880822440944883
20
1.0016936614173229
11
2.1879475196850393
21
1.0017838976377953
0
LINE
8
BLACK
6
CONTINUOUS
10
2.1879475196850393
20
1.0017838976377953
11
2.187858503937008
21
1.0022337401574803
0
LINE
8
BLACK
6
CONTINUOUS
10
2.187858503937008
20
1.0022337401574803
11
2.1876830314960629
21
1.0026574409448819
0
LINE
8
BLACK
6
CONTINUOUS
10
2.1876830314960629
20
1.0026574409448819
11
2.1877450787401576
21
1.0028072440944882
0
LINE
8
BLACK
6
CONTINUOUS
10
2.1877450787401576
20
1.0028072440944882
11
2.187713622047244
21
1.0029662992125985
0
LINE
8
BLACK
6
CONTINUOUS
10
2.187713622047244
20
1.0029662992125985
11
2.1879687795275591
21
1.0033473228346457
0
LINE
8
BLACK
6
CONTINUOUS
10
2.1879687795275591
20
1.0033473228346457
11
2.1881442913385825
21
1.0037709842519684
0
LINE
8
BLACK
6
CONTINUOUS
10
2.1881442913385825
20
1.0037709842519684
11
2.18829405511811
21
1.0038329921259843
0
LINE
8
BLACK
6
CONTINUOUS
10
2.18829405511811
20
1.0038329921259843
11
2.1883842913385827
21
1.0039677559055118
0
LINE
8
BLACK
6
CONTINUOUS
10
2.1883842913385827
20
1.0039677559055118
11
2.1910667322834647
21
1.0057560236220473
0
LINE
8
BLACK
6
CONTINUOUS
10
2.1910667322834647
20
1.0057560236220473
11
2.1926505118110238
21
1.0073398425196851
0
LINE
8
BLACK
6
CONTINUOUS
10
2.1926505118110238
20
1.0073398425196851
11
2.1934735826771652
21
1.0089859842519684
0
LINE
8
BLACK
6
CONTINUOUS
10
2.1934735826771652
20
1.0089859842519684
11
2.1943840944881887
21
1.0097756692913387
0
LINE
8
BLACK
6
CONTINUOUS
10
2.1943840944881887
20
1.0097756692913387
11
2.1955863779527558
21
1.0096902755905512
0
LINE
8
BLACK
6
CONTINUOUS
10
2.1955863779527558
20
1.0096902755905512
11
2.1963761023622048
21
1.0087797244094487
0
LINE
8
BLACK
6
CONTINUOUS
10
2.1963761023622048
20
1.0087797244094487
11
2.1962906692913386
21
1.0075774409448819
0
LINE
8
BLACK
6
CONTINUOUS
10
2.1962906692913386
20
1.0075774409448819
11
2.1953533070866142
21
1.0057027165354331
0
LINE
8
BLACK
6
CONTINUOUS
10
2.1953533070866142
20
1.0057027165354331
11
2.1951574803149607
21
1.0055328740157481
0
LINE
8
BLACK
6
CONTINUOUS
10
2.1951574803149607
20
1.0055328740157481
11
2.1950583070866143
21
1.0052933858267716
0
LINE
8
BLACK
6
CONTINUOUS
10
2.1950583070866143
20
1.0052933858267716
11
2.1939971259842519
21
1.0042322440944882
0
LINE
8
BLACK
6
CONTINUOUS
10
2.1939971259842519
20
1.0042322440944882
11
2.2073680708661416
21
1.0042322440944882
0
LINE
8
BLACK
6
CONTINUOUS
10
2.2073680708661416
20
1.0042322440944882
11
2.2073680708661416
21
1.0082817322834645
0
LINE
8
BLACK
6
CONTINUOUS
10
2.2073680708661416
20
1.0082817322834645
11
2.2078293307086612
21
1.0093952755905511
0
LINE
8
BLACK
6
CONTINUOUS
10
2.2078293307086612
20
1.0093952755905511
11
2.2089428740157482
21
1.0098565354330709
0
LINE
8
BLACK
6
CONTINUOUS
10
2.2089428740157482
20
1.0098565354330709
11
2.2100564173228348
21
1.0093952755905511
0
LINE
8
BLACK
6
CONTINUOUS
10
2.2100564173228348
20
1.0281429527559054
11
2.2105176771653543
21
1.0270294094488188
0
LINE
8
BLACK
6
CONTINUOUS
10
2.2105176771653543
20
1.0270294094488188
11
2.2100564173228348
21
1.0259158661417322
0
LINE
8
BLACK
6
CONTINUOUS
10
2.2100564173228348
20
1.0259158661417322
11
2.2089428740157482
21
1.0254546062992125
0
LINE
8
BLACK
6
CONTINUOUS
10
2.2089428740157482
20
1.0254546062992125
11
2.2011438582677165
21
1.0254546062992125
0
LINE
8
BLACK
6
CONTINUOUS
10
2.2011438582677165
20
1.0254546062992125
11
2.2011438582677165
21
1.0231623622047243
0
LINE
8
BLACK
6
CONTINUOUS
10
2.2011438582677165
20
1.0231623622047243
11
2.2098459842519684
21
1.0170709448818898
0
LINE
8
BLACK
6
CONTINUOUS
10
2.2098459842519684
20
1.0170709448818898
11
2.2104937007874015
21
1.0160544881889764
0
LINE
8
BLACK
6
CONTINUOUS
10
2.2104937007874015
20
1.0160544881889764
11
2.2102330314960628
21
1.014877716535433
0
LINE
8
BLACK
6
CONTINUOUS
10
2.2102330314960628
20
1.014877716535433
11
2.2092165748031496
21
1.01423
0
LINE
8
BLACK
6
CONTINUOUS
10
2.2092165748031496
20
1.01423
11
2.2080398031496062
21
1.0144907086614172
0
LINE
8
BLACK
6
CONTINUOUS
10
2.2080398031496062
20
1.0144907086614172
11
2.2010755905511812
21
1.0193655905511811
0
LINE
8
BLACK
6
CONTINUOUS
10
2.2010755905511812
20
1.0193655905511811
11
2.2010035433070865
21
1.0191916929133857
0
LINE
8
BLACK
6
CONTINUOUS
10
2.2010035433070865
20
1.0191916929133857
11
2.2009775984251969
21
1.018826062992126
0
LINE
8
BLACK
6
CONTINUOUS
10
2.2009775984251969
20
1.018826062992126
11
2.2000401968503938
21
1.0169512992125984
0
LINE
8
BLACK
6
CONTINUOUS
10
2.2000401968503938
20
1.0169512992125984
11
2.1998443700787402
21
1.0167814566929134
0
LINE
8
BLACK
6
CONTINUOUS
10
2.1998443700787402
20
1.0167814566929134
11
2.1997452362204726
21
1.0165420866141732
0
LINE
8
BLACK
6
CONTINUOUS
10
2.1997452362204726
20
1.0165420866141732
11
2.1988078740157482
21
1.0156046456692913
0
LINE
8
BLACK
6
CONTINUOUS
10
2.1988078740157482
20
1.0156046456692913
11
2.1985683070866142
21
1.0155053937007874
0
LINE
8
BLACK
6
CONTINUOUS
10
2.1985683070866142
20
1.0155053937007874
11
2.1983985433070865
21
1.0153096456692914
0
LINE
8
BLACK
6
CONTINUOUS
10
2.1983985433070865
20
1.0153096456692914
11
2.196523779527559
21
1.014372283464567
0
LINE
8
BLACK
6
CONTINUOUS
10
2.196523779527559
20
1.014372283464567
11
2.196158149606299
21
1.0143462992125984
0
LINE
8
BLACK
6
CONTINUOUS
10
2.196158149606299
20
1.0143462992125984
11
2.1958195275590549
21
1.0142060236220471
0
LINE
8
BLACK
6
CONTINUOUS
10
2.1958195275590549
20
1.0142060236220471
11
2.1930073622047241
21
1.0142060236220471
0
LINE
8
BLACK
6
CONTINUOUS
10
2.1930073622047241
20
1.0142060236220471
11
2.1926687007874017
21
1.0143462992125984
0
LINE
8
BLACK
6
CONTINUOUS
10
2.1926687007874017
20
1.0143462992125984
11
2.1923030708661417
21
1.014372283464567
0
LINE
8
BLACK
6
CONTINUOUS
10
2.1923030708661417
20
1.014372283464567
11
2.1904283464566929
21
1.0153096456692914
0
LINE
8
BLACK
6
CONTINUOUS
10
2.1904283464566929
20
1.0153096456692914
11
2.1902585433070865
21
1.0155053937007874
0
LINE
8
BLACK
6
CONTINUOUS
10
2.1902585433070865
20
1.0155053937007874
11
2.1900190157480313
21
1.0156046456692913
0
LINE
8
BLACK
6
CONTINUOUS
10
2.1900190157480313
20
1.0156046456692913
11
2.1890816535433069
21
1.0165420472440945
0
LINE
8
BLACK
6
CONTINUOUS
10
2.1890816535433069
20
1.0165420472440945
11
2.1889824409448817
21
1.0167814960629922
0
LINE
8
BLACK
6
CONTINUOUS
10
2.1889824409448817
20
1.0167814960629922
11
2.1887866929133857
21
1.0169512992125984
0
LINE
8
BLACK
6
CONTINUOUS
10
2.1887866929133857
20
1.0169512992125984
11
2.1878492913385825
21
1.018826062992126
0
LINE
8
BLACK
6
CONTINUOUS
10
2.1878492913385825
20
1.018826062992126
11
2.1878233070866142
21
1.0191916929133857
0
LINE
8
BLACK
6
CONTINUOUS
10
2.1878233070866142
20
1.0191916929133857
11
2.1876830314960629
21
1.0195303543307086
0
LINE
8
BLACK
6
CONTINUOUS
10
2.1876830314960629
20
1.0195303543307086
11
2.1876830314960629
21
1.0270294094488188
0
LINE
8
BLACK
6
CONTINUOUS
10
2.1876830314960629
20
1.0270294094488188
11
2.1881442913385825
21
1.0281429527559054
0
LINE
8
BLACK
6
CONTINUOUS
10
2.1881442913385825
20
1.0281429527559054
11
2.189257834645669
21
1.0286042125984252
0
LINE
8
BLACK
6
CONTINUOUS
10
2.189257834645669
20
1.0286042125984252
11
2.2089428740157482
21
1.0286042125984252
0
LINE
8
BLACK
6
CONTINUOUS
10
2.2089428740157482
20
1.0286042125984252
11
2.2100564173228348
21
1.0281429527559054
0
LINE
8
BLACK
6
CONTINUOUS
10
2.1908326377952756
20
1.019902125984252
11
2.1914894881889762
21
1.0185884251968504
0
LINE
8
BLACK
6
CONTINUOUS
10
2.1914894881889762
20
1.0185884251968504
11
2.1920654330708662
21
1.0180124015748031
0
LINE
8
BLACK
6
CONTINUOUS
10
2.1920654330708662
20
1.0180124015748031
11
2.193379094488189
21
1.0173556299212598
0
LINE
8
BLACK
6
CONTINUOUS
10
2.193379094488189
20
1.0173556299212598
11
2.1954477952755904
21
1.0173556299212598
0
LINE
8
BLACK
6
CONTINUOUS
10
2.1954477952755904
20
1.0173556299212598
11
2.1967613779527557
21
1.0180124015748031
0
LINE
8
BLACK
6
CONTINUOUS
10
2.1967613779527557
20
1.0180124015748031
11
2.1973373622047245
21
1.0185884251968504
0
LINE
8
BLACK
6
CONTINUOUS
10
2.1973373622047245
20
1.0185884251968504
11
2.1979942519685038
21
1.019902125984252
0
LINE
8
BLACK
6
CONTINUOUS
10
2.1979942519685038
20
1.019902125984252
11
2.1979942519685038
21
1.0254546062992125
0
LINE
8
BLACK
6
CONTINUOUS
10
2.1979942519685038
20
1.0254546062992125
11
2.1908326377952756
21
1.0254546062992125
0
LINE
8
BLACK
6
CONTINUOUS
10
2.1908326377952756
20
1.0254546062992125
11
2.1908326377952756
21
1.019902125984252
0
LINE
8
BLACK
6
CONTINUOUS
10
2.2236220472440946
20
1.0538385826771652
11
2.2250139763779528
21
1.0532620078740158
0
LINE
8
BLACK
6
CONTINUOUS
10
2.2250139763779528
20
1.0532620078740158
11
2.2255905511811025
21
1.0518700787401574
0
LINE
8
BLACK
6
CONTINUOUS
10
2.2255905511811025
20
1.0518700787401574
11
2.2255905511811025
21
0.9731299212598425
0
LINE
8
BLACK
6
CONTINUOUS
10
2.2255905511811025
20
0.9731299212598425
11
2.2250139763779528
21
0.9717379921259842
0
LINE
8
BLACK
6
CONTINUOUS
10
2.2250139763779528
20
0.9717379921259842
11
2.2236220472440946
21
0.9711614173228347
0
LINE
8
BLACK
6
CONTINUOUS
10
2.2236220472440946
20
0.9711614173228347
11
2.1763779527559053
21
0.9711614173228347
0
LINE
8
BLACK
6
CONTINUOUS
10
2.1763779527559053
20
0.9711614173228347
11
2.1749860236220471
21
0.9717379921259842
0
LINE
8
BLACK
6
CONTINUOUS
10
2.1749860236220471
20
0.9717379921259842
11
2.1744094488188974
21
0.9731299212598425
0
LINE
8
BLACK
6
CONTINUOUS
10
2.1744094488188974
20
0.9731299212598425
11
2.1744094488188974
21
1.0518700787401574
0
LINE
8
BLACK
6
CONTINUOUS
10
2.1744094488188974
20
1.0518700787401574
11
2.1749860236220471
21
1.0532620078740158
0
LINE
8
BLACK
6
CONTINUOUS
10
2.1749860236220471
20
1.0532620078740158
11
2.1763779527559053
21
1.0538385826771652
0
LINE
8
BLACK
6
CONTINUOUS
10
2.1763779527559053
20
1.0538385826771652
11
2.2236220472440946
21
1.0538385826771652
0
LINE
8
BLACK
6
CONTINUOUS
10
2.1783464566929132
20
1.0499015748031495
11
2.1783464566929132
21
0.9750984251968504
0
LINE
8
BLACK
6
CONTINUOUS
10
2.1783464566929132
20
0.9750984251968504
11
2.2216535433070868
21
0.9750984251968504
0
LINE
8
BLACK
6
CONTINUOUS
10
2.2216535433070868
20
0.9750984251968504
11
2.2216535433070868
21
1.0499015748031495
0
LINE
8
BLACK
6
CONTINUOUS
10
2.2216535433070868
20
1.0499015748031495
11
2.1783464566929132
21
1.0499015748031495
0
LINE
8
BLACK
6
CONTINUOUS
10
2.3081816535433068
20
1.0103326771653542
11
2.30911905511811
21
1.0093953149606298
0
LINE
8
BLACK
6
CONTINUOUS
10
2.30911905511811
20
1.0093953149606298
11
2.3092182283464568
21
1.0091557874015749
0
LINE
8
BLACK
6
CONTINUOUS
10
2.3092182283464568
20
1.0091557874015749
11
2.3094140551181104
21
1.0089859842519684
0
LINE
8
BLACK
6
CONTINUOUS
10
2.3094140551181104
20
1.0089859842519684
11
2.3103514173228348
21
1.0071112598425196
0
LINE
8
BLACK
6
CONTINUOUS
10
2.3103514173228348
20
1.0071112598425196
11
2.3103773622047243
21
1.0067455905511811
0
LINE
8
BLACK
6
CONTINUOUS
10
2.3103773622047243
20
1.0067455905511811
11
2.3105176771653544
21
1.006406968503937
0
LINE
8
BLACK
6
CONTINUOUS
10
2.3105176771653544
20
1.006406968503937
11
2.3105176771653544
21
1.0007826771653543
0
LINE
8
BLACK
6
CONTINUOUS
10
2.3105176771653544
20
1.0007826771653543
11
2.3103773622047243
21
1.0004440157480314
0
LINE
8
BLACK
6
CONTINUOUS
10
2.3103773622047243
20
1.0004440157480314
11
2.3103514173228348
21
1.0000783858267717
0
LINE
8
BLACK
6
CONTINUOUS
10
2.3103514173228348
20
1.0000783858267717
11
2.3094140551181104
21
0.9982036614173229
0
LINE
8
BLACK
6
CONTINUOUS
10
2.3094140551181104
20
0.9982036614173229
11
2.3092182677165356
21
0.9980338582677165
0
LINE
8
BLACK
6
CONTINUOUS
10
2.3092182677165356
20
0.9980338582677165
11
2.30911905511811
21
0.9977943307086614
0
LINE
8
BLACK
6
CONTINUOUS
10
2.30911905511811
20
0.9977943307086614
11
2.3081816535433068
21
0.996856968503937
0
LINE
8
BLACK
6
CONTINUOUS
10
2.3081816535433068
20
0.996856968503937
11
2.3079421653543308
21
0.9967577559055117
0
LINE
8
BLACK
6
CONTINUOUS
10
2.3079421653543308
20
0.9967577559055117
11
2.3077724015748031
21
0.9965620078740157
0
LINE
8
BLACK
6
CONTINUOUS
10
2.3077724015748031
20
0.9965620078740157
11
2.3058976377952756
21
0.9956246062992126
0
LINE
8
BLACK
6
CONTINUOUS
10
2.3058976377952756
20
0.9956246062992126
11
2.3055319685039368
21
0.995598622047244
0
LINE
8
BLACK
6
CONTINUOUS
10
2.3055319685039368
20
0.995598622047244
11
2.3051933464566927
21
0.9954583464566928
0
LINE
8
BLACK
6
CONTINUOUS
10
2.3051933464566927
20
0.9954583464566928
11
2.3005064173228345
21
0.9954583464566928
0
LINE
8
BLACK
6
CONTINUOUS
10
2.3005064173228345
20
0.9954583464566928
11
2.3001677559055116
21
0.995598622047244
0
LINE
8
BLACK
6
CONTINUOUS
10
2.3001677559055116
20
0.995598622047244
11
2.299802125984252
21
0.9956246062992126
0
LINE
8
BLACK
6
CONTINUOUS
10
2.299802125984252
20
0.9956246062992126
11
2.2979273622047245
21
0.9965620078740157
0
LINE
8
BLACK
6
CONTINUOUS
10
2.2979273622047245
20
0.9965620078740157
11
2.2977575196850393
21
0.9967577952755905
0
LINE
8
BLACK
6
CONTINUOUS
10
2.2977575196850393
20
0.9967577952755905
11
2.2975181102362203
21
0.9968570078740158
0
LINE
8
BLACK
6
CONTINUOUS
10
2.2975181102362203
20
0.9968570078740158
11
2.2965807480314959
21
0.9977943700787402
0
LINE
8
BLACK
6
CONTINUOUS
10
2.2965807480314959
20
0.9977943700787402
11
2.2964815354330708
21
0.998033779527559
0
LINE
8
BLACK
6
CONTINUOUS
10
2.2964815354330708
20
0.998033779527559
11
2.296285748031496
21
0.9982036220472441
0
LINE
8
BLACK
6
CONTINUOUS
10
2.296285748031496
20
0.9982036220472441
11
2.2953483464566928
21
1.0000783858267717
0
LINE
8
BLACK
6
CONTINUOUS
10
2.2953483464566928
20
1.0000783858267717
11
2.2953355118110235
21
1.0002585826771653
0
LINE
8
BLACK
6
CONTINUOUS
10
2.2953355118110235
20
1.0002585826771653
11
2.290294842519685
21
0.9958479921259842
0
LINE
8
BLACK
6
CONTINUOUS
10
2.290294842519685
20
0.9958479921259842
11
2.2897698818897636
21
0.9956704330708661
0
LINE
8
BLACK
6
CONTINUOUS
10
2.2897698818897636
20
0.9956704330708661
11
2.2892578346456691
21
0.9954583464566928
0
LINE
8
BLACK
6
CONTINUOUS
10
2.2892578346456691
20
0.9954583464566928
11
2.2892060629921258
21
0.9954797637795275
0
LINE
8
BLACK
6
CONTINUOUS
10
2.2892060629921258
20
0.9954797637795275
11
2.2891530708661416
21
0.9954618503937007
0
LINE
8
BLACK
6
CONTINUOUS
10
2.2891530708661416
20
0.9954618503937007
11
2.2886562992125983
21
0.9957074803149606
0
LINE
8
BLACK
6
CONTINUOUS
10
2.2886562992125983
20
0.9957074803149606
11
2.2881442913385825
21
0.9959196062992126
0
LINE
8
BLACK
6
CONTINUOUS
10
2.2881442913385825
20
0.9959196062992126
11
2.2881228346456695
21
0.9959712992125984
0
LINE
8
BLACK
6
CONTINUOUS
10
2.2881228346456695
20
0.9959712992125984
11
2.2880726771653541
21
0.9959961417322835
0
LINE
8
BLACK
6
CONTINUOUS
10
2.2880726771653541
20
0.9959961417322835
11
2.287895118110236
21
0.9965210629921259
0
LINE
8
BLACK
6
CONTINUOUS
10
2.287895118110236
20
0.9965210629921259
11
2.287683031496063
21
0.9970331496062992
0
LINE
8
BLACK
6
CONTINUOUS
10
2.287683031496063
20
0.9970331496062992
11
2.287683031496063
21
1.0092191338582677
0
LINE
8
BLACK
6
CONTINUOUS
10
2.287683031496063
20
1.0092191338582677
11
2.2881442913385825
21
1.0103326771653542
0
LINE
8
BLACK
6
CONTINUOUS
10
2.2881442913385825
20
1.0103326771653542
11
2.2892578346456691
21
1.010793937007874
0
LINE
8
BLACK
6
CONTINUOUS
10
2.2892578346456691
20
1.010793937007874
11
2.2903713779527557
21
1.0103326771653542
0
LINE
8
BLACK
6
CONTINUOUS
10
2.2903713779527557
20
1.0103326771653542
11
2.2908326377952757
21
1.0092191338582677
0
LINE
8
BLACK
6
CONTINUOUS
10
2.2908326377952757
20
1.0092191338582677
11
2.2908326377952757
21
1.0005036220472441
0
LINE
8
BLACK
6
CONTINUOUS
10
2.2908326377952757
20
1.0005036220472441
11
2.2957198818897639
21
1.00478
0
LINE
8
BLACK
6
CONTINUOUS
10
2.2957198818897639
20
1.00478
11
2.2962448031496061
21
1.0049575196850393
0
LINE
8
BLACK
6
CONTINUOUS
10
2.2962448031496061
20
1.0049575196850393
11
2.2967568897637793
21
1.0051696456692913
0
LINE
8
BLACK
6
CONTINUOUS
10
2.2967568897637793
20
1.0051696456692913
11
2.2968086220472439
21
1.005148188976378
0
LINE
8
BLACK
6
CONTINUOUS
10
2.2968086220472439
20
1.005148188976378
11
2.2968616535433068
21
1.0051661417322835
0
LINE
8
BLACK
6
CONTINUOUS
10
2.2968616535433068
20
1.0051661417322835
11
2.2973583858267714
21
1.0049204724409448
0
LINE
8
BLACK
6
CONTINUOUS
10
2.2973583858267714
20
1.0049204724409448
11
2.2978704330708659
21
1.0047083858267716
0
LINE
8
BLACK
6
CONTINUOUS
10
2.2978704330708659
20
1.0047083858267716
11
2.2978918503937007
21
1.004656653543307
0
LINE
8
BLACK
6
CONTINUOUS
10
2.2978918503937007
20
1.004656653543307
11
2.2979420472440943
21
1.0046318503937008
0
LINE
8
BLACK
6
CONTINUOUS
10
2.2979420472440943
20
1.0046318503937008
11
2.2981195669291337
21
1.0041068897637795
0
LINE
8
BLACK
6
CONTINUOUS
10
2.2981195669291337
20
1.0041068897637795
11
2.2983316929133859
21
1.003594842519685
0
LINE
8
BLACK
6
CONTINUOUS
10
2.2983316929133859
20
1.003594842519685
11
2.2983316929133859
21
1.0011544488188977
0
LINE
8
BLACK
6
CONTINUOUS
10
2.2983316929133859
20
1.0011544488188977
11
2.2989885433070865
21
0.9998407086614173
0
LINE
8
BLACK
6
CONTINUOUS
10
2.2989885433070865
20
0.9998407086614173
11
2.2995644488188978
21
0.9992648031496063
0
LINE
8
BLACK
6
CONTINUOUS
10
2.2995644488188978
20
0.9992648031496063
11
2.3008781889763781
21
0.9986079527559055
0
LINE
8
BLACK
6
CONTINUOUS
10
2.3008781889763781
20
0.9986079527559055
11
2.3048215748031495
21
0.9986079527559055
0
LINE
8
BLACK
6
CONTINUOUS
10
2.3048215748031495
20
0.9986079527559055
11
2.3061352362204723
21
0.9992648031496063
0
LINE
8
BLACK
6
CONTINUOUS
10
2.3061352362204723
20
0.9992648031496063
11
2.3067112598425195
21
0.999840748031496
0
LINE
8
BLACK
6
CONTINUOUS
10
2.3067112598425195
20
0.999840748031496
11
2.3073680708661417
21
1.0011543700787402
0
LINE
8
BLACK
6
CONTINUOUS
10
2.3073680708661417
20
1.0011543700787402
11
2.3073680708661417
21
1.0060352362204725
0
LINE
8
BLACK
6
CONTINUOUS
10
2.3073680708661417
20
1.0060352362204725
11
2.3067112598425195
21
1.0073488188976378
0
LINE
8
BLACK
6
CONTINUOUS
10
2.3067112598425195
20
1.0073488188976378
11
2.3059545669291337
21
1.0081055905511811
0
LINE
8
BLACK
6
CONTINUOUS
10
2.3059545669291337
20
1.0081055905511811
11
2.3054933070866142
21
1.0092191338582677
0
LINE
8
BLACK
6
CONTINUOUS
10
2.3054933070866142
20
1.0092191338582677
11
2.3059545669291337
21
1.0103326771653542
0
LINE
8
BLACK
6
CONTINUOUS
10
2.3059545669291337
20
1.0103326771653542
11
2.3070681102362203
21
1.010793937007874
0
LINE
8
BLACK
6
CONTINUOUS
10
2.3070681102362203
20
1.010793937007874
11
2.3081816535433068
21
1.0103326771653542
0
LINE
8
BLACK
6
CONTINUOUS
10
2.3100564173228344
20
1.0281429527559054
11
2.3105176771653544
21
1.0270294094488188
0
LINE
8
BLACK
6
CONTINUOUS
10
2.3105176771653544
20
1.0270294094488188
11
2.3100564173228344
21
1.0259158661417322
0
LINE
8
BLACK
6
CONTINUOUS
10
2.3100564173228344
20
1.0259158661417322
11
2.3089428740157478
21
1.0254546062992125
0
LINE
8
BLACK
6
CONTINUOUS
10
2.3089428740157478
20
1.0254546062992125
11
2.3011438582677166
21
1.0254546062992125
0
LINE
8
BLACK
6
CONTINUOUS
10
2.3011438582677166
20
1.0254546062992125
11
2.3011438582677166
21
1.0231623622047243
0
LINE
8
BLACK
6
CONTINUOUS
10
2.3011438582677166
20
1.0231623622047243
11
2.3098459842519685
21
1.0170709448818898
0
LINE
8
BLACK
6
CONTINUOUS
10
2.3098459842519685
20
1.0170709448818898
11
2.3104937007874016
21
1.0160544881889764
0
LINE
8
BLACK
6
CONTINUOUS
10
2.3104937007874016
20
1.0160544881889764
11
2.3102330314960628
21
1.014877716535433
0
LINE
8
BLACK
6
CONTINUOUS
10
2.3102330314960628
20
1.014877716535433
11
2.3092165748031497
21
1.01423
0
LINE
8
BLACK
6
CONTINUOUS
10
2.3092165748031497
20
1.01423
11
2.3080398031496063
21
1.0144907086614172
0
LINE
8
BLACK
6
CONTINUOUS
10
2.3080398031496063
20
1.0144907086614172
11
2.3010755905511813
21
1.0193655905511811
0
LINE
8
BLACK
6
CONTINUOUS
10
2.3010755905511813
20
1.0193655905511811
11
2.3010035433070866
21
1.0191916929133857
0
LINE
8
BLACK
6
CONTINUOUS
10
2.3010035433070866
20
1.0191916929133857
11
2.300977598425197
21
1.018826062992126
0
LINE
8
BLACK
6
CONTINUOUS
10
2.300977598425197
20
1.018826062992126
11
2.3000401968503938
21
1.0169512992125984
0
LINE
8
BLACK
6
CONTINUOUS
10
2.3000401968503938
20
1.0169512992125984
11
2.2998443700787403
21
1.0167814566929134
0
LINE
8
BLACK
6
CONTINUOUS
10
2.2998443700787403
20
1.0167814566929134
11
2.2997452362204722
21
1.0165420866141732
0
LINE
8
BLACK
6
CONTINUOUS
10
2.2997452362204722
20
1.0165420866141732
11
2.2988078740157478
21
1.0156046456692913
0
LINE
8
BLACK
6
CONTINUOUS
10
2.2988078740157478
20
1.0156046456692913
11
2.2985683070866143
21
1.0155053937007874
0
LINE
8
BLACK
6
CONTINUOUS
10
2.2985683070866143
20
1.0155053937007874
11
2.2983985433070866
21
1.0153096456692914
0
LINE
8
BLACK
6
CONTINUOUS
10
2.2983985433070866
20
1.0153096456692914
11
2.296523779527559
21
1.014372283464567
0
LINE
8
BLACK
6
CONTINUOUS
10
2.296523779527559
20
1.014372283464567
11
2.296158149606299
21
1.0143462992125984
0
LINE
8
BLACK
6
CONTINUOUS
10
2.296158149606299
20
1.0143462992125984
11
2.2958195275590549
21
1.0142060236220471
0
LINE
8
BLACK
6
CONTINUOUS
10
2.2958195275590549
20
1.0142060236220471
11
2.2930073622047242
21
1.0142060236220471
0
LINE
8
BLACK
6
CONTINUOUS
10
2.2930073622047242
20
1.0142060236220471
11
2.2926687007874014
21
1.0143462992125984
0
LINE
8
BLACK
6
CONTINUOUS
10
2.2926687007874014
20
1.0143462992125984
11
2.2923030708661418
21
1.014372283464567
0
LINE
8
BLACK
6
CONTINUOUS
10
2.2923030708661418
20
1.014372283464567
11
2.290428346456693
21
1.0153096456692914
0
LINE
8
BLACK
6
CONTINUOUS
10
2.290428346456693
20
1.0153096456692914
11
2.2902585433070866
21
1.0155053937007874
0
LINE
8
BLACK
6
CONTINUOUS
10
2.2902585433070866
20
1.0155053937007874
11
2.2900190157480314
21
1.0156046456692913
0
LINE
8
BLACK
6
CONTINUOUS
10
2.2900190157480314
20
1.0156046456692913
11
2.2890816535433069
21
1.0165420472440945
0
LINE
8
BLACK
6
CONTINUOUS
10
2.2890816535433069
20
1.0165420472440945
11
2.2889824409448818
21
1.0167814960629922
0
LINE
8
BLACK
6
CONTINUOUS
10
2.2889824409448818
20
1.0167814960629922
11
2.2887866929133858
21
1.0169512992125984
0
LINE
8
BLACK
6
CONTINUOUS
10
2.2887866929133858
20
1.0169512992125984
11
2.2878492913385826
21
1.018826062992126
0
LINE
8
BLACK
6
CONTINUOUS
10
2.2878492913385826
20
1.018826062992126
11
2.2878233070866143
21
1.0191916929133857
0
LINE
8
BLACK
6
CONTINUOUS
10
2.2878233070866143
20
1.0191916929133857
11
2.287683031496063
21
1.0195303543307086
0
LINE
8
BLACK
6
CONTINUOUS
10
2.287683031496063
20
1.0195303543307086
11
2.287683031496063
21
1.0270294094488188
0
LINE
8
BLACK
6
CONTINUOUS
10
2.287683031496063
20
1.0270294094488188
11
2.2881442913385825
21
1.0281429527559054
0
LINE
8
BLACK
6
CONTINUOUS
10
2.2881442913385825
20
1.0281429527559054
11
2.2892578346456691
21
1.0286042125984252
0
LINE
8
BLACK
6
CONTINUOUS
10
2.2892578346456691
20
1.0286042125984252
11
2.3089428740157478
21
1.0286042125984252
0
LINE
8
BLACK
6
CONTINUOUS
10
2.3089428740157478
20
1.0286042125984252
11
2.3100564173228344
21
1.0281429527559054
0
LINE
8
BLACK
6
CONTINUOUS
10
2.2908326377952757
20
1.019902125984252
11
2.2914894881889762
21
1.0185884251968504
0
LINE
8
BLACK
6
CONTINUOUS
10
2.2914894881889762
20
1.0185884251968504
11
2.2920654330708663
21
1.0180124015748031
0
LINE
8
BLACK
6
CONTINUOUS
10
2.2920654330708663
20
1.0180124015748031
11
2.2933790944881891
21
1.0173556299212598
0
LINE
8
BLACK
6
CONTINUOUS
10
2.2933790944881891
20
1.0173556299212598
11
2.2954477952755905
21
1.0173556299212598
0
LINE
8
BLACK
6
CONTINUOUS
10
2.2954477952755905
20
1.0173556299212598
11
2.2967613779527558
21
1.0180124015748031
0
LINE
8
BLACK
6
CONTINUOUS
10
2.2967613779527558
20
1.0180124015748031
11
2.2973373622047242
21
1.0185884251968504
0
LINE
8
BLACK
6
CONTINUOUS
10
2.2973373622047242
20
1.0185884251968504
11
2.2979942519685039
21
1.019902125984252
0
LINE
8
BLACK
6
CONTINUOUS
10
2.2979942519685039
20
1.019902125984252
11
2.2979942519685039
21
1.0254546062992125
0
LINE
8
BLACK
6
CONTINUOUS
10
2.2979942519685039
20
1.0254546062992125
11
2.2908326377952757
21
1.0254546062992125
0
LINE
8
BLACK
6
CONTINUOUS
10
2.2908326377952757
20
1.0254546062992125
11
2.2908326377952757
21
1.019902125984252
0
LINE
8
BLACK
6
CONTINUOUS
10
2.3236220472440943
20
1.0538385826771652
11
2.3250139763779525
21
1.0532620078740158
0
LINE
8
BLACK
6
CONTINUOUS
10
2.3250139763779525
20
1.0532620078740158
11
2.3255905511811021
21
1.0518700787401574
0
LINE
8
BLACK
6
CONTINUOUS
10
2.3255905511811021
20
1.0518700787401574
11
2.3255905511811021
21
0.9731299212598425
0
LINE
8
BLACK
6
CONTINUOUS
10
2.3255905511811021
20
0.9731299212598425
11
2.3250139763779525
21
0.9717379921259842
0
LINE
8
BLACK
6
CONTINUOUS
10
2.3250139763779525
20
0.9717379921259842
11
2.3236220472440943
21
0.9711614173228347
0
LINE
8
BLACK
6
CONTINUOUS
10
2.3236220472440943
20
0.9711614173228347
11
2.2763779527559054
21
0.9711614173228347
0
LINE
8
BLACK
6
CONTINUOUS
10
2.2763779527559054
20
0.9711614173228347
11
2.2749860236220472
21
0.9717379921259842
0
LINE
8
BLACK
6
CONTINUOUS
10
2.2749860236220472
20
0.9717379921259842
11
2.2744094488188975
21
0.9731299212598425
0
LINE
8
BLACK
6
CONTINUOUS
10
2.2744094488188975
20
0.9731299212598425
11
2.2744094488188975
21
1.0518700787401574
0
LINE
8
BLACK
6
CONTINUOUS
10
2.2744094488188975
20
1.0518700787401574
11
2.2749860236220472
21
1.0532620078740158
0
LINE
8
BLACK
6
CONTINUOUS
10
2.2749860236220472
20
1.0532620078740158
11
2.2763779527559054
21
1.0538385826771652
0
LINE
8
BLACK
6
CONTINUOUS
10
2.2763779527559054
20
1.0538385826771652
11
2.3236220472440943
21
1.0538385826771652
0
LINE
8
BLACK
6
CONTINUOUS
10
2.2783464566929132
20
1.0499015748031495
11
2.2783464566929132
21
0.9750984251968504
0
LINE
8
BLACK
6
CONTINUOUS
10
2.2783464566929132
20
0.9750984251968504
11
2.3216535433070864
21
0.9750984251968504
0
LINE
8
BLACK
6
CONTINUOUS
10
2.3216535433070864
20
0.9750984251968504
11
2.3216535433070864
21
1.0499015748031495
0
LINE
8
BLACK
6
CONTINUOUS
10
2.3216535433070864
20
1.0499015748031495
11
2.2783464566929132
21
1.0499015748031495
0
LINE
8
BLACK
6
CONTINUOUS
10
2.052996062992126
20
1.0371766141732284
11
2.0533617322834643
21
1.0371506692913386
0
LINE
8
BLACK
6
CONTINUOUS
10
2.0533617322834643
20
1.0371506692913386
11
2.0552364960629919
21
1.0362132677165354
0
LINE
8
BLACK
6
CONTINUOUS
10
2.0552364960629919
20
1.0362132677165354
11
2.0554062598425196
21
1.0360174803149607
0
LINE
8
BLACK
6
CONTINUOUS
10
2.0554062598425196
20
1.0360174803149607
11
2.055645748031496
21
1.0359183070866143
0
LINE
8
BLACK
6
CONTINUOUS
10
2.055645748031496
20
1.0359183070866143
11
2.0565831496062992
21
1.0349809448818896
0
LINE
8
BLACK
6
CONTINUOUS
10
2.0565831496062992
20
1.0349809448818896
11
2.0566451968503938
21
1.0348311023622048
0
LINE
8
BLACK
6
CONTINUOUS
10
2.0566451968503938
20
1.0348311023622048
11
2.0567799212598423
21
1.0347409055118111
0
LINE
8
BLACK
6
CONTINUOUS
10
2.0567799212598423
20
1.0347409055118111
11
2.0586546850393699
21
1.0319287401574804
0
LINE
8
BLACK
6
CONTINUOUS
10
2.0586546850393699
20
1.0319287401574804
11
2.0587081102362204
21
1.0316584645669291
0
LINE
8
BLACK
6
CONTINUOUS
10
2.0587081102362204
20
1.0316584645669291
11
2.0588721653543307
21
1.0314371259842519
0
LINE
8
BLACK
6
CONTINUOUS
10
2.0588721653543307
20
1.0314371259842519
11
2.0598095275590551
21
1.0276875984251967
0
LINE
8
BLACK
6
CONTINUOUS
10
2.0598095275590551
20
1.0276875984251967
11
2.0597801181102362
21
1.0274900787401575
0
LINE
8
BLACK
6
CONTINUOUS
10
2.0597801181102362
20
1.0274900787401575
11
2.0598565354330707
21
1.0273056692913385
0
LINE
8
BLACK
6
CONTINUOUS
10
2.0598565354330707
20
1.0273056692913385
11
2.0598565354330707
21
1.0198066141732283
0
LINE
8
BLACK
6
CONTINUOUS
10
2.0598565354330707
20
1.0198066141732283
11
2.0597162204724411
21
1.0194679527559054
0
LINE
8
BLACK
6
CONTINUOUS
10
2.0597162204724411
20
1.0194679527559054
11
2.0596902755905511
21
1.0191023228346456
0
LINE
8
BLACK
6
CONTINUOUS
10
2.0596902755905511
20
1.0191023228346456
11
2.0587529133858267
21
1.0172275984251968
0
LINE
8
BLACK
6
CONTINUOUS
10
2.0587529133858267
20
1.0172275984251968
11
2.0585571259842519
21
1.0170577952755906
0
LINE
8
BLACK
6
CONTINUOUS
10
2.0585571259842519
20
1.0170577952755906
11
2.0584579133858267
21
1.0168182677165354
0
LINE
8
BLACK
6
CONTINUOUS
10
2.0584579133858267
20
1.0168182677165354
11
2.0575205118110236
21
1.015880905511811
0
LINE
8
BLACK
6
CONTINUOUS
10
2.0575205118110236
20
1.015880905511811
11
2.0572810236220471
21
1.0157816929133858
0
LINE
8
BLACK
6
CONTINUOUS
10
2.0572810236220471
20
1.0157816929133858
11
2.0571112598425199
21
1.0155859448818898
0
LINE
8
BLACK
6
CONTINUOUS
10
2.0571112598425199
20
1.0155859448818898
11
2.0552364960629919
21
1.0146485433070866
0
LINE
8
BLACK
6
CONTINUOUS
10
2.0552364960629919
20
1.0146485433070866
11
2.0548708267716536
21
1.0146225590551181
0
LINE
8
BLACK
6
CONTINUOUS
10
2.0548708267716536
20
1.0146225590551181
11
2.0545322047244094
21
1.0144822834645668
0
LINE
8
BLACK
6
CONTINUOUS
10
2.0545322047244094
20
1.0144822834645668
11
2.0507826771653543
21
1.0144822834645668
0
LINE
8
BLACK
6
CONTINUOUS
10
2.0507826771653543
20
1.0144822834645668
11
2.0504440157480315
21
1.0146225590551181
0
LINE
8
BLACK
6
CONTINUOUS
10
2.0504440157480315
20
1.0146225590551181
11
2.0500783858267715
21
1.0146485433070866
0
LINE
8
BLACK
6
CONTINUOUS
10
2.0500783858267715
20
1.0146485433070866
11
2.0482036220472439
21
1.0155859448818898
0
LINE
8
BLACK
6
CONTINUOUS
10
2.0482036220472439
20
1.0155859448818898
11
2.0480337795275592
21
1.0157817322834646
0
LINE
8
BLACK
6
CONTINUOUS
10
2.0480337795275592
20
1.0157817322834646
11
2.0477943700787402
21
1.0158809448818897
0
LINE
8
BLACK
6
CONTINUOUS
10
2.0477943700787402
20
1.0158809448818897
11
2.0468570078740158
21
1.0168183070866141
0
LINE
8
BLACK
6
CONTINUOUS
10
2.0468570078740158
20
1.0168183070866141
11
2.0467577952755907
21
1.0170577165354331
0
LINE
8
BLACK
6
CONTINUOUS
10
2.0467577952755907
20
1.0170577165354331
11
2.0465620078740159
21
1.0172275590551181
0
LINE
8
BLACK
6
CONTINUOUS
10
2.0465620078740159
20
1.0172275590551181
11
2.0456246062992127
21
1.0191023228346456
0
LINE
8
BLACK
6
CONTINUOUS
10
2.0456246062992127
20
1.0191023228346456
11
2.045598622047244
21
1.0194679527559054
0
LINE
8
BLACK
6
CONTINUOUS
10
2.045598622047244
20
1.0194679527559054
11
2.0454583464566927
21
1.0198066141732283
0
LINE
8
BLACK
6
CONTINUOUS
10
2.0454583464566927
20
1.0198066141732283
11
2.0454583464566927
21
1.0244935433070865
0
LINE
8
BLACK
6
CONTINUOUS
10
2.0454583464566927
20
1.0244935433070865
11
2.045598622047244
21
1.0248321653543306
0
LINE
8
BLACK
6
CONTINUOUS
10
2.045598622047244
20
1.0248321653543306
11
2.0456246062992127
21
1.0251978346456692
0
LINE
8
BLACK
6
CONTINUOUS
10
2.0456246062992127
20
1.0251978346456692
11
2.0465620078740159
21
1.0270725984251969
0
LINE
8
BLACK
6
CONTINUOUS
10
2.0465620078740159
20
1.0270725984251969
11
2.0467577952755907
21
1.0272424015748032
0
LINE
8
BLACK
6
CONTINUOUS
10
2.0467577952755907
20
1.0272424015748032
11
2.0468570078740158
21
1.0274818503937007
0
LINE
8
BLACK
6
CONTINUOUS
10
2.0468570078740158
20
1.0274818503937007
11
2.0477943700787402
21
1.0284192125984253
0
LINE
8
BLACK
6
CONTINUOUS
10
2.0477943700787402
20
1.0284192125984253
11
2.0480337795275592
21
1.0285183858267717
0
LINE
8
BLACK
6
CONTINUOUS
10
2.0480337795275592
20
1.0285183858267717
11
2.0482036220472439
21
1.0287142125984252
0
LINE
8
BLACK
6
CONTINUOUS
10
2.0482036220472439
20
1.0287142125984252
11
2.0500783858267715
21
1.0296516141732284
0
LINE
8
BLACK
6
CONTINUOUS
10
2.0500783858267715
20
1.0296516141732284
11
2.0504440157480315
21
1.0296775590551182
0
LINE
8
BLACK
6
CONTINUOUS
10
2.0504440157480315
20
1.0296775590551182
11
2.0507826771653543
21
1.029817874015748
0
LINE
8
BLACK
6
CONTINUOUS
10
2.0507826771653543
20
1.029817874015748
11
2.0545322047244094
21
1.029817874015748
0
LINE
8
BLACK
6
CONTINUOUS
10
2.0545322047244094
20
1.029817874015748
11
2.0548708267716536
21
1.0296775590551182
0
LINE
8
BLACK
6
CONTINUOUS
10
2.0548708267716536
20
1.0296775590551182
11
2.0552364960629919
21
1.0296516141732284
0
LINE
8
BLACK
6
CONTINUOUS
10
2.0552364960629919
20
1.0296516141732284
11
2.0561912992125984
21
1.0291741732283464
0
LINE
8
BLACK
6
CONTINUOUS
10
2.0561912992125984
20
1.0291741732283464
11
2.0558827165354332
21
1.0304086220472441
0
LINE
8
BLACK
6
CONTINUOUS
10
2.0558827165354332
20
1.0304086220472441
11
2.0542457480314962
21
1.0328640944881891
0
LINE
8
BLACK
6
CONTINUOUS
10
2.0542457480314962
20
1.0328640944881891
11
2.0535993307086615
21
1.0335104330708662
0
LINE
8
BLACK
6
CONTINUOUS
10
2.0535993307086615
20
1.0335104330708662
11
2.0522856692913387
21
1.0341673228346457
0
LINE
8
BLACK
6
CONTINUOUS
10
2.0522856692913387
20
1.0341673228346457
11
2.0489079133858268
21
1.0341673228346457
0
LINE
8
BLACK
6
CONTINUOUS
10
2.0489079133858268
20
1.0341673228346457
11
2.0477943700787402
21
1.0346285826771653
0
LINE
8
BLACK
6
CONTINUOUS
10
2.0477943700787402
20
1.0346285826771653
11
2.0473331102362202
21
1.0357421259842519
0
LINE
8
BLACK
6
CONTINUOUS
10
2.0473331102362202
20
1.0357421259842519
11
2.0477943700787402
21
1.0368556692913387
0
LINE
8
BLACK
6
CONTINUOUS
10
2.0477943700787402
20
1.0368556692913387
11
2.0489079133858268
21
1.0373169291338582
0
LINE
8
BLACK
6
CONTINUOUS
10
2.0489079133858268
20
1.0373169291338582
11
2.0526574409448819
21
1.0373169291338582
0
LINE
8
BLACK
6
CONTINUOUS
10
2.0526574409448819
20
1.0373169291338582
11
2.052996062992126
21
1.0371766141732284
0
LINE
8
BLACK
6
CONTINUOUS
10
2.0498407086614172
20
1.026011377952756
11
2.0492648031496064
21
1.0254354724409449
0
LINE
8
BLACK
6
CONTINUOUS
10
2.0492648031496064
20
1.0254354724409449
11
2.0486079527559053
21
1.0241217322834646
0
LINE
8
BLACK
6
CONTINUOUS
10
2.0486079527559053
20
1.0241217322834646
11
2.0486079527559053
21
1.0201783858267717
0
LINE
8
BLACK
6
CONTINUOUS
10
2.0486079527559053
20
1.0201783858267717
11
2.0492648031496064
21
1.0188646456692914
0
LINE
8
BLACK
6
CONTINUOUS
10
2.0492648031496064
20
1.0188646456692914
11
2.0498407086614172
21
1.0182887401574803
0
LINE
8
BLACK
6
CONTINUOUS
10
2.0498407086614172
20
1.0182887401574803
11
2.0511544488188975
21
1.0176318897637795
0
LINE
8
BLACK
6
CONTINUOUS
10
2.0511544488188975
20
1.0176318897637795
11
2.0541604330708663
21
1.0176318897637795
0
LINE
8
BLACK
6
CONTINUOUS
10
2.0541604330708663
20
1.0176318897637795
11
2.0554740944881891
21
1.0182887401574803
0
LINE
8
BLACK
6
CONTINUOUS
10
2.0554740944881891
20
1.0182887401574803
11
2.0560501181102362
21
1.0188646850393701
0
LINE
8
BLACK
6
CONTINUOUS
10
2.0560501181102362
20
1.0188646850393701
11
2.0567069291338584
21
1.0201783070866142
0
LINE
8
BLACK
6
CONTINUOUS
10
2.0567069291338584
20
1.0201783070866142
11
2.0567069291338584
21
1.0241218110236221
0
LINE
8
BLACK
6
CONTINUOUS
10
2.0567069291338584
20
1.0241218110236221
11
2.0560501181102362
21
1.0254354330708662
0
LINE
8
BLACK
6
CONTINUOUS
10
2.0560501181102362
20
1.0254354330708662
11
2.0554740944881891
21
1.026011377952756
0
LINE
8
BLACK
6
CONTINUOUS
10
2.0554740944881891
20
1.026011377952756
11
2.0541604330708663
21
1.0266682677165353
0
LINE
8
BLACK
6
CONTINUOUS
10
2.0541604330708663
20
1.0266682677165353
11
2.0511544488188975
21
1.0266682677165353
0
LINE
8
BLACK
6
CONTINUOUS
10
2.0511544488188975
20
1.0266682677165353
11
2.0498407086614172
21
1.026011377952756
0
LINE
8
BLACK
6
CONTINUOUS
10
2.0716445669291339
20
1.037217716535433
11
2.0719031102362204
21
1.0372361023622048
0
LINE
8
BLACK
6
CONTINUOUS
10
2.0719031102362204
20
1.0372361023622048
11
2.0747152362204724
21
1.0362987007874016
0
LINE
8
BLACK
6
CONTINUOUS
10
2.0747152362204724
20
1.0362987007874016
11
2.0749921259842519
21
1.0360585433070866
0
LINE
8
BLACK
6
CONTINUOUS
10
2.0749921259842519
20
1.0360585433070866
11
2.0753307874015747
21
1.0359182677165355
0
LINE
8
BLACK
6
CONTINUOUS
10
2.0753307874015747
20
1.0359182677165355
11
2.0772055511811023
21
1.0340435433070867
0
LINE
8
BLACK
6
CONTINUOUS
10
2.0772055511811023
20
1.0340435433070867
11
2.0773047244094487
21
1.0338040551181102
0
LINE
8
BLACK
6
CONTINUOUS
10
2.0773047244094487
20
1.0338040551181102
11
2.0775005511811022
21
1.033634251968504
0
LINE
8
BLACK
6
CONTINUOUS
10
2.0775005511811022
20
1.033634251968504
11
2.0784379527559054
21
1.0317594881889764
0
LINE
8
BLACK
6
CONTINUOUS
10
2.0784379527559054
20
1.0317594881889764
11
2.0784506299212597
21
1.0315809448818898
0
LINE
8
BLACK
6
CONTINUOUS
10
2.0784506299212597
20
1.0315809448818898
11
2.0785572047244094
21
1.0314371259842519
0
LINE
8
BLACK
6
CONTINUOUS
10
2.0785572047244094
20
1.0314371259842519
11
2.0794945669291338
21
1.0276875984251967
0
LINE
8
BLACK
6
CONTINUOUS
10
2.0794945669291338
20
1.0276875984251967
11
2.0794651574803149
21
1.0274900787401575
0
LINE
8
BLACK
6
CONTINUOUS
10
2.0794651574803149
20
1.0274900787401575
11
2.0795415748031494
21
1.0273056692913385
0
LINE
8
BLACK
6
CONTINUOUS
10
2.0795415748031494
20
1.0273056692913385
11
2.0795415748031494
21
1.0244935433070865
0
LINE
8
BLACK
6
CONTINUOUS
10
2.0795415748031494
20
1.0244935433070865
11
2.0794651574803149
21
1.024309094488189
0
LINE
8
BLACK
6
CONTINUOUS
10
2.0794651574803149
20
1.024309094488189
11
2.0794945669291338
21
1.0241116141732283
0
LINE
8
BLACK
6
CONTINUOUS
10
2.0794945669291338
20
1.0241116141732283
11
2.0785572047244094
21
1.0203620866141732
0
LINE
8
BLACK
6
CONTINUOUS
10
2.0785572047244094
20
1.0203620866141732
11
2.0784506299212597
21
1.0202182283464567
0
LINE
8
BLACK
6
CONTINUOUS
10
2.0784506299212597
20
1.0202182283464567
11
2.0784379527559054
21
1.0200397244094488
0
LINE
8
BLACK
6
CONTINUOUS
10
2.0784379527559054
20
1.0200397244094488
11
2.0775005511811022
21
1.0181649606299212
0
LINE
8
BLACK
6
CONTINUOUS
10
2.0775005511811022
20
1.0181649606299212
11
2.0773047244094487
21
1.0179951181102362
0
LINE
8
BLACK
6
CONTINUOUS
10
2.0773047244094487
20
1.0179951181102362
11
2.0772055511811023
21
1.0177556692913385
0
LINE
8
BLACK
6
CONTINUOUS
10
2.0772055511811023
20
1.0177556692913385
11
2.0753307874015747
21
1.0158809448818897
0
LINE
8
BLACK
6
CONTINUOUS
10
2.0753307874015747
20
1.0158809448818897
11
2.0749921259842519
21
1.0157406299212599
0
LINE
8
BLACK
6
CONTINUOUS
10
2.0749921259842519
20
1.0157406299212599
11
2.0747152362204724
21
1.0155005118110236
0
LINE
8
BLACK
6
CONTINUOUS
10
2.0747152362204724
20
1.0155005118110236
11
2.0719031102362204
21
1.0145631102362205
0
LINE
8
BLACK
6
CONTINUOUS
10
2.0719031102362204
20
1.0145631102362205
11
2.0716445669291339
21
1.0145814566929134
0
LINE
8
BLACK
6
CONTINUOUS
10
2.0716445669291339
20
1.0145814566929134
11
2.0714051181102362
21
1.0144822834645668
0
LINE
8
BLACK
6
CONTINUOUS
10
2.0714051181102362
20
1.0144822834645668
11
2.0695303543307086
21
1.0144822834645668
0
LINE
8
BLACK
6
CONTINUOUS
10
2.0695303543307086
20
1.0144822834645668
11
2.0692908661417322
21
1.0145814566929134
0
LINE
8
BLACK
6
CONTINUOUS
10
2.0692908661417322
20
1.0145814566929134
11
2.0690323622047244
21
1.0145631102362205
0
LINE
8
BLACK
6
CONTINUOUS
10
2.0690323622047244
20
1.0145631102362205
11
2.0662201968503937
21
1.0155005118110236
0
LINE
8
BLACK
6
CONTINUOUS
10
2.0662201968503937
20
1.0155005118110236
11
2.0659432677165355
21
1.0157406299212599
0
LINE
8
BLACK
6
CONTINUOUS
10
2.0659432677165355
20
1.0157406299212599
11
2.0656046456692914
21
1.0158809448818897
0
LINE
8
BLACK
6
CONTINUOUS
10
2.0656046456692914
20
1.0158809448818897
11
2.064667283464567
21
1.0168183070866141
0
LINE
8
BLACK
6
CONTINUOUS
10
2.064667283464567
20
1.0168183070866141
11
2.0642060236220474
21
1.0179318503937007
0
LINE
8
BLACK
6
CONTINUOUS
10
2.0642060236220474
20
1.0179318503937007
11
2.064667283464567
21
1.0190453937007873
0
LINE
8
BLACK
6
CONTINUOUS
10
2.064667283464567
20
1.0190453937007873
11
2.0657808267716535
21
1.0195066535433071
0
LINE
8
BLACK
6
CONTINUOUS
10
2.0657808267716535
20
1.0195066535433071
11
2.0668943700787401
21
1.0190453937007873
0
LINE
8
BLACK
6
CONTINUOUS
10
2.0668943700787401
20
1.0190453937007873
11
2.0675688582677165
21
1.0183708661417323
0
LINE
8
BLACK
6
CONTINUOUS
10
2.0675688582677165
20
1.0183708661417323
11
2.0697858661417321
21
1.0176318897637795
0
LINE
8
BLACK
6
CONTINUOUS
10
2.0697858661417321
20
1.0176318897637795
11
2.0711496062992127
21
1.0176318897637795
0
LINE
8
BLACK
6
CONTINUOUS
10
2.0711496062992127
20
1.0176318897637795
11
2.0733665354330708
21
1.0183708661417323
0
LINE
8
BLACK
6
CONTINUOUS
10
2.0733665354330708
20
1.0183708661417323
11
2.0747977559055117
21
1.0198020866141733
0
LINE
8
BLACK
6
CONTINUOUS
10
2.0747977559055117
20
1.0198020866141733
11
2.0755435039370078
21
1.0212936614173229
0
LINE
8
BLACK
6
CONTINUOUS
10
2.0755435039370078
20
1.0212936614173229
11
2.0763919685039371
21
1.0246874015748031
0
LINE
8
BLACK
6
CONTINUOUS
10
2.0763919685039371
20
1.0246874015748031
11
2.0763919685039371
21
1.0271117716535434
0
LINE
8
BLACK
6
CONTINUOUS
10
2.0763919685039371
20
1.0271117716535434
11
2.0755435039370078
21
1.0305055118110236
0
LINE
8
BLACK
6
CONTINUOUS
10
2.0755435039370078
20
1.0305055118110236
11
2.0747977559055117
21
1.0319970866141732
0
LINE
8
BLACK
6
CONTINUOUS
10
2.0747977559055117
20
1.0319970866141732
11
2.0733665354330708
21
1.0334283070866142
0
LINE
8
BLACK
6
CONTINUOUS
10
2.0733665354330708
20
1.0334283070866142
11
2.0711496062992127
21
1.0341673228346457
0
LINE
8
BLACK
6
CONTINUOUS
10
2.0711496062992127
20
1.0341673228346457
11
2.0697858661417321
21
1.0341673228346457
0
LINE
8
BLACK
6
CONTINUOUS
10
2.0697858661417321
20
1.0341673228346457
11
2.0675688582677165
21
1.0334283070866142
0
LINE
8
BLACK
6
CONTINUOUS
10
2.0675688582677165
20
1.0334283070866142
11
2.0668943700787401
21
1.0327538188976377
0
LINE
8
BLACK
6
CONTINUOUS
10
2.0668943700787401
20
1.0327538188976377
11
2.0657808267716535
21
1.0322925590551182
0
LINE
8
BLACK
6
CONTINUOUS
10
2.0657808267716535
20
1.0322925590551182
11
2.064667283464567
21
1.0327538188976377
0
LINE
8
BLACK
6
CONTINUOUS
10
2.064667283464567
20
1.0327538188976377
11
2.0642060236220474
21
1.0338673622047243
0
LINE
8
BLACK
6
CONTINUOUS
10
2.0642060236220474
20
1.0338673622047243
11
2.064667283464567
21
1.0349809055118111
0
LINE
8
BLACK
6
CONTINUOUS
10
2.064667283464567
20
1.0349809055118111
11
2.0656046456692914
21
1.0359182677165355
0
LINE
8
BLACK
6
CONTINUOUS
10
2.0656046456692914
20
1.0359182677165355
11
2.0659432677165355
21
1.0360585433070866
0
LINE
8
BLACK
6
CONTINUOUS
10
2.0659432677165355
20
1.0360585433070866
11
2.0662201968503937
21
1.0362987007874016
0
LINE
8
BLACK
6
CONTINUOUS
10
2.0662201968503937
20
1.0362987007874016
11
2.0690323622047244
21
1.0372361023622048
0
LINE
8
BLACK
6
CONTINUOUS
10
2.0690323622047244
20
1.0372361023622048
11
2.0692908661417322
21
1.037217716535433
0
LINE
8
BLACK
6
CONTINUOUS
10
2.0692908661417322
20
1.037217716535433
11
2.0695303543307086
21
1.0373169291338582
0
LINE
8
BLACK
6
CONTINUOUS
10
2.0695303543307086
20
1.0373169291338582
11
2.0714051181102362
21
1.0373169291338582
0
LINE
8
BLACK
6
CONTINUOUS
10
2.0714051181102362
20
1.0373169291338582
11
2.0716445669291339
21
1.037217716535433
0
LINE
8
BLACK
6
CONTINUOUS
10
2.1018700787401574
20
1.0505905511811022
11
2.1032620078740156
21
1.0500139763779528
0
LINE
8
BLACK
6
CONTINUOUS
10
2.1032620078740156
20
1.0500139763779528
11
2.1038385826771653
21
1.0486220472440944
0
LINE
8
BLACK
6
CONTINUOUS
10
2.1038385826771653
20
1.0486220472440944
11
2.1038385826771653
21
1.0013779527559055
0
LINE
8
BLACK
6
CONTINUOUS
10
2.1038385826771653
20
1.0013779527559055
11
2.1032620078740156
21
0.9999860236220472
0
LINE
8
BLACK
6
CONTINUOUS
10
2.1032620078740156
20
0.9999860236220472
11
2.1018700787401574
21
0.9994094488188976
0
LINE
8
BLACK
6
CONTINUOUS
10
2.1018700787401574
20
0.9994094488188976
11
2.0231299212598426
21
0.9994094488188976
0
LINE
8
BLACK
6
CONTINUOUS
10
2.0231299212598426
20
0.9994094488188976
11
2.0217379921259844
21
0.9999860236220472
0
LINE
8
BLACK
6
CONTINUOUS
10
2.0217379921259844
20
0.9999860236220472
11
2.0211614173228347
21
1.0013779527559055
0
LINE
8
BLACK
6
CONTINUOUS
10
2.0211614173228347
20
1.0013779527559055
11
2.0211614173228347
21
1.0486220472440944
0
LINE
8
BLACK
6
CONTINUOUS
10
2.0211614173228347
20
1.0486220472440944
11
2.0217379921259844
21
1.0500139763779528
0
LINE
8
BLACK
6
CONTINUOUS
10
2.0217379921259844
20
1.0500139763779528
11
2.0231299212598426
21
1.0505905511811022
0
LINE
8
BLACK
6
CONTINUOUS
10
2.0231299212598426
20
1.0505905511811022
11
2.1018700787401574
21
1.0505905511811022
0
LINE
8
BLACK
6
CONTINUOUS
10
2.0250984251968505
20
1.0466535433070865
11
2.0250984251968505
21
1.0033464566929133
0
LINE
8
BLACK
6
CONTINUOUS
10
2.0250984251968505
20
1.0033464566929133
11
2.0999015748031495
21
1.0033464566929133
0
LINE
8
BLACK
6
CONTINUOUS
10
2.0999015748031495
20
1.0033464566929133
11
2.0999015748031495
21
1.0466535433070865
0
LINE
8
BLACK
6
CONTINUOUS
10
2.0999015748031495
20
1.0466535433070865
11
2.0250984251968505
21
1.0466535433070865
0
LINE
8
BLACK
6
CONTINUOUS
10
1.9558082283464566
20
1.1371766141732282
11
1.9561738976377951
21
1.1371506692913385
0
LINE
8
BLACK
6
CONTINUOUS
10
1.9561738976377951
20
1.1371506692913385
11
1.9580486614173227
21
1.1362132677165353
0
LINE
8
BLACK
6
CONTINUOUS
10
1.9580486614173227
20
1.1362132677165353
11
1.9582184645669292
21
1.1360174409448818
0
LINE
8
BLACK
6
CONTINUOUS
10
1.9582184645669292
20
1.1360174409448818
11
1.9584579133858266
21
1.1359182677165354
0
LINE
8
BLACK
6
CONTINUOUS
10
1.9584579133858266
20
1.1359182677165354
11
1.959395275590551
21
1.134980905511811
0
LINE
8
BLACK
6
CONTINUOUS
10
1.959395275590551
20
1.134980905511811
11
1.9598565354330708
21
1.1338673622047244
0
LINE
8
BLACK
6
CONTINUOUS
10
1.9598565354330708
20
1.1338673622047244
11
1.959395275590551
21
1.1327538188976378
0
LINE
8
BLACK
6
CONTINUOUS
10
1.959395275590551
20
1.1327538188976378
11
1.9582817322834645
21
1.1322925590551181
0
LINE
8
BLACK
6
CONTINUOUS
10
1.9582817322834645
20
1.1322925590551181
11
1.9571681889763779
21
1.1327538188976378
0
LINE
8
BLACK
6
CONTINUOUS
10
1.9571681889763779
20
1.1327538188976378
11
1.9564115354330709
21
1.1335104330708661
0
LINE
8
BLACK
6
CONTINUOUS
10
1.9564115354330709
20
1.1335104330708661
11
1.9550978346456693
21
1.1341673228346456
0
LINE
8
BLACK
6
CONTINUOUS
10
1.9550978346456693
20
1.1341673228346456
11
1.9511544488188977
21
1.1341673228346456
0
LINE
8
BLACK
6
CONTINUOUS
10
1.9511544488188977
20
1.1341673228346456
11
1.9498407086614173
21
1.1335104330708661
0
LINE
8
BLACK
6
CONTINUOUS
10
1.9498407086614173
20
1.1335104330708661
11
1.9492648031496063
21
1.132934527559055
0
LINE
8
BLACK
6
CONTINUOUS
10
1.9492648031496063
20
1.132934527559055
11
1.9486079527559055
21
1.1316207874015747
0
LINE
8
BLACK
6
CONTINUOUS
10
1.9486079527559055
20
1.1316207874015747
11
1.9486079527559055
21
1.130373346456693
0
LINE
8
BLACK
6
CONTINUOUS
10
1.9486079527559055
20
1.130373346456693
11
1.9493469291338583
21
1.1281563385826772
0
LINE
8
BLACK
6
CONTINUOUS
10
1.9493469291338583
20
1.1281563385826772
11
1.960332716535433
21
1.1171706299212598
0
LINE
8
BLACK
6
CONTINUOUS
10
1.960332716535433
20
1.1171706299212598
11
1.960793937007874
21
1.1160570866141732
0
LINE
8
BLACK
6
CONTINUOUS
10
1.960793937007874
20
1.1160570866141732
11
1.960332716535433
21
1.1149435039370079
0
LINE
8
BLACK
6
CONTINUOUS
10
1.960332716535433
20
1.1149435039370079
11
1.9592191338582676
21
1.1144822834645669
0
LINE
8
BLACK
6
CONTINUOUS
10
1.9592191338582676
20
1.1144822834645669
11
1.9470331496062991
21
1.1144822834645669
0
LINE
8
BLACK
6
CONTINUOUS
10
1.9470331496062991
20
1.1144822834645669
11
1.9459196062992126
21
1.1149435433070867
0
LINE
8
BLACK
6
CONTINUOUS
10
1.9459196062992126
20
1.1149435433070867
11
1.9454583464566928
21
1.1160570866141732
0
LINE
8
BLACK
6
CONTINUOUS
10
1.9454583464566928
20
1.1160570866141732
11
1.9459196062992126
21
1.1171706299212598
0
LINE
8
BLACK
6
CONTINUOUS
10
1.9459196062992126
20
1.1171706299212598
11
1.9470331496062991
21
1.1176318897637796
0
LINE
8
BLACK
6
CONTINUOUS
10
1.9470331496062991
20
1.1176318897637796
11
1.9554172047244094
21
1.1176318897637796
0
LINE
8
BLACK
6
CONTINUOUS
10
1.9554172047244094
20
1.1176318897637796
11
1.9468570078740157
21
1.126192125984252
0
LINE
8
BLACK
6
CONTINUOUS
10
1.9468570078740157
20
1.126192125984252
11
1.9467166929133859
21
1.1265307480314961
0
LINE
8
BLACK
6
CONTINUOUS
10
1.9467166929133859
20
1.1265307480314961
11
1.9464765748031496
21
1.1268076771653543
0
LINE
8
BLACK
6
CONTINUOUS
10
1.9464765748031496
20
1.1268076771653543
11
1.9455391732283465
21
1.1296198425196851
0
LINE
8
BLACK
6
CONTINUOUS
10
1.9455391732283465
20
1.1296198425196851
11
1.9455575196850394
21
1.1298783464566928
0
LINE
8
BLACK
6
CONTINUOUS
10
1.9455575196850394
20
1.1298783464566928
11
1.9454583464566928
21
1.1301178346456693
0
LINE
8
BLACK
6
CONTINUOUS
10
1.9454583464566928
20
1.1301178346456693
11
1.9454583464566928
21
1.1319925984251968
0
LINE
8
BLACK
6
CONTINUOUS
10
1.9454583464566928
20
1.1319925984251968
11
1.9455986220472441
21
1.1323312204724409
0
LINE
8
BLACK
6
CONTINUOUS
10
1.9455986220472441
20
1.1323312204724409
11
1.9456246062992126
21
1.1326968897637795
0
LINE
8
BLACK
6
CONTINUOUS
10
1.9456246062992126
20
1.1326968897637795
11
1.9465620078740158
21
1.134571653543307
0
LINE
8
BLACK
6
CONTINUOUS
10
1.9465620078740158
20
1.134571653543307
11
1.9467577952755906
21
1.1347414566929133
0
LINE
8
BLACK
6
CONTINUOUS
10
1.9467577952755906
20
1.1347414566929133
11
1.9468570078740157
21
1.134980905511811
0
LINE
8
BLACK
6
CONTINUOUS
10
1.9468570078740157
20
1.134980905511811
11
1.9477943700787401
21
1.1359182677165354
0
LINE
8
BLACK
6
CONTINUOUS
10
1.9477943700787401
20
1.1359182677165354
11
1.9480337795275591
21
1.1360174409448818
0
LINE
8
BLACK
6
CONTINUOUS
10
1.9480337795275591
20
1.1360174409448818
11
1.9482036220472441
21
1.1362132677165353
0
LINE
8
BLACK
6
CONTINUOUS
10
1.9482036220472441
20
1.1362132677165353
11
1.9500783858267716
21
1.1371506692913385
0
LINE
8
BLACK
6
CONTINUOUS
10
1.9500783858267716
20
1.1371506692913385
11
1.9504440157480314
21
1.1371766141732282
0
LINE
8
BLACK
6
CONTINUOUS
10
1.9504440157480314
20
1.1371766141732282
11
1.9507826771653543
21
1.1373169291338583
0
LINE
8
BLACK
6
CONTINUOUS
10
1.9507826771653543
20
1.1373169291338583
11
1.9554696062992125
21
1.1373169291338583
0
LINE
8
BLACK
6
CONTINUOUS
10
1.9554696062992125
20
1.1373169291338583
11
1.9558082283464566
21
1.1371766141732282
0
LINE
8
BLACK
6
CONTINUOUS
10
1.9781429527559056
20
1.1368556692913385
11
1.9786042125984251
21
1.1357421259842519
0
LINE
8
BLACK
6
CONTINUOUS
10
1.9786042125984251
20
1.1357421259842519
11
1.9786042125984251
21
1.1160570866141732
0
LINE
8
BLACK
6
CONTINUOUS
10
1.9786042125984251
20
1.1160570866141732
11
1.9781429527559056
21
1.1149435433070867
0
LINE
8
BLACK
6
CONTINUOUS
10
1.9781429527559056
20
1.1149435433070867
11
1.9770294094488188
21
1.1144822834645669
0
LINE
8
BLACK
6
CONTINUOUS
10
1.9770294094488188
20
1.1144822834645669
11
1.9759158661417322
21
1.1149435433070867
0
LINE
8
BLACK
6
CONTINUOUS
10
1.9759158661417322
20
1.1149435433070867
11
1.9754546062992127
21
1.1160570866141732
0
LINE
8
BLACK
6
CONTINUOUS
10
1.9754546062992127
20
1.1160570866141732
11
1.9754546062992127
21
1.1238561023622047
0
LINE
8
BLACK
6
CONTINUOUS
10
1.9754546062992127
20
1.1238561023622047
11
1.973162401574803
21
1.1238561023622047
0
LINE
8
BLACK
6
CONTINUOUS
10
1.973162401574803
20
1.1238561023622047
11
1.9670709448818897
21
1.1151540157480315
0
LINE
8
BLACK
6
CONTINUOUS
10
1.9670709448818897
20
1.1151540157480315
11
1.9660544881889763
21
1.1145062598425197
0
LINE
8
BLACK
6
CONTINUOUS
10
1.9660544881889763
20
1.1145062598425197
11
1.9648777559055117
21
1.114766968503937
0
LINE
8
BLACK
6
CONTINUOUS
10
1.9648777559055117
20
1.114766968503937
11
1.9642299999999999
21
1.1157834251968504
0
LINE
8
BLACK
6
CONTINUOUS
10
1.9642299999999999
20
1.1157834251968504
11
1.9644907086614172
21
1.116960157480315
0
LINE
8
BLACK
6
CONTINUOUS
10
1.9644907086614172
20
1.116960157480315
11
1.9693655905511811
21
1.1239243307086615
0
LINE
8
BLACK
6
CONTINUOUS
10
1.9693655905511811
20
1.1239243307086615
11
1.9691916929133857
21
1.123996377952756
0
LINE
8
BLACK
6
CONTINUOUS
10
1.9691916929133857
20
1.123996377952756
11
1.9688260629921259
21
1.1240223622047243
0
LINE
8
BLACK
6
CONTINUOUS
10
1.9688260629921259
20
1.1240223622047243
11
1.9669512992125984
21
1.1249597637795274
0
LINE
8
BLACK
6
CONTINUOUS
10
1.9669512992125984
20
1.1249597637795274
11
1.9667814566929134
21
1.1251555511811024
0
LINE
8
BLACK
6
CONTINUOUS
10
1.9667814566929134
20
1.1251555511811024
11
1.9665420866141732
21
1.1252547244094488
0
LINE
8
BLACK
6
CONTINUOUS
10
1.9665420866141732
20
1.1252547244094488
11
1.9656046456692913
21
1.1261920866141732
0
LINE
8
BLACK
6
CONTINUOUS
10
1.9656046456692913
20
1.1261920866141732
11
1.9655053937007874
21
1.1264316141732282
0
LINE
8
BLACK
6
CONTINUOUS
10
1.9655053937007874
20
1.1264316141732282
11
1.9653096456692913
21
1.1266014173228347
0
LINE
8
BLACK
6
CONTINUOUS
10
1.9653096456692913
20
1.1266014173228347
11
1.9643722834645669
21
1.1284761811023623
0
LINE
8
BLACK
6
CONTINUOUS
10
1.9643722834645669
20
1.1284761811023623
11
1.9643462992125984
21
1.1288417716535433
0
LINE
8
BLACK
6
CONTINUOUS
10
1.9643462992125984
20
1.1288417716535433
11
1.9642060236220471
21
1.1291804330708661
0
LINE
8
BLACK
6
CONTINUOUS
10
1.9642060236220471
20
1.1291804330708661
11
1.9642060236220471
21
1.1319925984251968
0
LINE
8
BLACK
6
CONTINUOUS
10
1.9642060236220471
20
1.1319925984251968
11
1.9643462992125984
21
1.1323312204724409
0
LINE
8
BLACK
6
CONTINUOUS
10
1.9643462992125984
20
1.1323312204724409
11
1.9643722834645669
21
1.1326968503937007
0
LINE
8
BLACK
6
CONTINUOUS
10
1.9643722834645669
20
1.1326968503937007
11
1.9653096456692913
21
1.1345716141732283
0
LINE
8
BLACK
6
CONTINUOUS
10
1.9653096456692913
20
1.1345716141732283
11
1.9655053937007874
21
1.134741377952756
0
LINE
8
BLACK
6
CONTINUOUS
10
1.9655053937007874
20
1.134741377952756
11
1.9656046456692913
21
1.1349809448818897
0
LINE
8
BLACK
6
CONTINUOUS
10
1.9656046456692913
20
1.1349809448818897
11
1.9665420866141732
21
1.1359183070866141
0
LINE
8
BLACK
6
CONTINUOUS
10
1.9665420866141732
20
1.1359183070866141
11
1.9667814566929134
21
1.1360174409448818
0
LINE
8
BLACK
6
CONTINUOUS
10
1.9667814566929134
20
1.1360174409448818
11
1.9669512992125984
21
1.1362132677165353
0
LINE
8
BLACK
6
CONTINUOUS
10
1.9669512992125984
20
1.1362132677165353
11
1.9688260629921259
21
1.1371506692913385
0
LINE
8
BLACK
6
CONTINUOUS
10
1.9688260629921259
20
1.1371506692913385
11
1.9691916929133857
21
1.1371766141732282
0
LINE
8
BLACK
6
CONTINUOUS
10
1.9691916929133857
20
1.1371766141732282
11
1.9695303543307086
21
1.1373169291338583
0
LINE
8
BLACK
6
CONTINUOUS
10
1.9695303543307086
20
1.1373169291338583
11
1.9770294094488188
21
1.1373169291338583
0
LINE
8
BLACK
6
CONTINUOUS
10
1.9770294094488188
20
1.1373169291338583
11
1.9781429527559056
21
1.1368556692913385
0
LINE
8
BLACK
6
CONTINUOUS
10
1.9685884251968504
20
1.1335104330708661
11
1.9680124015748031
21
1.1329344488188977
0
LINE
8
BLACK
6
CONTINUOUS
10
1.9680124015748031
20
1.1329344488188977
11
1.9673556299212598
21
1.1316208661417322
0
LINE
8
BLACK
6
CONTINUOUS
10
1.9673556299212598
20
1.1316208661417322
11
1.9673556299212598
21
1.1295521653543308
0
LINE
8
BLACK
6
CONTINUOUS
10
1.9673556299212598
20
1.1295521653543308
11
1.9680124015748031
21
1.1282385433070865
0
LINE
8
BLACK
6
CONTINUOUS
10
1.9680124015748031
20
1.1282385433070865
11
1.9685884251968504
21
1.1276625590551181
0
LINE
8
BLACK
6
CONTINUOUS
10
1.9685884251968504
20
1.1276625590551181
11
1.969902125984252
21
1.1270057086614174
0
LINE
8
BLACK
6
CONTINUOUS
10
1.969902125984252
20
1.1270057086614174
11
1.9754546062992127
21
1.1270057086614174
0
LINE
8
BLACK
6
CONTINUOUS
10
1.9754546062992127
20
1.1270057086614174
11
1.9754546062992127
21
1.1341673228346456
0
LINE
8
BLACK
6
CONTINUOUS
10
1.9754546062992127
20
1.1341673228346456
11
1.969902125984252
21
1.1341673228346456
0
LINE
8
BLACK
6
CONTINUOUS
10
1.969902125984252
20
1.1341673228346456
11
1.9685884251968504
21
1.1335104330708661
0
LINE
8
BLACK
6
CONTINUOUS
10
2.0018700787401573
20
1.1505905511811023
11
2.0032620078740155
21
1.1500139763779527
0
LINE
8
BLACK
6
CONTINUOUS
10
2.0032620078740155
20
1.1500139763779527
11
2.0038385826771652
21
1.1486220472440944
0
LINE
8
BLACK
6
CONTINUOUS
10
2.0038385826771652
20
1.1486220472440944
11
2.0038385826771652
21
1.1013779527559056
0
LINE
8
BLACK
6
CONTINUOUS
10
2.0038385826771652
20
1.1013779527559056
11
2.0032620078740155
21
1.0999860236220471
0
LINE
8
BLACK
6
CONTINUOUS
10
2.0032620078740155
20
1.0999860236220471
11
2.0018700787401573
21
1.0994094488188977
0
LINE
8
BLACK
6
CONTINUOUS
10
2.0018700787401573
20
1.0994094488188977
11
1.9231299212598425
21
1.0994094488188977
0
LINE
8
BLACK
6
CONTINUOUS
10
1.9231299212598425
20
1.0994094488188977
11
1.9217379921259843
21
1.0999860236220471
0
LINE
8
BLACK
6
CONTINUOUS
10
1.9217379921259843
20
1.0999860236220471
11
1.9211614173228346
21
1.1013779527559056
0
LINE
8
BLACK
6
CONTINUOUS
10
1.9211614173228346
20
1.1013779527559056
11
1.9211614173228346
21
1.1486220472440944
0
LINE
8
BLACK
6
CONTINUOUS
10
1.9211614173228346
20
1.1486220472440944
11
1.9217379921259843
21
1.1500139763779527
0
LINE
8
BLACK
6
CONTINUOUS
10
1.9217379921259843
20
1.1500139763779527
11
1.9231299212598425
21
1.1505905511811023
0
LINE
8
BLACK
6
CONTINUOUS
10
1.9231299212598425
20
1.1505905511811023
11
2.0018700787401573
21
1.1505905511811023
0
LINE
8
BLACK
6
CONTINUOUS
10
1.9250984251968504
20
1.1466535433070866
11
1.9250984251968504
21
1.1033464566929134
0
LINE
8
BLACK
6
CONTINUOUS
10
1.9250984251968504
20
1.1033464566929134
11
1.9999015748031495
21
1.1033464566929134
0
LINE
8
BLACK
6
CONTINUOUS
10
1.9999015748031495
20
1.1033464566929134
11
1.9999015748031495
21
1.1466535433070866
0
LINE
8
BLACK
6
CONTINUOUS
10
1.9999015748031495
20
1.1466535433070866
11
1.9250984251968504
21
1.1466535433070866
  0
ENDSEC
  0
EOF
